,context,true_labels,preds_70,classes,sample index,model,dataset,dataset_type,RAG
0,"Agri-food processor producing meat, pig (cold dressed carcass weight) in netherlands. cycle description: production of pork meat from pigs.","[1, 0, 0, 0, 0, 0]","[0, 0, 0, 0, 0, 0]","['economic', 'energy', 'none required', 'none', 'mass', 'biophysical']",0,climatebert/distilroberta-base-climate-f,Allocation,original,no rag
6,"Permanent pasture producing beef cattle, heifer in brazil. cycle description: t3. site description: field trial.","[1, 0, 0, 0, 0, 0]","[0, 0, 0, 0, 0, 0]","['economic', 'energy', 'none required', 'none', 'mass', 'biophysical']",6,climatebert/distilroberta-base-climate-f,Allocation,original,no rag
14,Animal housing producing pig in netherlands. cycle description: fattening netherlands organic.,"[0, 0, 1, 0, 0, 0]","[0, 0, 0, 0, 0, 0]","['economic', 'energy', 'none required', 'none', 'mass', 'biophysical']",14,climatebert/distilroberta-base-climate-f,Allocation,original,no rag
22,"Animal housing producing layer chicken, pullet in czech republic. cycle description: chicks are reared until young hens (pullets).","[0, 0, 0, 1, 0, 0]","[0, 0, 0, 0, 0, 0]","['economic', 'energy', 'none required', 'none', 'mass', 'biophysical']",22,climatebert/distilroberta-base-climate-f,Allocation,original,no rag
27,"Permanent pasture producing meat, beef cattle (cold dressed carcass weight) in ireland. cycle description: alternative calf-to-beef system with a high grass utlilisation rate, where heifers are finished at 20 months and males are finished as steers at 24 months, with a moderate stocking density of 2.2 lu/ha.","[0, 0, 1, 0, 0, 0]","[0, 0, 0, 0, 0, 0]","['economic', 'energy', 'none required', 'none', 'mass', 'biophysical']",27,climatebert/distilroberta-base-climate-f,Allocation,original,no rag
32,"Permanent pasture producing meat, beef cattle (liveweight) in ireland. cycle description: average production data from 19 suckler calf-to-beef finishing farms participating in the teagasc/irish farmers journal better farm imrovement programme.","[0, 0, 1, 0, 0, 0]","[1, 0, 0, 0, 0, 0]","['economic', 'energy', 'none required', 'none', 'mass', 'biophysical']",32,climatebert/distilroberta-base-climate-f,Allocation,original,no rag
38,"Animal housing producing eggs, hen, in shell in canada. cycle description: an enriched cage system provides a larger space allowance per bird than conventional cages, as well as access to different furnishings and enrichments within the cage, including perches, nest boxes, scratch areas, etc.","[0, 0, 0, 0, 0, 1]","[0, 0, 0, 0, 0, 0]","['economic', 'energy', 'none required', 'none', 'mass', 'biophysical']",38,climatebert/distilroberta-base-climate-f,Allocation,original,no rag
42,"Animal housing producing eggs, hen, in shell in canada. cycle description: in multi-tier free run systems, hens live either directly on the floor or within an aviary structure, with access to perches, nest and scratch areas, and other enrichments.","[0, 0, 0, 0, 0, 1]","[0, 0, 0, 0, 0, 0]","['economic', 'energy', 'none required', 'none', 'mass', 'biophysical']",42,climatebert/distilroberta-base-climate-f,Allocation,original,no rag
43,"Animal housing producing meat, dairy cattle (liveweight) in brazil. cycle description: aggregate cycle representing data from 4 farms in the central-east mesoregion on parana in 2019, all producing milk under a full confinement system.","[1, 0, 0, 0, 0, 0]","[0, 0, 0, 1, 0, 0]","['economic', 'energy', 'none required', 'none', 'mass', 'biophysical']",43,climatebert/distilroberta-base-climate-f,Allocation,original,no rag
46,"Permanent pasture producing beef cattle, steer in united kingdom. cycle description: early maturing suckler bred bull weanlings breeds of aberdeen angus and hereford sired, kept in housing to begin with and then moved to pasture before being slaughtered at 20 months of age.","[0, 0, 0, 1, 0, 0]","[0, 0, 0, 0, 0, 0]","['economic', 'energy', 'none required', 'none', 'mass', 'biophysical']",46,climatebert/distilroberta-base-climate-f,Allocation,original,no rag
47,Animal housing producing pig in denmark. cycle description: finishers.,"[1, 0, 0, 0, 0, 0]","[0, 0, 1, 0, 0, 0]","['economic', 'energy', 'none required', 'none', 'mass', 'biophysical']",47,climatebert/distilroberta-base-climate-f,Allocation,original,no rag
59,"Animal housing producing pig, piglet in denmark. cycle description: sow herds-2013. site description: they do not provide much information on site.","[0, 0, 0, 1, 0, 0]","[0, 0, 1, 0, 0, 0]","['economic', 'energy', 'none required', 'none', 'mass', 'biophysical']",59,climatebert/distilroberta-base-climate-f,Allocation,original,no rag
60,Animal housing producing broiler chicken in poland. cycle description: farm b - medium. site description: deep straw litter in houses with windows.,"[1, 0, 0, 0, 0, 0]","[0, 0, 0, 0, 0, 0]","['economic', 'energy', 'none required', 'none', 'mass', 'biophysical']",60,climatebert/distilroberta-base-climate-f,Allocation,original,no rag
71,"Permanent pasture producing meat, dairy cattle (liveweight) in brazil. cycle description: aggregate cycle representing data from 4 farms in zona da mata, minas gerais in 2019, all producing milk under a semi-confinement system, where animals spend part of each day on pasture, and the remainder confined.","[1, 0, 0, 0, 0, 0]","[0, 0, 0, 1, 0, 0]","['economic', 'energy', 'none required', 'none', 'mass', 'biophysical']",71,climatebert/distilroberta-base-climate-f,Allocation,original,no rag
76,Agri-food processor producing poultry by in product meal. cycle description: slaughterhouse.,"[1, 0, 0, 0, 0, 0]","[0, 0, 1, 0, 0, 0]","['economic', 'energy', 'none required', 'none', 'mass', 'biophysical']",76,climatebert/distilroberta-base-climate-f,Allocation,original,no rag
79,"Permanent pasture producing cattle, urine (kg mass) in brazil. cycle description: t3. site description: field trial.","[1, 0, 0, 0, 0, 0]","[0, 0, 0, 0, 0, 0]","['economic', 'energy', 'none required', 'none', 'mass', 'biophysical']",79,climatebert/distilroberta-base-climate-f,Allocation,original,no rag
83,"Permanent pasture producing beef cattle, steer in united kingdom. cycle description: late maturing suckler bred bull weanlings of breeds of limousin and charolais sired, kept in housing to begin with and then moved to pasture before being rehoused and then slaughtered at 24 months of age.","[0, 0, 0, 1, 0, 0]","[0, 0, 0, 0, 0, 0]","['economic', 'energy', 'none required', 'none', 'mass', 'biophysical']",83,climatebert/distilroberta-base-climate-f,Allocation,original,no rag
0,"Agri-food processor producing meat, pig (cold dressed carcass weight) in netherlands. cycle description: production of pork meat from pigs.","[1, 0, 0, 0, 0, 0]","[0, 0, 1, 0, 0, 0]","['economic', 'energy', 'none required', 'none', 'mass', 'biophysical']",0,ESGBERT/EnvironmentalBERT-base,Allocation,original,no rag
2,"Animal housing producing beef cattle, heifer and steer in spain. cycle description: average production data across 4 farms with fattening facilities and 2 specialist fattening farms.","[1, 0, 0, 0, 0, 0]","[0, 0, 0, 0, 0, 0]","['economic', 'energy', 'none required', 'none', 'mass', 'biophysical']",2,ESGBERT/EnvironmentalBERT-base,Allocation,original,no rag
20,"Permanent pasture producing beef cattle, heifer in brazil. cycle description: beef, fertilized guinea grass (panicum maximum cv. tanzânia) pasture (scenario 4). site description: cerrado (goiás, mato grosso do sul, mato grosso, tocantins and minas gerais states).","[0, 0, 0, 1, 0, 0]","[0, 0, 0, 0, 0, 0]","['economic', 'energy', 'none required', 'none', 'mass', 'biophysical']",20,ESGBERT/EnvironmentalBERT-base,Allocation,original,no rag
22,"Animal housing producing layer chicken, pullet in czech republic. cycle description: chicks are reared until young hens (pullets).","[0, 0, 0, 1, 0, 0]","[0, 0, 0, 0, 0, 0]","['economic', 'energy', 'none required', 'none', 'mass', 'biophysical']",22,ESGBERT/EnvironmentalBERT-base,Allocation,original,no rag
27,"Permanent pasture producing meat, beef cattle (cold dressed carcass weight) in ireland. cycle description: alternative calf-to-beef system with a high grass utlilisation rate, where heifers are finished at 20 months and males are finished as steers at 24 months, with a moderate stocking density of 2.2 lu/ha.","[0, 0, 1, 0, 0, 0]","[0, 0, 0, 0, 0, 0]","['economic', 'energy', 'none required', 'none', 'mass', 'biophysical']",27,ESGBERT/EnvironmentalBERT-base,Allocation,original,no rag
32,"Permanent pasture producing meat, beef cattle (liveweight) in ireland. cycle description: average production data from 19 suckler calf-to-beef finishing farms participating in the teagasc/irish farmers journal better farm imrovement programme.","[0, 0, 1, 0, 0, 0]","[1, 0, 0, 0, 0, 0]","['economic', 'energy', 'none required', 'none', 'mass', 'biophysical']",32,ESGBERT/EnvironmentalBERT-base,Allocation,original,no rag
38,"Animal housing producing eggs, hen, in shell in canada. cycle description: an enriched cage system provides a larger space allowance per bird than conventional cages, as well as access to different furnishings and enrichments within the cage, including perches, nest boxes, scratch areas, etc.","[0, 0, 0, 0, 0, 1]","[0, 0, 0, 0, 0, 0]","['economic', 'energy', 'none required', 'none', 'mass', 'biophysical']",38,ESGBERT/EnvironmentalBERT-base,Allocation,original,no rag
42,"Animal housing producing eggs, hen, in shell in canada. cycle description: in multi-tier free run systems, hens live either directly on the floor or within an aviary structure, with access to perches, nest and scratch areas, and other enrichments.","[0, 0, 0, 0, 0, 1]","[0, 0, 0, 0, 0, 0]","['economic', 'energy', 'none required', 'none', 'mass', 'biophysical']",42,ESGBERT/EnvironmentalBERT-base,Allocation,original,no rag
43,"Animal housing producing meat, dairy cattle (liveweight) in brazil. cycle description: aggregate cycle representing data from 4 farms in the central-east mesoregion on parana in 2019, all producing milk under a full confinement system.","[1, 0, 0, 0, 0, 0]","[0, 0, 0, 0, 0, 0]","['economic', 'energy', 'none required', 'none', 'mass', 'biophysical']",43,ESGBERT/EnvironmentalBERT-base,Allocation,original,no rag
45,"Permanent pasture producing beef cattle, steer in brazil. cycle description: scenario 4: improved natural grass/sorghum aberdeen angus. site description: farm in the western frontier region of the state of reio grande do sul in the southern part of brazil. for each cycle, we use the stocking density and the number of animals to calculate how ma ny hectares are used for each cycle.","[0, 0, 0, 1, 0, 0]","[0, 0, 0, 0, 0, 0]","['economic', 'energy', 'none required', 'none', 'mass', 'biophysical']",45,ESGBERT/EnvironmentalBERT-base,Allocation,original,no rag
46,"Permanent pasture producing beef cattle, steer in united kingdom. cycle description: early maturing suckler bred bull weanlings breeds of aberdeen angus and hereford sired, kept in housing to begin with and then moved to pasture before being slaughtered at 20 months of age.","[0, 0, 0, 1, 0, 0]","[0, 0, 0, 0, 0, 0]","['economic', 'energy', 'none required', 'none', 'mass', 'biophysical']",46,ESGBERT/EnvironmentalBERT-base,Allocation,original,no rag
47,Animal housing producing pig in denmark. cycle description: finishers.,"[1, 0, 0, 0, 0, 0]","[0, 0, 1, 0, 0, 0]","['economic', 'energy', 'none required', 'none', 'mass', 'biophysical']",47,ESGBERT/EnvironmentalBERT-base,Allocation,original,no rag
49,"Animal housing producing beef cattle, heifer and steer in spain. cycle description: average production data across 4 farms with fattening facilities and 2 specialist fattening farms.","[1, 0, 0, 0, 0, 0]","[0, 0, 0, 0, 0, 0]","['economic', 'energy', 'none required', 'none', 'mass', 'biophysical']",49,ESGBERT/EnvironmentalBERT-base,Allocation,original,no rag
52,"Permanent pasture producing beef cattle, cow in brazil. cycle description: beef, fertilized guinea grass (panicum maximum cv. tanzânia) pasture (scenario 4). site description: cerrado (goiás, mato grosso do sul, mato grosso, tocantins and minas gerais states).","[0, 0, 0, 1, 0, 0]","[0, 0, 0, 0, 0, 0]","['economic', 'energy', 'none required', 'none', 'mass', 'biophysical']",52,ESGBERT/EnvironmentalBERT-base,Allocation,original,no rag
59,"Animal housing producing pig, piglet in denmark. cycle description: sow herds-2013. site description: they do not provide much information on site.","[0, 0, 0, 1, 0, 0]","[0, 0, 1, 0, 0, 0]","['economic', 'energy', 'none required', 'none', 'mass', 'biophysical']",59,ESGBERT/EnvironmentalBERT-base,Allocation,original,no rag
60,Animal housing producing broiler chicken in poland. cycle description: farm b - medium. site description: deep straw litter in houses with windows.,"[1, 0, 0, 0, 0, 0]","[0, 0, 1, 0, 0, 0]","['economic', 'energy', 'none required', 'none', 'mass', 'biophysical']",60,ESGBERT/EnvironmentalBERT-base,Allocation,original,no rag
70,"Permanent pasture producing beef cattle, steer in brazil. cycle description: scenario 3: natural grass/ryegrass aberdeen angus. site description: farm in the western frontier region of the state of reio grande do sul in the southern part of brazil. for each cycle, we use the stocking density and the number of animals to calculate how ma ny hectares are used for each cycle.","[0, 0, 0, 1, 0, 0]","[0, 0, 0, 0, 0, 0]","['economic', 'energy', 'none required', 'none', 'mass', 'biophysical']",70,ESGBERT/EnvironmentalBERT-base,Allocation,original,no rag
71,"Permanent pasture producing meat, dairy cattle (liveweight) in brazil. cycle description: aggregate cycle representing data from 4 farms in zona da mata, minas gerais in 2019, all producing milk under a semi-confinement system, where animals spend part of each day on pasture, and the remainder confined.","[1, 0, 0, 0, 0, 0]","[0, 0, 0, 0, 0, 0]","['economic', 'energy', 'none required', 'none', 'mass', 'biophysical']",71,ESGBERT/EnvironmentalBERT-base,Allocation,original,no rag
76,Agri-food processor producing poultry by in product meal. cycle description: slaughterhouse.,"[1, 0, 0, 0, 0, 0]","[0, 0, 1, 0, 0, 0]","['economic', 'energy', 'none required', 'none', 'mass', 'biophysical']",76,ESGBERT/EnvironmentalBERT-base,Allocation,original,no rag
83,"Permanent pasture producing beef cattle, steer in united kingdom. cycle description: late maturing suckler bred bull weanlings of breeds of limousin and charolais sired, kept in housing to begin with and then moved to pasture before being rehoused and then slaughtered at 24 months of age.","[0, 0, 0, 1, 0, 0]","[0, 0, 0, 0, 0, 0]","['economic', 'energy', 'none required', 'none', 'mass', 'biophysical']",83,ESGBERT/EnvironmentalBERT-base,Allocation,original,no rag
0,"Agri-food processor producing meat, pig (cold dressed carcass weight) in netherlands. cycle description: production of pork meat from pigs.","[1, 0, 0, 0, 0, 0]","[1, 0, 1, 0, 0, 0]","['economic', 'energy', 'none required', 'none', 'mass', 'biophysical']",0,FacebookAI/roberta-large,Allocation,original,no rag
11,"Agri-food processor producing meat, chicken, leg in netherlands. cycle description: slaughter - conventional.","[1, 0, 0, 0, 0, 0]","[1, 0, 1, 0, 0, 0]","['economic', 'energy', 'none required', 'none', 'mass', 'biophysical']",11,FacebookAI/roberta-large,Allocation,original,no rag
22,"Animal housing producing layer chicken, pullet in czech republic. cycle description: chicks are reared until young hens (pullets).","[0, 0, 0, 1, 0, 0]","[1, 0, 0, 0, 0, 0]","['economic', 'energy', 'none required', 'none', 'mass', 'biophysical']",22,FacebookAI/roberta-large,Allocation,original,no rag
27,"Permanent pasture producing meat, beef cattle (cold dressed carcass weight) in ireland. cycle description: alternative calf-to-beef system with a high grass utlilisation rate, where heifers are finished at 20 months and males are finished as steers at 24 months, with a moderate stocking density of 2.2 lu/ha.","[0, 0, 1, 0, 0, 0]","[0, 0, 0, 0, 0, 0]","['economic', 'energy', 'none required', 'none', 'mass', 'biophysical']",27,FacebookAI/roberta-large,Allocation,original,no rag
32,"Permanent pasture producing meat, beef cattle (liveweight) in ireland. cycle description: average production data from 19 suckler calf-to-beef finishing farms participating in the teagasc/irish farmers journal better farm imrovement programme.","[0, 0, 1, 0, 0, 0]","[1, 0, 0, 0, 0, 0]","['economic', 'energy', 'none required', 'none', 'mass', 'biophysical']",32,FacebookAI/roberta-large,Allocation,original,no rag
34,"Agri-food processor producing meat, chicken, wings in netherlands. cycle description: slaughter - conventional.","[1, 0, 0, 0, 0, 0]","[1, 0, 1, 0, 0, 0]","['economic', 'energy', 'none required', 'none', 'mass', 'biophysical']",34,FacebookAI/roberta-large,Allocation,original,no rag
38,"Animal housing producing eggs, hen, in shell in canada. cycle description: an enriched cage system provides a larger space allowance per bird than conventional cages, as well as access to different furnishings and enrichments within the cage, including perches, nest boxes, scratch areas, etc.","[0, 0, 0, 0, 0, 1]","[0, 0, 0, 0, 0, 0]","['economic', 'energy', 'none required', 'none', 'mass', 'biophysical']",38,FacebookAI/roberta-large,Allocation,original,no rag
42,"Animal housing producing eggs, hen, in shell in canada. cycle description: in multi-tier free run systems, hens live either directly on the floor or within an aviary structure, with access to perches, nest and scratch areas, and other enrichments.","[0, 0, 0, 0, 0, 1]","[0, 0, 0, 0, 0, 0]","['economic', 'energy', 'none required', 'none', 'mass', 'biophysical']",42,FacebookAI/roberta-large,Allocation,original,no rag
46,"Permanent pasture producing beef cattle, steer in united kingdom. cycle description: early maturing suckler bred bull weanlings breeds of aberdeen angus and hereford sired, kept in housing to begin with and then moved to pasture before being slaughtered at 20 months of age.","[0, 0, 0, 1, 0, 0]","[0, 0, 0, 0, 0, 0]","['economic', 'energy', 'none required', 'none', 'mass', 'biophysical']",46,FacebookAI/roberta-large,Allocation,original,no rag
47,Animal housing producing pig in denmark. cycle description: finishers.,"[1, 0, 0, 0, 0, 0]","[0, 0, 1, 0, 0, 0]","['economic', 'energy', 'none required', 'none', 'mass', 'biophysical']",47,FacebookAI/roberta-large,Allocation,original,no rag
59,"Animal housing producing pig, piglet in denmark. cycle description: sow herds-2013. site description: they do not provide much information on site.","[0, 0, 0, 1, 0, 0]","[0, 0, 0, 0, 0, 0]","['economic', 'energy', 'none required', 'none', 'mass', 'biophysical']",59,FacebookAI/roberta-large,Allocation,original,no rag
67,"Animal housing producing milk, cow, raw (fpcm) in denmark. cycle description: conventional dairy.","[1, 0, 0, 0, 0, 0]","[0, 0, 0, 0, 0, 0]","['economic', 'energy', 'none required', 'none', 'mass', 'biophysical']",67,FacebookAI/roberta-large,Allocation,original,no rag
71,"Permanent pasture producing meat, dairy cattle (liveweight) in brazil. cycle description: aggregate cycle representing data from 4 farms in zona da mata, minas gerais in 2019, all producing milk under a semi-confinement system, where animals spend part of each day on pasture, and the remainder confined.","[1, 0, 0, 0, 0, 0]","[0, 0, 0, 1, 0, 0]","['economic', 'energy', 'none required', 'none', 'mass', 'biophysical']",71,FacebookAI/roberta-large,Allocation,original,no rag
76,Agri-food processor producing poultry by in product meal. cycle description: slaughterhouse.,"[1, 0, 0, 0, 0, 0]","[0, 0, 1, 0, 0, 0]","['economic', 'energy', 'none required', 'none', 'mass', 'biophysical']",76,FacebookAI/roberta-large,Allocation,original,no rag
83,"Permanent pasture producing beef cattle, steer in united kingdom. cycle description: late maturing suckler bred bull weanlings of breeds of limousin and charolais sired, kept in housing to begin with and then moved to pasture before being rehoused and then slaughtered at 24 months of age.","[0, 0, 0, 1, 0, 0]","[0, 0, 0, 0, 0, 0]","['economic', 'energy', 'none required', 'none', 'mass', 'biophysical']",83,FacebookAI/roberta-large,Allocation,original,no rag
0,"Agri-food processor producing meat, pig (cold dressed carcass weight) in netherlands. cycle description: production of pork meat from pigs.","[1, 0, 0, 0, 0, 0]","[0, 0, 1, 0, 0, 0]","['economic', 'energy', 'none required', 'none', 'mass', 'biophysical']",0,google-bert/bert-base-uncased,Allocation,original,no rag
32,"Permanent pasture producing meat, beef cattle (liveweight) in ireland. cycle description: average production data from 19 suckler calf-to-beef finishing farms participating in the teagasc/irish farmers journal better farm imrovement programme.","[0, 0, 1, 0, 0, 0]","[1, 0, 0, 0, 0, 0]","['economic', 'energy', 'none required', 'none', 'mass', 'biophysical']",32,google-bert/bert-base-uncased,Allocation,original,no rag
47,Animal housing producing pig in denmark. cycle description: finishers.,"[1, 0, 0, 0, 0, 0]","[0, 0, 1, 0, 0, 0]","['economic', 'energy', 'none required', 'none', 'mass', 'biophysical']",47,google-bert/bert-base-uncased,Allocation,original,no rag
84,Animal housing producing broiler chicken in netherlands. cycle description: organic broiler. site description: access to outdoor area. 4m2 per bird. access to daylight.,"[0, 0, 1, 0, 0, 0]","[1, 0, 0, 0, 0, 0]","['economic', 'energy', 'none required', 'none', 'mass', 'biophysical']",84,google-bert/bert-base-uncased,Allocation,original,no rag
32,"Permanent pasture producing meat, beef cattle (liveweight) in ireland. cycle description: average production data from 19 suckler calf-to-beef finishing farms participating in the teagasc/irish farmers journal better farm imrovement programme.","[0, 0, 1, 0, 0, 0]","[1, 0, 0, 0, 0, 0]","['economic', 'energy', 'none required', 'none', 'mass', 'biophysical']",32,microsoft/deberta-v3-base,Allocation,original,no rag
2,"Animal housing producing beef cattle, heifer and steer in spain. cycle description: average production data across 4 farms with fattening facilities and 2 specialist fattening farms.","[1, 0, 0, 0, 0, 0]","[0, 0, 1, 0, 0, 0]","['economic', 'energy', 'none required', 'none', 'mass', 'biophysical']",2,microsoft/deberta-v3-large,Allocation,original,no rag
22,"Animal housing producing layer chicken, pullet in czech republic. cycle description: chicks are reared until young hens (pullets).","[0, 0, 0, 1, 0, 0]","[1, 0, 0, 0, 0, 0]","['economic', 'energy', 'none required', 'none', 'mass', 'biophysical']",22,microsoft/deberta-v3-large,Allocation,original,no rag
32,"Permanent pasture producing meat, beef cattle (liveweight) in ireland. cycle description: average production data from 19 suckler calf-to-beef finishing farms participating in the teagasc/irish farmers journal better farm imrovement programme.","[0, 0, 1, 0, 0, 0]","[1, 0, 0, 0, 0, 0]","['economic', 'energy', 'none required', 'none', 'mass', 'biophysical']",32,microsoft/deberta-v3-large,Allocation,original,no rag
47,Animal housing producing pig in denmark. cycle description: finishers.,"[1, 0, 0, 0, 0, 0]","[0, 0, 1, 0, 0, 0]","['economic', 'energy', 'none required', 'none', 'mass', 'biophysical']",47,microsoft/deberta-v3-large,Allocation,original,no rag
49,"Animal housing producing beef cattle, heifer and steer in spain. cycle description: average production data across 4 farms with fattening facilities and 2 specialist fattening farms.","[1, 0, 0, 0, 0, 0]","[0, 0, 1, 0, 0, 0]","['economic', 'energy', 'none required', 'none', 'mass', 'biophysical']",49,microsoft/deberta-v3-large,Allocation,original,no rag
76,Agri-food processor producing poultry by in product meal. cycle description: slaughterhouse.,"[1, 0, 0, 0, 0, 0]","[0, 0, 1, 0, 0, 0]","['economic', 'energy', 'none required', 'none', 'mass', 'biophysical']",76,microsoft/deberta-v3-large,Allocation,original,no rag
11,"Agri-food processor producing meat, chicken, leg in netherlands. cycle description: slaughter - conventional.","[1, 0, 0, 0, 0, 0]","[0, 0, 0, 0, 0, 0]","['economic', 'energy', 'none required', 'none', 'mass', 'biophysical']",11,microsoft/deberta-v3-small,Allocation,original,no rag
13,"Animal housing producing eggs, hen, in shell (number) in thailand. cycle description: cb8-parent farm 5. site description: 12 big corporations that account for more than 90% of the country’s total capacity.","[0, 0, 1, 0, 0, 0]","[0, 0, 0, 0, 0, 0]","['economic', 'energy', 'none required', 'none', 'mass', 'biophysical']",13,microsoft/deberta-v3-small,Allocation,original,no rag
14,Animal housing producing pig in netherlands. cycle description: fattening netherlands organic.,"[0, 0, 1, 0, 0, 0]","[1, 0, 0, 0, 0, 0]","['economic', 'energy', 'none required', 'none', 'mass', 'biophysical']",14,microsoft/deberta-v3-small,Allocation,original,no rag
18,Animal housing producing pig in denmark. cycle description: fattening herds-2011. site description: they do not provide much information on site.,"[0, 0, 1, 0, 0, 0]","[0, 0, 0, 0, 0, 0]","['economic', 'energy', 'none required', 'none', 'mass', 'biophysical']",18,microsoft/deberta-v3-small,Allocation,original,no rag
19,"Agri-food processor producing meat, pig (cold dressed carcass weight) in denmark. cycle description: slaughter-2014. site description: slaughterhouse.","[0, 0, 1, 0, 0, 0]","[0, 0, 0, 0, 0, 0]","['economic', 'energy', 'none required', 'none', 'mass', 'biophysical']",19,microsoft/deberta-v3-small,Allocation,original,no rag
20,"Permanent pasture producing beef cattle, heifer in brazil. cycle description: beef, fertilized guinea grass (panicum maximum cv. tanzânia) pasture (scenario 4). site description: cerrado (goiás, mato grosso do sul, mato grosso, tocantins and minas gerais states).","[0, 0, 0, 1, 0, 0]","[0, 0, 0, 0, 0, 0]","['economic', 'energy', 'none required', 'none', 'mass', 'biophysical']",20,microsoft/deberta-v3-small,Allocation,original,no rag
22,"Animal housing producing layer chicken, pullet in czech republic. cycle description: chicks are reared until young hens (pullets).","[0, 0, 0, 1, 0, 0]","[0, 0, 0, 0, 0, 0]","['economic', 'energy', 'none required', 'none', 'mass', 'biophysical']",22,microsoft/deberta-v3-small,Allocation,original,no rag
27,"Permanent pasture producing meat, beef cattle (cold dressed carcass weight) in ireland. cycle description: alternative calf-to-beef system with a high grass utlilisation rate, where heifers are finished at 20 months and males are finished as steers at 24 months, with a moderate stocking density of 2.2 lu/ha.","[0, 0, 1, 0, 0, 0]","[0, 0, 0, 0, 0, 0]","['economic', 'energy', 'none required', 'none', 'mass', 'biophysical']",27,microsoft/deberta-v3-small,Allocation,original,no rag
32,"Permanent pasture producing meat, beef cattle (liveweight) in ireland. cycle description: average production data from 19 suckler calf-to-beef finishing farms participating in the teagasc/irish farmers journal better farm imrovement programme.","[0, 0, 1, 0, 0, 0]","[1, 0, 0, 0, 0, 0]","['economic', 'energy', 'none required', 'none', 'mass', 'biophysical']",32,microsoft/deberta-v3-small,Allocation,original,no rag
38,"Animal housing producing eggs, hen, in shell in canada. cycle description: an enriched cage system provides a larger space allowance per bird than conventional cages, as well as access to different furnishings and enrichments within the cage, including perches, nest boxes, scratch areas, etc.","[0, 0, 0, 0, 0, 1]","[0, 0, 0, 0, 0, 0]","['economic', 'energy', 'none required', 'none', 'mass', 'biophysical']",38,microsoft/deberta-v3-small,Allocation,original,no rag
42,"Animal housing producing eggs, hen, in shell in canada. cycle description: in multi-tier free run systems, hens live either directly on the floor or within an aviary structure, with access to perches, nest and scratch areas, and other enrichments.","[0, 0, 0, 0, 0, 1]","[0, 0, 0, 0, 0, 0]","['economic', 'energy', 'none required', 'none', 'mass', 'biophysical']",42,microsoft/deberta-v3-small,Allocation,original,no rag
45,"Permanent pasture producing beef cattle, steer in brazil. cycle description: scenario 4: improved natural grass/sorghum aberdeen angus. site description: farm in the western frontier region of the state of reio grande do sul in the southern part of brazil. for each cycle, we use the stocking density and the number of animals to calculate how ma ny hectares are used for each cycle.","[0, 0, 0, 1, 0, 0]","[0, 0, 0, 0, 0, 0]","['economic', 'energy', 'none required', 'none', 'mass', 'biophysical']",45,microsoft/deberta-v3-small,Allocation,original,no rag
46,"Permanent pasture producing beef cattle, steer in united kingdom. cycle description: early maturing suckler bred bull weanlings breeds of aberdeen angus and hereford sired, kept in housing to begin with and then moved to pasture before being slaughtered at 20 months of age.","[0, 0, 0, 1, 0, 0]","[1, 0, 0, 0, 0, 0]","['economic', 'energy', 'none required', 'none', 'mass', 'biophysical']",46,microsoft/deberta-v3-small,Allocation,original,no rag
47,Animal housing producing pig in denmark. cycle description: finishers.,"[1, 0, 0, 0, 0, 0]","[0, 0, 0, 0, 0, 0]","['economic', 'energy', 'none required', 'none', 'mass', 'biophysical']",47,microsoft/deberta-v3-small,Allocation,original,no rag
52,"Permanent pasture producing beef cattle, cow in brazil. cycle description: beef, fertilized guinea grass (panicum maximum cv. tanzânia) pasture (scenario 4). site description: cerrado (goiás, mato grosso do sul, mato grosso, tocantins and minas gerais states).","[0, 0, 0, 1, 0, 0]","[0, 0, 0, 0, 0, 0]","['economic', 'energy', 'none required', 'none', 'mass', 'biophysical']",52,microsoft/deberta-v3-small,Allocation,original,no rag
57,Animal housing producing pig in germany. cycle description: fattening.,"[0, 0, 1, 0, 0, 0]","[0, 0, 0, 0, 0, 0]","['economic', 'energy', 'none required', 'none', 'mass', 'biophysical']",57,microsoft/deberta-v3-small,Allocation,original,no rag
59,"Animal housing producing pig, piglet in denmark. cycle description: sow herds-2013. site description: they do not provide much information on site.","[0, 0, 0, 1, 0, 0]","[0, 0, 0, 0, 0, 0]","['economic', 'energy', 'none required', 'none', 'mass', 'biophysical']",59,microsoft/deberta-v3-small,Allocation,original,no rag
60,Animal housing producing broiler chicken in poland. cycle description: farm b - medium. site description: deep straw litter in houses with windows.,"[1, 0, 0, 0, 0, 0]","[0, 0, 0, 0, 0, 0]","['economic', 'energy', 'none required', 'none', 'mass', 'biophysical']",60,microsoft/deberta-v3-small,Allocation,original,no rag
67,"Animal housing producing milk, cow, raw (fpcm) in denmark. cycle description: conventional dairy.","[1, 0, 0, 0, 0, 0]","[0, 0, 0, 0, 0, 0]","['economic', 'energy', 'none required', 'none', 'mass', 'biophysical']",67,microsoft/deberta-v3-small,Allocation,original,no rag
70,"Permanent pasture producing beef cattle, steer in brazil. cycle description: scenario 3: natural grass/ryegrass aberdeen angus. site description: farm in the western frontier region of the state of reio grande do sul in the southern part of brazil. for each cycle, we use the stocking density and the number of animals to calculate how ma ny hectares are used for each cycle.","[0, 0, 0, 1, 0, 0]","[0, 0, 0, 0, 0, 0]","['economic', 'energy', 'none required', 'none', 'mass', 'biophysical']",70,microsoft/deberta-v3-small,Allocation,original,no rag
71,"Permanent pasture producing meat, dairy cattle (liveweight) in brazil. cycle description: aggregate cycle representing data from 4 farms in zona da mata, minas gerais in 2019, all producing milk under a semi-confinement system, where animals spend part of each day on pasture, and the remainder confined.","[1, 0, 0, 0, 0, 0]","[0, 0, 0, 0, 0, 0]","['economic', 'energy', 'none required', 'none', 'mass', 'biophysical']",71,microsoft/deberta-v3-small,Allocation,original,no rag
76,Agri-food processor producing poultry by in product meal. cycle description: slaughterhouse.,"[1, 0, 0, 0, 0, 0]","[0, 0, 0, 0, 0, 0]","['economic', 'energy', 'none required', 'none', 'mass', 'biophysical']",76,microsoft/deberta-v3-small,Allocation,original,no rag
83,"Permanent pasture producing beef cattle, steer in united kingdom. cycle description: late maturing suckler bred bull weanlings of breeds of limousin and charolais sired, kept in housing to begin with and then moved to pasture before being rehoused and then slaughtered at 24 months of age.","[0, 0, 0, 1, 0, 0]","[1, 0, 0, 0, 0, 0]","['economic', 'energy', 'none required', 'none', 'mass', 'biophysical']",83,microsoft/deberta-v3-small,Allocation,original,no rag
84,Animal housing producing broiler chicken in netherlands. cycle description: organic broiler. site description: access to outdoor area. 4m2 per bird. access to daylight.,"[0, 0, 1, 0, 0, 0]","[0, 0, 0, 0, 0, 0]","['economic', 'energy', 'none required', 'none', 'mass', 'biophysical']",84,microsoft/deberta-v3-small,Allocation,original,no rag
76,Agri-food processor producing poultry by in product meal. cycle description: slaughterhouse.,"[1, 0, 0, 0, 0, 0, 0, 1, 0]","[1, 0, 0, 0, 0, 0, 0, 0, 0]","['relative', 'kg FPCM', '1 ha', 'number', 'kg liveweight', 'kg ready-to-cook weight', 'kg cold dressed carcass weight', 'kg', 'kg cold carcass weight']",76,climatebert/distilroberta-base-climate-f,Functional Unit,original,no rag
76,Agri-food processor producing poultry by in product meal. cycle description: slaughterhouse.,"[1, 0, 0, 0, 0, 0, 0, 1, 0]","[1, 0, 0, 0, 0, 0, 0, 0, 0]","['relative', 'kg FPCM', '1 ha', 'number', 'kg liveweight', 'kg ready-to-cook weight', 'kg cold dressed carcass weight', 'kg', 'kg cold carcass weight']",76,ESGBERT/EnvironmentalBERT-base,Functional Unit,original,no rag
76,Agri-food processor producing poultry by in product meal. cycle description: slaughterhouse.,"[1, 0, 0, 0, 0, 0, 0, 1, 0]","[1, 0, 0, 0, 0, 0, 0, 0, 0]","['relative', 'kg FPCM', '1 ha', 'number', 'kg liveweight', 'kg ready-to-cook weight', 'kg cold dressed carcass weight', 'kg', 'kg cold carcass weight']",76,FacebookAI/roberta-large,Functional Unit,original,no rag
76,Agri-food processor producing poultry by in product meal. cycle description: slaughterhouse.,"[1, 0, 0, 0, 0, 0, 0, 1, 0]","[1, 0, 0, 0, 0, 1, 0, 0, 0]","['relative', 'kg FPCM', '1 ha', 'number', 'kg liveweight', 'kg ready-to-cook weight', 'kg cold dressed carcass weight', 'kg', 'kg cold carcass weight']",76,google-bert/bert-base-uncased,Functional Unit,original,no rag
76,Agri-food processor producing poultry by in product meal. cycle description: slaughterhouse.,"[1, 0, 0, 0, 0, 0, 0, 1, 0]","[1, 0, 0, 0, 0, 0, 0, 0, 0]","['relative', 'kg FPCM', '1 ha', 'number', 'kg liveweight', 'kg ready-to-cook weight', 'kg cold dressed carcass weight', 'kg', 'kg cold carcass weight']",76,microsoft/deberta-v3-base,Functional Unit,original,no rag
0,"Agri-food processor producing meat, pig (cold dressed carcass weight) in netherlands. cycle description: production of pork meat from pigs.","[1, 0, 0, 0, 0, 0, 1, 0, 0]","[1, 0, 0, 0, 0, 0, 0, 0, 0]","['relative', 'kg FPCM', '1 ha', 'number', 'kg liveweight', 'kg ready-to-cook weight', 'kg cold dressed carcass weight', 'kg', 'kg cold carcass weight']",0,microsoft/deberta-v3-large,Functional Unit,original,no rag
11,"Agri-food processor producing meat, chicken, leg in netherlands. cycle description: slaughter - conventional.","[1, 0, 0, 0, 0, 1, 0, 0, 0]","[1, 0, 0, 0, 0, 0, 0, 0, 0]","['relative', 'kg FPCM', '1 ha', 'number', 'kg liveweight', 'kg ready-to-cook weight', 'kg cold dressed carcass weight', 'kg', 'kg cold carcass weight']",11,microsoft/deberta-v3-large,Functional Unit,original,no rag
19,"Agri-food processor producing meat, pig (cold dressed carcass weight) in denmark. cycle description: slaughter-2014. site description: slaughterhouse.","[1, 0, 0, 0, 0, 0, 1, 0, 0]","[1, 0, 0, 0, 0, 0, 0, 0, 0]","['relative', 'kg FPCM', '1 ha', 'number', 'kg liveweight', 'kg ready-to-cook weight', 'kg cold dressed carcass weight', 'kg', 'kg cold carcass weight']",19,microsoft/deberta-v3-large,Functional Unit,original,no rag
24,"Agri-food processor producing meat, chicken, leg in netherlands. cycle description: slaughter - bls.","[1, 0, 0, 0, 0, 1, 0, 0, 0]","[1, 0, 0, 0, 0, 0, 0, 0, 0]","['relative', 'kg FPCM', '1 ha', 'number', 'kg liveweight', 'kg ready-to-cook weight', 'kg cold dressed carcass weight', 'kg', 'kg cold carcass weight']",24,microsoft/deberta-v3-large,Functional Unit,original,no rag
27,"Permanent pasture producing meat, beef cattle (cold dressed carcass weight) in ireland. cycle description: alternative calf-to-beef system with a high grass utlilisation rate, where heifers are finished at 20 months and males are finished as steers at 24 months, with a moderate stocking density of 2.2 lu/ha.","[1, 0, 0, 0, 0, 0, 1, 0, 0]","[1, 0, 0, 0, 1, 0, 0, 0, 0]","['relative', 'kg FPCM', '1 ha', 'number', 'kg liveweight', 'kg ready-to-cook weight', 'kg cold dressed carcass weight', 'kg', 'kg cold carcass weight']",27,microsoft/deberta-v3-large,Functional Unit,original,no rag
34,"Agri-food processor producing meat, chicken, wings in netherlands. cycle description: slaughter - conventional.","[1, 0, 0, 0, 0, 1, 0, 0, 0]","[1, 0, 0, 0, 0, 0, 0, 0, 0]","['relative', 'kg FPCM', '1 ha', 'number', 'kg liveweight', 'kg ready-to-cook weight', 'kg cold dressed carcass weight', 'kg', 'kg cold carcass weight']",34,microsoft/deberta-v3-large,Functional Unit,original,no rag
76,Agri-food processor producing poultry by in product meal. cycle description: slaughterhouse.,"[1, 0, 0, 0, 0, 0, 0, 1, 0]","[1, 0, 0, 0, 0, 0, 0, 0, 0]","['relative', 'kg FPCM', '1 ha', 'number', 'kg liveweight', 'kg ready-to-cook weight', 'kg cold dressed carcass weight', 'kg', 'kg cold carcass weight']",76,microsoft/deberta-v3-large,Functional Unit,original,no rag
76,Agri-food processor producing poultry by in product meal. cycle description: slaughterhouse.,"[1, 0, 0, 0, 0, 0, 0, 1, 0]","[1, 0, 0, 0, 0, 1, 0, 0, 0]","['relative', 'kg FPCM', '1 ha', 'number', 'kg liveweight', 'kg ready-to-cook weight', 'kg cold dressed carcass weight', 'kg', 'kg cold carcass weight']",76,microsoft/deberta-v3-small,Functional Unit,original,no rag
76,Agri-food processor producing poultry by in product meal. cycle description: slaughterhouse.,"[0, 0, 0, 0, 0, 0, 0, 0, 0, 0, 0, 0, 0, 0, 0, 0, 0, 0, 0, 0, 0, 0, 0, 0, 0, 0, 0, 0, 0, 0, 0, 0, 0, 0, 0, 0, 0, 0, 0, 0, 0, 0, 0, 0, 0, 0, 0, 0, 0, 0, 0, 0, 0, 0, 1, 0, 0, 0, 0, 0, 0, 0]","[0, 0, 0, 0, 0, 0, 0, 0, 0, 0, 0, 0, 0, 0, 0, 0, 0, 0, 0, 0, 0, 0, 0, 0, 0, 0, 0, 0, 0, 0, 0, 0, 0, 0, 0, 0, 0, 0, 0, 0, 0, 0, 0, 0, 0, 0, 0, 0, 0, 0, 0, 0, 0, 0, 0, 1, 0, 0, 0, 0, 0, 0]","['Meat, beef cattle (cold carcass weight)', 'Dairy cattle, heifer', 'Meat, pig (cold dressed carcass weight)', 'Meat, chicken, breast', 'Milk, cow, raw (FPCM)', 'Broiler chicken', 'Beef cattle', 'Hides', 'Sheep, ewe', 'Beef cattle, heifer', 'Beef cattle, calf (female, weaned)', 'Dairy cattle, calf (weaned)', 'Cattle', 'Wool, sheep (greasy)', 'Meat, dairy cattle (liveweight)', 'Beef cattle, steer', 'Meat, sheep (liveweight)', 'Beef cattle, heifer and steer', 'Dairy cattle, cow', 'Cattle, urine (kg mass)', 'Meat, pig (cold carcass weight)', 'Offal', 'Dairy cattle', 'Layer chicken, hen', 'Sheep, lamb (male, unweaned)', 'Meat, chicken, wings', 'Wool', 'Eggs, hen, in shell (number)', 'Pig', 'Broiler chicken, hen', 'Dairy cattle, calf (male, unweaned)', 'Meat, dairy cattle (cold carcass weight)', 'Dairy cattle, calf', 'Beef cattle, calf (male, weaned)', 'Meat, beef cattle (cold dressed carcass weight)', 'Eggs, hen, in shell', 'Broiler chicken, chick', 'Meat, chicken (liveweight)', 'Pig, piglet', 'Layer chicken, pullet', 'Sheep, lamb (female, unweaned)', 'Milk', 'Beef cattle, bull', 'Eggs', 'Sheep, lamb', 'Dairy cattle, calf (female, weaned)', 'Sheep, ram', 'Sheep, lamb (weaned)', 'Beef cattle, calf (weaned)', 'Meat, chicken, leg', 'Sheep', 'Layer chicken', 'Beef cattle, cow', 'Offal, pigs', 'Poultry by-product meal', 'Meat', 'Milk, cow, raw', 'Hides, dairy cattle, fresh', 'Pig, sow', 'Meat, beef cattle (liveweight)', 'Meat, chicken (cold carcass weight)', 'Meat, sheep (cold carcass weight)']",76,climatebert/distilroberta-base-climate-f,Product,original,no rag
76,Agri-food processor producing poultry by in product meal. cycle description: slaughterhouse.,"[0, 0, 0, 0, 0, 0, 0, 0, 0, 0, 0, 0, 0, 0, 0, 0, 0, 0, 0, 0, 0, 0, 0, 0, 0, 0, 0, 0, 0, 0, 0, 0, 0, 0, 0, 0, 0, 0, 0, 0, 0, 0, 0, 0, 0, 0, 0, 0, 0, 0, 0, 0, 0, 0, 1, 0, 0, 0, 0, 0, 0, 0]","[0, 0, 0, 0, 0, 0, 0, 0, 0, 0, 0, 0, 0, 0, 0, 0, 0, 0, 0, 0, 0, 0, 0, 0, 0, 0, 0, 0, 0, 0, 0, 0, 0, 0, 0, 0, 0, 0, 0, 0, 0, 0, 0, 0, 0, 0, 0, 0, 0, 0, 0, 0, 0, 0, 0, 1, 0, 0, 0, 0, 0, 0]","['Meat, beef cattle (cold carcass weight)', 'Dairy cattle, heifer', 'Meat, pig (cold dressed carcass weight)', 'Meat, chicken, breast', 'Milk, cow, raw (FPCM)', 'Broiler chicken', 'Beef cattle', 'Hides', 'Sheep, ewe', 'Beef cattle, heifer', 'Beef cattle, calf (female, weaned)', 'Dairy cattle, calf (weaned)', 'Cattle', 'Wool, sheep (greasy)', 'Meat, dairy cattle (liveweight)', 'Beef cattle, steer', 'Meat, sheep (liveweight)', 'Beef cattle, heifer and steer', 'Dairy cattle, cow', 'Cattle, urine (kg mass)', 'Meat, pig (cold carcass weight)', 'Offal', 'Dairy cattle', 'Layer chicken, hen', 'Sheep, lamb (male, unweaned)', 'Meat, chicken, wings', 'Wool', 'Eggs, hen, in shell (number)', 'Pig', 'Broiler chicken, hen', 'Dairy cattle, calf (male, unweaned)', 'Meat, dairy cattle (cold carcass weight)', 'Dairy cattle, calf', 'Beef cattle, calf (male, weaned)', 'Meat, beef cattle (cold dressed carcass weight)', 'Eggs, hen, in shell', 'Broiler chicken, chick', 'Meat, chicken (liveweight)', 'Pig, piglet', 'Layer chicken, pullet', 'Sheep, lamb (female, unweaned)', 'Milk', 'Beef cattle, bull', 'Eggs', 'Sheep, lamb', 'Dairy cattle, calf (female, weaned)', 'Sheep, ram', 'Sheep, lamb (weaned)', 'Beef cattle, calf (weaned)', 'Meat, chicken, leg', 'Sheep', 'Layer chicken', 'Beef cattle, cow', 'Offal, pigs', 'Poultry by-product meal', 'Meat', 'Milk, cow, raw', 'Hides, dairy cattle, fresh', 'Pig, sow', 'Meat, beef cattle (liveweight)', 'Meat, chicken (cold carcass weight)', 'Meat, sheep (cold carcass weight)']",76,ESGBERT/EnvironmentalBERT-base,Product,original,no rag
76,Agri-food processor producing poultry by in product meal. cycle description: slaughterhouse.,"[0, 0, 0, 0, 0, 0, 0, 0, 0, 0, 0, 0, 0, 0, 0, 0, 0, 0, 0, 0, 0, 0, 0, 0, 0, 0, 0, 0, 0, 0, 0, 0, 0, 0, 0, 0, 0, 0, 0, 0, 0, 0, 0, 0, 0, 0, 0, 0, 0, 0, 0, 0, 0, 0, 1, 0, 0, 0, 0, 0, 0, 0]","[0, 0, 0, 0, 0, 0, 0, 0, 0, 0, 0, 0, 0, 0, 0, 0, 0, 0, 0, 0, 0, 0, 0, 0, 0, 0, 0, 0, 0, 0, 0, 0, 0, 0, 0, 0, 0, 0, 0, 0, 0, 0, 0, 0, 0, 0, 0, 0, 0, 0, 0, 0, 0, 0, 0, 1, 0, 0, 0, 0, 0, 0]","['Meat, beef cattle (cold carcass weight)', 'Dairy cattle, heifer', 'Meat, pig (cold dressed carcass weight)', 'Meat, chicken, breast', 'Milk, cow, raw (FPCM)', 'Broiler chicken', 'Beef cattle', 'Hides', 'Sheep, ewe', 'Beef cattle, heifer', 'Beef cattle, calf (female, weaned)', 'Dairy cattle, calf (weaned)', 'Cattle', 'Wool, sheep (greasy)', 'Meat, dairy cattle (liveweight)', 'Beef cattle, steer', 'Meat, sheep (liveweight)', 'Beef cattle, heifer and steer', 'Dairy cattle, cow', 'Cattle, urine (kg mass)', 'Meat, pig (cold carcass weight)', 'Offal', 'Dairy cattle', 'Layer chicken, hen', 'Sheep, lamb (male, unweaned)', 'Meat, chicken, wings', 'Wool', 'Eggs, hen, in shell (number)', 'Pig', 'Broiler chicken, hen', 'Dairy cattle, calf (male, unweaned)', 'Meat, dairy cattle (cold carcass weight)', 'Dairy cattle, calf', 'Beef cattle, calf (male, weaned)', 'Meat, beef cattle (cold dressed carcass weight)', 'Eggs, hen, in shell', 'Broiler chicken, chick', 'Meat, chicken (liveweight)', 'Pig, piglet', 'Layer chicken, pullet', 'Sheep, lamb (female, unweaned)', 'Milk', 'Beef cattle, bull', 'Eggs', 'Sheep, lamb', 'Dairy cattle, calf (female, weaned)', 'Sheep, ram', 'Sheep, lamb (weaned)', 'Beef cattle, calf (weaned)', 'Meat, chicken, leg', 'Sheep', 'Layer chicken', 'Beef cattle, cow', 'Offal, pigs', 'Poultry by-product meal', 'Meat', 'Milk, cow, raw', 'Hides, dairy cattle, fresh', 'Pig, sow', 'Meat, beef cattle (liveweight)', 'Meat, chicken (cold carcass weight)', 'Meat, sheep (cold carcass weight)']",76,FacebookAI/roberta-large,Product,original,no rag
76,Agri-food processor producing poultry by in product meal. cycle description: slaughterhouse.,"[0, 0, 0, 0, 0, 0, 0, 0, 0, 0, 0, 0, 0, 0, 0, 0, 0, 0, 0, 0, 0, 0, 0, 0, 0, 0, 0, 0, 0, 0, 0, 0, 0, 0, 0, 0, 0, 0, 0, 0, 0, 0, 0, 0, 0, 0, 0, 0, 0, 0, 0, 0, 0, 0, 1, 0, 0, 0, 0, 0, 0, 0]","[0, 0, 0, 0, 0, 0, 0, 0, 0, 0, 0, 0, 0, 0, 0, 0, 0, 0, 0, 0, 0, 0, 0, 0, 0, 0, 0, 0, 0, 0, 0, 0, 0, 0, 0, 0, 0, 0, 0, 0, 0, 0, 0, 0, 0, 0, 0, 0, 0, 0, 0, 0, 0, 0, 0, 1, 0, 0, 0, 0, 0, 0]","['Meat, beef cattle (cold carcass weight)', 'Dairy cattle, heifer', 'Meat, pig (cold dressed carcass weight)', 'Meat, chicken, breast', 'Milk, cow, raw (FPCM)', 'Broiler chicken', 'Beef cattle', 'Hides', 'Sheep, ewe', 'Beef cattle, heifer', 'Beef cattle, calf (female, weaned)', 'Dairy cattle, calf (weaned)', 'Cattle', 'Wool, sheep (greasy)', 'Meat, dairy cattle (liveweight)', 'Beef cattle, steer', 'Meat, sheep (liveweight)', 'Beef cattle, heifer and steer', 'Dairy cattle, cow', 'Cattle, urine (kg mass)', 'Meat, pig (cold carcass weight)', 'Offal', 'Dairy cattle', 'Layer chicken, hen', 'Sheep, lamb (male, unweaned)', 'Meat, chicken, wings', 'Wool', 'Eggs, hen, in shell (number)', 'Pig', 'Broiler chicken, hen', 'Dairy cattle, calf (male, unweaned)', 'Meat, dairy cattle (cold carcass weight)', 'Dairy cattle, calf', 'Beef cattle, calf (male, weaned)', 'Meat, beef cattle (cold dressed carcass weight)', 'Eggs, hen, in shell', 'Broiler chicken, chick', 'Meat, chicken (liveweight)', 'Pig, piglet', 'Layer chicken, pullet', 'Sheep, lamb (female, unweaned)', 'Milk', 'Beef cattle, bull', 'Eggs', 'Sheep, lamb', 'Dairy cattle, calf (female, weaned)', 'Sheep, ram', 'Sheep, lamb (weaned)', 'Beef cattle, calf (weaned)', 'Meat, chicken, leg', 'Sheep', 'Layer chicken', 'Beef cattle, cow', 'Offal, pigs', 'Poultry by-product meal', 'Meat', 'Milk, cow, raw', 'Hides, dairy cattle, fresh', 'Pig, sow', 'Meat, beef cattle (liveweight)', 'Meat, chicken (cold carcass weight)', 'Meat, sheep (cold carcass weight)']",76,google-bert/bert-base-uncased,Product,original,no rag
11,"Agri-food processor producing meat, chicken, leg in netherlands. cycle description: slaughter - conventional.","[0, 0, 0, 0, 0, 0, 0, 0, 0, 0, 0, 0, 0, 0, 0, 0, 0, 0, 0, 0, 0, 0, 0, 0, 0, 0, 0, 0, 0, 0, 0, 0, 0, 0, 0, 0, 0, 0, 0, 0, 0, 0, 0, 0, 0, 0, 0, 0, 0, 1, 0, 0, 0, 0, 0, 1, 0, 0, 0, 0, 0, 0]","[0, 0, 0, 0, 0, 0, 0, 0, 0, 0, 0, 0, 0, 0, 0, 0, 0, 0, 0, 0, 0, 0, 0, 0, 0, 0, 0, 0, 0, 0, 0, 0, 0, 0, 0, 0, 0, 0, 0, 0, 0, 0, 0, 0, 0, 0, 0, 0, 0, 0, 0, 0, 0, 0, 0, 1, 0, 0, 0, 0, 0, 0]","['Meat, beef cattle (cold carcass weight)', 'Dairy cattle, heifer', 'Meat, pig (cold dressed carcass weight)', 'Meat, chicken, breast', 'Milk, cow, raw (FPCM)', 'Broiler chicken', 'Beef cattle', 'Hides', 'Sheep, ewe', 'Beef cattle, heifer', 'Beef cattle, calf (female, weaned)', 'Dairy cattle, calf (weaned)', 'Cattle', 'Wool, sheep (greasy)', 'Meat, dairy cattle (liveweight)', 'Beef cattle, steer', 'Meat, sheep (liveweight)', 'Beef cattle, heifer and steer', 'Dairy cattle, cow', 'Cattle, urine (kg mass)', 'Meat, pig (cold carcass weight)', 'Offal', 'Dairy cattle', 'Layer chicken, hen', 'Sheep, lamb (male, unweaned)', 'Meat, chicken, wings', 'Wool', 'Eggs, hen, in shell (number)', 'Pig', 'Broiler chicken, hen', 'Dairy cattle, calf (male, unweaned)', 'Meat, dairy cattle (cold carcass weight)', 'Dairy cattle, calf', 'Beef cattle, calf (male, weaned)', 'Meat, beef cattle (cold dressed carcass weight)', 'Eggs, hen, in shell', 'Broiler chicken, chick', 'Meat, chicken (liveweight)', 'Pig, piglet', 'Layer chicken, pullet', 'Sheep, lamb (female, unweaned)', 'Milk', 'Beef cattle, bull', 'Eggs', 'Sheep, lamb', 'Dairy cattle, calf (female, weaned)', 'Sheep, ram', 'Sheep, lamb (weaned)', 'Beef cattle, calf (weaned)', 'Meat, chicken, leg', 'Sheep', 'Layer chicken', 'Beef cattle, cow', 'Offal, pigs', 'Poultry by-product meal', 'Meat', 'Milk, cow, raw', 'Hides, dairy cattle, fresh', 'Pig, sow', 'Meat, beef cattle (liveweight)', 'Meat, chicken (cold carcass weight)', 'Meat, sheep (cold carcass weight)']",11,microsoft/deberta-v3-base,Product,original,no rag
24,"Agri-food processor producing meat, chicken, leg in netherlands. cycle description: slaughter - bls.","[0, 0, 0, 0, 0, 0, 0, 0, 0, 0, 0, 0, 0, 0, 0, 0, 0, 0, 0, 0, 0, 0, 0, 0, 0, 0, 0, 0, 0, 0, 0, 0, 0, 0, 0, 0, 0, 0, 0, 0, 0, 0, 0, 0, 0, 0, 0, 0, 0, 1, 0, 0, 0, 0, 0, 1, 0, 0, 0, 0, 0, 0]","[0, 0, 0, 0, 0, 0, 0, 0, 0, 0, 0, 0, 0, 0, 0, 0, 0, 0, 0, 0, 0, 0, 0, 0, 0, 0, 0, 0, 0, 0, 0, 0, 0, 0, 0, 0, 0, 0, 0, 0, 0, 0, 0, 0, 0, 0, 0, 0, 0, 0, 0, 0, 0, 0, 0, 1, 0, 0, 0, 0, 0, 0]","['Meat, beef cattle (cold carcass weight)', 'Dairy cattle, heifer', 'Meat, pig (cold dressed carcass weight)', 'Meat, chicken, breast', 'Milk, cow, raw (FPCM)', 'Broiler chicken', 'Beef cattle', 'Hides', 'Sheep, ewe', 'Beef cattle, heifer', 'Beef cattle, calf (female, weaned)', 'Dairy cattle, calf (weaned)', 'Cattle', 'Wool, sheep (greasy)', 'Meat, dairy cattle (liveweight)', 'Beef cattle, steer', 'Meat, sheep (liveweight)', 'Beef cattle, heifer and steer', 'Dairy cattle, cow', 'Cattle, urine (kg mass)', 'Meat, pig (cold carcass weight)', 'Offal', 'Dairy cattle', 'Layer chicken, hen', 'Sheep, lamb (male, unweaned)', 'Meat, chicken, wings', 'Wool', 'Eggs, hen, in shell (number)', 'Pig', 'Broiler chicken, hen', 'Dairy cattle, calf (male, unweaned)', 'Meat, dairy cattle (cold carcass weight)', 'Dairy cattle, calf', 'Beef cattle, calf (male, weaned)', 'Meat, beef cattle (cold dressed carcass weight)', 'Eggs, hen, in shell', 'Broiler chicken, chick', 'Meat, chicken (liveweight)', 'Pig, piglet', 'Layer chicken, pullet', 'Sheep, lamb (female, unweaned)', 'Milk', 'Beef cattle, bull', 'Eggs', 'Sheep, lamb', 'Dairy cattle, calf (female, weaned)', 'Sheep, ram', 'Sheep, lamb (weaned)', 'Beef cattle, calf (weaned)', 'Meat, chicken, leg', 'Sheep', 'Layer chicken', 'Beef cattle, cow', 'Offal, pigs', 'Poultry by-product meal', 'Meat', 'Milk, cow, raw', 'Hides, dairy cattle, fresh', 'Pig, sow', 'Meat, beef cattle (liveweight)', 'Meat, chicken (cold carcass weight)', 'Meat, sheep (cold carcass weight)']",24,microsoft/deberta-v3-base,Product,original,no rag
76,Agri-food processor producing poultry by in product meal. cycle description: slaughterhouse.,"[0, 0, 0, 0, 0, 0, 0, 0, 0, 0, 0, 0, 0, 0, 0, 0, 0, 0, 0, 0, 0, 0, 0, 0, 0, 0, 0, 0, 0, 0, 0, 0, 0, 0, 0, 0, 0, 0, 0, 0, 0, 0, 0, 0, 0, 0, 0, 0, 0, 0, 0, 0, 0, 0, 1, 0, 0, 0, 0, 0, 0, 0]","[0, 0, 1, 0, 0, 0, 0, 0, 0, 0, 0, 0, 0, 0, 0, 0, 0, 0, 0, 0, 0, 0, 0, 0, 0, 0, 0, 0, 0, 0, 0, 0, 0, 0, 0, 0, 0, 0, 0, 0, 0, 0, 0, 0, 0, 0, 0, 0, 0, 0, 0, 0, 0, 0, 0, 1, 0, 0, 0, 0, 0, 0]","['Meat, beef cattle (cold carcass weight)', 'Dairy cattle, heifer', 'Meat, pig (cold dressed carcass weight)', 'Meat, chicken, breast', 'Milk, cow, raw (FPCM)', 'Broiler chicken', 'Beef cattle', 'Hides', 'Sheep, ewe', 'Beef cattle, heifer', 'Beef cattle, calf (female, weaned)', 'Dairy cattle, calf (weaned)', 'Cattle', 'Wool, sheep (greasy)', 'Meat, dairy cattle (liveweight)', 'Beef cattle, steer', 'Meat, sheep (liveweight)', 'Beef cattle, heifer and steer', 'Dairy cattle, cow', 'Cattle, urine (kg mass)', 'Meat, pig (cold carcass weight)', 'Offal', 'Dairy cattle', 'Layer chicken, hen', 'Sheep, lamb (male, unweaned)', 'Meat, chicken, wings', 'Wool', 'Eggs, hen, in shell (number)', 'Pig', 'Broiler chicken, hen', 'Dairy cattle, calf (male, unweaned)', 'Meat, dairy cattle (cold carcass weight)', 'Dairy cattle, calf', 'Beef cattle, calf (male, weaned)', 'Meat, beef cattle (cold dressed carcass weight)', 'Eggs, hen, in shell', 'Broiler chicken, chick', 'Meat, chicken (liveweight)', 'Pig, piglet', 'Layer chicken, pullet', 'Sheep, lamb (female, unweaned)', 'Milk', 'Beef cattle, bull', 'Eggs', 'Sheep, lamb', 'Dairy cattle, calf (female, weaned)', 'Sheep, ram', 'Sheep, lamb (weaned)', 'Beef cattle, calf (weaned)', 'Meat, chicken, leg', 'Sheep', 'Layer chicken', 'Beef cattle, cow', 'Offal, pigs', 'Poultry by-product meal', 'Meat', 'Milk, cow, raw', 'Hides, dairy cattle, fresh', 'Pig, sow', 'Meat, beef cattle (liveweight)', 'Meat, chicken (cold carcass weight)', 'Meat, sheep (cold carcass weight)']",76,microsoft/deberta-v3-base,Product,original,no rag
76,Agri-food processor producing poultry by in product meal. cycle description: slaughterhouse.,"[0, 0, 0, 0, 0, 0, 0, 0, 0, 0, 0, 0, 0, 0, 0, 0, 0, 0, 0, 0, 0, 0, 0, 0, 0, 0, 0, 0, 0, 0, 0, 0, 0, 0, 0, 0, 0, 0, 0, 0, 0, 0, 0, 0, 0, 0, 0, 0, 0, 0, 0, 0, 0, 0, 1, 0, 0, 0, 0, 0, 0, 0]","[0, 0, 0, 0, 0, 0, 0, 0, 0, 0, 0, 0, 0, 0, 0, 0, 0, 0, 0, 0, 0, 0, 0, 0, 0, 0, 0, 0, 0, 0, 0, 0, 0, 0, 0, 0, 0, 0, 0, 0, 0, 0, 0, 0, 0, 0, 0, 0, 0, 0, 0, 0, 0, 0, 0, 1, 0, 0, 0, 0, 0, 0]","['Meat, beef cattle (cold carcass weight)', 'Dairy cattle, heifer', 'Meat, pig (cold dressed carcass weight)', 'Meat, chicken, breast', 'Milk, cow, raw (FPCM)', 'Broiler chicken', 'Beef cattle', 'Hides', 'Sheep, ewe', 'Beef cattle, heifer', 'Beef cattle, calf (female, weaned)', 'Dairy cattle, calf (weaned)', 'Cattle', 'Wool, sheep (greasy)', 'Meat, dairy cattle (liveweight)', 'Beef cattle, steer', 'Meat, sheep (liveweight)', 'Beef cattle, heifer and steer', 'Dairy cattle, cow', 'Cattle, urine (kg mass)', 'Meat, pig (cold carcass weight)', 'Offal', 'Dairy cattle', 'Layer chicken, hen', 'Sheep, lamb (male, unweaned)', 'Meat, chicken, wings', 'Wool', 'Eggs, hen, in shell (number)', 'Pig', 'Broiler chicken, hen', 'Dairy cattle, calf (male, unweaned)', 'Meat, dairy cattle (cold carcass weight)', 'Dairy cattle, calf', 'Beef cattle, calf (male, weaned)', 'Meat, beef cattle (cold dressed carcass weight)', 'Eggs, hen, in shell', 'Broiler chicken, chick', 'Meat, chicken (liveweight)', 'Pig, piglet', 'Layer chicken, pullet', 'Sheep, lamb (female, unweaned)', 'Milk', 'Beef cattle, bull', 'Eggs', 'Sheep, lamb', 'Dairy cattle, calf (female, weaned)', 'Sheep, ram', 'Sheep, lamb (weaned)', 'Beef cattle, calf (weaned)', 'Meat, chicken, leg', 'Sheep', 'Layer chicken', 'Beef cattle, cow', 'Offal, pigs', 'Poultry by-product meal', 'Meat', 'Milk, cow, raw', 'Hides, dairy cattle, fresh', 'Pig, sow', 'Meat, beef cattle (liveweight)', 'Meat, chicken (cold carcass weight)', 'Meat, sheep (cold carcass weight)']",76,microsoft/deberta-v3-large,Product,original,no rag
2,"Animal housing producing beef cattle, heifer and steer in spain. cycle description: average production data across 4 farms with fattening facilities and 2 specialist fattening farms.","[0, 0, 0, 0, 0, 0, 1, 0, 0, 0, 0, 0, 0, 0, 0, 0, 0, 1, 0, 0, 0, 0, 0, 0, 0, 0, 0, 0, 0, 0, 0, 0, 0, 0, 0, 0, 0, 0, 0, 0, 0, 0, 0, 0, 0, 0, 0, 0, 0, 0, 0, 0, 0, 0, 0, 0, 0, 0, 0, 0, 0, 0]","[0, 0, 0, 0, 0, 0, 1, 0, 0, 0, 0, 0, 0, 0, 0, 0, 0, 0, 0, 0, 0, 0, 0, 0, 0, 0, 0, 0, 0, 0, 0, 0, 0, 0, 0, 0, 0, 0, 0, 0, 0, 0, 0, 0, 0, 0, 0, 0, 0, 0, 0, 0, 0, 0, 0, 0, 0, 0, 0, 0, 0, 0]","['Meat, beef cattle (cold carcass weight)', 'Dairy cattle, heifer', 'Meat, pig (cold dressed carcass weight)', 'Meat, chicken, breast', 'Milk, cow, raw (FPCM)', 'Broiler chicken', 'Beef cattle', 'Hides', 'Sheep, ewe', 'Beef cattle, heifer', 'Beef cattle, calf (female, weaned)', 'Dairy cattle, calf (weaned)', 'Cattle', 'Wool, sheep (greasy)', 'Meat, dairy cattle (liveweight)', 'Beef cattle, steer', 'Meat, sheep (liveweight)', 'Beef cattle, heifer and steer', 'Dairy cattle, cow', 'Cattle, urine (kg mass)', 'Meat, pig (cold carcass weight)', 'Offal', 'Dairy cattle', 'Layer chicken, hen', 'Sheep, lamb (male, unweaned)', 'Meat, chicken, wings', 'Wool', 'Eggs, hen, in shell (number)', 'Pig', 'Broiler chicken, hen', 'Dairy cattle, calf (male, unweaned)', 'Meat, dairy cattle (cold carcass weight)', 'Dairy cattle, calf', 'Beef cattle, calf (male, weaned)', 'Meat, beef cattle (cold dressed carcass weight)', 'Eggs, hen, in shell', 'Broiler chicken, chick', 'Meat, chicken (liveweight)', 'Pig, piglet', 'Layer chicken, pullet', 'Sheep, lamb (female, unweaned)', 'Milk', 'Beef cattle, bull', 'Eggs', 'Sheep, lamb', 'Dairy cattle, calf (female, weaned)', 'Sheep, ram', 'Sheep, lamb (weaned)', 'Beef cattle, calf (weaned)', 'Meat, chicken, leg', 'Sheep', 'Layer chicken', 'Beef cattle, cow', 'Offal, pigs', 'Poultry by-product meal', 'Meat', 'Milk, cow, raw', 'Hides, dairy cattle, fresh', 'Pig, sow', 'Meat, beef cattle (liveweight)', 'Meat, chicken (cold carcass weight)', 'Meat, sheep (cold carcass weight)']",2,microsoft/deberta-v3-small,Product,original,no rag
11,"Agri-food processor producing meat, chicken, leg in netherlands. cycle description: slaughter - conventional.","[0, 0, 0, 0, 0, 0, 0, 0, 0, 0, 0, 0, 0, 0, 0, 0, 0, 0, 0, 0, 0, 0, 0, 0, 0, 0, 0, 0, 0, 0, 0, 0, 0, 0, 0, 0, 0, 0, 0, 0, 0, 0, 0, 0, 0, 0, 0, 0, 0, 1, 0, 0, 0, 0, 0, 1, 0, 0, 0, 0, 0, 0]","[0, 0, 0, 0, 0, 0, 0, 0, 0, 0, 0, 0, 0, 0, 0, 0, 0, 0, 0, 0, 0, 0, 0, 0, 0, 0, 0, 0, 0, 0, 0, 0, 0, 0, 0, 0, 0, 0, 0, 0, 0, 0, 0, 0, 0, 0, 0, 0, 0, 0, 0, 0, 0, 0, 0, 1, 0, 0, 0, 0, 0, 0]","['Meat, beef cattle (cold carcass weight)', 'Dairy cattle, heifer', 'Meat, pig (cold dressed carcass weight)', 'Meat, chicken, breast', 'Milk, cow, raw (FPCM)', 'Broiler chicken', 'Beef cattle', 'Hides', 'Sheep, ewe', 'Beef cattle, heifer', 'Beef cattle, calf (female, weaned)', 'Dairy cattle, calf (weaned)', 'Cattle', 'Wool, sheep (greasy)', 'Meat, dairy cattle (liveweight)', 'Beef cattle, steer', 'Meat, sheep (liveweight)', 'Beef cattle, heifer and steer', 'Dairy cattle, cow', 'Cattle, urine (kg mass)', 'Meat, pig (cold carcass weight)', 'Offal', 'Dairy cattle', 'Layer chicken, hen', 'Sheep, lamb (male, unweaned)', 'Meat, chicken, wings', 'Wool', 'Eggs, hen, in shell (number)', 'Pig', 'Broiler chicken, hen', 'Dairy cattle, calf (male, unweaned)', 'Meat, dairy cattle (cold carcass weight)', 'Dairy cattle, calf', 'Beef cattle, calf (male, weaned)', 'Meat, beef cattle (cold dressed carcass weight)', 'Eggs, hen, in shell', 'Broiler chicken, chick', 'Meat, chicken (liveweight)', 'Pig, piglet', 'Layer chicken, pullet', 'Sheep, lamb (female, unweaned)', 'Milk', 'Beef cattle, bull', 'Eggs', 'Sheep, lamb', 'Dairy cattle, calf (female, weaned)', 'Sheep, ram', 'Sheep, lamb (weaned)', 'Beef cattle, calf (weaned)', 'Meat, chicken, leg', 'Sheep', 'Layer chicken', 'Beef cattle, cow', 'Offal, pigs', 'Poultry by-product meal', 'Meat', 'Milk, cow, raw', 'Hides, dairy cattle, fresh', 'Pig, sow', 'Meat, beef cattle (liveweight)', 'Meat, chicken (cold carcass weight)', 'Meat, sheep (cold carcass weight)']",11,microsoft/deberta-v3-small,Product,original,no rag
24,"Agri-food processor producing meat, chicken, leg in netherlands. cycle description: slaughter - bls.","[0, 0, 0, 0, 0, 0, 0, 0, 0, 0, 0, 0, 0, 0, 0, 0, 0, 0, 0, 0, 0, 0, 0, 0, 0, 0, 0, 0, 0, 0, 0, 0, 0, 0, 0, 0, 0, 0, 0, 0, 0, 0, 0, 0, 0, 0, 0, 0, 0, 1, 0, 0, 0, 0, 0, 1, 0, 0, 0, 0, 0, 0]","[0, 0, 0, 0, 0, 0, 0, 0, 0, 0, 0, 0, 0, 0, 0, 0, 0, 0, 0, 0, 0, 0, 0, 0, 0, 0, 0, 0, 0, 0, 0, 0, 0, 0, 0, 0, 0, 0, 0, 0, 0, 0, 0, 0, 0, 0, 0, 0, 0, 0, 0, 0, 0, 0, 0, 1, 0, 0, 0, 0, 0, 0]","['Meat, beef cattle (cold carcass weight)', 'Dairy cattle, heifer', 'Meat, pig (cold dressed carcass weight)', 'Meat, chicken, breast', 'Milk, cow, raw (FPCM)', 'Broiler chicken', 'Beef cattle', 'Hides', 'Sheep, ewe', 'Beef cattle, heifer', 'Beef cattle, calf (female, weaned)', 'Dairy cattle, calf (weaned)', 'Cattle', 'Wool, sheep (greasy)', 'Meat, dairy cattle (liveweight)', 'Beef cattle, steer', 'Meat, sheep (liveweight)', 'Beef cattle, heifer and steer', 'Dairy cattle, cow', 'Cattle, urine (kg mass)', 'Meat, pig (cold carcass weight)', 'Offal', 'Dairy cattle', 'Layer chicken, hen', 'Sheep, lamb (male, unweaned)', 'Meat, chicken, wings', 'Wool', 'Eggs, hen, in shell (number)', 'Pig', 'Broiler chicken, hen', 'Dairy cattle, calf (male, unweaned)', 'Meat, dairy cattle (cold carcass weight)', 'Dairy cattle, calf', 'Beef cattle, calf (male, weaned)', 'Meat, beef cattle (cold dressed carcass weight)', 'Eggs, hen, in shell', 'Broiler chicken, chick', 'Meat, chicken (liveweight)', 'Pig, piglet', 'Layer chicken, pullet', 'Sheep, lamb (female, unweaned)', 'Milk', 'Beef cattle, bull', 'Eggs', 'Sheep, lamb', 'Dairy cattle, calf (female, weaned)', 'Sheep, ram', 'Sheep, lamb (weaned)', 'Beef cattle, calf (weaned)', 'Meat, chicken, leg', 'Sheep', 'Layer chicken', 'Beef cattle, cow', 'Offal, pigs', 'Poultry by-product meal', 'Meat', 'Milk, cow, raw', 'Hides, dairy cattle, fresh', 'Pig, sow', 'Meat, beef cattle (liveweight)', 'Meat, chicken (cold carcass weight)', 'Meat, sheep (cold carcass weight)']",24,microsoft/deberta-v3-small,Product,original,no rag
49,"Animal housing producing beef cattle, heifer and steer in spain. cycle description: average production data across 4 farms with fattening facilities and 2 specialist fattening farms.","[0, 0, 0, 0, 0, 0, 1, 0, 0, 0, 0, 0, 0, 0, 0, 0, 0, 1, 0, 0, 0, 0, 0, 0, 0, 0, 0, 0, 0, 0, 0, 0, 0, 0, 0, 0, 0, 0, 0, 0, 0, 0, 0, 0, 0, 0, 0, 0, 0, 0, 0, 0, 0, 0, 0, 0, 0, 0, 0, 0, 0, 0]","[0, 0, 0, 0, 0, 0, 1, 0, 0, 0, 0, 0, 0, 0, 0, 0, 0, 0, 0, 0, 0, 0, 0, 0, 0, 0, 0, 0, 0, 0, 0, 0, 0, 0, 0, 0, 0, 0, 0, 0, 0, 0, 0, 0, 0, 0, 0, 0, 0, 0, 0, 0, 0, 0, 0, 0, 0, 0, 0, 0, 0, 0]","['Meat, beef cattle (cold carcass weight)', 'Dairy cattle, heifer', 'Meat, pig (cold dressed carcass weight)', 'Meat, chicken, breast', 'Milk, cow, raw (FPCM)', 'Broiler chicken', 'Beef cattle', 'Hides', 'Sheep, ewe', 'Beef cattle, heifer', 'Beef cattle, calf (female, weaned)', 'Dairy cattle, calf (weaned)', 'Cattle', 'Wool, sheep (greasy)', 'Meat, dairy cattle (liveweight)', 'Beef cattle, steer', 'Meat, sheep (liveweight)', 'Beef cattle, heifer and steer', 'Dairy cattle, cow', 'Cattle, urine (kg mass)', 'Meat, pig (cold carcass weight)', 'Offal', 'Dairy cattle', 'Layer chicken, hen', 'Sheep, lamb (male, unweaned)', 'Meat, chicken, wings', 'Wool', 'Eggs, hen, in shell (number)', 'Pig', 'Broiler chicken, hen', 'Dairy cattle, calf (male, unweaned)', 'Meat, dairy cattle (cold carcass weight)', 'Dairy cattle, calf', 'Beef cattle, calf (male, weaned)', 'Meat, beef cattle (cold dressed carcass weight)', 'Eggs, hen, in shell', 'Broiler chicken, chick', 'Meat, chicken (liveweight)', 'Pig, piglet', 'Layer chicken, pullet', 'Sheep, lamb (female, unweaned)', 'Milk', 'Beef cattle, bull', 'Eggs', 'Sheep, lamb', 'Dairy cattle, calf (female, weaned)', 'Sheep, ram', 'Sheep, lamb (weaned)', 'Beef cattle, calf (weaned)', 'Meat, chicken, leg', 'Sheep', 'Layer chicken', 'Beef cattle, cow', 'Offal, pigs', 'Poultry by-product meal', 'Meat', 'Milk, cow, raw', 'Hides, dairy cattle, fresh', 'Pig, sow', 'Meat, beef cattle (liveweight)', 'Meat, chicken (cold carcass weight)', 'Meat, sheep (cold carcass weight)']",49,microsoft/deberta-v3-small,Product,original,no rag
76,Agri-food processor producing poultry by in product meal. cycle description: slaughterhouse.,"[0, 0, 0, 0, 0, 0, 0, 0, 0, 0, 0, 0, 0, 0, 0, 0, 0, 0, 0, 0, 0, 0, 0, 0, 0, 0, 0, 0, 0, 0, 0, 0, 0, 0, 0, 0, 0, 0, 0, 0, 0, 0, 0, 0, 0, 0, 0, 0, 0, 0, 0, 0, 0, 0, 1, 0, 0, 0, 0, 0, 0, 0]","[0, 0, 0, 0, 0, 0, 0, 0, 0, 0, 0, 0, 0, 0, 0, 0, 0, 0, 0, 0, 0, 0, 0, 0, 0, 0, 0, 0, 0, 0, 0, 0, 0, 0, 0, 0, 0, 0, 0, 0, 0, 0, 0, 0, 0, 0, 0, 0, 0, 0, 0, 0, 0, 0, 0, 1, 0, 0, 0, 0, 0, 0]","['Meat, beef cattle (cold carcass weight)', 'Dairy cattle, heifer', 'Meat, pig (cold dressed carcass weight)', 'Meat, chicken, breast', 'Milk, cow, raw (FPCM)', 'Broiler chicken', 'Beef cattle', 'Hides', 'Sheep, ewe', 'Beef cattle, heifer', 'Beef cattle, calf (female, weaned)', 'Dairy cattle, calf (weaned)', 'Cattle', 'Wool, sheep (greasy)', 'Meat, dairy cattle (liveweight)', 'Beef cattle, steer', 'Meat, sheep (liveweight)', 'Beef cattle, heifer and steer', 'Dairy cattle, cow', 'Cattle, urine (kg mass)', 'Meat, pig (cold carcass weight)', 'Offal', 'Dairy cattle', 'Layer chicken, hen', 'Sheep, lamb (male, unweaned)', 'Meat, chicken, wings', 'Wool', 'Eggs, hen, in shell (number)', 'Pig', 'Broiler chicken, hen', 'Dairy cattle, calf (male, unweaned)', 'Meat, dairy cattle (cold carcass weight)', 'Dairy cattle, calf', 'Beef cattle, calf (male, weaned)', 'Meat, beef cattle (cold dressed carcass weight)', 'Eggs, hen, in shell', 'Broiler chicken, chick', 'Meat, chicken (liveweight)', 'Pig, piglet', 'Layer chicken, pullet', 'Sheep, lamb (female, unweaned)', 'Milk', 'Beef cattle, bull', 'Eggs', 'Sheep, lamb', 'Dairy cattle, calf (female, weaned)', 'Sheep, ram', 'Sheep, lamb (weaned)', 'Beef cattle, calf (weaned)', 'Meat, chicken, leg', 'Sheep', 'Layer chicken', 'Beef cattle, cow', 'Offal, pigs', 'Poultry by-product meal', 'Meat', 'Milk, cow, raw', 'Hides, dairy cattle, fresh', 'Pig, sow', 'Meat, beef cattle (liveweight)', 'Meat, chicken (cold carcass weight)', 'Meat, sheep (cold carcass weight)']",76,microsoft/deberta-v3-small,Product,original,no rag
2,"Animal housing producing beef cattle, heifer and steer in spain. cycle description: average production data across 4 farms with fattening facilities and 2 specialist fattening farms. What is in the system boundary?","[1, 1, 1, 0, 0, 1, 1, 1, 1, 1, 0, 1, 0, 1, 0, 1, 0, 1, 1]","[0, 1, 1, 1, 0, 0, 1, 1, 1, 1, 0, 1, 0, 1, 0, 1, 0, 1, 1]","['True_animalFeed', 'True_water', 'True_liveAnimalInput', 'True_electricityFuel', 'True_transport', 'True_pesticideVeterinaryDrug', 'True_seed', 'True_otherChemical', 'True_animalPopulation', 'True_freshForage', 'True_excreta', 'True_product', 'True_waste', 'True_soilAmendment', 'True_operation', 'True_fertiliser', 'True_material', 'True_ingredient', 'True_cropResidue']",2,climatebert/distilroberta-base-climate-f,System Boundary,original,no rag
13,"Animal housing producing eggs, hen, in shell (number) in thailand. cycle description: cb8-parent farm 5. site description: 12 big corporations that account for more than 90% of the country’s total capacity. What is in the system boundary?","[1, 1, 0, 1, 0, 0, 1, 1, 1, 1, 1, 1, 1, 1, 0, 1, 0, 1, 1]","[1, 1, 1, 1, 0, 0, 1, 1, 1, 1, 1, 1, 1, 1, 0, 1, 0, 1, 1]","['True_animalFeed', 'True_water', 'True_liveAnimalInput', 'True_electricityFuel', 'True_transport', 'True_pesticideVeterinaryDrug', 'True_seed', 'True_otherChemical', 'True_animalPopulation', 'True_freshForage', 'True_excreta', 'True_product', 'True_waste', 'True_soilAmendment', 'True_operation', 'True_fertiliser', 'True_material', 'True_ingredient', 'True_cropResidue']",13,climatebert/distilroberta-base-climate-f,System Boundary,original,no rag
23,"Animal housing producing meat, dairy cattle (liveweight) in denmark. cycle description: conventional dairy. What is in the system boundary?","[1, 0, 1, 0, 0, 0, 1, 1, 1, 1, 0, 1, 0, 1, 0, 1, 0, 1, 1]","[1, 0, 1, 0, 0, 1, 1, 1, 1, 1, 0, 1, 0, 1, 0, 1, 0, 1, 1]","['True_animalFeed', 'True_water', 'True_liveAnimalInput', 'True_electricityFuel', 'True_transport', 'True_pesticideVeterinaryDrug', 'True_seed', 'True_otherChemical', 'True_animalPopulation', 'True_freshForage', 'True_excreta', 'True_product', 'True_waste', 'True_soilAmendment', 'True_operation', 'True_fertiliser', 'True_material', 'True_ingredient', 'True_cropResidue']",23,climatebert/distilroberta-base-climate-f,System Boundary,original,no rag
32,"Permanent pasture producing meat, beef cattle (liveweight) in ireland. cycle description: average production data from 19 suckler calf-to-beef finishing farms participating in the teagasc/irish farmers journal better farm imrovement programme. What is in the system boundary?","[1, 0, 1, 1, 0, 1, 1, 1, 1, 1, 1, 1, 0, 1, 0, 1, 0, 1, 1]","[1, 0, 0, 0, 0, 0, 1, 1, 1, 1, 0, 1, 0, 1, 0, 1, 0, 1, 1]","['True_animalFeed', 'True_water', 'True_liveAnimalInput', 'True_electricityFuel', 'True_transport', 'True_pesticideVeterinaryDrug', 'True_seed', 'True_otherChemical', 'True_animalPopulation', 'True_freshForage', 'True_excreta', 'True_product', 'True_waste', 'True_soilAmendment', 'True_operation', 'True_fertiliser', 'True_material', 'True_ingredient', 'True_cropResidue']",32,climatebert/distilroberta-base-climate-f,System Boundary,original,no rag
37,"Permanent pasture producing beef cattle, cow in spain. cycle description: average annual production data across 9 different conventional dehesa cattle farms. cow-calf operation. What is in the system boundary?","[1, 1, 0, 0, 0, 0, 1, 1, 1, 0, 0, 1, 0, 0, 0, 0, 0, 1, 1]","[1, 1, 0, 0, 0, 0, 0, 1, 1, 0, 0, 1, 0, 0, 0, 0, 0, 1, 1]","['True_animalFeed', 'True_water', 'True_liveAnimalInput', 'True_electricityFuel', 'True_transport', 'True_pesticideVeterinaryDrug', 'True_seed', 'True_otherChemical', 'True_animalPopulation', 'True_freshForage', 'True_excreta', 'True_product', 'True_waste', 'True_soilAmendment', 'True_operation', 'True_fertiliser', 'True_material', 'True_ingredient', 'True_cropResidue']",37,climatebert/distilroberta-base-climate-f,System Boundary,original,no rag
43,"Animal housing producing meat, dairy cattle (liveweight) in brazil. cycle description: aggregate cycle representing data from 4 farms in the central-east mesoregion on parana in 2019, all producing milk under a full confinement system. What is in the system boundary?","[1, 1, 1, 1, 0, 0, 0, 1, 0, 1, 1, 1, 0, 1, 0, 1, 0, 1, 1]","[1, 1, 1, 1, 0, 0, 1, 1, 0, 1, 1, 1, 0, 1, 0, 1, 0, 1, 1]","['True_animalFeed', 'True_water', 'True_liveAnimalInput', 'True_electricityFuel', 'True_transport', 'True_pesticideVeterinaryDrug', 'True_seed', 'True_otherChemical', 'True_animalPopulation', 'True_freshForage', 'True_excreta', 'True_product', 'True_waste', 'True_soilAmendment', 'True_operation', 'True_fertiliser', 'True_material', 'True_ingredient', 'True_cropResidue']",43,climatebert/distilroberta-base-climate-f,System Boundary,original,no rag
49,"Animal housing producing beef cattle, heifer and steer in spain. cycle description: average production data across 4 farms with fattening facilities and 2 specialist fattening farms. What is in the system boundary?","[1, 1, 1, 0, 0, 0, 1, 1, 1, 1, 0, 1, 0, 1, 0, 1, 0, 1, 1]","[0, 1, 1, 1, 0, 0, 1, 1, 1, 1, 0, 1, 0, 1, 0, 1, 0, 1, 1]","['True_animalFeed', 'True_water', 'True_liveAnimalInput', 'True_electricityFuel', 'True_transport', 'True_pesticideVeterinaryDrug', 'True_seed', 'True_otherChemical', 'True_animalPopulation', 'True_freshForage', 'True_excreta', 'True_product', 'True_waste', 'True_soilAmendment', 'True_operation', 'True_fertiliser', 'True_material', 'True_ingredient', 'True_cropResidue']",49,climatebert/distilroberta-base-climate-f,System Boundary,original,no rag
50,"Animal housing producing meat, dairy cattle (liveweight) in italy. cycle description: cycle for farm producing milk and meat, with an ad on-site. What is in the system boundary?","[1, 0, 1, 1, 1, 0, 1, 1, 1, 0, 1, 1, 0, 1, 0, 1, 0, 1, 1]","[1, 1, 1, 1, 1, 0, 1, 1, 1, 0, 1, 1, 0, 1, 0, 1, 0, 1, 1]","['True_animalFeed', 'True_water', 'True_liveAnimalInput', 'True_electricityFuel', 'True_transport', 'True_pesticideVeterinaryDrug', 'True_seed', 'True_otherChemical', 'True_animalPopulation', 'True_freshForage', 'True_excreta', 'True_product', 'True_waste', 'True_soilAmendment', 'True_operation', 'True_fertiliser', 'True_material', 'True_ingredient', 'True_cropResidue']",50,climatebert/distilroberta-base-climate-f,System Boundary,original,no rag
51,"Permanent pasture producing beef cattle, cow in spain. cycle description: average annual production data across 6 different organic dehesa cattle farms. cow-calf operation. What is in the system boundary?","[1, 1, 0, 0, 0, 1, 1, 1, 1, 0, 0, 1, 0, 0, 0, 0, 0, 1, 1]","[1, 1, 0, 0, 0, 0, 0, 1, 1, 0, 0, 1, 0, 0, 0, 0, 0, 1, 1]","['True_animalFeed', 'True_water', 'True_liveAnimalInput', 'True_electricityFuel', 'True_transport', 'True_pesticideVeterinaryDrug', 'True_seed', 'True_otherChemical', 'True_animalPopulation', 'True_freshForage', 'True_excreta', 'True_product', 'True_waste', 'True_soilAmendment', 'True_operation', 'True_fertiliser', 'True_material', 'True_ingredient', 'True_cropResidue']",51,climatebert/distilroberta-base-climate-f,System Boundary,original,no rag
67,"Animal housing producing milk, cow, raw (fpcm) in denmark. cycle description: conventional dairy. What is in the system boundary?","[1, 0, 1, 0, 0, 0, 1, 1, 1, 1, 0, 1, 0, 1, 0, 1, 0, 1, 1]","[1, 0, 1, 0, 0, 1, 1, 1, 1, 1, 0, 1, 0, 1, 0, 1, 0, 1, 1]","['True_animalFeed', 'True_water', 'True_liveAnimalInput', 'True_electricityFuel', 'True_transport', 'True_pesticideVeterinaryDrug', 'True_seed', 'True_otherChemical', 'True_animalPopulation', 'True_freshForage', 'True_excreta', 'True_product', 'True_waste', 'True_soilAmendment', 'True_operation', 'True_fertiliser', 'True_material', 'True_ingredient', 'True_cropResidue']",67,climatebert/distilroberta-base-climate-f,System Boundary,original,no rag
76,Agri-food processor producing poultry by in product meal. cycle description: slaughterhouse. What is in the system boundary?,"[1, 1, 1, 1, 1, 1, 1, 1, 1, 1, 1, 1, 0, 1, 1, 1, 0, 1, 1]","[1, 1, 1, 1, 0, 1, 1, 1, 1, 1, 1, 1, 0, 1, 0, 1, 0, 1, 1]","['True_animalFeed', 'True_water', 'True_liveAnimalInput', 'True_electricityFuel', 'True_transport', 'True_pesticideVeterinaryDrug', 'True_seed', 'True_otherChemical', 'True_animalPopulation', 'True_freshForage', 'True_excreta', 'True_product', 'True_waste', 'True_soilAmendment', 'True_operation', 'True_fertiliser', 'True_material', 'True_ingredient', 'True_cropResidue']",76,climatebert/distilroberta-base-climate-f,System Boundary,original,no rag
2,"Animal housing producing beef cattle, heifer and steer in spain. cycle description: average production data across 4 farms with fattening facilities and 2 specialist fattening farms. What is in the system boundary?","[1, 1, 1, 0, 0, 1, 1, 1, 1, 1, 0, 1, 0, 1, 0, 1, 0, 1, 1]","[1, 0, 1, 0, 0, 0, 1, 1, 1, 1, 0, 1, 0, 1, 0, 1, 0, 1, 1]","['True_animalFeed', 'True_water', 'True_liveAnimalInput', 'True_electricityFuel', 'True_transport', 'True_pesticideVeterinaryDrug', 'True_seed', 'True_otherChemical', 'True_animalPopulation', 'True_freshForage', 'True_excreta', 'True_product', 'True_waste', 'True_soilAmendment', 'True_operation', 'True_fertiliser', 'True_material', 'True_ingredient', 'True_cropResidue']",2,ESGBERT/EnvironmentalBERT-base,System Boundary,original,no rag
13,"Animal housing producing eggs, hen, in shell (number) in thailand. cycle description: cb8-parent farm 5. site description: 12 big corporations that account for more than 90% of the country’s total capacity. What is in the system boundary?","[1, 1, 0, 1, 0, 0, 1, 1, 1, 1, 1, 1, 1, 1, 0, 1, 0, 1, 1]","[1, 1, 1, 1, 0, 0, 1, 1, 1, 1, 1, 1, 1, 1, 0, 1, 0, 1, 1]","['True_animalFeed', 'True_water', 'True_liveAnimalInput', 'True_electricityFuel', 'True_transport', 'True_pesticideVeterinaryDrug', 'True_seed', 'True_otherChemical', 'True_animalPopulation', 'True_freshForage', 'True_excreta', 'True_product', 'True_waste', 'True_soilAmendment', 'True_operation', 'True_fertiliser', 'True_material', 'True_ingredient', 'True_cropResidue']",13,ESGBERT/EnvironmentalBERT-base,System Boundary,original,no rag
22,"Animal housing producing layer chicken, pullet in czech republic. cycle description: chicks are reared until young hens (pullets). What is in the system boundary?","[1, 1, 1, 1, 0, 0, 1, 1, 1, 1, 0, 0, 0, 1, 0, 1, 0, 1, 1]","[1, 0, 1, 1, 0, 0, 1, 1, 1, 1, 0, 1, 0, 1, 0, 1, 0, 1, 1]","['True_animalFeed', 'True_water', 'True_liveAnimalInput', 'True_electricityFuel', 'True_transport', 'True_pesticideVeterinaryDrug', 'True_seed', 'True_otherChemical', 'True_animalPopulation', 'True_freshForage', 'True_excreta', 'True_product', 'True_waste', 'True_soilAmendment', 'True_operation', 'True_fertiliser', 'True_material', 'True_ingredient', 'True_cropResidue']",22,ESGBERT/EnvironmentalBERT-base,System Boundary,original,no rag
23,"Animal housing producing meat, dairy cattle (liveweight) in denmark. cycle description: conventional dairy. What is in the system boundary?","[1, 0, 1, 0, 0, 0, 1, 1, 1, 1, 0, 1, 0, 1, 0, 1, 0, 1, 1]","[1, 0, 1, 0, 0, 1, 1, 1, 1, 1, 0, 1, 0, 1, 0, 1, 0, 1, 1]","['True_animalFeed', 'True_water', 'True_liveAnimalInput', 'True_electricityFuel', 'True_transport', 'True_pesticideVeterinaryDrug', 'True_seed', 'True_otherChemical', 'True_animalPopulation', 'True_freshForage', 'True_excreta', 'True_product', 'True_waste', 'True_soilAmendment', 'True_operation', 'True_fertiliser', 'True_material', 'True_ingredient', 'True_cropResidue']",23,ESGBERT/EnvironmentalBERT-base,System Boundary,original,no rag
32,"Permanent pasture producing meat, beef cattle (liveweight) in ireland. cycle description: average production data from 19 suckler calf-to-beef finishing farms participating in the teagasc/irish farmers journal better farm imrovement programme. What is in the system boundary?","[1, 0, 1, 1, 0, 1, 1, 1, 1, 1, 1, 1, 0, 1, 0, 1, 0, 1, 1]","[1, 0, 0, 0, 0, 0, 1, 1, 1, 1, 0, 1, 0, 1, 0, 1, 0, 1, 1]","['True_animalFeed', 'True_water', 'True_liveAnimalInput', 'True_electricityFuel', 'True_transport', 'True_pesticideVeterinaryDrug', 'True_seed', 'True_otherChemical', 'True_animalPopulation', 'True_freshForage', 'True_excreta', 'True_product', 'True_waste', 'True_soilAmendment', 'True_operation', 'True_fertiliser', 'True_material', 'True_ingredient', 'True_cropResidue']",32,ESGBERT/EnvironmentalBERT-base,System Boundary,original,no rag
37,"Permanent pasture producing beef cattle, cow in spain. cycle description: average annual production data across 9 different conventional dehesa cattle farms. cow-calf operation. What is in the system boundary?","[1, 1, 0, 0, 0, 0, 1, 1, 1, 0, 0, 1, 0, 0, 0, 0, 0, 1, 1]","[1, 1, 0, 1, 0, 1, 1, 0, 1, 0, 0, 1, 0, 0, 0, 1, 0, 1, 1]","['True_animalFeed', 'True_water', 'True_liveAnimalInput', 'True_electricityFuel', 'True_transport', 'True_pesticideVeterinaryDrug', 'True_seed', 'True_otherChemical', 'True_animalPopulation', 'True_freshForage', 'True_excreta', 'True_product', 'True_waste', 'True_soilAmendment', 'True_operation', 'True_fertiliser', 'True_material', 'True_ingredient', 'True_cropResidue']",37,ESGBERT/EnvironmentalBERT-base,System Boundary,original,no rag
49,"Animal housing producing beef cattle, heifer and steer in spain. cycle description: average production data across 4 farms with fattening facilities and 2 specialist fattening farms. What is in the system boundary?","[1, 1, 1, 0, 0, 0, 1, 1, 1, 1, 0, 1, 0, 1, 0, 1, 0, 1, 1]","[1, 0, 1, 0, 0, 0, 1, 1, 1, 1, 0, 1, 0, 1, 0, 1, 0, 1, 1]","['True_animalFeed', 'True_water', 'True_liveAnimalInput', 'True_electricityFuel', 'True_transport', 'True_pesticideVeterinaryDrug', 'True_seed', 'True_otherChemical', 'True_animalPopulation', 'True_freshForage', 'True_excreta', 'True_product', 'True_waste', 'True_soilAmendment', 'True_operation', 'True_fertiliser', 'True_material', 'True_ingredient', 'True_cropResidue']",49,ESGBERT/EnvironmentalBERT-base,System Boundary,original,no rag
50,"Animal housing producing meat, dairy cattle (liveweight) in italy. cycle description: cycle for farm producing milk and meat, with an ad on-site. What is in the system boundary?","[1, 0, 1, 1, 1, 0, 1, 1, 1, 0, 1, 1, 0, 1, 0, 1, 0, 1, 1]","[1, 0, 1, 1, 0, 0, 1, 1, 1, 0, 1, 1, 0, 1, 0, 1, 0, 1, 1]","['True_animalFeed', 'True_water', 'True_liveAnimalInput', 'True_electricityFuel', 'True_transport', 'True_pesticideVeterinaryDrug', 'True_seed', 'True_otherChemical', 'True_animalPopulation', 'True_freshForage', 'True_excreta', 'True_product', 'True_waste', 'True_soilAmendment', 'True_operation', 'True_fertiliser', 'True_material', 'True_ingredient', 'True_cropResidue']",50,ESGBERT/EnvironmentalBERT-base,System Boundary,original,no rag
51,"Permanent pasture producing beef cattle, cow in spain. cycle description: average annual production data across 6 different organic dehesa cattle farms. cow-calf operation. What is in the system boundary?","[1, 1, 0, 0, 0, 1, 1, 1, 1, 0, 0, 1, 0, 0, 0, 0, 0, 1, 1]","[1, 1, 0, 1, 0, 1, 1, 1, 1, 0, 0, 1, 0, 0, 0, 0, 0, 1, 1]","['True_animalFeed', 'True_water', 'True_liveAnimalInput', 'True_electricityFuel', 'True_transport', 'True_pesticideVeterinaryDrug', 'True_seed', 'True_otherChemical', 'True_animalPopulation', 'True_freshForage', 'True_excreta', 'True_product', 'True_waste', 'True_soilAmendment', 'True_operation', 'True_fertiliser', 'True_material', 'True_ingredient', 'True_cropResidue']",51,ESGBERT/EnvironmentalBERT-base,System Boundary,original,no rag
67,"Animal housing producing milk, cow, raw (fpcm) in denmark. cycle description: conventional dairy. What is in the system boundary?","[1, 0, 1, 0, 0, 0, 1, 1, 1, 1, 0, 1, 0, 1, 0, 1, 0, 1, 1]","[1, 0, 1, 0, 0, 1, 1, 1, 1, 1, 0, 1, 0, 1, 0, 1, 0, 1, 1]","['True_animalFeed', 'True_water', 'True_liveAnimalInput', 'True_electricityFuel', 'True_transport', 'True_pesticideVeterinaryDrug', 'True_seed', 'True_otherChemical', 'True_animalPopulation', 'True_freshForage', 'True_excreta', 'True_product', 'True_waste', 'True_soilAmendment', 'True_operation', 'True_fertiliser', 'True_material', 'True_ingredient', 'True_cropResidue']",67,ESGBERT/EnvironmentalBERT-base,System Boundary,original,no rag
76,Agri-food processor producing poultry by in product meal. cycle description: slaughterhouse. What is in the system boundary?,"[1, 1, 1, 1, 1, 1, 1, 1, 1, 1, 1, 1, 0, 1, 1, 1, 0, 1, 1]","[1, 1, 1, 0, 0, 1, 1, 1, 1, 1, 1, 1, 0, 1, 0, 1, 0, 1, 1]","['True_animalFeed', 'True_water', 'True_liveAnimalInput', 'True_electricityFuel', 'True_transport', 'True_pesticideVeterinaryDrug', 'True_seed', 'True_otherChemical', 'True_animalPopulation', 'True_freshForage', 'True_excreta', 'True_product', 'True_waste', 'True_soilAmendment', 'True_operation', 'True_fertiliser', 'True_material', 'True_ingredient', 'True_cropResidue']",76,ESGBERT/EnvironmentalBERT-base,System Boundary,original,no rag
84,Animal housing producing broiler chicken in netherlands. cycle description: organic broiler. site description: access to outdoor area. 4m2 per bird. access to daylight. What is in the system boundary?,"[1, 0, 1, 1, 0, 0, 1, 1, 1, 1, 0, 1, 0, 1, 0, 1, 0, 1, 1]","[1, 1, 1, 1, 0, 0, 1, 1, 1, 1, 0, 1, 0, 1, 0, 1, 0, 1, 1]","['True_animalFeed', 'True_water', 'True_liveAnimalInput', 'True_electricityFuel', 'True_transport', 'True_pesticideVeterinaryDrug', 'True_seed', 'True_otherChemical', 'True_animalPopulation', 'True_freshForage', 'True_excreta', 'True_product', 'True_waste', 'True_soilAmendment', 'True_operation', 'True_fertiliser', 'True_material', 'True_ingredient', 'True_cropResidue']",84,ESGBERT/EnvironmentalBERT-base,System Boundary,original,no rag
0,"Agri-food processor producing meat, pig (cold dressed carcass weight) in netherlands. cycle description: production of pork meat from pigs. What is in the system boundary?","[1, 0, 1, 0, 0, 1, 1, 0, 1, 1, 1, 1, 0, 1, 0, 1, 0, 1, 1]","[1, 1, 1, 0, 0, 1, 1, 0, 1, 1, 1, 1, 0, 1, 0, 1, 0, 1, 1]","['True_animalFeed', 'True_water', 'True_liveAnimalInput', 'True_electricityFuel', 'True_transport', 'True_pesticideVeterinaryDrug', 'True_seed', 'True_otherChemical', 'True_animalPopulation', 'True_freshForage', 'True_excreta', 'True_product', 'True_waste', 'True_soilAmendment', 'True_operation', 'True_fertiliser', 'True_material', 'True_ingredient', 'True_cropResidue']",0,FacebookAI/roberta-large,System Boundary,original,no rag
2,"Animal housing producing beef cattle, heifer and steer in spain. cycle description: average production data across 4 farms with fattening facilities and 2 specialist fattening farms. What is in the system boundary?","[1, 1, 1, 0, 0, 1, 1, 1, 1, 1, 0, 1, 0, 1, 0, 1, 0, 1, 1]","[1, 1, 1, 1, 0, 0, 1, 1, 0, 1, 1, 1, 1, 1, 0, 1, 0, 1, 1]","['True_animalFeed', 'True_water', 'True_liveAnimalInput', 'True_electricityFuel', 'True_transport', 'True_pesticideVeterinaryDrug', 'True_seed', 'True_otherChemical', 'True_animalPopulation', 'True_freshForage', 'True_excreta', 'True_product', 'True_waste', 'True_soilAmendment', 'True_operation', 'True_fertiliser', 'True_material', 'True_ingredient', 'True_cropResidue']",2,FacebookAI/roberta-large,System Boundary,original,no rag
13,"Animal housing producing eggs, hen, in shell (number) in thailand. cycle description: cb8-parent farm 5. site description: 12 big corporations that account for more than 90% of the country’s total capacity. What is in the system boundary?","[1, 1, 0, 1, 0, 0, 1, 1, 1, 1, 1, 1, 1, 1, 0, 1, 0, 1, 1]","[1, 1, 1, 1, 0, 0, 1, 1, 1, 1, 1, 1, 1, 1, 0, 1, 0, 1, 1]","['True_animalFeed', 'True_water', 'True_liveAnimalInput', 'True_electricityFuel', 'True_transport', 'True_pesticideVeterinaryDrug', 'True_seed', 'True_otherChemical', 'True_animalPopulation', 'True_freshForage', 'True_excreta', 'True_product', 'True_waste', 'True_soilAmendment', 'True_operation', 'True_fertiliser', 'True_material', 'True_ingredient', 'True_cropResidue']",13,FacebookAI/roberta-large,System Boundary,original,no rag
32,"Permanent pasture producing meat, beef cattle (liveweight) in ireland. cycle description: average production data from 19 suckler calf-to-beef finishing farms participating in the teagasc/irish farmers journal better farm imrovement programme. What is in the system boundary?","[1, 0, 1, 1, 0, 1, 1, 1, 1, 1, 1, 1, 0, 1, 0, 1, 0, 1, 1]","[1, 0, 0, 0, 0, 0, 1, 1, 1, 1, 0, 1, 0, 1, 0, 1, 0, 1, 1]","['True_animalFeed', 'True_water', 'True_liveAnimalInput', 'True_electricityFuel', 'True_transport', 'True_pesticideVeterinaryDrug', 'True_seed', 'True_otherChemical', 'True_animalPopulation', 'True_freshForage', 'True_excreta', 'True_product', 'True_waste', 'True_soilAmendment', 'True_operation', 'True_fertiliser', 'True_material', 'True_ingredient', 'True_cropResidue']",32,FacebookAI/roberta-large,System Boundary,original,no rag
37,"Permanent pasture producing beef cattle, cow in spain. cycle description: average annual production data across 9 different conventional dehesa cattle farms. cow-calf operation. What is in the system boundary?","[1, 1, 0, 0, 0, 0, 1, 1, 1, 0, 0, 1, 0, 0, 0, 0, 0, 1, 1]","[0, 0, 0, 0, 0, 1, 0, 1, 1, 0, 0, 1, 0, 0, 0, 0, 0, 1, 1]","['True_animalFeed', 'True_water', 'True_liveAnimalInput', 'True_electricityFuel', 'True_transport', 'True_pesticideVeterinaryDrug', 'True_seed', 'True_otherChemical', 'True_animalPopulation', 'True_freshForage', 'True_excreta', 'True_product', 'True_waste', 'True_soilAmendment', 'True_operation', 'True_fertiliser', 'True_material', 'True_ingredient', 'True_cropResidue']",37,FacebookAI/roberta-large,System Boundary,original,no rag
49,"Animal housing producing beef cattle, heifer and steer in spain. cycle description: average production data across 4 farms with fattening facilities and 2 specialist fattening farms. What is in the system boundary?","[1, 1, 1, 0, 0, 0, 1, 1, 1, 1, 0, 1, 0, 1, 0, 1, 0, 1, 1]","[1, 1, 1, 1, 0, 0, 1, 1, 0, 1, 1, 1, 1, 1, 0, 1, 0, 1, 1]","['True_animalFeed', 'True_water', 'True_liveAnimalInput', 'True_electricityFuel', 'True_transport', 'True_pesticideVeterinaryDrug', 'True_seed', 'True_otherChemical', 'True_animalPopulation', 'True_freshForage', 'True_excreta', 'True_product', 'True_waste', 'True_soilAmendment', 'True_operation', 'True_fertiliser', 'True_material', 'True_ingredient', 'True_cropResidue']",49,FacebookAI/roberta-large,System Boundary,original,no rag
51,"Permanent pasture producing beef cattle, cow in spain. cycle description: average annual production data across 6 different organic dehesa cattle farms. cow-calf operation. What is in the system boundary?","[1, 1, 0, 0, 0, 1, 1, 1, 1, 0, 0, 1, 0, 0, 0, 0, 0, 1, 1]","[0, 0, 0, 0, 0, 1, 0, 1, 1, 0, 0, 1, 0, 0, 0, 0, 0, 1, 1]","['True_animalFeed', 'True_water', 'True_liveAnimalInput', 'True_electricityFuel', 'True_transport', 'True_pesticideVeterinaryDrug', 'True_seed', 'True_otherChemical', 'True_animalPopulation', 'True_freshForage', 'True_excreta', 'True_product', 'True_waste', 'True_soilAmendment', 'True_operation', 'True_fertiliser', 'True_material', 'True_ingredient', 'True_cropResidue']",51,FacebookAI/roberta-large,System Boundary,original,no rag
76,Agri-food processor producing poultry by in product meal. cycle description: slaughterhouse. What is in the system boundary?,"[1, 1, 1, 1, 1, 1, 1, 1, 1, 1, 1, 1, 0, 1, 1, 1, 0, 1, 1]","[1, 0, 1, 0, 0, 1, 1, 1, 1, 1, 1, 1, 0, 1, 0, 1, 0, 1, 1]","['True_animalFeed', 'True_water', 'True_liveAnimalInput', 'True_electricityFuel', 'True_transport', 'True_pesticideVeterinaryDrug', 'True_seed', 'True_otherChemical', 'True_animalPopulation', 'True_freshForage', 'True_excreta', 'True_product', 'True_waste', 'True_soilAmendment', 'True_operation', 'True_fertiliser', 'True_material', 'True_ingredient', 'True_cropResidue']",76,FacebookAI/roberta-large,System Boundary,original,no rag
0,"Agri-food processor producing meat, pig (cold dressed carcass weight) in netherlands. cycle description: production of pork meat from pigs. What is in the system boundary?","[1, 0, 1, 0, 0, 1, 1, 0, 1, 1, 1, 1, 0, 1, 0, 1, 0, 1, 1]","[1, 1, 1, 0, 0, 1, 1, 0, 1, 1, 1, 1, 0, 1, 0, 1, 0, 1, 1]","['True_animalFeed', 'True_water', 'True_liveAnimalInput', 'True_electricityFuel', 'True_transport', 'True_pesticideVeterinaryDrug', 'True_seed', 'True_otherChemical', 'True_animalPopulation', 'True_freshForage', 'True_excreta', 'True_product', 'True_waste', 'True_soilAmendment', 'True_operation', 'True_fertiliser', 'True_material', 'True_ingredient', 'True_cropResidue']",0,google-bert/bert-base-uncased,System Boundary,original,no rag
2,"Animal housing producing beef cattle, heifer and steer in spain. cycle description: average production data across 4 farms with fattening facilities and 2 specialist fattening farms. What is in the system boundary?","[1, 1, 1, 0, 0, 1, 1, 1, 1, 1, 0, 1, 0, 1, 0, 1, 0, 1, 1]","[1, 1, 0, 1, 0, 0, 1, 1, 1, 0, 0, 1, 0, 1, 0, 1, 0, 1, 1]","['True_animalFeed', 'True_water', 'True_liveAnimalInput', 'True_electricityFuel', 'True_transport', 'True_pesticideVeterinaryDrug', 'True_seed', 'True_otherChemical', 'True_animalPopulation', 'True_freshForage', 'True_excreta', 'True_product', 'True_waste', 'True_soilAmendment', 'True_operation', 'True_fertiliser', 'True_material', 'True_ingredient', 'True_cropResidue']",2,google-bert/bert-base-uncased,System Boundary,original,no rag
13,"Animal housing producing eggs, hen, in shell (number) in thailand. cycle description: cb8-parent farm 5. site description: 12 big corporations that account for more than 90% of the country’s total capacity. What is in the system boundary?","[1, 1, 0, 1, 0, 0, 1, 1, 1, 1, 1, 1, 1, 1, 0, 1, 0, 1, 1]","[1, 1, 1, 1, 0, 0, 1, 1, 1, 1, 1, 1, 1, 1, 0, 1, 0, 1, 1]","['True_animalFeed', 'True_water', 'True_liveAnimalInput', 'True_electricityFuel', 'True_transport', 'True_pesticideVeterinaryDrug', 'True_seed', 'True_otherChemical', 'True_animalPopulation', 'True_freshForage', 'True_excreta', 'True_product', 'True_waste', 'True_soilAmendment', 'True_operation', 'True_fertiliser', 'True_material', 'True_ingredient', 'True_cropResidue']",13,google-bert/bert-base-uncased,System Boundary,original,no rag
23,"Animal housing producing meat, dairy cattle (liveweight) in denmark. cycle description: conventional dairy. What is in the system boundary?","[1, 0, 1, 0, 0, 0, 1, 1, 1, 1, 0, 1, 0, 1, 0, 1, 0, 1, 1]","[1, 0, 1, 0, 0, 1, 1, 1, 1, 1, 0, 1, 0, 1, 0, 1, 0, 1, 1]","['True_animalFeed', 'True_water', 'True_liveAnimalInput', 'True_electricityFuel', 'True_transport', 'True_pesticideVeterinaryDrug', 'True_seed', 'True_otherChemical', 'True_animalPopulation', 'True_freshForage', 'True_excreta', 'True_product', 'True_waste', 'True_soilAmendment', 'True_operation', 'True_fertiliser', 'True_material', 'True_ingredient', 'True_cropResidue']",23,google-bert/bert-base-uncased,System Boundary,original,no rag
32,"Permanent pasture producing meat, beef cattle (liveweight) in ireland. cycle description: average production data from 19 suckler calf-to-beef finishing farms participating in the teagasc/irish farmers journal better farm imrovement programme. What is in the system boundary?","[1, 0, 1, 1, 0, 1, 1, 1, 1, 1, 1, 1, 0, 1, 0, 1, 0, 1, 1]","[1, 0, 0, 0, 0, 0, 1, 1, 1, 0, 0, 1, 0, 1, 0, 1, 0, 1, 1]","['True_animalFeed', 'True_water', 'True_liveAnimalInput', 'True_electricityFuel', 'True_transport', 'True_pesticideVeterinaryDrug', 'True_seed', 'True_otherChemical', 'True_animalPopulation', 'True_freshForage', 'True_excreta', 'True_product', 'True_waste', 'True_soilAmendment', 'True_operation', 'True_fertiliser', 'True_material', 'True_ingredient', 'True_cropResidue']",32,google-bert/bert-base-uncased,System Boundary,original,no rag
37,"Permanent pasture producing beef cattle, cow in spain. cycle description: average annual production data across 9 different conventional dehesa cattle farms. cow-calf operation. What is in the system boundary?","[1, 1, 0, 0, 0, 0, 1, 1, 1, 0, 0, 1, 0, 0, 0, 0, 0, 1, 1]","[1, 0, 0, 0, 0, 1, 1, 1, 1, 0, 0, 1, 0, 0, 0, 0, 0, 1, 1]","['True_animalFeed', 'True_water', 'True_liveAnimalInput', 'True_electricityFuel', 'True_transport', 'True_pesticideVeterinaryDrug', 'True_seed', 'True_otherChemical', 'True_animalPopulation', 'True_freshForage', 'True_excreta', 'True_product', 'True_waste', 'True_soilAmendment', 'True_operation', 'True_fertiliser', 'True_material', 'True_ingredient', 'True_cropResidue']",37,google-bert/bert-base-uncased,System Boundary,original,no rag
49,"Animal housing producing beef cattle, heifer and steer in spain. cycle description: average production data across 4 farms with fattening facilities and 2 specialist fattening farms. What is in the system boundary?","[1, 1, 1, 0, 0, 0, 1, 1, 1, 1, 0, 1, 0, 1, 0, 1, 0, 1, 1]","[1, 1, 0, 1, 0, 0, 1, 1, 1, 0, 0, 1, 0, 1, 0, 1, 0, 1, 1]","['True_animalFeed', 'True_water', 'True_liveAnimalInput', 'True_electricityFuel', 'True_transport', 'True_pesticideVeterinaryDrug', 'True_seed', 'True_otherChemical', 'True_animalPopulation', 'True_freshForage', 'True_excreta', 'True_product', 'True_waste', 'True_soilAmendment', 'True_operation', 'True_fertiliser', 'True_material', 'True_ingredient', 'True_cropResidue']",49,google-bert/bert-base-uncased,System Boundary,original,no rag
51,"Permanent pasture producing beef cattle, cow in spain. cycle description: average annual production data across 6 different organic dehesa cattle farms. cow-calf operation. What is in the system boundary?","[1, 1, 0, 0, 0, 1, 1, 1, 1, 0, 0, 1, 0, 0, 0, 0, 0, 1, 1]","[1, 0, 0, 0, 0, 1, 1, 1, 1, 0, 0, 1, 0, 0, 0, 0, 0, 1, 1]","['True_animalFeed', 'True_water', 'True_liveAnimalInput', 'True_electricityFuel', 'True_transport', 'True_pesticideVeterinaryDrug', 'True_seed', 'True_otherChemical', 'True_animalPopulation', 'True_freshForage', 'True_excreta', 'True_product', 'True_waste', 'True_soilAmendment', 'True_operation', 'True_fertiliser', 'True_material', 'True_ingredient', 'True_cropResidue']",51,google-bert/bert-base-uncased,System Boundary,original,no rag
64,"Animal housing producing pig, sow in denmark. cycle description: sows. What is in the system boundary?","[1, 0, 1, 1, 0, 0, 1, 0, 1, 1, 0, 1, 1, 1, 0, 1, 0, 1, 1]","[1, 0, 1, 0, 0, 0, 1, 0, 1, 1, 0, 1, 1, 1, 0, 1, 0, 1, 1]","['True_animalFeed', 'True_water', 'True_liveAnimalInput', 'True_electricityFuel', 'True_transport', 'True_pesticideVeterinaryDrug', 'True_seed', 'True_otherChemical', 'True_animalPopulation', 'True_freshForage', 'True_excreta', 'True_product', 'True_waste', 'True_soilAmendment', 'True_operation', 'True_fertiliser', 'True_material', 'True_ingredient', 'True_cropResidue']",64,google-bert/bert-base-uncased,System Boundary,original,no rag
67,"Animal housing producing milk, cow, raw (fpcm) in denmark. cycle description: conventional dairy. What is in the system boundary?","[1, 0, 1, 0, 0, 0, 1, 1, 1, 1, 0, 1, 0, 1, 0, 1, 0, 1, 1]","[1, 0, 1, 0, 0, 1, 1, 1, 1, 1, 0, 1, 0, 1, 0, 1, 0, 1, 1]","['True_animalFeed', 'True_water', 'True_liveAnimalInput', 'True_electricityFuel', 'True_transport', 'True_pesticideVeterinaryDrug', 'True_seed', 'True_otherChemical', 'True_animalPopulation', 'True_freshForage', 'True_excreta', 'True_product', 'True_waste', 'True_soilAmendment', 'True_operation', 'True_fertiliser', 'True_material', 'True_ingredient', 'True_cropResidue']",67,google-bert/bert-base-uncased,System Boundary,original,no rag
76,Agri-food processor producing poultry by in product meal. cycle description: slaughterhouse. What is in the system boundary?,"[1, 1, 1, 1, 1, 1, 1, 1, 1, 1, 1, 1, 0, 1, 1, 1, 0, 1, 1]","[1, 1, 1, 1, 0, 1, 1, 1, 1, 1, 1, 1, 0, 1, 0, 1, 0, 1, 1]","['True_animalFeed', 'True_water', 'True_liveAnimalInput', 'True_electricityFuel', 'True_transport', 'True_pesticideVeterinaryDrug', 'True_seed', 'True_otherChemical', 'True_animalPopulation', 'True_freshForage', 'True_excreta', 'True_product', 'True_waste', 'True_soilAmendment', 'True_operation', 'True_fertiliser', 'True_material', 'True_ingredient', 'True_cropResidue']",76,google-bert/bert-base-uncased,System Boundary,original,no rag
0,"Agri-food processor producing meat, pig (cold dressed carcass weight) in netherlands. cycle description: production of pork meat from pigs. What is in the system boundary?","[1, 0, 1, 0, 0, 1, 1, 0, 1, 1, 1, 1, 0, 1, 0, 1, 0, 1, 1]","[1, 0, 1, 0, 0, 1, 1, 1, 1, 1, 1, 0, 0, 1, 0, 1, 0, 1, 1]","['True_animalFeed', 'True_water', 'True_liveAnimalInput', 'True_electricityFuel', 'True_transport', 'True_pesticideVeterinaryDrug', 'True_seed', 'True_otherChemical', 'True_animalPopulation', 'True_freshForage', 'True_excreta', 'True_product', 'True_waste', 'True_soilAmendment', 'True_operation', 'True_fertiliser', 'True_material', 'True_ingredient', 'True_cropResidue']",0,microsoft/deberta-v3-base,System Boundary,original,no rag
2,"Animal housing producing beef cattle, heifer and steer in spain. cycle description: average production data across 4 farms with fattening facilities and 2 specialist fattening farms. What is in the system boundary?","[1, 1, 1, 0, 0, 1, 1, 1, 1, 1, 0, 1, 0, 1, 0, 1, 0, 1, 1]","[1, 0, 0, 1, 0, 0, 1, 1, 1, 1, 0, 1, 1, 1, 0, 1, 0, 1, 1]","['True_animalFeed', 'True_water', 'True_liveAnimalInput', 'True_electricityFuel', 'True_transport', 'True_pesticideVeterinaryDrug', 'True_seed', 'True_otherChemical', 'True_animalPopulation', 'True_freshForage', 'True_excreta', 'True_product', 'True_waste', 'True_soilAmendment', 'True_operation', 'True_fertiliser', 'True_material', 'True_ingredient', 'True_cropResidue']",2,microsoft/deberta-v3-base,System Boundary,original,no rag
13,"Animal housing producing eggs, hen, in shell (number) in thailand. cycle description: cb8-parent farm 5. site description: 12 big corporations that account for more than 90% of the country’s total capacity. What is in the system boundary?","[1, 1, 0, 1, 0, 0, 1, 1, 1, 1, 1, 1, 1, 1, 0, 1, 0, 1, 1]","[1, 1, 1, 1, 0, 0, 1, 1, 1, 1, 1, 1, 1, 1, 0, 1, 0, 1, 1]","['True_animalFeed', 'True_water', 'True_liveAnimalInput', 'True_electricityFuel', 'True_transport', 'True_pesticideVeterinaryDrug', 'True_seed', 'True_otherChemical', 'True_animalPopulation', 'True_freshForage', 'True_excreta', 'True_product', 'True_waste', 'True_soilAmendment', 'True_operation', 'True_fertiliser', 'True_material', 'True_ingredient', 'True_cropResidue']",13,microsoft/deberta-v3-base,System Boundary,original,no rag
23,"Animal housing producing meat, dairy cattle (liveweight) in denmark. cycle description: conventional dairy. What is in the system boundary?","[1, 0, 1, 0, 0, 0, 1, 1, 1, 1, 0, 1, 0, 1, 0, 1, 0, 1, 1]","[1, 0, 1, 0, 0, 1, 1, 1, 1, 1, 0, 1, 0, 1, 0, 1, 0, 1, 1]","['True_animalFeed', 'True_water', 'True_liveAnimalInput', 'True_electricityFuel', 'True_transport', 'True_pesticideVeterinaryDrug', 'True_seed', 'True_otherChemical', 'True_animalPopulation', 'True_freshForage', 'True_excreta', 'True_product', 'True_waste', 'True_soilAmendment', 'True_operation', 'True_fertiliser', 'True_material', 'True_ingredient', 'True_cropResidue']",23,microsoft/deberta-v3-base,System Boundary,original,no rag
32,"Permanent pasture producing meat, beef cattle (liveweight) in ireland. cycle description: average production data from 19 suckler calf-to-beef finishing farms participating in the teagasc/irish farmers journal better farm imrovement programme. What is in the system boundary?","[1, 0, 1, 1, 0, 1, 1, 1, 1, 1, 1, 1, 0, 1, 0, 1, 0, 1, 1]","[1, 0, 0, 0, 0, 0, 1, 1, 1, 0, 0, 1, 0, 1, 0, 1, 0, 1, 1]","['True_animalFeed', 'True_water', 'True_liveAnimalInput', 'True_electricityFuel', 'True_transport', 'True_pesticideVeterinaryDrug', 'True_seed', 'True_otherChemical', 'True_animalPopulation', 'True_freshForage', 'True_excreta', 'True_product', 'True_waste', 'True_soilAmendment', 'True_operation', 'True_fertiliser', 'True_material', 'True_ingredient', 'True_cropResidue']",32,microsoft/deberta-v3-base,System Boundary,original,no rag
37,"Permanent pasture producing beef cattle, cow in spain. cycle description: average annual production data across 9 different conventional dehesa cattle farms. cow-calf operation. What is in the system boundary?","[1, 1, 0, 0, 0, 0, 1, 1, 1, 0, 0, 1, 0, 0, 0, 0, 0, 1, 1]","[1, 0, 0, 0, 0, 1, 1, 1, 1, 0, 0, 1, 0, 0, 0, 1, 0, 1, 1]","['True_animalFeed', 'True_water', 'True_liveAnimalInput', 'True_electricityFuel', 'True_transport', 'True_pesticideVeterinaryDrug', 'True_seed', 'True_otherChemical', 'True_animalPopulation', 'True_freshForage', 'True_excreta', 'True_product', 'True_waste', 'True_soilAmendment', 'True_operation', 'True_fertiliser', 'True_material', 'True_ingredient', 'True_cropResidue']",37,microsoft/deberta-v3-base,System Boundary,original,no rag
43,"Animal housing producing meat, dairy cattle (liveweight) in brazil. cycle description: aggregate cycle representing data from 4 farms in the central-east mesoregion on parana in 2019, all producing milk under a full confinement system. What is in the system boundary?","[1, 1, 1, 1, 0, 0, 0, 1, 0, 1, 1, 1, 0, 1, 0, 1, 0, 1, 1]","[1, 1, 1, 1, 0, 0, 1, 1, 0, 1, 1, 1, 0, 1, 0, 1, 0, 1, 1]","['True_animalFeed', 'True_water', 'True_liveAnimalInput', 'True_electricityFuel', 'True_transport', 'True_pesticideVeterinaryDrug', 'True_seed', 'True_otherChemical', 'True_animalPopulation', 'True_freshForage', 'True_excreta', 'True_product', 'True_waste', 'True_soilAmendment', 'True_operation', 'True_fertiliser', 'True_material', 'True_ingredient', 'True_cropResidue']",43,microsoft/deberta-v3-base,System Boundary,original,no rag
49,"Animal housing producing beef cattle, heifer and steer in spain. cycle description: average production data across 4 farms with fattening facilities and 2 specialist fattening farms. What is in the system boundary?","[1, 1, 1, 0, 0, 0, 1, 1, 1, 1, 0, 1, 0, 1, 0, 1, 0, 1, 1]","[1, 0, 0, 1, 0, 0, 1, 1, 1, 1, 0, 1, 1, 1, 0, 1, 0, 1, 1]","['True_animalFeed', 'True_water', 'True_liveAnimalInput', 'True_electricityFuel', 'True_transport', 'True_pesticideVeterinaryDrug', 'True_seed', 'True_otherChemical', 'True_animalPopulation', 'True_freshForage', 'True_excreta', 'True_product', 'True_waste', 'True_soilAmendment', 'True_operation', 'True_fertiliser', 'True_material', 'True_ingredient', 'True_cropResidue']",49,microsoft/deberta-v3-base,System Boundary,original,no rag
50,"Animal housing producing meat, dairy cattle (liveweight) in italy. cycle description: cycle for farm producing milk and meat, with an ad on-site. What is in the system boundary?","[1, 0, 1, 1, 1, 0, 1, 1, 1, 0, 1, 1, 0, 1, 0, 1, 0, 1, 1]","[0, 1, 1, 0, 1, 0, 1, 1, 1, 0, 0, 1, 0, 1, 0, 1, 0, 1, 1]","['True_animalFeed', 'True_water', 'True_liveAnimalInput', 'True_electricityFuel', 'True_transport', 'True_pesticideVeterinaryDrug', 'True_seed', 'True_otherChemical', 'True_animalPopulation', 'True_freshForage', 'True_excreta', 'True_product', 'True_waste', 'True_soilAmendment', 'True_operation', 'True_fertiliser', 'True_material', 'True_ingredient', 'True_cropResidue']",50,microsoft/deberta-v3-base,System Boundary,original,no rag
51,"Permanent pasture producing beef cattle, cow in spain. cycle description: average annual production data across 6 different organic dehesa cattle farms. cow-calf operation. What is in the system boundary?","[1, 1, 0, 0, 0, 1, 1, 1, 1, 0, 0, 1, 0, 0, 0, 0, 0, 1, 1]","[1, 1, 0, 0, 0, 1, 1, 1, 1, 0, 0, 1, 0, 0, 0, 1, 0, 1, 1]","['True_animalFeed', 'True_water', 'True_liveAnimalInput', 'True_electricityFuel', 'True_transport', 'True_pesticideVeterinaryDrug', 'True_seed', 'True_otherChemical', 'True_animalPopulation', 'True_freshForage', 'True_excreta', 'True_product', 'True_waste', 'True_soilAmendment', 'True_operation', 'True_fertiliser', 'True_material', 'True_ingredient', 'True_cropResidue']",51,microsoft/deberta-v3-base,System Boundary,original,no rag
55,"Animal housing producing meat, dairy cattle (liveweight) in indonesia. cycle description: milk production cycle - average production cycle over 288 farms. What is in the system boundary?","[1, 0, 1, 0, 0, 1, 1, 1, 1, 1, 0, 1, 0, 1, 0, 1, 0, 1, 1]","[1, 0, 1, 0, 0, 0, 1, 1, 1, 1, 0, 1, 0, 1, 0, 1, 0, 1, 1]","['True_animalFeed', 'True_water', 'True_liveAnimalInput', 'True_electricityFuel', 'True_transport', 'True_pesticideVeterinaryDrug', 'True_seed', 'True_otherChemical', 'True_animalPopulation', 'True_freshForage', 'True_excreta', 'True_product', 'True_waste', 'True_soilAmendment', 'True_operation', 'True_fertiliser', 'True_material', 'True_ingredient', 'True_cropResidue']",55,microsoft/deberta-v3-base,System Boundary,original,no rag
67,"Animal housing producing milk, cow, raw (fpcm) in denmark. cycle description: conventional dairy. What is in the system boundary?","[1, 0, 1, 0, 0, 0, 1, 1, 1, 1, 0, 1, 0, 1, 0, 1, 0, 1, 1]","[1, 0, 1, 0, 0, 1, 1, 1, 1, 1, 0, 1, 0, 1, 0, 1, 0, 1, 1]","['True_animalFeed', 'True_water', 'True_liveAnimalInput', 'True_electricityFuel', 'True_transport', 'True_pesticideVeterinaryDrug', 'True_seed', 'True_otherChemical', 'True_animalPopulation', 'True_freshForage', 'True_excreta', 'True_product', 'True_waste', 'True_soilAmendment', 'True_operation', 'True_fertiliser', 'True_material', 'True_ingredient', 'True_cropResidue']",67,microsoft/deberta-v3-base,System Boundary,original,no rag
71,"Permanent pasture producing meat, dairy cattle (liveweight) in brazil. cycle description: aggregate cycle representing data from 4 farms in zona da mata, minas gerais in 2019, all producing milk under a semi-confinement system, where animals spend part of each day on pasture, and the remainder confined. What is in the system boundary?","[1, 1, 1, 1, 0, 0, 0, 1, 0, 0, 1, 1, 0, 1, 0, 1, 0, 1, 1]","[1, 1, 1, 1, 0, 0, 1, 1, 0, 0, 1, 1, 0, 1, 0, 1, 0, 1, 1]","['True_animalFeed', 'True_water', 'True_liveAnimalInput', 'True_electricityFuel', 'True_transport', 'True_pesticideVeterinaryDrug', 'True_seed', 'True_otherChemical', 'True_animalPopulation', 'True_freshForage', 'True_excreta', 'True_product', 'True_waste', 'True_soilAmendment', 'True_operation', 'True_fertiliser', 'True_material', 'True_ingredient', 'True_cropResidue']",71,microsoft/deberta-v3-base,System Boundary,original,no rag
76,Agri-food processor producing poultry by in product meal. cycle description: slaughterhouse. What is in the system boundary?,"[1, 1, 1, 1, 1, 1, 1, 1, 1, 1, 1, 1, 0, 1, 1, 1, 0, 1, 1]","[1, 0, 1, 0, 0, 1, 1, 1, 1, 1, 1, 1, 0, 1, 0, 1, 0, 1, 1]","['True_animalFeed', 'True_water', 'True_liveAnimalInput', 'True_electricityFuel', 'True_transport', 'True_pesticideVeterinaryDrug', 'True_seed', 'True_otherChemical', 'True_animalPopulation', 'True_freshForage', 'True_excreta', 'True_product', 'True_waste', 'True_soilAmendment', 'True_operation', 'True_fertiliser', 'True_material', 'True_ingredient', 'True_cropResidue']",76,microsoft/deberta-v3-base,System Boundary,original,no rag
0,"Agri-food processor producing meat, pig (cold dressed carcass weight) in netherlands. cycle description: production of pork meat from pigs. What is in the system boundary?","[1, 0, 1, 0, 0, 1, 1, 0, 1, 1, 1, 1, 0, 1, 0, 1, 0, 1, 1]","[1, 1, 1, 0, 0, 1, 1, 1, 1, 1, 1, 0, 0, 1, 0, 1, 0, 1, 1]","['True_animalFeed', 'True_water', 'True_liveAnimalInput', 'True_electricityFuel', 'True_transport', 'True_pesticideVeterinaryDrug', 'True_seed', 'True_otherChemical', 'True_animalPopulation', 'True_freshForage', 'True_excreta', 'True_product', 'True_waste', 'True_soilAmendment', 'True_operation', 'True_fertiliser', 'True_material', 'True_ingredient', 'True_cropResidue']",0,microsoft/deberta-v3-large,System Boundary,original,no rag
2,"Animal housing producing beef cattle, heifer and steer in spain. cycle description: average production data across 4 farms with fattening facilities and 2 specialist fattening farms. What is in the system boundary?","[1, 1, 1, 0, 0, 1, 1, 1, 1, 1, 0, 1, 0, 1, 0, 1, 0, 1, 1]","[1, 1, 1, 1, 0, 0, 1, 1, 1, 1, 1, 1, 0, 1, 0, 1, 0, 1, 1]","['True_animalFeed', 'True_water', 'True_liveAnimalInput', 'True_electricityFuel', 'True_transport', 'True_pesticideVeterinaryDrug', 'True_seed', 'True_otherChemical', 'True_animalPopulation', 'True_freshForage', 'True_excreta', 'True_product', 'True_waste', 'True_soilAmendment', 'True_operation', 'True_fertiliser', 'True_material', 'True_ingredient', 'True_cropResidue']",2,microsoft/deberta-v3-large,System Boundary,original,no rag
13,"Animal housing producing eggs, hen, in shell (number) in thailand. cycle description: cb8-parent farm 5. site description: 12 big corporations that account for more than 90% of the country’s total capacity. What is in the system boundary?","[1, 1, 0, 1, 0, 0, 1, 1, 1, 1, 1, 1, 1, 1, 0, 1, 0, 1, 1]","[1, 1, 1, 1, 0, 0, 1, 1, 1, 1, 1, 1, 1, 1, 0, 1, 0, 1, 1]","['True_animalFeed', 'True_water', 'True_liveAnimalInput', 'True_electricityFuel', 'True_transport', 'True_pesticideVeterinaryDrug', 'True_seed', 'True_otherChemical', 'True_animalPopulation', 'True_freshForage', 'True_excreta', 'True_product', 'True_waste', 'True_soilAmendment', 'True_operation', 'True_fertiliser', 'True_material', 'True_ingredient', 'True_cropResidue']",13,microsoft/deberta-v3-large,System Boundary,original,no rag
23,"Animal housing producing meat, dairy cattle (liveweight) in denmark. cycle description: conventional dairy. What is in the system boundary?","[1, 0, 1, 0, 0, 0, 1, 1, 1, 1, 0, 1, 0, 1, 0, 1, 0, 1, 1]","[1, 0, 1, 0, 0, 1, 1, 1, 1, 1, 0, 1, 0, 1, 0, 1, 0, 1, 1]","['True_animalFeed', 'True_water', 'True_liveAnimalInput', 'True_electricityFuel', 'True_transport', 'True_pesticideVeterinaryDrug', 'True_seed', 'True_otherChemical', 'True_animalPopulation', 'True_freshForage', 'True_excreta', 'True_product', 'True_waste', 'True_soilAmendment', 'True_operation', 'True_fertiliser', 'True_material', 'True_ingredient', 'True_cropResidue']",23,microsoft/deberta-v3-large,System Boundary,original,no rag
32,"Permanent pasture producing meat, beef cattle (liveweight) in ireland. cycle description: average production data from 19 suckler calf-to-beef finishing farms participating in the teagasc/irish farmers journal better farm imrovement programme. What is in the system boundary?","[1, 0, 1, 1, 0, 1, 1, 1, 1, 1, 1, 1, 0, 1, 0, 1, 0, 1, 1]","[1, 0, 1, 0, 0, 0, 1, 1, 1, 1, 0, 1, 0, 1, 0, 1, 0, 1, 1]","['True_animalFeed', 'True_water', 'True_liveAnimalInput', 'True_electricityFuel', 'True_transport', 'True_pesticideVeterinaryDrug', 'True_seed', 'True_otherChemical', 'True_animalPopulation', 'True_freshForage', 'True_excreta', 'True_product', 'True_waste', 'True_soilAmendment', 'True_operation', 'True_fertiliser', 'True_material', 'True_ingredient', 'True_cropResidue']",32,microsoft/deberta-v3-large,System Boundary,original,no rag
37,"Permanent pasture producing beef cattle, cow in spain. cycle description: average annual production data across 9 different conventional dehesa cattle farms. cow-calf operation. What is in the system boundary?","[1, 1, 0, 0, 0, 0, 1, 1, 1, 0, 0, 1, 0, 0, 0, 0, 0, 1, 1]","[1, 1, 0, 0, 0, 1, 1, 1, 1, 0, 0, 1, 0, 0, 0, 0, 0, 1, 1]","['True_animalFeed', 'True_water', 'True_liveAnimalInput', 'True_electricityFuel', 'True_transport', 'True_pesticideVeterinaryDrug', 'True_seed', 'True_otherChemical', 'True_animalPopulation', 'True_freshForage', 'True_excreta', 'True_product', 'True_waste', 'True_soilAmendment', 'True_operation', 'True_fertiliser', 'True_material', 'True_ingredient', 'True_cropResidue']",37,microsoft/deberta-v3-large,System Boundary,original,no rag
49,"Animal housing producing beef cattle, heifer and steer in spain. cycle description: average production data across 4 farms with fattening facilities and 2 specialist fattening farms. What is in the system boundary?","[1, 1, 1, 0, 0, 0, 1, 1, 1, 1, 0, 1, 0, 1, 0, 1, 0, 1, 1]","[1, 1, 1, 1, 0, 0, 1, 1, 1, 1, 1, 1, 0, 1, 0, 1, 0, 1, 1]","['True_animalFeed', 'True_water', 'True_liveAnimalInput', 'True_electricityFuel', 'True_transport', 'True_pesticideVeterinaryDrug', 'True_seed', 'True_otherChemical', 'True_animalPopulation', 'True_freshForage', 'True_excreta', 'True_product', 'True_waste', 'True_soilAmendment', 'True_operation', 'True_fertiliser', 'True_material', 'True_ingredient', 'True_cropResidue']",49,microsoft/deberta-v3-large,System Boundary,original,no rag
50,"Animal housing producing meat, dairy cattle (liveweight) in italy. cycle description: cycle for farm producing milk and meat, with an ad on-site. What is in the system boundary?","[1, 0, 1, 1, 1, 0, 1, 1, 1, 0, 1, 1, 0, 1, 0, 1, 0, 1, 1]","[1, 1, 1, 1, 1, 0, 1, 1, 1, 0, 1, 1, 0, 1, 0, 1, 0, 1, 1]","['True_animalFeed', 'True_water', 'True_liveAnimalInput', 'True_electricityFuel', 'True_transport', 'True_pesticideVeterinaryDrug', 'True_seed', 'True_otherChemical', 'True_animalPopulation', 'True_freshForage', 'True_excreta', 'True_product', 'True_waste', 'True_soilAmendment', 'True_operation', 'True_fertiliser', 'True_material', 'True_ingredient', 'True_cropResidue']",50,microsoft/deberta-v3-large,System Boundary,original,no rag
67,"Animal housing producing milk, cow, raw (fpcm) in denmark. cycle description: conventional dairy. What is in the system boundary?","[1, 0, 1, 0, 0, 0, 1, 1, 1, 1, 0, 1, 0, 1, 0, 1, 0, 1, 1]","[1, 0, 1, 0, 0, 1, 1, 1, 1, 1, 0, 1, 0, 1, 0, 1, 0, 1, 1]","['True_animalFeed', 'True_water', 'True_liveAnimalInput', 'True_electricityFuel', 'True_transport', 'True_pesticideVeterinaryDrug', 'True_seed', 'True_otherChemical', 'True_animalPopulation', 'True_freshForage', 'True_excreta', 'True_product', 'True_waste', 'True_soilAmendment', 'True_operation', 'True_fertiliser', 'True_material', 'True_ingredient', 'True_cropResidue']",67,microsoft/deberta-v3-large,System Boundary,original,no rag
76,Agri-food processor producing poultry by in product meal. cycle description: slaughterhouse. What is in the system boundary?,"[1, 1, 1, 1, 1, 1, 1, 1, 1, 1, 1, 1, 0, 1, 1, 1, 0, 1, 1]","[1, 1, 1, 0, 1, 1, 1, 1, 1, 1, 1, 1, 0, 1, 0, 1, 0, 1, 1]","['True_animalFeed', 'True_water', 'True_liveAnimalInput', 'True_electricityFuel', 'True_transport', 'True_pesticideVeterinaryDrug', 'True_seed', 'True_otherChemical', 'True_animalPopulation', 'True_freshForage', 'True_excreta', 'True_product', 'True_waste', 'True_soilAmendment', 'True_operation', 'True_fertiliser', 'True_material', 'True_ingredient', 'True_cropResidue']",76,microsoft/deberta-v3-large,System Boundary,original,no rag
0,"Agri-food processor producing meat, pig (cold dressed carcass weight) in netherlands. cycle description: production of pork meat from pigs. What is in the system boundary?","[1, 0, 1, 0, 0, 1, 1, 0, 1, 1, 1, 1, 0, 1, 0, 1, 0, 1, 1]","[1, 1, 1, 0, 0, 1, 1, 1, 1, 1, 1, 1, 0, 1, 0, 1, 0, 1, 1]","['True_animalFeed', 'True_water', 'True_liveAnimalInput', 'True_electricityFuel', 'True_transport', 'True_pesticideVeterinaryDrug', 'True_seed', 'True_otherChemical', 'True_animalPopulation', 'True_freshForage', 'True_excreta', 'True_product', 'True_waste', 'True_soilAmendment', 'True_operation', 'True_fertiliser', 'True_material', 'True_ingredient', 'True_cropResidue']",0,microsoft/deberta-v3-small,System Boundary,original,no rag
2,"Animal housing producing beef cattle, heifer and steer in spain. cycle description: average production data across 4 farms with fattening facilities and 2 specialist fattening farms. What is in the system boundary?","[1, 1, 1, 0, 0, 1, 1, 1, 1, 1, 0, 1, 0, 1, 0, 1, 0, 1, 1]","[0, 1, 0, 1, 0, 0, 1, 1, 1, 0, 1, 1, 0, 1, 0, 1, 0, 1, 1]","['True_animalFeed', 'True_water', 'True_liveAnimalInput', 'True_electricityFuel', 'True_transport', 'True_pesticideVeterinaryDrug', 'True_seed', 'True_otherChemical', 'True_animalPopulation', 'True_freshForage', 'True_excreta', 'True_product', 'True_waste', 'True_soilAmendment', 'True_operation', 'True_fertiliser', 'True_material', 'True_ingredient', 'True_cropResidue']",2,microsoft/deberta-v3-small,System Boundary,original,no rag
13,"Animal housing producing eggs, hen, in shell (number) in thailand. cycle description: cb8-parent farm 5. site description: 12 big corporations that account for more than 90% of the country’s total capacity. What is in the system boundary?","[1, 1, 0, 1, 0, 0, 1, 1, 1, 1, 1, 1, 1, 1, 0, 1, 0, 1, 1]","[1, 1, 1, 1, 0, 0, 1, 1, 1, 1, 1, 1, 1, 1, 0, 1, 0, 1, 1]","['True_animalFeed', 'True_water', 'True_liveAnimalInput', 'True_electricityFuel', 'True_transport', 'True_pesticideVeterinaryDrug', 'True_seed', 'True_otherChemical', 'True_animalPopulation', 'True_freshForage', 'True_excreta', 'True_product', 'True_waste', 'True_soilAmendment', 'True_operation', 'True_fertiliser', 'True_material', 'True_ingredient', 'True_cropResidue']",13,microsoft/deberta-v3-small,System Boundary,original,no rag
23,"Animal housing producing meat, dairy cattle (liveweight) in denmark. cycle description: conventional dairy. What is in the system boundary?","[1, 0, 1, 0, 0, 0, 1, 1, 1, 1, 0, 1, 0, 1, 0, 1, 0, 1, 1]","[1, 0, 1, 0, 0, 1, 1, 1, 1, 1, 0, 1, 0, 1, 0, 1, 0, 1, 1]","['True_animalFeed', 'True_water', 'True_liveAnimalInput', 'True_electricityFuel', 'True_transport', 'True_pesticideVeterinaryDrug', 'True_seed', 'True_otherChemical', 'True_animalPopulation', 'True_freshForage', 'True_excreta', 'True_product', 'True_waste', 'True_soilAmendment', 'True_operation', 'True_fertiliser', 'True_material', 'True_ingredient', 'True_cropResidue']",23,microsoft/deberta-v3-small,System Boundary,original,no rag
32,"Permanent pasture producing meat, beef cattle (liveweight) in ireland. cycle description: average production data from 19 suckler calf-to-beef finishing farms participating in the teagasc/irish farmers journal better farm imrovement programme. What is in the system boundary?","[1, 0, 1, 1, 0, 1, 1, 1, 1, 1, 1, 1, 0, 1, 0, 1, 0, 1, 1]","[1, 0, 0, 0, 0, 0, 1, 1, 0, 1, 0, 1, 0, 1, 0, 1, 0, 1, 1]","['True_animalFeed', 'True_water', 'True_liveAnimalInput', 'True_electricityFuel', 'True_transport', 'True_pesticideVeterinaryDrug', 'True_seed', 'True_otherChemical', 'True_animalPopulation', 'True_freshForage', 'True_excreta', 'True_product', 'True_waste', 'True_soilAmendment', 'True_operation', 'True_fertiliser', 'True_material', 'True_ingredient', 'True_cropResidue']",32,microsoft/deberta-v3-small,System Boundary,original,no rag
37,"Permanent pasture producing beef cattle, cow in spain. cycle description: average annual production data across 9 different conventional dehesa cattle farms. cow-calf operation. What is in the system boundary?","[1, 1, 0, 0, 0, 0, 1, 1, 1, 0, 0, 1, 0, 0, 0, 0, 0, 1, 1]","[1, 0, 0, 1, 0, 1, 1, 1, 1, 0, 0, 1, 0, 1, 0, 1, 0, 1, 1]","['True_animalFeed', 'True_water', 'True_liveAnimalInput', 'True_electricityFuel', 'True_transport', 'True_pesticideVeterinaryDrug', 'True_seed', 'True_otherChemical', 'True_animalPopulation', 'True_freshForage', 'True_excreta', 'True_product', 'True_waste', 'True_soilAmendment', 'True_operation', 'True_fertiliser', 'True_material', 'True_ingredient', 'True_cropResidue']",37,microsoft/deberta-v3-small,System Boundary,original,no rag
43,"Animal housing producing meat, dairy cattle (liveweight) in brazil. cycle description: aggregate cycle representing data from 4 farms in the central-east mesoregion on parana in 2019, all producing milk under a full confinement system. What is in the system boundary?","[1, 1, 1, 1, 0, 0, 0, 1, 0, 1, 1, 1, 0, 1, 0, 1, 0, 1, 1]","[1, 1, 1, 1, 0, 0, 1, 1, 0, 1, 1, 1, 0, 1, 0, 1, 0, 1, 1]","['True_animalFeed', 'True_water', 'True_liveAnimalInput', 'True_electricityFuel', 'True_transport', 'True_pesticideVeterinaryDrug', 'True_seed', 'True_otherChemical', 'True_animalPopulation', 'True_freshForage', 'True_excreta', 'True_product', 'True_waste', 'True_soilAmendment', 'True_operation', 'True_fertiliser', 'True_material', 'True_ingredient', 'True_cropResidue']",43,microsoft/deberta-v3-small,System Boundary,original,no rag
47,Animal housing producing pig in denmark. cycle description: finishers. What is in the system boundary?,"[1, 0, 1, 1, 0, 0, 1, 0, 1, 1, 0, 1, 1, 1, 0, 1, 0, 1, 1]","[1, 0, 1, 0, 0, 1, 1, 0, 1, 1, 0, 1, 0, 1, 0, 1, 0, 1, 1]","['True_animalFeed', 'True_water', 'True_liveAnimalInput', 'True_electricityFuel', 'True_transport', 'True_pesticideVeterinaryDrug', 'True_seed', 'True_otherChemical', 'True_animalPopulation', 'True_freshForage', 'True_excreta', 'True_product', 'True_waste', 'True_soilAmendment', 'True_operation', 'True_fertiliser', 'True_material', 'True_ingredient', 'True_cropResidue']",47,microsoft/deberta-v3-small,System Boundary,original,no rag
49,"Animal housing producing beef cattle, heifer and steer in spain. cycle description: average production data across 4 farms with fattening facilities and 2 specialist fattening farms. What is in the system boundary?","[1, 1, 1, 0, 0, 0, 1, 1, 1, 1, 0, 1, 0, 1, 0, 1, 0, 1, 1]","[0, 1, 0, 1, 0, 0, 1, 1, 1, 0, 1, 1, 0, 1, 0, 1, 0, 1, 1]","['True_animalFeed', 'True_water', 'True_liveAnimalInput', 'True_electricityFuel', 'True_transport', 'True_pesticideVeterinaryDrug', 'True_seed', 'True_otherChemical', 'True_animalPopulation', 'True_freshForage', 'True_excreta', 'True_product', 'True_waste', 'True_soilAmendment', 'True_operation', 'True_fertiliser', 'True_material', 'True_ingredient', 'True_cropResidue']",49,microsoft/deberta-v3-small,System Boundary,original,no rag
50,"Animal housing producing meat, dairy cattle (liveweight) in italy. cycle description: cycle for farm producing milk and meat, with an ad on-site. What is in the system boundary?","[1, 0, 1, 1, 1, 0, 1, 1, 1, 0, 1, 1, 0, 1, 0, 1, 0, 1, 1]","[1, 1, 1, 1, 0, 0, 1, 1, 1, 0, 1, 1, 0, 1, 0, 1, 0, 1, 1]","['True_animalFeed', 'True_water', 'True_liveAnimalInput', 'True_electricityFuel', 'True_transport', 'True_pesticideVeterinaryDrug', 'True_seed', 'True_otherChemical', 'True_animalPopulation', 'True_freshForage', 'True_excreta', 'True_product', 'True_waste', 'True_soilAmendment', 'True_operation', 'True_fertiliser', 'True_material', 'True_ingredient', 'True_cropResidue']",50,microsoft/deberta-v3-small,System Boundary,original,no rag
51,"Permanent pasture producing beef cattle, cow in spain. cycle description: average annual production data across 6 different organic dehesa cattle farms. cow-calf operation. What is in the system boundary?","[1, 1, 0, 0, 0, 1, 1, 1, 1, 0, 0, 1, 0, 0, 0, 0, 0, 1, 1]","[1, 0, 0, 1, 0, 0, 1, 1, 1, 0, 0, 1, 0, 1, 0, 0, 0, 1, 1]","['True_animalFeed', 'True_water', 'True_liveAnimalInput', 'True_electricityFuel', 'True_transport', 'True_pesticideVeterinaryDrug', 'True_seed', 'True_otherChemical', 'True_animalPopulation', 'True_freshForage', 'True_excreta', 'True_product', 'True_waste', 'True_soilAmendment', 'True_operation', 'True_fertiliser', 'True_material', 'True_ingredient', 'True_cropResidue']",51,microsoft/deberta-v3-small,System Boundary,original,no rag
64,"Animal housing producing pig, sow in denmark. cycle description: sows. What is in the system boundary?","[1, 0, 1, 1, 0, 0, 1, 0, 1, 1, 0, 1, 1, 1, 0, 1, 0, 1, 1]","[1, 0, 1, 0, 0, 0, 1, 0, 1, 1, 0, 1, 0, 1, 0, 1, 0, 1, 1]","['True_animalFeed', 'True_water', 'True_liveAnimalInput', 'True_electricityFuel', 'True_transport', 'True_pesticideVeterinaryDrug', 'True_seed', 'True_otherChemical', 'True_animalPopulation', 'True_freshForage', 'True_excreta', 'True_product', 'True_waste', 'True_soilAmendment', 'True_operation', 'True_fertiliser', 'True_material', 'True_ingredient', 'True_cropResidue']",64,microsoft/deberta-v3-small,System Boundary,original,no rag
67,"Animal housing producing milk, cow, raw (fpcm) in denmark. cycle description: conventional dairy. What is in the system boundary?","[1, 0, 1, 0, 0, 0, 1, 1, 1, 1, 0, 1, 0, 1, 0, 1, 0, 1, 1]","[1, 0, 1, 0, 0, 1, 1, 1, 1, 1, 0, 1, 0, 1, 0, 1, 0, 1, 1]","['True_animalFeed', 'True_water', 'True_liveAnimalInput', 'True_electricityFuel', 'True_transport', 'True_pesticideVeterinaryDrug', 'True_seed', 'True_otherChemical', 'True_animalPopulation', 'True_freshForage', 'True_excreta', 'True_product', 'True_waste', 'True_soilAmendment', 'True_operation', 'True_fertiliser', 'True_material', 'True_ingredient', 'True_cropResidue']",67,microsoft/deberta-v3-small,System Boundary,original,no rag
76,Agri-food processor producing poultry by in product meal. cycle description: slaughterhouse. What is in the system boundary?,"[1, 1, 1, 1, 1, 1, 1, 1, 1, 1, 1, 1, 0, 1, 1, 1, 0, 1, 1]","[1, 0, 1, 0, 0, 1, 1, 1, 1, 1, 1, 1, 0, 1, 0, 1, 0, 1, 1]","['True_animalFeed', 'True_water', 'True_liveAnimalInput', 'True_electricityFuel', 'True_transport', 'True_pesticideVeterinaryDrug', 'True_seed', 'True_otherChemical', 'True_animalPopulation', 'True_freshForage', 'True_excreta', 'True_product', 'True_waste', 'True_soilAmendment', 'True_operation', 'True_fertiliser', 'True_material', 'True_ingredient', 'True_cropResidue']",76,microsoft/deberta-v3-small,System Boundary,original,no rag
84,Animal housing producing broiler chicken in netherlands. cycle description: organic broiler. site description: access to outdoor area. 4m2 per bird. access to daylight. What is in the system boundary?,"[1, 0, 1, 1, 0, 0, 1, 1, 1, 1, 0, 1, 0, 1, 0, 1, 0, 1, 1]","[1, 1, 1, 1, 0, 0, 1, 1, 1, 1, 0, 1, 0, 1, 0, 1, 0, 1, 1]","['True_animalFeed', 'True_water', 'True_liveAnimalInput', 'True_electricityFuel', 'True_transport', 'True_pesticideVeterinaryDrug', 'True_seed', 'True_otherChemical', 'True_animalPopulation', 'True_freshForage', 'True_excreta', 'True_product', 'True_waste', 'True_soilAmendment', 'True_operation', 'True_fertiliser', 'True_material', 'True_ingredient', 'True_cropResidue']",84,microsoft/deberta-v3-small,System Boundary,original,no rag
14,Animal housing producing pig in netherlands. cycle description: fattening netherlands organic. Additional Relevant Context: none required,"[0, 0, 1, 0, 0, 0]","[1, 0, 0, 0, 0, 0]","['economic', 'energy', 'none required', 'none', 'mass', 'biophysical']",14,climatebert/distilroberta-base-climate-f,Allocation,original,rag
22,"Animal housing producing layer chicken, pullet in czech republic. cycle description: chicks are reared until young hens (pullets). Additional Relevant Context: none required","[0, 0, 0, 1, 0, 0]","[0, 0, 0, 0, 0, 0]","['economic', 'energy', 'none required', 'none', 'mass', 'biophysical']",22,climatebert/distilroberta-base-climate-f,Allocation,original,rag
27,"Permanent pasture producing meat, beef cattle (cold dressed carcass weight) in ireland. cycle description: alternative calf-to-beef system with a high grass utlilisation rate, where heifers are finished at 20 months and males are finished as steers at 24 months, with a moderate stocking density of 2.2 lu/ha. Additional Relevant Context: economic","[0, 0, 1, 0, 0, 0]","[0, 0, 0, 0, 0, 0]","['economic', 'energy', 'none required', 'none', 'mass', 'biophysical']",27,climatebert/distilroberta-base-climate-f,Allocation,original,rag
32,"Permanent pasture producing meat, beef cattle (liveweight) in ireland. cycle description: average production data from 19 suckler calf-to-beef finishing farms participating in the teagasc/irish farmers journal better farm imrovement programme. Additional Relevant Context: economic","[0, 0, 1, 0, 0, 0]","[1, 0, 0, 0, 0, 0]","['economic', 'energy', 'none required', 'none', 'mass', 'biophysical']",32,climatebert/distilroberta-base-climate-f,Allocation,original,rag
38,"Animal housing producing eggs, hen, in shell in canada. cycle description: an enriched cage system provides a larger space allowance per bird than conventional cages, as well as access to different furnishings and enrichments within the cage, including perches, nest boxes, scratch areas, etc. Additional Relevant Context: none required","[0, 0, 0, 0, 0, 1]","[0, 0, 0, 0, 0, 0]","['economic', 'energy', 'none required', 'none', 'mass', 'biophysical']",38,climatebert/distilroberta-base-climate-f,Allocation,original,rag
42,"Animal housing producing eggs, hen, in shell in canada. cycle description: in multi-tier free run systems, hens live either directly on the floor or within an aviary structure, with access to perches, nest and scratch areas, and other enrichments. Additional Relevant Context: none required","[0, 0, 0, 0, 0, 1]","[0, 0, 0, 0, 0, 0]","['economic', 'energy', 'none required', 'none', 'mass', 'biophysical']",42,climatebert/distilroberta-base-climate-f,Allocation,original,rag
43,"Animal housing producing meat, dairy cattle (liveweight) in brazil. cycle description: aggregate cycle representing data from 4 farms in the central-east mesoregion on parana in 2019, all producing milk under a full confinement system. Additional Relevant Context: economic","[1, 0, 0, 0, 0, 0]","[0, 0, 0, 0, 0, 0]","['economic', 'energy', 'none required', 'none', 'mass', 'biophysical']",43,climatebert/distilroberta-base-climate-f,Allocation,original,rag
45,"Permanent pasture producing beef cattle, steer in brazil. cycle description: scenario 4: improved natural grass/sorghum aberdeen angus. site description: farm in the western frontier region of the state of reio grande do sul in the southern part of brazil. for each cycle, we use the stocking density and the number of animals to calculate how ma ny hectares are used for each cycle. Additional Relevant Context: economic","[0, 0, 0, 1, 0, 0]","[0, 0, 0, 0, 0, 0]","['economic', 'energy', 'none required', 'none', 'mass', 'biophysical']",45,climatebert/distilroberta-base-climate-f,Allocation,original,rag
46,"Permanent pasture producing beef cattle, steer in united kingdom. cycle description: early maturing suckler bred bull weanlings breeds of aberdeen angus and hereford sired, kept in housing to begin with and then moved to pasture before being slaughtered at 20 months of age. Additional Relevant Context: mass","[0, 0, 0, 1, 0, 0]","[0, 0, 0, 0, 0, 0]","['economic', 'energy', 'none required', 'none', 'mass', 'biophysical']",46,climatebert/distilroberta-base-climate-f,Allocation,original,rag
47,Animal housing producing pig in denmark. cycle description: finishers. Additional Relevant Context: economic,"[1, 0, 0, 0, 0, 0]","[0, 0, 0, 0, 0, 0]","['economic', 'energy', 'none required', 'none', 'mass', 'biophysical']",47,climatebert/distilroberta-base-climate-f,Allocation,original,rag
57,Animal housing producing pig in germany. cycle description: fattening. Additional Relevant Context: economic,"[0, 0, 1, 0, 0, 0]","[0, 0, 0, 0, 0, 0]","['economic', 'energy', 'none required', 'none', 'mass', 'biophysical']",57,climatebert/distilroberta-base-climate-f,Allocation,original,rag
59,"Animal housing producing pig, piglet in denmark. cycle description: sow herds-2013. site description: they do not provide much information on site. Additional Relevant Context: economic","[0, 0, 0, 1, 0, 0]","[0, 0, 1, 0, 0, 0]","['economic', 'energy', 'none required', 'none', 'mass', 'biophysical']",59,climatebert/distilroberta-base-climate-f,Allocation,original,rag
60,Animal housing producing broiler chicken in poland. cycle description: farm b - medium. site description: deep straw litter in houses with windows. Additional Relevant Context: economic,"[1, 0, 0, 0, 0, 0]","[0, 0, 0, 0, 0, 0]","['economic', 'energy', 'none required', 'none', 'mass', 'biophysical']",60,climatebert/distilroberta-base-climate-f,Allocation,original,rag
70,"Permanent pasture producing beef cattle, steer in brazil. cycle description: scenario 3: natural grass/ryegrass aberdeen angus. site description: farm in the western frontier region of the state of reio grande do sul in the southern part of brazil. for each cycle, we use the stocking density and the number of animals to calculate how ma ny hectares are used for each cycle. Additional Relevant Context: economic","[0, 0, 0, 1, 0, 0]","[0, 0, 0, 0, 0, 0]","['economic', 'energy', 'none required', 'none', 'mass', 'biophysical']",70,climatebert/distilroberta-base-climate-f,Allocation,original,rag
71,"Permanent pasture producing meat, dairy cattle (liveweight) in brazil. cycle description: aggregate cycle representing data from 4 farms in zona da mata, minas gerais in 2019, all producing milk under a semi-confinement system, where animals spend part of each day on pasture, and the remainder confined. Additional Relevant Context: economic","[1, 0, 0, 0, 0, 0]","[0, 0, 0, 0, 0, 0]","['economic', 'energy', 'none required', 'none', 'mass', 'biophysical']",71,climatebert/distilroberta-base-climate-f,Allocation,original,rag
76,Agri-food processor producing poultry by in product meal. cycle description: slaughterhouse. Additional Relevant Context: economic,"[1, 0, 0, 0, 0, 0]","[0, 0, 0, 0, 0, 0]","['economic', 'energy', 'none required', 'none', 'mass', 'biophysical']",76,climatebert/distilroberta-base-climate-f,Allocation,original,rag
83,"Permanent pasture producing beef cattle, steer in united kingdom. cycle description: late maturing suckler bred bull weanlings of breeds of limousin and charolais sired, kept in housing to begin with and then moved to pasture before being rehoused and then slaughtered at 24 months of age. Additional Relevant Context: economic","[0, 0, 0, 1, 0, 0]","[0, 0, 0, 0, 0, 0]","['economic', 'energy', 'none required', 'none', 'mass', 'biophysical']",83,climatebert/distilroberta-base-climate-f,Allocation,original,rag
84,Animal housing producing broiler chicken in netherlands. cycle description: organic broiler. site description: access to outdoor area. 4m2 per bird. access to daylight. Additional Relevant Context: none required,"[0, 0, 1, 0, 0, 0]","[0, 0, 0, 0, 0, 0]","['economic', 'energy', 'none required', 'none', 'mass', 'biophysical']",84,climatebert/distilroberta-base-climate-f,Allocation,original,rag
22,"Animal housing producing layer chicken, pullet in czech republic. cycle description: chicks are reared until young hens (pullets). Additional Relevant Context: none required","[0, 0, 0, 1, 0, 0]","[0, 0, 0, 0, 0, 0]","['economic', 'energy', 'none required', 'none', 'mass', 'biophysical']",22,ESGBERT/EnvironmentalBERT-base,Allocation,original,rag
32,"Permanent pasture producing meat, beef cattle (liveweight) in ireland. cycle description: average production data from 19 suckler calf-to-beef finishing farms participating in the teagasc/irish farmers journal better farm imrovement programme. Additional Relevant Context: economic","[0, 0, 1, 0, 0, 0]","[1, 0, 0, 0, 0, 0]","['economic', 'energy', 'none required', 'none', 'mass', 'biophysical']",32,ESGBERT/EnvironmentalBERT-base,Allocation,original,rag
38,"Animal housing producing eggs, hen, in shell in canada. cycle description: an enriched cage system provides a larger space allowance per bird than conventional cages, as well as access to different furnishings and enrichments within the cage, including perches, nest boxes, scratch areas, etc. Additional Relevant Context: none required","[0, 0, 0, 0, 0, 1]","[0, 0, 0, 0, 0, 0]","['economic', 'energy', 'none required', 'none', 'mass', 'biophysical']",38,ESGBERT/EnvironmentalBERT-base,Allocation,original,rag
42,"Animal housing producing eggs, hen, in shell in canada. cycle description: in multi-tier free run systems, hens live either directly on the floor or within an aviary structure, with access to perches, nest and scratch areas, and other enrichments. Additional Relevant Context: none required","[0, 0, 0, 0, 0, 1]","[0, 0, 0, 0, 0, 0]","['economic', 'energy', 'none required', 'none', 'mass', 'biophysical']",42,ESGBERT/EnvironmentalBERT-base,Allocation,original,rag
47,Animal housing producing pig in denmark. cycle description: finishers. Additional Relevant Context: economic,"[1, 0, 0, 0, 0, 0]","[0, 0, 1, 0, 0, 0]","['economic', 'energy', 'none required', 'none', 'mass', 'biophysical']",47,ESGBERT/EnvironmentalBERT-base,Allocation,original,rag
60,Animal housing producing broiler chicken in poland. cycle description: farm b - medium. site description: deep straw litter in houses with windows. Additional Relevant Context: economic,"[1, 0, 0, 0, 0, 0]","[0, 0, 1, 0, 0, 0]","['economic', 'energy', 'none required', 'none', 'mass', 'biophysical']",60,ESGBERT/EnvironmentalBERT-base,Allocation,original,rag
71,"Permanent pasture producing meat, dairy cattle (liveweight) in brazil. cycle description: aggregate cycle representing data from 4 farms in zona da mata, minas gerais in 2019, all producing milk under a semi-confinement system, where animals spend part of each day on pasture, and the remainder confined. Additional Relevant Context: economic","[1, 0, 0, 0, 0, 0]","[0, 0, 0, 1, 0, 0]","['economic', 'energy', 'none required', 'none', 'mass', 'biophysical']",71,ESGBERT/EnvironmentalBERT-base,Allocation,original,rag
84,Animal housing producing broiler chicken in netherlands. cycle description: organic broiler. site description: access to outdoor area. 4m2 per bird. access to daylight. Additional Relevant Context: none required,"[0, 0, 1, 0, 0, 0]","[0, 0, 0, 0, 0, 0]","['economic', 'energy', 'none required', 'none', 'mass', 'biophysical']",84,ESGBERT/EnvironmentalBERT-base,Allocation,original,rag
0,"Agri-food processor producing meat, pig (cold dressed carcass weight) in netherlands. cycle description: production of pork meat from pigs. Additional Relevant Context: economic","[1, 0, 0, 0, 0, 0]","[0, 0, 1, 0, 0, 0]","['economic', 'energy', 'none required', 'none', 'mass', 'biophysical']",0,FacebookAI/roberta-large,Allocation,original,rag
32,"Permanent pasture producing meat, beef cattle (liveweight) in ireland. cycle description: average production data from 19 suckler calf-to-beef finishing farms participating in the teagasc/irish farmers journal better farm imrovement programme. Additional Relevant Context: economic","[0, 0, 1, 0, 0, 0]","[1, 0, 0, 0, 0, 0]","['economic', 'energy', 'none required', 'none', 'mass', 'biophysical']",32,FacebookAI/roberta-large,Allocation,original,rag
47,Animal housing producing pig in denmark. cycle description: finishers. Additional Relevant Context: economic,"[1, 0, 0, 0, 0, 0]","[0, 0, 1, 0, 0, 0]","['economic', 'energy', 'none required', 'none', 'mass', 'biophysical']",47,FacebookAI/roberta-large,Allocation,original,rag
67,"Animal housing producing milk, cow, raw (fpcm) in denmark. cycle description: conventional dairy. Additional Relevant Context: economic","[1, 0, 0, 0, 0, 0]","[0, 0, 0, 0, 0, 1]","['economic', 'energy', 'none required', 'none', 'mass', 'biophysical']",67,FacebookAI/roberta-large,Allocation,original,rag
76,Agri-food processor producing poultry by in product meal. cycle description: slaughterhouse. Additional Relevant Context: economic,"[1, 0, 0, 0, 0, 0]","[0, 0, 0, 0, 0, 0]","['economic', 'energy', 'none required', 'none', 'mass', 'biophysical']",76,FacebookAI/roberta-large,Allocation,original,rag
84,Animal housing producing broiler chicken in netherlands. cycle description: organic broiler. site description: access to outdoor area. 4m2 per bird. access to daylight. Additional Relevant Context: none required,"[0, 0, 1, 0, 0, 0]","[0, 0, 0, 1, 0, 0]","['economic', 'energy', 'none required', 'none', 'mass', 'biophysical']",84,FacebookAI/roberta-large,Allocation,original,rag
0,"Agri-food processor producing meat, pig (cold dressed carcass weight) in netherlands. cycle description: production of pork meat from pigs. Additional Relevant Context: economic","[1, 0, 0, 0, 0, 0]","[0, 0, 1, 0, 0, 0]","['economic', 'energy', 'none required', 'none', 'mass', 'biophysical']",0,google-bert/bert-base-uncased,Allocation,original,rag
32,"Permanent pasture producing meat, beef cattle (liveweight) in ireland. cycle description: average production data from 19 suckler calf-to-beef finishing farms participating in the teagasc/irish farmers journal better farm imrovement programme. Additional Relevant Context: economic","[0, 0, 1, 0, 0, 0]","[1, 0, 0, 0, 0, 0]","['economic', 'energy', 'none required', 'none', 'mass', 'biophysical']",32,google-bert/bert-base-uncased,Allocation,original,rag
47,Animal housing producing pig in denmark. cycle description: finishers. Additional Relevant Context: economic,"[1, 0, 0, 0, 0, 0]","[0, 0, 1, 0, 0, 0]","['economic', 'energy', 'none required', 'none', 'mass', 'biophysical']",47,google-bert/bert-base-uncased,Allocation,original,rag
84,Animal housing producing broiler chicken in netherlands. cycle description: organic broiler. site description: access to outdoor area. 4m2 per bird. access to daylight. Additional Relevant Context: none required,"[0, 0, 1, 0, 0, 0]","[1, 0, 0, 0, 0, 0]","['economic', 'energy', 'none required', 'none', 'mass', 'biophysical']",84,google-bert/bert-base-uncased,Allocation,original,rag
0,"Agri-food processor producing meat, pig (cold dressed carcass weight) in netherlands. cycle description: production of pork meat from pigs. Additional Relevant Context: economic","[1, 0, 0, 0, 0, 0]","[0, 0, 1, 0, 0, 0]","['economic', 'energy', 'none required', 'none', 'mass', 'biophysical']",0,microsoft/deberta-v3-base,Allocation,original,rag
2,"Animal housing producing beef cattle, heifer and steer in spain. cycle description: average production data across 4 farms with fattening facilities and 2 specialist fattening farms. Additional Relevant Context: economic","[1, 0, 0, 0, 0, 0]","[0, 0, 0, 0, 0, 0]","['economic', 'energy', 'none required', 'none', 'mass', 'biophysical']",2,microsoft/deberta-v3-base,Allocation,original,rag
32,"Permanent pasture producing meat, beef cattle (liveweight) in ireland. cycle description: average production data from 19 suckler calf-to-beef finishing farms participating in the teagasc/irish farmers journal better farm imrovement programme. Additional Relevant Context: economic","[0, 0, 1, 0, 0, 0]","[1, 0, 0, 0, 0, 0]","['economic', 'energy', 'none required', 'none', 'mass', 'biophysical']",32,microsoft/deberta-v3-base,Allocation,original,rag
38,"Animal housing producing eggs, hen, in shell in canada. cycle description: an enriched cage system provides a larger space allowance per bird than conventional cages, as well as access to different furnishings and enrichments within the cage, including perches, nest boxes, scratch areas, etc. Additional Relevant Context: none required","[0, 0, 0, 0, 0, 1]","[0, 0, 1, 0, 0, 0]","['economic', 'energy', 'none required', 'none', 'mass', 'biophysical']",38,microsoft/deberta-v3-base,Allocation,original,rag
42,"Animal housing producing eggs, hen, in shell in canada. cycle description: in multi-tier free run systems, hens live either directly on the floor or within an aviary structure, with access to perches, nest and scratch areas, and other enrichments. Additional Relevant Context: none required","[0, 0, 0, 0, 0, 1]","[0, 0, 0, 0, 0, 0]","['economic', 'energy', 'none required', 'none', 'mass', 'biophysical']",42,microsoft/deberta-v3-base,Allocation,original,rag
47,Animal housing producing pig in denmark. cycle description: finishers. Additional Relevant Context: economic,"[1, 0, 0, 0, 0, 0]","[0, 0, 1, 0, 0, 0]","['economic', 'energy', 'none required', 'none', 'mass', 'biophysical']",47,microsoft/deberta-v3-base,Allocation,original,rag
49,"Animal housing producing beef cattle, heifer and steer in spain. cycle description: average production data across 4 farms with fattening facilities and 2 specialist fattening farms. Additional Relevant Context: economic","[1, 0, 0, 0, 0, 0]","[0, 0, 0, 0, 0, 0]","['economic', 'energy', 'none required', 'none', 'mass', 'biophysical']",49,microsoft/deberta-v3-base,Allocation,original,rag
59,"Animal housing producing pig, piglet in denmark. cycle description: sow herds-2013. site description: they do not provide much information on site. Additional Relevant Context: economic","[0, 0, 0, 1, 0, 0]","[0, 0, 1, 0, 0, 0]","['economic', 'energy', 'none required', 'none', 'mass', 'biophysical']",59,microsoft/deberta-v3-base,Allocation,original,rag
60,Animal housing producing broiler chicken in poland. cycle description: farm b - medium. site description: deep straw litter in houses with windows. Additional Relevant Context: economic,"[1, 0, 0, 0, 0, 0]","[0, 0, 1, 0, 0, 0]","['economic', 'energy', 'none required', 'none', 'mass', 'biophysical']",60,microsoft/deberta-v3-base,Allocation,original,rag
67,"Animal housing producing milk, cow, raw (fpcm) in denmark. cycle description: conventional dairy. Additional Relevant Context: economic","[1, 0, 0, 0, 0, 0]","[0, 0, 0, 0, 0, 0]","['economic', 'energy', 'none required', 'none', 'mass', 'biophysical']",67,microsoft/deberta-v3-base,Allocation,original,rag
71,"Permanent pasture producing meat, dairy cattle (liveweight) in brazil. cycle description: aggregate cycle representing data from 4 farms in zona da mata, minas gerais in 2019, all producing milk under a semi-confinement system, where animals spend part of each day on pasture, and the remainder confined. Additional Relevant Context: economic","[1, 0, 0, 0, 0, 0]","[0, 0, 0, 1, 0, 0]","['economic', 'energy', 'none required', 'none', 'mass', 'biophysical']",71,microsoft/deberta-v3-base,Allocation,original,rag
76,Agri-food processor producing poultry by in product meal. cycle description: slaughterhouse. Additional Relevant Context: economic,"[1, 0, 0, 0, 0, 0]","[0, 0, 1, 0, 0, 0]","['economic', 'energy', 'none required', 'none', 'mass', 'biophysical']",76,microsoft/deberta-v3-base,Allocation,original,rag
22,"Animal housing producing layer chicken, pullet in czech republic. cycle description: chicks are reared until young hens (pullets). Additional Relevant Context: none required","[0, 0, 0, 1, 0, 0]","[1, 0, 0, 0, 0, 0]","['economic', 'energy', 'none required', 'none', 'mass', 'biophysical']",22,microsoft/deberta-v3-large,Allocation,original,rag
32,"Permanent pasture producing meat, beef cattle (liveweight) in ireland. cycle description: average production data from 19 suckler calf-to-beef finishing farms participating in the teagasc/irish farmers journal better farm imrovement programme. Additional Relevant Context: economic","[0, 0, 1, 0, 0, 0]","[1, 0, 0, 0, 0, 0]","['economic', 'energy', 'none required', 'none', 'mass', 'biophysical']",32,microsoft/deberta-v3-large,Allocation,original,rag
38,"Animal housing producing eggs, hen, in shell in canada. cycle description: an enriched cage system provides a larger space allowance per bird than conventional cages, as well as access to different furnishings and enrichments within the cage, including perches, nest boxes, scratch areas, etc. Additional Relevant Context: none required","[0, 0, 0, 0, 0, 1]","[1, 0, 0, 0, 0, 0]","['economic', 'energy', 'none required', 'none', 'mass', 'biophysical']",38,microsoft/deberta-v3-large,Allocation,original,rag
42,"Animal housing producing eggs, hen, in shell in canada. cycle description: in multi-tier free run systems, hens live either directly on the floor or within an aviary structure, with access to perches, nest and scratch areas, and other enrichments. Additional Relevant Context: none required","[0, 0, 0, 0, 0, 1]","[0, 0, 0, 0, 0, 0]","['economic', 'energy', 'none required', 'none', 'mass', 'biophysical']",42,microsoft/deberta-v3-large,Allocation,original,rag
47,Animal housing producing pig in denmark. cycle description: finishers. Additional Relevant Context: economic,"[1, 0, 0, 0, 0, 0]","[0, 0, 1, 0, 0, 0]","['economic', 'energy', 'none required', 'none', 'mass', 'biophysical']",47,microsoft/deberta-v3-large,Allocation,original,rag
32,"Permanent pasture producing meat, beef cattle (liveweight) in ireland. cycle description: average production data from 19 suckler calf-to-beef finishing farms participating in the teagasc/irish farmers journal better farm imrovement programme. Additional Relevant Context: economic","[0, 0, 1, 0, 0, 0]","[1, 0, 0, 0, 0, 0]","['economic', 'energy', 'none required', 'none', 'mass', 'biophysical']",32,microsoft/deberta-v3-small,Allocation,original,rag
38,"Animal housing producing eggs, hen, in shell in canada. cycle description: an enriched cage system provides a larger space allowance per bird than conventional cages, as well as access to different furnishings and enrichments within the cage, including perches, nest boxes, scratch areas, etc. Additional Relevant Context: none required","[0, 0, 0, 0, 0, 1]","[0, 0, 0, 1, 0, 0]","['economic', 'energy', 'none required', 'none', 'mass', 'biophysical']",38,microsoft/deberta-v3-small,Allocation,original,rag
42,"Animal housing producing eggs, hen, in shell in canada. cycle description: in multi-tier free run systems, hens live either directly on the floor or within an aviary structure, with access to perches, nest and scratch areas, and other enrichments. Additional Relevant Context: none required","[0, 0, 0, 0, 0, 1]","[0, 0, 0, 1, 0, 0]","['economic', 'energy', 'none required', 'none', 'mass', 'biophysical']",42,microsoft/deberta-v3-small,Allocation,original,rag
47,Animal housing producing pig in denmark. cycle description: finishers. Additional Relevant Context: economic,"[1, 0, 0, 0, 0, 0]","[0, 0, 1, 0, 0, 0]","['economic', 'energy', 'none required', 'none', 'mass', 'biophysical']",47,microsoft/deberta-v3-small,Allocation,original,rag
59,"Animal housing producing pig, piglet in denmark. cycle description: sow herds-2013. site description: they do not provide much information on site. Additional Relevant Context: economic","[0, 0, 0, 1, 0, 0]","[0, 0, 0, 0, 0, 0]","['economic', 'energy', 'none required', 'none', 'mass', 'biophysical']",59,microsoft/deberta-v3-small,Allocation,original,rag
60,Animal housing producing broiler chicken in poland. cycle description: farm b - medium. site description: deep straw litter in houses with windows. Additional Relevant Context: economic,"[1, 0, 0, 0, 0, 0]","[0, 0, 0, 0, 0, 0]","['economic', 'energy', 'none required', 'none', 'mass', 'biophysical']",60,microsoft/deberta-v3-small,Allocation,original,rag
76,Agri-food processor producing poultry by in product meal. cycle description: slaughterhouse. Additional Relevant Context: economic,"[1, 0, 0, 0, 0, 0]","[0, 0, 0, 0, 0, 0]","['economic', 'energy', 'none required', 'none', 'mass', 'biophysical']",76,microsoft/deberta-v3-small,Allocation,original,rag
76,Agri-food processor producing poultry by in product meal. cycle description: slaughterhouse. Additional Relevant Context: kg ready-to-cook weight,"[1, 0, 0, 0, 0, 0, 0, 1, 0]","[1, 0, 0, 0, 0, 1, 0, 0, 0]","['relative', 'kg FPCM', '1 ha', 'number', 'kg liveweight', 'kg ready-to-cook weight', 'kg cold dressed carcass weight', 'kg', 'kg cold carcass weight']",76,climatebert/distilroberta-base-climate-f,Functional Unit,original,rag
76,Agri-food processor producing poultry by in product meal. cycle description: slaughterhouse. Additional Relevant Context: kg ready-to-cook weight,"[1, 0, 0, 0, 0, 0, 0, 1, 0]","[1, 0, 0, 0, 0, 1, 0, 0, 0]","['relative', 'kg FPCM', '1 ha', 'number', 'kg liveweight', 'kg ready-to-cook weight', 'kg cold dressed carcass weight', 'kg', 'kg cold carcass weight']",76,ESGBERT/EnvironmentalBERT-base,Functional Unit,original,rag
76,Agri-food processor producing poultry by in product meal. cycle description: slaughterhouse. Additional Relevant Context: kg ready-to-cook weight,"[1, 0, 0, 0, 0, 0, 0, 1, 0]","[1, 0, 0, 1, 0, 0, 0, 0, 0]","['relative', 'kg FPCM', '1 ha', 'number', 'kg liveweight', 'kg ready-to-cook weight', 'kg cold dressed carcass weight', 'kg', 'kg cold carcass weight']",76,google-bert/bert-base-uncased,Functional Unit,original,rag
76,Agri-food processor producing poultry by in product meal. cycle description: slaughterhouse. Additional Relevant Context: kg ready-to-cook weight,"[1, 0, 0, 0, 0, 0, 0, 1, 0]","[1, 0, 0, 0, 0, 1, 0, 0, 0]","['relative', 'kg FPCM', '1 ha', 'number', 'kg liveweight', 'kg ready-to-cook weight', 'kg cold dressed carcass weight', 'kg', 'kg cold carcass weight']",76,microsoft/deberta-v3-base,Functional Unit,original,rag
32,"Permanent pasture producing meat, beef cattle (liveweight) in ireland. cycle description: average production data from 19 suckler calf-to-beef finishing farms participating in the teagasc/irish farmers journal better farm imrovement programme. Additional Relevant Context: kg liveweight","[1, 0, 0, 0, 1, 0, 0, 0, 0]","[0, 0, 0, 0, 1, 0, 0, 0, 0]","['relative', 'kg FPCM', '1 ha', 'number', 'kg liveweight', 'kg ready-to-cook weight', 'kg cold dressed carcass weight', 'kg', 'kg cold carcass weight']",32,microsoft/deberta-v3-small,Functional Unit,original,rag
71,"Permanent pasture producing meat, dairy cattle (liveweight) in brazil. cycle description: aggregate cycle representing data from 4 farms in zona da mata, minas gerais in 2019, all producing milk under a semi-confinement system, where animals spend part of each day on pasture, and the remainder confined. Additional Relevant Context: kg liveweight","[1, 0, 0, 0, 1, 0, 0, 0, 0]","[0, 0, 0, 0, 1, 0, 0, 0, 0]","['relative', 'kg FPCM', '1 ha', 'number', 'kg liveweight', 'kg ready-to-cook weight', 'kg cold dressed carcass weight', 'kg', 'kg cold carcass weight']",71,microsoft/deberta-v3-small,Functional Unit,original,rag
76,Agri-food processor producing poultry by in product meal. cycle description: slaughterhouse. Additional Relevant Context: kg ready-to-cook weight,"[1, 0, 0, 0, 0, 0, 0, 1, 0]","[1, 0, 0, 0, 0, 1, 0, 0, 0]","['relative', 'kg FPCM', '1 ha', 'number', 'kg liveweight', 'kg ready-to-cook weight', 'kg cold dressed carcass weight', 'kg', 'kg cold carcass weight']",76,microsoft/deberta-v3-small,Functional Unit,original,rag
76,Agri-food processor producing poultry by in product meal. cycle description: slaughterhouse. Additional Relevant Context: chicken meal,"[0, 0, 0, 0, 0, 0, 0, 0, 0, 0, 0, 0, 0, 0, 0, 0, 0, 0, 0, 0, 0, 0, 0, 0, 0, 0, 0, 0, 0, 0, 0, 0, 0, 0, 0, 0, 0, 0, 0, 0, 0, 0, 0, 0, 0, 0, 0, 0, 0, 0, 0, 0, 0, 0, 1, 0, 0, 0, 0, 0, 0, 0]","[0, 0, 0, 0, 0, 0, 0, 0, 0, 0, 0, 0, 0, 0, 0, 0, 0, 0, 0, 0, 0, 0, 0, 0, 0, 0, 0, 0, 0, 0, 0, 0, 0, 0, 0, 0, 0, 0, 0, 0, 0, 0, 0, 0, 0, 0, 0, 0, 0, 0, 0, 0, 0, 0, 0, 1, 0, 0, 0, 0, 0, 0]","['Meat, beef cattle (cold carcass weight)', 'Dairy cattle, heifer', 'Meat, pig (cold dressed carcass weight)', 'Meat, chicken, breast', 'Milk, cow, raw (FPCM)', 'Broiler chicken', 'Beef cattle', 'Hides', 'Sheep, ewe', 'Beef cattle, heifer', 'Beef cattle, calf (female, weaned)', 'Dairy cattle, calf (weaned)', 'Cattle', 'Wool, sheep (greasy)', 'Meat, dairy cattle (liveweight)', 'Beef cattle, steer', 'Meat, sheep (liveweight)', 'Beef cattle, heifer and steer', 'Dairy cattle, cow', 'Cattle, urine (kg mass)', 'Meat, pig (cold carcass weight)', 'Offal', 'Dairy cattle', 'Layer chicken, hen', 'Sheep, lamb (male, unweaned)', 'Meat, chicken, wings', 'Wool', 'Eggs, hen, in shell (number)', 'Pig', 'Broiler chicken, hen', 'Dairy cattle, calf (male, unweaned)', 'Meat, dairy cattle (cold carcass weight)', 'Dairy cattle, calf', 'Beef cattle, calf (male, weaned)', 'Meat, beef cattle (cold dressed carcass weight)', 'Eggs, hen, in shell', 'Broiler chicken, chick', 'Meat, chicken (liveweight)', 'Pig, piglet', 'Layer chicken, pullet', 'Sheep, lamb (female, unweaned)', 'Milk', 'Beef cattle, bull', 'Eggs', 'Sheep, lamb', 'Dairy cattle, calf (female, weaned)', 'Sheep, ram', 'Sheep, lamb (weaned)', 'Beef cattle, calf (weaned)', 'Meat, chicken, leg', 'Sheep', 'Layer chicken', 'Beef cattle, cow', 'Offal, pigs', 'Poultry by-product meal', 'Meat', 'Milk, cow, raw', 'Hides, dairy cattle, fresh', 'Pig, sow', 'Meat, beef cattle (liveweight)', 'Meat, chicken (cold carcass weight)', 'Meat, sheep (cold carcass weight)']",76,climatebert/distilroberta-base-climate-f,Product,original,rag
76,Agri-food processor producing poultry by in product meal. cycle description: slaughterhouse. Additional Relevant Context: chicken meal,"[0, 0, 0, 0, 0, 0, 0, 0, 0, 0, 0, 0, 0, 0, 0, 0, 0, 0, 0, 0, 0, 0, 0, 0, 0, 0, 0, 0, 0, 0, 0, 0, 0, 0, 0, 0, 0, 0, 0, 0, 0, 0, 0, 0, 0, 0, 0, 0, 0, 0, 0, 0, 0, 0, 1, 0, 0, 0, 0, 0, 0, 0]","[0, 0, 0, 0, 0, 0, 0, 0, 0, 0, 0, 0, 0, 0, 0, 0, 0, 0, 0, 0, 0, 0, 0, 0, 0, 0, 0, 0, 0, 0, 0, 0, 0, 0, 0, 0, 0, 0, 0, 0, 0, 0, 0, 0, 0, 0, 0, 0, 0, 0, 0, 0, 0, 0, 0, 1, 0, 0, 0, 0, 0, 0]","['Meat, beef cattle (cold carcass weight)', 'Dairy cattle, heifer', 'Meat, pig (cold dressed carcass weight)', 'Meat, chicken, breast', 'Milk, cow, raw (FPCM)', 'Broiler chicken', 'Beef cattle', 'Hides', 'Sheep, ewe', 'Beef cattle, heifer', 'Beef cattle, calf (female, weaned)', 'Dairy cattle, calf (weaned)', 'Cattle', 'Wool, sheep (greasy)', 'Meat, dairy cattle (liveweight)', 'Beef cattle, steer', 'Meat, sheep (liveweight)', 'Beef cattle, heifer and steer', 'Dairy cattle, cow', 'Cattle, urine (kg mass)', 'Meat, pig (cold carcass weight)', 'Offal', 'Dairy cattle', 'Layer chicken, hen', 'Sheep, lamb (male, unweaned)', 'Meat, chicken, wings', 'Wool', 'Eggs, hen, in shell (number)', 'Pig', 'Broiler chicken, hen', 'Dairy cattle, calf (male, unweaned)', 'Meat, dairy cattle (cold carcass weight)', 'Dairy cattle, calf', 'Beef cattle, calf (male, weaned)', 'Meat, beef cattle (cold dressed carcass weight)', 'Eggs, hen, in shell', 'Broiler chicken, chick', 'Meat, chicken (liveweight)', 'Pig, piglet', 'Layer chicken, pullet', 'Sheep, lamb (female, unweaned)', 'Milk', 'Beef cattle, bull', 'Eggs', 'Sheep, lamb', 'Dairy cattle, calf (female, weaned)', 'Sheep, ram', 'Sheep, lamb (weaned)', 'Beef cattle, calf (weaned)', 'Meat, chicken, leg', 'Sheep', 'Layer chicken', 'Beef cattle, cow', 'Offal, pigs', 'Poultry by-product meal', 'Meat', 'Milk, cow, raw', 'Hides, dairy cattle, fresh', 'Pig, sow', 'Meat, beef cattle (liveweight)', 'Meat, chicken (cold carcass weight)', 'Meat, sheep (cold carcass weight)']",76,ESGBERT/EnvironmentalBERT-base,Product,original,rag
76,Agri-food processor producing poultry by in product meal. cycle description: slaughterhouse. Additional Relevant Context: chicken meal,"[0, 0, 0, 0, 0, 0, 0, 0, 0, 0, 0, 0, 0, 0, 0, 0, 0, 0, 0, 0, 0, 0, 0, 0, 0, 0, 0, 0, 0, 0, 0, 0, 0, 0, 0, 0, 0, 0, 0, 0, 0, 0, 0, 0, 0, 0, 0, 0, 0, 0, 0, 0, 0, 0, 1, 0, 0, 0, 0, 0, 0, 0]","[0, 0, 0, 0, 0, 0, 0, 0, 0, 0, 0, 0, 0, 0, 0, 0, 0, 0, 0, 0, 0, 0, 0, 0, 0, 1, 0, 0, 0, 0, 0, 0, 0, 0, 0, 0, 0, 0, 0, 0, 0, 0, 0, 0, 0, 0, 0, 0, 0, 0, 0, 0, 0, 0, 0, 1, 0, 0, 0, 0, 0, 0]","['Meat, beef cattle (cold carcass weight)', 'Dairy cattle, heifer', 'Meat, pig (cold dressed carcass weight)', 'Meat, chicken, breast', 'Milk, cow, raw (FPCM)', 'Broiler chicken', 'Beef cattle', 'Hides', 'Sheep, ewe', 'Beef cattle, heifer', 'Beef cattle, calf (female, weaned)', 'Dairy cattle, calf (weaned)', 'Cattle', 'Wool, sheep (greasy)', 'Meat, dairy cattle (liveweight)', 'Beef cattle, steer', 'Meat, sheep (liveweight)', 'Beef cattle, heifer and steer', 'Dairy cattle, cow', 'Cattle, urine (kg mass)', 'Meat, pig (cold carcass weight)', 'Offal', 'Dairy cattle', 'Layer chicken, hen', 'Sheep, lamb (male, unweaned)', 'Meat, chicken, wings', 'Wool', 'Eggs, hen, in shell (number)', 'Pig', 'Broiler chicken, hen', 'Dairy cattle, calf (male, unweaned)', 'Meat, dairy cattle (cold carcass weight)', 'Dairy cattle, calf', 'Beef cattle, calf (male, weaned)', 'Meat, beef cattle (cold dressed carcass weight)', 'Eggs, hen, in shell', 'Broiler chicken, chick', 'Meat, chicken (liveweight)', 'Pig, piglet', 'Layer chicken, pullet', 'Sheep, lamb (female, unweaned)', 'Milk', 'Beef cattle, bull', 'Eggs', 'Sheep, lamb', 'Dairy cattle, calf (female, weaned)', 'Sheep, ram', 'Sheep, lamb (weaned)', 'Beef cattle, calf (weaned)', 'Meat, chicken, leg', 'Sheep', 'Layer chicken', 'Beef cattle, cow', 'Offal, pigs', 'Poultry by-product meal', 'Meat', 'Milk, cow, raw', 'Hides, dairy cattle, fresh', 'Pig, sow', 'Meat, beef cattle (liveweight)', 'Meat, chicken (cold carcass weight)', 'Meat, sheep (cold carcass weight)']",76,FacebookAI/roberta-large,Product,original,rag
11,"Agri-food processor producing meat, chicken, leg in netherlands. cycle description: slaughter - conventional. Additional Relevant Context: meat chicken leg","[0, 0, 0, 0, 0, 0, 0, 0, 0, 0, 0, 0, 0, 0, 0, 0, 0, 0, 0, 0, 0, 0, 0, 0, 0, 0, 0, 0, 0, 0, 0, 0, 0, 0, 0, 0, 0, 0, 0, 0, 0, 0, 0, 0, 0, 0, 0, 0, 0, 1, 0, 0, 0, 0, 0, 1, 0, 0, 0, 0, 0, 0]","[0, 0, 0, 0, 0, 0, 0, 0, 0, 0, 0, 0, 0, 0, 0, 0, 0, 0, 0, 0, 0, 0, 0, 0, 0, 0, 0, 0, 0, 0, 0, 0, 0, 0, 0, 0, 0, 0, 0, 0, 0, 0, 0, 0, 0, 0, 0, 0, 0, 0, 0, 0, 0, 0, 0, 1, 0, 0, 0, 0, 0, 0]","['Meat, beef cattle (cold carcass weight)', 'Dairy cattle, heifer', 'Meat, pig (cold dressed carcass weight)', 'Meat, chicken, breast', 'Milk, cow, raw (FPCM)', 'Broiler chicken', 'Beef cattle', 'Hides', 'Sheep, ewe', 'Beef cattle, heifer', 'Beef cattle, calf (female, weaned)', 'Dairy cattle, calf (weaned)', 'Cattle', 'Wool, sheep (greasy)', 'Meat, dairy cattle (liveweight)', 'Beef cattle, steer', 'Meat, sheep (liveweight)', 'Beef cattle, heifer and steer', 'Dairy cattle, cow', 'Cattle, urine (kg mass)', 'Meat, pig (cold carcass weight)', 'Offal', 'Dairy cattle', 'Layer chicken, hen', 'Sheep, lamb (male, unweaned)', 'Meat, chicken, wings', 'Wool', 'Eggs, hen, in shell (number)', 'Pig', 'Broiler chicken, hen', 'Dairy cattle, calf (male, unweaned)', 'Meat, dairy cattle (cold carcass weight)', 'Dairy cattle, calf', 'Beef cattle, calf (male, weaned)', 'Meat, beef cattle (cold dressed carcass weight)', 'Eggs, hen, in shell', 'Broiler chicken, chick', 'Meat, chicken (liveweight)', 'Pig, piglet', 'Layer chicken, pullet', 'Sheep, lamb (female, unweaned)', 'Milk', 'Beef cattle, bull', 'Eggs', 'Sheep, lamb', 'Dairy cattle, calf (female, weaned)', 'Sheep, ram', 'Sheep, lamb (weaned)', 'Beef cattle, calf (weaned)', 'Meat, chicken, leg', 'Sheep', 'Layer chicken', 'Beef cattle, cow', 'Offal, pigs', 'Poultry by-product meal', 'Meat', 'Milk, cow, raw', 'Hides, dairy cattle, fresh', 'Pig, sow', 'Meat, beef cattle (liveweight)', 'Meat, chicken (cold carcass weight)', 'Meat, sheep (cold carcass weight)']",11,google-bert/bert-base-uncased,Product,original,rag
24,"Agri-food processor producing meat, chicken, leg in netherlands. cycle description: slaughter - bls. Additional Relevant Context: meat, chicken, leg","[0, 0, 0, 0, 0, 0, 0, 0, 0, 0, 0, 0, 0, 0, 0, 0, 0, 0, 0, 0, 0, 0, 0, 0, 0, 0, 0, 0, 0, 0, 0, 0, 0, 0, 0, 0, 0, 0, 0, 0, 0, 0, 0, 0, 0, 0, 0, 0, 0, 1, 0, 0, 0, 0, 0, 1, 0, 0, 0, 0, 0, 0]","[0, 0, 0, 0, 0, 0, 0, 0, 0, 0, 0, 0, 0, 0, 0, 0, 0, 0, 0, 0, 0, 0, 0, 0, 0, 0, 0, 0, 0, 0, 0, 0, 0, 0, 0, 0, 0, 0, 0, 0, 0, 0, 0, 0, 0, 0, 0, 0, 0, 0, 0, 0, 0, 0, 0, 1, 0, 0, 0, 0, 0, 0]","['Meat, beef cattle (cold carcass weight)', 'Dairy cattle, heifer', 'Meat, pig (cold dressed carcass weight)', 'Meat, chicken, breast', 'Milk, cow, raw (FPCM)', 'Broiler chicken', 'Beef cattle', 'Hides', 'Sheep, ewe', 'Beef cattle, heifer', 'Beef cattle, calf (female, weaned)', 'Dairy cattle, calf (weaned)', 'Cattle', 'Wool, sheep (greasy)', 'Meat, dairy cattle (liveweight)', 'Beef cattle, steer', 'Meat, sheep (liveweight)', 'Beef cattle, heifer and steer', 'Dairy cattle, cow', 'Cattle, urine (kg mass)', 'Meat, pig (cold carcass weight)', 'Offal', 'Dairy cattle', 'Layer chicken, hen', 'Sheep, lamb (male, unweaned)', 'Meat, chicken, wings', 'Wool', 'Eggs, hen, in shell (number)', 'Pig', 'Broiler chicken, hen', 'Dairy cattle, calf (male, unweaned)', 'Meat, dairy cattle (cold carcass weight)', 'Dairy cattle, calf', 'Beef cattle, calf (male, weaned)', 'Meat, beef cattle (cold dressed carcass weight)', 'Eggs, hen, in shell', 'Broiler chicken, chick', 'Meat, chicken (liveweight)', 'Pig, piglet', 'Layer chicken, pullet', 'Sheep, lamb (female, unweaned)', 'Milk', 'Beef cattle, bull', 'Eggs', 'Sheep, lamb', 'Dairy cattle, calf (female, weaned)', 'Sheep, ram', 'Sheep, lamb (weaned)', 'Beef cattle, calf (weaned)', 'Meat, chicken, leg', 'Sheep', 'Layer chicken', 'Beef cattle, cow', 'Offal, pigs', 'Poultry by-product meal', 'Meat', 'Milk, cow, raw', 'Hides, dairy cattle, fresh', 'Pig, sow', 'Meat, beef cattle (liveweight)', 'Meat, chicken (cold carcass weight)', 'Meat, sheep (cold carcass weight)']",24,google-bert/bert-base-uncased,Product,original,rag
76,Agri-food processor producing poultry by in product meal. cycle description: slaughterhouse. Additional Relevant Context: chicken meal,"[0, 0, 0, 0, 0, 0, 0, 0, 0, 0, 0, 0, 0, 0, 0, 0, 0, 0, 0, 0, 0, 0, 0, 0, 0, 0, 0, 0, 0, 0, 0, 0, 0, 0, 0, 0, 0, 0, 0, 0, 0, 0, 0, 0, 0, 0, 0, 0, 0, 0, 0, 0, 0, 0, 1, 0, 0, 0, 0, 0, 0, 0]","[0, 0, 0, 0, 0, 0, 0, 0, 0, 0, 0, 0, 0, 0, 0, 0, 0, 0, 0, 0, 0, 0, 0, 0, 0, 0, 0, 0, 0, 0, 0, 0, 0, 0, 0, 0, 0, 0, 0, 0, 0, 0, 0, 0, 0, 0, 0, 0, 0, 0, 0, 0, 0, 0, 0, 1, 0, 0, 0, 0, 0, 0]","['Meat, beef cattle (cold carcass weight)', 'Dairy cattle, heifer', 'Meat, pig (cold dressed carcass weight)', 'Meat, chicken, breast', 'Milk, cow, raw (FPCM)', 'Broiler chicken', 'Beef cattle', 'Hides', 'Sheep, ewe', 'Beef cattle, heifer', 'Beef cattle, calf (female, weaned)', 'Dairy cattle, calf (weaned)', 'Cattle', 'Wool, sheep (greasy)', 'Meat, dairy cattle (liveweight)', 'Beef cattle, steer', 'Meat, sheep (liveweight)', 'Beef cattle, heifer and steer', 'Dairy cattle, cow', 'Cattle, urine (kg mass)', 'Meat, pig (cold carcass weight)', 'Offal', 'Dairy cattle', 'Layer chicken, hen', 'Sheep, lamb (male, unweaned)', 'Meat, chicken, wings', 'Wool', 'Eggs, hen, in shell (number)', 'Pig', 'Broiler chicken, hen', 'Dairy cattle, calf (male, unweaned)', 'Meat, dairy cattle (cold carcass weight)', 'Dairy cattle, calf', 'Beef cattle, calf (male, weaned)', 'Meat, beef cattle (cold dressed carcass weight)', 'Eggs, hen, in shell', 'Broiler chicken, chick', 'Meat, chicken (liveweight)', 'Pig, piglet', 'Layer chicken, pullet', 'Sheep, lamb (female, unweaned)', 'Milk', 'Beef cattle, bull', 'Eggs', 'Sheep, lamb', 'Dairy cattle, calf (female, weaned)', 'Sheep, ram', 'Sheep, lamb (weaned)', 'Beef cattle, calf (weaned)', 'Meat, chicken, leg', 'Sheep', 'Layer chicken', 'Beef cattle, cow', 'Offal, pigs', 'Poultry by-product meal', 'Meat', 'Milk, cow, raw', 'Hides, dairy cattle, fresh', 'Pig, sow', 'Meat, beef cattle (liveweight)', 'Meat, chicken (cold carcass weight)', 'Meat, sheep (cold carcass weight)']",76,google-bert/bert-base-uncased,Product,original,rag
11,"Agri-food processor producing meat, chicken, leg in netherlands. cycle description: slaughter - conventional. Additional Relevant Context: meat chicken leg","[0, 0, 0, 0, 0, 0, 0, 0, 0, 0, 0, 0, 0, 0, 0, 0, 0, 0, 0, 0, 0, 0, 0, 0, 0, 0, 0, 0, 0, 0, 0, 0, 0, 0, 0, 0, 0, 0, 0, 0, 0, 0, 0, 0, 0, 0, 0, 0, 0, 1, 0, 0, 0, 0, 0, 1, 0, 0, 0, 0, 0, 0]","[0, 0, 0, 0, 0, 0, 0, 0, 0, 0, 0, 0, 0, 0, 0, 0, 0, 0, 0, 0, 0, 0, 0, 0, 0, 0, 0, 0, 0, 0, 0, 0, 0, 0, 0, 0, 0, 0, 0, 0, 0, 0, 0, 0, 0, 0, 0, 0, 0, 0, 0, 0, 0, 0, 0, 1, 0, 0, 0, 0, 0, 0]","['Meat, beef cattle (cold carcass weight)', 'Dairy cattle, heifer', 'Meat, pig (cold dressed carcass weight)', 'Meat, chicken, breast', 'Milk, cow, raw (FPCM)', 'Broiler chicken', 'Beef cattle', 'Hides', 'Sheep, ewe', 'Beef cattle, heifer', 'Beef cattle, calf (female, weaned)', 'Dairy cattle, calf (weaned)', 'Cattle', 'Wool, sheep (greasy)', 'Meat, dairy cattle (liveweight)', 'Beef cattle, steer', 'Meat, sheep (liveweight)', 'Beef cattle, heifer and steer', 'Dairy cattle, cow', 'Cattle, urine (kg mass)', 'Meat, pig (cold carcass weight)', 'Offal', 'Dairy cattle', 'Layer chicken, hen', 'Sheep, lamb (male, unweaned)', 'Meat, chicken, wings', 'Wool', 'Eggs, hen, in shell (number)', 'Pig', 'Broiler chicken, hen', 'Dairy cattle, calf (male, unweaned)', 'Meat, dairy cattle (cold carcass weight)', 'Dairy cattle, calf', 'Beef cattle, calf (male, weaned)', 'Meat, beef cattle (cold dressed carcass weight)', 'Eggs, hen, in shell', 'Broiler chicken, chick', 'Meat, chicken (liveweight)', 'Pig, piglet', 'Layer chicken, pullet', 'Sheep, lamb (female, unweaned)', 'Milk', 'Beef cattle, bull', 'Eggs', 'Sheep, lamb', 'Dairy cattle, calf (female, weaned)', 'Sheep, ram', 'Sheep, lamb (weaned)', 'Beef cattle, calf (weaned)', 'Meat, chicken, leg', 'Sheep', 'Layer chicken', 'Beef cattle, cow', 'Offal, pigs', 'Poultry by-product meal', 'Meat', 'Milk, cow, raw', 'Hides, dairy cattle, fresh', 'Pig, sow', 'Meat, beef cattle (liveweight)', 'Meat, chicken (cold carcass weight)', 'Meat, sheep (cold carcass weight)']",11,microsoft/deberta-v3-base,Product,original,rag
24,"Agri-food processor producing meat, chicken, leg in netherlands. cycle description: slaughter - bls. Additional Relevant Context: meat, chicken, leg","[0, 0, 0, 0, 0, 0, 0, 0, 0, 0, 0, 0, 0, 0, 0, 0, 0, 0, 0, 0, 0, 0, 0, 0, 0, 0, 0, 0, 0, 0, 0, 0, 0, 0, 0, 0, 0, 0, 0, 0, 0, 0, 0, 0, 0, 0, 0, 0, 0, 1, 0, 0, 0, 0, 0, 1, 0, 0, 0, 0, 0, 0]","[0, 0, 0, 0, 0, 0, 0, 0, 0, 0, 0, 0, 0, 0, 0, 0, 0, 0, 0, 0, 0, 0, 0, 0, 0, 0, 0, 0, 0, 0, 0, 0, 0, 0, 0, 0, 0, 0, 0, 0, 0, 0, 0, 0, 0, 0, 0, 0, 0, 0, 0, 0, 0, 0, 0, 1, 0, 0, 0, 0, 0, 0]","['Meat, beef cattle (cold carcass weight)', 'Dairy cattle, heifer', 'Meat, pig (cold dressed carcass weight)', 'Meat, chicken, breast', 'Milk, cow, raw (FPCM)', 'Broiler chicken', 'Beef cattle', 'Hides', 'Sheep, ewe', 'Beef cattle, heifer', 'Beef cattle, calf (female, weaned)', 'Dairy cattle, calf (weaned)', 'Cattle', 'Wool, sheep (greasy)', 'Meat, dairy cattle (liveweight)', 'Beef cattle, steer', 'Meat, sheep (liveweight)', 'Beef cattle, heifer and steer', 'Dairy cattle, cow', 'Cattle, urine (kg mass)', 'Meat, pig (cold carcass weight)', 'Offal', 'Dairy cattle', 'Layer chicken, hen', 'Sheep, lamb (male, unweaned)', 'Meat, chicken, wings', 'Wool', 'Eggs, hen, in shell (number)', 'Pig', 'Broiler chicken, hen', 'Dairy cattle, calf (male, unweaned)', 'Meat, dairy cattle (cold carcass weight)', 'Dairy cattle, calf', 'Beef cattle, calf (male, weaned)', 'Meat, beef cattle (cold dressed carcass weight)', 'Eggs, hen, in shell', 'Broiler chicken, chick', 'Meat, chicken (liveweight)', 'Pig, piglet', 'Layer chicken, pullet', 'Sheep, lamb (female, unweaned)', 'Milk', 'Beef cattle, bull', 'Eggs', 'Sheep, lamb', 'Dairy cattle, calf (female, weaned)', 'Sheep, ram', 'Sheep, lamb (weaned)', 'Beef cattle, calf (weaned)', 'Meat, chicken, leg', 'Sheep', 'Layer chicken', 'Beef cattle, cow', 'Offal, pigs', 'Poultry by-product meal', 'Meat', 'Milk, cow, raw', 'Hides, dairy cattle, fresh', 'Pig, sow', 'Meat, beef cattle (liveweight)', 'Meat, chicken (cold carcass weight)', 'Meat, sheep (cold carcass weight)']",24,microsoft/deberta-v3-base,Product,original,rag
34,"Agri-food processor producing meat, chicken, wings in netherlands. cycle description: slaughter - conventional. Additional Relevant Context: Chicken, meat, wings","[0, 0, 0, 0, 0, 0, 0, 0, 0, 0, 0, 0, 0, 0, 0, 0, 0, 0, 0, 0, 0, 0, 0, 0, 0, 1, 0, 0, 0, 0, 0, 0, 0, 0, 0, 0, 0, 0, 0, 0, 0, 0, 0, 0, 0, 0, 0, 0, 0, 0, 0, 0, 0, 0, 0, 1, 0, 0, 0, 0, 0, 0]","[0, 0, 0, 0, 0, 0, 0, 0, 0, 0, 0, 0, 0, 0, 0, 0, 0, 0, 0, 0, 0, 0, 0, 0, 0, 0, 0, 0, 0, 0, 0, 0, 0, 0, 0, 0, 0, 0, 0, 0, 0, 0, 0, 0, 0, 0, 0, 0, 0, 0, 0, 0, 0, 0, 0, 1, 0, 0, 0, 0, 0, 0]","['Meat, beef cattle (cold carcass weight)', 'Dairy cattle, heifer', 'Meat, pig (cold dressed carcass weight)', 'Meat, chicken, breast', 'Milk, cow, raw (FPCM)', 'Broiler chicken', 'Beef cattle', 'Hides', 'Sheep, ewe', 'Beef cattle, heifer', 'Beef cattle, calf (female, weaned)', 'Dairy cattle, calf (weaned)', 'Cattle', 'Wool, sheep (greasy)', 'Meat, dairy cattle (liveweight)', 'Beef cattle, steer', 'Meat, sheep (liveweight)', 'Beef cattle, heifer and steer', 'Dairy cattle, cow', 'Cattle, urine (kg mass)', 'Meat, pig (cold carcass weight)', 'Offal', 'Dairy cattle', 'Layer chicken, hen', 'Sheep, lamb (male, unweaned)', 'Meat, chicken, wings', 'Wool', 'Eggs, hen, in shell (number)', 'Pig', 'Broiler chicken, hen', 'Dairy cattle, calf (male, unweaned)', 'Meat, dairy cattle (cold carcass weight)', 'Dairy cattle, calf', 'Beef cattle, calf (male, weaned)', 'Meat, beef cattle (cold dressed carcass weight)', 'Eggs, hen, in shell', 'Broiler chicken, chick', 'Meat, chicken (liveweight)', 'Pig, piglet', 'Layer chicken, pullet', 'Sheep, lamb (female, unweaned)', 'Milk', 'Beef cattle, bull', 'Eggs', 'Sheep, lamb', 'Dairy cattle, calf (female, weaned)', 'Sheep, ram', 'Sheep, lamb (weaned)', 'Beef cattle, calf (weaned)', 'Meat, chicken, leg', 'Sheep', 'Layer chicken', 'Beef cattle, cow', 'Offal, pigs', 'Poultry by-product meal', 'Meat', 'Milk, cow, raw', 'Hides, dairy cattle, fresh', 'Pig, sow', 'Meat, beef cattle (liveweight)', 'Meat, chicken (cold carcass weight)', 'Meat, sheep (cold carcass weight)']",34,microsoft/deberta-v3-base,Product,original,rag
76,Agri-food processor producing poultry by in product meal. cycle description: slaughterhouse. Additional Relevant Context: chicken meal,"[0, 0, 0, 0, 0, 0, 0, 0, 0, 0, 0, 0, 0, 0, 0, 0, 0, 0, 0, 0, 0, 0, 0, 0, 0, 0, 0, 0, 0, 0, 0, 0, 0, 0, 0, 0, 0, 0, 0, 0, 0, 0, 0, 0, 0, 0, 0, 0, 0, 0, 0, 0, 0, 0, 1, 0, 0, 0, 0, 0, 0, 0]","[0, 0, 0, 0, 0, 0, 0, 0, 0, 0, 0, 0, 0, 0, 0, 0, 0, 0, 0, 0, 0, 0, 0, 0, 0, 0, 0, 0, 0, 0, 0, 0, 0, 0, 0, 0, 0, 0, 0, 0, 0, 0, 0, 0, 0, 0, 0, 0, 0, 0, 0, 0, 0, 0, 0, 1, 0, 0, 0, 0, 0, 0]","['Meat, beef cattle (cold carcass weight)', 'Dairy cattle, heifer', 'Meat, pig (cold dressed carcass weight)', 'Meat, chicken, breast', 'Milk, cow, raw (FPCM)', 'Broiler chicken', 'Beef cattle', 'Hides', 'Sheep, ewe', 'Beef cattle, heifer', 'Beef cattle, calf (female, weaned)', 'Dairy cattle, calf (weaned)', 'Cattle', 'Wool, sheep (greasy)', 'Meat, dairy cattle (liveweight)', 'Beef cattle, steer', 'Meat, sheep (liveweight)', 'Beef cattle, heifer and steer', 'Dairy cattle, cow', 'Cattle, urine (kg mass)', 'Meat, pig (cold carcass weight)', 'Offal', 'Dairy cattle', 'Layer chicken, hen', 'Sheep, lamb (male, unweaned)', 'Meat, chicken, wings', 'Wool', 'Eggs, hen, in shell (number)', 'Pig', 'Broiler chicken, hen', 'Dairy cattle, calf (male, unweaned)', 'Meat, dairy cattle (cold carcass weight)', 'Dairy cattle, calf', 'Beef cattle, calf (male, weaned)', 'Meat, beef cattle (cold dressed carcass weight)', 'Eggs, hen, in shell', 'Broiler chicken, chick', 'Meat, chicken (liveweight)', 'Pig, piglet', 'Layer chicken, pullet', 'Sheep, lamb (female, unweaned)', 'Milk', 'Beef cattle, bull', 'Eggs', 'Sheep, lamb', 'Dairy cattle, calf (female, weaned)', 'Sheep, ram', 'Sheep, lamb (weaned)', 'Beef cattle, calf (weaned)', 'Meat, chicken, leg', 'Sheep', 'Layer chicken', 'Beef cattle, cow', 'Offal, pigs', 'Poultry by-product meal', 'Meat', 'Milk, cow, raw', 'Hides, dairy cattle, fresh', 'Pig, sow', 'Meat, beef cattle (liveweight)', 'Meat, chicken (cold carcass weight)', 'Meat, sheep (cold carcass weight)']",76,microsoft/deberta-v3-base,Product,original,rag
2,"Animal housing producing beef cattle, heifer and steer in spain. cycle description: average production data across 4 farms with fattening facilities and 2 specialist fattening farms. Additional Relevant Context: Beef cattle","[0, 0, 0, 0, 0, 0, 1, 0, 0, 0, 0, 0, 0, 0, 0, 0, 0, 1, 0, 0, 0, 0, 0, 0, 0, 0, 0, 0, 0, 0, 0, 0, 0, 0, 0, 0, 0, 0, 0, 0, 0, 0, 0, 0, 0, 0, 0, 0, 0, 0, 0, 0, 0, 0, 0, 0, 0, 0, 0, 0, 0, 0]","[0, 0, 0, 0, 0, 0, 1, 0, 0, 1, 0, 0, 0, 0, 0, 0, 0, 1, 0, 0, 0, 0, 0, 0, 0, 0, 0, 0, 0, 0, 0, 0, 0, 0, 0, 0, 0, 0, 0, 0, 0, 0, 0, 0, 0, 0, 0, 0, 0, 0, 0, 0, 0, 0, 0, 0, 0, 0, 0, 0, 0, 0]","['Meat, beef cattle (cold carcass weight)', 'Dairy cattle, heifer', 'Meat, pig (cold dressed carcass weight)', 'Meat, chicken, breast', 'Milk, cow, raw (FPCM)', 'Broiler chicken', 'Beef cattle', 'Hides', 'Sheep, ewe', 'Beef cattle, heifer', 'Beef cattle, calf (female, weaned)', 'Dairy cattle, calf (weaned)', 'Cattle', 'Wool, sheep (greasy)', 'Meat, dairy cattle (liveweight)', 'Beef cattle, steer', 'Meat, sheep (liveweight)', 'Beef cattle, heifer and steer', 'Dairy cattle, cow', 'Cattle, urine (kg mass)', 'Meat, pig (cold carcass weight)', 'Offal', 'Dairy cattle', 'Layer chicken, hen', 'Sheep, lamb (male, unweaned)', 'Meat, chicken, wings', 'Wool', 'Eggs, hen, in shell (number)', 'Pig', 'Broiler chicken, hen', 'Dairy cattle, calf (male, unweaned)', 'Meat, dairy cattle (cold carcass weight)', 'Dairy cattle, calf', 'Beef cattle, calf (male, weaned)', 'Meat, beef cattle (cold dressed carcass weight)', 'Eggs, hen, in shell', 'Broiler chicken, chick', 'Meat, chicken (liveweight)', 'Pig, piglet', 'Layer chicken, pullet', 'Sheep, lamb (female, unweaned)', 'Milk', 'Beef cattle, bull', 'Eggs', 'Sheep, lamb', 'Dairy cattle, calf (female, weaned)', 'Sheep, ram', 'Sheep, lamb (weaned)', 'Beef cattle, calf (weaned)', 'Meat, chicken, leg', 'Sheep', 'Layer chicken', 'Beef cattle, cow', 'Offal, pigs', 'Poultry by-product meal', 'Meat', 'Milk, cow, raw', 'Hides, dairy cattle, fresh', 'Pig, sow', 'Meat, beef cattle (liveweight)', 'Meat, chicken (cold carcass weight)', 'Meat, sheep (cold carcass weight)']",2,microsoft/deberta-v3-large,Product,original,rag
49,"Animal housing producing beef cattle, heifer and steer in spain. cycle description: average production data across 4 farms with fattening facilities and 2 specialist fattening farms. Additional Relevant Context: Beef cattle","[0, 0, 0, 0, 0, 0, 1, 0, 0, 0, 0, 0, 0, 0, 0, 0, 0, 1, 0, 0, 0, 0, 0, 0, 0, 0, 0, 0, 0, 0, 0, 0, 0, 0, 0, 0, 0, 0, 0, 0, 0, 0, 0, 0, 0, 0, 0, 0, 0, 0, 0, 0, 0, 0, 0, 0, 0, 0, 0, 0, 0, 0]","[0, 0, 0, 0, 0, 0, 1, 0, 0, 1, 0, 0, 0, 0, 0, 0, 0, 1, 0, 0, 0, 0, 0, 0, 0, 0, 0, 0, 0, 0, 0, 0, 0, 0, 0, 0, 0, 0, 0, 0, 0, 0, 0, 0, 0, 0, 0, 0, 0, 0, 0, 0, 0, 0, 0, 0, 0, 0, 0, 0, 0, 0]","['Meat, beef cattle (cold carcass weight)', 'Dairy cattle, heifer', 'Meat, pig (cold dressed carcass weight)', 'Meat, chicken, breast', 'Milk, cow, raw (FPCM)', 'Broiler chicken', 'Beef cattle', 'Hides', 'Sheep, ewe', 'Beef cattle, heifer', 'Beef cattle, calf (female, weaned)', 'Dairy cattle, calf (weaned)', 'Cattle', 'Wool, sheep (greasy)', 'Meat, dairy cattle (liveweight)', 'Beef cattle, steer', 'Meat, sheep (liveweight)', 'Beef cattle, heifer and steer', 'Dairy cattle, cow', 'Cattle, urine (kg mass)', 'Meat, pig (cold carcass weight)', 'Offal', 'Dairy cattle', 'Layer chicken, hen', 'Sheep, lamb (male, unweaned)', 'Meat, chicken, wings', 'Wool', 'Eggs, hen, in shell (number)', 'Pig', 'Broiler chicken, hen', 'Dairy cattle, calf (male, unweaned)', 'Meat, dairy cattle (cold carcass weight)', 'Dairy cattle, calf', 'Beef cattle, calf (male, weaned)', 'Meat, beef cattle (cold dressed carcass weight)', 'Eggs, hen, in shell', 'Broiler chicken, chick', 'Meat, chicken (liveweight)', 'Pig, piglet', 'Layer chicken, pullet', 'Sheep, lamb (female, unweaned)', 'Milk', 'Beef cattle, bull', 'Eggs', 'Sheep, lamb', 'Dairy cattle, calf (female, weaned)', 'Sheep, ram', 'Sheep, lamb (weaned)', 'Beef cattle, calf (weaned)', 'Meat, chicken, leg', 'Sheep', 'Layer chicken', 'Beef cattle, cow', 'Offal, pigs', 'Poultry by-product meal', 'Meat', 'Milk, cow, raw', 'Hides, dairy cattle, fresh', 'Pig, sow', 'Meat, beef cattle (liveweight)', 'Meat, chicken (cold carcass weight)', 'Meat, sheep (cold carcass weight)']",49,microsoft/deberta-v3-large,Product,original,rag
76,Agri-food processor producing poultry by in product meal. cycle description: slaughterhouse. Additional Relevant Context: chicken meal,"[0, 0, 0, 0, 0, 0, 0, 0, 0, 0, 0, 0, 0, 0, 0, 0, 0, 0, 0, 0, 0, 0, 0, 0, 0, 0, 0, 0, 0, 0, 0, 0, 0, 0, 0, 0, 0, 0, 0, 0, 0, 0, 0, 0, 0, 0, 0, 0, 0, 0, 0, 0, 0, 0, 1, 0, 0, 0, 0, 0, 0, 0]","[0, 0, 0, 0, 0, 0, 0, 0, 0, 0, 0, 0, 0, 0, 0, 0, 0, 0, 0, 0, 0, 0, 0, 0, 0, 0, 0, 0, 0, 0, 0, 0, 0, 0, 0, 0, 0, 0, 0, 0, 0, 0, 0, 0, 0, 0, 0, 0, 0, 0, 0, 0, 0, 0, 0, 1, 0, 0, 0, 0, 0, 0]","['Meat, beef cattle (cold carcass weight)', 'Dairy cattle, heifer', 'Meat, pig (cold dressed carcass weight)', 'Meat, chicken, breast', 'Milk, cow, raw (FPCM)', 'Broiler chicken', 'Beef cattle', 'Hides', 'Sheep, ewe', 'Beef cattle, heifer', 'Beef cattle, calf (female, weaned)', 'Dairy cattle, calf (weaned)', 'Cattle', 'Wool, sheep (greasy)', 'Meat, dairy cattle (liveweight)', 'Beef cattle, steer', 'Meat, sheep (liveweight)', 'Beef cattle, heifer and steer', 'Dairy cattle, cow', 'Cattle, urine (kg mass)', 'Meat, pig (cold carcass weight)', 'Offal', 'Dairy cattle', 'Layer chicken, hen', 'Sheep, lamb (male, unweaned)', 'Meat, chicken, wings', 'Wool', 'Eggs, hen, in shell (number)', 'Pig', 'Broiler chicken, hen', 'Dairy cattle, calf (male, unweaned)', 'Meat, dairy cattle (cold carcass weight)', 'Dairy cattle, calf', 'Beef cattle, calf (male, weaned)', 'Meat, beef cattle (cold dressed carcass weight)', 'Eggs, hen, in shell', 'Broiler chicken, chick', 'Meat, chicken (liveweight)', 'Pig, piglet', 'Layer chicken, pullet', 'Sheep, lamb (female, unweaned)', 'Milk', 'Beef cattle, bull', 'Eggs', 'Sheep, lamb', 'Dairy cattle, calf (female, weaned)', 'Sheep, ram', 'Sheep, lamb (weaned)', 'Beef cattle, calf (weaned)', 'Meat, chicken, leg', 'Sheep', 'Layer chicken', 'Beef cattle, cow', 'Offal, pigs', 'Poultry by-product meal', 'Meat', 'Milk, cow, raw', 'Hides, dairy cattle, fresh', 'Pig, sow', 'Meat, beef cattle (liveweight)', 'Meat, chicken (cold carcass weight)', 'Meat, sheep (cold carcass weight)']",76,microsoft/deberta-v3-large,Product,original,rag
2,"Animal housing producing beef cattle, heifer and steer in spain. cycle description: average production data across 4 farms with fattening facilities and 2 specialist fattening farms. Additional Relevant Context: Beef cattle","[0, 0, 0, 0, 0, 0, 1, 0, 0, 0, 0, 0, 0, 0, 0, 0, 0, 1, 0, 0, 0, 0, 0, 0, 0, 0, 0, 0, 0, 0, 0, 0, 0, 0, 0, 0, 0, 0, 0, 0, 0, 0, 0, 0, 0, 0, 0, 0, 0, 0, 0, 0, 0, 0, 0, 0, 0, 0, 0, 0, 0, 0]","[0, 0, 0, 0, 0, 0, 1, 0, 0, 0, 0, 0, 0, 0, 0, 0, 0, 0, 0, 0, 0, 0, 0, 0, 0, 0, 0, 0, 0, 0, 0, 0, 0, 0, 0, 0, 0, 0, 0, 0, 0, 0, 0, 0, 0, 0, 0, 0, 0, 0, 0, 0, 0, 0, 0, 0, 0, 0, 0, 0, 0, 0]","['Meat, beef cattle (cold carcass weight)', 'Dairy cattle, heifer', 'Meat, pig (cold dressed carcass weight)', 'Meat, chicken, breast', 'Milk, cow, raw (FPCM)', 'Broiler chicken', 'Beef cattle', 'Hides', 'Sheep, ewe', 'Beef cattle, heifer', 'Beef cattle, calf (female, weaned)', 'Dairy cattle, calf (weaned)', 'Cattle', 'Wool, sheep (greasy)', 'Meat, dairy cattle (liveweight)', 'Beef cattle, steer', 'Meat, sheep (liveweight)', 'Beef cattle, heifer and steer', 'Dairy cattle, cow', 'Cattle, urine (kg mass)', 'Meat, pig (cold carcass weight)', 'Offal', 'Dairy cattle', 'Layer chicken, hen', 'Sheep, lamb (male, unweaned)', 'Meat, chicken, wings', 'Wool', 'Eggs, hen, in shell (number)', 'Pig', 'Broiler chicken, hen', 'Dairy cattle, calf (male, unweaned)', 'Meat, dairy cattle (cold carcass weight)', 'Dairy cattle, calf', 'Beef cattle, calf (male, weaned)', 'Meat, beef cattle (cold dressed carcass weight)', 'Eggs, hen, in shell', 'Broiler chicken, chick', 'Meat, chicken (liveweight)', 'Pig, piglet', 'Layer chicken, pullet', 'Sheep, lamb (female, unweaned)', 'Milk', 'Beef cattle, bull', 'Eggs', 'Sheep, lamb', 'Dairy cattle, calf (female, weaned)', 'Sheep, ram', 'Sheep, lamb (weaned)', 'Beef cattle, calf (weaned)', 'Meat, chicken, leg', 'Sheep', 'Layer chicken', 'Beef cattle, cow', 'Offal, pigs', 'Poultry by-product meal', 'Meat', 'Milk, cow, raw', 'Hides, dairy cattle, fresh', 'Pig, sow', 'Meat, beef cattle (liveweight)', 'Meat, chicken (cold carcass weight)', 'Meat, sheep (cold carcass weight)']",2,microsoft/deberta-v3-small,Product,original,rag
8,"Animal housing producing dairy cattle, calf (weaned) in france. cycle description: grass and high proportion maize silage in forage area, with cattle fed an omega-3 supplement, holstein breed. annual milk production cycle, including all grazing and animal housing components. Additional Relevant Context: milk","[0, 0, 0, 0, 0, 0, 0, 0, 0, 0, 0, 1, 0, 0, 0, 0, 0, 0, 0, 0, 0, 0, 1, 0, 0, 0, 0, 0, 0, 0, 0, 0, 0, 0, 0, 0, 0, 0, 0, 0, 0, 0, 0, 0, 0, 0, 0, 0, 0, 0, 0, 0, 0, 0, 0, 0, 0, 0, 0, 0, 0, 0]","[0, 0, 0, 0, 0, 0, 0, 0, 0, 0, 0, 0, 0, 0, 0, 0, 0, 0, 0, 0, 0, 0, 1, 0, 0, 0, 0, 0, 0, 0, 0, 0, 0, 0, 0, 0, 0, 0, 0, 0, 0, 0, 0, 0, 0, 0, 0, 0, 0, 0, 0, 0, 0, 0, 0, 0, 0, 0, 0, 0, 0, 0]","['Meat, beef cattle (cold carcass weight)', 'Dairy cattle, heifer', 'Meat, pig (cold dressed carcass weight)', 'Meat, chicken, breast', 'Milk, cow, raw (FPCM)', 'Broiler chicken', 'Beef cattle', 'Hides', 'Sheep, ewe', 'Beef cattle, heifer', 'Beef cattle, calf (female, weaned)', 'Dairy cattle, calf (weaned)', 'Cattle', 'Wool, sheep (greasy)', 'Meat, dairy cattle (liveweight)', 'Beef cattle, steer', 'Meat, sheep (liveweight)', 'Beef cattle, heifer and steer', 'Dairy cattle, cow', 'Cattle, urine (kg mass)', 'Meat, pig (cold carcass weight)', 'Offal', 'Dairy cattle', 'Layer chicken, hen', 'Sheep, lamb (male, unweaned)', 'Meat, chicken, wings', 'Wool', 'Eggs, hen, in shell (number)', 'Pig', 'Broiler chicken, hen', 'Dairy cattle, calf (male, unweaned)', 'Meat, dairy cattle (cold carcass weight)', 'Dairy cattle, calf', 'Beef cattle, calf (male, weaned)', 'Meat, beef cattle (cold dressed carcass weight)', 'Eggs, hen, in shell', 'Broiler chicken, chick', 'Meat, chicken (liveweight)', 'Pig, piglet', 'Layer chicken, pullet', 'Sheep, lamb (female, unweaned)', 'Milk', 'Beef cattle, bull', 'Eggs', 'Sheep, lamb', 'Dairy cattle, calf (female, weaned)', 'Sheep, ram', 'Sheep, lamb (weaned)', 'Beef cattle, calf (weaned)', 'Meat, chicken, leg', 'Sheep', 'Layer chicken', 'Beef cattle, cow', 'Offal, pigs', 'Poultry by-product meal', 'Meat', 'Milk, cow, raw', 'Hides, dairy cattle, fresh', 'Pig, sow', 'Meat, beef cattle (liveweight)', 'Meat, chicken (cold carcass weight)', 'Meat, sheep (cold carcass weight)']",8,microsoft/deberta-v3-small,Product,original,rag
11,"Agri-food processor producing meat, chicken, leg in netherlands. cycle description: slaughter - conventional. Additional Relevant Context: meat chicken leg","[0, 0, 0, 0, 0, 0, 0, 0, 0, 0, 0, 0, 0, 0, 0, 0, 0, 0, 0, 0, 0, 0, 0, 0, 0, 0, 0, 0, 0, 0, 0, 0, 0, 0, 0, 0, 0, 0, 0, 0, 0, 0, 0, 0, 0, 0, 0, 0, 0, 1, 0, 0, 0, 0, 0, 1, 0, 0, 0, 0, 0, 0]","[0, 0, 0, 0, 0, 0, 0, 0, 0, 0, 0, 0, 0, 0, 0, 0, 0, 0, 0, 0, 0, 0, 0, 0, 0, 0, 0, 0, 0, 0, 0, 0, 0, 0, 0, 0, 0, 0, 0, 0, 0, 0, 0, 0, 0, 0, 0, 0, 0, 0, 0, 0, 0, 0, 0, 1, 0, 0, 0, 0, 0, 0]","['Meat, beef cattle (cold carcass weight)', 'Dairy cattle, heifer', 'Meat, pig (cold dressed carcass weight)', 'Meat, chicken, breast', 'Milk, cow, raw (FPCM)', 'Broiler chicken', 'Beef cattle', 'Hides', 'Sheep, ewe', 'Beef cattle, heifer', 'Beef cattle, calf (female, weaned)', 'Dairy cattle, calf (weaned)', 'Cattle', 'Wool, sheep (greasy)', 'Meat, dairy cattle (liveweight)', 'Beef cattle, steer', 'Meat, sheep (liveweight)', 'Beef cattle, heifer and steer', 'Dairy cattle, cow', 'Cattle, urine (kg mass)', 'Meat, pig (cold carcass weight)', 'Offal', 'Dairy cattle', 'Layer chicken, hen', 'Sheep, lamb (male, unweaned)', 'Meat, chicken, wings', 'Wool', 'Eggs, hen, in shell (number)', 'Pig', 'Broiler chicken, hen', 'Dairy cattle, calf (male, unweaned)', 'Meat, dairy cattle (cold carcass weight)', 'Dairy cattle, calf', 'Beef cattle, calf (male, weaned)', 'Meat, beef cattle (cold dressed carcass weight)', 'Eggs, hen, in shell', 'Broiler chicken, chick', 'Meat, chicken (liveweight)', 'Pig, piglet', 'Layer chicken, pullet', 'Sheep, lamb (female, unweaned)', 'Milk', 'Beef cattle, bull', 'Eggs', 'Sheep, lamb', 'Dairy cattle, calf (female, weaned)', 'Sheep, ram', 'Sheep, lamb (weaned)', 'Beef cattle, calf (weaned)', 'Meat, chicken, leg', 'Sheep', 'Layer chicken', 'Beef cattle, cow', 'Offal, pigs', 'Poultry by-product meal', 'Meat', 'Milk, cow, raw', 'Hides, dairy cattle, fresh', 'Pig, sow', 'Meat, beef cattle (liveweight)', 'Meat, chicken (cold carcass weight)', 'Meat, sheep (cold carcass weight)']",11,microsoft/deberta-v3-small,Product,original,rag
24,"Agri-food processor producing meat, chicken, leg in netherlands. cycle description: slaughter - bls. Additional Relevant Context: meat, chicken, leg","[0, 0, 0, 0, 0, 0, 0, 0, 0, 0, 0, 0, 0, 0, 0, 0, 0, 0, 0, 0, 0, 0, 0, 0, 0, 0, 0, 0, 0, 0, 0, 0, 0, 0, 0, 0, 0, 0, 0, 0, 0, 0, 0, 0, 0, 0, 0, 0, 0, 1, 0, 0, 0, 0, 0, 1, 0, 0, 0, 0, 0, 0]","[0, 0, 0, 0, 0, 0, 0, 0, 0, 0, 0, 0, 0, 0, 0, 0, 0, 0, 0, 0, 0, 0, 0, 0, 0, 0, 0, 0, 0, 0, 0, 0, 0, 0, 0, 0, 0, 0, 0, 0, 0, 0, 0, 0, 0, 0, 0, 0, 0, 0, 0, 0, 0, 0, 0, 1, 0, 0, 0, 0, 0, 0]","['Meat, beef cattle (cold carcass weight)', 'Dairy cattle, heifer', 'Meat, pig (cold dressed carcass weight)', 'Meat, chicken, breast', 'Milk, cow, raw (FPCM)', 'Broiler chicken', 'Beef cattle', 'Hides', 'Sheep, ewe', 'Beef cattle, heifer', 'Beef cattle, calf (female, weaned)', 'Dairy cattle, calf (weaned)', 'Cattle', 'Wool, sheep (greasy)', 'Meat, dairy cattle (liveweight)', 'Beef cattle, steer', 'Meat, sheep (liveweight)', 'Beef cattle, heifer and steer', 'Dairy cattle, cow', 'Cattle, urine (kg mass)', 'Meat, pig (cold carcass weight)', 'Offal', 'Dairy cattle', 'Layer chicken, hen', 'Sheep, lamb (male, unweaned)', 'Meat, chicken, wings', 'Wool', 'Eggs, hen, in shell (number)', 'Pig', 'Broiler chicken, hen', 'Dairy cattle, calf (male, unweaned)', 'Meat, dairy cattle (cold carcass weight)', 'Dairy cattle, calf', 'Beef cattle, calf (male, weaned)', 'Meat, beef cattle (cold dressed carcass weight)', 'Eggs, hen, in shell', 'Broiler chicken, chick', 'Meat, chicken (liveweight)', 'Pig, piglet', 'Layer chicken, pullet', 'Sheep, lamb (female, unweaned)', 'Milk', 'Beef cattle, bull', 'Eggs', 'Sheep, lamb', 'Dairy cattle, calf (female, weaned)', 'Sheep, ram', 'Sheep, lamb (weaned)', 'Beef cattle, calf (weaned)', 'Meat, chicken, leg', 'Sheep', 'Layer chicken', 'Beef cattle, cow', 'Offal, pigs', 'Poultry by-product meal', 'Meat', 'Milk, cow, raw', 'Hides, dairy cattle, fresh', 'Pig, sow', 'Meat, beef cattle (liveweight)', 'Meat, chicken (cold carcass weight)', 'Meat, sheep (cold carcass weight)']",24,microsoft/deberta-v3-small,Product,original,rag
27,"Permanent pasture producing meat, beef cattle (cold dressed carcass weight) in ireland. cycle description: alternative calf-to-beef system with a high grass utlilisation rate, where heifers are finished at 20 months and males are finished as steers at 24 months, with a moderate stocking density of 2.2 lu/ha. Additional Relevant Context: Beef cattle (cold dressed carcass weight)","[0, 0, 0, 0, 0, 0, 0, 0, 0, 0, 0, 0, 0, 0, 0, 0, 0, 0, 0, 0, 0, 0, 0, 0, 0, 0, 0, 0, 0, 0, 0, 0, 0, 0, 1, 0, 0, 0, 0, 0, 0, 0, 0, 0, 0, 0, 0, 0, 0, 0, 0, 0, 0, 0, 0, 1, 0, 0, 0, 0, 0, 0]","[1, 0, 0, 0, 0, 0, 0, 0, 0, 0, 0, 0, 0, 0, 0, 0, 0, 0, 0, 0, 0, 0, 0, 0, 0, 0, 0, 0, 0, 0, 0, 0, 0, 0, 0, 0, 0, 0, 0, 0, 0, 0, 0, 0, 0, 0, 0, 0, 0, 0, 0, 0, 0, 0, 0, 1, 0, 0, 0, 0, 0, 0]","['Meat, beef cattle (cold carcass weight)', 'Dairy cattle, heifer', 'Meat, pig (cold dressed carcass weight)', 'Meat, chicken, breast', 'Milk, cow, raw (FPCM)', 'Broiler chicken', 'Beef cattle', 'Hides', 'Sheep, ewe', 'Beef cattle, heifer', 'Beef cattle, calf (female, weaned)', 'Dairy cattle, calf (weaned)', 'Cattle', 'Wool, sheep (greasy)', 'Meat, dairy cattle (liveweight)', 'Beef cattle, steer', 'Meat, sheep (liveweight)', 'Beef cattle, heifer and steer', 'Dairy cattle, cow', 'Cattle, urine (kg mass)', 'Meat, pig (cold carcass weight)', 'Offal', 'Dairy cattle', 'Layer chicken, hen', 'Sheep, lamb (male, unweaned)', 'Meat, chicken, wings', 'Wool', 'Eggs, hen, in shell (number)', 'Pig', 'Broiler chicken, hen', 'Dairy cattle, calf (male, unweaned)', 'Meat, dairy cattle (cold carcass weight)', 'Dairy cattle, calf', 'Beef cattle, calf (male, weaned)', 'Meat, beef cattle (cold dressed carcass weight)', 'Eggs, hen, in shell', 'Broiler chicken, chick', 'Meat, chicken (liveweight)', 'Pig, piglet', 'Layer chicken, pullet', 'Sheep, lamb (female, unweaned)', 'Milk', 'Beef cattle, bull', 'Eggs', 'Sheep, lamb', 'Dairy cattle, calf (female, weaned)', 'Sheep, ram', 'Sheep, lamb (weaned)', 'Beef cattle, calf (weaned)', 'Meat, chicken, leg', 'Sheep', 'Layer chicken', 'Beef cattle, cow', 'Offal, pigs', 'Poultry by-product meal', 'Meat', 'Milk, cow, raw', 'Hides, dairy cattle, fresh', 'Pig, sow', 'Meat, beef cattle (liveweight)', 'Meat, chicken (cold carcass weight)', 'Meat, sheep (cold carcass weight)']",27,microsoft/deberta-v3-small,Product,original,rag
49,"Animal housing producing beef cattle, heifer and steer in spain. cycle description: average production data across 4 farms with fattening facilities and 2 specialist fattening farms. Additional Relevant Context: Beef cattle","[0, 0, 0, 0, 0, 0, 1, 0, 0, 0, 0, 0, 0, 0, 0, 0, 0, 1, 0, 0, 0, 0, 0, 0, 0, 0, 0, 0, 0, 0, 0, 0, 0, 0, 0, 0, 0, 0, 0, 0, 0, 0, 0, 0, 0, 0, 0, 0, 0, 0, 0, 0, 0, 0, 0, 0, 0, 0, 0, 0, 0, 0]","[0, 0, 0, 0, 0, 0, 1, 0, 0, 0, 0, 0, 0, 0, 0, 0, 0, 0, 0, 0, 0, 0, 0, 0, 0, 0, 0, 0, 0, 0, 0, 0, 0, 0, 0, 0, 0, 0, 0, 0, 0, 0, 0, 0, 0, 0, 0, 0, 0, 0, 0, 0, 0, 0, 0, 0, 0, 0, 0, 0, 0, 0]","['Meat, beef cattle (cold carcass weight)', 'Dairy cattle, heifer', 'Meat, pig (cold dressed carcass weight)', 'Meat, chicken, breast', 'Milk, cow, raw (FPCM)', 'Broiler chicken', 'Beef cattle', 'Hides', 'Sheep, ewe', 'Beef cattle, heifer', 'Beef cattle, calf (female, weaned)', 'Dairy cattle, calf (weaned)', 'Cattle', 'Wool, sheep (greasy)', 'Meat, dairy cattle (liveweight)', 'Beef cattle, steer', 'Meat, sheep (liveweight)', 'Beef cattle, heifer and steer', 'Dairy cattle, cow', 'Cattle, urine (kg mass)', 'Meat, pig (cold carcass weight)', 'Offal', 'Dairy cattle', 'Layer chicken, hen', 'Sheep, lamb (male, unweaned)', 'Meat, chicken, wings', 'Wool', 'Eggs, hen, in shell (number)', 'Pig', 'Broiler chicken, hen', 'Dairy cattle, calf (male, unweaned)', 'Meat, dairy cattle (cold carcass weight)', 'Dairy cattle, calf', 'Beef cattle, calf (male, weaned)', 'Meat, beef cattle (cold dressed carcass weight)', 'Eggs, hen, in shell', 'Broiler chicken, chick', 'Meat, chicken (liveweight)', 'Pig, piglet', 'Layer chicken, pullet', 'Sheep, lamb (female, unweaned)', 'Milk', 'Beef cattle, bull', 'Eggs', 'Sheep, lamb', 'Dairy cattle, calf (female, weaned)', 'Sheep, ram', 'Sheep, lamb (weaned)', 'Beef cattle, calf (weaned)', 'Meat, chicken, leg', 'Sheep', 'Layer chicken', 'Beef cattle, cow', 'Offal, pigs', 'Poultry by-product meal', 'Meat', 'Milk, cow, raw', 'Hides, dairy cattle, fresh', 'Pig, sow', 'Meat, beef cattle (liveweight)', 'Meat, chicken (cold carcass weight)', 'Meat, sheep (cold carcass weight)']",49,microsoft/deberta-v3-small,Product,original,rag
76,Agri-food processor producing poultry by in product meal. cycle description: slaughterhouse. Additional Relevant Context: chicken meal,"[0, 0, 0, 0, 0, 0, 0, 0, 0, 0, 0, 0, 0, 0, 0, 0, 0, 0, 0, 0, 0, 0, 0, 0, 0, 0, 0, 0, 0, 0, 0, 0, 0, 0, 0, 0, 0, 0, 0, 0, 0, 0, 0, 0, 0, 0, 0, 0, 0, 0, 0, 0, 0, 0, 1, 0, 0, 0, 0, 0, 0, 0]","[0, 0, 0, 0, 0, 0, 0, 0, 0, 0, 0, 0, 0, 0, 0, 0, 0, 0, 0, 0, 0, 0, 0, 0, 0, 0, 0, 0, 0, 0, 0, 0, 0, 0, 0, 0, 0, 0, 0, 0, 0, 0, 0, 0, 0, 0, 0, 0, 0, 0, 0, 0, 0, 0, 0, 1, 0, 0, 0, 0, 0, 0]","['Meat, beef cattle (cold carcass weight)', 'Dairy cattle, heifer', 'Meat, pig (cold dressed carcass weight)', 'Meat, chicken, breast', 'Milk, cow, raw (FPCM)', 'Broiler chicken', 'Beef cattle', 'Hides', 'Sheep, ewe', 'Beef cattle, heifer', 'Beef cattle, calf (female, weaned)', 'Dairy cattle, calf (weaned)', 'Cattle', 'Wool, sheep (greasy)', 'Meat, dairy cattle (liveweight)', 'Beef cattle, steer', 'Meat, sheep (liveweight)', 'Beef cattle, heifer and steer', 'Dairy cattle, cow', 'Cattle, urine (kg mass)', 'Meat, pig (cold carcass weight)', 'Offal', 'Dairy cattle', 'Layer chicken, hen', 'Sheep, lamb (male, unweaned)', 'Meat, chicken, wings', 'Wool', 'Eggs, hen, in shell (number)', 'Pig', 'Broiler chicken, hen', 'Dairy cattle, calf (male, unweaned)', 'Meat, dairy cattle (cold carcass weight)', 'Dairy cattle, calf', 'Beef cattle, calf (male, weaned)', 'Meat, beef cattle (cold dressed carcass weight)', 'Eggs, hen, in shell', 'Broiler chicken, chick', 'Meat, chicken (liveweight)', 'Pig, piglet', 'Layer chicken, pullet', 'Sheep, lamb (female, unweaned)', 'Milk', 'Beef cattle, bull', 'Eggs', 'Sheep, lamb', 'Dairy cattle, calf (female, weaned)', 'Sheep, ram', 'Sheep, lamb (weaned)', 'Beef cattle, calf (weaned)', 'Meat, chicken, leg', 'Sheep', 'Layer chicken', 'Beef cattle, cow', 'Offal, pigs', 'Poultry by-product meal', 'Meat', 'Milk, cow, raw', 'Hides, dairy cattle, fresh', 'Pig, sow', 'Meat, beef cattle (liveweight)', 'Meat, chicken (cold carcass weight)', 'Meat, sheep (cold carcass weight)']",76,microsoft/deberta-v3-small,Product,original,rag
2,"Animal housing producing beef cattle, heifer and steer in spain. cycle description: average production data across 4 farms with fattening facilities and 2 specialist fattening farms. What is in the system boundary? Additional Relevant Context: 
animalFeed: True
animalPopulation: True
cropResidue: True
electricityFuel: True
excreta: True
fertiliser: True
freshForage: True
ingredient: False
liveAnimalInput: True
material: True
operation: True
otherChemical: True
pesticideVeterinaryDrug: True
seed: False
soilAmendment: True
transport: True
waste: True
water: True
product: True","[1, 1, 1, 0, 0, 1, 1, 1, 1, 1, 0, 1, 0, 1, 0, 1, 0, 1, 1]","[1, 1, 1, 1, 0, 0, 1, 1, 1, 0, 0, 1, 0, 1, 0, 1, 0, 1, 1]","['True_animalFeed', 'True_water', 'True_liveAnimalInput', 'True_electricityFuel', 'True_transport', 'True_pesticideVeterinaryDrug', 'True_seed', 'True_otherChemical', 'True_animalPopulation', 'True_freshForage', 'True_excreta', 'True_product', 'True_waste', 'True_soilAmendment', 'True_operation', 'True_fertiliser', 'True_material', 'True_ingredient', 'True_cropResidue']",2,climatebert/distilroberta-base-climate-f,System Boundary,original,rag
13,"Animal housing producing eggs, hen, in shell (number) in thailand. cycle description: cb8-parent farm 5. site description: 12 big corporations that account for more than 90% of the country’s total capacity. What is in the system boundary? Additional Relevant Context: 
animalFeed: False
animalPopulation: True
cropResidue: False
electricityFuel: True
excreta: False
fertiliser: False
freshForage: False
ingredient: False
liveAnimalInput: True
material: False
operation: False
otherChemical: False
pesticideVeterinaryDrug: False
seed: False
soilAmendment: False
transport: False
waste: False
water: True
product: True","[1, 1, 0, 1, 0, 0, 1, 1, 1, 1, 1, 1, 1, 1, 0, 1, 0, 1, 1]","[1, 1, 1, 1, 0, 0, 1, 1, 1, 1, 1, 1, 1, 1, 0, 1, 0, 1, 1]","['True_animalFeed', 'True_water', 'True_liveAnimalInput', 'True_electricityFuel', 'True_transport', 'True_pesticideVeterinaryDrug', 'True_seed', 'True_otherChemical', 'True_animalPopulation', 'True_freshForage', 'True_excreta', 'True_product', 'True_waste', 'True_soilAmendment', 'True_operation', 'True_fertiliser', 'True_material', 'True_ingredient', 'True_cropResidue']",13,climatebert/distilroberta-base-climate-f,System Boundary,original,rag
23,"Animal housing producing meat, dairy cattle (liveweight) in denmark. cycle description: conventional dairy. What is in the system boundary? Additional Relevant Context: animalFeed: True
animalPopulation: True
cropResidue: True
electricityFuel: True
excreta: True
fertiliser: True
freshForage: True
ingredient: False
liveAnimalInput: True
material: True
operation: True
otherChemical: True
pesticideVeterinaryDrug: True
seed: True
soilAmendment: True
transport: True
waste: True
water: True
product: True","[1, 0, 1, 0, 0, 0, 1, 1, 1, 1, 0, 1, 0, 1, 0, 1, 0, 1, 1]","[1, 0, 1, 0, 0, 1, 1, 1, 1, 1, 0, 1, 0, 1, 0, 1, 0, 1, 1]","['True_animalFeed', 'True_water', 'True_liveAnimalInput', 'True_electricityFuel', 'True_transport', 'True_pesticideVeterinaryDrug', 'True_seed', 'True_otherChemical', 'True_animalPopulation', 'True_freshForage', 'True_excreta', 'True_product', 'True_waste', 'True_soilAmendment', 'True_operation', 'True_fertiliser', 'True_material', 'True_ingredient', 'True_cropResidue']",23,climatebert/distilroberta-base-climate-f,System Boundary,original,rag
32,"Permanent pasture producing meat, beef cattle (liveweight) in ireland. cycle description: average production data from 19 suckler calf-to-beef finishing farms participating in the teagasc/irish farmers journal better farm imrovement programme. What is in the system boundary? Additional Relevant Context: animalFeed: False
animalPopulation: True
cropResidue: False
electricityFuel: False
excreta: True
fertiliser: False
freshForage: True
ingredient: False
liveAnimalInput: True
material: False
operation: False
otherChemical: False
pesticideVeterinaryDrug: False
seed: False
soilAmendment: False
transport: False
waste: True
water: False
product: True","[1, 0, 1, 1, 0, 1, 1, 1, 1, 1, 1, 1, 0, 1, 0, 1, 0, 1, 1]","[1, 0, 0, 1, 0, 0, 1, 1, 1, 1, 0, 1, 0, 1, 0, 1, 0, 1, 1]","['True_animalFeed', 'True_water', 'True_liveAnimalInput', 'True_electricityFuel', 'True_transport', 'True_pesticideVeterinaryDrug', 'True_seed', 'True_otherChemical', 'True_animalPopulation', 'True_freshForage', 'True_excreta', 'True_product', 'True_waste', 'True_soilAmendment', 'True_operation', 'True_fertiliser', 'True_material', 'True_ingredient', 'True_cropResidue']",32,climatebert/distilroberta-base-climate-f,System Boundary,original,rag
37,"Permanent pasture producing beef cattle, cow in spain. cycle description: average annual production data across 9 different conventional dehesa cattle farms. cow-calf operation. What is in the system boundary? Additional Relevant Context: animalFeed: False
animalPopulation: True
cropResidue: False
electricityFuel: False
excreta: False
fertiliser: False
freshForage: True
ingredient: False
liveAnimalInput: True
material: False
operation: False
otherChemical: False
pesticideVeterinaryDrug: False
seed: False
soilAmendment: False
transport: True
waste: False
water: False
product: True","[1, 1, 0, 0, 0, 0, 1, 1, 1, 0, 0, 1, 0, 0, 0, 0, 0, 1, 1]","[1, 0, 0, 1, 0, 0, 1, 1, 1, 0, 0, 1, 0, 1, 0, 0, 0, 1, 1]","['True_animalFeed', 'True_water', 'True_liveAnimalInput', 'True_electricityFuel', 'True_transport', 'True_pesticideVeterinaryDrug', 'True_seed', 'True_otherChemical', 'True_animalPopulation', 'True_freshForage', 'True_excreta', 'True_product', 'True_waste', 'True_soilAmendment', 'True_operation', 'True_fertiliser', 'True_material', 'True_ingredient', 'True_cropResidue']",37,climatebert/distilroberta-base-climate-f,System Boundary,original,rag
43,"Animal housing producing meat, dairy cattle (liveweight) in brazil. cycle description: aggregate cycle representing data from 4 farms in the central-east mesoregion on parana in 2019, all producing milk under a full confinement system. What is in the system boundary? Additional Relevant Context: 
animalFeed: True
animalPopulation: True
cropResidue: True
electricityFuel: True
excreta: True
fertiliser: True
freshForage: True
ingredient: False
liveAnimalInput: True
material: True
operation: True
otherChemical: True
pesticideVeterinaryDrug: True
seed: True
soilAmendment: True
transport: True
waste: True
water: True
product: True","[1, 1, 1, 1, 0, 0, 0, 1, 0, 1, 1, 1, 0, 1, 0, 1, 0, 1, 1]","[1, 1, 1, 1, 0, 0, 1, 1, 0, 1, 1, 1, 0, 1, 0, 1, 0, 1, 1]","['True_animalFeed', 'True_water', 'True_liveAnimalInput', 'True_electricityFuel', 'True_transport', 'True_pesticideVeterinaryDrug', 'True_seed', 'True_otherChemical', 'True_animalPopulation', 'True_freshForage', 'True_excreta', 'True_product', 'True_waste', 'True_soilAmendment', 'True_operation', 'True_fertiliser', 'True_material', 'True_ingredient', 'True_cropResidue']",43,climatebert/distilroberta-base-climate-f,System Boundary,original,rag
49,"Animal housing producing beef cattle, heifer and steer in spain. cycle description: average production data across 4 farms with fattening facilities and 2 specialist fattening farms. What is in the system boundary? Additional Relevant Context: 
animalFeed: True
animalPopulation: True
cropResidue: True
electricityFuel: True
excreta: True
fertiliser: True
freshForage: True
ingredient: False
liveAnimalInput: True
material: True
operation: True
otherChemical: True
pesticideVeterinaryDrug: True
seed: False
soilAmendment: True
transport: True
waste: True
water: True
product: True","[1, 1, 1, 0, 0, 0, 1, 1, 1, 1, 0, 1, 0, 1, 0, 1, 0, 1, 1]","[1, 1, 1, 1, 0, 0, 1, 1, 1, 0, 0, 1, 0, 1, 0, 1, 0, 1, 1]","['True_animalFeed', 'True_water', 'True_liveAnimalInput', 'True_electricityFuel', 'True_transport', 'True_pesticideVeterinaryDrug', 'True_seed', 'True_otherChemical', 'True_animalPopulation', 'True_freshForage', 'True_excreta', 'True_product', 'True_waste', 'True_soilAmendment', 'True_operation', 'True_fertiliser', 'True_material', 'True_ingredient', 'True_cropResidue']",49,climatebert/distilroberta-base-climate-f,System Boundary,original,rag
50,"Animal housing producing meat, dairy cattle (liveweight) in italy. cycle description: cycle for farm producing milk and meat, with an ad on-site. What is in the system boundary? Additional Relevant Context: 
animalFeed: True
animalPopulation: True
cropResidue: True
electricityFuel: True
excreta: True
fertiliser: True
freshForage: True
ingredient: False
liveAnimalInput: True
material: True
operation: True
otherChemical: True
pesticideVeterinaryDrug: True
seed: True
soilAmendment: True
transport: False
waste: True
water: True
product: True","[1, 0, 1, 1, 1, 0, 1, 1, 1, 0, 1, 1, 0, 1, 0, 1, 0, 1, 1]","[1, 1, 1, 1, 0, 0, 1, 1, 1, 0, 1, 1, 0, 1, 0, 1, 0, 1, 1]","['True_animalFeed', 'True_water', 'True_liveAnimalInput', 'True_electricityFuel', 'True_transport', 'True_pesticideVeterinaryDrug', 'True_seed', 'True_otherChemical', 'True_animalPopulation', 'True_freshForage', 'True_excreta', 'True_product', 'True_waste', 'True_soilAmendment', 'True_operation', 'True_fertiliser', 'True_material', 'True_ingredient', 'True_cropResidue']",50,climatebert/distilroberta-base-climate-f,System Boundary,original,rag
51,"Permanent pasture producing beef cattle, cow in spain. cycle description: average annual production data across 6 different organic dehesa cattle farms. cow-calf operation. What is in the system boundary? Additional Relevant Context: 
animalFeed: False
animalPopulation: True
cropResidue: False
electricityFuel: True
excreta: True
fertiliser: False
freshForage: True
ingredient: False
liveAnimalInput: True
material: False
operation: True
otherChemical: False
pesticideVeterinaryDrug: False
seed: False
soilAmendment: False
transport: True
waste: True
water: True
product: True","[1, 1, 0, 0, 0, 1, 1, 1, 1, 0, 0, 1, 0, 0, 0, 0, 0, 1, 1]","[1, 0, 0, 1, 0, 0, 0, 1, 1, 0, 0, 1, 0, 0, 0, 0, 0, 1, 1]","['True_animalFeed', 'True_water', 'True_liveAnimalInput', 'True_electricityFuel', 'True_transport', 'True_pesticideVeterinaryDrug', 'True_seed', 'True_otherChemical', 'True_animalPopulation', 'True_freshForage', 'True_excreta', 'True_product', 'True_waste', 'True_soilAmendment', 'True_operation', 'True_fertiliser', 'True_material', 'True_ingredient', 'True_cropResidue']",51,climatebert/distilroberta-base-climate-f,System Boundary,original,rag
64,"Animal housing producing pig, sow in denmark. cycle description: sows. What is in the system boundary? Additional Relevant Context: 
animalFeed: False
animalPopulation: True
cropResidue: False
electricityFuel: True
excreta: True
fertiliser: False
freshForage: False
ingredient: False
liveAnimalInput: True
material: False
operation: True
otherChemical: False
pesticideVeterinaryDrug: False
seed: False
soilAmendment: False
transport: False
waste: True
water: True
product: True","[1, 0, 1, 1, 0, 0, 1, 0, 1, 1, 0, 1, 1, 1, 0, 1, 0, 1, 1]","[1, 0, 1, 0, 0, 0, 1, 0, 1, 1, 0, 1, 0, 1, 0, 1, 0, 1, 1]","['True_animalFeed', 'True_water', 'True_liveAnimalInput', 'True_electricityFuel', 'True_transport', 'True_pesticideVeterinaryDrug', 'True_seed', 'True_otherChemical', 'True_animalPopulation', 'True_freshForage', 'True_excreta', 'True_product', 'True_waste', 'True_soilAmendment', 'True_operation', 'True_fertiliser', 'True_material', 'True_ingredient', 'True_cropResidue']",64,climatebert/distilroberta-base-climate-f,System Boundary,original,rag
67,"Animal housing producing milk, cow, raw (fpcm) in denmark. cycle description: conventional dairy. What is in the system boundary? Additional Relevant Context: animalFeed: True
animalPopulation: True
cropResidue: True
electricityFuel: True
excreta: True
fertiliser: True
freshForage: True
ingredient: False
liveAnimalInput: True
material: True
operation: True
otherChemical: True
pesticideVeterinaryDrug: True
seed: True
soilAmendment: True
transport: True
waste: True
water: True
product: True","[1, 0, 1, 0, 0, 0, 1, 1, 1, 1, 0, 1, 0, 1, 0, 1, 0, 1, 1]","[1, 0, 1, 0, 0, 1, 1, 1, 1, 1, 0, 1, 0, 1, 0, 1, 0, 1, 1]","['True_animalFeed', 'True_water', 'True_liveAnimalInput', 'True_electricityFuel', 'True_transport', 'True_pesticideVeterinaryDrug', 'True_seed', 'True_otherChemical', 'True_animalPopulation', 'True_freshForage', 'True_excreta', 'True_product', 'True_waste', 'True_soilAmendment', 'True_operation', 'True_fertiliser', 'True_material', 'True_ingredient', 'True_cropResidue']",67,climatebert/distilroberta-base-climate-f,System Boundary,original,rag
76,"Agri-food processor producing poultry by in product meal. cycle description: slaughterhouse. What is in the system boundary? Additional Relevant Context: animalFeed: True
animalPopulation: True
cropResidue: False
electricityFuel: False
excreta: False
fertiliser: False
freshForage: False
ingredient: True
liveAnimalInput: True
material: True
operation: True
otherChemical: False
pesticideVeterinaryDrug: False
seed: False
soilAmendment: False
transport: True
waste: True
water: True
product: True","[1, 1, 1, 1, 1, 1, 1, 1, 1, 1, 1, 1, 0, 1, 1, 1, 0, 1, 1]","[1, 1, 1, 1, 1, 1, 1, 1, 1, 1, 1, 1, 0, 1, 0, 1, 0, 1, 1]","['True_animalFeed', 'True_water', 'True_liveAnimalInput', 'True_electricityFuel', 'True_transport', 'True_pesticideVeterinaryDrug', 'True_seed', 'True_otherChemical', 'True_animalPopulation', 'True_freshForage', 'True_excreta', 'True_product', 'True_waste', 'True_soilAmendment', 'True_operation', 'True_fertiliser', 'True_material', 'True_ingredient', 'True_cropResidue']",76,climatebert/distilroberta-base-climate-f,System Boundary,original,rag
2,"Animal housing producing beef cattle, heifer and steer in spain. cycle description: average production data across 4 farms with fattening facilities and 2 specialist fattening farms. What is in the system boundary? Additional Relevant Context: 
animalFeed: True
animalPopulation: True
cropResidue: True
electricityFuel: True
excreta: True
fertiliser: True
freshForage: True
ingredient: False
liveAnimalInput: True
material: True
operation: True
otherChemical: True
pesticideVeterinaryDrug: True
seed: False
soilAmendment: True
transport: True
waste: True
water: True
product: True","[1, 1, 1, 0, 0, 1, 1, 1, 1, 1, 0, 1, 0, 1, 0, 1, 0, 1, 1]","[0, 0, 1, 0, 0, 0, 1, 1, 1, 1, 0, 1, 0, 1, 0, 1, 0, 1, 1]","['True_animalFeed', 'True_water', 'True_liveAnimalInput', 'True_electricityFuel', 'True_transport', 'True_pesticideVeterinaryDrug', 'True_seed', 'True_otherChemical', 'True_animalPopulation', 'True_freshForage', 'True_excreta', 'True_product', 'True_waste', 'True_soilAmendment', 'True_operation', 'True_fertiliser', 'True_material', 'True_ingredient', 'True_cropResidue']",2,ESGBERT/EnvironmentalBERT-base,System Boundary,original,rag
13,"Animal housing producing eggs, hen, in shell (number) in thailand. cycle description: cb8-parent farm 5. site description: 12 big corporations that account for more than 90% of the country’s total capacity. What is in the system boundary? Additional Relevant Context: 
animalFeed: False
animalPopulation: True
cropResidue: False
electricityFuel: True
excreta: False
fertiliser: False
freshForage: False
ingredient: False
liveAnimalInput: True
material: False
operation: False
otherChemical: False
pesticideVeterinaryDrug: False
seed: False
soilAmendment: False
transport: False
waste: False
water: True
product: True","[1, 1, 0, 1, 0, 0, 1, 1, 1, 1, 1, 1, 1, 1, 0, 1, 0, 1, 1]","[1, 1, 1, 1, 0, 0, 1, 1, 1, 1, 1, 1, 1, 1, 0, 1, 0, 1, 1]","['True_animalFeed', 'True_water', 'True_liveAnimalInput', 'True_electricityFuel', 'True_transport', 'True_pesticideVeterinaryDrug', 'True_seed', 'True_otherChemical', 'True_animalPopulation', 'True_freshForage', 'True_excreta', 'True_product', 'True_waste', 'True_soilAmendment', 'True_operation', 'True_fertiliser', 'True_material', 'True_ingredient', 'True_cropResidue']",13,ESGBERT/EnvironmentalBERT-base,System Boundary,original,rag
23,"Animal housing producing meat, dairy cattle (liveweight) in denmark. cycle description: conventional dairy. What is in the system boundary? Additional Relevant Context: animalFeed: True
animalPopulation: True
cropResidue: True
electricityFuel: True
excreta: True
fertiliser: True
freshForage: True
ingredient: False
liveAnimalInput: True
material: True
operation: True
otherChemical: True
pesticideVeterinaryDrug: True
seed: True
soilAmendment: True
transport: True
waste: True
water: True
product: True","[1, 0, 1, 0, 0, 0, 1, 1, 1, 1, 0, 1, 0, 1, 0, 1, 0, 1, 1]","[1, 0, 1, 0, 0, 1, 1, 1, 1, 1, 0, 1, 0, 1, 0, 1, 0, 1, 1]","['True_animalFeed', 'True_water', 'True_liveAnimalInput', 'True_electricityFuel', 'True_transport', 'True_pesticideVeterinaryDrug', 'True_seed', 'True_otherChemical', 'True_animalPopulation', 'True_freshForage', 'True_excreta', 'True_product', 'True_waste', 'True_soilAmendment', 'True_operation', 'True_fertiliser', 'True_material', 'True_ingredient', 'True_cropResidue']",23,ESGBERT/EnvironmentalBERT-base,System Boundary,original,rag
32,"Permanent pasture producing meat, beef cattle (liveweight) in ireland. cycle description: average production data from 19 suckler calf-to-beef finishing farms participating in the teagasc/irish farmers journal better farm imrovement programme. What is in the system boundary? Additional Relevant Context: animalFeed: False
animalPopulation: True
cropResidue: False
electricityFuel: False
excreta: True
fertiliser: False
freshForage: True
ingredient: False
liveAnimalInput: True
material: False
operation: False
otherChemical: False
pesticideVeterinaryDrug: False
seed: False
soilAmendment: False
transport: False
waste: True
water: False
product: True","[1, 0, 1, 1, 0, 1, 1, 1, 1, 1, 1, 1, 0, 1, 0, 1, 0, 1, 1]","[1, 0, 1, 0, 0, 0, 1, 1, 0, 1, 0, 1, 0, 1, 0, 1, 0, 1, 1]","['True_animalFeed', 'True_water', 'True_liveAnimalInput', 'True_electricityFuel', 'True_transport', 'True_pesticideVeterinaryDrug', 'True_seed', 'True_otherChemical', 'True_animalPopulation', 'True_freshForage', 'True_excreta', 'True_product', 'True_waste', 'True_soilAmendment', 'True_operation', 'True_fertiliser', 'True_material', 'True_ingredient', 'True_cropResidue']",32,ESGBERT/EnvironmentalBERT-base,System Boundary,original,rag
37,"Permanent pasture producing beef cattle, cow in spain. cycle description: average annual production data across 9 different conventional dehesa cattle farms. cow-calf operation. What is in the system boundary? Additional Relevant Context: animalFeed: False
animalPopulation: True
cropResidue: False
electricityFuel: False
excreta: False
fertiliser: False
freshForage: True
ingredient: False
liveAnimalInput: True
material: False
operation: False
otherChemical: False
pesticideVeterinaryDrug: False
seed: False
soilAmendment: False
transport: True
waste: False
water: False
product: True","[1, 1, 0, 0, 0, 0, 1, 1, 1, 0, 0, 1, 0, 0, 0, 0, 0, 1, 1]","[0, 0, 0, 0, 0, 1, 0, 1, 1, 0, 0, 1, 0, 0, 0, 1, 0, 1, 1]","['True_animalFeed', 'True_water', 'True_liveAnimalInput', 'True_electricityFuel', 'True_transport', 'True_pesticideVeterinaryDrug', 'True_seed', 'True_otherChemical', 'True_animalPopulation', 'True_freshForage', 'True_excreta', 'True_product', 'True_waste', 'True_soilAmendment', 'True_operation', 'True_fertiliser', 'True_material', 'True_ingredient', 'True_cropResidue']",37,ESGBERT/EnvironmentalBERT-base,System Boundary,original,rag
43,"Animal housing producing meat, dairy cattle (liveweight) in brazil. cycle description: aggregate cycle representing data from 4 farms in the central-east mesoregion on parana in 2019, all producing milk under a full confinement system. What is in the system boundary? Additional Relevant Context: 
animalFeed: True
animalPopulation: True
cropResidue: True
electricityFuel: True
excreta: True
fertiliser: True
freshForage: True
ingredient: False
liveAnimalInput: True
material: True
operation: True
otherChemical: True
pesticideVeterinaryDrug: True
seed: True
soilAmendment: True
transport: True
waste: True
water: True
product: True","[1, 1, 1, 1, 0, 0, 0, 1, 0, 1, 1, 1, 0, 1, 0, 1, 0, 1, 1]","[1, 1, 1, 1, 0, 0, 1, 1, 0, 1, 1, 1, 0, 1, 0, 1, 0, 1, 1]","['True_animalFeed', 'True_water', 'True_liveAnimalInput', 'True_electricityFuel', 'True_transport', 'True_pesticideVeterinaryDrug', 'True_seed', 'True_otherChemical', 'True_animalPopulation', 'True_freshForage', 'True_excreta', 'True_product', 'True_waste', 'True_soilAmendment', 'True_operation', 'True_fertiliser', 'True_material', 'True_ingredient', 'True_cropResidue']",43,ESGBERT/EnvironmentalBERT-base,System Boundary,original,rag
47,"Animal housing producing pig in denmark. cycle description: finishers. What is in the system boundary? Additional Relevant Context: animalFeed: True
animalPopulation: True
cropResidue: True
electricityFuel: True
excreta: True
fertiliser: True
freshForage: False
ingredient: True
liveAnimalInput: True
material: True
operation: True
otherChemical: True
pesticideVeterinaryDrug: True
seed: False
soilAmendment: True
transport: True
waste: True
water: True
product: True","[1, 0, 1, 1, 0, 0, 1, 0, 1, 1, 0, 1, 1, 1, 0, 1, 0, 1, 1]","[1, 0, 1, 1, 0, 0, 1, 0, 1, 1, 0, 1, 0, 1, 0, 1, 0, 1, 1]","['True_animalFeed', 'True_water', 'True_liveAnimalInput', 'True_electricityFuel', 'True_transport', 'True_pesticideVeterinaryDrug', 'True_seed', 'True_otherChemical', 'True_animalPopulation', 'True_freshForage', 'True_excreta', 'True_product', 'True_waste', 'True_soilAmendment', 'True_operation', 'True_fertiliser', 'True_material', 'True_ingredient', 'True_cropResidue']",47,ESGBERT/EnvironmentalBERT-base,System Boundary,original,rag
49,"Animal housing producing beef cattle, heifer and steer in spain. cycle description: average production data across 4 farms with fattening facilities and 2 specialist fattening farms. What is in the system boundary? Additional Relevant Context: 
animalFeed: True
animalPopulation: True
cropResidue: True
electricityFuel: True
excreta: True
fertiliser: True
freshForage: True
ingredient: False
liveAnimalInput: True
material: True
operation: True
otherChemical: True
pesticideVeterinaryDrug: True
seed: False
soilAmendment: True
transport: True
waste: True
water: True
product: True","[1, 1, 1, 0, 0, 0, 1, 1, 1, 1, 0, 1, 0, 1, 0, 1, 0, 1, 1]","[0, 0, 1, 0, 0, 0, 1, 1, 1, 1, 0, 1, 0, 1, 0, 1, 0, 1, 1]","['True_animalFeed', 'True_water', 'True_liveAnimalInput', 'True_electricityFuel', 'True_transport', 'True_pesticideVeterinaryDrug', 'True_seed', 'True_otherChemical', 'True_animalPopulation', 'True_freshForage', 'True_excreta', 'True_product', 'True_waste', 'True_soilAmendment', 'True_operation', 'True_fertiliser', 'True_material', 'True_ingredient', 'True_cropResidue']",49,ESGBERT/EnvironmentalBERT-base,System Boundary,original,rag
51,"Permanent pasture producing beef cattle, cow in spain. cycle description: average annual production data across 6 different organic dehesa cattle farms. cow-calf operation. What is in the system boundary? Additional Relevant Context: 
animalFeed: False
animalPopulation: True
cropResidue: False
electricityFuel: True
excreta: True
fertiliser: False
freshForage: True
ingredient: False
liveAnimalInput: True
material: False
operation: True
otherChemical: False
pesticideVeterinaryDrug: False
seed: False
soilAmendment: False
transport: True
waste: True
water: True
product: True","[1, 1, 0, 0, 0, 1, 1, 1, 1, 0, 0, 1, 0, 0, 0, 0, 0, 1, 1]","[0, 0, 0, 0, 0, 1, 0, 1, 1, 0, 0, 1, 0, 0, 0, 0, 0, 1, 1]","['True_animalFeed', 'True_water', 'True_liveAnimalInput', 'True_electricityFuel', 'True_transport', 'True_pesticideVeterinaryDrug', 'True_seed', 'True_otherChemical', 'True_animalPopulation', 'True_freshForage', 'True_excreta', 'True_product', 'True_waste', 'True_soilAmendment', 'True_operation', 'True_fertiliser', 'True_material', 'True_ingredient', 'True_cropResidue']",51,ESGBERT/EnvironmentalBERT-base,System Boundary,original,rag
64,"Animal housing producing pig, sow in denmark. cycle description: sows. What is in the system boundary? Additional Relevant Context: 
animalFeed: False
animalPopulation: True
cropResidue: False
electricityFuel: True
excreta: True
fertiliser: False
freshForage: False
ingredient: False
liveAnimalInput: True
material: False
operation: True
otherChemical: False
pesticideVeterinaryDrug: False
seed: False
soilAmendment: False
transport: False
waste: True
water: True
product: True","[1, 0, 1, 1, 0, 0, 1, 0, 1, 1, 0, 1, 1, 1, 0, 1, 0, 1, 1]","[1, 0, 1, 1, 0, 0, 1, 0, 1, 1, 0, 1, 0, 1, 0, 1, 0, 1, 1]","['True_animalFeed', 'True_water', 'True_liveAnimalInput', 'True_electricityFuel', 'True_transport', 'True_pesticideVeterinaryDrug', 'True_seed', 'True_otherChemical', 'True_animalPopulation', 'True_freshForage', 'True_excreta', 'True_product', 'True_waste', 'True_soilAmendment', 'True_operation', 'True_fertiliser', 'True_material', 'True_ingredient', 'True_cropResidue']",64,ESGBERT/EnvironmentalBERT-base,System Boundary,original,rag
67,"Animal housing producing milk, cow, raw (fpcm) in denmark. cycle description: conventional dairy. What is in the system boundary? Additional Relevant Context: animalFeed: True
animalPopulation: True
cropResidue: True
electricityFuel: True
excreta: True
fertiliser: True
freshForage: True
ingredient: False
liveAnimalInput: True
material: True
operation: True
otherChemical: True
pesticideVeterinaryDrug: True
seed: True
soilAmendment: True
transport: True
waste: True
water: True
product: True","[1, 0, 1, 0, 0, 0, 1, 1, 1, 1, 0, 1, 0, 1, 0, 1, 0, 1, 1]","[1, 0, 1, 0, 0, 1, 1, 1, 1, 1, 0, 1, 0, 1, 0, 1, 0, 1, 1]","['True_animalFeed', 'True_water', 'True_liveAnimalInput', 'True_electricityFuel', 'True_transport', 'True_pesticideVeterinaryDrug', 'True_seed', 'True_otherChemical', 'True_animalPopulation', 'True_freshForage', 'True_excreta', 'True_product', 'True_waste', 'True_soilAmendment', 'True_operation', 'True_fertiliser', 'True_material', 'True_ingredient', 'True_cropResidue']",67,ESGBERT/EnvironmentalBERT-base,System Boundary,original,rag
76,"Agri-food processor producing poultry by in product meal. cycle description: slaughterhouse. What is in the system boundary? Additional Relevant Context: animalFeed: True
animalPopulation: True
cropResidue: False
electricityFuel: False
excreta: False
fertiliser: False
freshForage: False
ingredient: True
liveAnimalInput: True
material: True
operation: True
otherChemical: False
pesticideVeterinaryDrug: False
seed: False
soilAmendment: False
transport: True
waste: True
water: True
product: True","[1, 1, 1, 1, 1, 1, 1, 1, 1, 1, 1, 1, 0, 1, 1, 1, 0, 1, 1]","[1, 1, 1, 0, 0, 1, 1, 1, 1, 1, 1, 1, 0, 1, 0, 1, 0, 1, 1]","['True_animalFeed', 'True_water', 'True_liveAnimalInput', 'True_electricityFuel', 'True_transport', 'True_pesticideVeterinaryDrug', 'True_seed', 'True_otherChemical', 'True_animalPopulation', 'True_freshForage', 'True_excreta', 'True_product', 'True_waste', 'True_soilAmendment', 'True_operation', 'True_fertiliser', 'True_material', 'True_ingredient', 'True_cropResidue']",76,ESGBERT/EnvironmentalBERT-base,System Boundary,original,rag
2,"Animal housing producing beef cattle, heifer and steer in spain. cycle description: average production data across 4 farms with fattening facilities and 2 specialist fattening farms. What is in the system boundary? Additional Relevant Context: 
animalFeed: True
animalPopulation: True
cropResidue: True
electricityFuel: True
excreta: True
fertiliser: True
freshForage: True
ingredient: False
liveAnimalInput: True
material: True
operation: True
otherChemical: True
pesticideVeterinaryDrug: True
seed: False
soilAmendment: True
transport: True
waste: True
water: True
product: True","[1, 1, 1, 0, 0, 1, 1, 1, 1, 1, 0, 1, 0, 1, 0, 1, 0, 1, 1]","[1, 0, 1, 1, 0, 0, 1, 1, 1, 1, 0, 1, 0, 1, 0, 1, 0, 1, 1]","['True_animalFeed', 'True_water', 'True_liveAnimalInput', 'True_electricityFuel', 'True_transport', 'True_pesticideVeterinaryDrug', 'True_seed', 'True_otherChemical', 'True_animalPopulation', 'True_freshForage', 'True_excreta', 'True_product', 'True_waste', 'True_soilAmendment', 'True_operation', 'True_fertiliser', 'True_material', 'True_ingredient', 'True_cropResidue']",2,FacebookAI/roberta-large,System Boundary,original,rag
13,"Animal housing producing eggs, hen, in shell (number) in thailand. cycle description: cb8-parent farm 5. site description: 12 big corporations that account for more than 90% of the country’s total capacity. What is in the system boundary? Additional Relevant Context: 
animalFeed: False
animalPopulation: True
cropResidue: False
electricityFuel: True
excreta: False
fertiliser: False
freshForage: False
ingredient: False
liveAnimalInput: True
material: False
operation: False
otherChemical: False
pesticideVeterinaryDrug: False
seed: False
soilAmendment: False
transport: False
waste: False
water: True
product: True","[1, 1, 0, 1, 0, 0, 1, 1, 1, 1, 1, 1, 1, 1, 0, 1, 0, 1, 1]","[1, 1, 1, 1, 0, 0, 1, 1, 1, 1, 1, 1, 1, 1, 0, 1, 0, 1, 1]","['True_animalFeed', 'True_water', 'True_liveAnimalInput', 'True_electricityFuel', 'True_transport', 'True_pesticideVeterinaryDrug', 'True_seed', 'True_otherChemical', 'True_animalPopulation', 'True_freshForage', 'True_excreta', 'True_product', 'True_waste', 'True_soilAmendment', 'True_operation', 'True_fertiliser', 'True_material', 'True_ingredient', 'True_cropResidue']",13,FacebookAI/roberta-large,System Boundary,original,rag
23,"Animal housing producing meat, dairy cattle (liveweight) in denmark. cycle description: conventional dairy. What is in the system boundary? Additional Relevant Context: animalFeed: True
animalPopulation: True
cropResidue: True
electricityFuel: True
excreta: True
fertiliser: True
freshForage: True
ingredient: False
liveAnimalInput: True
material: True
operation: True
otherChemical: True
pesticideVeterinaryDrug: True
seed: True
soilAmendment: True
transport: True
waste: True
water: True
product: True","[1, 0, 1, 0, 0, 0, 1, 1, 1, 1, 0, 1, 0, 1, 0, 1, 0, 1, 1]","[1, 0, 1, 0, 0, 1, 1, 1, 1, 1, 0, 1, 0, 1, 0, 1, 0, 1, 1]","['True_animalFeed', 'True_water', 'True_liveAnimalInput', 'True_electricityFuel', 'True_transport', 'True_pesticideVeterinaryDrug', 'True_seed', 'True_otherChemical', 'True_animalPopulation', 'True_freshForage', 'True_excreta', 'True_product', 'True_waste', 'True_soilAmendment', 'True_operation', 'True_fertiliser', 'True_material', 'True_ingredient', 'True_cropResidue']",23,FacebookAI/roberta-large,System Boundary,original,rag
32,"Permanent pasture producing meat, beef cattle (liveweight) in ireland. cycle description: average production data from 19 suckler calf-to-beef finishing farms participating in the teagasc/irish farmers journal better farm imrovement programme. What is in the system boundary? Additional Relevant Context: animalFeed: False
animalPopulation: True
cropResidue: False
electricityFuel: False
excreta: True
fertiliser: False
freshForage: True
ingredient: False
liveAnimalInput: True
material: False
operation: False
otherChemical: False
pesticideVeterinaryDrug: False
seed: False
soilAmendment: False
transport: False
waste: True
water: False
product: True","[1, 0, 1, 1, 0, 1, 1, 1, 1, 1, 1, 1, 0, 1, 0, 1, 0, 1, 1]","[1, 0, 0, 0, 0, 0, 1, 1, 1, 1, 0, 1, 0, 1, 0, 1, 0, 1, 1]","['True_animalFeed', 'True_water', 'True_liveAnimalInput', 'True_electricityFuel', 'True_transport', 'True_pesticideVeterinaryDrug', 'True_seed', 'True_otherChemical', 'True_animalPopulation', 'True_freshForage', 'True_excreta', 'True_product', 'True_waste', 'True_soilAmendment', 'True_operation', 'True_fertiliser', 'True_material', 'True_ingredient', 'True_cropResidue']",32,FacebookAI/roberta-large,System Boundary,original,rag
37,"Permanent pasture producing beef cattle, cow in spain. cycle description: average annual production data across 9 different conventional dehesa cattle farms. cow-calf operation. What is in the system boundary? Additional Relevant Context: animalFeed: False
animalPopulation: True
cropResidue: False
electricityFuel: False
excreta: False
fertiliser: False
freshForage: True
ingredient: False
liveAnimalInput: True
material: False
operation: False
otherChemical: False
pesticideVeterinaryDrug: False
seed: False
soilAmendment: False
transport: True
waste: False
water: False
product: True","[1, 1, 0, 0, 0, 0, 1, 1, 1, 0, 0, 1, 0, 0, 0, 0, 0, 1, 1]","[1, 0, 0, 0, 0, 0, 0, 1, 1, 0, 0, 1, 0, 0, 0, 0, 0, 1, 1]","['True_animalFeed', 'True_water', 'True_liveAnimalInput', 'True_electricityFuel', 'True_transport', 'True_pesticideVeterinaryDrug', 'True_seed', 'True_otherChemical', 'True_animalPopulation', 'True_freshForage', 'True_excreta', 'True_product', 'True_waste', 'True_soilAmendment', 'True_operation', 'True_fertiliser', 'True_material', 'True_ingredient', 'True_cropResidue']",37,FacebookAI/roberta-large,System Boundary,original,rag
49,"Animal housing producing beef cattle, heifer and steer in spain. cycle description: average production data across 4 farms with fattening facilities and 2 specialist fattening farms. What is in the system boundary? Additional Relevant Context: 
animalFeed: True
animalPopulation: True
cropResidue: True
electricityFuel: True
excreta: True
fertiliser: True
freshForage: True
ingredient: False
liveAnimalInput: True
material: True
operation: True
otherChemical: True
pesticideVeterinaryDrug: True
seed: False
soilAmendment: True
transport: True
waste: True
water: True
product: True","[1, 1, 1, 0, 0, 0, 1, 1, 1, 1, 0, 1, 0, 1, 0, 1, 0, 1, 1]","[1, 0, 1, 1, 0, 0, 1, 1, 1, 1, 0, 1, 0, 1, 0, 1, 0, 1, 1]","['True_animalFeed', 'True_water', 'True_liveAnimalInput', 'True_electricityFuel', 'True_transport', 'True_pesticideVeterinaryDrug', 'True_seed', 'True_otherChemical', 'True_animalPopulation', 'True_freshForage', 'True_excreta', 'True_product', 'True_waste', 'True_soilAmendment', 'True_operation', 'True_fertiliser', 'True_material', 'True_ingredient', 'True_cropResidue']",49,FacebookAI/roberta-large,System Boundary,original,rag
50,"Animal housing producing meat, dairy cattle (liveweight) in italy. cycle description: cycle for farm producing milk and meat, with an ad on-site. What is in the system boundary? Additional Relevant Context: 
animalFeed: True
animalPopulation: True
cropResidue: True
electricityFuel: True
excreta: True
fertiliser: True
freshForage: True
ingredient: False
liveAnimalInput: True
material: True
operation: True
otherChemical: True
pesticideVeterinaryDrug: True
seed: True
soilAmendment: True
transport: False
waste: True
water: True
product: True","[1, 0, 1, 1, 1, 0, 1, 1, 1, 0, 1, 1, 0, 1, 0, 1, 0, 1, 1]","[1, 0, 1, 1, 0, 0, 1, 1, 1, 0, 1, 1, 0, 1, 0, 1, 0, 1, 1]","['True_animalFeed', 'True_water', 'True_liveAnimalInput', 'True_electricityFuel', 'True_transport', 'True_pesticideVeterinaryDrug', 'True_seed', 'True_otherChemical', 'True_animalPopulation', 'True_freshForage', 'True_excreta', 'True_product', 'True_waste', 'True_soilAmendment', 'True_operation', 'True_fertiliser', 'True_material', 'True_ingredient', 'True_cropResidue']",50,FacebookAI/roberta-large,System Boundary,original,rag
51,"Permanent pasture producing beef cattle, cow in spain. cycle description: average annual production data across 6 different organic dehesa cattle farms. cow-calf operation. What is in the system boundary? Additional Relevant Context: 
animalFeed: False
animalPopulation: True
cropResidue: False
electricityFuel: True
excreta: True
fertiliser: False
freshForage: True
ingredient: False
liveAnimalInput: True
material: False
operation: True
otherChemical: False
pesticideVeterinaryDrug: False
seed: False
soilAmendment: False
transport: True
waste: True
water: True
product: True","[1, 1, 0, 0, 0, 1, 1, 1, 1, 0, 0, 1, 0, 0, 0, 0, 0, 1, 1]","[1, 0, 0, 0, 0, 0, 0, 1, 1, 0, 0, 1, 0, 0, 0, 0, 0, 1, 1]","['True_animalFeed', 'True_water', 'True_liveAnimalInput', 'True_electricityFuel', 'True_transport', 'True_pesticideVeterinaryDrug', 'True_seed', 'True_otherChemical', 'True_animalPopulation', 'True_freshForage', 'True_excreta', 'True_product', 'True_waste', 'True_soilAmendment', 'True_operation', 'True_fertiliser', 'True_material', 'True_ingredient', 'True_cropResidue']",51,FacebookAI/roberta-large,System Boundary,original,rag
67,"Animal housing producing milk, cow, raw (fpcm) in denmark. cycle description: conventional dairy. What is in the system boundary? Additional Relevant Context: animalFeed: True
animalPopulation: True
cropResidue: True
electricityFuel: True
excreta: True
fertiliser: True
freshForage: True
ingredient: False
liveAnimalInput: True
material: True
operation: True
otherChemical: True
pesticideVeterinaryDrug: True
seed: True
soilAmendment: True
transport: True
waste: True
water: True
product: True","[1, 0, 1, 0, 0, 0, 1, 1, 1, 1, 0, 1, 0, 1, 0, 1, 0, 1, 1]","[1, 0, 1, 0, 0, 1, 1, 1, 1, 1, 0, 1, 0, 1, 0, 1, 0, 1, 1]","['True_animalFeed', 'True_water', 'True_liveAnimalInput', 'True_electricityFuel', 'True_transport', 'True_pesticideVeterinaryDrug', 'True_seed', 'True_otherChemical', 'True_animalPopulation', 'True_freshForage', 'True_excreta', 'True_product', 'True_waste', 'True_soilAmendment', 'True_operation', 'True_fertiliser', 'True_material', 'True_ingredient', 'True_cropResidue']",67,FacebookAI/roberta-large,System Boundary,original,rag
76,"Agri-food processor producing poultry by in product meal. cycle description: slaughterhouse. What is in the system boundary? Additional Relevant Context: animalFeed: True
animalPopulation: True
cropResidue: False
electricityFuel: False
excreta: False
fertiliser: False
freshForage: False
ingredient: True
liveAnimalInput: True
material: True
operation: True
otherChemical: False
pesticideVeterinaryDrug: False
seed: False
soilAmendment: False
transport: True
waste: True
water: True
product: True","[1, 1, 1, 1, 1, 1, 1, 1, 1, 1, 1, 1, 0, 1, 1, 1, 0, 1, 1]","[1, 1, 1, 0, 0, 1, 1, 1, 1, 1, 1, 1, 0, 1, 0, 1, 0, 1, 1]","['True_animalFeed', 'True_water', 'True_liveAnimalInput', 'True_electricityFuel', 'True_transport', 'True_pesticideVeterinaryDrug', 'True_seed', 'True_otherChemical', 'True_animalPopulation', 'True_freshForage', 'True_excreta', 'True_product', 'True_waste', 'True_soilAmendment', 'True_operation', 'True_fertiliser', 'True_material', 'True_ingredient', 'True_cropResidue']",76,FacebookAI/roberta-large,System Boundary,original,rag
0,"Agri-food processor producing meat, pig (cold dressed carcass weight) in netherlands. cycle description: production of pork meat from pigs. What is in the system boundary? Additional Relevant Context: animalFeed: True
animalPopulation: True
cropResidue: False
electricityFuel: True
excreta: True
fertiliser: False
freshForage: False
ingredient: False
liveAnimalInput: True
material: True
operation: False
otherChemical: True
pesticideVeterinaryDrug: False
seed: False
soilAmendment: False
transport: False
waste: True
water: True
product: True","[1, 0, 1, 0, 0, 1, 1, 0, 1, 1, 1, 1, 0, 1, 0, 1, 0, 1, 1]","[1, 1, 1, 0, 0, 1, 1, 0, 1, 1, 1, 1, 0, 1, 0, 1, 0, 1, 1]","['True_animalFeed', 'True_water', 'True_liveAnimalInput', 'True_electricityFuel', 'True_transport', 'True_pesticideVeterinaryDrug', 'True_seed', 'True_otherChemical', 'True_animalPopulation', 'True_freshForage', 'True_excreta', 'True_product', 'True_waste', 'True_soilAmendment', 'True_operation', 'True_fertiliser', 'True_material', 'True_ingredient', 'True_cropResidue']",0,google-bert/bert-base-uncased,System Boundary,original,rag
2,"Animal housing producing beef cattle, heifer and steer in spain. cycle description: average production data across 4 farms with fattening facilities and 2 specialist fattening farms. What is in the system boundary? Additional Relevant Context: 
animalFeed: True
animalPopulation: True
cropResidue: True
electricityFuel: True
excreta: True
fertiliser: True
freshForage: True
ingredient: False
liveAnimalInput: True
material: True
operation: True
otherChemical: True
pesticideVeterinaryDrug: True
seed: False
soilAmendment: True
transport: True
waste: True
water: True
product: True","[1, 1, 1, 0, 0, 1, 1, 1, 1, 1, 0, 1, 0, 1, 0, 1, 0, 1, 1]","[1, 1, 1, 1, 0, 0, 1, 1, 1, 0, 0, 1, 0, 1, 0, 1, 0, 1, 1]","['True_animalFeed', 'True_water', 'True_liveAnimalInput', 'True_electricityFuel', 'True_transport', 'True_pesticideVeterinaryDrug', 'True_seed', 'True_otherChemical', 'True_animalPopulation', 'True_freshForage', 'True_excreta', 'True_product', 'True_waste', 'True_soilAmendment', 'True_operation', 'True_fertiliser', 'True_material', 'True_ingredient', 'True_cropResidue']",2,google-bert/bert-base-uncased,System Boundary,original,rag
13,"Animal housing producing eggs, hen, in shell (number) in thailand. cycle description: cb8-parent farm 5. site description: 12 big corporations that account for more than 90% of the country’s total capacity. What is in the system boundary? Additional Relevant Context: 
animalFeed: False
animalPopulation: True
cropResidue: False
electricityFuel: True
excreta: False
fertiliser: False
freshForage: False
ingredient: False
liveAnimalInput: True
material: False
operation: False
otherChemical: False
pesticideVeterinaryDrug: False
seed: False
soilAmendment: False
transport: False
waste: False
water: True
product: True","[1, 1, 0, 1, 0, 0, 1, 1, 1, 1, 1, 1, 1, 1, 0, 1, 0, 1, 1]","[1, 1, 1, 1, 0, 0, 1, 1, 1, 1, 1, 1, 1, 1, 0, 1, 0, 1, 1]","['True_animalFeed', 'True_water', 'True_liveAnimalInput', 'True_electricityFuel', 'True_transport', 'True_pesticideVeterinaryDrug', 'True_seed', 'True_otherChemical', 'True_animalPopulation', 'True_freshForage', 'True_excreta', 'True_product', 'True_waste', 'True_soilAmendment', 'True_operation', 'True_fertiliser', 'True_material', 'True_ingredient', 'True_cropResidue']",13,google-bert/bert-base-uncased,System Boundary,original,rag
23,"Animal housing producing meat, dairy cattle (liveweight) in denmark. cycle description: conventional dairy. What is in the system boundary? Additional Relevant Context: animalFeed: True
animalPopulation: True
cropResidue: True
electricityFuel: True
excreta: True
fertiliser: True
freshForage: True
ingredient: False
liveAnimalInput: True
material: True
operation: True
otherChemical: True
pesticideVeterinaryDrug: True
seed: True
soilAmendment: True
transport: True
waste: True
water: True
product: True","[1, 0, 1, 0, 0, 0, 1, 1, 1, 1, 0, 1, 0, 1, 0, 1, 0, 1, 1]","[1, 0, 1, 0, 0, 1, 1, 1, 1, 1, 0, 1, 0, 1, 0, 1, 0, 1, 1]","['True_animalFeed', 'True_water', 'True_liveAnimalInput', 'True_electricityFuel', 'True_transport', 'True_pesticideVeterinaryDrug', 'True_seed', 'True_otherChemical', 'True_animalPopulation', 'True_freshForage', 'True_excreta', 'True_product', 'True_waste', 'True_soilAmendment', 'True_operation', 'True_fertiliser', 'True_material', 'True_ingredient', 'True_cropResidue']",23,google-bert/bert-base-uncased,System Boundary,original,rag
32,"Permanent pasture producing meat, beef cattle (liveweight) in ireland. cycle description: average production data from 19 suckler calf-to-beef finishing farms participating in the teagasc/irish farmers journal better farm imrovement programme. What is in the system boundary? Additional Relevant Context: animalFeed: False
animalPopulation: True
cropResidue: False
electricityFuel: False
excreta: True
fertiliser: False
freshForage: True
ingredient: False
liveAnimalInput: True
material: False
operation: False
otherChemical: False
pesticideVeterinaryDrug: False
seed: False
soilAmendment: False
transport: False
waste: True
water: False
product: True","[1, 0, 1, 1, 0, 1, 1, 1, 1, 1, 1, 1, 0, 1, 0, 1, 0, 1, 1]","[1, 0, 1, 1, 0, 0, 1, 1, 1, 0, 0, 1, 0, 1, 0, 1, 0, 1, 1]","['True_animalFeed', 'True_water', 'True_liveAnimalInput', 'True_electricityFuel', 'True_transport', 'True_pesticideVeterinaryDrug', 'True_seed', 'True_otherChemical', 'True_animalPopulation', 'True_freshForage', 'True_excreta', 'True_product', 'True_waste', 'True_soilAmendment', 'True_operation', 'True_fertiliser', 'True_material', 'True_ingredient', 'True_cropResidue']",32,google-bert/bert-base-uncased,System Boundary,original,rag
37,"Permanent pasture producing beef cattle, cow in spain. cycle description: average annual production data across 9 different conventional dehesa cattle farms. cow-calf operation. What is in the system boundary? Additional Relevant Context: animalFeed: False
animalPopulation: True
cropResidue: False
electricityFuel: False
excreta: False
fertiliser: False
freshForage: True
ingredient: False
liveAnimalInput: True
material: False
operation: False
otherChemical: False
pesticideVeterinaryDrug: False
seed: False
soilAmendment: False
transport: True
waste: False
water: False
product: True","[1, 1, 0, 0, 0, 0, 1, 1, 1, 0, 0, 1, 0, 0, 0, 0, 0, 1, 1]","[1, 0, 0, 0, 0, 0, 1, 1, 1, 0, 0, 1, 0, 0, 0, 0, 0, 1, 1]","['True_animalFeed', 'True_water', 'True_liveAnimalInput', 'True_electricityFuel', 'True_transport', 'True_pesticideVeterinaryDrug', 'True_seed', 'True_otherChemical', 'True_animalPopulation', 'True_freshForage', 'True_excreta', 'True_product', 'True_waste', 'True_soilAmendment', 'True_operation', 'True_fertiliser', 'True_material', 'True_ingredient', 'True_cropResidue']",37,google-bert/bert-base-uncased,System Boundary,original,rag
49,"Animal housing producing beef cattle, heifer and steer in spain. cycle description: average production data across 4 farms with fattening facilities and 2 specialist fattening farms. What is in the system boundary? Additional Relevant Context: 
animalFeed: True
animalPopulation: True
cropResidue: True
electricityFuel: True
excreta: True
fertiliser: True
freshForage: True
ingredient: False
liveAnimalInput: True
material: True
operation: True
otherChemical: True
pesticideVeterinaryDrug: True
seed: False
soilAmendment: True
transport: True
waste: True
water: True
product: True","[1, 1, 1, 0, 0, 0, 1, 1, 1, 1, 0, 1, 0, 1, 0, 1, 0, 1, 1]","[1, 1, 1, 1, 0, 0, 1, 1, 1, 0, 0, 1, 0, 1, 0, 1, 0, 1, 1]","['True_animalFeed', 'True_water', 'True_liveAnimalInput', 'True_electricityFuel', 'True_transport', 'True_pesticideVeterinaryDrug', 'True_seed', 'True_otherChemical', 'True_animalPopulation', 'True_freshForage', 'True_excreta', 'True_product', 'True_waste', 'True_soilAmendment', 'True_operation', 'True_fertiliser', 'True_material', 'True_ingredient', 'True_cropResidue']",49,google-bert/bert-base-uncased,System Boundary,original,rag
50,"Animal housing producing meat, dairy cattle (liveweight) in italy. cycle description: cycle for farm producing milk and meat, with an ad on-site. What is in the system boundary? Additional Relevant Context: 
animalFeed: True
animalPopulation: True
cropResidue: True
electricityFuel: True
excreta: True
fertiliser: True
freshForage: True
ingredient: False
liveAnimalInput: True
material: True
operation: True
otherChemical: True
pesticideVeterinaryDrug: True
seed: True
soilAmendment: True
transport: False
waste: True
water: True
product: True","[1, 0, 1, 1, 1, 0, 1, 1, 1, 0, 1, 1, 0, 1, 0, 1, 0, 1, 1]","[1, 1, 1, 1, 1, 0, 1, 1, 1, 0, 1, 1, 0, 1, 0, 1, 0, 1, 1]","['True_animalFeed', 'True_water', 'True_liveAnimalInput', 'True_electricityFuel', 'True_transport', 'True_pesticideVeterinaryDrug', 'True_seed', 'True_otherChemical', 'True_animalPopulation', 'True_freshForage', 'True_excreta', 'True_product', 'True_waste', 'True_soilAmendment', 'True_operation', 'True_fertiliser', 'True_material', 'True_ingredient', 'True_cropResidue']",50,google-bert/bert-base-uncased,System Boundary,original,rag
51,"Permanent pasture producing beef cattle, cow in spain. cycle description: average annual production data across 6 different organic dehesa cattle farms. cow-calf operation. What is in the system boundary? Additional Relevant Context: 
animalFeed: False
animalPopulation: True
cropResidue: False
electricityFuel: True
excreta: True
fertiliser: False
freshForage: True
ingredient: False
liveAnimalInput: True
material: False
operation: True
otherChemical: False
pesticideVeterinaryDrug: False
seed: False
soilAmendment: False
transport: True
waste: True
water: True
product: True","[1, 1, 0, 0, 0, 1, 1, 1, 1, 0, 0, 1, 0, 0, 0, 0, 0, 1, 1]","[1, 0, 0, 0, 0, 1, 1, 1, 1, 0, 0, 1, 0, 0, 0, 0, 0, 1, 1]","['True_animalFeed', 'True_water', 'True_liveAnimalInput', 'True_electricityFuel', 'True_transport', 'True_pesticideVeterinaryDrug', 'True_seed', 'True_otherChemical', 'True_animalPopulation', 'True_freshForage', 'True_excreta', 'True_product', 'True_waste', 'True_soilAmendment', 'True_operation', 'True_fertiliser', 'True_material', 'True_ingredient', 'True_cropResidue']",51,google-bert/bert-base-uncased,System Boundary,original,rag
67,"Animal housing producing milk, cow, raw (fpcm) in denmark. cycle description: conventional dairy. What is in the system boundary? Additional Relevant Context: animalFeed: True
animalPopulation: True
cropResidue: True
electricityFuel: True
excreta: True
fertiliser: True
freshForage: True
ingredient: False
liveAnimalInput: True
material: True
operation: True
otherChemical: True
pesticideVeterinaryDrug: True
seed: True
soilAmendment: True
transport: True
waste: True
water: True
product: True","[1, 0, 1, 0, 0, 0, 1, 1, 1, 1, 0, 1, 0, 1, 0, 1, 0, 1, 1]","[1, 0, 1, 0, 0, 1, 1, 1, 1, 1, 0, 1, 0, 1, 0, 1, 0, 1, 1]","['True_animalFeed', 'True_water', 'True_liveAnimalInput', 'True_electricityFuel', 'True_transport', 'True_pesticideVeterinaryDrug', 'True_seed', 'True_otherChemical', 'True_animalPopulation', 'True_freshForage', 'True_excreta', 'True_product', 'True_waste', 'True_soilAmendment', 'True_operation', 'True_fertiliser', 'True_material', 'True_ingredient', 'True_cropResidue']",67,google-bert/bert-base-uncased,System Boundary,original,rag
76,"Agri-food processor producing poultry by in product meal. cycle description: slaughterhouse. What is in the system boundary? Additional Relevant Context: animalFeed: True
animalPopulation: True
cropResidue: False
electricityFuel: False
excreta: False
fertiliser: False
freshForage: False
ingredient: True
liveAnimalInput: True
material: True
operation: True
otherChemical: False
pesticideVeterinaryDrug: False
seed: False
soilAmendment: False
transport: True
waste: True
water: True
product: True","[1, 1, 1, 1, 1, 1, 1, 1, 1, 1, 1, 1, 0, 1, 1, 1, 0, 1, 1]","[1, 0, 1, 0, 0, 1, 1, 1, 1, 1, 1, 1, 0, 1, 0, 1, 0, 1, 1]","['True_animalFeed', 'True_water', 'True_liveAnimalInput', 'True_electricityFuel', 'True_transport', 'True_pesticideVeterinaryDrug', 'True_seed', 'True_otherChemical', 'True_animalPopulation', 'True_freshForage', 'True_excreta', 'True_product', 'True_waste', 'True_soilAmendment', 'True_operation', 'True_fertiliser', 'True_material', 'True_ingredient', 'True_cropResidue']",76,google-bert/bert-base-uncased,System Boundary,original,rag
0,"Agri-food processor producing meat, pig (cold dressed carcass weight) in netherlands. cycle description: production of pork meat from pigs. What is in the system boundary? Additional Relevant Context: animalFeed: True
animalPopulation: True
cropResidue: False
electricityFuel: True
excreta: True
fertiliser: False
freshForage: False
ingredient: False
liveAnimalInput: True
material: True
operation: False
otherChemical: True
pesticideVeterinaryDrug: False
seed: False
soilAmendment: False
transport: False
waste: True
water: True
product: True","[1, 0, 1, 0, 0, 1, 1, 0, 1, 1, 1, 1, 0, 1, 0, 1, 0, 1, 1]","[1, 0, 1, 0, 0, 1, 1, 0, 1, 1, 1, 0, 0, 1, 0, 1, 0, 1, 1]","['True_animalFeed', 'True_water', 'True_liveAnimalInput', 'True_electricityFuel', 'True_transport', 'True_pesticideVeterinaryDrug', 'True_seed', 'True_otherChemical', 'True_animalPopulation', 'True_freshForage', 'True_excreta', 'True_product', 'True_waste', 'True_soilAmendment', 'True_operation', 'True_fertiliser', 'True_material', 'True_ingredient', 'True_cropResidue']",0,microsoft/deberta-v3-base,System Boundary,original,rag
2,"Animal housing producing beef cattle, heifer and steer in spain. cycle description: average production data across 4 farms with fattening facilities and 2 specialist fattening farms. What is in the system boundary? Additional Relevant Context: 
animalFeed: True
animalPopulation: True
cropResidue: True
electricityFuel: True
excreta: True
fertiliser: True
freshForage: True
ingredient: False
liveAnimalInput: True
material: True
operation: True
otherChemical: True
pesticideVeterinaryDrug: True
seed: False
soilAmendment: True
transport: True
waste: True
water: True
product: True","[1, 1, 1, 0, 0, 1, 1, 1, 1, 1, 0, 1, 0, 1, 0, 1, 0, 1, 1]","[1, 0, 1, 1, 0, 0, 0, 1, 1, 1, 0, 1, 0, 1, 0, 1, 0, 1, 1]","['True_animalFeed', 'True_water', 'True_liveAnimalInput', 'True_electricityFuel', 'True_transport', 'True_pesticideVeterinaryDrug', 'True_seed', 'True_otherChemical', 'True_animalPopulation', 'True_freshForage', 'True_excreta', 'True_product', 'True_waste', 'True_soilAmendment', 'True_operation', 'True_fertiliser', 'True_material', 'True_ingredient', 'True_cropResidue']",2,microsoft/deberta-v3-base,System Boundary,original,rag
13,"Animal housing producing eggs, hen, in shell (number) in thailand. cycle description: cb8-parent farm 5. site description: 12 big corporations that account for more than 90% of the country’s total capacity. What is in the system boundary? Additional Relevant Context: 
animalFeed: False
animalPopulation: True
cropResidue: False
electricityFuel: True
excreta: False
fertiliser: False
freshForage: False
ingredient: False
liveAnimalInput: True
material: False
operation: False
otherChemical: False
pesticideVeterinaryDrug: False
seed: False
soilAmendment: False
transport: False
waste: False
water: True
product: True","[1, 1, 0, 1, 0, 0, 1, 1, 1, 1, 1, 1, 1, 1, 0, 1, 0, 1, 1]","[1, 1, 1, 1, 0, 0, 1, 1, 1, 1, 1, 1, 1, 1, 0, 1, 0, 1, 1]","['True_animalFeed', 'True_water', 'True_liveAnimalInput', 'True_electricityFuel', 'True_transport', 'True_pesticideVeterinaryDrug', 'True_seed', 'True_otherChemical', 'True_animalPopulation', 'True_freshForage', 'True_excreta', 'True_product', 'True_waste', 'True_soilAmendment', 'True_operation', 'True_fertiliser', 'True_material', 'True_ingredient', 'True_cropResidue']",13,microsoft/deberta-v3-base,System Boundary,original,rag
23,"Animal housing producing meat, dairy cattle (liveweight) in denmark. cycle description: conventional dairy. What is in the system boundary? Additional Relevant Context: animalFeed: True
animalPopulation: True
cropResidue: True
electricityFuel: True
excreta: True
fertiliser: True
freshForage: True
ingredient: False
liveAnimalInput: True
material: True
operation: True
otherChemical: True
pesticideVeterinaryDrug: True
seed: True
soilAmendment: True
transport: True
waste: True
water: True
product: True","[1, 0, 1, 0, 0, 0, 1, 1, 1, 1, 0, 1, 0, 1, 0, 1, 0, 1, 1]","[1, 0, 1, 0, 0, 1, 1, 1, 1, 1, 0, 1, 0, 1, 0, 1, 0, 1, 1]","['True_animalFeed', 'True_water', 'True_liveAnimalInput', 'True_electricityFuel', 'True_transport', 'True_pesticideVeterinaryDrug', 'True_seed', 'True_otherChemical', 'True_animalPopulation', 'True_freshForage', 'True_excreta', 'True_product', 'True_waste', 'True_soilAmendment', 'True_operation', 'True_fertiliser', 'True_material', 'True_ingredient', 'True_cropResidue']",23,microsoft/deberta-v3-base,System Boundary,original,rag
32,"Permanent pasture producing meat, beef cattle (liveweight) in ireland. cycle description: average production data from 19 suckler calf-to-beef finishing farms participating in the teagasc/irish farmers journal better farm imrovement programme. What is in the system boundary? Additional Relevant Context: animalFeed: False
animalPopulation: True
cropResidue: False
electricityFuel: False
excreta: True
fertiliser: False
freshForage: True
ingredient: False
liveAnimalInput: True
material: False
operation: False
otherChemical: False
pesticideVeterinaryDrug: False
seed: False
soilAmendment: False
transport: False
waste: True
water: False
product: True","[1, 0, 1, 1, 0, 1, 1, 1, 1, 1, 1, 1, 0, 1, 0, 1, 0, 1, 1]","[1, 0, 0, 0, 0, 0, 0, 1, 0, 1, 0, 1, 0, 1, 0, 1, 0, 1, 1]","['True_animalFeed', 'True_water', 'True_liveAnimalInput', 'True_electricityFuel', 'True_transport', 'True_pesticideVeterinaryDrug', 'True_seed', 'True_otherChemical', 'True_animalPopulation', 'True_freshForage', 'True_excreta', 'True_product', 'True_waste', 'True_soilAmendment', 'True_operation', 'True_fertiliser', 'True_material', 'True_ingredient', 'True_cropResidue']",32,microsoft/deberta-v3-base,System Boundary,original,rag
37,"Permanent pasture producing beef cattle, cow in spain. cycle description: average annual production data across 9 different conventional dehesa cattle farms. cow-calf operation. What is in the system boundary? Additional Relevant Context: animalFeed: False
animalPopulation: True
cropResidue: False
electricityFuel: False
excreta: False
fertiliser: False
freshForage: True
ingredient: False
liveAnimalInput: True
material: False
operation: False
otherChemical: False
pesticideVeterinaryDrug: False
seed: False
soilAmendment: False
transport: True
waste: False
water: False
product: True","[1, 1, 0, 0, 0, 0, 1, 1, 1, 0, 0, 1, 0, 0, 0, 0, 0, 1, 1]","[1, 0, 0, 1, 0, 0, 0, 1, 1, 0, 0, 1, 0, 0, 0, 1, 0, 1, 1]","['True_animalFeed', 'True_water', 'True_liveAnimalInput', 'True_electricityFuel', 'True_transport', 'True_pesticideVeterinaryDrug', 'True_seed', 'True_otherChemical', 'True_animalPopulation', 'True_freshForage', 'True_excreta', 'True_product', 'True_waste', 'True_soilAmendment', 'True_operation', 'True_fertiliser', 'True_material', 'True_ingredient', 'True_cropResidue']",37,microsoft/deberta-v3-base,System Boundary,original,rag
43,"Animal housing producing meat, dairy cattle (liveweight) in brazil. cycle description: aggregate cycle representing data from 4 farms in the central-east mesoregion on parana in 2019, all producing milk under a full confinement system. What is in the system boundary? Additional Relevant Context: 
animalFeed: True
animalPopulation: True
cropResidue: True
electricityFuel: True
excreta: True
fertiliser: True
freshForage: True
ingredient: False
liveAnimalInput: True
material: True
operation: True
otherChemical: True
pesticideVeterinaryDrug: True
seed: True
soilAmendment: True
transport: True
waste: True
water: True
product: True","[1, 1, 1, 1, 0, 0, 0, 1, 0, 1, 1, 1, 0, 1, 0, 1, 0, 1, 1]","[1, 1, 1, 1, 0, 0, 1, 1, 0, 1, 1, 1, 0, 1, 0, 1, 0, 1, 1]","['True_animalFeed', 'True_water', 'True_liveAnimalInput', 'True_electricityFuel', 'True_transport', 'True_pesticideVeterinaryDrug', 'True_seed', 'True_otherChemical', 'True_animalPopulation', 'True_freshForage', 'True_excreta', 'True_product', 'True_waste', 'True_soilAmendment', 'True_operation', 'True_fertiliser', 'True_material', 'True_ingredient', 'True_cropResidue']",43,microsoft/deberta-v3-base,System Boundary,original,rag
47,"Animal housing producing pig in denmark. cycle description: finishers. What is in the system boundary? Additional Relevant Context: animalFeed: True
animalPopulation: True
cropResidue: True
electricityFuel: True
excreta: True
fertiliser: True
freshForage: False
ingredient: True
liveAnimalInput: True
material: True
operation: True
otherChemical: True
pesticideVeterinaryDrug: True
seed: False
soilAmendment: True
transport: True
waste: True
water: True
product: True","[1, 0, 1, 1, 0, 0, 1, 0, 1, 1, 0, 1, 1, 1, 0, 1, 0, 1, 1]","[1, 0, 1, 1, 0, 0, 1, 0, 1, 1, 0, 1, 0, 1, 0, 1, 0, 1, 1]","['True_animalFeed', 'True_water', 'True_liveAnimalInput', 'True_electricityFuel', 'True_transport', 'True_pesticideVeterinaryDrug', 'True_seed', 'True_otherChemical', 'True_animalPopulation', 'True_freshForage', 'True_excreta', 'True_product', 'True_waste', 'True_soilAmendment', 'True_operation', 'True_fertiliser', 'True_material', 'True_ingredient', 'True_cropResidue']",47,microsoft/deberta-v3-base,System Boundary,original,rag
49,"Animal housing producing beef cattle, heifer and steer in spain. cycle description: average production data across 4 farms with fattening facilities and 2 specialist fattening farms. What is in the system boundary? Additional Relevant Context: 
animalFeed: True
animalPopulation: True
cropResidue: True
electricityFuel: True
excreta: True
fertiliser: True
freshForage: True
ingredient: False
liveAnimalInput: True
material: True
operation: True
otherChemical: True
pesticideVeterinaryDrug: True
seed: False
soilAmendment: True
transport: True
waste: True
water: True
product: True","[1, 1, 1, 0, 0, 0, 1, 1, 1, 1, 0, 1, 0, 1, 0, 1, 0, 1, 1]","[1, 0, 1, 1, 0, 0, 0, 1, 1, 1, 0, 1, 0, 1, 0, 1, 0, 1, 1]","['True_animalFeed', 'True_water', 'True_liveAnimalInput', 'True_electricityFuel', 'True_transport', 'True_pesticideVeterinaryDrug', 'True_seed', 'True_otherChemical', 'True_animalPopulation', 'True_freshForage', 'True_excreta', 'True_product', 'True_waste', 'True_soilAmendment', 'True_operation', 'True_fertiliser', 'True_material', 'True_ingredient', 'True_cropResidue']",49,microsoft/deberta-v3-base,System Boundary,original,rag
50,"Animal housing producing meat, dairy cattle (liveweight) in italy. cycle description: cycle for farm producing milk and meat, with an ad on-site. What is in the system boundary? Additional Relevant Context: 
animalFeed: True
animalPopulation: True
cropResidue: True
electricityFuel: True
excreta: True
fertiliser: True
freshForage: True
ingredient: False
liveAnimalInput: True
material: True
operation: True
otherChemical: True
pesticideVeterinaryDrug: True
seed: True
soilAmendment: True
transport: False
waste: True
water: True
product: True","[1, 0, 1, 1, 1, 0, 1, 1, 1, 0, 1, 1, 0, 1, 0, 1, 0, 1, 1]","[1, 1, 1, 1, 0, 0, 1, 1, 1, 0, 1, 1, 0, 1, 0, 1, 0, 1, 1]","['True_animalFeed', 'True_water', 'True_liveAnimalInput', 'True_electricityFuel', 'True_transport', 'True_pesticideVeterinaryDrug', 'True_seed', 'True_otherChemical', 'True_animalPopulation', 'True_freshForage', 'True_excreta', 'True_product', 'True_waste', 'True_soilAmendment', 'True_operation', 'True_fertiliser', 'True_material', 'True_ingredient', 'True_cropResidue']",50,microsoft/deberta-v3-base,System Boundary,original,rag
51,"Permanent pasture producing beef cattle, cow in spain. cycle description: average annual production data across 6 different organic dehesa cattle farms. cow-calf operation. What is in the system boundary? Additional Relevant Context: 
animalFeed: False
animalPopulation: True
cropResidue: False
electricityFuel: True
excreta: True
fertiliser: False
freshForage: True
ingredient: False
liveAnimalInput: True
material: False
operation: True
otherChemical: False
pesticideVeterinaryDrug: False
seed: False
soilAmendment: False
transport: True
waste: True
water: True
product: True","[1, 1, 0, 0, 0, 1, 1, 1, 1, 0, 0, 1, 0, 0, 0, 0, 0, 1, 1]","[1, 0, 0, 1, 0, 0, 0, 1, 1, 0, 0, 1, 0, 1, 0, 1, 0, 1, 1]","['True_animalFeed', 'True_water', 'True_liveAnimalInput', 'True_electricityFuel', 'True_transport', 'True_pesticideVeterinaryDrug', 'True_seed', 'True_otherChemical', 'True_animalPopulation', 'True_freshForage', 'True_excreta', 'True_product', 'True_waste', 'True_soilAmendment', 'True_operation', 'True_fertiliser', 'True_material', 'True_ingredient', 'True_cropResidue']",51,microsoft/deberta-v3-base,System Boundary,original,rag
64,"Animal housing producing pig, sow in denmark. cycle description: sows. What is in the system boundary? Additional Relevant Context: 
animalFeed: False
animalPopulation: True
cropResidue: False
electricityFuel: True
excreta: True
fertiliser: False
freshForage: False
ingredient: False
liveAnimalInput: True
material: False
operation: True
otherChemical: False
pesticideVeterinaryDrug: False
seed: False
soilAmendment: False
transport: False
waste: True
water: True
product: True","[1, 0, 1, 1, 0, 0, 1, 0, 1, 1, 0, 1, 1, 1, 0, 1, 0, 1, 1]","[1, 0, 1, 0, 0, 0, 1, 0, 1, 1, 0, 1, 0, 1, 0, 1, 0, 1, 1]","['True_animalFeed', 'True_water', 'True_liveAnimalInput', 'True_electricityFuel', 'True_transport', 'True_pesticideVeterinaryDrug', 'True_seed', 'True_otherChemical', 'True_animalPopulation', 'True_freshForage', 'True_excreta', 'True_product', 'True_waste', 'True_soilAmendment', 'True_operation', 'True_fertiliser', 'True_material', 'True_ingredient', 'True_cropResidue']",64,microsoft/deberta-v3-base,System Boundary,original,rag
67,"Animal housing producing milk, cow, raw (fpcm) in denmark. cycle description: conventional dairy. What is in the system boundary? Additional Relevant Context: animalFeed: True
animalPopulation: True
cropResidue: True
electricityFuel: True
excreta: True
fertiliser: True
freshForage: True
ingredient: False
liveAnimalInput: True
material: True
operation: True
otherChemical: True
pesticideVeterinaryDrug: True
seed: True
soilAmendment: True
transport: True
waste: True
water: True
product: True","[1, 0, 1, 0, 0, 0, 1, 1, 1, 1, 0, 1, 0, 1, 0, 1, 0, 1, 1]","[1, 0, 1, 0, 0, 1, 1, 1, 1, 1, 0, 1, 0, 1, 0, 1, 0, 1, 1]","['True_animalFeed', 'True_water', 'True_liveAnimalInput', 'True_electricityFuel', 'True_transport', 'True_pesticideVeterinaryDrug', 'True_seed', 'True_otherChemical', 'True_animalPopulation', 'True_freshForage', 'True_excreta', 'True_product', 'True_waste', 'True_soilAmendment', 'True_operation', 'True_fertiliser', 'True_material', 'True_ingredient', 'True_cropResidue']",67,microsoft/deberta-v3-base,System Boundary,original,rag
71,"Permanent pasture producing meat, dairy cattle (liveweight) in brazil. cycle description: aggregate cycle representing data from 4 farms in zona da mata, minas gerais in 2019, all producing milk under a semi-confinement system, where animals spend part of each day on pasture, and the remainder confined. What is in the system boundary? Additional Relevant Context: 
animalFeed: True
animalPopulation: True
cropResidue: True
electricityFuel: True
excreta: True
fertiliser: True
freshForage: True
ingredient: False
liveAnimalInput: True
material: True
operation: True
otherChemical: True
pesticideVeterinaryDrug: True
seed: True
soilAmendment: True
transport: True
waste: True
water: True
product: True","[1, 1, 1, 1, 0, 0, 0, 1, 0, 0, 1, 1, 0, 1, 0, 1, 0, 1, 1]","[1, 1, 1, 1, 0, 0, 1, 1, 0, 0, 1, 1, 0, 1, 0, 1, 0, 1, 1]","['True_animalFeed', 'True_water', 'True_liveAnimalInput', 'True_electricityFuel', 'True_transport', 'True_pesticideVeterinaryDrug', 'True_seed', 'True_otherChemical', 'True_animalPopulation', 'True_freshForage', 'True_excreta', 'True_product', 'True_waste', 'True_soilAmendment', 'True_operation', 'True_fertiliser', 'True_material', 'True_ingredient', 'True_cropResidue']",71,microsoft/deberta-v3-base,System Boundary,original,rag
76,"Agri-food processor producing poultry by in product meal. cycle description: slaughterhouse. What is in the system boundary? Additional Relevant Context: animalFeed: True
animalPopulation: True
cropResidue: False
electricityFuel: False
excreta: False
fertiliser: False
freshForage: False
ingredient: True
liveAnimalInput: True
material: True
operation: True
otherChemical: False
pesticideVeterinaryDrug: False
seed: False
soilAmendment: False
transport: True
waste: True
water: True
product: True","[1, 1, 1, 1, 1, 1, 1, 1, 1, 1, 1, 1, 0, 1, 1, 1, 0, 1, 1]","[1, 0, 1, 0, 0, 1, 1, 1, 1, 1, 1, 1, 0, 1, 0, 1, 0, 1, 1]","['True_animalFeed', 'True_water', 'True_liveAnimalInput', 'True_electricityFuel', 'True_transport', 'True_pesticideVeterinaryDrug', 'True_seed', 'True_otherChemical', 'True_animalPopulation', 'True_freshForage', 'True_excreta', 'True_product', 'True_waste', 'True_soilAmendment', 'True_operation', 'True_fertiliser', 'True_material', 'True_ingredient', 'True_cropResidue']",76,microsoft/deberta-v3-base,System Boundary,original,rag
0,"Agri-food processor producing meat, pig (cold dressed carcass weight) in netherlands. cycle description: production of pork meat from pigs. What is in the system boundary? Additional Relevant Context: animalFeed: True
animalPopulation: True
cropResidue: False
electricityFuel: True
excreta: True
fertiliser: False
freshForage: False
ingredient: False
liveAnimalInput: True
material: True
operation: False
otherChemical: True
pesticideVeterinaryDrug: False
seed: False
soilAmendment: False
transport: False
waste: True
water: True
product: True","[1, 0, 1, 0, 0, 1, 1, 0, 1, 1, 1, 1, 0, 1, 0, 1, 0, 1, 1]","[1, 1, 1, 0, 0, 1, 1, 1, 1, 1, 1, 1, 0, 1, 0, 1, 0, 1, 1]","['True_animalFeed', 'True_water', 'True_liveAnimalInput', 'True_electricityFuel', 'True_transport', 'True_pesticideVeterinaryDrug', 'True_seed', 'True_otherChemical', 'True_animalPopulation', 'True_freshForage', 'True_excreta', 'True_product', 'True_waste', 'True_soilAmendment', 'True_operation', 'True_fertiliser', 'True_material', 'True_ingredient', 'True_cropResidue']",0,microsoft/deberta-v3-large,System Boundary,original,rag
2,"Animal housing producing beef cattle, heifer and steer in spain. cycle description: average production data across 4 farms with fattening facilities and 2 specialist fattening farms. What is in the system boundary? Additional Relevant Context: 
animalFeed: True
animalPopulation: True
cropResidue: True
electricityFuel: True
excreta: True
fertiliser: True
freshForage: True
ingredient: False
liveAnimalInput: True
material: True
operation: True
otherChemical: True
pesticideVeterinaryDrug: True
seed: False
soilAmendment: True
transport: True
waste: True
water: True
product: True","[1, 1, 1, 0, 0, 1, 1, 1, 1, 1, 0, 1, 0, 1, 0, 1, 0, 1, 1]","[1, 1, 1, 1, 0, 0, 1, 1, 1, 1, 1, 1, 0, 1, 0, 1, 0, 1, 1]","['True_animalFeed', 'True_water', 'True_liveAnimalInput', 'True_electricityFuel', 'True_transport', 'True_pesticideVeterinaryDrug', 'True_seed', 'True_otherChemical', 'True_animalPopulation', 'True_freshForage', 'True_excreta', 'True_product', 'True_waste', 'True_soilAmendment', 'True_operation', 'True_fertiliser', 'True_material', 'True_ingredient', 'True_cropResidue']",2,microsoft/deberta-v3-large,System Boundary,original,rag
13,"Animal housing producing eggs, hen, in shell (number) in thailand. cycle description: cb8-parent farm 5. site description: 12 big corporations that account for more than 90% of the country’s total capacity. What is in the system boundary? Additional Relevant Context: 
animalFeed: False
animalPopulation: True
cropResidue: False
electricityFuel: True
excreta: False
fertiliser: False
freshForage: False
ingredient: False
liveAnimalInput: True
material: False
operation: False
otherChemical: False
pesticideVeterinaryDrug: False
seed: False
soilAmendment: False
transport: False
waste: False
water: True
product: True","[1, 1, 0, 1, 0, 0, 1, 1, 1, 1, 1, 1, 1, 1, 0, 1, 0, 1, 1]","[1, 1, 1, 1, 0, 0, 1, 1, 1, 1, 1, 1, 1, 1, 0, 1, 0, 1, 1]","['True_animalFeed', 'True_water', 'True_liveAnimalInput', 'True_electricityFuel', 'True_transport', 'True_pesticideVeterinaryDrug', 'True_seed', 'True_otherChemical', 'True_animalPopulation', 'True_freshForage', 'True_excreta', 'True_product', 'True_waste', 'True_soilAmendment', 'True_operation', 'True_fertiliser', 'True_material', 'True_ingredient', 'True_cropResidue']",13,microsoft/deberta-v3-large,System Boundary,original,rag
23,"Animal housing producing meat, dairy cattle (liveweight) in denmark. cycle description: conventional dairy. What is in the system boundary? Additional Relevant Context: animalFeed: True
animalPopulation: True
cropResidue: True
electricityFuel: True
excreta: True
fertiliser: True
freshForage: True
ingredient: False
liveAnimalInput: True
material: True
operation: True
otherChemical: True
pesticideVeterinaryDrug: True
seed: True
soilAmendment: True
transport: True
waste: True
water: True
product: True","[1, 0, 1, 0, 0, 0, 1, 1, 1, 1, 0, 1, 0, 1, 0, 1, 0, 1, 1]","[1, 0, 1, 0, 0, 1, 1, 1, 1, 1, 0, 1, 0, 1, 0, 1, 0, 1, 1]","['True_animalFeed', 'True_water', 'True_liveAnimalInput', 'True_electricityFuel', 'True_transport', 'True_pesticideVeterinaryDrug', 'True_seed', 'True_otherChemical', 'True_animalPopulation', 'True_freshForage', 'True_excreta', 'True_product', 'True_waste', 'True_soilAmendment', 'True_operation', 'True_fertiliser', 'True_material', 'True_ingredient', 'True_cropResidue']",23,microsoft/deberta-v3-large,System Boundary,original,rag
32,"Permanent pasture producing meat, beef cattle (liveweight) in ireland. cycle description: average production data from 19 suckler calf-to-beef finishing farms participating in the teagasc/irish farmers journal better farm imrovement programme. What is in the system boundary? Additional Relevant Context: animalFeed: False
animalPopulation: True
cropResidue: False
electricityFuel: False
excreta: True
fertiliser: False
freshForage: True
ingredient: False
liveAnimalInput: True
material: False
operation: False
otherChemical: False
pesticideVeterinaryDrug: False
seed: False
soilAmendment: False
transport: False
waste: True
water: False
product: True","[1, 0, 1, 1, 0, 1, 1, 1, 1, 1, 1, 1, 0, 1, 0, 1, 0, 1, 1]","[1, 0, 0, 0, 0, 0, 1, 1, 1, 1, 0, 1, 0, 1, 0, 1, 0, 1, 1]","['True_animalFeed', 'True_water', 'True_liveAnimalInput', 'True_electricityFuel', 'True_transport', 'True_pesticideVeterinaryDrug', 'True_seed', 'True_otherChemical', 'True_animalPopulation', 'True_freshForage', 'True_excreta', 'True_product', 'True_waste', 'True_soilAmendment', 'True_operation', 'True_fertiliser', 'True_material', 'True_ingredient', 'True_cropResidue']",32,microsoft/deberta-v3-large,System Boundary,original,rag
49,"Animal housing producing beef cattle, heifer and steer in spain. cycle description: average production data across 4 farms with fattening facilities and 2 specialist fattening farms. What is in the system boundary? Additional Relevant Context: 
animalFeed: True
animalPopulation: True
cropResidue: True
electricityFuel: True
excreta: True
fertiliser: True
freshForage: True
ingredient: False
liveAnimalInput: True
material: True
operation: True
otherChemical: True
pesticideVeterinaryDrug: True
seed: False
soilAmendment: True
transport: True
waste: True
water: True
product: True","[1, 1, 1, 0, 0, 0, 1, 1, 1, 1, 0, 1, 0, 1, 0, 1, 0, 1, 1]","[1, 1, 1, 1, 0, 0, 1, 1, 1, 1, 1, 1, 0, 1, 0, 1, 0, 1, 1]","['True_animalFeed', 'True_water', 'True_liveAnimalInput', 'True_electricityFuel', 'True_transport', 'True_pesticideVeterinaryDrug', 'True_seed', 'True_otherChemical', 'True_animalPopulation', 'True_freshForage', 'True_excreta', 'True_product', 'True_waste', 'True_soilAmendment', 'True_operation', 'True_fertiliser', 'True_material', 'True_ingredient', 'True_cropResidue']",49,microsoft/deberta-v3-large,System Boundary,original,rag
51,"Permanent pasture producing beef cattle, cow in spain. cycle description: average annual production data across 6 different organic dehesa cattle farms. cow-calf operation. What is in the system boundary? Additional Relevant Context: 
animalFeed: False
animalPopulation: True
cropResidue: False
electricityFuel: True
excreta: True
fertiliser: False
freshForage: True
ingredient: False
liveAnimalInput: True
material: False
operation: True
otherChemical: False
pesticideVeterinaryDrug: False
seed: False
soilAmendment: False
transport: True
waste: True
water: True
product: True","[1, 1, 0, 0, 0, 1, 1, 1, 1, 0, 0, 1, 0, 0, 0, 0, 0, 1, 1]","[1, 1, 0, 0, 0, 0, 1, 1, 1, 0, 0, 1, 0, 0, 0, 0, 0, 1, 0]","['True_animalFeed', 'True_water', 'True_liveAnimalInput', 'True_electricityFuel', 'True_transport', 'True_pesticideVeterinaryDrug', 'True_seed', 'True_otherChemical', 'True_animalPopulation', 'True_freshForage', 'True_excreta', 'True_product', 'True_waste', 'True_soilAmendment', 'True_operation', 'True_fertiliser', 'True_material', 'True_ingredient', 'True_cropResidue']",51,microsoft/deberta-v3-large,System Boundary,original,rag
67,"Animal housing producing milk, cow, raw (fpcm) in denmark. cycle description: conventional dairy. What is in the system boundary? Additional Relevant Context: animalFeed: True
animalPopulation: True
cropResidue: True
electricityFuel: True
excreta: True
fertiliser: True
freshForage: True
ingredient: False
liveAnimalInput: True
material: True
operation: True
otherChemical: True
pesticideVeterinaryDrug: True
seed: True
soilAmendment: True
transport: True
waste: True
water: True
product: True","[1, 0, 1, 0, 0, 0, 1, 1, 1, 1, 0, 1, 0, 1, 0, 1, 0, 1, 1]","[1, 0, 1, 0, 0, 1, 1, 1, 1, 1, 0, 1, 0, 1, 0, 1, 0, 1, 1]","['True_animalFeed', 'True_water', 'True_liveAnimalInput', 'True_electricityFuel', 'True_transport', 'True_pesticideVeterinaryDrug', 'True_seed', 'True_otherChemical', 'True_animalPopulation', 'True_freshForage', 'True_excreta', 'True_product', 'True_waste', 'True_soilAmendment', 'True_operation', 'True_fertiliser', 'True_material', 'True_ingredient', 'True_cropResidue']",67,microsoft/deberta-v3-large,System Boundary,original,rag
76,"Agri-food processor producing poultry by in product meal. cycle description: slaughterhouse. What is in the system boundary? Additional Relevant Context: animalFeed: True
animalPopulation: True
cropResidue: False
electricityFuel: False
excreta: False
fertiliser: False
freshForage: False
ingredient: True
liveAnimalInput: True
material: True
operation: True
otherChemical: False
pesticideVeterinaryDrug: False
seed: False
soilAmendment: False
transport: True
waste: True
water: True
product: True","[1, 1, 1, 1, 1, 1, 1, 1, 1, 1, 1, 1, 0, 1, 1, 1, 0, 1, 1]","[1, 1, 1, 1, 0, 1, 1, 1, 1, 1, 1, 1, 0, 1, 0, 1, 0, 1, 1]","['True_animalFeed', 'True_water', 'True_liveAnimalInput', 'True_electricityFuel', 'True_transport', 'True_pesticideVeterinaryDrug', 'True_seed', 'True_otherChemical', 'True_animalPopulation', 'True_freshForage', 'True_excreta', 'True_product', 'True_waste', 'True_soilAmendment', 'True_operation', 'True_fertiliser', 'True_material', 'True_ingredient', 'True_cropResidue']",76,microsoft/deberta-v3-large,System Boundary,original,rag
0,"Agri-food processor producing meat, pig (cold dressed carcass weight) in netherlands. cycle description: production of pork meat from pigs. What is in the system boundary? Additional Relevant Context: animalFeed: True
animalPopulation: True
cropResidue: False
electricityFuel: True
excreta: True
fertiliser: False
freshForage: False
ingredient: False
liveAnimalInput: True
material: True
operation: False
otherChemical: True
pesticideVeterinaryDrug: False
seed: False
soilAmendment: False
transport: False
waste: True
water: True
product: True","[1, 0, 1, 0, 0, 1, 1, 0, 1, 1, 1, 1, 0, 1, 0, 1, 0, 1, 1]","[1, 0, 1, 0, 0, 1, 1, 1, 1, 1, 1, 1, 0, 1, 0, 1, 0, 1, 1]","['True_animalFeed', 'True_water', 'True_liveAnimalInput', 'True_electricityFuel', 'True_transport', 'True_pesticideVeterinaryDrug', 'True_seed', 'True_otherChemical', 'True_animalPopulation', 'True_freshForage', 'True_excreta', 'True_product', 'True_waste', 'True_soilAmendment', 'True_operation', 'True_fertiliser', 'True_material', 'True_ingredient', 'True_cropResidue']",0,microsoft/deberta-v3-small,System Boundary,original,rag
2,"Animal housing producing beef cattle, heifer and steer in spain. cycle description: average production data across 4 farms with fattening facilities and 2 specialist fattening farms. What is in the system boundary? Additional Relevant Context: 
animalFeed: True
animalPopulation: True
cropResidue: True
electricityFuel: True
excreta: True
fertiliser: True
freshForage: True
ingredient: False
liveAnimalInput: True
material: True
operation: True
otherChemical: True
pesticideVeterinaryDrug: True
seed: False
soilAmendment: True
transport: True
waste: True
water: True
product: True","[1, 1, 1, 0, 0, 1, 1, 1, 1, 1, 0, 1, 0, 1, 0, 1, 0, 1, 1]","[1, 1, 1, 1, 0, 0, 1, 1, 1, 0, 1, 1, 0, 1, 0, 1, 0, 1, 1]","['True_animalFeed', 'True_water', 'True_liveAnimalInput', 'True_electricityFuel', 'True_transport', 'True_pesticideVeterinaryDrug', 'True_seed', 'True_otherChemical', 'True_animalPopulation', 'True_freshForage', 'True_excreta', 'True_product', 'True_waste', 'True_soilAmendment', 'True_operation', 'True_fertiliser', 'True_material', 'True_ingredient', 'True_cropResidue']",2,microsoft/deberta-v3-small,System Boundary,original,rag
13,"Animal housing producing eggs, hen, in shell (number) in thailand. cycle description: cb8-parent farm 5. site description: 12 big corporations that account for more than 90% of the country’s total capacity. What is in the system boundary? Additional Relevant Context: 
animalFeed: False
animalPopulation: True
cropResidue: False
electricityFuel: True
excreta: False
fertiliser: False
freshForage: False
ingredient: False
liveAnimalInput: True
material: False
operation: False
otherChemical: False
pesticideVeterinaryDrug: False
seed: False
soilAmendment: False
transport: False
waste: False
water: True
product: True","[1, 1, 0, 1, 0, 0, 1, 1, 1, 1, 1, 1, 1, 1, 0, 1, 0, 1, 1]","[1, 1, 1, 1, 0, 0, 1, 1, 1, 1, 1, 1, 1, 1, 0, 1, 0, 1, 1]","['True_animalFeed', 'True_water', 'True_liveAnimalInput', 'True_electricityFuel', 'True_transport', 'True_pesticideVeterinaryDrug', 'True_seed', 'True_otherChemical', 'True_animalPopulation', 'True_freshForage', 'True_excreta', 'True_product', 'True_waste', 'True_soilAmendment', 'True_operation', 'True_fertiliser', 'True_material', 'True_ingredient', 'True_cropResidue']",13,microsoft/deberta-v3-small,System Boundary,original,rag
23,"Animal housing producing meat, dairy cattle (liveweight) in denmark. cycle description: conventional dairy. What is in the system boundary? Additional Relevant Context: animalFeed: True
animalPopulation: True
cropResidue: True
electricityFuel: True
excreta: True
fertiliser: True
freshForage: True
ingredient: False
liveAnimalInput: True
material: True
operation: True
otherChemical: True
pesticideVeterinaryDrug: True
seed: True
soilAmendment: True
transport: True
waste: True
water: True
product: True","[1, 0, 1, 0, 0, 0, 1, 1, 1, 1, 0, 1, 0, 1, 0, 1, 0, 1, 1]","[1, 0, 1, 0, 0, 1, 1, 1, 1, 1, 0, 1, 0, 1, 0, 1, 0, 1, 1]","['True_animalFeed', 'True_water', 'True_liveAnimalInput', 'True_electricityFuel', 'True_transport', 'True_pesticideVeterinaryDrug', 'True_seed', 'True_otherChemical', 'True_animalPopulation', 'True_freshForage', 'True_excreta', 'True_product', 'True_waste', 'True_soilAmendment', 'True_operation', 'True_fertiliser', 'True_material', 'True_ingredient', 'True_cropResidue']",23,microsoft/deberta-v3-small,System Boundary,original,rag
32,"Permanent pasture producing meat, beef cattle (liveweight) in ireland. cycle description: average production data from 19 suckler calf-to-beef finishing farms participating in the teagasc/irish farmers journal better farm imrovement programme. What is in the system boundary? Additional Relevant Context: animalFeed: False
animalPopulation: True
cropResidue: False
electricityFuel: False
excreta: True
fertiliser: False
freshForage: True
ingredient: False
liveAnimalInput: True
material: False
operation: False
otherChemical: False
pesticideVeterinaryDrug: False
seed: False
soilAmendment: False
transport: False
waste: True
water: False
product: True","[1, 0, 1, 1, 0, 1, 1, 1, 1, 1, 1, 1, 0, 1, 0, 1, 0, 1, 1]","[1, 0, 0, 0, 0, 0, 1, 1, 0, 1, 0, 1, 0, 1, 0, 1, 0, 1, 1]","['True_animalFeed', 'True_water', 'True_liveAnimalInput', 'True_electricityFuel', 'True_transport', 'True_pesticideVeterinaryDrug', 'True_seed', 'True_otherChemical', 'True_animalPopulation', 'True_freshForage', 'True_excreta', 'True_product', 'True_waste', 'True_soilAmendment', 'True_operation', 'True_fertiliser', 'True_material', 'True_ingredient', 'True_cropResidue']",32,microsoft/deberta-v3-small,System Boundary,original,rag
37,"Permanent pasture producing beef cattle, cow in spain. cycle description: average annual production data across 9 different conventional dehesa cattle farms. cow-calf operation. What is in the system boundary? Additional Relevant Context: animalFeed: False
animalPopulation: True
cropResidue: False
electricityFuel: False
excreta: False
fertiliser: False
freshForage: True
ingredient: False
liveAnimalInput: True
material: False
operation: False
otherChemical: False
pesticideVeterinaryDrug: False
seed: False
soilAmendment: False
transport: True
waste: False
water: False
product: True","[1, 1, 0, 0, 0, 0, 1, 1, 1, 0, 0, 1, 0, 0, 0, 0, 0, 1, 1]","[1, 0, 0, 0, 0, 0, 0, 1, 1, 0, 0, 1, 0, 0, 0, 0, 0, 1, 1]","['True_animalFeed', 'True_water', 'True_liveAnimalInput', 'True_electricityFuel', 'True_transport', 'True_pesticideVeterinaryDrug', 'True_seed', 'True_otherChemical', 'True_animalPopulation', 'True_freshForage', 'True_excreta', 'True_product', 'True_waste', 'True_soilAmendment', 'True_operation', 'True_fertiliser', 'True_material', 'True_ingredient', 'True_cropResidue']",37,microsoft/deberta-v3-small,System Boundary,original,rag
43,"Animal housing producing meat, dairy cattle (liveweight) in brazil. cycle description: aggregate cycle representing data from 4 farms in the central-east mesoregion on parana in 2019, all producing milk under a full confinement system. What is in the system boundary? Additional Relevant Context: 
animalFeed: True
animalPopulation: True
cropResidue: True
electricityFuel: True
excreta: True
fertiliser: True
freshForage: True
ingredient: False
liveAnimalInput: True
material: True
operation: True
otherChemical: True
pesticideVeterinaryDrug: True
seed: True
soilAmendment: True
transport: True
waste: True
water: True
product: True","[1, 1, 1, 1, 0, 0, 0, 1, 0, 1, 1, 1, 0, 1, 0, 1, 0, 1, 1]","[1, 1, 1, 1, 0, 0, 1, 1, 0, 1, 1, 1, 0, 1, 0, 1, 0, 1, 1]","['True_animalFeed', 'True_water', 'True_liveAnimalInput', 'True_electricityFuel', 'True_transport', 'True_pesticideVeterinaryDrug', 'True_seed', 'True_otherChemical', 'True_animalPopulation', 'True_freshForage', 'True_excreta', 'True_product', 'True_waste', 'True_soilAmendment', 'True_operation', 'True_fertiliser', 'True_material', 'True_ingredient', 'True_cropResidue']",43,microsoft/deberta-v3-small,System Boundary,original,rag
47,"Animal housing producing pig in denmark. cycle description: finishers. What is in the system boundary? Additional Relevant Context: animalFeed: True
animalPopulation: True
cropResidue: True
electricityFuel: True
excreta: True
fertiliser: True
freshForage: False
ingredient: True
liveAnimalInput: True
material: True
operation: True
otherChemical: True
pesticideVeterinaryDrug: True
seed: False
soilAmendment: True
transport: True
waste: True
water: True
product: True","[1, 0, 1, 1, 0, 0, 1, 0, 1, 1, 0, 1, 1, 1, 0, 1, 0, 1, 1]","[1, 0, 1, 0, 0, 0, 1, 1, 1, 1, 0, 1, 0, 1, 0, 1, 0, 1, 1]","['True_animalFeed', 'True_water', 'True_liveAnimalInput', 'True_electricityFuel', 'True_transport', 'True_pesticideVeterinaryDrug', 'True_seed', 'True_otherChemical', 'True_animalPopulation', 'True_freshForage', 'True_excreta', 'True_product', 'True_waste', 'True_soilAmendment', 'True_operation', 'True_fertiliser', 'True_material', 'True_ingredient', 'True_cropResidue']",47,microsoft/deberta-v3-small,System Boundary,original,rag
49,"Animal housing producing beef cattle, heifer and steer in spain. cycle description: average production data across 4 farms with fattening facilities and 2 specialist fattening farms. What is in the system boundary? Additional Relevant Context: 
animalFeed: True
animalPopulation: True
cropResidue: True
electricityFuel: True
excreta: True
fertiliser: True
freshForage: True
ingredient: False
liveAnimalInput: True
material: True
operation: True
otherChemical: True
pesticideVeterinaryDrug: True
seed: False
soilAmendment: True
transport: True
waste: True
water: True
product: True","[1, 1, 1, 0, 0, 0, 1, 1, 1, 1, 0, 1, 0, 1, 0, 1, 0, 1, 1]","[1, 1, 1, 1, 0, 0, 1, 1, 1, 0, 1, 1, 0, 1, 0, 1, 0, 1, 1]","['True_animalFeed', 'True_water', 'True_liveAnimalInput', 'True_electricityFuel', 'True_transport', 'True_pesticideVeterinaryDrug', 'True_seed', 'True_otherChemical', 'True_animalPopulation', 'True_freshForage', 'True_excreta', 'True_product', 'True_waste', 'True_soilAmendment', 'True_operation', 'True_fertiliser', 'True_material', 'True_ingredient', 'True_cropResidue']",49,microsoft/deberta-v3-small,System Boundary,original,rag
50,"Animal housing producing meat, dairy cattle (liveweight) in italy. cycle description: cycle for farm producing milk and meat, with an ad on-site. What is in the system boundary? Additional Relevant Context: 
animalFeed: True
animalPopulation: True
cropResidue: True
electricityFuel: True
excreta: True
fertiliser: True
freshForage: True
ingredient: False
liveAnimalInput: True
material: True
operation: True
otherChemical: True
pesticideVeterinaryDrug: True
seed: True
soilAmendment: True
transport: False
waste: True
water: True
product: True","[1, 0, 1, 1, 1, 0, 1, 1, 1, 0, 1, 1, 0, 1, 0, 1, 0, 1, 1]","[1, 1, 1, 1, 0, 0, 1, 1, 1, 0, 1, 1, 0, 1, 0, 1, 0, 1, 1]","['True_animalFeed', 'True_water', 'True_liveAnimalInput', 'True_electricityFuel', 'True_transport', 'True_pesticideVeterinaryDrug', 'True_seed', 'True_otherChemical', 'True_animalPopulation', 'True_freshForage', 'True_excreta', 'True_product', 'True_waste', 'True_soilAmendment', 'True_operation', 'True_fertiliser', 'True_material', 'True_ingredient', 'True_cropResidue']",50,microsoft/deberta-v3-small,System Boundary,original,rag
51,"Permanent pasture producing beef cattle, cow in spain. cycle description: average annual production data across 6 different organic dehesa cattle farms. cow-calf operation. What is in the system boundary? Additional Relevant Context: 
animalFeed: False
animalPopulation: True
cropResidue: False
electricityFuel: True
excreta: True
fertiliser: False
freshForage: True
ingredient: False
liveAnimalInput: True
material: False
operation: True
otherChemical: False
pesticideVeterinaryDrug: False
seed: False
soilAmendment: False
transport: True
waste: True
water: True
product: True","[1, 1, 0, 0, 0, 1, 1, 1, 1, 0, 0, 1, 0, 0, 0, 0, 0, 1, 1]","[1, 0, 0, 0, 0, 0, 0, 1, 0, 0, 0, 1, 0, 0, 0, 1, 0, 1, 1]","['True_animalFeed', 'True_water', 'True_liveAnimalInput', 'True_electricityFuel', 'True_transport', 'True_pesticideVeterinaryDrug', 'True_seed', 'True_otherChemical', 'True_animalPopulation', 'True_freshForage', 'True_excreta', 'True_product', 'True_waste', 'True_soilAmendment', 'True_operation', 'True_fertiliser', 'True_material', 'True_ingredient', 'True_cropResidue']",51,microsoft/deberta-v3-small,System Boundary,original,rag
55,"Animal housing producing meat, dairy cattle (liveweight) in indonesia. cycle description: milk production cycle - average production cycle over 288 farms. What is in the system boundary? Additional Relevant Context: 
animalFeed: True
animalPopulation: True
cropResidue: True
electricityFuel: True
excreta: True
fertiliser: True
freshForage: True
ingredient: False
liveAnimalInput: True
material: True
operation: True
otherChemical: True
pesticideVeterinaryDrug: True
seed: False
soilAmendment: True
transport: True
waste: True
water: True
product: True","[1, 0, 1, 0, 0, 1, 1, 1, 1, 1, 0, 1, 0, 1, 0, 1, 0, 1, 1]","[1, 0, 1, 1, 0, 1, 1, 1, 1, 1, 0, 1, 0, 1, 0, 1, 0, 1, 1]","['True_animalFeed', 'True_water', 'True_liveAnimalInput', 'True_electricityFuel', 'True_transport', 'True_pesticideVeterinaryDrug', 'True_seed', 'True_otherChemical', 'True_animalPopulation', 'True_freshForage', 'True_excreta', 'True_product', 'True_waste', 'True_soilAmendment', 'True_operation', 'True_fertiliser', 'True_material', 'True_ingredient', 'True_cropResidue']",55,microsoft/deberta-v3-small,System Boundary,original,rag
64,"Animal housing producing pig, sow in denmark. cycle description: sows. What is in the system boundary? Additional Relevant Context: 
animalFeed: False
animalPopulation: True
cropResidue: False
electricityFuel: True
excreta: True
fertiliser: False
freshForage: False
ingredient: False
liveAnimalInput: True
material: False
operation: True
otherChemical: False
pesticideVeterinaryDrug: False
seed: False
soilAmendment: False
transport: False
waste: True
water: True
product: True","[1, 0, 1, 1, 0, 0, 1, 0, 1, 1, 0, 1, 1, 1, 0, 1, 0, 1, 1]","[1, 0, 1, 0, 0, 0, 1, 0, 1, 1, 0, 1, 0, 1, 0, 1, 0, 1, 1]","['True_animalFeed', 'True_water', 'True_liveAnimalInput', 'True_electricityFuel', 'True_transport', 'True_pesticideVeterinaryDrug', 'True_seed', 'True_otherChemical', 'True_animalPopulation', 'True_freshForage', 'True_excreta', 'True_product', 'True_waste', 'True_soilAmendment', 'True_operation', 'True_fertiliser', 'True_material', 'True_ingredient', 'True_cropResidue']",64,microsoft/deberta-v3-small,System Boundary,original,rag
67,"Animal housing producing milk, cow, raw (fpcm) in denmark. cycle description: conventional dairy. What is in the system boundary? Additional Relevant Context: animalFeed: True
animalPopulation: True
cropResidue: True
electricityFuel: True
excreta: True
fertiliser: True
freshForage: True
ingredient: False
liveAnimalInput: True
material: True
operation: True
otherChemical: True
pesticideVeterinaryDrug: True
seed: True
soilAmendment: True
transport: True
waste: True
water: True
product: True","[1, 0, 1, 0, 0, 0, 1, 1, 1, 1, 0, 1, 0, 1, 0, 1, 0, 1, 1]","[1, 0, 1, 0, 0, 1, 1, 1, 1, 1, 0, 1, 0, 1, 0, 1, 0, 1, 1]","['True_animalFeed', 'True_water', 'True_liveAnimalInput', 'True_electricityFuel', 'True_transport', 'True_pesticideVeterinaryDrug', 'True_seed', 'True_otherChemical', 'True_animalPopulation', 'True_freshForage', 'True_excreta', 'True_product', 'True_waste', 'True_soilAmendment', 'True_operation', 'True_fertiliser', 'True_material', 'True_ingredient', 'True_cropResidue']",67,microsoft/deberta-v3-small,System Boundary,original,rag
71,"Permanent pasture producing meat, dairy cattle (liveweight) in brazil. cycle description: aggregate cycle representing data from 4 farms in zona da mata, minas gerais in 2019, all producing milk under a semi-confinement system, where animals spend part of each day on pasture, and the remainder confined. What is in the system boundary? Additional Relevant Context: 
animalFeed: True
animalPopulation: True
cropResidue: True
electricityFuel: True
excreta: True
fertiliser: True
freshForage: True
ingredient: False
liveAnimalInput: True
material: True
operation: True
otherChemical: True
pesticideVeterinaryDrug: True
seed: True
soilAmendment: True
transport: True
waste: True
water: True
product: True","[1, 1, 1, 1, 0, 0, 0, 1, 0, 0, 1, 1, 0, 1, 0, 1, 0, 1, 1]","[1, 1, 1, 1, 0, 0, 1, 1, 0, 0, 1, 1, 0, 1, 0, 1, 0, 1, 1]","['True_animalFeed', 'True_water', 'True_liveAnimalInput', 'True_electricityFuel', 'True_transport', 'True_pesticideVeterinaryDrug', 'True_seed', 'True_otherChemical', 'True_animalPopulation', 'True_freshForage', 'True_excreta', 'True_product', 'True_waste', 'True_soilAmendment', 'True_operation', 'True_fertiliser', 'True_material', 'True_ingredient', 'True_cropResidue']",71,microsoft/deberta-v3-small,System Boundary,original,rag
76,"Agri-food processor producing poultry by in product meal. cycle description: slaughterhouse. What is in the system boundary? Additional Relevant Context: animalFeed: True
animalPopulation: True
cropResidue: False
electricityFuel: False
excreta: False
fertiliser: False
freshForage: False
ingredient: True
liveAnimalInput: True
material: True
operation: True
otherChemical: False
pesticideVeterinaryDrug: False
seed: False
soilAmendment: False
transport: True
waste: True
water: True
product: True","[1, 1, 1, 1, 1, 1, 1, 1, 1, 1, 1, 1, 0, 1, 1, 1, 0, 1, 1]","[1, 0, 1, 0, 0, 1, 1, 1, 1, 1, 1, 1, 0, 1, 0, 1, 0, 1, 1]","['True_animalFeed', 'True_water', 'True_liveAnimalInput', 'True_electricityFuel', 'True_transport', 'True_pesticideVeterinaryDrug', 'True_seed', 'True_otherChemical', 'True_animalPopulation', 'True_freshForage', 'True_excreta', 'True_product', 'True_waste', 'True_soilAmendment', 'True_operation', 'True_fertiliser', 'True_material', 'True_ingredient', 'True_cropResidue']",76,microsoft/deberta-v3-small,System Boundary,original,rag
