,Context,True Labels,Predicted Labels,List of Classes,Sentence,Number of Correct Preds,Frequency,Sample Index,Dataset,Dataset Type,RAG,Location of Positive,Number of Models with Error
0,,"[1, 0, 0, 0, 0, 0]","[0, 0, 0, 0, 0, 0]","['economic', 'energy', 'none required', 'none', 'mass', 'biophysical']",ML model predicted No economic but the humans predicted economic.,Total number of matching positives in this prediction string 0.,68.08823529411765,0,Allocation,original,no rag,Human,1
0,,"[1, 0, 0, 0, 0, 0]","[0, 0, 1, 0, 0, 0]","['economic', 'energy', 'none required', 'none', 'mass', 'biophysical']",ML model predicted none required but the humans predicted No none required.,Total number of matching positives in this prediction string 0.,17.941176470588236,0,Allocation,original,rag,AI,3
0,,"[1, 0, 0, 0, 0, 0, 1, 0, 0]","[1, 0, 0, 0, 0, 0, 0, 0, 0]","['relative', 'kg FPCM', '1 ha', 'number', 'kg liveweight', 'kg ready-to-cook weight', 'kg cold dressed carcass weight', 'kg', 'kg cold carcass weight']",ML model predicted No kg cold dressed carcass weight but the humans predicted kg cold dressed carcass weight.,Total number of matching positives in this prediction string 1.,3.823529411764706,0,Functional Unit,original,no rag,Human,1
0,,"[1, 0, 0, 0, 0, 0]","[0, 0, 1, 0, 0, 0]","['economic', 'energy', 'none required', 'none', 'mass', 'biophysical']",ML model predicted No economic but the humans predicted economic.,Total number of matching positives in this prediction string 0.,68.08823529411765,0,Allocation,original,rag,Human,3
0,,"[1, 0, 0, 0, 0, 0]","[0, 0, 1, 0, 0, 0]","['economic', 'energy', 'none required', 'none', 'mass', 'biophysical']",ML model predicted none required but the humans predicted No none required.,Total number of matching positives in this prediction string 0.,17.941176470588236,0,Allocation,original,no rag,AI,2
0,,"[1, 0, 0, 0, 0, 0]","[0, 0, 1, 0, 0, 0]","['economic', 'energy', 'none required', 'none', 'mass', 'biophysical']",ML model predicted No economic but the humans predicted economic.,Total number of matching positives in this prediction string 0.,68.08823529411765,0,Allocation,original,no rag,Human,2
0,,"[1, 0, 1, 0, 0, 1, 1, 0, 1, 1, 1, 1, 0, 1, 0, 1, 0, 1, 1]","[1, 0, 1, 0, 0, 1, 1, 0, 1, 1, 1, 0, 0, 1, 0, 1, 0, 1, 1]","['True_animalFeed', 'True_water', 'True_liveAnimalInput', 'True_electricityFuel', 'True_transport', 'True_pesticideVeterinaryDrug', 'True_seed', 'True_otherChemical', 'True_animalPopulation', 'True_freshForage', 'True_excreta', 'True_product', 'True_waste', 'True_soilAmendment', 'True_operation', 'True_fertiliser', 'True_material', 'True_ingredient', 'True_cropResidue']",ML model predicted No True_product but the humans predicted True_product.,Total number of matching positives in this prediction string 11.,92.94117647058823,0,System Boundary,original,rag,Human,1
0,,"[1, 0, 1, 0, 0, 1, 1, 0, 1, 1, 1, 1, 0, 1, 0, 1, 0, 1, 1]","[1, 0, 1, 0, 0, 1, 1, 1, 1, 1, 1, 0, 0, 1, 0, 1, 0, 1, 1]","['True_animalFeed', 'True_water', 'True_liveAnimalInput', 'True_electricityFuel', 'True_transport', 'True_pesticideVeterinaryDrug', 'True_seed', 'True_otherChemical', 'True_animalPopulation', 'True_freshForage', 'True_excreta', 'True_product', 'True_waste', 'True_soilAmendment', 'True_operation', 'True_fertiliser', 'True_material', 'True_ingredient', 'True_cropResidue']",ML model predicted True_otherChemical but the humans predicted No True_otherChemical.,Total number of matching positives in this prediction string 11.,90.44117647058823,0,System Boundary,original,no rag,AI,1
0,,"[1, 0, 1, 0, 0, 1, 1, 0, 1, 1, 1, 1, 0, 1, 0, 1, 0, 1, 1]","[1, 0, 1, 0, 0, 1, 1, 1, 1, 1, 1, 0, 0, 1, 0, 1, 0, 1, 1]","['True_animalFeed', 'True_water', 'True_liveAnimalInput', 'True_electricityFuel', 'True_transport', 'True_pesticideVeterinaryDrug', 'True_seed', 'True_otherChemical', 'True_animalPopulation', 'True_freshForage', 'True_excreta', 'True_product', 'True_waste', 'True_soilAmendment', 'True_operation', 'True_fertiliser', 'True_material', 'True_ingredient', 'True_cropResidue']",ML model predicted No True_product but the humans predicted True_product.,Total number of matching positives in this prediction string 11.,92.94117647058823,0,System Boundary,original,no rag,Human,1
0,,"[1, 0, 1, 0, 0, 1, 1, 0, 1, 1, 1, 1, 0, 1, 0, 1, 0, 1, 1]","[1, 0, 1, 0, 0, 1, 1, 1, 1, 1, 1, 1, 0, 1, 0, 1, 0, 1, 1]","['True_animalFeed', 'True_water', 'True_liveAnimalInput', 'True_electricityFuel', 'True_transport', 'True_pesticideVeterinaryDrug', 'True_seed', 'True_otherChemical', 'True_animalPopulation', 'True_freshForage', 'True_excreta', 'True_product', 'True_waste', 'True_soilAmendment', 'True_operation', 'True_fertiliser', 'True_material', 'True_ingredient', 'True_cropResidue']",ML model predicted True_otherChemical but the humans predicted No True_otherChemical.,Total number of matching positives in this prediction string 12.,90.44117647058823,0,System Boundary,original,rag,AI,1
0,,"[1, 0, 1, 0, 0, 1, 1, 0, 1, 1, 1, 1, 0, 1, 0, 1, 0, 1, 1]","[1, 1, 1, 0, 0, 1, 1, 0, 1, 1, 1, 1, 0, 1, 0, 1, 0, 1, 1]","['True_animalFeed', 'True_water', 'True_liveAnimalInput', 'True_electricityFuel', 'True_transport', 'True_pesticideVeterinaryDrug', 'True_seed', 'True_otherChemical', 'True_animalPopulation', 'True_freshForage', 'True_excreta', 'True_product', 'True_waste', 'True_soilAmendment', 'True_operation', 'True_fertiliser', 'True_material', 'True_ingredient', 'True_cropResidue']",ML model predicted True_water but the humans predicted No True_water.,Total number of matching positives in this prediction string 12.,23.08823529411765,0,System Boundary,original,rag,AI,1
0,,"[1, 0, 1, 0, 0, 1, 1, 0, 1, 1, 1, 1, 0, 1, 0, 1, 0, 1, 1]","[1, 1, 1, 0, 0, 1, 1, 1, 1, 1, 1, 0, 0, 1, 0, 1, 0, 1, 1]","['True_animalFeed', 'True_water', 'True_liveAnimalInput', 'True_electricityFuel', 'True_transport', 'True_pesticideVeterinaryDrug', 'True_seed', 'True_otherChemical', 'True_animalPopulation', 'True_freshForage', 'True_excreta', 'True_product', 'True_waste', 'True_soilAmendment', 'True_operation', 'True_fertiliser', 'True_material', 'True_ingredient', 'True_cropResidue']",ML model predicted True_water but the humans predicted No True_water.,Total number of matching positives in this prediction string 11.,23.08823529411765,0,System Boundary,original,no rag,AI,1
0,,"[1, 0, 1, 0, 0, 1, 1, 0, 1, 1, 1, 1, 0, 1, 0, 1, 0, 1, 1]","[1, 1, 1, 0, 0, 1, 1, 1, 1, 1, 1, 0, 0, 1, 0, 1, 0, 1, 1]","['True_animalFeed', 'True_water', 'True_liveAnimalInput', 'True_electricityFuel', 'True_transport', 'True_pesticideVeterinaryDrug', 'True_seed', 'True_otherChemical', 'True_animalPopulation', 'True_freshForage', 'True_excreta', 'True_product', 'True_waste', 'True_soilAmendment', 'True_operation', 'True_fertiliser', 'True_material', 'True_ingredient', 'True_cropResidue']",ML model predicted True_otherChemical but the humans predicted No True_otherChemical.,Total number of matching positives in this prediction string 11.,90.44117647058823,0,System Boundary,original,no rag,AI,1
0,,"[1, 0, 1, 0, 0, 1, 1, 0, 1, 1, 1, 1, 0, 1, 0, 1, 0, 1, 1]","[1, 1, 1, 0, 0, 1, 1, 1, 1, 1, 1, 0, 0, 1, 0, 1, 0, 1, 1]","['True_animalFeed', 'True_water', 'True_liveAnimalInput', 'True_electricityFuel', 'True_transport', 'True_pesticideVeterinaryDrug', 'True_seed', 'True_otherChemical', 'True_animalPopulation', 'True_freshForage', 'True_excreta', 'True_product', 'True_waste', 'True_soilAmendment', 'True_operation', 'True_fertiliser', 'True_material', 'True_ingredient', 'True_cropResidue']",ML model predicted No True_product but the humans predicted True_product.,Total number of matching positives in this prediction string 11.,92.94117647058823,0,System Boundary,original,no rag,Human,1
0,,"[1, 0, 1, 0, 0, 1, 1, 0, 1, 1, 1, 1, 0, 1, 0, 1, 0, 1, 1]","[1, 1, 1, 0, 0, 1, 1, 1, 1, 1, 1, 1, 0, 1, 0, 1, 0, 1, 1]","['True_animalFeed', 'True_water', 'True_liveAnimalInput', 'True_electricityFuel', 'True_transport', 'True_pesticideVeterinaryDrug', 'True_seed', 'True_otherChemical', 'True_animalPopulation', 'True_freshForage', 'True_excreta', 'True_product', 'True_waste', 'True_soilAmendment', 'True_operation', 'True_fertiliser', 'True_material', 'True_ingredient', 'True_cropResidue']",ML model predicted True_water but the humans predicted No True_water.,Total number of matching positives in this prediction string 12.,23.08823529411765,0,System Boundary,original,no rag,AI,1
0,,"[1, 0, 1, 0, 0, 1, 1, 0, 1, 1, 1, 1, 0, 1, 0, 1, 0, 1, 1]","[1, 1, 1, 0, 0, 1, 1, 1, 1, 1, 1, 1, 0, 1, 0, 1, 0, 1, 1]","['True_animalFeed', 'True_water', 'True_liveAnimalInput', 'True_electricityFuel', 'True_transport', 'True_pesticideVeterinaryDrug', 'True_seed', 'True_otherChemical', 'True_animalPopulation', 'True_freshForage', 'True_excreta', 'True_product', 'True_waste', 'True_soilAmendment', 'True_operation', 'True_fertiliser', 'True_material', 'True_ingredient', 'True_cropResidue']",ML model predicted True_otherChemical but the humans predicted No True_otherChemical.,Total number of matching positives in this prediction string 12.,90.44117647058823,0,System Boundary,original,no rag,AI,1
0,,"[1, 0, 1, 0, 0, 1, 1, 0, 1, 1, 1, 1, 0, 1, 0, 1, 0, 1, 1]","[1, 1, 1, 0, 0, 1, 1, 1, 1, 1, 1, 1, 0, 1, 0, 1, 0, 1, 1]","['True_animalFeed', 'True_water', 'True_liveAnimalInput', 'True_electricityFuel', 'True_transport', 'True_pesticideVeterinaryDrug', 'True_seed', 'True_otherChemical', 'True_animalPopulation', 'True_freshForage', 'True_excreta', 'True_product', 'True_waste', 'True_soilAmendment', 'True_operation', 'True_fertiliser', 'True_material', 'True_ingredient', 'True_cropResidue']",ML model predicted True_water but the humans predicted No True_water.,Total number of matching positives in this prediction string 12.,23.08823529411765,0,System Boundary,original,rag,AI,1
0,,"[1, 0, 1, 0, 0, 1, 1, 0, 1, 1, 1, 1, 0, 1, 0, 1, 0, 1, 1]","[1, 1, 1, 0, 0, 1, 1, 1, 1, 1, 1, 1, 0, 1, 0, 1, 0, 1, 1]","['True_animalFeed', 'True_water', 'True_liveAnimalInput', 'True_electricityFuel', 'True_transport', 'True_pesticideVeterinaryDrug', 'True_seed', 'True_otherChemical', 'True_animalPopulation', 'True_freshForage', 'True_excreta', 'True_product', 'True_waste', 'True_soilAmendment', 'True_operation', 'True_fertiliser', 'True_material', 'True_ingredient', 'True_cropResidue']",ML model predicted True_otherChemical but the humans predicted No True_otherChemical.,Total number of matching positives in this prediction string 12.,90.44117647058823,0,System Boundary,original,rag,AI,1
0,,"[1, 0, 1, 0, 0, 1, 1, 0, 1, 1, 1, 1, 0, 1, 0, 1, 0, 1, 1]","[1, 1, 1, 0, 0, 1, 1, 0, 1, 1, 1, 1, 0, 1, 0, 1, 0, 1, 1]","['True_animalFeed', 'True_water', 'True_liveAnimalInput', 'True_electricityFuel', 'True_transport', 'True_pesticideVeterinaryDrug', 'True_seed', 'True_otherChemical', 'True_animalPopulation', 'True_freshForage', 'True_excreta', 'True_product', 'True_waste', 'True_soilAmendment', 'True_operation', 'True_fertiliser', 'True_material', 'True_ingredient', 'True_cropResidue']",ML model predicted True_water but the humans predicted No True_water.,Total number of matching positives in this prediction string 12.,23.08823529411765,0,System Boundary,original,no rag,AI,2
0,,"[1, 0, 0, 0, 0, 0]","[1, 0, 1, 0, 0, 0]","['economic', 'energy', 'none required', 'none', 'mass', 'biophysical']",ML model predicted none required but the humans predicted No none required.,Total number of matching positives in this prediction string 1.,17.941176470588236,0,Allocation,original,no rag,AI,1
0,,"[1, 0, 0, 0, 0, 0]","[0, 0, 1, 0, 0, 0]","['economic', 'energy', 'none required', 'none', 'mass', 'biophysical']",ML model predicted No economic but the humans predicted economic.,Total number of matching positives in this prediction string 0.,68.08823529411765,2,Allocation,original,no rag,Human,1
0,,"[1, 1, 1, 0, 0, 1, 1, 1, 1, 1, 0, 1, 0, 1, 0, 1, 0, 1, 1]","[1, 0, 1, 1, 0, 0, 1, 1, 1, 1, 0, 1, 0, 1, 0, 1, 0, 1, 1]","['True_animalFeed', 'True_water', 'True_liveAnimalInput', 'True_electricityFuel', 'True_transport', 'True_pesticideVeterinaryDrug', 'True_seed', 'True_otherChemical', 'True_animalPopulation', 'True_freshForage', 'True_excreta', 'True_product', 'True_waste', 'True_soilAmendment', 'True_operation', 'True_fertiliser', 'True_material', 'True_ingredient', 'True_cropResidue']",ML model predicted No True_water but the humans predicted True_water.,Total number of matching positives in this prediction string 11.,23.08823529411765,2,System Boundary,original,rag,Human,1
0,,"[1, 1, 1, 0, 0, 1, 1, 1, 1, 1, 0, 1, 0, 1, 0, 1, 0, 1, 1]","[1, 1, 0, 1, 0, 0, 1, 1, 1, 0, 0, 1, 0, 1, 0, 1, 0, 1, 1]","['True_animalFeed', 'True_water', 'True_liveAnimalInput', 'True_electricityFuel', 'True_transport', 'True_pesticideVeterinaryDrug', 'True_seed', 'True_otherChemical', 'True_animalPopulation', 'True_freshForage', 'True_excreta', 'True_product', 'True_waste', 'True_soilAmendment', 'True_operation', 'True_fertiliser', 'True_material', 'True_ingredient', 'True_cropResidue']",ML model predicted No True_pesticideVeterinaryDrug but the humans predicted True_pesticideVeterinaryDrug.,Total number of matching positives in this prediction string 10.,48.23529411764706,2,System Boundary,original,no rag,Human,1
0,,"[1, 1, 1, 0, 0, 1, 1, 1, 1, 1, 0, 1, 0, 1, 0, 1, 0, 1, 1]","[1, 1, 0, 1, 0, 0, 1, 1, 1, 0, 0, 1, 0, 1, 0, 1, 0, 1, 1]","['True_animalFeed', 'True_water', 'True_liveAnimalInput', 'True_electricityFuel', 'True_transport', 'True_pesticideVeterinaryDrug', 'True_seed', 'True_otherChemical', 'True_animalPopulation', 'True_freshForage', 'True_excreta', 'True_product', 'True_waste', 'True_soilAmendment', 'True_operation', 'True_fertiliser', 'True_material', 'True_ingredient', 'True_cropResidue']",ML model predicted True_electricityFuel but the humans predicted No True_electricityFuel.,Total number of matching positives in this prediction string 10.,64.70588235294117,2,System Boundary,original,no rag,AI,1
0,,"[1, 1, 1, 0, 0, 1, 1, 1, 1, 1, 0, 1, 0, 1, 0, 1, 0, 1, 1]","[1, 1, 0, 1, 0, 0, 1, 1, 1, 0, 0, 1, 0, 1, 0, 1, 0, 1, 1]","['True_animalFeed', 'True_water', 'True_liveAnimalInput', 'True_electricityFuel', 'True_transport', 'True_pesticideVeterinaryDrug', 'True_seed', 'True_otherChemical', 'True_animalPopulation', 'True_freshForage', 'True_excreta', 'True_product', 'True_waste', 'True_soilAmendment', 'True_operation', 'True_fertiliser', 'True_material', 'True_ingredient', 'True_cropResidue']",ML model predicted No True_liveAnimalInput but the humans predicted True_liveAnimalInput.,Total number of matching positives in this prediction string 10.,90.1470588235294,2,System Boundary,original,no rag,Human,1
0,,"[1, 1, 1, 0, 0, 1, 1, 1, 1, 1, 0, 1, 0, 1, 0, 1, 0, 1, 1]","[1, 0, 1, 1, 0, 0, 1, 1, 1, 1, 0, 1, 0, 1, 0, 1, 0, 1, 1]","['True_animalFeed', 'True_water', 'True_liveAnimalInput', 'True_electricityFuel', 'True_transport', 'True_pesticideVeterinaryDrug', 'True_seed', 'True_otherChemical', 'True_animalPopulation', 'True_freshForage', 'True_excreta', 'True_product', 'True_waste', 'True_soilAmendment', 'True_operation', 'True_fertiliser', 'True_material', 'True_ingredient', 'True_cropResidue']",ML model predicted No True_pesticideVeterinaryDrug but the humans predicted True_pesticideVeterinaryDrug.,Total number of matching positives in this prediction string 11.,48.23529411764706,2,System Boundary,original,rag,Human,1
0,,"[1, 1, 1, 0, 0, 1, 1, 1, 1, 1, 0, 1, 0, 1, 0, 1, 0, 1, 1]","[1, 0, 1, 1, 0, 0, 1, 1, 1, 1, 0, 1, 0, 1, 0, 1, 0, 1, 1]","['True_animalFeed', 'True_water', 'True_liveAnimalInput', 'True_electricityFuel', 'True_transport', 'True_pesticideVeterinaryDrug', 'True_seed', 'True_otherChemical', 'True_animalPopulation', 'True_freshForage', 'True_excreta', 'True_product', 'True_waste', 'True_soilAmendment', 'True_operation', 'True_fertiliser', 'True_material', 'True_ingredient', 'True_cropResidue']",ML model predicted True_electricityFuel but the humans predicted No True_electricityFuel.,Total number of matching positives in this prediction string 11.,64.70588235294117,2,System Boundary,original,rag,AI,1
0,,"[1, 1, 1, 0, 0, 1, 1, 1, 1, 1, 0, 1, 0, 1, 0, 1, 0, 1, 1]","[1, 1, 0, 1, 0, 0, 1, 1, 1, 0, 0, 1, 0, 1, 0, 1, 0, 1, 1]","['True_animalFeed', 'True_water', 'True_liveAnimalInput', 'True_electricityFuel', 'True_transport', 'True_pesticideVeterinaryDrug', 'True_seed', 'True_otherChemical', 'True_animalPopulation', 'True_freshForage', 'True_excreta', 'True_product', 'True_waste', 'True_soilAmendment', 'True_operation', 'True_fertiliser', 'True_material', 'True_ingredient', 'True_cropResidue']",ML model predicted No True_freshForage but the humans predicted True_freshForage.,Total number of matching positives in this prediction string 10.,52.64705882352941,2,System Boundary,original,no rag,Human,1
0,,"[1, 0, 0, 0, 0, 0]","[0, 0, 1, 0, 0, 0]","['economic', 'energy', 'none required', 'none', 'mass', 'biophysical']",ML model predicted none required but the humans predicted No none required.,Total number of matching positives in this prediction string 0.,17.941176470588236,2,Allocation,original,no rag,AI,1
0,,"[1, 1, 1, 0, 0, 1, 1, 1, 1, 1, 0, 1, 0, 1, 0, 1, 0, 1, 1]","[1, 1, 1, 1, 0, 0, 1, 1, 0, 1, 1, 1, 1, 1, 0, 1, 0, 1, 1]","['True_animalFeed', 'True_water', 'True_liveAnimalInput', 'True_electricityFuel', 'True_transport', 'True_pesticideVeterinaryDrug', 'True_seed', 'True_otherChemical', 'True_animalPopulation', 'True_freshForage', 'True_excreta', 'True_product', 'True_waste', 'True_soilAmendment', 'True_operation', 'True_fertiliser', 'True_material', 'True_ingredient', 'True_cropResidue']",ML model predicted True_electricityFuel but the humans predicted No True_electricityFuel.,Total number of matching positives in this prediction string 11.,64.70588235294117,2,System Boundary,original,no rag,AI,1
0,,"[1, 1, 1, 0, 0, 1, 1, 1, 1, 1, 0, 1, 0, 1, 0, 1, 0, 1, 1]","[1, 1, 1, 1, 0, 0, 1, 1, 0, 1, 1, 1, 1, 1, 0, 1, 0, 1, 1]","['True_animalFeed', 'True_water', 'True_liveAnimalInput', 'True_electricityFuel', 'True_transport', 'True_pesticideVeterinaryDrug', 'True_seed', 'True_otherChemical', 'True_animalPopulation', 'True_freshForage', 'True_excreta', 'True_product', 'True_waste', 'True_soilAmendment', 'True_operation', 'True_fertiliser', 'True_material', 'True_ingredient', 'True_cropResidue']",ML model predicted True_excreta but the humans predicted No True_excreta.,Total number of matching positives in this prediction string 11.,23.676470588235293,2,System Boundary,original,no rag,AI,1
0,,"[1, 1, 1, 0, 0, 1, 1, 1, 1, 1, 0, 1, 0, 1, 0, 1, 0, 1, 1]","[1, 1, 1, 1, 0, 0, 1, 1, 1, 1, 1, 1, 0, 1, 0, 1, 0, 1, 1]","['True_animalFeed', 'True_water', 'True_liveAnimalInput', 'True_electricityFuel', 'True_transport', 'True_pesticideVeterinaryDrug', 'True_seed', 'True_otherChemical', 'True_animalPopulation', 'True_freshForage', 'True_excreta', 'True_product', 'True_waste', 'True_soilAmendment', 'True_operation', 'True_fertiliser', 'True_material', 'True_ingredient', 'True_cropResidue']",ML model predicted No True_pesticideVeterinaryDrug but the humans predicted True_pesticideVeterinaryDrug.,Total number of matching positives in this prediction string 12.,48.23529411764706,2,System Boundary,original,rag,Human,1
0,,"[1, 1, 1, 0, 0, 1, 1, 1, 1, 1, 0, 1, 0, 1, 0, 1, 0, 1, 1]","[1, 1, 1, 1, 0, 0, 1, 1, 1, 1, 1, 1, 0, 1, 0, 1, 0, 1, 1]","['True_animalFeed', 'True_water', 'True_liveAnimalInput', 'True_electricityFuel', 'True_transport', 'True_pesticideVeterinaryDrug', 'True_seed', 'True_otherChemical', 'True_animalPopulation', 'True_freshForage', 'True_excreta', 'True_product', 'True_waste', 'True_soilAmendment', 'True_operation', 'True_fertiliser', 'True_material', 'True_ingredient', 'True_cropResidue']",ML model predicted True_electricityFuel but the humans predicted No True_electricityFuel.,Total number of matching positives in this prediction string 12.,64.70588235294117,2,System Boundary,original,rag,AI,1
0,,"[1, 1, 1, 0, 0, 1, 1, 1, 1, 1, 0, 1, 0, 1, 0, 1, 0, 1, 1]","[1, 1, 1, 1, 0, 0, 1, 1, 0, 1, 1, 1, 1, 1, 0, 1, 0, 1, 1]","['True_animalFeed', 'True_water', 'True_liveAnimalInput', 'True_electricityFuel', 'True_transport', 'True_pesticideVeterinaryDrug', 'True_seed', 'True_otherChemical', 'True_animalPopulation', 'True_freshForage', 'True_excreta', 'True_product', 'True_waste', 'True_soilAmendment', 'True_operation', 'True_fertiliser', 'True_material', 'True_ingredient', 'True_cropResidue']",ML model predicted No True_pesticideVeterinaryDrug but the humans predicted True_pesticideVeterinaryDrug.,Total number of matching positives in this prediction string 11.,48.23529411764706,2,System Boundary,original,no rag,Human,1
0,,"[1, 1, 1, 0, 0, 1, 1, 1, 1, 1, 0, 1, 0, 1, 0, 1, 0, 1, 1]","[1, 1, 1, 1, 0, 0, 1, 1, 0, 1, 1, 1, 1, 1, 0, 1, 0, 1, 1]","['True_animalFeed', 'True_water', 'True_liveAnimalInput', 'True_electricityFuel', 'True_transport', 'True_pesticideVeterinaryDrug', 'True_seed', 'True_otherChemical', 'True_animalPopulation', 'True_freshForage', 'True_excreta', 'True_product', 'True_waste', 'True_soilAmendment', 'True_operation', 'True_fertiliser', 'True_material', 'True_ingredient', 'True_cropResidue']",ML model predicted No True_animalPopulation but the humans predicted True_animalPopulation.,Total number of matching positives in this prediction string 11.,93.67647058823529,2,System Boundary,original,no rag,Human,1
0,,"[1, 1, 1, 0, 0, 1, 1, 1, 1, 1, 0, 1, 0, 1, 0, 1, 0, 1, 1]","[1, 0, 1, 1, 0, 0, 0, 1, 1, 1, 0, 1, 0, 1, 0, 1, 0, 1, 1]","['True_animalFeed', 'True_water', 'True_liveAnimalInput', 'True_electricityFuel', 'True_transport', 'True_pesticideVeterinaryDrug', 'True_seed', 'True_otherChemical', 'True_animalPopulation', 'True_freshForage', 'True_excreta', 'True_product', 'True_waste', 'True_soilAmendment', 'True_operation', 'True_fertiliser', 'True_material', 'True_ingredient', 'True_cropResidue']",ML model predicted No True_seed but the humans predicted True_seed.,Total number of matching positives in this prediction string 10.,88.52941176470588,2,System Boundary,original,rag,Human,1
0,,"[1, 1, 1, 0, 0, 1, 1, 1, 1, 1, 0, 1, 0, 1, 0, 1, 0, 1, 1]","[1, 1, 1, 1, 0, 0, 1, 1, 1, 1, 1, 1, 0, 1, 0, 1, 0, 1, 1]","['True_animalFeed', 'True_water', 'True_liveAnimalInput', 'True_electricityFuel', 'True_transport', 'True_pesticideVeterinaryDrug', 'True_seed', 'True_otherChemical', 'True_animalPopulation', 'True_freshForage', 'True_excreta', 'True_product', 'True_waste', 'True_soilAmendment', 'True_operation', 'True_fertiliser', 'True_material', 'True_ingredient', 'True_cropResidue']",ML model predicted True_excreta but the humans predicted No True_excreta.,Total number of matching positives in this prediction string 12.,23.676470588235293,2,System Boundary,original,no rag,AI,1
0,,"[1, 1, 1, 0, 0, 1, 1, 1, 1, 1, 0, 1, 0, 1, 0, 1, 0, 1, 1]","[1, 1, 1, 1, 0, 0, 1, 1, 1, 1, 1, 1, 0, 1, 0, 1, 0, 1, 1]","['True_animalFeed', 'True_water', 'True_liveAnimalInput', 'True_electricityFuel', 'True_transport', 'True_pesticideVeterinaryDrug', 'True_seed', 'True_otherChemical', 'True_animalPopulation', 'True_freshForage', 'True_excreta', 'True_product', 'True_waste', 'True_soilAmendment', 'True_operation', 'True_fertiliser', 'True_material', 'True_ingredient', 'True_cropResidue']",ML model predicted No True_pesticideVeterinaryDrug but the humans predicted True_pesticideVeterinaryDrug.,Total number of matching positives in this prediction string 12.,48.23529411764706,2,System Boundary,original,no rag,Human,1
0,,"[1, 1, 1, 0, 0, 1, 1, 1, 1, 1, 0, 1, 0, 1, 0, 1, 0, 1, 1]","[1, 1, 1, 1, 0, 0, 1, 1, 1, 1, 1, 1, 0, 1, 0, 1, 0, 1, 1]","['True_animalFeed', 'True_water', 'True_liveAnimalInput', 'True_electricityFuel', 'True_transport', 'True_pesticideVeterinaryDrug', 'True_seed', 'True_otherChemical', 'True_animalPopulation', 'True_freshForage', 'True_excreta', 'True_product', 'True_waste', 'True_soilAmendment', 'True_operation', 'True_fertiliser', 'True_material', 'True_ingredient', 'True_cropResidue']",ML model predicted True_electricityFuel but the humans predicted No True_electricityFuel.,Total number of matching positives in this prediction string 12.,64.70588235294117,2,System Boundary,original,no rag,AI,1
0,,"[1, 1, 1, 0, 0, 1, 1, 1, 1, 1, 0, 1, 0, 1, 0, 1, 0, 1, 1]","[1, 1, 1, 1, 0, 0, 1, 1, 1, 0, 1, 1, 0, 1, 0, 1, 0, 1, 1]","['True_animalFeed', 'True_water', 'True_liveAnimalInput', 'True_electricityFuel', 'True_transport', 'True_pesticideVeterinaryDrug', 'True_seed', 'True_otherChemical', 'True_animalPopulation', 'True_freshForage', 'True_excreta', 'True_product', 'True_waste', 'True_soilAmendment', 'True_operation', 'True_fertiliser', 'True_material', 'True_ingredient', 'True_cropResidue']",ML model predicted True_excreta but the humans predicted No True_excreta.,Total number of matching positives in this prediction string 11.,23.676470588235293,2,System Boundary,original,rag,AI,1
0,,"[1, 1, 1, 0, 0, 1, 1, 1, 1, 1, 0, 1, 0, 1, 0, 1, 0, 1, 1]","[1, 1, 1, 1, 0, 0, 1, 1, 1, 0, 1, 1, 0, 1, 0, 1, 0, 1, 1]","['True_animalFeed', 'True_water', 'True_liveAnimalInput', 'True_electricityFuel', 'True_transport', 'True_pesticideVeterinaryDrug', 'True_seed', 'True_otherChemical', 'True_animalPopulation', 'True_freshForage', 'True_excreta', 'True_product', 'True_waste', 'True_soilAmendment', 'True_operation', 'True_fertiliser', 'True_material', 'True_ingredient', 'True_cropResidue']",ML model predicted No True_freshForage but the humans predicted True_freshForage.,Total number of matching positives in this prediction string 11.,52.64705882352941,2,System Boundary,original,rag,Human,1
0,,"[1, 1, 1, 0, 0, 1, 1, 1, 1, 1, 0, 1, 0, 1, 0, 1, 0, 1, 1]","[1, 1, 1, 1, 0, 0, 1, 1, 1, 0, 1, 1, 0, 1, 0, 1, 0, 1, 1]","['True_animalFeed', 'True_water', 'True_liveAnimalInput', 'True_electricityFuel', 'True_transport', 'True_pesticideVeterinaryDrug', 'True_seed', 'True_otherChemical', 'True_animalPopulation', 'True_freshForage', 'True_excreta', 'True_product', 'True_waste', 'True_soilAmendment', 'True_operation', 'True_fertiliser', 'True_material', 'True_ingredient', 'True_cropResidue']",ML model predicted No True_pesticideVeterinaryDrug but the humans predicted True_pesticideVeterinaryDrug.,Total number of matching positives in this prediction string 11.,48.23529411764706,2,System Boundary,original,rag,Human,1
0,,"[1, 1, 1, 0, 0, 1, 1, 1, 1, 1, 0, 1, 0, 1, 0, 1, 0, 1, 1]","[1, 1, 1, 1, 0, 0, 1, 1, 1, 0, 1, 1, 0, 1, 0, 1, 0, 1, 1]","['True_animalFeed', 'True_water', 'True_liveAnimalInput', 'True_electricityFuel', 'True_transport', 'True_pesticideVeterinaryDrug', 'True_seed', 'True_otherChemical', 'True_animalPopulation', 'True_freshForage', 'True_excreta', 'True_product', 'True_waste', 'True_soilAmendment', 'True_operation', 'True_fertiliser', 'True_material', 'True_ingredient', 'True_cropResidue']",ML model predicted True_electricityFuel but the humans predicted No True_electricityFuel.,Total number of matching positives in this prediction string 11.,64.70588235294117,2,System Boundary,original,rag,AI,1
0,,"[1, 1, 1, 0, 0, 1, 1, 1, 1, 1, 0, 1, 0, 1, 0, 1, 0, 1, 1]","[1, 1, 1, 1, 0, 0, 1, 1, 1, 0, 0, 1, 0, 1, 0, 1, 0, 1, 1]","['True_animalFeed', 'True_water', 'True_liveAnimalInput', 'True_electricityFuel', 'True_transport', 'True_pesticideVeterinaryDrug', 'True_seed', 'True_otherChemical', 'True_animalPopulation', 'True_freshForage', 'True_excreta', 'True_product', 'True_waste', 'True_soilAmendment', 'True_operation', 'True_fertiliser', 'True_material', 'True_ingredient', 'True_cropResidue']",ML model predicted No True_freshForage but the humans predicted True_freshForage.,Total number of matching positives in this prediction string 11.,52.64705882352941,2,System Boundary,original,rag,Human,2
0,,"[1, 1, 1, 0, 0, 1, 1, 1, 1, 1, 0, 1, 0, 1, 0, 1, 0, 1, 1]","[1, 1, 1, 1, 0, 0, 1, 1, 1, 0, 0, 1, 0, 1, 0, 1, 0, 1, 1]","['True_animalFeed', 'True_water', 'True_liveAnimalInput', 'True_electricityFuel', 'True_transport', 'True_pesticideVeterinaryDrug', 'True_seed', 'True_otherChemical', 'True_animalPopulation', 'True_freshForage', 'True_excreta', 'True_product', 'True_waste', 'True_soilAmendment', 'True_operation', 'True_fertiliser', 'True_material', 'True_ingredient', 'True_cropResidue']",ML model predicted No True_pesticideVeterinaryDrug but the humans predicted True_pesticideVeterinaryDrug.,Total number of matching positives in this prediction string 11.,48.23529411764706,2,System Boundary,original,rag,Human,2
0,,"[1, 1, 1, 0, 0, 1, 1, 1, 1, 1, 0, 1, 0, 1, 0, 1, 0, 1, 1]","[1, 1, 1, 1, 0, 0, 1, 1, 1, 1, 1, 1, 0, 1, 0, 1, 0, 1, 1]","['True_animalFeed', 'True_water', 'True_liveAnimalInput', 'True_electricityFuel', 'True_transport', 'True_pesticideVeterinaryDrug', 'True_seed', 'True_otherChemical', 'True_animalPopulation', 'True_freshForage', 'True_excreta', 'True_product', 'True_waste', 'True_soilAmendment', 'True_operation', 'True_fertiliser', 'True_material', 'True_ingredient', 'True_cropResidue']",ML model predicted True_excreta but the humans predicted No True_excreta.,Total number of matching positives in this prediction string 12.,23.676470588235293,2,System Boundary,original,rag,AI,1
0,,"[1, 1, 1, 0, 0, 1, 1, 1, 1, 1, 0, 1, 0, 1, 0, 1, 0, 1, 1]","[1, 0, 1, 1, 0, 0, 0, 1, 1, 1, 0, 1, 0, 1, 0, 1, 0, 1, 1]","['True_animalFeed', 'True_water', 'True_liveAnimalInput', 'True_electricityFuel', 'True_transport', 'True_pesticideVeterinaryDrug', 'True_seed', 'True_otherChemical', 'True_animalPopulation', 'True_freshForage', 'True_excreta', 'True_product', 'True_waste', 'True_soilAmendment', 'True_operation', 'True_fertiliser', 'True_material', 'True_ingredient', 'True_cropResidue']",ML model predicted No True_pesticideVeterinaryDrug but the humans predicted True_pesticideVeterinaryDrug.,Total number of matching positives in this prediction string 10.,48.23529411764706,2,System Boundary,original,rag,Human,1
0,,"[1, 1, 1, 0, 0, 1, 1, 1, 1, 1, 0, 1, 0, 1, 0, 1, 0, 1, 1]","[1, 0, 1, 0, 0, 0, 1, 1, 1, 1, 0, 1, 0, 1, 0, 1, 0, 1, 1]","['True_animalFeed', 'True_water', 'True_liveAnimalInput', 'True_electricityFuel', 'True_transport', 'True_pesticideVeterinaryDrug', 'True_seed', 'True_otherChemical', 'True_animalPopulation', 'True_freshForage', 'True_excreta', 'True_product', 'True_waste', 'True_soilAmendment', 'True_operation', 'True_fertiliser', 'True_material', 'True_ingredient', 'True_cropResidue']",ML model predicted No True_water but the humans predicted True_water.,Total number of matching positives in this prediction string 11.,23.08823529411765,2,System Boundary,original,no rag,Human,1
0,,"[0, 0, 0, 0, 0, 0, 1, 0, 0, 0, 0, 0, 0, 0, 0, 0, 0, 1, 0, 0, 0, 0, 0, 0, 0, 0, 0, 0, 0, 0, 0, 0, 0, 0, 0, 0, 0, 0, 0, 0, 0, 0, 0, 0, 0, 0, 0, 0, 0, 0, 0, 0, 0, 0, 0, 0, 0, 0, 0, 0, 0, 0]","[0, 0, 0, 0, 0, 0, 1, 0, 0, 1, 0, 0, 0, 0, 0, 0, 0, 1, 0, 0, 0, 0, 0, 0, 0, 0, 0, 0, 0, 0, 0, 0, 0, 0, 0, 0, 0, 0, 0, 0, 0, 0, 0, 0, 0, 0, 0, 0, 0, 0, 0, 0, 0, 0, 0, 0, 0, 0, 0, 0, 0, 0]","['Meat, beef cattle (cold carcass weight)', 'Dairy cattle, heifer', 'Meat, pig (cold dressed carcass weight)', 'Meat, chicken, breast', 'Milk, cow, raw (FPCM)', 'Broiler chicken', 'Beef cattle', 'Hides', 'Sheep, ewe', 'Beef cattle, heifer', 'Beef cattle, calf (female, weaned)', 'Dairy cattle, calf (weaned)', 'Cattle', 'Wool, sheep (greasy)', 'Meat, dairy cattle (liveweight)', 'Beef cattle, steer', 'Meat, sheep (liveweight)', 'Beef cattle, heifer and steer', 'Dairy cattle, cow', 'Cattle, urine (kg mass)', 'Meat, pig (cold carcass weight)', 'Offal', 'Dairy cattle', 'Layer chicken, hen', 'Sheep, lamb (male, unweaned)', 'Meat, chicken, wings', 'Wool', 'Eggs, hen, in shell (number)', 'Pig', 'Broiler chicken, hen', 'Dairy cattle, calf (male, unweaned)', 'Meat, dairy cattle (cold carcass weight)', 'Dairy cattle, calf', 'Beef cattle, calf (male, weaned)', 'Meat, beef cattle (cold dressed carcass weight)', 'Eggs, hen, in shell', 'Broiler chicken, chick', 'Meat, chicken (liveweight)', 'Pig, piglet', 'Layer chicken, pullet', 'Sheep, lamb (female, unweaned)', 'Milk', 'Beef cattle, bull', 'Eggs', 'Sheep, lamb', 'Dairy cattle, calf (female, weaned)', 'Sheep, ram', 'Sheep, lamb (weaned)', 'Beef cattle, calf (weaned)', 'Meat, chicken, leg', 'Sheep', 'Layer chicken', 'Beef cattle, cow', 'Offal, pigs', 'Poultry by-product meal', 'Meat', 'Milk, cow, raw', 'Hides, dairy cattle, fresh', 'Pig, sow', 'Meat, beef cattle (liveweight)', 'Meat, chicken (cold carcass weight)', 'Meat, sheep (cold carcass weight)']","ML model predicted Beef cattle, heifer but the humans predicted No Beef cattle, heifer.",Total number of matching positives in this prediction string 2.,6.323529411764706,2,Product,original,rag,AI,1
0,,"[1, 0, 0, 0, 0, 0]","[0, 0, 0, 0, 0, 0]","['economic', 'energy', 'none required', 'none', 'mass', 'biophysical']",ML model predicted No economic but the humans predicted economic.,Total number of matching positives in this prediction string 0.,68.08823529411765,2,Allocation,original,no rag,Human,1
0,,"[1, 0, 0, 0, 0, 0]","[0, 0, 0, 0, 0, 0]","['economic', 'energy', 'none required', 'none', 'mass', 'biophysical']",ML model predicted No economic but the humans predicted economic.,Total number of matching positives in this prediction string 0.,68.08823529411765,2,Allocation,original,rag,Human,1
0,,"[1, 1, 1, 0, 0, 1, 1, 1, 1, 1, 0, 1, 0, 1, 0, 1, 0, 1, 1]","[0, 0, 1, 0, 0, 0, 1, 1, 1, 1, 0, 1, 0, 1, 0, 1, 0, 1, 1]","['True_animalFeed', 'True_water', 'True_liveAnimalInput', 'True_electricityFuel', 'True_transport', 'True_pesticideVeterinaryDrug', 'True_seed', 'True_otherChemical', 'True_animalPopulation', 'True_freshForage', 'True_excreta', 'True_product', 'True_waste', 'True_soilAmendment', 'True_operation', 'True_fertiliser', 'True_material', 'True_ingredient', 'True_cropResidue']",ML model predicted No True_animalFeed but the humans predicted True_animalFeed.,Total number of matching positives in this prediction string 10.,92.3529411764706,2,System Boundary,original,rag,Human,1
0,,"[1, 1, 1, 0, 0, 1, 1, 1, 1, 1, 0, 1, 0, 1, 0, 1, 0, 1, 1]","[0, 0, 1, 0, 0, 0, 1, 1, 1, 1, 0, 1, 0, 1, 0, 1, 0, 1, 1]","['True_animalFeed', 'True_water', 'True_liveAnimalInput', 'True_electricityFuel', 'True_transport', 'True_pesticideVeterinaryDrug', 'True_seed', 'True_otherChemical', 'True_animalPopulation', 'True_freshForage', 'True_excreta', 'True_product', 'True_waste', 'True_soilAmendment', 'True_operation', 'True_fertiliser', 'True_material', 'True_ingredient', 'True_cropResidue']",ML model predicted No True_water but the humans predicted True_water.,Total number of matching positives in this prediction string 10.,23.08823529411765,2,System Boundary,original,rag,Human,1
0,,"[1, 1, 1, 0, 0, 1, 1, 1, 1, 1, 0, 1, 0, 1, 0, 1, 0, 1, 1]","[0, 0, 1, 0, 0, 0, 1, 1, 1, 1, 0, 1, 0, 1, 0, 1, 0, 1, 1]","['True_animalFeed', 'True_water', 'True_liveAnimalInput', 'True_electricityFuel', 'True_transport', 'True_pesticideVeterinaryDrug', 'True_seed', 'True_otherChemical', 'True_animalPopulation', 'True_freshForage', 'True_excreta', 'True_product', 'True_waste', 'True_soilAmendment', 'True_operation', 'True_fertiliser', 'True_material', 'True_ingredient', 'True_cropResidue']",ML model predicted No True_pesticideVeterinaryDrug but the humans predicted True_pesticideVeterinaryDrug.,Total number of matching positives in this prediction string 10.,48.23529411764706,2,System Boundary,original,rag,Human,1
0,,"[1, 1, 1, 0, 0, 1, 1, 1, 1, 1, 0, 1, 0, 1, 0, 1, 0, 1, 1]","[0, 1, 0, 1, 0, 0, 1, 1, 1, 0, 1, 1, 0, 1, 0, 1, 0, 1, 1]","['True_animalFeed', 'True_water', 'True_liveAnimalInput', 'True_electricityFuel', 'True_transport', 'True_pesticideVeterinaryDrug', 'True_seed', 'True_otherChemical', 'True_animalPopulation', 'True_freshForage', 'True_excreta', 'True_product', 'True_waste', 'True_soilAmendment', 'True_operation', 'True_fertiliser', 'True_material', 'True_ingredient', 'True_cropResidue']",ML model predicted No True_animalFeed but the humans predicted True_animalFeed.,Total number of matching positives in this prediction string 9.,92.3529411764706,2,System Boundary,original,no rag,Human,1
0,,"[1, 1, 1, 0, 0, 1, 1, 1, 1, 1, 0, 1, 0, 1, 0, 1, 0, 1, 1]","[0, 1, 0, 1, 0, 0, 1, 1, 1, 0, 1, 1, 0, 1, 0, 1, 0, 1, 1]","['True_animalFeed', 'True_water', 'True_liveAnimalInput', 'True_electricityFuel', 'True_transport', 'True_pesticideVeterinaryDrug', 'True_seed', 'True_otherChemical', 'True_animalPopulation', 'True_freshForage', 'True_excreta', 'True_product', 'True_waste', 'True_soilAmendment', 'True_operation', 'True_fertiliser', 'True_material', 'True_ingredient', 'True_cropResidue']",ML model predicted No True_liveAnimalInput but the humans predicted True_liveAnimalInput.,Total number of matching positives in this prediction string 9.,90.1470588235294,2,System Boundary,original,no rag,Human,1
0,,"[1, 1, 1, 0, 0, 1, 1, 1, 1, 1, 0, 1, 0, 1, 0, 1, 0, 1, 1]","[0, 1, 0, 1, 0, 0, 1, 1, 1, 0, 1, 1, 0, 1, 0, 1, 0, 1, 1]","['True_animalFeed', 'True_water', 'True_liveAnimalInput', 'True_electricityFuel', 'True_transport', 'True_pesticideVeterinaryDrug', 'True_seed', 'True_otherChemical', 'True_animalPopulation', 'True_freshForage', 'True_excreta', 'True_product', 'True_waste', 'True_soilAmendment', 'True_operation', 'True_fertiliser', 'True_material', 'True_ingredient', 'True_cropResidue']",ML model predicted True_electricityFuel but the humans predicted No True_electricityFuel.,Total number of matching positives in this prediction string 9.,64.70588235294117,2,System Boundary,original,no rag,AI,1
0,,"[1, 1, 1, 0, 0, 1, 1, 1, 1, 1, 0, 1, 0, 1, 0, 1, 0, 1, 1]","[0, 1, 0, 1, 0, 0, 1, 1, 1, 0, 1, 1, 0, 1, 0, 1, 0, 1, 1]","['True_animalFeed', 'True_water', 'True_liveAnimalInput', 'True_electricityFuel', 'True_transport', 'True_pesticideVeterinaryDrug', 'True_seed', 'True_otherChemical', 'True_animalPopulation', 'True_freshForage', 'True_excreta', 'True_product', 'True_waste', 'True_soilAmendment', 'True_operation', 'True_fertiliser', 'True_material', 'True_ingredient', 'True_cropResidue']",ML model predicted No True_pesticideVeterinaryDrug but the humans predicted True_pesticideVeterinaryDrug.,Total number of matching positives in this prediction string 9.,48.23529411764706,2,System Boundary,original,no rag,Human,1
0,,"[1, 1, 1, 0, 0, 1, 1, 1, 1, 1, 0, 1, 0, 1, 0, 1, 0, 1, 1]","[1, 0, 1, 1, 0, 0, 0, 1, 1, 1, 0, 1, 0, 1, 0, 1, 0, 1, 1]","['True_animalFeed', 'True_water', 'True_liveAnimalInput', 'True_electricityFuel', 'True_transport', 'True_pesticideVeterinaryDrug', 'True_seed', 'True_otherChemical', 'True_animalPopulation', 'True_freshForage', 'True_excreta', 'True_product', 'True_waste', 'True_soilAmendment', 'True_operation', 'True_fertiliser', 'True_material', 'True_ingredient', 'True_cropResidue']",ML model predicted True_electricityFuel but the humans predicted No True_electricityFuel.,Total number of matching positives in this prediction string 10.,64.70588235294117,2,System Boundary,original,rag,AI,1
0,,"[1, 1, 1, 0, 0, 1, 1, 1, 1, 1, 0, 1, 0, 1, 0, 1, 0, 1, 1]","[0, 1, 0, 1, 0, 0, 1, 1, 1, 0, 1, 1, 0, 1, 0, 1, 0, 1, 1]","['True_animalFeed', 'True_water', 'True_liveAnimalInput', 'True_electricityFuel', 'True_transport', 'True_pesticideVeterinaryDrug', 'True_seed', 'True_otherChemical', 'True_animalPopulation', 'True_freshForage', 'True_excreta', 'True_product', 'True_waste', 'True_soilAmendment', 'True_operation', 'True_fertiliser', 'True_material', 'True_ingredient', 'True_cropResidue']",ML model predicted No True_freshForage but the humans predicted True_freshForage.,Total number of matching positives in this prediction string 9.,52.64705882352941,2,System Boundary,original,no rag,Human,1
0,,"[0, 0, 0, 0, 0, 0, 0, 0, 0, 0, 0, 0, 0, 0, 0, 0, 0, 0, 0, 0, 0, 0, 0, 0, 0, 0, 0, 0, 0, 0, 0, 1, 0, 0, 0, 0, 0, 0, 0, 0, 0, 0, 0, 0, 0, 0, 0, 0, 0, 0, 0, 0, 1, 0, 0, 0, 0, 0, 0]","[0, 0, 0, 0, 0, 0, 0, 0, 0, 0, 0, 0, 0, 0, 0, 0, 0, 0, 0, 0, 0, 0, 0, 0, 0, 0, 0, 0, 0, 0, 0, 0, 0, 0, 0, 0, 0, 0, 0, 0, 0, 0, 0, 0, 0, 0, 0, 0, 0, 0, 0, 0, 1, 0, 0, 0, 0, 0, 0]","['Meat, beef cattle (cold carcass weight)', 'Meat, pig (cold dressed carcass weight)', 'Meat, chicken, breast', 'Milk, cow, raw (FPCM)', 'Broiler chicken', 'Beef cattle', 'Hides', 'Sheep, ewe', 'Beef cattle, heifer', 'Beef cattle, calf (female, weaned)', 'Dairy cattle, calf (weaned)', 'Cattle', 'Wool, sheep (greasy)', 'Meat, dairy cattle (liveweight)', 'Beef cattle, steer', 'Meat, sheep (liveweight)', 'Beef cattle, heifer and steer', 'Dairy cattle, cow', 'Cattle, urine (kg mass)', 'Dairy cattle', 'Layer chicken, hen', 'Sheep, lamb (male, unweaned)', 'Meat, chicken, wings', 'Wool', 'Eggs, hen, in shell (number)', 'Pig', 'Broiler chicken, hen', 'Dairy cattle, calf (male, unweaned)', 'Meat, dairy cattle (cold carcass weight)', 'Dairy cattle, calf', 'Beef cattle, calf (male, weaned)', 'Meat, beef cattle (cold dressed carcass weight)', 'Eggs, hen, in shell', 'Broiler chicken, chick', 'Meat, chicken (liveweight)', 'Pig, piglet', 'Layer chicken, pullet', 'Sheep, lamb (female, unweaned)', 'Milk', 'Beef cattle, bull', 'Eggs', 'Sheep, lamb', 'Dairy cattle, calf (female, weaned)', 'Sheep, ram', 'Sheep, lamb (weaned)', 'Meat, chicken (cold carcass weight)', 'Beef cattle, calf (weaned)', 'Meat, chicken, leg', 'Sheep', 'Layer chicken', 'Beef cattle, cow', 'Poultry by-product meal', 'Meat', 'Milk, cow, raw', 'Hides, dairy cattle, fresh', 'Pig, sow', 'Meat, beef cattle (liveweight)', 'Dairy cattle, heifer', 'Meat, sheep (cold carcass weight)']","ML model predicted No Meat, beef cattle (cold dressed carcass weight) but the humans predicted Meat, beef cattle (cold dressed carcass weight).",Total number of matching positives in this prediction string 1.,1.0670731707317074,2,Product,standardized,rag,Human,1
0,,"[1, 1, 1, 0, 0, 1, 1, 1, 1, 1, 0, 1, 0, 1, 0, 1, 0, 1, 1]","[0, 1, 0, 1, 0, 0, 1, 1, 1, 0, 1, 1, 0, 1, 0, 1, 0, 1, 1]","['True_animalFeed', 'True_water', 'True_liveAnimalInput', 'True_electricityFuel', 'True_transport', 'True_pesticideVeterinaryDrug', 'True_seed', 'True_otherChemical', 'True_animalPopulation', 'True_freshForage', 'True_excreta', 'True_product', 'True_waste', 'True_soilAmendment', 'True_operation', 'True_fertiliser', 'True_material', 'True_ingredient', 'True_cropResidue']",ML model predicted True_excreta but the humans predicted No True_excreta.,Total number of matching positives in this prediction string 9.,23.676470588235293,2,System Boundary,original,no rag,AI,1
0,,"[1, 1, 1, 0, 0, 1, 1, 1, 1, 1, 0, 1, 0, 1, 0, 1, 0, 1, 1]","[1, 1, 1, 1, 0, 0, 1, 1, 0, 1, 1, 1, 1, 1, 0, 1, 0, 1, 1]","['True_animalFeed', 'True_water', 'True_liveAnimalInput', 'True_electricityFuel', 'True_transport', 'True_pesticideVeterinaryDrug', 'True_seed', 'True_otherChemical', 'True_animalPopulation', 'True_freshForage', 'True_excreta', 'True_product', 'True_waste', 'True_soilAmendment', 'True_operation', 'True_fertiliser', 'True_material', 'True_ingredient', 'True_cropResidue']",ML model predicted True_waste but the humans predicted No True_waste.,Total number of matching positives in this prediction string 11.,10.0,2,System Boundary,original,no rag,AI,1
0,,"[1, 1, 1, 0, 0, 1, 1, 1, 1, 1, 0, 1, 0, 1, 0, 1, 0, 1, 1]","[0, 1, 1, 1, 0, 0, 1, 1, 1, 1, 0, 1, 0, 1, 0, 1, 0, 1, 1]","['True_animalFeed', 'True_water', 'True_liveAnimalInput', 'True_electricityFuel', 'True_transport', 'True_pesticideVeterinaryDrug', 'True_seed', 'True_otherChemical', 'True_animalPopulation', 'True_freshForage', 'True_excreta', 'True_product', 'True_waste', 'True_soilAmendment', 'True_operation', 'True_fertiliser', 'True_material', 'True_ingredient', 'True_cropResidue']",ML model predicted True_electricityFuel but the humans predicted No True_electricityFuel.,Total number of matching positives in this prediction string 11.,64.70588235294117,2,System Boundary,original,no rag,AI,1
0,,"[1, 1, 1, 0, 0, 1, 1, 1, 1, 1, 0, 1, 0, 1, 0, 1, 0, 1, 1]","[1, 0, 1, 1, 0, 0, 0, 1, 1, 1, 0, 1, 0, 1, 0, 1, 0, 1, 1]","['True_animalFeed', 'True_water', 'True_liveAnimalInput', 'True_electricityFuel', 'True_transport', 'True_pesticideVeterinaryDrug', 'True_seed', 'True_otherChemical', 'True_animalPopulation', 'True_freshForage', 'True_excreta', 'True_product', 'True_waste', 'True_soilAmendment', 'True_operation', 'True_fertiliser', 'True_material', 'True_ingredient', 'True_cropResidue']",ML model predicted No True_water but the humans predicted True_water.,Total number of matching positives in this prediction string 10.,23.08823529411765,2,System Boundary,original,rag,Human,1
0,,"[1, 1, 1, 0, 0, 1, 1, 1, 1, 1, 0, 1, 0, 1, 0, 1, 0, 1, 1]","[1, 0, 1, 0, 0, 0, 1, 1, 1, 1, 0, 1, 0, 1, 0, 1, 0, 1, 1]","['True_animalFeed', 'True_water', 'True_liveAnimalInput', 'True_electricityFuel', 'True_transport', 'True_pesticideVeterinaryDrug', 'True_seed', 'True_otherChemical', 'True_animalPopulation', 'True_freshForage', 'True_excreta', 'True_product', 'True_waste', 'True_soilAmendment', 'True_operation', 'True_fertiliser', 'True_material', 'True_ingredient', 'True_cropResidue']",ML model predicted No True_pesticideVeterinaryDrug but the humans predicted True_pesticideVeterinaryDrug.,Total number of matching positives in this prediction string 11.,48.23529411764706,2,System Boundary,original,no rag,Human,1
0,,"[1, 1, 1, 0, 0, 1, 1, 1, 1, 1, 0, 1, 0, 1, 0, 1, 0, 1, 1]","[0, 1, 1, 1, 0, 0, 1, 1, 1, 1, 0, 1, 0, 1, 0, 1, 0, 1, 1]","['True_animalFeed', 'True_water', 'True_liveAnimalInput', 'True_electricityFuel', 'True_transport', 'True_pesticideVeterinaryDrug', 'True_seed', 'True_otherChemical', 'True_animalPopulation', 'True_freshForage', 'True_excreta', 'True_product', 'True_waste', 'True_soilAmendment', 'True_operation', 'True_fertiliser', 'True_material', 'True_ingredient', 'True_cropResidue']",ML model predicted No True_animalFeed but the humans predicted True_animalFeed.,Total number of matching positives in this prediction string 11.,92.3529411764706,2,System Boundary,original,no rag,Human,1
0,,"[0, 0, 0, 0, 0, 0, 1, 0, 0, 0, 0, 0, 0, 0, 0, 0, 0, 1, 0, 0, 0, 0, 0, 0, 0, 0, 0, 0, 0, 0, 0, 0, 0, 0, 0, 0, 0, 0, 0, 0, 0, 0, 0, 0, 0, 0, 0, 0, 0, 0, 0, 0, 0, 0, 0, 0, 0, 0, 0, 0, 0, 0]","[0, 0, 0, 0, 0, 0, 1, 0, 0, 0, 0, 0, 0, 0, 0, 0, 0, 0, 0, 0, 0, 0, 0, 0, 0, 0, 0, 0, 0, 0, 0, 0, 0, 0, 0, 0, 0, 0, 0, 0, 0, 0, 0, 0, 0, 0, 0, 0, 0, 0, 0, 0, 0, 0, 0, 0, 0, 0, 0, 0, 0, 0]","['Meat, beef cattle (cold carcass weight)', 'Dairy cattle, heifer', 'Meat, pig (cold dressed carcass weight)', 'Meat, chicken, breast', 'Milk, cow, raw (FPCM)', 'Broiler chicken', 'Beef cattle', 'Hides', 'Sheep, ewe', 'Beef cattle, heifer', 'Beef cattle, calf (female, weaned)', 'Dairy cattle, calf (weaned)', 'Cattle', 'Wool, sheep (greasy)', 'Meat, dairy cattle (liveweight)', 'Beef cattle, steer', 'Meat, sheep (liveweight)', 'Beef cattle, heifer and steer', 'Dairy cattle, cow', 'Cattle, urine (kg mass)', 'Meat, pig (cold carcass weight)', 'Offal', 'Dairy cattle', 'Layer chicken, hen', 'Sheep, lamb (male, unweaned)', 'Meat, chicken, wings', 'Wool', 'Eggs, hen, in shell (number)', 'Pig', 'Broiler chicken, hen', 'Dairy cattle, calf (male, unweaned)', 'Meat, dairy cattle (cold carcass weight)', 'Dairy cattle, calf', 'Beef cattle, calf (male, weaned)', 'Meat, beef cattle (cold dressed carcass weight)', 'Eggs, hen, in shell', 'Broiler chicken, chick', 'Meat, chicken (liveweight)', 'Pig, piglet', 'Layer chicken, pullet', 'Sheep, lamb (female, unweaned)', 'Milk', 'Beef cattle, bull', 'Eggs', 'Sheep, lamb', 'Dairy cattle, calf (female, weaned)', 'Sheep, ram', 'Sheep, lamb (weaned)', 'Beef cattle, calf (weaned)', 'Meat, chicken, leg', 'Sheep', 'Layer chicken', 'Beef cattle, cow', 'Offal, pigs', 'Poultry by-product meal', 'Meat', 'Milk, cow, raw', 'Hides, dairy cattle, fresh', 'Pig, sow', 'Meat, beef cattle (liveweight)', 'Meat, chicken (cold carcass weight)', 'Meat, sheep (cold carcass weight)']","ML model predicted No Beef cattle, heifer and steer but the humans predicted Beef cattle, heifer and steer.",Total number of matching positives in this prediction string 1.,0.4411764705882353,2,Product,original,no rag,Human,1
0,,"[1, 1, 1, 0, 0, 1, 1, 1, 1, 1, 0, 1, 0, 1, 0, 1, 0, 1, 1]","[1, 1, 1, 1, 0, 0, 1, 1, 1, 0, 0, 1, 0, 1, 0, 1, 0, 1, 1]","['True_animalFeed', 'True_water', 'True_liveAnimalInput', 'True_electricityFuel', 'True_transport', 'True_pesticideVeterinaryDrug', 'True_seed', 'True_otherChemical', 'True_animalPopulation', 'True_freshForage', 'True_excreta', 'True_product', 'True_waste', 'True_soilAmendment', 'True_operation', 'True_fertiliser', 'True_material', 'True_ingredient', 'True_cropResidue']",ML model predicted True_electricityFuel but the humans predicted No True_electricityFuel.,Total number of matching positives in this prediction string 11.,64.70588235294117,2,System Boundary,original,rag,AI,2
0,,"[0, 0, 0, 0, 0, 0, 1, 0, 0, 0, 0, 0, 0, 0, 0, 0, 0, 1, 0, 0, 0, 0, 0, 0, 0, 0, 0, 0, 0, 0, 0, 0, 0, 0, 0, 0, 0, 0, 0, 0, 0, 0, 0, 0, 0, 0, 0, 0, 0, 0, 0, 0, 0, 0, 0, 0, 0, 0, 0, 0, 0, 0]","[0, 0, 0, 0, 0, 0, 1, 0, 0, 0, 0, 0, 0, 0, 0, 0, 0, 0, 0, 0, 0, 0, 0, 0, 0, 0, 0, 0, 0, 0, 0, 0, 0, 0, 0, 0, 0, 0, 0, 0, 0, 0, 0, 0, 0, 0, 0, 0, 0, 0, 0, 0, 0, 0, 0, 0, 0, 0, 0, 0, 0, 0]","['Meat, beef cattle (cold carcass weight)', 'Dairy cattle, heifer', 'Meat, pig (cold dressed carcass weight)', 'Meat, chicken, breast', 'Milk, cow, raw (FPCM)', 'Broiler chicken', 'Beef cattle', 'Hides', 'Sheep, ewe', 'Beef cattle, heifer', 'Beef cattle, calf (female, weaned)', 'Dairy cattle, calf (weaned)', 'Cattle', 'Wool, sheep (greasy)', 'Meat, dairy cattle (liveweight)', 'Beef cattle, steer', 'Meat, sheep (liveweight)', 'Beef cattle, heifer and steer', 'Dairy cattle, cow', 'Cattle, urine (kg mass)', 'Meat, pig (cold carcass weight)', 'Offal', 'Dairy cattle', 'Layer chicken, hen', 'Sheep, lamb (male, unweaned)', 'Meat, chicken, wings', 'Wool', 'Eggs, hen, in shell (number)', 'Pig', 'Broiler chicken, hen', 'Dairy cattle, calf (male, unweaned)', 'Meat, dairy cattle (cold carcass weight)', 'Dairy cattle, calf', 'Beef cattle, calf (male, weaned)', 'Meat, beef cattle (cold dressed carcass weight)', 'Eggs, hen, in shell', 'Broiler chicken, chick', 'Meat, chicken (liveweight)', 'Pig, piglet', 'Layer chicken, pullet', 'Sheep, lamb (female, unweaned)', 'Milk', 'Beef cattle, bull', 'Eggs', 'Sheep, lamb', 'Dairy cattle, calf (female, weaned)', 'Sheep, ram', 'Sheep, lamb (weaned)', 'Beef cattle, calf (weaned)', 'Meat, chicken, leg', 'Sheep', 'Layer chicken', 'Beef cattle, cow', 'Offal, pigs', 'Poultry by-product meal', 'Meat', 'Milk, cow, raw', 'Hides, dairy cattle, fresh', 'Pig, sow', 'Meat, beef cattle (liveweight)', 'Meat, chicken (cold carcass weight)', 'Meat, sheep (cold carcass weight)']","ML model predicted No Beef cattle, heifer and steer but the humans predicted Beef cattle, heifer and steer.",Total number of matching positives in this prediction string 1.,0.4411764705882353,2,Product,original,rag,Human,1
0,,"[1, 1, 1, 0, 0, 1, 1, 1, 1, 1, 0, 1, 0, 1, 0, 1, 0, 1, 1]","[1, 0, 0, 1, 0, 0, 1, 1, 1, 1, 0, 1, 1, 1, 0, 1, 0, 1, 1]","['True_animalFeed', 'True_water', 'True_liveAnimalInput', 'True_electricityFuel', 'True_transport', 'True_pesticideVeterinaryDrug', 'True_seed', 'True_otherChemical', 'True_animalPopulation', 'True_freshForage', 'True_excreta', 'True_product', 'True_waste', 'True_soilAmendment', 'True_operation', 'True_fertiliser', 'True_material', 'True_ingredient', 'True_cropResidue']",ML model predicted No True_pesticideVeterinaryDrug but the humans predicted True_pesticideVeterinaryDrug.,Total number of matching positives in this prediction string 10.,48.23529411764706,2,System Boundary,original,no rag,Human,1
0,,"[1, 1, 1, 0, 0, 1, 1, 1, 1, 1, 0, 1, 0, 1, 0, 1, 0, 1, 1]","[1, 0, 0, 1, 0, 0, 1, 1, 1, 1, 0, 1, 1, 1, 0, 1, 0, 1, 1]","['True_animalFeed', 'True_water', 'True_liveAnimalInput', 'True_electricityFuel', 'True_transport', 'True_pesticideVeterinaryDrug', 'True_seed', 'True_otherChemical', 'True_animalPopulation', 'True_freshForage', 'True_excreta', 'True_product', 'True_waste', 'True_soilAmendment', 'True_operation', 'True_fertiliser', 'True_material', 'True_ingredient', 'True_cropResidue']",ML model predicted True_electricityFuel but the humans predicted No True_electricityFuel.,Total number of matching positives in this prediction string 10.,64.70588235294117,2,System Boundary,original,no rag,AI,1
0,,"[1, 1, 1, 0, 0, 1, 1, 1, 1, 1, 0, 1, 0, 1, 0, 1, 0, 1, 1]","[1, 0, 0, 1, 0, 0, 1, 1, 1, 1, 0, 1, 1, 1, 0, 1, 0, 1, 1]","['True_animalFeed', 'True_water', 'True_liveAnimalInput', 'True_electricityFuel', 'True_transport', 'True_pesticideVeterinaryDrug', 'True_seed', 'True_otherChemical', 'True_animalPopulation', 'True_freshForage', 'True_excreta', 'True_product', 'True_waste', 'True_soilAmendment', 'True_operation', 'True_fertiliser', 'True_material', 'True_ingredient', 'True_cropResidue']",ML model predicted No True_liveAnimalInput but the humans predicted True_liveAnimalInput.,Total number of matching positives in this prediction string 10.,90.1470588235294,2,System Boundary,original,no rag,Human,1
0,,"[1, 1, 1, 0, 0, 1, 1, 1, 1, 1, 0, 1, 0, 1, 0, 1, 0, 1, 1]","[1, 0, 0, 1, 0, 0, 1, 1, 1, 1, 0, 1, 1, 1, 0, 1, 0, 1, 1]","['True_animalFeed', 'True_water', 'True_liveAnimalInput', 'True_electricityFuel', 'True_transport', 'True_pesticideVeterinaryDrug', 'True_seed', 'True_otherChemical', 'True_animalPopulation', 'True_freshForage', 'True_excreta', 'True_product', 'True_waste', 'True_soilAmendment', 'True_operation', 'True_fertiliser', 'True_material', 'True_ingredient', 'True_cropResidue']",ML model predicted No True_water but the humans predicted True_water.,Total number of matching positives in this prediction string 10.,23.08823529411765,2,System Boundary,original,no rag,Human,1
0,,"[1, 1, 1, 0, 0, 1, 1, 1, 1, 1, 0, 1, 0, 1, 0, 1, 0, 1, 1]","[0, 1, 1, 1, 0, 0, 1, 1, 1, 1, 0, 1, 0, 1, 0, 1, 0, 1, 1]","['True_animalFeed', 'True_water', 'True_liveAnimalInput', 'True_electricityFuel', 'True_transport', 'True_pesticideVeterinaryDrug', 'True_seed', 'True_otherChemical', 'True_animalPopulation', 'True_freshForage', 'True_excreta', 'True_product', 'True_waste', 'True_soilAmendment', 'True_operation', 'True_fertiliser', 'True_material', 'True_ingredient', 'True_cropResidue']",ML model predicted No True_pesticideVeterinaryDrug but the humans predicted True_pesticideVeterinaryDrug.,Total number of matching positives in this prediction string 11.,48.23529411764706,2,System Boundary,original,no rag,Human,1
0,,"[1, 1, 1, 0, 0, 1, 1, 1, 1, 1, 0, 1, 0, 1, 0, 1, 0, 1, 1]","[1, 0, 0, 1, 0, 0, 1, 1, 1, 1, 0, 1, 1, 1, 0, 1, 0, 1, 1]","['True_animalFeed', 'True_water', 'True_liveAnimalInput', 'True_electricityFuel', 'True_transport', 'True_pesticideVeterinaryDrug', 'True_seed', 'True_otherChemical', 'True_animalPopulation', 'True_freshForage', 'True_excreta', 'True_product', 'True_waste', 'True_soilAmendment', 'True_operation', 'True_fertiliser', 'True_material', 'True_ingredient', 'True_cropResidue']",ML model predicted True_waste but the humans predicted No True_waste.,Total number of matching positives in this prediction string 10.,10.0,2,System Boundary,original,no rag,AI,1
0,,"[1, 0, 1, 0, 0, 0, 1, 1, 1, 1, 0, 1, 0, 1, 0, 1, 0, 1, 1]","[0, 0, 1, 0, 0, 0, 1, 1, 1, 0, 0, 1, 0, 1, 0, 1, 0, 1, 1]","['True_animalFeed', 'True_water', 'True_liveAnimalInput', 'True_electricityFuel', 'True_transport', 'True_pesticideVeterinaryDrug', 'True_seed', 'True_otherChemical', 'True_animalPopulation', 'True_freshForage', 'True_excreta', 'True_product', 'True_waste', 'True_soilAmendment', 'True_operation', 'True_fertiliser', 'True_material', 'True_ingredient', 'True_cropResidue']",ML model predicted No True_animalFeed but the humans predicted True_animalFeed.,Total number of matching positives in this prediction string 9.,93.14024390243902,3,System Boundary,standardized,rag,Human,2
0,,"[1, 0, 1, 0, 0, 0, 1, 1, 1, 1, 0, 1, 0, 1, 0, 1, 0, 1, 1]","[0, 0, 1, 0, 0, 0, 1, 1, 1, 0, 0, 1, 0, 1, 0, 1, 0, 1, 1]","['True_animalFeed', 'True_water', 'True_liveAnimalInput', 'True_electricityFuel', 'True_transport', 'True_pesticideVeterinaryDrug', 'True_seed', 'True_otherChemical', 'True_animalPopulation', 'True_freshForage', 'True_excreta', 'True_product', 'True_waste', 'True_soilAmendment', 'True_operation', 'True_fertiliser', 'True_material', 'True_ingredient', 'True_cropResidue']",ML model predicted No True_freshForage but the humans predicted True_freshForage.,Total number of matching positives in this prediction string 9.,87.5,3,System Boundary,standardized,rag,Human,2
0,,"[1, 0, 1, 0, 0, 0, 1, 1, 1, 1, 0, 1, 0, 1, 0, 1, 0, 1, 1]","[0, 0, 1, 0, 0, 0, 1, 1, 1, 1, 0, 1, 0, 1, 0, 1, 0, 1, 1]","['True_animalFeed', 'True_water', 'True_liveAnimalInput', 'True_electricityFuel', 'True_transport', 'True_pesticideVeterinaryDrug', 'True_seed', 'True_otherChemical', 'True_animalPopulation', 'True_freshForage', 'True_excreta', 'True_product', 'True_waste', 'True_soilAmendment', 'True_operation', 'True_fertiliser', 'True_material', 'True_ingredient', 'True_cropResidue']",ML model predicted No True_animalFeed but the humans predicted True_animalFeed.,Total number of matching positives in this prediction string 10.,93.14024390243902,3,System Boundary,standardized,no rag,Human,1
0,,"[1, 0, 1, 0, 0, 0, 1, 1, 1, 1, 0, 1, 0, 1, 0, 1, 0, 1, 1]","[0, 0, 1, 0, 0, 0, 1, 1, 1, 1, 0, 1, 0, 1, 0, 1, 0, 1, 1]","['True_animalFeed', 'True_water', 'True_liveAnimalInput', 'True_electricityFuel', 'True_transport', 'True_pesticideVeterinaryDrug', 'True_seed', 'True_otherChemical', 'True_animalPopulation', 'True_freshForage', 'True_excreta', 'True_product', 'True_waste', 'True_soilAmendment', 'True_operation', 'True_fertiliser', 'True_material', 'True_ingredient', 'True_cropResidue']",ML model predicted No True_animalFeed but the humans predicted True_animalFeed.,Total number of matching positives in this prediction string 10.,93.14024390243902,3,System Boundary,standardized,rag,Human,1
0,,"[1, 0, 1, 0, 0, 0, 1, 1, 1, 1, 0, 1, 0, 1, 0, 1, 0, 1, 1]","[1, 0, 1, 0, 0, 0, 0, 1, 1, 1, 0, 1, 0, 1, 0, 1, 0, 1, 1]","['True_animalFeed', 'True_water', 'True_liveAnimalInput', 'True_electricityFuel', 'True_transport', 'True_pesticideVeterinaryDrug', 'True_seed', 'True_otherChemical', 'True_animalPopulation', 'True_freshForage', 'True_excreta', 'True_product', 'True_waste', 'True_soilAmendment', 'True_operation', 'True_fertiliser', 'True_material', 'True_ingredient', 'True_cropResidue']",ML model predicted No True_seed but the humans predicted True_seed.,Total number of matching positives in this prediction string 10.,89.48170731707317,3,System Boundary,standardized,no rag,Human,1
0,,"[1, 0, 1, 0, 0, 0, 1, 1, 1, 1, 0, 1, 0, 1, 0, 1, 0, 1, 1]","[1, 0, 1, 0, 0, 0, 1, 1, 1, 0, 0, 1, 0, 1, 0, 1, 0, 1, 1]","['True_animalFeed', 'True_water', 'True_liveAnimalInput', 'True_electricityFuel', 'True_transport', 'True_pesticideVeterinaryDrug', 'True_seed', 'True_otherChemical', 'True_animalPopulation', 'True_freshForage', 'True_excreta', 'True_product', 'True_waste', 'True_soilAmendment', 'True_operation', 'True_fertiliser', 'True_material', 'True_ingredient', 'True_cropResidue']",ML model predicted No True_freshForage but the humans predicted True_freshForage.,Total number of matching positives in this prediction string 10.,87.5,3,System Boundary,standardized,no rag,Human,1
0,,"[0, 0, 0, 0, 1, 0, 0, 0, 0, 0, 0, 0, 0, 0, 0, 0, 0, 0, 0, 0, 0, 0, 0, 0, 0, 0, 0, 0, 0, 0, 0, 0, 0, 1, 0, 0, 0, 0, 0, 0, 0, 0, 0, 0, 0, 0, 0, 0, 0, 0, 0, 0, 0, 0, 0, 0, 0, 0, 0]","[0, 0, 0, 0, 1, 0, 0, 0, 0, 0, 0, 0, 0, 0, 0, 0, 0, 0, 0, 0, 0, 0, 0, 0, 0, 0, 0, 0, 0, 0, 0, 0, 0, 0, 0, 0, 0, 0, 0, 0, 0, 0, 0, 0, 0, 0, 0, 0, 0, 0, 0, 0, 0, 0, 0, 0, 0, 0, 0]","['Meat, beef cattle (cold carcass weight)', 'Meat, pig (cold dressed carcass weight)', 'Meat, chicken, breast', 'Milk, cow, raw (FPCM)', 'Broiler chicken', 'Beef cattle', 'Hides', 'Sheep, ewe', 'Beef cattle, heifer', 'Beef cattle, calf (female, weaned)', 'Dairy cattle, calf (weaned)', 'Cattle', 'Wool, sheep (greasy)', 'Meat, dairy cattle (liveweight)', 'Beef cattle, steer', 'Meat, sheep (liveweight)', 'Beef cattle, heifer and steer', 'Dairy cattle, cow', 'Cattle, urine (kg mass)', 'Dairy cattle', 'Layer chicken, hen', 'Sheep, lamb (male, unweaned)', 'Meat, chicken, wings', 'Wool', 'Eggs, hen, in shell (number)', 'Pig', 'Broiler chicken, hen', 'Dairy cattle, calf (male, unweaned)', 'Meat, dairy cattle (cold carcass weight)', 'Dairy cattle, calf', 'Beef cattle, calf (male, weaned)', 'Meat, beef cattle (cold dressed carcass weight)', 'Eggs, hen, in shell', 'Broiler chicken, chick', 'Meat, chicken (liveweight)', 'Pig, piglet', 'Layer chicken, pullet', 'Sheep, lamb (female, unweaned)', 'Milk', 'Beef cattle, bull', 'Eggs', 'Sheep, lamb', 'Dairy cattle, calf (female, weaned)', 'Sheep, ram', 'Sheep, lamb (weaned)', 'Meat, chicken (cold carcass weight)', 'Beef cattle, calf (weaned)', 'Meat, chicken, leg', 'Sheep', 'Layer chicken', 'Beef cattle, cow', 'Poultry by-product meal', 'Meat', 'Milk, cow, raw', 'Hides, dairy cattle, fresh', 'Pig, sow', 'Meat, beef cattle (liveweight)', 'Dairy cattle, heifer', 'Meat, sheep (cold carcass weight)']","ML model predicted No Broiler chicken, chick but the humans predicted Broiler chicken, chick.",Total number of matching positives in this prediction string 1.,0.6097560975609756,4,Product,standardized,rag,Human,1
0,,"[1, 0, 1, 1, 0, 1, 1, 1, 1, 1, 1, 1, 0, 1, 0, 1, 0, 1, 1]","[1, 0, 1, 0, 0, 0, 0, 1, 1, 1, 0, 1, 0, 1, 0, 1, 0, 1, 1]","['True_animalFeed', 'True_water', 'True_liveAnimalInput', 'True_electricityFuel', 'True_transport', 'True_pesticideVeterinaryDrug', 'True_seed', 'True_otherChemical', 'True_animalPopulation', 'True_freshForage', 'True_excreta', 'True_product', 'True_waste', 'True_soilAmendment', 'True_operation', 'True_fertiliser', 'True_material', 'True_ingredient', 'True_cropResidue']",ML model predicted No True_pesticideVeterinaryDrug but the humans predicted True_pesticideVeterinaryDrug.,Total number of matching positives in this prediction string 10.,51.21951219512195,5,System Boundary,standardized,no rag,Human,1
0,,"[1, 0, 1, 1, 0, 1, 1, 1, 1, 1, 1, 1, 0, 1, 0, 1, 0, 1, 1]","[1, 0, 1, 1, 0, 0, 0, 1, 1, 1, 0, 1, 0, 1, 0, 0, 0, 1, 1]","['True_animalFeed', 'True_water', 'True_liveAnimalInput', 'True_electricityFuel', 'True_transport', 'True_pesticideVeterinaryDrug', 'True_seed', 'True_otherChemical', 'True_animalPopulation', 'True_freshForage', 'True_excreta', 'True_product', 'True_waste', 'True_soilAmendment', 'True_operation', 'True_fertiliser', 'True_material', 'True_ingredient', 'True_cropResidue']",ML model predicted No True_excreta but the humans predicted True_excreta.,Total number of matching positives in this prediction string 10.,22.25609756097561,5,System Boundary,standardized,no rag,Human,1
0,,"[1, 0, 1, 1, 0, 1, 1, 1, 1, 1, 1, 1, 0, 1, 0, 1, 0, 1, 1]","[1, 0, 1, 1, 0, 0, 1, 1, 1, 1, 0, 1, 0, 1, 0, 1, 0, 1, 1]","['True_animalFeed', 'True_water', 'True_liveAnimalInput', 'True_electricityFuel', 'True_transport', 'True_pesticideVeterinaryDrug', 'True_seed', 'True_otherChemical', 'True_animalPopulation', 'True_freshForage', 'True_excreta', 'True_product', 'True_waste', 'True_soilAmendment', 'True_operation', 'True_fertiliser', 'True_material', 'True_ingredient', 'True_cropResidue']",ML model predicted No True_excreta but the humans predicted True_excreta.,Total number of matching positives in this prediction string 12.,22.25609756097561,5,System Boundary,standardized,rag,Human,2
0,,"[1, 0, 1, 1, 0, 1, 1, 1, 1, 1, 1, 1, 0, 1, 0, 1, 0, 1, 1]","[1, 0, 1, 1, 0, 0, 1, 1, 1, 1, 0, 1, 0, 1, 0, 1, 0, 1, 1]","['True_animalFeed', 'True_water', 'True_liveAnimalInput', 'True_electricityFuel', 'True_transport', 'True_pesticideVeterinaryDrug', 'True_seed', 'True_otherChemical', 'True_animalPopulation', 'True_freshForage', 'True_excreta', 'True_product', 'True_waste', 'True_soilAmendment', 'True_operation', 'True_fertiliser', 'True_material', 'True_ingredient', 'True_cropResidue']",ML model predicted No True_pesticideVeterinaryDrug but the humans predicted True_pesticideVeterinaryDrug.,Total number of matching positives in this prediction string 12.,51.21951219512195,5,System Boundary,standardized,rag,Human,2
0,,"[1, 0, 1, 1, 0, 1, 1, 1, 1, 1, 1, 1, 0, 1, 0, 1, 0, 1, 1]","[1, 0, 1, 1, 0, 0, 0, 1, 1, 1, 0, 1, 0, 1, 0, 1, 0, 1, 1]","['True_animalFeed', 'True_water', 'True_liveAnimalInput', 'True_electricityFuel', 'True_transport', 'True_pesticideVeterinaryDrug', 'True_seed', 'True_otherChemical', 'True_animalPopulation', 'True_freshForage', 'True_excreta', 'True_product', 'True_waste', 'True_soilAmendment', 'True_operation', 'True_fertiliser', 'True_material', 'True_ingredient', 'True_cropResidue']",ML model predicted No True_excreta but the humans predicted True_excreta.,Total number of matching positives in this prediction string 11.,22.25609756097561,5,System Boundary,standardized,rag,Human,1
0,,"[1, 0, 1, 1, 0, 1, 1, 1, 1, 1, 1, 1, 0, 1, 0, 1, 0, 1, 1]","[1, 0, 1, 1, 0, 0, 0, 1, 1, 1, 0, 1, 0, 1, 0, 1, 0, 1, 1]","['True_animalFeed', 'True_water', 'True_liveAnimalInput', 'True_electricityFuel', 'True_transport', 'True_pesticideVeterinaryDrug', 'True_seed', 'True_otherChemical', 'True_animalPopulation', 'True_freshForage', 'True_excreta', 'True_product', 'True_waste', 'True_soilAmendment', 'True_operation', 'True_fertiliser', 'True_material', 'True_ingredient', 'True_cropResidue']",ML model predicted No True_seed but the humans predicted True_seed.,Total number of matching positives in this prediction string 11.,89.48170731707317,5,System Boundary,standardized,rag,Human,1
0,,"[1, 0, 1, 1, 0, 1, 1, 1, 1, 1, 1, 1, 0, 1, 0, 1, 0, 1, 1]","[1, 0, 1, 1, 0, 0, 0, 1, 1, 1, 0, 1, 0, 1, 0, 1, 0, 1, 1]","['True_animalFeed', 'True_water', 'True_liveAnimalInput', 'True_electricityFuel', 'True_transport', 'True_pesticideVeterinaryDrug', 'True_seed', 'True_otherChemical', 'True_animalPopulation', 'True_freshForage', 'True_excreta', 'True_product', 'True_waste', 'True_soilAmendment', 'True_operation', 'True_fertiliser', 'True_material', 'True_ingredient', 'True_cropResidue']",ML model predicted No True_pesticideVeterinaryDrug but the humans predicted True_pesticideVeterinaryDrug.,Total number of matching positives in this prediction string 11.,51.21951219512195,5,System Boundary,standardized,rag,Human,1
0,,"[1, 0, 1, 1, 0, 1, 1, 1, 1, 1, 1, 1, 0, 1, 0, 1, 0, 1, 1]","[1, 1, 0, 1, 0, 1, 1, 1, 1, 1, 0, 1, 0, 1, 0, 1, 0, 1, 1]","['True_animalFeed', 'True_water', 'True_liveAnimalInput', 'True_electricityFuel', 'True_transport', 'True_pesticideVeterinaryDrug', 'True_seed', 'True_otherChemical', 'True_animalPopulation', 'True_freshForage', 'True_excreta', 'True_product', 'True_waste', 'True_soilAmendment', 'True_operation', 'True_fertiliser', 'True_material', 'True_ingredient', 'True_cropResidue']",ML model predicted True_water but the humans predicted No True_water.,Total number of matching positives in this prediction string 12.,21.49390243902439,5,System Boundary,standardized,no rag,AI,1
0,,"[1, 0, 1, 1, 0, 1, 1, 1, 1, 1, 1, 1, 0, 1, 0, 1, 0, 1, 1]","[1, 1, 0, 1, 0, 1, 1, 1, 1, 1, 0, 1, 0, 1, 0, 1, 0, 1, 1]","['True_animalFeed', 'True_water', 'True_liveAnimalInput', 'True_electricityFuel', 'True_transport', 'True_pesticideVeterinaryDrug', 'True_seed', 'True_otherChemical', 'True_animalPopulation', 'True_freshForage', 'True_excreta', 'True_product', 'True_waste', 'True_soilAmendment', 'True_operation', 'True_fertiliser', 'True_material', 'True_ingredient', 'True_cropResidue']",ML model predicted No True_liveAnimalInput but the humans predicted True_liveAnimalInput.,Total number of matching positives in this prediction string 12.,88.71951219512195,5,System Boundary,standardized,no rag,Human,1
0,,"[1, 0, 1, 1, 0, 1, 1, 1, 1, 1, 1, 1, 0, 1, 0, 1, 0, 1, 1]","[1, 1, 0, 1, 0, 1, 1, 1, 1, 1, 0, 1, 0, 1, 0, 1, 0, 1, 1]","['True_animalFeed', 'True_water', 'True_liveAnimalInput', 'True_electricityFuel', 'True_transport', 'True_pesticideVeterinaryDrug', 'True_seed', 'True_otherChemical', 'True_animalPopulation', 'True_freshForage', 'True_excreta', 'True_product', 'True_waste', 'True_soilAmendment', 'True_operation', 'True_fertiliser', 'True_material', 'True_ingredient', 'True_cropResidue']",ML model predicted No True_excreta but the humans predicted True_excreta.,Total number of matching positives in this prediction string 12.,22.25609756097561,5,System Boundary,standardized,no rag,Human,1
0,,"[1, 0, 1, 1, 0, 1, 1, 1, 1, 1, 1, 1, 0, 1, 0, 1, 0, 1, 1]","[1, 1, 1, 0, 0, 0, 1, 1, 1, 1, 0, 1, 0, 1, 0, 1, 0, 1, 1]","['True_animalFeed', 'True_water', 'True_liveAnimalInput', 'True_electricityFuel', 'True_transport', 'True_pesticideVeterinaryDrug', 'True_seed', 'True_otherChemical', 'True_animalPopulation', 'True_freshForage', 'True_excreta', 'True_product', 'True_waste', 'True_soilAmendment', 'True_operation', 'True_fertiliser', 'True_material', 'True_ingredient', 'True_cropResidue']",ML model predicted True_water but the humans predicted No True_water.,Total number of matching positives in this prediction string 11.,21.49390243902439,5,System Boundary,standardized,rag,AI,1
0,,"[1, 0, 1, 1, 0, 1, 1, 1, 1, 1, 1, 1, 0, 1, 0, 1, 0, 1, 1]","[1, 1, 1, 0, 0, 0, 1, 1, 1, 1, 0, 1, 0, 1, 0, 1, 0, 1, 1]","['True_animalFeed', 'True_water', 'True_liveAnimalInput', 'True_electricityFuel', 'True_transport', 'True_pesticideVeterinaryDrug', 'True_seed', 'True_otherChemical', 'True_animalPopulation', 'True_freshForage', 'True_excreta', 'True_product', 'True_waste', 'True_soilAmendment', 'True_operation', 'True_fertiliser', 'True_material', 'True_ingredient', 'True_cropResidue']",ML model predicted No True_electricityFuel but the humans predicted True_electricityFuel.,Total number of matching positives in this prediction string 11.,68.90243902439025,5,System Boundary,standardized,rag,Human,1
0,,"[1, 0, 1, 1, 0, 1, 1, 1, 1, 1, 1, 1, 0, 1, 0, 1, 0, 1, 1]","[1, 1, 1, 0, 0, 0, 1, 1, 1, 1, 0, 1, 0, 1, 0, 1, 0, 1, 1]","['True_animalFeed', 'True_water', 'True_liveAnimalInput', 'True_electricityFuel', 'True_transport', 'True_pesticideVeterinaryDrug', 'True_seed', 'True_otherChemical', 'True_animalPopulation', 'True_freshForage', 'True_excreta', 'True_product', 'True_waste', 'True_soilAmendment', 'True_operation', 'True_fertiliser', 'True_material', 'True_ingredient', 'True_cropResidue']",ML model predicted No True_pesticideVeterinaryDrug but the humans predicted True_pesticideVeterinaryDrug.,Total number of matching positives in this prediction string 11.,51.21951219512195,5,System Boundary,standardized,rag,Human,1
0,,"[1, 0, 1, 1, 0, 1, 1, 1, 1, 1, 1, 1, 0, 1, 0, 1, 0, 1, 1]","[1, 0, 1, 1, 0, 0, 0, 1, 1, 1, 0, 1, 0, 1, 0, 0, 0, 1, 1]","['True_animalFeed', 'True_water', 'True_liveAnimalInput', 'True_electricityFuel', 'True_transport', 'True_pesticideVeterinaryDrug', 'True_seed', 'True_otherChemical', 'True_animalPopulation', 'True_freshForage', 'True_excreta', 'True_product', 'True_waste', 'True_soilAmendment', 'True_operation', 'True_fertiliser', 'True_material', 'True_ingredient', 'True_cropResidue']",ML model predicted No True_fertiliser but the humans predicted True_fertiliser.,Total number of matching positives in this prediction string 10.,93.75,5,System Boundary,standardized,no rag,Human,1
0,,"[1, 0, 1, 1, 0, 1, 1, 1, 1, 1, 1, 1, 0, 1, 0, 1, 0, 1, 1]","[1, 0, 1, 1, 0, 1, 1, 1, 1, 1, 0, 1, 0, 1, 0, 1, 0, 1, 1]","['True_animalFeed', 'True_water', 'True_liveAnimalInput', 'True_electricityFuel', 'True_transport', 'True_pesticideVeterinaryDrug', 'True_seed', 'True_otherChemical', 'True_animalPopulation', 'True_freshForage', 'True_excreta', 'True_product', 'True_waste', 'True_soilAmendment', 'True_operation', 'True_fertiliser', 'True_material', 'True_ingredient', 'True_cropResidue']",ML model predicted No True_excreta but the humans predicted True_excreta.,Total number of matching positives in this prediction string 13.,22.25609756097561,5,System Boundary,standardized,rag,Human,1
0,,"[1, 0, 1, 1, 0, 1, 1, 1, 1, 1, 1, 1, 0, 1, 0, 1, 0, 1, 1]","[1, 0, 1, 1, 0, 0, 0, 1, 1, 1, 0, 1, 0, 1, 0, 0, 0, 1, 1]","['True_animalFeed', 'True_water', 'True_liveAnimalInput', 'True_electricityFuel', 'True_transport', 'True_pesticideVeterinaryDrug', 'True_seed', 'True_otherChemical', 'True_animalPopulation', 'True_freshForage', 'True_excreta', 'True_product', 'True_waste', 'True_soilAmendment', 'True_operation', 'True_fertiliser', 'True_material', 'True_ingredient', 'True_cropResidue']",ML model predicted No True_seed but the humans predicted True_seed.,Total number of matching positives in this prediction string 10.,89.48170731707317,5,System Boundary,standardized,no rag,Human,1
0,,"[1, 0, 1, 1, 0, 1, 1, 1, 1, 1, 1, 1, 0, 1, 0, 1, 0, 1, 1]","[1, 0, 1, 1, 0, 1, 1, 1, 1, 1, 0, 1, 0, 1, 0, 1, 0, 1, 1]","['True_animalFeed', 'True_water', 'True_liveAnimalInput', 'True_electricityFuel', 'True_transport', 'True_pesticideVeterinaryDrug', 'True_seed', 'True_otherChemical', 'True_animalPopulation', 'True_freshForage', 'True_excreta', 'True_product', 'True_waste', 'True_soilAmendment', 'True_operation', 'True_fertiliser', 'True_material', 'True_ingredient', 'True_cropResidue']",ML model predicted No True_excreta but the humans predicted True_excreta.,Total number of matching positives in this prediction string 13.,22.25609756097561,5,System Boundary,standardized,no rag,Human,1
0,,"[1, 0, 1, 1, 0, 1, 1, 1, 1, 1, 1, 1, 0, 1, 0, 1, 0, 1, 1]","[1, 0, 1, 0, 0, 1, 1, 1, 1, 1, 0, 1, 0, 1, 0, 1, 0, 1, 1]","['True_animalFeed', 'True_water', 'True_liveAnimalInput', 'True_electricityFuel', 'True_transport', 'True_pesticideVeterinaryDrug', 'True_seed', 'True_otherChemical', 'True_animalPopulation', 'True_freshForage', 'True_excreta', 'True_product', 'True_waste', 'True_soilAmendment', 'True_operation', 'True_fertiliser', 'True_material', 'True_ingredient', 'True_cropResidue']",ML model predicted No True_excreta but the humans predicted True_excreta.,Total number of matching positives in this prediction string 12.,22.25609756097561,5,System Boundary,standardized,rag,Human,1
0,,"[1, 0, 1, 1, 0, 1, 1, 1, 1, 1, 1, 1, 0, 1, 0, 1, 0, 1, 1]","[1, 0, 1, 0, 0, 0, 0, 1, 1, 1, 0, 1, 0, 1, 0, 1, 0, 1, 1]","['True_animalFeed', 'True_water', 'True_liveAnimalInput', 'True_electricityFuel', 'True_transport', 'True_pesticideVeterinaryDrug', 'True_seed', 'True_otherChemical', 'True_animalPopulation', 'True_freshForage', 'True_excreta', 'True_product', 'True_waste', 'True_soilAmendment', 'True_operation', 'True_fertiliser', 'True_material', 'True_ingredient', 'True_cropResidue']",ML model predicted No True_electricityFuel but the humans predicted True_electricityFuel.,Total number of matching positives in this prediction string 10.,68.90243902439025,5,System Boundary,standardized,no rag,Human,1
0,,"[1, 0, 1, 1, 0, 1, 1, 1, 1, 1, 1, 1, 0, 1, 0, 1, 0, 1, 1]","[1, 0, 1, 0, 0, 0, 0, 1, 1, 1, 0, 1, 0, 1, 0, 1, 0, 1, 1]","['True_animalFeed', 'True_water', 'True_liveAnimalInput', 'True_electricityFuel', 'True_transport', 'True_pesticideVeterinaryDrug', 'True_seed', 'True_otherChemical', 'True_animalPopulation', 'True_freshForage', 'True_excreta', 'True_product', 'True_waste', 'True_soilAmendment', 'True_operation', 'True_fertiliser', 'True_material', 'True_ingredient', 'True_cropResidue']",ML model predicted No True_seed but the humans predicted True_seed.,Total number of matching positives in this prediction string 10.,89.48170731707317,5,System Boundary,standardized,no rag,Human,1
0,,"[1, 0, 1, 1, 0, 1, 1, 1, 1, 1, 1, 1, 0, 1, 0, 1, 0, 1, 1]","[1, 0, 1, 0, 0, 0, 0, 1, 1, 1, 0, 1, 0, 1, 0, 1, 0, 1, 1]","['True_animalFeed', 'True_water', 'True_liveAnimalInput', 'True_electricityFuel', 'True_transport', 'True_pesticideVeterinaryDrug', 'True_seed', 'True_otherChemical', 'True_animalPopulation', 'True_freshForage', 'True_excreta', 'True_product', 'True_waste', 'True_soilAmendment', 'True_operation', 'True_fertiliser', 'True_material', 'True_ingredient', 'True_cropResidue']",ML model predicted No True_excreta but the humans predicted True_excreta.,Total number of matching positives in this prediction string 10.,22.25609756097561,5,System Boundary,standardized,no rag,Human,1
0,,"[1, 0, 1, 1, 0, 1, 1, 1, 1, 1, 1, 1, 0, 1, 0, 1, 0, 1, 1]","[1, 0, 1, 0, 0, 1, 1, 1, 1, 1, 0, 1, 0, 1, 0, 1, 0, 1, 1]","['True_animalFeed', 'True_water', 'True_liveAnimalInput', 'True_electricityFuel', 'True_transport', 'True_pesticideVeterinaryDrug', 'True_seed', 'True_otherChemical', 'True_animalPopulation', 'True_freshForage', 'True_excreta', 'True_product', 'True_waste', 'True_soilAmendment', 'True_operation', 'True_fertiliser', 'True_material', 'True_ingredient', 'True_cropResidue']",ML model predicted No True_electricityFuel but the humans predicted True_electricityFuel.,Total number of matching positives in this prediction string 12.,68.90243902439025,5,System Boundary,standardized,no rag,Human,1
0,,"[1, 0, 1, 1, 0, 1, 1, 1, 1, 1, 1, 1, 0, 1, 0, 1, 0, 1, 1]","[1, 0, 1, 1, 0, 0, 0, 1, 1, 1, 0, 1, 0, 1, 0, 0, 0, 1, 1]","['True_animalFeed', 'True_water', 'True_liveAnimalInput', 'True_electricityFuel', 'True_transport', 'True_pesticideVeterinaryDrug', 'True_seed', 'True_otherChemical', 'True_animalPopulation', 'True_freshForage', 'True_excreta', 'True_product', 'True_waste', 'True_soilAmendment', 'True_operation', 'True_fertiliser', 'True_material', 'True_ingredient', 'True_cropResidue']",ML model predicted No True_pesticideVeterinaryDrug but the humans predicted True_pesticideVeterinaryDrug.,Total number of matching positives in this prediction string 10.,51.21951219512195,5,System Boundary,standardized,no rag,Human,1
0,,"[1, 0, 1, 1, 0, 1, 1, 1, 1, 1, 1, 1, 0, 1, 0, 1, 0, 1, 1]","[1, 0, 1, 0, 0, 1, 1, 1, 1, 1, 0, 1, 0, 1, 0, 1, 0, 1, 1]","['True_animalFeed', 'True_water', 'True_liveAnimalInput', 'True_electricityFuel', 'True_transport', 'True_pesticideVeterinaryDrug', 'True_seed', 'True_otherChemical', 'True_animalPopulation', 'True_freshForage', 'True_excreta', 'True_product', 'True_waste', 'True_soilAmendment', 'True_operation', 'True_fertiliser', 'True_material', 'True_ingredient', 'True_cropResidue']",ML model predicted No True_electricityFuel but the humans predicted True_electricityFuel.,Total number of matching positives in this prediction string 12.,68.90243902439025,5,System Boundary,standardized,rag,Human,1
0,,"[1, 0, 1, 1, 0, 1, 1, 1, 1, 1, 1, 1, 0, 1, 0, 1, 0, 1, 1]","[1, 0, 1, 0, 0, 1, 1, 1, 1, 1, 0, 1, 0, 1, 0, 1, 0, 1, 1]","['True_animalFeed', 'True_water', 'True_liveAnimalInput', 'True_electricityFuel', 'True_transport', 'True_pesticideVeterinaryDrug', 'True_seed', 'True_otherChemical', 'True_animalPopulation', 'True_freshForage', 'True_excreta', 'True_product', 'True_waste', 'True_soilAmendment', 'True_operation', 'True_fertiliser', 'True_material', 'True_ingredient', 'True_cropResidue']",ML model predicted No True_excreta but the humans predicted True_excreta.,Total number of matching positives in this prediction string 12.,22.25609756097561,5,System Boundary,standardized,no rag,Human,1
0,,"[1, 0, 1, 1, 0, 1, 1, 1, 1, 1, 1, 1, 0, 1, 0, 1, 0, 1, 1]","[1, 1, 1, 1, 0, 0, 1, 1, 1, 1, 1, 1, 0, 1, 0, 1, 0, 1, 1]","['True_animalFeed', 'True_water', 'True_liveAnimalInput', 'True_electricityFuel', 'True_transport', 'True_pesticideVeterinaryDrug', 'True_seed', 'True_otherChemical', 'True_animalPopulation', 'True_freshForage', 'True_excreta', 'True_product', 'True_waste', 'True_soilAmendment', 'True_operation', 'True_fertiliser', 'True_material', 'True_ingredient', 'True_cropResidue']",ML model predicted True_water but the humans predicted No True_water.,Total number of matching positives in this prediction string 13.,21.49390243902439,5,System Boundary,standardized,rag,AI,1
0,,"[1, 0, 1, 1, 0, 1, 1, 1, 1, 1, 1, 1, 0, 1, 0, 1, 0, 1, 1]","[1, 1, 1, 1, 0, 0, 1, 1, 1, 1, 0, 1, 0, 1, 0, 1, 0, 1, 1]","['True_animalFeed', 'True_water', 'True_liveAnimalInput', 'True_electricityFuel', 'True_transport', 'True_pesticideVeterinaryDrug', 'True_seed', 'True_otherChemical', 'True_animalPopulation', 'True_freshForage', 'True_excreta', 'True_product', 'True_waste', 'True_soilAmendment', 'True_operation', 'True_fertiliser', 'True_material', 'True_ingredient', 'True_cropResidue']",ML model predicted No True_excreta but the humans predicted True_excreta.,Total number of matching positives in this prediction string 12.,22.25609756097561,5,System Boundary,standardized,no rag,Human,2
0,,"[1, 0, 1, 1, 0, 1, 1, 1, 1, 1, 1, 1, 0, 1, 0, 1, 0, 1, 1]","[1, 1, 1, 1, 0, 0, 1, 1, 1, 1, 0, 1, 0, 1, 0, 1, 0, 1, 1]","['True_animalFeed', 'True_water', 'True_liveAnimalInput', 'True_electricityFuel', 'True_transport', 'True_pesticideVeterinaryDrug', 'True_seed', 'True_otherChemical', 'True_animalPopulation', 'True_freshForage', 'True_excreta', 'True_product', 'True_waste', 'True_soilAmendment', 'True_operation', 'True_fertiliser', 'True_material', 'True_ingredient', 'True_cropResidue']",ML model predicted No True_pesticideVeterinaryDrug but the humans predicted True_pesticideVeterinaryDrug.,Total number of matching positives in this prediction string 12.,51.21951219512195,5,System Boundary,standardized,no rag,Human,2
0,,"[1, 0, 1, 1, 0, 1, 1, 1, 1, 1, 1, 1, 0, 1, 0, 1, 0, 1, 1]","[1, 1, 1, 1, 0, 0, 1, 1, 1, 1, 0, 1, 0, 1, 0, 1, 0, 1, 1]","['True_animalFeed', 'True_water', 'True_liveAnimalInput', 'True_electricityFuel', 'True_transport', 'True_pesticideVeterinaryDrug', 'True_seed', 'True_otherChemical', 'True_animalPopulation', 'True_freshForage', 'True_excreta', 'True_product', 'True_waste', 'True_soilAmendment', 'True_operation', 'True_fertiliser', 'True_material', 'True_ingredient', 'True_cropResidue']",ML model predicted True_water but the humans predicted No True_water.,Total number of matching positives in this prediction string 12.,21.49390243902439,5,System Boundary,standardized,no rag,AI,2
0,,"[1, 0, 1, 1, 0, 1, 1, 1, 1, 1, 1, 1, 0, 1, 0, 1, 0, 1, 1]","[1, 1, 1, 0, 0, 0, 1, 1, 1, 1, 0, 1, 0, 1, 0, 1, 0, 1, 1]","['True_animalFeed', 'True_water', 'True_liveAnimalInput', 'True_electricityFuel', 'True_transport', 'True_pesticideVeterinaryDrug', 'True_seed', 'True_otherChemical', 'True_animalPopulation', 'True_freshForage', 'True_excreta', 'True_product', 'True_waste', 'True_soilAmendment', 'True_operation', 'True_fertiliser', 'True_material', 'True_ingredient', 'True_cropResidue']",ML model predicted No True_excreta but the humans predicted True_excreta.,Total number of matching positives in this prediction string 11.,22.25609756097561,5,System Boundary,standardized,rag,Human,1
0,,"[1, 0, 1, 1, 0, 1, 1, 1, 1, 1, 1, 1, 0, 1, 0, 1, 0, 1, 1]","[1, 1, 1, 1, 0, 0, 1, 1, 1, 1, 1, 1, 0, 1, 0, 1, 0, 1, 1]","['True_animalFeed', 'True_water', 'True_liveAnimalInput', 'True_electricityFuel', 'True_transport', 'True_pesticideVeterinaryDrug', 'True_seed', 'True_otherChemical', 'True_animalPopulation', 'True_freshForage', 'True_excreta', 'True_product', 'True_waste', 'True_soilAmendment', 'True_operation', 'True_fertiliser', 'True_material', 'True_ingredient', 'True_cropResidue']",ML model predicted No True_pesticideVeterinaryDrug but the humans predicted True_pesticideVeterinaryDrug.,Total number of matching positives in this prediction string 13.,51.21951219512195,5,System Boundary,standardized,rag,Human,1
0,,"[1, 0, 0, 0, 0, 0]","[0, 0, 0, 0, 0, 0]","['economic', 'energy', 'none required', 'none', 'mass', 'biophysical']",ML model predicted No economic but the humans predicted economic.,Total number of matching positives in this prediction string 0.,68.08823529411765,6,Allocation,original,no rag,Human,1
0,,"[0, 0, 0, 0, 1, 0, 0, 0, 0, 0, 0, 0, 0, 0, 0, 0, 0, 0, 0, 0, 0, 0, 0, 0, 0, 0, 1, 0, 0, 0, 0, 0, 0, 0, 0, 0, 0, 0, 0, 0, 0, 0, 0, 0, 0, 0, 0, 0, 0, 0, 0, 0, 0, 0, 0, 0, 0, 0, 0]","[0, 0, 0, 0, 1, 0, 0, 0, 0, 0, 0, 0, 0, 0, 0, 0, 0, 0, 0, 0, 0, 0, 0, 0, 0, 0, 0, 0, 0, 0, 0, 0, 0, 0, 0, 0, 0, 0, 0, 0, 0, 0, 0, 0, 0, 0, 0, 0, 0, 0, 0, 0, 0, 0, 0, 0, 0, 0, 0]","['Meat, beef cattle (cold carcass weight)', 'Meat, pig (cold dressed carcass weight)', 'Meat, chicken, breast', 'Milk, cow, raw (FPCM)', 'Broiler chicken', 'Beef cattle', 'Hides', 'Sheep, ewe', 'Beef cattle, heifer', 'Beef cattle, calf (female, weaned)', 'Dairy cattle, calf (weaned)', 'Cattle', 'Wool, sheep (greasy)', 'Meat, dairy cattle (liveweight)', 'Beef cattle, steer', 'Meat, sheep (liveweight)', 'Beef cattle, heifer and steer', 'Dairy cattle, cow', 'Cattle, urine (kg mass)', 'Dairy cattle', 'Layer chicken, hen', 'Sheep, lamb (male, unweaned)', 'Meat, chicken, wings', 'Wool', 'Eggs, hen, in shell (number)', 'Pig', 'Broiler chicken, hen', 'Dairy cattle, calf (male, unweaned)', 'Meat, dairy cattle (cold carcass weight)', 'Dairy cattle, calf', 'Beef cattle, calf (male, weaned)', 'Meat, beef cattle (cold dressed carcass weight)', 'Eggs, hen, in shell', 'Broiler chicken, chick', 'Meat, chicken (liveweight)', 'Pig, piglet', 'Layer chicken, pullet', 'Sheep, lamb (female, unweaned)', 'Milk', 'Beef cattle, bull', 'Eggs', 'Sheep, lamb', 'Dairy cattle, calf (female, weaned)', 'Sheep, ram', 'Sheep, lamb (weaned)', 'Meat, chicken (cold carcass weight)', 'Beef cattle, calf (weaned)', 'Meat, chicken, leg', 'Sheep', 'Layer chicken', 'Beef cattle, cow', 'Poultry by-product meal', 'Meat', 'Milk, cow, raw', 'Hides, dairy cattle, fresh', 'Pig, sow', 'Meat, beef cattle (liveweight)', 'Dairy cattle, heifer', 'Meat, sheep (cold carcass weight)']","ML model predicted No Broiler chicken, hen but the humans predicted Broiler chicken, hen.",Total number of matching positives in this prediction string 1.,0.7621951219512195,7,Product,standardized,rag,Human,1
0,,"[0, 0, 1, 1, 1, 0, 0, 1, 1, 0, 0, 1, 0, 0, 1, 0, 0, 1, 1]","[0, 0, 1, 1, 1, 0, 0, 1, 1, 0, 0, 1, 0, 0, 1, 0, 0, 1, 0]","['True_animalFeed', 'True_water', 'True_liveAnimalInput', 'True_electricityFuel', 'True_transport', 'True_pesticideVeterinaryDrug', 'True_seed', 'True_otherChemical', 'True_animalPopulation', 'True_freshForage', 'True_excreta', 'True_product', 'True_waste', 'True_soilAmendment', 'True_operation', 'True_fertiliser', 'True_material', 'True_ingredient', 'True_cropResidue']",ML model predicted No True_cropResidue but the humans predicted True_cropResidue.,Total number of matching positives in this prediction string 8.,60.97560975609756,8,System Boundary,standardized,no rag,Human,6
0,,"[0, 0, 1, 1, 1, 0, 0, 1, 1, 0, 0, 1, 0, 0, 1, 0, 0, 1, 1]","[0, 0, 1, 1, 1, 0, 0, 1, 1, 0, 0, 1, 0, 0, 1, 0, 0, 1, 0]","['True_animalFeed', 'True_water', 'True_liveAnimalInput', 'True_electricityFuel', 'True_transport', 'True_pesticideVeterinaryDrug', 'True_seed', 'True_otherChemical', 'True_animalPopulation', 'True_freshForage', 'True_excreta', 'True_product', 'True_waste', 'True_soilAmendment', 'True_operation', 'True_fertiliser', 'True_material', 'True_ingredient', 'True_cropResidue']",ML model predicted No True_cropResidue but the humans predicted True_cropResidue.,Total number of matching positives in this prediction string 8.,60.97560975609756,8,System Boundary,standardized,rag,Human,6
0,,"[0, 0, 0, 0, 0, 0, 0, 0, 0, 0, 0, 1, 0, 0, 0, 0, 0, 0, 0, 0, 0, 0, 1, 0, 0, 0, 0, 0, 0, 0, 0, 0, 0, 0, 0, 0, 0, 0, 0, 0, 0, 0, 0, 0, 0, 0, 0, 0, 0, 0, 0, 0, 0, 0, 0, 0, 0, 0, 0, 0, 0, 0]","[0, 0, 0, 0, 0, 0, 0, 0, 0, 0, 0, 0, 0, 0, 0, 0, 0, 0, 0, 0, 0, 0, 1, 0, 0, 0, 0, 0, 0, 0, 0, 0, 0, 0, 0, 0, 0, 0, 0, 0, 0, 0, 0, 0, 0, 0, 0, 0, 0, 0, 0, 0, 0, 0, 0, 0, 0, 0, 0, 0, 0, 0]","['Meat, beef cattle (cold carcass weight)', 'Dairy cattle, heifer', 'Meat, pig (cold dressed carcass weight)', 'Meat, chicken, breast', 'Milk, cow, raw (FPCM)', 'Broiler chicken', 'Beef cattle', 'Hides', 'Sheep, ewe', 'Beef cattle, heifer', 'Beef cattle, calf (female, weaned)', 'Dairy cattle, calf (weaned)', 'Cattle', 'Wool, sheep (greasy)', 'Meat, dairy cattle (liveweight)', 'Beef cattle, steer', 'Meat, sheep (liveweight)', 'Beef cattle, heifer and steer', 'Dairy cattle, cow', 'Cattle, urine (kg mass)', 'Meat, pig (cold carcass weight)', 'Offal', 'Dairy cattle', 'Layer chicken, hen', 'Sheep, lamb (male, unweaned)', 'Meat, chicken, wings', 'Wool', 'Eggs, hen, in shell (number)', 'Pig', 'Broiler chicken, hen', 'Dairy cattle, calf (male, unweaned)', 'Meat, dairy cattle (cold carcass weight)', 'Dairy cattle, calf', 'Beef cattle, calf (male, weaned)', 'Meat, beef cattle (cold dressed carcass weight)', 'Eggs, hen, in shell', 'Broiler chicken, chick', 'Meat, chicken (liveweight)', 'Pig, piglet', 'Layer chicken, pullet', 'Sheep, lamb (female, unweaned)', 'Milk', 'Beef cattle, bull', 'Eggs', 'Sheep, lamb', 'Dairy cattle, calf (female, weaned)', 'Sheep, ram', 'Sheep, lamb (weaned)', 'Beef cattle, calf (weaned)', 'Meat, chicken, leg', 'Sheep', 'Layer chicken', 'Beef cattle, cow', 'Offal, pigs', 'Poultry by-product meal', 'Meat', 'Milk, cow, raw', 'Hides, dairy cattle, fresh', 'Pig, sow', 'Meat, beef cattle (liveweight)', 'Meat, chicken (cold carcass weight)', 'Meat, sheep (cold carcass weight)']","ML model predicted No Dairy cattle, calf (weaned) but the humans predicted Dairy cattle, calf (weaned).",Total number of matching positives in this prediction string 1.,0.5882352941176471,8,Product,original,rag,Human,1
0,,"[1, 1, 0, 0, 0, 1, 1, 1, 1, 1, 0, 1, 0, 0, 0, 0, 0, 1, 1]","[0, 0, 0, 0, 0, 0, 0, 1, 1, 0, 0, 1, 0, 0, 0, 1, 0, 1, 1]","['True_animalFeed', 'True_water', 'True_liveAnimalInput', 'True_electricityFuel', 'True_transport', 'True_pesticideVeterinaryDrug', 'True_seed', 'True_otherChemical', 'True_animalPopulation', 'True_freshForage', 'True_excreta', 'True_product', 'True_waste', 'True_soilAmendment', 'True_operation', 'True_fertiliser', 'True_material', 'True_ingredient', 'True_cropResidue']",ML model predicted No True_pesticideVeterinaryDrug but the humans predicted True_pesticideVeterinaryDrug.,Total number of matching positives in this prediction string 5.,51.21951219512195,10,System Boundary,standardized,rag,Human,1
0,,"[1, 1, 0, 0, 0, 1, 1, 1, 1, 1, 0, 1, 0, 0, 0, 0, 0, 1, 1]","[1, 0, 0, 0, 0, 0, 0, 1, 1, 1, 0, 1, 0, 0, 0, 0, 0, 1, 1]","['True_animalFeed', 'True_water', 'True_liveAnimalInput', 'True_electricityFuel', 'True_transport', 'True_pesticideVeterinaryDrug', 'True_seed', 'True_otherChemical', 'True_animalPopulation', 'True_freshForage', 'True_excreta', 'True_product', 'True_waste', 'True_soilAmendment', 'True_operation', 'True_fertiliser', 'True_material', 'True_ingredient', 'True_cropResidue']",ML model predicted No True_pesticideVeterinaryDrug but the humans predicted True_pesticideVeterinaryDrug.,Total number of matching positives in this prediction string 7.,51.21951219512195,10,System Boundary,standardized,no rag,Human,1
0,,"[1, 1, 0, 0, 0, 1, 1, 1, 1, 1, 0, 1, 0, 0, 0, 0, 0, 1, 1]","[1, 1, 0, 0, 0, 1, 1, 1, 1, 1, 1, 1, 0, 0, 0, 1, 0, 1, 1]","['True_animalFeed', 'True_water', 'True_liveAnimalInput', 'True_electricityFuel', 'True_transport', 'True_pesticideVeterinaryDrug', 'True_seed', 'True_otherChemical', 'True_animalPopulation', 'True_freshForage', 'True_excreta', 'True_product', 'True_waste', 'True_soilAmendment', 'True_operation', 'True_fertiliser', 'True_material', 'True_ingredient', 'True_cropResidue']",ML model predicted True_excreta but the humans predicted No True_excreta.,Total number of matching positives in this prediction string 10.,22.25609756097561,10,System Boundary,standardized,no rag,AI,1
0,,"[1, 1, 0, 0, 0, 1, 1, 1, 1, 1, 0, 1, 0, 0, 0, 0, 0, 1, 1]","[0, 0, 0, 0, 0, 0, 0, 1, 1, 0, 0, 1, 0, 0, 0, 1, 0, 1, 1]","['True_animalFeed', 'True_water', 'True_liveAnimalInput', 'True_electricityFuel', 'True_transport', 'True_pesticideVeterinaryDrug', 'True_seed', 'True_otherChemical', 'True_animalPopulation', 'True_freshForage', 'True_excreta', 'True_product', 'True_waste', 'True_soilAmendment', 'True_operation', 'True_fertiliser', 'True_material', 'True_ingredient', 'True_cropResidue']",ML model predicted No True_water but the humans predicted True_water.,Total number of matching positives in this prediction string 5.,21.49390243902439,10,System Boundary,standardized,rag,Human,1
0,,"[1, 1, 0, 0, 0, 1, 1, 1, 1, 1, 0, 1, 0, 0, 0, 0, 0, 1, 1]","[0, 0, 0, 0, 0, 0, 0, 1, 1, 0, 0, 1, 0, 0, 0, 1, 0, 1, 1]","['True_animalFeed', 'True_water', 'True_liveAnimalInput', 'True_electricityFuel', 'True_transport', 'True_pesticideVeterinaryDrug', 'True_seed', 'True_otherChemical', 'True_animalPopulation', 'True_freshForage', 'True_excreta', 'True_product', 'True_waste', 'True_soilAmendment', 'True_operation', 'True_fertiliser', 'True_material', 'True_ingredient', 'True_cropResidue']",ML model predicted True_fertiliser but the humans predicted No True_fertiliser.,Total number of matching positives in this prediction string 5.,93.75,10,System Boundary,standardized,rag,AI,1
0,,"[1, 1, 0, 0, 0, 1, 1, 1, 1, 1, 0, 1, 0, 0, 0, 0, 0, 1, 1]","[1, 0, 0, 0, 0, 0, 0, 1, 0, 1, 0, 1, 0, 1, 0, 1, 0, 1, 1]","['True_animalFeed', 'True_water', 'True_liveAnimalInput', 'True_electricityFuel', 'True_transport', 'True_pesticideVeterinaryDrug', 'True_seed', 'True_otherChemical', 'True_animalPopulation', 'True_freshForage', 'True_excreta', 'True_product', 'True_waste', 'True_soilAmendment', 'True_operation', 'True_fertiliser', 'True_material', 'True_ingredient', 'True_cropResidue']",ML model predicted No True_water but the humans predicted True_water.,Total number of matching positives in this prediction string 6.,21.49390243902439,10,System Boundary,standardized,no rag,Human,1
0,,"[1, 1, 0, 0, 0, 1, 1, 1, 1, 1, 0, 1, 0, 0, 0, 0, 0, 1, 1]","[1, 0, 0, 0, 0, 0, 0, 1, 0, 1, 0, 1, 0, 1, 0, 1, 0, 1, 1]","['True_animalFeed', 'True_water', 'True_liveAnimalInput', 'True_electricityFuel', 'True_transport', 'True_pesticideVeterinaryDrug', 'True_seed', 'True_otherChemical', 'True_animalPopulation', 'True_freshForage', 'True_excreta', 'True_product', 'True_waste', 'True_soilAmendment', 'True_operation', 'True_fertiliser', 'True_material', 'True_ingredient', 'True_cropResidue']",ML model predicted No True_pesticideVeterinaryDrug but the humans predicted True_pesticideVeterinaryDrug.,Total number of matching positives in this prediction string 6.,51.21951219512195,10,System Boundary,standardized,no rag,Human,1
0,,"[1, 1, 0, 0, 0, 1, 1, 1, 1, 1, 0, 1, 0, 0, 0, 0, 0, 1, 1]","[1, 0, 0, 0, 0, 0, 0, 1, 0, 1, 0, 1, 0, 1, 0, 1, 0, 1, 1]","['True_animalFeed', 'True_water', 'True_liveAnimalInput', 'True_electricityFuel', 'True_transport', 'True_pesticideVeterinaryDrug', 'True_seed', 'True_otherChemical', 'True_animalPopulation', 'True_freshForage', 'True_excreta', 'True_product', 'True_waste', 'True_soilAmendment', 'True_operation', 'True_fertiliser', 'True_material', 'True_ingredient', 'True_cropResidue']",ML model predicted No True_seed but the humans predicted True_seed.,Total number of matching positives in this prediction string 6.,89.48170731707317,10,System Boundary,standardized,no rag,Human,1
0,,"[1, 1, 0, 0, 0, 1, 1, 1, 1, 1, 0, 1, 0, 0, 0, 0, 0, 1, 1]","[0, 0, 0, 0, 0, 0, 0, 1, 1, 0, 0, 1, 0, 0, 0, 1, 0, 1, 1]","['True_animalFeed', 'True_water', 'True_liveAnimalInput', 'True_electricityFuel', 'True_transport', 'True_pesticideVeterinaryDrug', 'True_seed', 'True_otherChemical', 'True_animalPopulation', 'True_freshForage', 'True_excreta', 'True_product', 'True_waste', 'True_soilAmendment', 'True_operation', 'True_fertiliser', 'True_material', 'True_ingredient', 'True_cropResidue']",ML model predicted No True_animalFeed but the humans predicted True_animalFeed.,Total number of matching positives in this prediction string 5.,93.14024390243902,10,System Boundary,standardized,rag,Human,1
0,,"[1, 1, 0, 0, 0, 1, 1, 1, 1, 1, 0, 1, 0, 0, 0, 0, 0, 1, 1]","[1, 0, 0, 0, 0, 0, 0, 1, 0, 1, 0, 1, 0, 1, 0, 1, 0, 1, 1]","['True_animalFeed', 'True_water', 'True_liveAnimalInput', 'True_electricityFuel', 'True_transport', 'True_pesticideVeterinaryDrug', 'True_seed', 'True_otherChemical', 'True_animalPopulation', 'True_freshForage', 'True_excreta', 'True_product', 'True_waste', 'True_soilAmendment', 'True_operation', 'True_fertiliser', 'True_material', 'True_ingredient', 'True_cropResidue']",ML model predicted No True_animalPopulation but the humans predicted True_animalPopulation.,Total number of matching positives in this prediction string 6.,94.51219512195122,10,System Boundary,standardized,no rag,Human,1
0,,"[1, 1, 0, 0, 0, 1, 1, 1, 1, 1, 0, 1, 0, 0, 0, 0, 0, 1, 1]","[1, 0, 0, 0, 0, 0, 0, 1, 0, 1, 0, 1, 0, 1, 0, 1, 0, 1, 1]","['True_animalFeed', 'True_water', 'True_liveAnimalInput', 'True_electricityFuel', 'True_transport', 'True_pesticideVeterinaryDrug', 'True_seed', 'True_otherChemical', 'True_animalPopulation', 'True_freshForage', 'True_excreta', 'True_product', 'True_waste', 'True_soilAmendment', 'True_operation', 'True_fertiliser', 'True_material', 'True_ingredient', 'True_cropResidue']",ML model predicted True_soilAmendment but the humans predicted No True_soilAmendment.,Total number of matching positives in this prediction string 6.,92.3780487804878,10,System Boundary,standardized,no rag,AI,1
0,,"[1, 1, 0, 0, 0, 1, 1, 1, 1, 1, 0, 1, 0, 0, 0, 0, 0, 1, 1]","[1, 0, 0, 0, 0, 0, 0, 1, 0, 1, 0, 1, 0, 1, 0, 1, 0, 1, 1]","['True_animalFeed', 'True_water', 'True_liveAnimalInput', 'True_electricityFuel', 'True_transport', 'True_pesticideVeterinaryDrug', 'True_seed', 'True_otherChemical', 'True_animalPopulation', 'True_freshForage', 'True_excreta', 'True_product', 'True_waste', 'True_soilAmendment', 'True_operation', 'True_fertiliser', 'True_material', 'True_ingredient', 'True_cropResidue']",ML model predicted True_fertiliser but the humans predicted No True_fertiliser.,Total number of matching positives in this prediction string 6.,93.75,10,System Boundary,standardized,no rag,AI,1
0,,"[1, 1, 0, 0, 0, 1, 1, 1, 1, 1, 0, 1, 0, 0, 0, 0, 0, 1, 1]","[1, 0, 0, 0, 0, 0, 0, 1, 1, 1, 0, 0, 0, 0, 0, 0, 0, 1, 1]","['True_animalFeed', 'True_water', 'True_liveAnimalInput', 'True_electricityFuel', 'True_transport', 'True_pesticideVeterinaryDrug', 'True_seed', 'True_otherChemical', 'True_animalPopulation', 'True_freshForage', 'True_excreta', 'True_product', 'True_waste', 'True_soilAmendment', 'True_operation', 'True_fertiliser', 'True_material', 'True_ingredient', 'True_cropResidue']",ML model predicted No True_water but the humans predicted True_water.,Total number of matching positives in this prediction string 6.,21.49390243902439,10,System Boundary,standardized,rag,Human,1
0,,"[1, 1, 0, 0, 0, 1, 1, 1, 1, 1, 0, 1, 0, 0, 0, 0, 0, 1, 1]","[1, 0, 0, 0, 0, 0, 0, 1, 1, 1, 0, 0, 0, 0, 0, 0, 0, 1, 1]","['True_animalFeed', 'True_water', 'True_liveAnimalInput', 'True_electricityFuel', 'True_transport', 'True_pesticideVeterinaryDrug', 'True_seed', 'True_otherChemical', 'True_animalPopulation', 'True_freshForage', 'True_excreta', 'True_product', 'True_waste', 'True_soilAmendment', 'True_operation', 'True_fertiliser', 'True_material', 'True_ingredient', 'True_cropResidue']",ML model predicted No True_pesticideVeterinaryDrug but the humans predicted True_pesticideVeterinaryDrug.,Total number of matching positives in this prediction string 6.,51.21951219512195,10,System Boundary,standardized,rag,Human,1
0,,"[1, 1, 0, 0, 0, 1, 1, 1, 1, 1, 0, 1, 0, 0, 0, 0, 0, 1, 1]","[1, 0, 0, 0, 0, 0, 0, 1, 1, 1, 0, 0, 0, 0, 0, 0, 0, 1, 1]","['True_animalFeed', 'True_water', 'True_liveAnimalInput', 'True_electricityFuel', 'True_transport', 'True_pesticideVeterinaryDrug', 'True_seed', 'True_otherChemical', 'True_animalPopulation', 'True_freshForage', 'True_excreta', 'True_product', 'True_waste', 'True_soilAmendment', 'True_operation', 'True_fertiliser', 'True_material', 'True_ingredient', 'True_cropResidue']",ML model predicted No True_seed but the humans predicted True_seed.,Total number of matching positives in this prediction string 6.,89.48170731707317,10,System Boundary,standardized,rag,Human,1
0,,"[1, 1, 0, 0, 0, 1, 1, 1, 1, 1, 0, 1, 0, 0, 0, 0, 0, 1, 1]","[1, 0, 0, 0, 0, 0, 0, 1, 1, 1, 0, 0, 0, 0, 0, 0, 0, 1, 1]","['True_animalFeed', 'True_water', 'True_liveAnimalInput', 'True_electricityFuel', 'True_transport', 'True_pesticideVeterinaryDrug', 'True_seed', 'True_otherChemical', 'True_animalPopulation', 'True_freshForage', 'True_excreta', 'True_product', 'True_waste', 'True_soilAmendment', 'True_operation', 'True_fertiliser', 'True_material', 'True_ingredient', 'True_cropResidue']",ML model predicted No True_product but the humans predicted True_product.,Total number of matching positives in this prediction string 6.,93.14024390243902,10,System Boundary,standardized,rag,Human,1
0,,"[1, 1, 0, 0, 0, 1, 1, 1, 1, 1, 0, 1, 0, 0, 0, 0, 0, 1, 1]","[1, 0, 0, 0, 0, 0, 0, 1, 1, 1, 0, 1, 0, 0, 0, 0, 0, 1, 1]","['True_animalFeed', 'True_water', 'True_liveAnimalInput', 'True_electricityFuel', 'True_transport', 'True_pesticideVeterinaryDrug', 'True_seed', 'True_otherChemical', 'True_animalPopulation', 'True_freshForage', 'True_excreta', 'True_product', 'True_waste', 'True_soilAmendment', 'True_operation', 'True_fertiliser', 'True_material', 'True_ingredient', 'True_cropResidue']",ML model predicted No True_water but the humans predicted True_water.,Total number of matching positives in this prediction string 7.,21.49390243902439,10,System Boundary,standardized,no rag,Human,1
0,,"[1, 1, 0, 0, 0, 1, 1, 1, 1, 1, 0, 1, 0, 0, 0, 0, 0, 1, 1]","[0, 0, 0, 0, 0, 0, 0, 1, 1, 0, 0, 1, 0, 0, 0, 1, 0, 1, 1]","['True_animalFeed', 'True_water', 'True_liveAnimalInput', 'True_electricityFuel', 'True_transport', 'True_pesticideVeterinaryDrug', 'True_seed', 'True_otherChemical', 'True_animalPopulation', 'True_freshForage', 'True_excreta', 'True_product', 'True_waste', 'True_soilAmendment', 'True_operation', 'True_fertiliser', 'True_material', 'True_ingredient', 'True_cropResidue']",ML model predicted No True_freshForage but the humans predicted True_freshForage.,Total number of matching positives in this prediction string 5.,87.5,10,System Boundary,standardized,rag,Human,1
0,,"[1, 1, 0, 0, 0, 1, 1, 1, 1, 1, 0, 1, 0, 0, 0, 0, 0, 1, 1]","[1, 1, 0, 0, 0, 0, 1, 1, 1, 1, 0, 1, 0, 0, 0, 0, 0, 1, 1]","['True_animalFeed', 'True_water', 'True_liveAnimalInput', 'True_electricityFuel', 'True_transport', 'True_pesticideVeterinaryDrug', 'True_seed', 'True_otherChemical', 'True_animalPopulation', 'True_freshForage', 'True_excreta', 'True_product', 'True_waste', 'True_soilAmendment', 'True_operation', 'True_fertiliser', 'True_material', 'True_ingredient', 'True_cropResidue']",ML model predicted No True_pesticideVeterinaryDrug but the humans predicted True_pesticideVeterinaryDrug.,Total number of matching positives in this prediction string 9.,51.21951219512195,10,System Boundary,standardized,no rag,Human,3
0,,"[1, 1, 0, 0, 0, 1, 1, 1, 1, 1, 0, 1, 0, 0, 0, 0, 0, 1, 1]","[1, 1, 0, 0, 0, 0, 1, 1, 1, 1, 0, 1, 0, 0, 0, 0, 0, 1, 1]","['True_animalFeed', 'True_water', 'True_liveAnimalInput', 'True_electricityFuel', 'True_transport', 'True_pesticideVeterinaryDrug', 'True_seed', 'True_otherChemical', 'True_animalPopulation', 'True_freshForage', 'True_excreta', 'True_product', 'True_waste', 'True_soilAmendment', 'True_operation', 'True_fertiliser', 'True_material', 'True_ingredient', 'True_cropResidue']",ML model predicted No True_pesticideVeterinaryDrug but the humans predicted True_pesticideVeterinaryDrug.,Total number of matching positives in this prediction string 9.,51.21951219512195,10,System Boundary,standardized,rag,Human,4
0,,"[1, 1, 0, 0, 0, 1, 1, 1, 1, 1, 0, 1, 0, 0, 0, 0, 0, 1, 1]","[1, 1, 0, 0, 0, 1, 1, 1, 1, 1, 1, 1, 0, 0, 0, 1, 0, 1, 1]","['True_animalFeed', 'True_water', 'True_liveAnimalInput', 'True_electricityFuel', 'True_transport', 'True_pesticideVeterinaryDrug', 'True_seed', 'True_otherChemical', 'True_animalPopulation', 'True_freshForage', 'True_excreta', 'True_product', 'True_waste', 'True_soilAmendment', 'True_operation', 'True_fertiliser', 'True_material', 'True_ingredient', 'True_cropResidue']",ML model predicted True_fertiliser but the humans predicted No True_fertiliser.,Total number of matching positives in this prediction string 10.,93.75,10,System Boundary,standardized,no rag,AI,1
0,,"[1, 1, 0, 0, 0, 1, 1, 1, 1, 1, 0, 1, 0, 0, 0, 0, 0, 1, 1]","[0, 0, 0, 0, 0, 0, 0, 1, 1, 0, 0, 1, 0, 0, 0, 1, 0, 1, 1]","['True_animalFeed', 'True_water', 'True_liveAnimalInput', 'True_electricityFuel', 'True_transport', 'True_pesticideVeterinaryDrug', 'True_seed', 'True_otherChemical', 'True_animalPopulation', 'True_freshForage', 'True_excreta', 'True_product', 'True_waste', 'True_soilAmendment', 'True_operation', 'True_fertiliser', 'True_material', 'True_ingredient', 'True_cropResidue']",ML model predicted No True_seed but the humans predicted True_seed.,Total number of matching positives in this prediction string 5.,89.48170731707317,10,System Boundary,standardized,rag,Human,1
0,,"[1, 1, 0, 0, 0, 1, 1, 1, 1, 1, 0, 1, 0, 0, 0, 0, 0, 1, 1]","[1, 0, 0, 0, 0, 0, 0, 1, 1, 1, 0, 1, 0, 0, 0, 0, 0, 1, 1]","['True_animalFeed', 'True_water', 'True_liveAnimalInput', 'True_electricityFuel', 'True_transport', 'True_pesticideVeterinaryDrug', 'True_seed', 'True_otherChemical', 'True_animalPopulation', 'True_freshForage', 'True_excreta', 'True_product', 'True_waste', 'True_soilAmendment', 'True_operation', 'True_fertiliser', 'True_material', 'True_ingredient', 'True_cropResidue']",ML model predicted No True_seed but the humans predicted True_seed.,Total number of matching positives in this prediction string 7.,89.48170731707317,10,System Boundary,standardized,no rag,Human,1
0,,"[0, 0, 0, 0, 0, 1, 0, 0, 0, 0, 0, 0, 0, 0, 0, 0, 0, 0, 0, 0, 0, 0, 0, 0, 0, 0, 0, 0, 0, 0, 0, 0, 0, 0, 0, 0, 0, 0, 0, 0, 0, 0, 0, 0, 0, 0, 1, 0, 0, 0, 0, 0, 0, 0, 0, 0, 0, 0, 0]","[0, 0, 0, 0, 0, 1, 0, 0, 0, 0, 0, 0, 0, 0, 0, 0, 0, 0, 0, 0, 0, 0, 0, 0, 0, 0, 0, 0, 0, 0, 0, 0, 0, 0, 0, 0, 0, 0, 0, 0, 0, 0, 0, 0, 0, 0, 0, 0, 0, 0, 0, 0, 0, 0, 0, 0, 0, 0, 0]","['Meat, beef cattle (cold carcass weight)', 'Meat, pig (cold dressed carcass weight)', 'Meat, chicken, breast', 'Milk, cow, raw (FPCM)', 'Broiler chicken', 'Beef cattle', 'Hides', 'Sheep, ewe', 'Beef cattle, heifer', 'Beef cattle, calf (female, weaned)', 'Dairy cattle, calf (weaned)', 'Cattle', 'Wool, sheep (greasy)', 'Meat, dairy cattle (liveweight)', 'Beef cattle, steer', 'Meat, sheep (liveweight)', 'Beef cattle, heifer and steer', 'Dairy cattle, cow', 'Cattle, urine (kg mass)', 'Dairy cattle', 'Layer chicken, hen', 'Sheep, lamb (male, unweaned)', 'Meat, chicken, wings', 'Wool', 'Eggs, hen, in shell (number)', 'Pig', 'Broiler chicken, hen', 'Dairy cattle, calf (male, unweaned)', 'Meat, dairy cattle (cold carcass weight)', 'Dairy cattle, calf', 'Beef cattle, calf (male, weaned)', 'Meat, beef cattle (cold dressed carcass weight)', 'Eggs, hen, in shell', 'Broiler chicken, chick', 'Meat, chicken (liveweight)', 'Pig, piglet', 'Layer chicken, pullet', 'Sheep, lamb (female, unweaned)', 'Milk', 'Beef cattle, bull', 'Eggs', 'Sheep, lamb', 'Dairy cattle, calf (female, weaned)', 'Sheep, ram', 'Sheep, lamb (weaned)', 'Meat, chicken (cold carcass weight)', 'Beef cattle, calf (weaned)', 'Meat, chicken, leg', 'Sheep', 'Layer chicken', 'Beef cattle, cow', 'Poultry by-product meal', 'Meat', 'Milk, cow, raw', 'Hides, dairy cattle, fresh', 'Pig, sow', 'Meat, beef cattle (liveweight)', 'Dairy cattle, heifer', 'Meat, sheep (cold carcass weight)']","ML model predicted No Beef cattle, calf (weaned) but the humans predicted Beef cattle, calf (weaned).",Total number of matching positives in this prediction string 1.,0.1524390243902439,10,Product,standardized,no rag,Human,5
0,,"[0, 0, 0, 0, 0, 1, 0, 0, 0, 0, 0, 0, 0, 0, 0, 0, 0, 0, 0, 0, 0, 0, 0, 0, 0, 0, 0, 0, 0, 0, 0, 0, 0, 0, 0, 0, 0, 0, 0, 0, 0, 0, 0, 0, 0, 0, 1, 0, 0, 0, 0, 0, 0, 0, 0, 0, 0, 0, 0]","[0, 0, 0, 0, 0, 1, 0, 0, 0, 0, 0, 0, 0, 0, 0, 0, 0, 0, 0, 0, 0, 0, 0, 0, 0, 0, 0, 0, 0, 0, 0, 0, 0, 0, 0, 0, 0, 0, 0, 0, 0, 0, 0, 0, 0, 0, 0, 0, 0, 0, 0, 0, 0, 0, 0, 0, 0, 0, 0]","['Meat, beef cattle (cold carcass weight)', 'Meat, pig (cold dressed carcass weight)', 'Meat, chicken, breast', 'Milk, cow, raw (FPCM)', 'Broiler chicken', 'Beef cattle', 'Hides', 'Sheep, ewe', 'Beef cattle, heifer', 'Beef cattle, calf (female, weaned)', 'Dairy cattle, calf (weaned)', 'Cattle', 'Wool, sheep (greasy)', 'Meat, dairy cattle (liveweight)', 'Beef cattle, steer', 'Meat, sheep (liveweight)', 'Beef cattle, heifer and steer', 'Dairy cattle, cow', 'Cattle, urine (kg mass)', 'Dairy cattle', 'Layer chicken, hen', 'Sheep, lamb (male, unweaned)', 'Meat, chicken, wings', 'Wool', 'Eggs, hen, in shell (number)', 'Pig', 'Broiler chicken, hen', 'Dairy cattle, calf (male, unweaned)', 'Meat, dairy cattle (cold carcass weight)', 'Dairy cattle, calf', 'Beef cattle, calf (male, weaned)', 'Meat, beef cattle (cold dressed carcass weight)', 'Eggs, hen, in shell', 'Broiler chicken, chick', 'Meat, chicken (liveweight)', 'Pig, piglet', 'Layer chicken, pullet', 'Sheep, lamb (female, unweaned)', 'Milk', 'Beef cattle, bull', 'Eggs', 'Sheep, lamb', 'Dairy cattle, calf (female, weaned)', 'Sheep, ram', 'Sheep, lamb (weaned)', 'Meat, chicken (cold carcass weight)', 'Beef cattle, calf (weaned)', 'Meat, chicken, leg', 'Sheep', 'Layer chicken', 'Beef cattle, cow', 'Poultry by-product meal', 'Meat', 'Milk, cow, raw', 'Hides, dairy cattle, fresh', 'Pig, sow', 'Meat, beef cattle (liveweight)', 'Dairy cattle, heifer', 'Meat, sheep (cold carcass weight)']","ML model predicted No Beef cattle, calf (weaned) but the humans predicted Beef cattle, calf (weaned).",Total number of matching positives in this prediction string 1.,0.1524390243902439,10,Product,standardized,rag,Human,5
0,,"[1, 0, 0, 0, 0, 0]","[0, 0, 0, 0, 0, 0]","['economic', 'energy', 'none required', 'none', 'mass', 'biophysical']",ML model predicted No economic but the humans predicted economic.,Total number of matching positives in this prediction string 0.,68.08823529411765,11,Allocation,original,no rag,Human,1
0,,"[1, 0, 0, 0, 0, 0]","[1, 0, 1, 0, 0, 0]","['economic', 'energy', 'none required', 'none', 'mass', 'biophysical']",ML model predicted none required but the humans predicted No none required.,Total number of matching positives in this prediction string 1.,17.941176470588236,11,Allocation,original,no rag,AI,1
0,,"[1, 0, 0, 0, 0, 1, 0, 0, 0]","[1, 0, 0, 0, 0, 0, 0, 0, 0]","['relative', 'kg FPCM', '1 ha', 'number', 'kg liveweight', 'kg ready-to-cook weight', 'kg cold dressed carcass weight', 'kg', 'kg cold carcass weight']",ML model predicted No kg ready-to-cook weight but the humans predicted kg ready-to-cook weight.,Total number of matching positives in this prediction string 1.,1.3235294117647058,11,Functional Unit,original,no rag,Human,1
0,,"[0, 0, 0, 0, 0, 0, 0, 0, 0, 0, 0, 0, 0, 0, 0, 0, 0, 0, 0, 0, 0, 0, 0, 0, 0, 0, 0, 0, 0, 0, 0, 0, 0, 0, 0, 0, 0, 0, 0, 0, 0, 0, 0, 0, 0, 0, 0, 0, 0, 1, 0, 0, 0, 0, 0, 1, 0, 0, 0, 0, 0, 0]","[0, 0, 0, 0, 0, 0, 0, 0, 0, 0, 0, 0, 0, 0, 0, 0, 0, 0, 0, 0, 0, 0, 0, 0, 0, 0, 0, 0, 0, 0, 0, 0, 0, 0, 0, 0, 0, 0, 0, 0, 0, 0, 0, 0, 0, 0, 0, 0, 0, 0, 0, 0, 0, 0, 0, 1, 0, 0, 0, 0, 0, 0]","['Meat, beef cattle (cold carcass weight)', 'Dairy cattle, heifer', 'Meat, pig (cold dressed carcass weight)', 'Meat, chicken, breast', 'Milk, cow, raw (FPCM)', 'Broiler chicken', 'Beef cattle', 'Hides', 'Sheep, ewe', 'Beef cattle, heifer', 'Beef cattle, calf (female, weaned)', 'Dairy cattle, calf (weaned)', 'Cattle', 'Wool, sheep (greasy)', 'Meat, dairy cattle (liveweight)', 'Beef cattle, steer', 'Meat, sheep (liveweight)', 'Beef cattle, heifer and steer', 'Dairy cattle, cow', 'Cattle, urine (kg mass)', 'Meat, pig (cold carcass weight)', 'Offal', 'Dairy cattle', 'Layer chicken, hen', 'Sheep, lamb (male, unweaned)', 'Meat, chicken, wings', 'Wool', 'Eggs, hen, in shell (number)', 'Pig', 'Broiler chicken, hen', 'Dairy cattle, calf (male, unweaned)', 'Meat, dairy cattle (cold carcass weight)', 'Dairy cattle, calf', 'Beef cattle, calf (male, weaned)', 'Meat, beef cattle (cold dressed carcass weight)', 'Eggs, hen, in shell', 'Broiler chicken, chick', 'Meat, chicken (liveweight)', 'Pig, piglet', 'Layer chicken, pullet', 'Sheep, lamb (female, unweaned)', 'Milk', 'Beef cattle, bull', 'Eggs', 'Sheep, lamb', 'Dairy cattle, calf (female, weaned)', 'Sheep, ram', 'Sheep, lamb (weaned)', 'Beef cattle, calf (weaned)', 'Meat, chicken, leg', 'Sheep', 'Layer chicken', 'Beef cattle, cow', 'Offal, pigs', 'Poultry by-product meal', 'Meat', 'Milk, cow, raw', 'Hides, dairy cattle, fresh', 'Pig, sow', 'Meat, beef cattle (liveweight)', 'Meat, chicken (cold carcass weight)', 'Meat, sheep (cold carcass weight)']","ML model predicted No Meat, chicken, leg but the humans predicted Meat, chicken, leg.",Total number of matching positives in this prediction string 1.,0.29411764705882354,11,Product,original,rag,Human,3
0,,"[0, 0, 0, 0, 0, 0, 0, 0, 0, 0, 0, 0, 0, 0, 0, 0, 0, 0, 0, 0, 0, 0, 0, 0, 0, 0, 0, 0, 0, 0, 0, 0, 0, 0, 0, 0, 0, 0, 0, 0, 0, 0, 0, 0, 0, 0, 0, 0, 0, 1, 0, 0, 0, 0, 0, 1, 0, 0, 0, 0, 0, 0]","[0, 0, 0, 0, 0, 0, 0, 0, 0, 0, 0, 0, 0, 0, 0, 0, 0, 0, 0, 0, 0, 0, 0, 0, 0, 0, 0, 0, 0, 0, 0, 0, 0, 0, 0, 0, 0, 0, 0, 0, 0, 0, 0, 0, 0, 0, 0, 0, 0, 0, 0, 0, 0, 0, 0, 1, 0, 0, 0, 0, 0, 0]","['Meat, beef cattle (cold carcass weight)', 'Dairy cattle, heifer', 'Meat, pig (cold dressed carcass weight)', 'Meat, chicken, breast', 'Milk, cow, raw (FPCM)', 'Broiler chicken', 'Beef cattle', 'Hides', 'Sheep, ewe', 'Beef cattle, heifer', 'Beef cattle, calf (female, weaned)', 'Dairy cattle, calf (weaned)', 'Cattle', 'Wool, sheep (greasy)', 'Meat, dairy cattle (liveweight)', 'Beef cattle, steer', 'Meat, sheep (liveweight)', 'Beef cattle, heifer and steer', 'Dairy cattle, cow', 'Cattle, urine (kg mass)', 'Meat, pig (cold carcass weight)', 'Offal', 'Dairy cattle', 'Layer chicken, hen', 'Sheep, lamb (male, unweaned)', 'Meat, chicken, wings', 'Wool', 'Eggs, hen, in shell (number)', 'Pig', 'Broiler chicken, hen', 'Dairy cattle, calf (male, unweaned)', 'Meat, dairy cattle (cold carcass weight)', 'Dairy cattle, calf', 'Beef cattle, calf (male, weaned)', 'Meat, beef cattle (cold dressed carcass weight)', 'Eggs, hen, in shell', 'Broiler chicken, chick', 'Meat, chicken (liveweight)', 'Pig, piglet', 'Layer chicken, pullet', 'Sheep, lamb (female, unweaned)', 'Milk', 'Beef cattle, bull', 'Eggs', 'Sheep, lamb', 'Dairy cattle, calf (female, weaned)', 'Sheep, ram', 'Sheep, lamb (weaned)', 'Beef cattle, calf (weaned)', 'Meat, chicken, leg', 'Sheep', 'Layer chicken', 'Beef cattle, cow', 'Offal, pigs', 'Poultry by-product meal', 'Meat', 'Milk, cow, raw', 'Hides, dairy cattle, fresh', 'Pig, sow', 'Meat, beef cattle (liveweight)', 'Meat, chicken (cold carcass weight)', 'Meat, sheep (cold carcass weight)']","ML model predicted No Meat, chicken, leg but the humans predicted Meat, chicken, leg.",Total number of matching positives in this prediction string 1.,0.29411764705882354,11,Product,original,no rag,Human,2
0,,"[1, 1, 1, 1, 0, 0, 1, 1, 1, 1, 1, 1, 0, 1, 0, 1, 0, 1, 1]","[1, 1, 1, 0, 0, 0, 1, 1, 1, 1, 1, 1, 0, 1, 0, 1, 0, 1, 1]","['True_animalFeed', 'True_water', 'True_liveAnimalInput', 'True_electricityFuel', 'True_transport', 'True_pesticideVeterinaryDrug', 'True_seed', 'True_otherChemical', 'True_animalPopulation', 'True_freshForage', 'True_excreta', 'True_product', 'True_waste', 'True_soilAmendment', 'True_operation', 'True_fertiliser', 'True_material', 'True_ingredient', 'True_cropResidue']",ML model predicted No True_electricityFuel but the humans predicted True_electricityFuel.,Total number of matching positives in this prediction string 13.,68.90243902439025,13,System Boundary,standardized,no rag,Human,1
0,,"[0, 0, 1, 0, 0, 0]","[0, 0, 0, 0, 0, 0]","['economic', 'energy', 'none required', 'none', 'mass', 'biophysical']",ML model predicted No none required but the humans predicted none required.,Total number of matching positives in this prediction string 0.,17.941176470588236,13,Allocation,original,no rag,Human,1
0,,"[1, 1, 1, 1, 0, 0, 1, 1, 1, 1, 1, 1, 0, 1, 0, 1, 0, 1, 1]","[1, 0, 1, 0, 0, 1, 1, 1, 1, 1, 0, 1, 0, 1, 0, 1, 0, 1, 1]","['True_animalFeed', 'True_water', 'True_liveAnimalInput', 'True_electricityFuel', 'True_transport', 'True_pesticideVeterinaryDrug', 'True_seed', 'True_otherChemical', 'True_animalPopulation', 'True_freshForage', 'True_excreta', 'True_product', 'True_waste', 'True_soilAmendment', 'True_operation', 'True_fertiliser', 'True_material', 'True_ingredient', 'True_cropResidue']",ML model predicted No True_excreta but the humans predicted True_excreta.,Total number of matching positives in this prediction string 11.,22.25609756097561,13,System Boundary,standardized,no rag,Human,1
0,,"[1, 1, 1, 1, 0, 0, 1, 1, 1, 1, 1, 1, 0, 1, 0, 1, 0, 1, 1]","[1, 0, 1, 0, 0, 0, 1, 1, 1, 1, 0, 1, 0, 1, 0, 1, 0, 1, 1]","['True_animalFeed', 'True_water', 'True_liveAnimalInput', 'True_electricityFuel', 'True_transport', 'True_pesticideVeterinaryDrug', 'True_seed', 'True_otherChemical', 'True_animalPopulation', 'True_freshForage', 'True_excreta', 'True_product', 'True_waste', 'True_soilAmendment', 'True_operation', 'True_fertiliser', 'True_material', 'True_ingredient', 'True_cropResidue']",ML model predicted No True_water but the humans predicted True_water.,Total number of matching positives in this prediction string 11.,21.49390243902439,13,System Boundary,standardized,rag,Human,7
0,,"[1, 1, 1, 1, 0, 0, 1, 1, 1, 1, 1, 1, 0, 1, 0, 1, 0, 1, 1]","[1, 0, 1, 0, 0, 0, 1, 1, 1, 1, 0, 1, 0, 1, 0, 1, 0, 1, 1]","['True_animalFeed', 'True_water', 'True_liveAnimalInput', 'True_electricityFuel', 'True_transport', 'True_pesticideVeterinaryDrug', 'True_seed', 'True_otherChemical', 'True_animalPopulation', 'True_freshForage', 'True_excreta', 'True_product', 'True_waste', 'True_soilAmendment', 'True_operation', 'True_fertiliser', 'True_material', 'True_ingredient', 'True_cropResidue']",ML model predicted No True_electricityFuel but the humans predicted True_electricityFuel.,Total number of matching positives in this prediction string 11.,68.90243902439025,13,System Boundary,standardized,rag,Human,7
0,,"[1, 1, 1, 1, 0, 0, 1, 1, 1, 1, 1, 1, 0, 1, 0, 1, 0, 1, 1]","[1, 0, 1, 0, 0, 0, 1, 1, 1, 1, 0, 1, 0, 1, 0, 1, 0, 1, 1]","['True_animalFeed', 'True_water', 'True_liveAnimalInput', 'True_electricityFuel', 'True_transport', 'True_pesticideVeterinaryDrug', 'True_seed', 'True_otherChemical', 'True_animalPopulation', 'True_freshForage', 'True_excreta', 'True_product', 'True_waste', 'True_soilAmendment', 'True_operation', 'True_fertiliser', 'True_material', 'True_ingredient', 'True_cropResidue']",ML model predicted No True_excreta but the humans predicted True_excreta.,Total number of matching positives in this prediction string 11.,22.25609756097561,13,System Boundary,standardized,rag,Human,7
0,,"[1, 1, 1, 1, 0, 0, 1, 1, 1, 1, 1, 1, 0, 1, 0, 1, 0, 1, 1]","[1, 0, 1, 0, 0, 1, 1, 1, 1, 1, 0, 1, 0, 1, 0, 1, 0, 1, 1]","['True_animalFeed', 'True_water', 'True_liveAnimalInput', 'True_electricityFuel', 'True_transport', 'True_pesticideVeterinaryDrug', 'True_seed', 'True_otherChemical', 'True_animalPopulation', 'True_freshForage', 'True_excreta', 'True_product', 'True_waste', 'True_soilAmendment', 'True_operation', 'True_fertiliser', 'True_material', 'True_ingredient', 'True_cropResidue']",ML model predicted No True_water but the humans predicted True_water.,Total number of matching positives in this prediction string 11.,21.49390243902439,13,System Boundary,standardized,no rag,Human,1
0,,"[1, 1, 1, 1, 0, 0, 1, 1, 1, 1, 1, 1, 0, 1, 0, 1, 0, 1, 1]","[1, 0, 1, 0, 0, 1, 1, 1, 1, 1, 0, 1, 0, 1, 0, 1, 0, 1, 1]","['True_animalFeed', 'True_water', 'True_liveAnimalInput', 'True_electricityFuel', 'True_transport', 'True_pesticideVeterinaryDrug', 'True_seed', 'True_otherChemical', 'True_animalPopulation', 'True_freshForage', 'True_excreta', 'True_product', 'True_waste', 'True_soilAmendment', 'True_operation', 'True_fertiliser', 'True_material', 'True_ingredient', 'True_cropResidue']",ML model predicted No True_electricityFuel but the humans predicted True_electricityFuel.,Total number of matching positives in this prediction string 11.,68.90243902439025,13,System Boundary,standardized,no rag,Human,1
0,,"[1, 1, 1, 1, 0, 0, 1, 1, 1, 1, 1, 1, 0, 1, 0, 1, 0, 1, 1]","[1, 0, 1, 0, 0, 0, 1, 1, 1, 1, 0, 1, 0, 1, 0, 1, 0, 1, 1]","['True_animalFeed', 'True_water', 'True_liveAnimalInput', 'True_electricityFuel', 'True_transport', 'True_pesticideVeterinaryDrug', 'True_seed', 'True_otherChemical', 'True_animalPopulation', 'True_freshForage', 'True_excreta', 'True_product', 'True_waste', 'True_soilAmendment', 'True_operation', 'True_fertiliser', 'True_material', 'True_ingredient', 'True_cropResidue']",ML model predicted No True_excreta but the humans predicted True_excreta.,Total number of matching positives in this prediction string 11.,22.25609756097561,13,System Boundary,standardized,no rag,Human,5
0,,"[1, 1, 1, 1, 0, 0, 1, 1, 1, 1, 1, 1, 0, 1, 0, 1, 0, 1, 1]","[1, 0, 1, 0, 0, 1, 1, 1, 1, 1, 0, 1, 0, 1, 0, 1, 0, 1, 1]","['True_animalFeed', 'True_water', 'True_liveAnimalInput', 'True_electricityFuel', 'True_transport', 'True_pesticideVeterinaryDrug', 'True_seed', 'True_otherChemical', 'True_animalPopulation', 'True_freshForage', 'True_excreta', 'True_product', 'True_waste', 'True_soilAmendment', 'True_operation', 'True_fertiliser', 'True_material', 'True_ingredient', 'True_cropResidue']",ML model predicted True_pesticideVeterinaryDrug but the humans predicted No True_pesticideVeterinaryDrug.,Total number of matching positives in this prediction string 11.,51.21951219512195,13,System Boundary,standardized,no rag,AI,1
0,,"[1, 1, 0, 1, 0, 0, 1, 1, 1, 1, 1, 1, 1, 1, 0, 1, 0, 1, 1]","[1, 1, 1, 1, 0, 0, 1, 1, 1, 1, 1, 1, 1, 1, 0, 1, 0, 1, 1]","['True_animalFeed', 'True_water', 'True_liveAnimalInput', 'True_electricityFuel', 'True_transport', 'True_pesticideVeterinaryDrug', 'True_seed', 'True_otherChemical', 'True_animalPopulation', 'True_freshForage', 'True_excreta', 'True_product', 'True_waste', 'True_soilAmendment', 'True_operation', 'True_fertiliser', 'True_material', 'True_ingredient', 'True_cropResidue']",ML model predicted True_liveAnimalInput but the humans predicted No True_liveAnimalInput.,Total number of matching positives in this prediction string 14.,90.1470588235294,13,System Boundary,original,rag,AI,7
0,,"[1, 1, 0, 1, 0, 0, 1, 1, 1, 1, 1, 1, 1, 1, 0, 1, 0, 1, 1]","[1, 1, 1, 1, 0, 0, 1, 1, 1, 1, 1, 1, 1, 1, 0, 1, 0, 1, 1]","['True_animalFeed', 'True_water', 'True_liveAnimalInput', 'True_electricityFuel', 'True_transport', 'True_pesticideVeterinaryDrug', 'True_seed', 'True_otherChemical', 'True_animalPopulation', 'True_freshForage', 'True_excreta', 'True_product', 'True_waste', 'True_soilAmendment', 'True_operation', 'True_fertiliser', 'True_material', 'True_ingredient', 'True_cropResidue']",ML model predicted True_liveAnimalInput but the humans predicted No True_liveAnimalInput.,Total number of matching positives in this prediction string 14.,90.1470588235294,13,System Boundary,original,no rag,AI,7
0,,"[1, 1, 1, 1, 0, 0, 1, 1, 1, 1, 1, 1, 0, 1, 0, 1, 0, 1, 1]","[1, 0, 1, 0, 0, 0, 1, 1, 1, 1, 0, 1, 0, 1, 0, 1, 0, 1, 1]","['True_animalFeed', 'True_water', 'True_liveAnimalInput', 'True_electricityFuel', 'True_transport', 'True_pesticideVeterinaryDrug', 'True_seed', 'True_otherChemical', 'True_animalPopulation', 'True_freshForage', 'True_excreta', 'True_product', 'True_waste', 'True_soilAmendment', 'True_operation', 'True_fertiliser', 'True_material', 'True_ingredient', 'True_cropResidue']",ML model predicted No True_water but the humans predicted True_water.,Total number of matching positives in this prediction string 11.,21.49390243902439,13,System Boundary,standardized,no rag,Human,5
0,,"[1, 1, 1, 1, 0, 0, 1, 1, 1, 1, 1, 1, 0, 1, 0, 1, 0, 1, 1]","[1, 0, 1, 0, 0, 0, 1, 1, 1, 1, 0, 1, 0, 1, 0, 1, 0, 1, 1]","['True_animalFeed', 'True_water', 'True_liveAnimalInput', 'True_electricityFuel', 'True_transport', 'True_pesticideVeterinaryDrug', 'True_seed', 'True_otherChemical', 'True_animalPopulation', 'True_freshForage', 'True_excreta', 'True_product', 'True_waste', 'True_soilAmendment', 'True_operation', 'True_fertiliser', 'True_material', 'True_ingredient', 'True_cropResidue']",ML model predicted No True_electricityFuel but the humans predicted True_electricityFuel.,Total number of matching positives in this prediction string 11.,68.90243902439025,13,System Boundary,standardized,no rag,Human,5
0,,"[1, 0, 1, 0, 0, 1, 1, 1, 1, 1, 0, 1, 0, 1, 0, 1, 0, 1, 1]","[1, 0, 1, 0, 0, 0, 1, 1, 1, 1, 0, 1, 0, 1, 0, 1, 0, 1, 1]","['True_animalFeed', 'True_water', 'True_liveAnimalInput', 'True_electricityFuel', 'True_transport', 'True_pesticideVeterinaryDrug', 'True_seed', 'True_otherChemical', 'True_animalPopulation', 'True_freshForage', 'True_excreta', 'True_product', 'True_waste', 'True_soilAmendment', 'True_operation', 'True_fertiliser', 'True_material', 'True_ingredient', 'True_cropResidue']",ML model predicted No True_pesticideVeterinaryDrug but the humans predicted True_pesticideVeterinaryDrug.,Total number of matching positives in this prediction string 11.,51.21951219512195,14,System Boundary,standardized,rag,Human,7
0,,"[0, 0, 1, 0, 0, 0]","[1, 0, 0, 0, 0, 0]","['economic', 'energy', 'none required', 'none', 'mass', 'biophysical']",ML model predicted economic but the humans predicted No economic.,Total number of matching positives in this prediction string 0.,68.08823529411765,14,Allocation,original,no rag,AI,1
0,,"[0, 0, 1, 0, 0, 0]","[1, 0, 0, 0, 0, 0]","['economic', 'energy', 'none required', 'none', 'mass', 'biophysical']",ML model predicted No none required but the humans predicted none required.,Total number of matching positives in this prediction string 0.,17.941176470588236,14,Allocation,original,no rag,Human,1
0,,"[0, 0, 1, 0, 0, 0]","[1, 0, 0, 0, 0, 0]","['economic', 'energy', 'none required', 'none', 'mass', 'biophysical']",ML model predicted economic but the humans predicted No economic.,Total number of matching positives in this prediction string 0.,68.08823529411765,14,Allocation,original,rag,AI,1
0,,"[0, 0, 1, 0, 0, 0]","[1, 0, 0, 0, 0, 0]","['economic', 'energy', 'none required', 'none', 'mass', 'biophysical']",ML model predicted No none required but the humans predicted none required.,Total number of matching positives in this prediction string 0.,17.941176470588236,14,Allocation,original,rag,Human,1
0,,"[0, 0, 1, 0, 0, 0]","[0, 0, 0, 0, 0, 0]","['economic', 'energy', 'none required', 'none', 'mass', 'biophysical']",ML model predicted No none required but the humans predicted none required.,Total number of matching positives in this prediction string 0.,17.941176470588236,14,Allocation,original,no rag,Human,1
0,,"[1, 0, 1, 0, 0, 1, 1, 1, 1, 1, 0, 1, 0, 1, 0, 1, 0, 1, 1]","[1, 0, 1, 0, 0, 0, 1, 1, 1, 1, 0, 1, 0, 1, 0, 1, 0, 1, 1]","['True_animalFeed', 'True_water', 'True_liveAnimalInput', 'True_electricityFuel', 'True_transport', 'True_pesticideVeterinaryDrug', 'True_seed', 'True_otherChemical', 'True_animalPopulation', 'True_freshForage', 'True_excreta', 'True_product', 'True_waste', 'True_soilAmendment', 'True_operation', 'True_fertiliser', 'True_material', 'True_ingredient', 'True_cropResidue']",ML model predicted No True_pesticideVeterinaryDrug but the humans predicted True_pesticideVeterinaryDrug.,Total number of matching positives in this prediction string 11.,51.21951219512195,14,System Boundary,standardized,no rag,Human,7
0,,"[1, 0, 1, 1, 0, 1, 1, 1, 1, 0, 0, 1, 0, 1, 1, 1, 0, 1, 0]","[1, 0, 1, 1, 0, 1, 1, 1, 1, 1, 0, 1, 0, 1, 1, 1, 0, 1, 0]","['True_animalFeed', 'True_water', 'True_liveAnimalInput', 'True_electricityFuel', 'True_transport', 'True_pesticideVeterinaryDrug', 'True_seed', 'True_otherChemical', 'True_animalPopulation', 'True_freshForage', 'True_excreta', 'True_product', 'True_waste', 'True_soilAmendment', 'True_operation', 'True_fertiliser', 'True_material', 'True_ingredient', 'True_cropResidue']",ML model predicted True_freshForage but the humans predicted No True_freshForage.,Total number of matching positives in this prediction string 12.,87.5,17,System Boundary,standardized,no rag,AI,1
0,,"[1, 0, 1, 0, 0, 0, 1, 1, 1, 0, 0, 1, 0, 0, 0, 0, 0, 1, 1]","[1, 0, 1, 0, 0, 0, 0, 1, 1, 1, 0, 1, 0, 0, 0, 0, 0, 1, 1]","['True_animalFeed', 'True_water', 'True_liveAnimalInput', 'True_electricityFuel', 'True_transport', 'True_pesticideVeterinaryDrug', 'True_seed', 'True_otherChemical', 'True_animalPopulation', 'True_freshForage', 'True_excreta', 'True_product', 'True_waste', 'True_soilAmendment', 'True_operation', 'True_fertiliser', 'True_material', 'True_ingredient', 'True_cropResidue']",ML model predicted No True_seed but the humans predicted True_seed.,Total number of matching positives in this prediction string 7.,89.48170731707317,18,System Boundary,standardized,rag,Human,5
0,,"[1, 0, 1, 0, 0, 0, 1, 1, 1, 0, 0, 1, 0, 0, 0, 0, 0, 1, 1]","[1, 0, 1, 0, 0, 0, 0, 1, 1, 1, 0, 1, 0, 0, 0, 0, 0, 1, 1]","['True_animalFeed', 'True_water', 'True_liveAnimalInput', 'True_electricityFuel', 'True_transport', 'True_pesticideVeterinaryDrug', 'True_seed', 'True_otherChemical', 'True_animalPopulation', 'True_freshForage', 'True_excreta', 'True_product', 'True_waste', 'True_soilAmendment', 'True_operation', 'True_fertiliser', 'True_material', 'True_ingredient', 'True_cropResidue']",ML model predicted No True_seed but the humans predicted True_seed.,Total number of matching positives in this prediction string 7.,89.48170731707317,18,System Boundary,standardized,no rag,Human,5
0,,"[1, 0, 1, 0, 0, 0, 1, 1, 1, 0, 0, 1, 0, 0, 0, 0, 0, 1, 1]","[1, 0, 1, 0, 0, 0, 0, 0, 1, 1, 0, 0, 0, 0, 0, 0, 0, 1, 1]","['True_animalFeed', 'True_water', 'True_liveAnimalInput', 'True_electricityFuel', 'True_transport', 'True_pesticideVeterinaryDrug', 'True_seed', 'True_otherChemical', 'True_animalPopulation', 'True_freshForage', 'True_excreta', 'True_product', 'True_waste', 'True_soilAmendment', 'True_operation', 'True_fertiliser', 'True_material', 'True_ingredient', 'True_cropResidue']",ML model predicted No True_seed but the humans predicted True_seed.,Total number of matching positives in this prediction string 5.,89.48170731707317,18,System Boundary,standardized,rag,Human,1
0,,"[1, 0, 1, 0, 0, 0, 1, 1, 1, 0, 0, 1, 0, 0, 0, 0, 0, 1, 1]","[1, 0, 1, 0, 0, 0, 0, 0, 1, 1, 0, 0, 0, 0, 0, 0, 0, 1, 1]","['True_animalFeed', 'True_water', 'True_liveAnimalInput', 'True_electricityFuel', 'True_transport', 'True_pesticideVeterinaryDrug', 'True_seed', 'True_otherChemical', 'True_animalPopulation', 'True_freshForage', 'True_excreta', 'True_product', 'True_waste', 'True_soilAmendment', 'True_operation', 'True_fertiliser', 'True_material', 'True_ingredient', 'True_cropResidue']",ML model predicted No True_otherChemical but the humans predicted True_otherChemical.,Total number of matching positives in this prediction string 5.,90.70121951219512,18,System Boundary,standardized,rag,Human,1
0,,"[1, 0, 1, 0, 0, 0, 1, 1, 1, 0, 0, 1, 0, 0, 0, 0, 0, 1, 1]","[1, 0, 1, 0, 0, 0, 0, 0, 1, 1, 0, 0, 0, 0, 0, 0, 0, 1, 1]","['True_animalFeed', 'True_water', 'True_liveAnimalInput', 'True_electricityFuel', 'True_transport', 'True_pesticideVeterinaryDrug', 'True_seed', 'True_otherChemical', 'True_animalPopulation', 'True_freshForage', 'True_excreta', 'True_product', 'True_waste', 'True_soilAmendment', 'True_operation', 'True_fertiliser', 'True_material', 'True_ingredient', 'True_cropResidue']",ML model predicted True_freshForage but the humans predicted No True_freshForage.,Total number of matching positives in this prediction string 5.,87.5,18,System Boundary,standardized,rag,AI,1
0,,"[1, 0, 1, 0, 0, 0, 1, 1, 1, 0, 0, 1, 0, 0, 0, 0, 0, 1, 1]","[1, 0, 1, 0, 0, 0, 0, 0, 1, 1, 0, 0, 0, 0, 0, 0, 0, 1, 1]","['True_animalFeed', 'True_water', 'True_liveAnimalInput', 'True_electricityFuel', 'True_transport', 'True_pesticideVeterinaryDrug', 'True_seed', 'True_otherChemical', 'True_animalPopulation', 'True_freshForage', 'True_excreta', 'True_product', 'True_waste', 'True_soilAmendment', 'True_operation', 'True_fertiliser', 'True_material', 'True_ingredient', 'True_cropResidue']",ML model predicted No True_product but the humans predicted True_product.,Total number of matching positives in this prediction string 5.,93.14024390243902,18,System Boundary,standardized,rag,Human,1
0,,"[1, 0, 1, 0, 0, 0, 1, 1, 1, 0, 0, 1, 0, 0, 0, 0, 0, 1, 1]","[1, 0, 1, 0, 0, 0, 0, 0, 1, 1, 0, 1, 0, 0, 0, 0, 0, 1, 1]","['True_animalFeed', 'True_water', 'True_liveAnimalInput', 'True_electricityFuel', 'True_transport', 'True_pesticideVeterinaryDrug', 'True_seed', 'True_otherChemical', 'True_animalPopulation', 'True_freshForage', 'True_excreta', 'True_product', 'True_waste', 'True_soilAmendment', 'True_operation', 'True_fertiliser', 'True_material', 'True_ingredient', 'True_cropResidue']",ML model predicted No True_seed but the humans predicted True_seed.,Total number of matching positives in this prediction string 6.,89.48170731707317,18,System Boundary,standardized,no rag,Human,1
0,,"[1, 0, 1, 0, 0, 0, 1, 1, 1, 0, 0, 1, 0, 0, 0, 0, 0, 1, 1]","[1, 0, 1, 0, 0, 0, 0, 0, 1, 1, 0, 1, 0, 0, 0, 0, 0, 1, 1]","['True_animalFeed', 'True_water', 'True_liveAnimalInput', 'True_electricityFuel', 'True_transport', 'True_pesticideVeterinaryDrug', 'True_seed', 'True_otherChemical', 'True_animalPopulation', 'True_freshForage', 'True_excreta', 'True_product', 'True_waste', 'True_soilAmendment', 'True_operation', 'True_fertiliser', 'True_material', 'True_ingredient', 'True_cropResidue']",ML model predicted No True_otherChemical but the humans predicted True_otherChemical.,Total number of matching positives in this prediction string 6.,90.70121951219512,18,System Boundary,standardized,no rag,Human,1
0,,"[1, 0, 1, 0, 0, 0, 1, 1, 1, 0, 0, 1, 0, 0, 0, 0, 0, 1, 1]","[1, 0, 1, 0, 0, 0, 0, 0, 1, 1, 0, 1, 0, 0, 0, 0, 0, 1, 1]","['True_animalFeed', 'True_water', 'True_liveAnimalInput', 'True_electricityFuel', 'True_transport', 'True_pesticideVeterinaryDrug', 'True_seed', 'True_otherChemical', 'True_animalPopulation', 'True_freshForage', 'True_excreta', 'True_product', 'True_waste', 'True_soilAmendment', 'True_operation', 'True_fertiliser', 'True_material', 'True_ingredient', 'True_cropResidue']",ML model predicted True_freshForage but the humans predicted No True_freshForage.,Total number of matching positives in this prediction string 6.,87.5,18,System Boundary,standardized,no rag,AI,1
0,,"[1, 0, 1, 0, 0, 0, 1, 1, 1, 0, 0, 1, 0, 0, 0, 0, 0, 1, 1]","[1, 0, 1, 0, 0, 0, 0, 1, 1, 1, 0, 0, 0, 0, 0, 0, 0, 1, 1]","['True_animalFeed', 'True_water', 'True_liveAnimalInput', 'True_electricityFuel', 'True_transport', 'True_pesticideVeterinaryDrug', 'True_seed', 'True_otherChemical', 'True_animalPopulation', 'True_freshForage', 'True_excreta', 'True_product', 'True_waste', 'True_soilAmendment', 'True_operation', 'True_fertiliser', 'True_material', 'True_ingredient', 'True_cropResidue']",ML model predicted No True_seed but the humans predicted True_seed.,Total number of matching positives in this prediction string 6.,89.48170731707317,18,System Boundary,standardized,no rag,Human,1
0,,"[1, 0, 1, 0, 0, 0, 1, 1, 1, 0, 0, 1, 0, 0, 0, 0, 0, 1, 1]","[1, 0, 1, 0, 0, 0, 0, 1, 1, 1, 0, 0, 0, 0, 0, 0, 0, 1, 1]","['True_animalFeed', 'True_water', 'True_liveAnimalInput', 'True_electricityFuel', 'True_transport', 'True_pesticideVeterinaryDrug', 'True_seed', 'True_otherChemical', 'True_animalPopulation', 'True_freshForage', 'True_excreta', 'True_product', 'True_waste', 'True_soilAmendment', 'True_operation', 'True_fertiliser', 'True_material', 'True_ingredient', 'True_cropResidue']",ML model predicted True_freshForage but the humans predicted No True_freshForage.,Total number of matching positives in this prediction string 6.,87.5,18,System Boundary,standardized,rag,AI,1
0,,"[1, 0, 1, 0, 0, 0, 1, 1, 1, 0, 0, 1, 0, 0, 0, 0, 0, 1, 1]","[1, 0, 1, 0, 0, 0, 0, 1, 1, 1, 0, 0, 0, 0, 0, 0, 0, 1, 1]","['True_animalFeed', 'True_water', 'True_liveAnimalInput', 'True_electricityFuel', 'True_transport', 'True_pesticideVeterinaryDrug', 'True_seed', 'True_otherChemical', 'True_animalPopulation', 'True_freshForage', 'True_excreta', 'True_product', 'True_waste', 'True_soilAmendment', 'True_operation', 'True_fertiliser', 'True_material', 'True_ingredient', 'True_cropResidue']",ML model predicted True_freshForage but the humans predicted No True_freshForage.,Total number of matching positives in this prediction string 6.,87.5,18,System Boundary,standardized,no rag,AI,1
0,,"[1, 0, 1, 0, 0, 0, 1, 1, 1, 0, 0, 1, 0, 0, 0, 0, 0, 1, 1]","[1, 0, 1, 0, 0, 0, 0, 1, 1, 1, 0, 0, 0, 0, 0, 0, 0, 1, 1]","['True_animalFeed', 'True_water', 'True_liveAnimalInput', 'True_electricityFuel', 'True_transport', 'True_pesticideVeterinaryDrug', 'True_seed', 'True_otherChemical', 'True_animalPopulation', 'True_freshForage', 'True_excreta', 'True_product', 'True_waste', 'True_soilAmendment', 'True_operation', 'True_fertiliser', 'True_material', 'True_ingredient', 'True_cropResidue']",ML model predicted No True_product but the humans predicted True_product.,Total number of matching positives in this prediction string 6.,93.14024390243902,18,System Boundary,standardized,no rag,Human,1
0,,"[1, 0, 1, 0, 0, 0, 1, 1, 1, 0, 0, 1, 0, 0, 0, 0, 0, 1, 1]","[1, 0, 1, 0, 0, 0, 0, 1, 1, 1, 0, 0, 0, 0, 0, 0, 0, 1, 1]","['True_animalFeed', 'True_water', 'True_liveAnimalInput', 'True_electricityFuel', 'True_transport', 'True_pesticideVeterinaryDrug', 'True_seed', 'True_otherChemical', 'True_animalPopulation', 'True_freshForage', 'True_excreta', 'True_product', 'True_waste', 'True_soilAmendment', 'True_operation', 'True_fertiliser', 'True_material', 'True_ingredient', 'True_cropResidue']",ML model predicted No True_seed but the humans predicted True_seed.,Total number of matching positives in this prediction string 6.,89.48170731707317,18,System Boundary,standardized,rag,Human,1
0,,"[1, 0, 1, 0, 0, 0, 1, 1, 1, 0, 0, 1, 0, 0, 0, 0, 0, 1, 1]","[1, 0, 1, 0, 0, 0, 0, 1, 1, 1, 0, 1, 0, 0, 0, 0, 0, 1, 1]","['True_animalFeed', 'True_water', 'True_liveAnimalInput', 'True_electricityFuel', 'True_transport', 'True_pesticideVeterinaryDrug', 'True_seed', 'True_otherChemical', 'True_animalPopulation', 'True_freshForage', 'True_excreta', 'True_product', 'True_waste', 'True_soilAmendment', 'True_operation', 'True_fertiliser', 'True_material', 'True_ingredient', 'True_cropResidue']",ML model predicted True_freshForage but the humans predicted No True_freshForage.,Total number of matching positives in this prediction string 7.,87.5,18,System Boundary,standardized,rag,AI,5
0,,"[1, 0, 1, 0, 0, 0, 1, 1, 1, 0, 0, 1, 0, 0, 0, 0, 0, 1, 1]","[1, 0, 1, 0, 0, 0, 0, 1, 1, 1, 0, 1, 0, 0, 0, 0, 0, 1, 1]","['True_animalFeed', 'True_water', 'True_liveAnimalInput', 'True_electricityFuel', 'True_transport', 'True_pesticideVeterinaryDrug', 'True_seed', 'True_otherChemical', 'True_animalPopulation', 'True_freshForage', 'True_excreta', 'True_product', 'True_waste', 'True_soilAmendment', 'True_operation', 'True_fertiliser', 'True_material', 'True_ingredient', 'True_cropResidue']",ML model predicted True_freshForage but the humans predicted No True_freshForage.,Total number of matching positives in this prediction string 7.,87.5,18,System Boundary,standardized,no rag,AI,5
0,,"[1, 0, 1, 0, 0, 0, 1, 1, 1, 0, 0, 1, 0, 0, 0, 0, 0, 1, 1]","[1, 0, 1, 0, 0, 0, 0, 1, 1, 1, 0, 0, 0, 0, 0, 0, 0, 1, 1]","['True_animalFeed', 'True_water', 'True_liveAnimalInput', 'True_electricityFuel', 'True_transport', 'True_pesticideVeterinaryDrug', 'True_seed', 'True_otherChemical', 'True_animalPopulation', 'True_freshForage', 'True_excreta', 'True_product', 'True_waste', 'True_soilAmendment', 'True_operation', 'True_fertiliser', 'True_material', 'True_ingredient', 'True_cropResidue']",ML model predicted No True_product but the humans predicted True_product.,Total number of matching positives in this prediction string 6.,93.14024390243902,18,System Boundary,standardized,rag,Human,1
0,,"[0, 0, 1, 0, 0, 0]","[0, 0, 0, 0, 0, 0]","['economic', 'energy', 'none required', 'none', 'mass', 'biophysical']",ML model predicted No none required but the humans predicted none required.,Total number of matching positives in this prediction string 0.,17.941176470588236,18,Allocation,original,no rag,Human,1
0,,"[1, 1, 1, 1, 0, 0, 1, 1, 1, 1, 1, 1, 1, 1, 0, 1, 0, 1, 1]","[1, 0, 0, 1, 0, 0, 1, 1, 1, 1, 0, 1, 0, 1, 0, 1, 0, 1, 1]","['True_animalFeed', 'True_water', 'True_liveAnimalInput', 'True_electricityFuel', 'True_transport', 'True_pesticideVeterinaryDrug', 'True_seed', 'True_otherChemical', 'True_animalPopulation', 'True_freshForage', 'True_excreta', 'True_product', 'True_waste', 'True_soilAmendment', 'True_operation', 'True_fertiliser', 'True_material', 'True_ingredient', 'True_cropResidue']",ML model predicted No True_liveAnimalInput but the humans predicted True_liveAnimalInput.,Total number of matching positives in this prediction string 11.,88.71951219512195,19,System Boundary,standardized,no rag,Human,1
0,,"[1, 1, 1, 1, 0, 0, 1, 1, 1, 1, 1, 1, 1, 1, 0, 1, 0, 1, 1]","[1, 1, 0, 1, 0, 0, 1, 1, 1, 1, 0, 1, 0, 1, 0, 1, 0, 1, 1]","['True_animalFeed', 'True_water', 'True_liveAnimalInput', 'True_electricityFuel', 'True_transport', 'True_pesticideVeterinaryDrug', 'True_seed', 'True_otherChemical', 'True_animalPopulation', 'True_freshForage', 'True_excreta', 'True_product', 'True_waste', 'True_soilAmendment', 'True_operation', 'True_fertiliser', 'True_material', 'True_ingredient', 'True_cropResidue']",ML model predicted No True_excreta but the humans predicted True_excreta.,Total number of matching positives in this prediction string 12.,22.25609756097561,19,System Boundary,standardized,rag,Human,1
0,,"[1, 1, 1, 1, 0, 0, 1, 1, 1, 1, 1, 1, 1, 1, 0, 1, 0, 1, 1]","[1, 1, 0, 1, 0, 0, 1, 1, 1, 1, 0, 1, 0, 1, 0, 1, 0, 1, 1]","['True_animalFeed', 'True_water', 'True_liveAnimalInput', 'True_electricityFuel', 'True_transport', 'True_pesticideVeterinaryDrug', 'True_seed', 'True_otherChemical', 'True_animalPopulation', 'True_freshForage', 'True_excreta', 'True_product', 'True_waste', 'True_soilAmendment', 'True_operation', 'True_fertiliser', 'True_material', 'True_ingredient', 'True_cropResidue']",ML model predicted No True_waste but the humans predicted True_waste.,Total number of matching positives in this prediction string 12.,10.365853658536585,19,System Boundary,standardized,rag,Human,1
0,,"[1, 1, 1, 1, 0, 0, 1, 1, 1, 1, 1, 1, 1, 1, 0, 1, 0, 1, 1]","[1, 1, 0, 1, 0, 0, 1, 1, 1, 1, 1, 1, 0, 1, 0, 1, 0, 1, 1]","['True_animalFeed', 'True_water', 'True_liveAnimalInput', 'True_electricityFuel', 'True_transport', 'True_pesticideVeterinaryDrug', 'True_seed', 'True_otherChemical', 'True_animalPopulation', 'True_freshForage', 'True_excreta', 'True_product', 'True_waste', 'True_soilAmendment', 'True_operation', 'True_fertiliser', 'True_material', 'True_ingredient', 'True_cropResidue']",ML model predicted No True_liveAnimalInput but the humans predicted True_liveAnimalInput.,Total number of matching positives in this prediction string 13.,88.71951219512195,19,System Boundary,standardized,no rag,Human,1
0,,"[1, 1, 1, 1, 0, 0, 1, 1, 1, 1, 1, 1, 1, 1, 0, 1, 0, 1, 1]","[1, 1, 0, 1, 0, 0, 1, 1, 1, 1, 1, 1, 0, 1, 0, 1, 0, 1, 1]","['True_animalFeed', 'True_water', 'True_liveAnimalInput', 'True_electricityFuel', 'True_transport', 'True_pesticideVeterinaryDrug', 'True_seed', 'True_otherChemical', 'True_animalPopulation', 'True_freshForage', 'True_excreta', 'True_product', 'True_waste', 'True_soilAmendment', 'True_operation', 'True_fertiliser', 'True_material', 'True_ingredient', 'True_cropResidue']",ML model predicted No True_waste but the humans predicted True_waste.,Total number of matching positives in this prediction string 13.,10.365853658536585,19,System Boundary,standardized,no rag,Human,1
0,,"[1, 1, 1, 1, 0, 0, 1, 1, 1, 1, 1, 1, 1, 1, 0, 1, 0, 1, 1]","[1, 1, 1, 1, 0, 0, 1, 1, 1, 1, 0, 1, 0, 1, 0, 1, 0, 1, 1]","['True_animalFeed', 'True_water', 'True_liveAnimalInput', 'True_electricityFuel', 'True_transport', 'True_pesticideVeterinaryDrug', 'True_seed', 'True_otherChemical', 'True_animalPopulation', 'True_freshForage', 'True_excreta', 'True_product', 'True_waste', 'True_soilAmendment', 'True_operation', 'True_fertiliser', 'True_material', 'True_ingredient', 'True_cropResidue']",ML model predicted No True_excreta but the humans predicted True_excreta.,Total number of matching positives in this prediction string 13.,22.25609756097561,19,System Boundary,standardized,rag,Human,2
0,,"[1, 1, 1, 1, 0, 0, 1, 1, 1, 1, 1, 1, 1, 1, 0, 1, 0, 1, 1]","[1, 1, 1, 1, 0, 0, 1, 1, 1, 1, 0, 1, 0, 1, 0, 1, 0, 1, 1]","['True_animalFeed', 'True_water', 'True_liveAnimalInput', 'True_electricityFuel', 'True_transport', 'True_pesticideVeterinaryDrug', 'True_seed', 'True_otherChemical', 'True_animalPopulation', 'True_freshForage', 'True_excreta', 'True_product', 'True_waste', 'True_soilAmendment', 'True_operation', 'True_fertiliser', 'True_material', 'True_ingredient', 'True_cropResidue']",ML model predicted No True_waste but the humans predicted True_waste.,Total number of matching positives in this prediction string 13.,10.365853658536585,19,System Boundary,standardized,no rag,Human,2
0,,"[1, 1, 1, 1, 0, 0, 1, 1, 1, 1, 1, 1, 1, 1, 0, 1, 0, 1, 1]","[1, 1, 1, 1, 0, 0, 1, 1, 1, 1, 0, 1, 0, 1, 0, 1, 0, 1, 1]","['True_animalFeed', 'True_water', 'True_liveAnimalInput', 'True_electricityFuel', 'True_transport', 'True_pesticideVeterinaryDrug', 'True_seed', 'True_otherChemical', 'True_animalPopulation', 'True_freshForage', 'True_excreta', 'True_product', 'True_waste', 'True_soilAmendment', 'True_operation', 'True_fertiliser', 'True_material', 'True_ingredient', 'True_cropResidue']",ML model predicted No True_excreta but the humans predicted True_excreta.,Total number of matching positives in this prediction string 13.,22.25609756097561,19,System Boundary,standardized,no rag,Human,2
0,,"[1, 1, 1, 1, 0, 0, 1, 1, 1, 1, 1, 1, 1, 1, 0, 1, 0, 1, 1]","[1, 0, 0, 1, 0, 0, 1, 1, 1, 1, 0, 1, 0, 1, 0, 1, 0, 1, 1]","['True_animalFeed', 'True_water', 'True_liveAnimalInput', 'True_electricityFuel', 'True_transport', 'True_pesticideVeterinaryDrug', 'True_seed', 'True_otherChemical', 'True_animalPopulation', 'True_freshForage', 'True_excreta', 'True_product', 'True_waste', 'True_soilAmendment', 'True_operation', 'True_fertiliser', 'True_material', 'True_ingredient', 'True_cropResidue']",ML model predicted No True_water but the humans predicted True_water.,Total number of matching positives in this prediction string 11.,21.49390243902439,19,System Boundary,standardized,no rag,Human,1
0,,"[1, 1, 1, 1, 0, 0, 1, 1, 1, 1, 1, 1, 1, 1, 0, 1, 0, 1, 1]","[1, 1, 1, 0, 0, 0, 1, 1, 1, 1, 0, 1, 0, 1, 0, 1, 0, 1, 1]","['True_animalFeed', 'True_water', 'True_liveAnimalInput', 'True_electricityFuel', 'True_transport', 'True_pesticideVeterinaryDrug', 'True_seed', 'True_otherChemical', 'True_animalPopulation', 'True_freshForage', 'True_excreta', 'True_product', 'True_waste', 'True_soilAmendment', 'True_operation', 'True_fertiliser', 'True_material', 'True_ingredient', 'True_cropResidue']",ML model predicted No True_excreta but the humans predicted True_excreta.,Total number of matching positives in this prediction string 12.,22.25609756097561,19,System Boundary,standardized,rag,Human,1
0,,"[1, 1, 1, 1, 0, 0, 1, 1, 1, 1, 1, 1, 1, 1, 0, 1, 0, 1, 1]","[1, 1, 1, 0, 0, 0, 1, 1, 1, 1, 0, 1, 0, 1, 0, 1, 0, 1, 1]","['True_animalFeed', 'True_water', 'True_liveAnimalInput', 'True_electricityFuel', 'True_transport', 'True_pesticideVeterinaryDrug', 'True_seed', 'True_otherChemical', 'True_animalPopulation', 'True_freshForage', 'True_excreta', 'True_product', 'True_waste', 'True_soilAmendment', 'True_operation', 'True_fertiliser', 'True_material', 'True_ingredient', 'True_cropResidue']",ML model predicted No True_electricityFuel but the humans predicted True_electricityFuel.,Total number of matching positives in this prediction string 12.,68.90243902439025,19,System Boundary,standardized,rag,Human,1
0,,"[1, 1, 1, 1, 0, 0, 1, 1, 1, 1, 1, 1, 1, 1, 0, 1, 0, 1, 1]","[1, 1, 1, 0, 0, 0, 1, 1, 1, 1, 0, 1, 0, 1, 0, 1, 0, 1, 1]","['True_animalFeed', 'True_water', 'True_liveAnimalInput', 'True_electricityFuel', 'True_transport', 'True_pesticideVeterinaryDrug', 'True_seed', 'True_otherChemical', 'True_animalPopulation', 'True_freshForage', 'True_excreta', 'True_product', 'True_waste', 'True_soilAmendment', 'True_operation', 'True_fertiliser', 'True_material', 'True_ingredient', 'True_cropResidue']",ML model predicted No True_waste but the humans predicted True_waste.,Total number of matching positives in this prediction string 12.,10.365853658536585,19,System Boundary,standardized,no rag,Human,1
0,,"[1, 1, 1, 1, 0, 0, 1, 1, 1, 1, 1, 1, 1, 1, 0, 1, 0, 1, 1]","[1, 1, 1, 0, 0, 0, 1, 1, 1, 1, 0, 1, 0, 1, 0, 1, 0, 1, 1]","['True_animalFeed', 'True_water', 'True_liveAnimalInput', 'True_electricityFuel', 'True_transport', 'True_pesticideVeterinaryDrug', 'True_seed', 'True_otherChemical', 'True_animalPopulation', 'True_freshForage', 'True_excreta', 'True_product', 'True_waste', 'True_soilAmendment', 'True_operation', 'True_fertiliser', 'True_material', 'True_ingredient', 'True_cropResidue']",ML model predicted No True_electricityFuel but the humans predicted True_electricityFuel.,Total number of matching positives in this prediction string 12.,68.90243902439025,19,System Boundary,standardized,no rag,Human,1
0,,"[1, 1, 1, 1, 0, 0, 1, 1, 1, 1, 1, 1, 1, 1, 0, 1, 0, 1, 1]","[1, 1, 1, 0, 0, 0, 1, 1, 1, 1, 0, 1, 0, 1, 0, 1, 0, 1, 1]","['True_animalFeed', 'True_water', 'True_liveAnimalInput', 'True_electricityFuel', 'True_transport', 'True_pesticideVeterinaryDrug', 'True_seed', 'True_otherChemical', 'True_animalPopulation', 'True_freshForage', 'True_excreta', 'True_product', 'True_waste', 'True_soilAmendment', 'True_operation', 'True_fertiliser', 'True_material', 'True_ingredient', 'True_cropResidue']",ML model predicted No True_excreta but the humans predicted True_excreta.,Total number of matching positives in this prediction string 12.,22.25609756097561,19,System Boundary,standardized,no rag,Human,1
0,,"[0, 0, 1, 0, 0, 0]","[0, 0, 0, 0, 0, 0]","['economic', 'energy', 'none required', 'none', 'mass', 'biophysical']",ML model predicted No none required but the humans predicted none required.,Total number of matching positives in this prediction string 0.,17.941176470588236,19,Allocation,original,no rag,Human,1
0,,"[1, 0, 0, 0, 0, 0, 1, 0, 0]","[1, 0, 0, 0, 0, 0, 0, 0, 0]","['relative', 'kg FPCM', '1 ha', 'number', 'kg liveweight', 'kg ready-to-cook weight', 'kg cold dressed carcass weight', 'kg', 'kg cold carcass weight']",ML model predicted No kg cold dressed carcass weight but the humans predicted kg cold dressed carcass weight.,Total number of matching positives in this prediction string 1.,3.823529411764706,19,Functional Unit,original,no rag,Human,1
0,,"[1, 1, 1, 1, 0, 0, 1, 1, 1, 1, 1, 1, 1, 1, 0, 1, 0, 1, 1]","[1, 1, 0, 1, 0, 0, 1, 1, 1, 1, 0, 1, 0, 1, 0, 1, 0, 1, 1]","['True_animalFeed', 'True_water', 'True_liveAnimalInput', 'True_electricityFuel', 'True_transport', 'True_pesticideVeterinaryDrug', 'True_seed', 'True_otherChemical', 'True_animalPopulation', 'True_freshForage', 'True_excreta', 'True_product', 'True_waste', 'True_soilAmendment', 'True_operation', 'True_fertiliser', 'True_material', 'True_ingredient', 'True_cropResidue']",ML model predicted No True_liveAnimalInput but the humans predicted True_liveAnimalInput.,Total number of matching positives in this prediction string 12.,88.71951219512195,19,System Boundary,standardized,rag,Human,1
0,,"[1, 1, 1, 1, 0, 0, 1, 1, 1, 1, 1, 1, 1, 1, 0, 1, 0, 1, 1]","[1, 1, 1, 1, 0, 0, 1, 1, 1, 1, 0, 1, 0, 1, 0, 1, 0, 1, 1]","['True_animalFeed', 'True_water', 'True_liveAnimalInput', 'True_electricityFuel', 'True_transport', 'True_pesticideVeterinaryDrug', 'True_seed', 'True_otherChemical', 'True_animalPopulation', 'True_freshForage', 'True_excreta', 'True_product', 'True_waste', 'True_soilAmendment', 'True_operation', 'True_fertiliser', 'True_material', 'True_ingredient', 'True_cropResidue']",ML model predicted No True_waste but the humans predicted True_waste.,Total number of matching positives in this prediction string 13.,10.365853658536585,19,System Boundary,standardized,rag,Human,2
0,,"[1, 1, 1, 1, 0, 0, 1, 1, 1, 1, 1, 1, 1, 1, 0, 1, 0, 1, 1]","[1, 1, 1, 0, 0, 0, 1, 1, 1, 1, 0, 1, 0, 1, 0, 1, 0, 1, 1]","['True_animalFeed', 'True_water', 'True_liveAnimalInput', 'True_electricityFuel', 'True_transport', 'True_pesticideVeterinaryDrug', 'True_seed', 'True_otherChemical', 'True_animalPopulation', 'True_freshForage', 'True_excreta', 'True_product', 'True_waste', 'True_soilAmendment', 'True_operation', 'True_fertiliser', 'True_material', 'True_ingredient', 'True_cropResidue']",ML model predicted No True_waste but the humans predicted True_waste.,Total number of matching positives in this prediction string 12.,10.365853658536585,19,System Boundary,standardized,rag,Human,1
0,,"[1, 1, 1, 1, 0, 0, 1, 1, 1, 1, 1, 1, 1, 1, 0, 1, 0, 1, 1]","[1, 0, 1, 1, 0, 0, 1, 1, 1, 1, 0, 1, 0, 1, 0, 1, 0, 1, 1]","['True_animalFeed', 'True_water', 'True_liveAnimalInput', 'True_electricityFuel', 'True_transport', 'True_pesticideVeterinaryDrug', 'True_seed', 'True_otherChemical', 'True_animalPopulation', 'True_freshForage', 'True_excreta', 'True_product', 'True_waste', 'True_soilAmendment', 'True_operation', 'True_fertiliser', 'True_material', 'True_ingredient', 'True_cropResidue']",ML model predicted No True_waste but the humans predicted True_waste.,Total number of matching positives in this prediction string 12.,10.365853658536585,19,System Boundary,standardized,rag,Human,2
0,,"[1, 1, 1, 1, 0, 0, 1, 1, 1, 1, 1, 1, 1, 1, 0, 1, 0, 1, 1]","[1, 0, 0, 1, 0, 0, 1, 1, 1, 1, 0, 1, 0, 1, 0, 1, 0, 1, 1]","['True_animalFeed', 'True_water', 'True_liveAnimalInput', 'True_electricityFuel', 'True_transport', 'True_pesticideVeterinaryDrug', 'True_seed', 'True_otherChemical', 'True_animalPopulation', 'True_freshForage', 'True_excreta', 'True_product', 'True_waste', 'True_soilAmendment', 'True_operation', 'True_fertiliser', 'True_material', 'True_ingredient', 'True_cropResidue']",ML model predicted No True_excreta but the humans predicted True_excreta.,Total number of matching positives in this prediction string 11.,22.25609756097561,19,System Boundary,standardized,no rag,Human,1
0,,"[1, 1, 1, 1, 0, 0, 1, 1, 1, 1, 1, 1, 1, 1, 0, 1, 0, 1, 1]","[1, 0, 0, 1, 0, 0, 1, 1, 1, 1, 0, 1, 0, 1, 0, 1, 0, 1, 1]","['True_animalFeed', 'True_water', 'True_liveAnimalInput', 'True_electricityFuel', 'True_transport', 'True_pesticideVeterinaryDrug', 'True_seed', 'True_otherChemical', 'True_animalPopulation', 'True_freshForage', 'True_excreta', 'True_product', 'True_waste', 'True_soilAmendment', 'True_operation', 'True_fertiliser', 'True_material', 'True_ingredient', 'True_cropResidue']",ML model predicted No True_waste but the humans predicted True_waste.,Total number of matching positives in this prediction string 11.,10.365853658536585,19,System Boundary,standardized,no rag,Human,1
0,,"[1, 1, 1, 1, 0, 0, 1, 1, 1, 1, 1, 1, 1, 1, 0, 1, 0, 1, 1]","[1, 0, 1, 0, 0, 0, 1, 1, 1, 1, 0, 1, 0, 1, 0, 1, 0, 1, 1]","['True_animalFeed', 'True_water', 'True_liveAnimalInput', 'True_electricityFuel', 'True_transport', 'True_pesticideVeterinaryDrug', 'True_seed', 'True_otherChemical', 'True_animalPopulation', 'True_freshForage', 'True_excreta', 'True_product', 'True_waste', 'True_soilAmendment', 'True_operation', 'True_fertiliser', 'True_material', 'True_ingredient', 'True_cropResidue']",ML model predicted No True_water but the humans predicted True_water.,Total number of matching positives in this prediction string 11.,21.49390243902439,19,System Boundary,standardized,rag,Human,1
0,,"[1, 1, 1, 1, 0, 0, 1, 1, 1, 1, 1, 1, 1, 1, 0, 1, 0, 1, 1]","[1, 1, 1, 1, 0, 0, 1, 1, 1, 1, 1, 1, 0, 1, 0, 1, 0, 1, 1]","['True_animalFeed', 'True_water', 'True_liveAnimalInput', 'True_electricityFuel', 'True_transport', 'True_pesticideVeterinaryDrug', 'True_seed', 'True_otherChemical', 'True_animalPopulation', 'True_freshForage', 'True_excreta', 'True_product', 'True_waste', 'True_soilAmendment', 'True_operation', 'True_fertiliser', 'True_material', 'True_ingredient', 'True_cropResidue']",ML model predicted No True_waste but the humans predicted True_waste.,Total number of matching positives in this prediction string 14.,10.365853658536585,19,System Boundary,standardized,no rag,Human,1
0,,"[1, 1, 1, 1, 0, 0, 1, 1, 1, 1, 1, 1, 1, 1, 0, 1, 0, 1, 1]","[1, 0, 1, 0, 0, 0, 1, 1, 1, 1, 0, 1, 0, 1, 0, 1, 0, 1, 1]","['True_animalFeed', 'True_water', 'True_liveAnimalInput', 'True_electricityFuel', 'True_transport', 'True_pesticideVeterinaryDrug', 'True_seed', 'True_otherChemical', 'True_animalPopulation', 'True_freshForage', 'True_excreta', 'True_product', 'True_waste', 'True_soilAmendment', 'True_operation', 'True_fertiliser', 'True_material', 'True_ingredient', 'True_cropResidue']",ML model predicted No True_excreta but the humans predicted True_excreta.,Total number of matching positives in this prediction string 11.,22.25609756097561,19,System Boundary,standardized,rag,Human,1
0,,"[1, 1, 1, 1, 0, 0, 1, 1, 1, 1, 1, 1, 1, 1, 0, 1, 0, 1, 1]","[1, 0, 1, 0, 0, 0, 1, 1, 1, 1, 0, 1, 0, 1, 0, 1, 0, 1, 1]","['True_animalFeed', 'True_water', 'True_liveAnimalInput', 'True_electricityFuel', 'True_transport', 'True_pesticideVeterinaryDrug', 'True_seed', 'True_otherChemical', 'True_animalPopulation', 'True_freshForage', 'True_excreta', 'True_product', 'True_waste', 'True_soilAmendment', 'True_operation', 'True_fertiliser', 'True_material', 'True_ingredient', 'True_cropResidue']",ML model predicted No True_electricityFuel but the humans predicted True_electricityFuel.,Total number of matching positives in this prediction string 11.,68.90243902439025,19,System Boundary,standardized,rag,Human,1
0,,"[1, 1, 1, 1, 0, 0, 1, 1, 1, 1, 1, 1, 1, 1, 0, 1, 0, 1, 1]","[1, 0, 1, 0, 0, 0, 1, 1, 1, 1, 0, 1, 0, 1, 0, 1, 0, 1, 1]","['True_animalFeed', 'True_water', 'True_liveAnimalInput', 'True_electricityFuel', 'True_transport', 'True_pesticideVeterinaryDrug', 'True_seed', 'True_otherChemical', 'True_animalPopulation', 'True_freshForage', 'True_excreta', 'True_product', 'True_waste', 'True_soilAmendment', 'True_operation', 'True_fertiliser', 'True_material', 'True_ingredient', 'True_cropResidue']",ML model predicted No True_waste but the humans predicted True_waste.,Total number of matching positives in this prediction string 11.,10.365853658536585,19,System Boundary,standardized,rag,Human,1
0,,"[1, 1, 1, 1, 0, 0, 1, 1, 1, 1, 1, 1, 1, 1, 0, 1, 0, 1, 1]","[1, 0, 1, 1, 0, 0, 1, 1, 1, 1, 0, 1, 0, 1, 0, 1, 0, 1, 1]","['True_animalFeed', 'True_water', 'True_liveAnimalInput', 'True_electricityFuel', 'True_transport', 'True_pesticideVeterinaryDrug', 'True_seed', 'True_otherChemical', 'True_animalPopulation', 'True_freshForage', 'True_excreta', 'True_product', 'True_waste', 'True_soilAmendment', 'True_operation', 'True_fertiliser', 'True_material', 'True_ingredient', 'True_cropResidue']",ML model predicted No True_excreta but the humans predicted True_excreta.,Total number of matching positives in this prediction string 12.,22.25609756097561,19,System Boundary,standardized,rag,Human,2
0,,"[1, 1, 1, 1, 0, 0, 1, 1, 1, 1, 1, 1, 1, 1, 0, 1, 0, 1, 1]","[1, 1, 1, 1, 0, 1, 1, 1, 1, 1, 1, 1, 0, 1, 0, 1, 0, 1, 1]","['True_animalFeed', 'True_water', 'True_liveAnimalInput', 'True_electricityFuel', 'True_transport', 'True_pesticideVeterinaryDrug', 'True_seed', 'True_otherChemical', 'True_animalPopulation', 'True_freshForage', 'True_excreta', 'True_product', 'True_waste', 'True_soilAmendment', 'True_operation', 'True_fertiliser', 'True_material', 'True_ingredient', 'True_cropResidue']",ML model predicted No True_waste but the humans predicted True_waste.,Total number of matching positives in this prediction string 14.,10.365853658536585,19,System Boundary,standardized,no rag,Human,1
0,,"[1, 1, 1, 1, 0, 0, 1, 1, 1, 1, 1, 1, 1, 1, 0, 1, 0, 1, 1]","[1, 1, 1, 1, 0, 1, 1, 1, 1, 1, 1, 1, 0, 1, 0, 1, 0, 1, 1]","['True_animalFeed', 'True_water', 'True_liveAnimalInput', 'True_electricityFuel', 'True_transport', 'True_pesticideVeterinaryDrug', 'True_seed', 'True_otherChemical', 'True_animalPopulation', 'True_freshForage', 'True_excreta', 'True_product', 'True_waste', 'True_soilAmendment', 'True_operation', 'True_fertiliser', 'True_material', 'True_ingredient', 'True_cropResidue']",ML model predicted True_pesticideVeterinaryDrug but the humans predicted No True_pesticideVeterinaryDrug.,Total number of matching positives in this prediction string 14.,51.21951219512195,19,System Boundary,standardized,no rag,AI,1
0,,"[1, 1, 1, 1, 0, 0, 1, 1, 1, 1, 1, 1, 1, 1, 0, 1, 0, 1, 1]","[1, 0, 1, 1, 0, 0, 1, 1, 1, 1, 0, 1, 0, 1, 0, 1, 0, 1, 1]","['True_animalFeed', 'True_water', 'True_liveAnimalInput', 'True_electricityFuel', 'True_transport', 'True_pesticideVeterinaryDrug', 'True_seed', 'True_otherChemical', 'True_animalPopulation', 'True_freshForage', 'True_excreta', 'True_product', 'True_waste', 'True_soilAmendment', 'True_operation', 'True_fertiliser', 'True_material', 'True_ingredient', 'True_cropResidue']",ML model predicted No True_water but the humans predicted True_water.,Total number of matching positives in this prediction string 12.,21.49390243902439,19,System Boundary,standardized,rag,Human,2
0,,"[0, 0, 0, 1, 0, 0]","[0, 0, 0, 0, 0, 0]","['economic', 'energy', 'none required', 'none', 'mass', 'biophysical']",ML model predicted No none but the humans predicted none.,Total number of matching positives in this prediction string 0.,9.852941176470589,20,Allocation,original,no rag,Human,2
0,,"[1, 0, 0, 1, 0, 0, 0, 0, 0]","[1, 0, 1, 1, 0, 0, 0, 0, 0]","['relative', 'kg FPCM', '1 ha', 'number', 'kg liveweight', 'kg ready-to-cook weight', 'kg cold dressed carcass weight', 'kg', 'kg cold carcass weight']",ML model predicted 1 ha but the humans predicted No 1 ha.,Total number of matching positives in this prediction string 2.,7.012195121951219,21,Functional Unit,standardized,no rag,AI,1
0,,"[1, 0, 1, 1, 0, 1, 1, 1, 1, 1, 0, 1, 0, 1, 1, 1, 0, 1, 1]","[1, 0, 1, 1, 0, 1, 1, 1, 1, 1, 0, 1, 0, 1, 1, 1, 0, 1, 0]","['True_animalFeed', 'True_water', 'True_liveAnimalInput', 'True_electricityFuel', 'True_transport', 'True_pesticideVeterinaryDrug', 'True_seed', 'True_otherChemical', 'True_animalPopulation', 'True_freshForage', 'True_excreta', 'True_product', 'True_waste', 'True_soilAmendment', 'True_operation', 'True_fertiliser', 'True_material', 'True_ingredient', 'True_cropResidue']",ML model predicted No True_cropResidue but the humans predicted True_cropResidue.,Total number of matching positives in this prediction string 13.,60.97560975609756,21,System Boundary,standardized,rag,Human,4
0,,"[0, 0, 0, 0, 0, 1, 0, 0, 0, 0, 0, 0, 0, 0, 0, 0, 1, 0, 0, 0, 0, 0, 0, 0, 0, 0, 0, 0, 0, 0, 0, 0, 0, 0, 0, 0, 0, 0, 0, 0, 0, 0, 0, 0, 0, 0, 0, 0, 0, 0, 0, 0, 0, 0, 0, 0, 0, 0, 0]","[0, 0, 0, 0, 0, 1, 0, 0, 0, 0, 0, 0, 0, 0, 0, 0, 0, 0, 0, 0, 0, 0, 0, 0, 0, 0, 0, 0, 0, 0, 0, 0, 0, 0, 0, 0, 0, 0, 0, 0, 0, 0, 0, 0, 0, 0, 0, 0, 0, 0, 0, 0, 0, 0, 0, 0, 0, 0, 0]","['Meat, beef cattle (cold carcass weight)', 'Meat, pig (cold dressed carcass weight)', 'Meat, chicken, breast', 'Milk, cow, raw (FPCM)', 'Broiler chicken', 'Beef cattle', 'Hides', 'Sheep, ewe', 'Beef cattle, heifer', 'Beef cattle, calf (female, weaned)', 'Dairy cattle, calf (weaned)', 'Cattle', 'Wool, sheep (greasy)', 'Meat, dairy cattle (liveweight)', 'Beef cattle, steer', 'Meat, sheep (liveweight)', 'Beef cattle, heifer and steer', 'Dairy cattle, cow', 'Cattle, urine (kg mass)', 'Dairy cattle', 'Layer chicken, hen', 'Sheep, lamb (male, unweaned)', 'Meat, chicken, wings', 'Wool', 'Eggs, hen, in shell (number)', 'Pig', 'Broiler chicken, hen', 'Dairy cattle, calf (male, unweaned)', 'Meat, dairy cattle (cold carcass weight)', 'Dairy cattle, calf', 'Beef cattle, calf (male, weaned)', 'Meat, beef cattle (cold dressed carcass weight)', 'Eggs, hen, in shell', 'Broiler chicken, chick', 'Meat, chicken (liveweight)', 'Pig, piglet', 'Layer chicken, pullet', 'Sheep, lamb (female, unweaned)', 'Milk', 'Beef cattle, bull', 'Eggs', 'Sheep, lamb', 'Dairy cattle, calf (female, weaned)', 'Sheep, ram', 'Sheep, lamb (weaned)', 'Meat, chicken (cold carcass weight)', 'Beef cattle, calf (weaned)', 'Meat, chicken, leg', 'Sheep', 'Layer chicken', 'Beef cattle, cow', 'Poultry by-product meal', 'Meat', 'Milk, cow, raw', 'Hides, dairy cattle, fresh', 'Pig, sow', 'Meat, beef cattle (liveweight)', 'Dairy cattle, heifer', 'Meat, sheep (cold carcass weight)']","ML model predicted No Beef cattle, heifer and steer but the humans predicted Beef cattle, heifer and steer.",Total number of matching positives in this prediction string 1.,0.4573170731707317,21,Product,standardized,no rag,Human,1
0,,"[1, 0, 1, 1, 0, 1, 1, 1, 1, 1, 0, 1, 0, 1, 1, 1, 0, 1, 1]","[1, 0, 1, 1, 0, 1, 1, 1, 1, 1, 0, 1, 0, 1, 1, 1, 0, 1, 0]","['True_animalFeed', 'True_water', 'True_liveAnimalInput', 'True_electricityFuel', 'True_transport', 'True_pesticideVeterinaryDrug', 'True_seed', 'True_otherChemical', 'True_animalPopulation', 'True_freshForage', 'True_excreta', 'True_product', 'True_waste', 'True_soilAmendment', 'True_operation', 'True_fertiliser', 'True_material', 'True_ingredient', 'True_cropResidue']",ML model predicted No True_cropResidue but the humans predicted True_cropResidue.,Total number of matching positives in this prediction string 13.,60.97560975609756,21,System Boundary,standardized,no rag,Human,6
0,,"[1, 0, 1, 1, 0, 1, 1, 1, 1, 1, 0, 1, 0, 1, 1, 1, 0, 1, 1]","[0, 1, 1, 1, 0, 0, 1, 1, 1, 1, 0, 0, 0, 1, 0, 1, 0, 1, 1]","['True_animalFeed', 'True_water', 'True_liveAnimalInput', 'True_electricityFuel', 'True_transport', 'True_pesticideVeterinaryDrug', 'True_seed', 'True_otherChemical', 'True_animalPopulation', 'True_freshForage', 'True_excreta', 'True_product', 'True_waste', 'True_soilAmendment', 'True_operation', 'True_fertiliser', 'True_material', 'True_ingredient', 'True_cropResidue']",ML model predicted No True_operation but the humans predicted True_operation.,Total number of matching positives in this prediction string 10.,36.43292682926829,21,System Boundary,standardized,rag,Human,1
0,,"[1, 0, 1, 1, 0, 1, 1, 1, 1, 1, 0, 1, 0, 1, 1, 1, 0, 1, 1]","[0, 1, 1, 1, 0, 0, 1, 1, 1, 1, 0, 0, 0, 1, 0, 1, 0, 1, 1]","['True_animalFeed', 'True_water', 'True_liveAnimalInput', 'True_electricityFuel', 'True_transport', 'True_pesticideVeterinaryDrug', 'True_seed', 'True_otherChemical', 'True_animalPopulation', 'True_freshForage', 'True_excreta', 'True_product', 'True_waste', 'True_soilAmendment', 'True_operation', 'True_fertiliser', 'True_material', 'True_ingredient', 'True_cropResidue']",ML model predicted No True_product but the humans predicted True_product.,Total number of matching positives in this prediction string 10.,93.14024390243902,21,System Boundary,standardized,rag,Human,1
0,,"[0, 0, 0, 0, 0, 1, 0, 0, 0, 0, 0, 0, 0, 0, 0, 0, 1, 0, 0, 0, 0, 0, 0, 0, 0, 0, 0, 0, 0, 0, 0, 0, 0, 0, 0, 0, 0, 0, 0, 0, 0, 0, 0, 0, 0, 0, 0, 0, 0, 0, 0, 0, 0, 0, 0, 0, 0, 0, 0]","[0, 0, 0, 0, 0, 1, 0, 0, 1, 0, 0, 0, 0, 0, 0, 0, 0, 0, 0, 0, 0, 0, 0, 0, 0, 0, 0, 0, 0, 0, 0, 0, 0, 0, 0, 0, 0, 0, 0, 0, 0, 0, 0, 0, 0, 0, 0, 0, 0, 0, 0, 0, 0, 0, 0, 0, 0, 0, 0]","['Meat, beef cattle (cold carcass weight)', 'Meat, pig (cold dressed carcass weight)', 'Meat, chicken, breast', 'Milk, cow, raw (FPCM)', 'Broiler chicken', 'Beef cattle', 'Hides', 'Sheep, ewe', 'Beef cattle, heifer', 'Beef cattle, calf (female, weaned)', 'Dairy cattle, calf (weaned)', 'Cattle', 'Wool, sheep (greasy)', 'Meat, dairy cattle (liveweight)', 'Beef cattle, steer', 'Meat, sheep (liveweight)', 'Beef cattle, heifer and steer', 'Dairy cattle, cow', 'Cattle, urine (kg mass)', 'Dairy cattle', 'Layer chicken, hen', 'Sheep, lamb (male, unweaned)', 'Meat, chicken, wings', 'Wool', 'Eggs, hen, in shell (number)', 'Pig', 'Broiler chicken, hen', 'Dairy cattle, calf (male, unweaned)', 'Meat, dairy cattle (cold carcass weight)', 'Dairy cattle, calf', 'Beef cattle, calf (male, weaned)', 'Meat, beef cattle (cold dressed carcass weight)', 'Eggs, hen, in shell', 'Broiler chicken, chick', 'Meat, chicken (liveweight)', 'Pig, piglet', 'Layer chicken, pullet', 'Sheep, lamb (female, unweaned)', 'Milk', 'Beef cattle, bull', 'Eggs', 'Sheep, lamb', 'Dairy cattle, calf (female, weaned)', 'Sheep, ram', 'Sheep, lamb (weaned)', 'Meat, chicken (cold carcass weight)', 'Beef cattle, calf (weaned)', 'Meat, chicken, leg', 'Sheep', 'Layer chicken', 'Beef cattle, cow', 'Poultry by-product meal', 'Meat', 'Milk, cow, raw', 'Hides, dairy cattle, fresh', 'Pig, sow', 'Meat, beef cattle (liveweight)', 'Dairy cattle, heifer', 'Meat, sheep (cold carcass weight)']","ML model predicted Beef cattle, heifer but the humans predicted No Beef cattle, heifer.",Total number of matching positives in this prediction string 1.,7.164634146341464,21,Product,standardized,rag,AI,1
0,,"[1, 0, 1, 1, 0, 1, 1, 1, 1, 1, 0, 1, 0, 1, 1, 1, 0, 1, 1]","[0, 1, 1, 1, 0, 0, 1, 1, 1, 1, 0, 0, 0, 1, 0, 1, 0, 1, 1]","['True_animalFeed', 'True_water', 'True_liveAnimalInput', 'True_electricityFuel', 'True_transport', 'True_pesticideVeterinaryDrug', 'True_seed', 'True_otherChemical', 'True_animalPopulation', 'True_freshForage', 'True_excreta', 'True_product', 'True_waste', 'True_soilAmendment', 'True_operation', 'True_fertiliser', 'True_material', 'True_ingredient', 'True_cropResidue']",ML model predicted No True_pesticideVeterinaryDrug but the humans predicted True_pesticideVeterinaryDrug.,Total number of matching positives in this prediction string 10.,51.21951219512195,21,System Boundary,standardized,rag,Human,1
0,,"[0, 0, 0, 0, 0, 1, 0, 0, 0, 0, 0, 0, 0, 0, 0, 0, 1, 0, 0, 0, 0, 0, 0, 0, 0, 0, 0, 0, 0, 0, 0, 0, 0, 0, 0, 0, 0, 0, 0, 0, 0, 0, 0, 0, 0, 0, 0, 0, 0, 0, 0, 0, 0, 0, 0, 0, 0, 0, 0]","[0, 0, 0, 0, 0, 1, 0, 0, 1, 0, 0, 0, 0, 0, 0, 0, 0, 0, 0, 0, 0, 0, 0, 0, 0, 0, 0, 0, 0, 0, 0, 0, 0, 0, 0, 0, 0, 0, 0, 0, 0, 0, 0, 0, 0, 0, 0, 0, 0, 0, 0, 0, 0, 0, 0, 0, 0, 0, 0]","['Meat, beef cattle (cold carcass weight)', 'Meat, pig (cold dressed carcass weight)', 'Meat, chicken, breast', 'Milk, cow, raw (FPCM)', 'Broiler chicken', 'Beef cattle', 'Hides', 'Sheep, ewe', 'Beef cattle, heifer', 'Beef cattle, calf (female, weaned)', 'Dairy cattle, calf (weaned)', 'Cattle', 'Wool, sheep (greasy)', 'Meat, dairy cattle (liveweight)', 'Beef cattle, steer', 'Meat, sheep (liveweight)', 'Beef cattle, heifer and steer', 'Dairy cattle, cow', 'Cattle, urine (kg mass)', 'Dairy cattle', 'Layer chicken, hen', 'Sheep, lamb (male, unweaned)', 'Meat, chicken, wings', 'Wool', 'Eggs, hen, in shell (number)', 'Pig', 'Broiler chicken, hen', 'Dairy cattle, calf (male, unweaned)', 'Meat, dairy cattle (cold carcass weight)', 'Dairy cattle, calf', 'Beef cattle, calf (male, weaned)', 'Meat, beef cattle (cold dressed carcass weight)', 'Eggs, hen, in shell', 'Broiler chicken, chick', 'Meat, chicken (liveweight)', 'Pig, piglet', 'Layer chicken, pullet', 'Sheep, lamb (female, unweaned)', 'Milk', 'Beef cattle, bull', 'Eggs', 'Sheep, lamb', 'Dairy cattle, calf (female, weaned)', 'Sheep, ram', 'Sheep, lamb (weaned)', 'Meat, chicken (cold carcass weight)', 'Beef cattle, calf (weaned)', 'Meat, chicken, leg', 'Sheep', 'Layer chicken', 'Beef cattle, cow', 'Poultry by-product meal', 'Meat', 'Milk, cow, raw', 'Hides, dairy cattle, fresh', 'Pig, sow', 'Meat, beef cattle (liveweight)', 'Dairy cattle, heifer', 'Meat, sheep (cold carcass weight)']","ML model predicted No Beef cattle, heifer and steer but the humans predicted Beef cattle, heifer and steer.",Total number of matching positives in this prediction string 1.,0.4573170731707317,21,Product,standardized,rag,Human,1
0,,"[1, 0, 1, 1, 0, 1, 1, 1, 1, 1, 0, 1, 0, 1, 1, 1, 0, 1, 1]","[0, 1, 1, 1, 0, 0, 1, 1, 1, 1, 0, 0, 0, 1, 0, 1, 0, 1, 1]","['True_animalFeed', 'True_water', 'True_liveAnimalInput', 'True_electricityFuel', 'True_transport', 'True_pesticideVeterinaryDrug', 'True_seed', 'True_otherChemical', 'True_animalPopulation', 'True_freshForage', 'True_excreta', 'True_product', 'True_waste', 'True_soilAmendment', 'True_operation', 'True_fertiliser', 'True_material', 'True_ingredient', 'True_cropResidue']",ML model predicted True_water but the humans predicted No True_water.,Total number of matching positives in this prediction string 10.,21.49390243902439,21,System Boundary,standardized,rag,AI,1
0,,"[1, 0, 1, 1, 0, 1, 1, 1, 1, 1, 0, 1, 0, 1, 1, 1, 0, 1, 1]","[0, 1, 1, 1, 0, 0, 1, 1, 1, 1, 0, 0, 0, 1, 0, 1, 0, 1, 1]","['True_animalFeed', 'True_water', 'True_liveAnimalInput', 'True_electricityFuel', 'True_transport', 'True_pesticideVeterinaryDrug', 'True_seed', 'True_otherChemical', 'True_animalPopulation', 'True_freshForage', 'True_excreta', 'True_product', 'True_waste', 'True_soilAmendment', 'True_operation', 'True_fertiliser', 'True_material', 'True_ingredient', 'True_cropResidue']",ML model predicted No True_animalFeed but the humans predicted True_animalFeed.,Total number of matching positives in this prediction string 10.,93.14024390243902,21,System Boundary,standardized,rag,Human,1
0,,"[1, 1, 1, 1, 0, 0, 1, 1, 1, 1, 0, 0, 0, 1, 0, 1, 0, 1, 1]","[1, 0, 1, 1, 0, 0, 1, 1, 1, 1, 0, 1, 0, 1, 0, 1, 0, 1, 1]","['True_animalFeed', 'True_water', 'True_liveAnimalInput', 'True_electricityFuel', 'True_transport', 'True_pesticideVeterinaryDrug', 'True_seed', 'True_otherChemical', 'True_animalPopulation', 'True_freshForage', 'True_excreta', 'True_product', 'True_waste', 'True_soilAmendment', 'True_operation', 'True_fertiliser', 'True_material', 'True_ingredient', 'True_cropResidue']",ML model predicted No True_water but the humans predicted True_water.,Total number of matching positives in this prediction string 11.,23.08823529411765,22,System Boundary,original,no rag,Human,1
0,,"[0, 0, 0, 1, 0, 0]","[1, 0, 0, 0, 0, 0]","['economic', 'energy', 'none required', 'none', 'mass', 'biophysical']",ML model predicted economic but the humans predicted No economic.,Total number of matching positives in this prediction string 0.,68.08823529411765,22,Allocation,original,no rag,AI,2
0,,"[0, 0, 0, 1, 0, 0]","[1, 0, 0, 0, 0, 0]","['economic', 'energy', 'none required', 'none', 'mass', 'biophysical']",ML model predicted economic but the humans predicted No economic.,Total number of matching positives in this prediction string 0.,68.08823529411765,22,Allocation,original,rag,AI,1
0,,"[0, 0, 0, 1, 0, 0]","[1, 0, 0, 0, 0, 0]","['economic', 'energy', 'none required', 'none', 'mass', 'biophysical']",ML model predicted No none but the humans predicted none.,Total number of matching positives in this prediction string 0.,9.852941176470589,22,Allocation,original,no rag,Human,2
0,,"[0, 0, 0, 1, 0, 0]","[0, 0, 0, 0, 0, 0]","['economic', 'energy', 'none required', 'none', 'mass', 'biophysical']",ML model predicted No none but the humans predicted none.,Total number of matching positives in this prediction string 0.,9.852941176470589,22,Allocation,original,rag,Human,2
0,,"[0, 0, 0, 1, 0, 0]","[0, 0, 0, 0, 0, 0]","['economic', 'energy', 'none required', 'none', 'mass', 'biophysical']",ML model predicted No none but the humans predicted none.,Total number of matching positives in this prediction string 0.,9.852941176470589,22,Allocation,original,no rag,Human,3
0,,"[1, 1, 1, 1, 0, 0, 1, 1, 1, 1, 0, 0, 0, 1, 0, 1, 0, 1, 1]","[1, 0, 1, 1, 0, 0, 1, 1, 1, 1, 0, 1, 0, 1, 0, 1, 0, 1, 1]","['True_animalFeed', 'True_water', 'True_liveAnimalInput', 'True_electricityFuel', 'True_transport', 'True_pesticideVeterinaryDrug', 'True_seed', 'True_otherChemical', 'True_animalPopulation', 'True_freshForage', 'True_excreta', 'True_product', 'True_waste', 'True_soilAmendment', 'True_operation', 'True_fertiliser', 'True_material', 'True_ingredient', 'True_cropResidue']",ML model predicted True_product but the humans predicted No True_product.,Total number of matching positives in this prediction string 11.,92.94117647058823,22,System Boundary,original,no rag,AI,1
0,,"[0, 0, 0, 1, 0, 0]","[1, 0, 0, 0, 0, 0]","['economic', 'energy', 'none required', 'none', 'mass', 'biophysical']",ML model predicted No none but the humans predicted none.,Total number of matching positives in this prediction string 0.,9.852941176470589,22,Allocation,original,rag,Human,1
0,,"[1, 0, 1, 0, 0, 0, 1, 1, 1, 1, 0, 1, 0, 1, 0, 1, 0, 1, 1]","[1, 0, 1, 0, 0, 1, 1, 1, 1, 1, 0, 1, 0, 1, 0, 1, 0, 1, 1]","['True_animalFeed', 'True_water', 'True_liveAnimalInput', 'True_electricityFuel', 'True_transport', 'True_pesticideVeterinaryDrug', 'True_seed', 'True_otherChemical', 'True_animalPopulation', 'True_freshForage', 'True_excreta', 'True_product', 'True_waste', 'True_soilAmendment', 'True_operation', 'True_fertiliser', 'True_material', 'True_ingredient', 'True_cropResidue']",ML model predicted True_pesticideVeterinaryDrug but the humans predicted No True_pesticideVeterinaryDrug.,Total number of matching positives in this prediction string 11.,48.23529411764706,23,System Boundary,original,no rag,AI,6
0,,"[1, 0, 1, 0, 0, 0, 1, 1, 1, 1, 0, 1, 0, 1, 0, 1, 0, 1, 1]","[1, 0, 1, 0, 0, 1, 1, 1, 1, 1, 0, 1, 0, 1, 0, 1, 0, 1, 1]","['True_animalFeed', 'True_water', 'True_liveAnimalInput', 'True_electricityFuel', 'True_transport', 'True_pesticideVeterinaryDrug', 'True_seed', 'True_otherChemical', 'True_animalPopulation', 'True_freshForage', 'True_excreta', 'True_product', 'True_waste', 'True_soilAmendment', 'True_operation', 'True_fertiliser', 'True_material', 'True_ingredient', 'True_cropResidue']",ML model predicted True_pesticideVeterinaryDrug but the humans predicted No True_pesticideVeterinaryDrug.,Total number of matching positives in this prediction string 11.,48.23529411764706,23,System Boundary,original,rag,AI,7
0,,"[0, 0, 0, 0, 0, 0, 0, 0, 0, 0, 0, 0, 0, 0, 0, 0, 0, 0, 0, 0, 0, 0, 0, 0, 0, 0, 0, 0, 0, 0, 0, 0, 0, 0, 0, 0, 0, 0, 0, 0, 0, 0, 0, 0, 0, 0, 0, 0, 0, 1, 0, 0, 0, 0, 0, 1, 0, 0, 0, 0, 0, 0]","[0, 0, 0, 0, 0, 0, 0, 0, 0, 0, 0, 0, 0, 0, 0, 0, 0, 0, 0, 0, 0, 0, 0, 0, 0, 0, 0, 0, 0, 0, 0, 0, 0, 0, 0, 0, 0, 0, 0, 0, 0, 0, 0, 0, 0, 0, 0, 0, 0, 0, 0, 0, 0, 0, 0, 1, 0, 0, 0, 0, 0, 0]","['Meat, beef cattle (cold carcass weight)', 'Dairy cattle, heifer', 'Meat, pig (cold dressed carcass weight)', 'Meat, chicken, breast', 'Milk, cow, raw (FPCM)', 'Broiler chicken', 'Beef cattle', 'Hides', 'Sheep, ewe', 'Beef cattle, heifer', 'Beef cattle, calf (female, weaned)', 'Dairy cattle, calf (weaned)', 'Cattle', 'Wool, sheep (greasy)', 'Meat, dairy cattle (liveweight)', 'Beef cattle, steer', 'Meat, sheep (liveweight)', 'Beef cattle, heifer and steer', 'Dairy cattle, cow', 'Cattle, urine (kg mass)', 'Meat, pig (cold carcass weight)', 'Offal', 'Dairy cattle', 'Layer chicken, hen', 'Sheep, lamb (male, unweaned)', 'Meat, chicken, wings', 'Wool', 'Eggs, hen, in shell (number)', 'Pig', 'Broiler chicken, hen', 'Dairy cattle, calf (male, unweaned)', 'Meat, dairy cattle (cold carcass weight)', 'Dairy cattle, calf', 'Beef cattle, calf (male, weaned)', 'Meat, beef cattle (cold dressed carcass weight)', 'Eggs, hen, in shell', 'Broiler chicken, chick', 'Meat, chicken (liveweight)', 'Pig, piglet', 'Layer chicken, pullet', 'Sheep, lamb (female, unweaned)', 'Milk', 'Beef cattle, bull', 'Eggs', 'Sheep, lamb', 'Dairy cattle, calf (female, weaned)', 'Sheep, ram', 'Sheep, lamb (weaned)', 'Beef cattle, calf (weaned)', 'Meat, chicken, leg', 'Sheep', 'Layer chicken', 'Beef cattle, cow', 'Offal, pigs', 'Poultry by-product meal', 'Meat', 'Milk, cow, raw', 'Hides, dairy cattle, fresh', 'Pig, sow', 'Meat, beef cattle (liveweight)', 'Meat, chicken (cold carcass weight)', 'Meat, sheep (cold carcass weight)']","ML model predicted No Meat, chicken, leg but the humans predicted Meat, chicken, leg.",Total number of matching positives in this prediction string 1.,0.29411764705882354,24,Product,original,rag,Human,3
0,,"[1, 0, 0, 0, 0, 1, 0, 0, 0]","[1, 0, 0, 0, 0, 0, 0, 0, 0]","['relative', 'kg FPCM', '1 ha', 'number', 'kg liveweight', 'kg ready-to-cook weight', 'kg cold dressed carcass weight', 'kg', 'kg cold carcass weight']",ML model predicted No kg ready-to-cook weight but the humans predicted kg ready-to-cook weight.,Total number of matching positives in this prediction string 1.,1.3235294117647058,24,Functional Unit,original,no rag,Human,1
0,,"[0, 0, 0, 0, 0, 0, 0, 0, 0, 0, 0, 0, 0, 0, 0, 0, 0, 0, 0, 0, 0, 0, 0, 0, 0, 0, 0, 0, 0, 0, 0, 0, 0, 0, 0, 0, 0, 0, 0, 0, 0, 0, 0, 0, 0, 0, 0, 0, 0, 1, 0, 0, 0, 0, 0, 1, 0, 0, 0, 0, 0, 0]","[0, 0, 0, 0, 0, 0, 0, 0, 0, 0, 0, 0, 0, 0, 0, 0, 0, 0, 0, 0, 0, 0, 0, 0, 0, 0, 0, 0, 0, 0, 0, 0, 0, 0, 0, 0, 0, 0, 0, 0, 0, 0, 0, 0, 0, 0, 0, 0, 0, 0, 0, 0, 0, 0, 0, 1, 0, 0, 0, 0, 0, 0]","['Meat, beef cattle (cold carcass weight)', 'Dairy cattle, heifer', 'Meat, pig (cold dressed carcass weight)', 'Meat, chicken, breast', 'Milk, cow, raw (FPCM)', 'Broiler chicken', 'Beef cattle', 'Hides', 'Sheep, ewe', 'Beef cattle, heifer', 'Beef cattle, calf (female, weaned)', 'Dairy cattle, calf (weaned)', 'Cattle', 'Wool, sheep (greasy)', 'Meat, dairy cattle (liveweight)', 'Beef cattle, steer', 'Meat, sheep (liveweight)', 'Beef cattle, heifer and steer', 'Dairy cattle, cow', 'Cattle, urine (kg mass)', 'Meat, pig (cold carcass weight)', 'Offal', 'Dairy cattle', 'Layer chicken, hen', 'Sheep, lamb (male, unweaned)', 'Meat, chicken, wings', 'Wool', 'Eggs, hen, in shell (number)', 'Pig', 'Broiler chicken, hen', 'Dairy cattle, calf (male, unweaned)', 'Meat, dairy cattle (cold carcass weight)', 'Dairy cattle, calf', 'Beef cattle, calf (male, weaned)', 'Meat, beef cattle (cold dressed carcass weight)', 'Eggs, hen, in shell', 'Broiler chicken, chick', 'Meat, chicken (liveweight)', 'Pig, piglet', 'Layer chicken, pullet', 'Sheep, lamb (female, unweaned)', 'Milk', 'Beef cattle, bull', 'Eggs', 'Sheep, lamb', 'Dairy cattle, calf (female, weaned)', 'Sheep, ram', 'Sheep, lamb (weaned)', 'Beef cattle, calf (weaned)', 'Meat, chicken, leg', 'Sheep', 'Layer chicken', 'Beef cattle, cow', 'Offal, pigs', 'Poultry by-product meal', 'Meat', 'Milk, cow, raw', 'Hides, dairy cattle, fresh', 'Pig, sow', 'Meat, beef cattle (liveweight)', 'Meat, chicken (cold carcass weight)', 'Meat, sheep (cold carcass weight)']","ML model predicted No Meat, chicken, leg but the humans predicted Meat, chicken, leg.",Total number of matching positives in this prediction string 1.,0.29411764705882354,24,Product,original,no rag,Human,2
0,,"[1, 1, 1, 1, 0, 0, 1, 1, 1, 1, 1, 1, 1, 1, 0, 1, 0, 1, 1]","[1, 1, 0, 1, 0, 0, 1, 1, 1, 1, 1, 1, 1, 1, 0, 1, 0, 1, 1]","['True_animalFeed', 'True_water', 'True_liveAnimalInput', 'True_electricityFuel', 'True_transport', 'True_pesticideVeterinaryDrug', 'True_seed', 'True_otherChemical', 'True_animalPopulation', 'True_freshForage', 'True_excreta', 'True_product', 'True_waste', 'True_soilAmendment', 'True_operation', 'True_fertiliser', 'True_material', 'True_ingredient', 'True_cropResidue']",ML model predicted No True_liveAnimalInput but the humans predicted True_liveAnimalInput.,Total number of matching positives in this prediction string 14.,88.71951219512195,25,System Boundary,standardized,no rag,Human,1
0,,"[1, 0, 0, 0, 0, 0, 1, 0, 0]","[1, 0, 0, 0, 1, 0, 0, 0, 0]","['relative', 'kg FPCM', '1 ha', 'number', 'kg liveweight', 'kg ready-to-cook weight', 'kg cold dressed carcass weight', 'kg', 'kg cold carcass weight']",ML model predicted No kg cold dressed carcass weight but the humans predicted kg cold dressed carcass weight.,Total number of matching positives in this prediction string 1.,3.823529411764706,27,Functional Unit,original,no rag,Human,1
0,,"[0, 0, 0, 0, 0, 0, 0, 0, 0, 0, 0, 0, 0, 0, 0, 0, 0, 0, 0, 0, 0, 0, 0, 0, 0, 0, 0, 0, 0, 0, 0, 0, 0, 0, 1, 0, 0, 0, 0, 0, 0, 0, 0, 0, 0, 0, 0, 0, 0, 0, 0, 0, 0, 0, 0, 1, 0, 0, 0, 0, 0, 0]","[1, 0, 0, 0, 0, 0, 0, 0, 0, 0, 0, 0, 0, 0, 0, 0, 0, 0, 0, 0, 0, 0, 0, 0, 0, 0, 0, 0, 0, 0, 0, 0, 0, 0, 0, 0, 0, 0, 0, 0, 0, 0, 0, 0, 0, 0, 0, 0, 0, 0, 0, 0, 0, 0, 0, 1, 0, 0, 0, 0, 0, 0]","['Meat, beef cattle (cold carcass weight)', 'Dairy cattle, heifer', 'Meat, pig (cold dressed carcass weight)', 'Meat, chicken, breast', 'Milk, cow, raw (FPCM)', 'Broiler chicken', 'Beef cattle', 'Hides', 'Sheep, ewe', 'Beef cattle, heifer', 'Beef cattle, calf (female, weaned)', 'Dairy cattle, calf (weaned)', 'Cattle', 'Wool, sheep (greasy)', 'Meat, dairy cattle (liveweight)', 'Beef cattle, steer', 'Meat, sheep (liveweight)', 'Beef cattle, heifer and steer', 'Dairy cattle, cow', 'Cattle, urine (kg mass)', 'Meat, pig (cold carcass weight)', 'Offal', 'Dairy cattle', 'Layer chicken, hen', 'Sheep, lamb (male, unweaned)', 'Meat, chicken, wings', 'Wool', 'Eggs, hen, in shell (number)', 'Pig', 'Broiler chicken, hen', 'Dairy cattle, calf (male, unweaned)', 'Meat, dairy cattle (cold carcass weight)', 'Dairy cattle, calf', 'Beef cattle, calf (male, weaned)', 'Meat, beef cattle (cold dressed carcass weight)', 'Eggs, hen, in shell', 'Broiler chicken, chick', 'Meat, chicken (liveweight)', 'Pig, piglet', 'Layer chicken, pullet', 'Sheep, lamb (female, unweaned)', 'Milk', 'Beef cattle, bull', 'Eggs', 'Sheep, lamb', 'Dairy cattle, calf (female, weaned)', 'Sheep, ram', 'Sheep, lamb (weaned)', 'Beef cattle, calf (weaned)', 'Meat, chicken, leg', 'Sheep', 'Layer chicken', 'Beef cattle, cow', 'Offal, pigs', 'Poultry by-product meal', 'Meat', 'Milk, cow, raw', 'Hides, dairy cattle, fresh', 'Pig, sow', 'Meat, beef cattle (liveweight)', 'Meat, chicken (cold carcass weight)', 'Meat, sheep (cold carcass weight)']","ML model predicted Meat, beef cattle (cold carcass weight) but the humans predicted No Meat, beef cattle (cold carcass weight).",Total number of matching positives in this prediction string 1.,1.7647058823529411,27,Product,original,rag,AI,1
0,,"[0, 0, 0, 0, 0, 0, 0, 0, 0, 0, 0, 0, 0, 0, 0, 0, 0, 0, 0, 0, 0, 0, 0, 0, 0, 0, 0, 0, 0, 0, 0, 0, 0, 0, 1, 0, 0, 0, 0, 0, 0, 0, 0, 0, 0, 0, 0, 0, 0, 0, 0, 0, 0, 0, 0, 1, 0, 0, 0, 0, 0, 0]","[1, 0, 0, 0, 0, 0, 0, 0, 0, 0, 0, 0, 0, 0, 0, 0, 0, 0, 0, 0, 0, 0, 0, 0, 0, 0, 0, 0, 0, 0, 0, 0, 0, 0, 0, 0, 0, 0, 0, 0, 0, 0, 0, 0, 0, 0, 0, 0, 0, 0, 0, 0, 0, 0, 0, 1, 0, 0, 0, 0, 0, 0]","['Meat, beef cattle (cold carcass weight)', 'Dairy cattle, heifer', 'Meat, pig (cold dressed carcass weight)', 'Meat, chicken, breast', 'Milk, cow, raw (FPCM)', 'Broiler chicken', 'Beef cattle', 'Hides', 'Sheep, ewe', 'Beef cattle, heifer', 'Beef cattle, calf (female, weaned)', 'Dairy cattle, calf (weaned)', 'Cattle', 'Wool, sheep (greasy)', 'Meat, dairy cattle (liveweight)', 'Beef cattle, steer', 'Meat, sheep (liveweight)', 'Beef cattle, heifer and steer', 'Dairy cattle, cow', 'Cattle, urine (kg mass)', 'Meat, pig (cold carcass weight)', 'Offal', 'Dairy cattle', 'Layer chicken, hen', 'Sheep, lamb (male, unweaned)', 'Meat, chicken, wings', 'Wool', 'Eggs, hen, in shell (number)', 'Pig', 'Broiler chicken, hen', 'Dairy cattle, calf (male, unweaned)', 'Meat, dairy cattle (cold carcass weight)', 'Dairy cattle, calf', 'Beef cattle, calf (male, weaned)', 'Meat, beef cattle (cold dressed carcass weight)', 'Eggs, hen, in shell', 'Broiler chicken, chick', 'Meat, chicken (liveweight)', 'Pig, piglet', 'Layer chicken, pullet', 'Sheep, lamb (female, unweaned)', 'Milk', 'Beef cattle, bull', 'Eggs', 'Sheep, lamb', 'Dairy cattle, calf (female, weaned)', 'Sheep, ram', 'Sheep, lamb (weaned)', 'Beef cattle, calf (weaned)', 'Meat, chicken, leg', 'Sheep', 'Layer chicken', 'Beef cattle, cow', 'Offal, pigs', 'Poultry by-product meal', 'Meat', 'Milk, cow, raw', 'Hides, dairy cattle, fresh', 'Pig, sow', 'Meat, beef cattle (liveweight)', 'Meat, chicken (cold carcass weight)', 'Meat, sheep (cold carcass weight)']","ML model predicted No Meat, beef cattle (cold dressed carcass weight) but the humans predicted Meat, beef cattle (cold dressed carcass weight).",Total number of matching positives in this prediction string 1.,1.0294117647058822,27,Product,original,rag,Human,1
0,,"[0, 0, 1, 0, 0, 0]","[0, 0, 0, 0, 0, 0]","['economic', 'energy', 'none required', 'none', 'mass', 'biophysical']",ML model predicted No none required but the humans predicted none required.,Total number of matching positives in this prediction string 0.,17.941176470588236,27,Allocation,original,rag,Human,1
0,,"[0, 0, 1, 0, 0, 0]","[0, 0, 0, 0, 0, 0]","['economic', 'energy', 'none required', 'none', 'mass', 'biophysical']",ML model predicted No none required but the humans predicted none required.,Total number of matching positives in this prediction string 0.,17.941176470588236,27,Allocation,original,no rag,Human,4
0,,"[1, 0, 0, 0, 0, 0, 1, 0, 0]","[1, 0, 0, 0, 1, 0, 0, 0, 0]","['relative', 'kg FPCM', '1 ha', 'number', 'kg liveweight', 'kg ready-to-cook weight', 'kg cold dressed carcass weight', 'kg', 'kg cold carcass weight']",ML model predicted kg liveweight but the humans predicted No kg liveweight.,Total number of matching positives in this prediction string 1.,5.294117647058823,27,Functional Unit,original,no rag,AI,1
0,,"[0, 0, 0, 0, 0, 0, 0, 0, 0, 0, 0, 0, 0, 0, 0, 0, 0, 0, 0, 0, 0, 0, 0, 0, 0, 0, 0, 0, 0, 0, 0, 0, 0, 0, 0, 0, 0, 0, 0, 0, 0, 0, 0, 0, 0, 0, 0, 0, 1, 0, 0, 0, 0, 0, 0, 0, 0, 0, 0]","[0, 0, 0, 0, 0, 0, 0, 1, 0, 0, 0, 0, 0, 0, 0, 0, 0, 0, 0, 0, 0, 0, 0, 0, 0, 0, 0, 0, 0, 0, 0, 0, 0, 0, 0, 0, 0, 0, 0, 0, 0, 0, 0, 0, 0, 0, 0, 0, 1, 0, 0, 0, 0, 0, 0, 0, 0, 0, 0]","['Meat, beef cattle (cold carcass weight)', 'Meat, pig (cold dressed carcass weight)', 'Meat, chicken, breast', 'Milk, cow, raw (FPCM)', 'Broiler chicken', 'Beef cattle', 'Hides', 'Sheep, ewe', 'Beef cattle, heifer', 'Beef cattle, calf (female, weaned)', 'Dairy cattle, calf (weaned)', 'Cattle', 'Wool, sheep (greasy)', 'Meat, dairy cattle (liveweight)', 'Beef cattle, steer', 'Meat, sheep (liveweight)', 'Beef cattle, heifer and steer', 'Dairy cattle, cow', 'Cattle, urine (kg mass)', 'Dairy cattle', 'Layer chicken, hen', 'Sheep, lamb (male, unweaned)', 'Meat, chicken, wings', 'Wool', 'Eggs, hen, in shell (number)', 'Pig', 'Broiler chicken, hen', 'Dairy cattle, calf (male, unweaned)', 'Meat, dairy cattle (cold carcass weight)', 'Dairy cattle, calf', 'Beef cattle, calf (male, weaned)', 'Meat, beef cattle (cold dressed carcass weight)', 'Eggs, hen, in shell', 'Broiler chicken, chick', 'Meat, chicken (liveweight)', 'Pig, piglet', 'Layer chicken, pullet', 'Sheep, lamb (female, unweaned)', 'Milk', 'Beef cattle, bull', 'Eggs', 'Sheep, lamb', 'Dairy cattle, calf (female, weaned)', 'Sheep, ram', 'Sheep, lamb (weaned)', 'Meat, chicken (cold carcass weight)', 'Beef cattle, calf (weaned)', 'Meat, chicken, leg', 'Sheep', 'Layer chicken', 'Beef cattle, cow', 'Poultry by-product meal', 'Meat', 'Milk, cow, raw', 'Hides, dairy cattle, fresh', 'Pig, sow', 'Meat, beef cattle (liveweight)', 'Dairy cattle, heifer', 'Meat, sheep (cold carcass weight)']","ML model predicted Sheep, ewe but the humans predicted No Sheep, ewe.",Total number of matching positives in this prediction string 1.,6.402439024390244,30,Product,standardized,rag,AI,1
0,,"[0, 0, 0, 0, 0, 0, 0, 0, 0, 0, 0, 0, 0, 0, 0, 0, 0, 0, 0, 0, 0, 0, 0, 0, 0, 0, 0, 0, 0, 0, 0, 0, 0, 0, 0, 0, 0, 0, 0, 0, 0, 0, 0, 0, 0, 0, 0, 0, 1, 0, 0, 0, 0, 0, 0, 0, 0, 0, 0]","[0, 0, 0, 0, 0, 0, 0, 0, 0, 0, 0, 0, 0, 0, 0, 0, 0, 0, 0, 0, 0, 0, 0, 0, 0, 0, 0, 0, 0, 0, 0, 0, 0, 0, 0, 0, 0, 0, 0, 0, 0, 0, 0, 1, 0, 0, 0, 0, 1, 0, 0, 0, 0, 0, 0, 0, 0, 0, 0]","['Meat, beef cattle (cold carcass weight)', 'Meat, pig (cold dressed carcass weight)', 'Meat, chicken, breast', 'Milk, cow, raw (FPCM)', 'Broiler chicken', 'Beef cattle', 'Hides', 'Sheep, ewe', 'Beef cattle, heifer', 'Beef cattle, calf (female, weaned)', 'Dairy cattle, calf (weaned)', 'Cattle', 'Wool, sheep (greasy)', 'Meat, dairy cattle (liveweight)', 'Beef cattle, steer', 'Meat, sheep (liveweight)', 'Beef cattle, heifer and steer', 'Dairy cattle, cow', 'Cattle, urine (kg mass)', 'Dairy cattle', 'Layer chicken, hen', 'Sheep, lamb (male, unweaned)', 'Meat, chicken, wings', 'Wool', 'Eggs, hen, in shell (number)', 'Pig', 'Broiler chicken, hen', 'Dairy cattle, calf (male, unweaned)', 'Meat, dairy cattle (cold carcass weight)', 'Dairy cattle, calf', 'Beef cattle, calf (male, weaned)', 'Meat, beef cattle (cold dressed carcass weight)', 'Eggs, hen, in shell', 'Broiler chicken, chick', 'Meat, chicken (liveweight)', 'Pig, piglet', 'Layer chicken, pullet', 'Sheep, lamb (female, unweaned)', 'Milk', 'Beef cattle, bull', 'Eggs', 'Sheep, lamb', 'Dairy cattle, calf (female, weaned)', 'Sheep, ram', 'Sheep, lamb (weaned)', 'Meat, chicken (cold carcass weight)', 'Beef cattle, calf (weaned)', 'Meat, chicken, leg', 'Sheep', 'Layer chicken', 'Beef cattle, cow', 'Poultry by-product meal', 'Meat', 'Milk, cow, raw', 'Hides, dairy cattle, fresh', 'Pig, sow', 'Meat, beef cattle (liveweight)', 'Dairy cattle, heifer', 'Meat, sheep (cold carcass weight)']","ML model predicted Sheep, ram but the humans predicted No Sheep, ram.",Total number of matching positives in this prediction string 1.,3.8109756097560976,30,Product,standardized,rag,AI,1
0,,"[1, 0, 1, 1, 0, 1, 1, 1, 1, 1, 1, 1, 0, 1, 0, 1, 0, 1, 1]","[1, 0, 0, 0, 0, 0, 1, 1, 0, 1, 0, 1, 0, 1, 0, 1, 0, 1, 1]","['True_animalFeed', 'True_water', 'True_liveAnimalInput', 'True_electricityFuel', 'True_transport', 'True_pesticideVeterinaryDrug', 'True_seed', 'True_otherChemical', 'True_animalPopulation', 'True_freshForage', 'True_excreta', 'True_product', 'True_waste', 'True_soilAmendment', 'True_operation', 'True_fertiliser', 'True_material', 'True_ingredient', 'True_cropResidue']",ML model predicted No True_excreta but the humans predicted True_excreta.,Total number of matching positives in this prediction string 9.,23.676470588235293,32,System Boundary,original,no rag,Human,1
0,,"[1, 0, 1, 1, 0, 1, 1, 1, 1, 1, 1, 1, 0, 1, 0, 1, 0, 1, 1]","[1, 0, 0, 0, 0, 0, 1, 1, 0, 1, 0, 1, 0, 1, 0, 1, 0, 1, 1]","['True_animalFeed', 'True_water', 'True_liveAnimalInput', 'True_electricityFuel', 'True_transport', 'True_pesticideVeterinaryDrug', 'True_seed', 'True_otherChemical', 'True_animalPopulation', 'True_freshForage', 'True_excreta', 'True_product', 'True_waste', 'True_soilAmendment', 'True_operation', 'True_fertiliser', 'True_material', 'True_ingredient', 'True_cropResidue']",ML model predicted No True_liveAnimalInput but the humans predicted True_liveAnimalInput.,Total number of matching positives in this prediction string 9.,90.1470588235294,32,System Boundary,original,rag,Human,1
0,,"[1, 0, 1, 1, 0, 1, 1, 1, 1, 1, 1, 1, 0, 1, 0, 1, 0, 1, 1]","[1, 0, 0, 0, 0, 0, 1, 1, 0, 1, 0, 1, 0, 1, 0, 1, 0, 1, 1]","['True_animalFeed', 'True_water', 'True_liveAnimalInput', 'True_electricityFuel', 'True_transport', 'True_pesticideVeterinaryDrug', 'True_seed', 'True_otherChemical', 'True_animalPopulation', 'True_freshForage', 'True_excreta', 'True_product', 'True_waste', 'True_soilAmendment', 'True_operation', 'True_fertiliser', 'True_material', 'True_ingredient', 'True_cropResidue']",ML model predicted No True_electricityFuel but the humans predicted True_electricityFuel.,Total number of matching positives in this prediction string 9.,64.70588235294117,32,System Boundary,original,rag,Human,1
0,,"[1, 0, 1, 1, 0, 1, 1, 1, 1, 1, 1, 1, 0, 1, 0, 1, 0, 1, 1]","[1, 0, 0, 0, 0, 0, 1, 1, 0, 1, 0, 1, 0, 1, 0, 1, 0, 1, 1]","['True_animalFeed', 'True_water', 'True_liveAnimalInput', 'True_electricityFuel', 'True_transport', 'True_pesticideVeterinaryDrug', 'True_seed', 'True_otherChemical', 'True_animalPopulation', 'True_freshForage', 'True_excreta', 'True_product', 'True_waste', 'True_soilAmendment', 'True_operation', 'True_fertiliser', 'True_material', 'True_ingredient', 'True_cropResidue']",ML model predicted No True_pesticideVeterinaryDrug but the humans predicted True_pesticideVeterinaryDrug.,Total number of matching positives in this prediction string 9.,48.23529411764706,32,System Boundary,original,rag,Human,1
0,,"[1, 0, 1, 1, 0, 1, 1, 1, 1, 1, 1, 1, 0, 1, 0, 1, 0, 1, 1]","[1, 0, 0, 0, 0, 0, 1, 1, 0, 1, 0, 1, 0, 1, 0, 1, 0, 1, 1]","['True_animalFeed', 'True_water', 'True_liveAnimalInput', 'True_electricityFuel', 'True_transport', 'True_pesticideVeterinaryDrug', 'True_seed', 'True_otherChemical', 'True_animalPopulation', 'True_freshForage', 'True_excreta', 'True_product', 'True_waste', 'True_soilAmendment', 'True_operation', 'True_fertiliser', 'True_material', 'True_ingredient', 'True_cropResidue']",ML model predicted No True_animalPopulation but the humans predicted True_animalPopulation.,Total number of matching positives in this prediction string 9.,93.67647058823529,32,System Boundary,original,rag,Human,1
0,,"[1, 0, 1, 1, 0, 1, 1, 1, 1, 1, 1, 1, 0, 1, 0, 1, 0, 1, 1]","[1, 0, 0, 0, 0, 0, 1, 1, 0, 1, 0, 1, 0, 1, 0, 1, 0, 1, 1]","['True_animalFeed', 'True_water', 'True_liveAnimalInput', 'True_electricityFuel', 'True_transport', 'True_pesticideVeterinaryDrug', 'True_seed', 'True_otherChemical', 'True_animalPopulation', 'True_freshForage', 'True_excreta', 'True_product', 'True_waste', 'True_soilAmendment', 'True_operation', 'True_fertiliser', 'True_material', 'True_ingredient', 'True_cropResidue']",ML model predicted No True_excreta but the humans predicted True_excreta.,Total number of matching positives in this prediction string 9.,23.676470588235293,32,System Boundary,original,rag,Human,1
0,,"[1, 0, 1, 1, 0, 1, 1, 1, 1, 1, 1, 1, 0, 1, 0, 1, 0, 1, 1]","[1, 0, 0, 0, 0, 0, 1, 1, 1, 0, 0, 1, 0, 1, 0, 1, 0, 1, 1]","['True_animalFeed', 'True_water', 'True_liveAnimalInput', 'True_electricityFuel', 'True_transport', 'True_pesticideVeterinaryDrug', 'True_seed', 'True_otherChemical', 'True_animalPopulation', 'True_freshForage', 'True_excreta', 'True_product', 'True_waste', 'True_soilAmendment', 'True_operation', 'True_fertiliser', 'True_material', 'True_ingredient', 'True_cropResidue']",ML model predicted No True_liveAnimalInput but the humans predicted True_liveAnimalInput.,Total number of matching positives in this prediction string 9.,90.1470588235294,32,System Boundary,original,no rag,Human,2
0,,"[1, 0, 1, 1, 0, 1, 1, 1, 1, 1, 1, 1, 0, 1, 0, 1, 0, 1, 1]","[1, 0, 0, 0, 0, 0, 1, 1, 1, 0, 0, 1, 0, 1, 0, 1, 0, 1, 1]","['True_animalFeed', 'True_water', 'True_liveAnimalInput', 'True_electricityFuel', 'True_transport', 'True_pesticideVeterinaryDrug', 'True_seed', 'True_otherChemical', 'True_animalPopulation', 'True_freshForage', 'True_excreta', 'True_product', 'True_waste', 'True_soilAmendment', 'True_operation', 'True_fertiliser', 'True_material', 'True_ingredient', 'True_cropResidue']",ML model predicted No True_electricityFuel but the humans predicted True_electricityFuel.,Total number of matching positives in this prediction string 9.,64.70588235294117,32,System Boundary,original,no rag,Human,2
0,,"[1, 0, 1, 1, 0, 1, 1, 1, 1, 1, 1, 1, 0, 1, 0, 1, 0, 1, 1]","[1, 0, 0, 0, 0, 0, 1, 1, 0, 1, 0, 1, 0, 1, 0, 1, 0, 1, 1]","['True_animalFeed', 'True_water', 'True_liveAnimalInput', 'True_electricityFuel', 'True_transport', 'True_pesticideVeterinaryDrug', 'True_seed', 'True_otherChemical', 'True_animalPopulation', 'True_freshForage', 'True_excreta', 'True_product', 'True_waste', 'True_soilAmendment', 'True_operation', 'True_fertiliser', 'True_material', 'True_ingredient', 'True_cropResidue']",ML model predicted No True_animalPopulation but the humans predicted True_animalPopulation.,Total number of matching positives in this prediction string 9.,93.67647058823529,32,System Boundary,original,no rag,Human,1
0,,"[1, 0, 1, 1, 0, 1, 1, 1, 1, 1, 1, 1, 0, 1, 0, 1, 0, 1, 1]","[1, 0, 0, 0, 0, 0, 1, 1, 0, 1, 0, 1, 0, 1, 0, 1, 0, 1, 1]","['True_animalFeed', 'True_water', 'True_liveAnimalInput', 'True_electricityFuel', 'True_transport', 'True_pesticideVeterinaryDrug', 'True_seed', 'True_otherChemical', 'True_animalPopulation', 'True_freshForage', 'True_excreta', 'True_product', 'True_waste', 'True_soilAmendment', 'True_operation', 'True_fertiliser', 'True_material', 'True_ingredient', 'True_cropResidue']",ML model predicted No True_pesticideVeterinaryDrug but the humans predicted True_pesticideVeterinaryDrug.,Total number of matching positives in this prediction string 9.,48.23529411764706,32,System Boundary,original,no rag,Human,1
0,,"[1, 0, 1, 1, 0, 1, 1, 1, 1, 1, 1, 1, 0, 1, 0, 1, 0, 1, 1]","[1, 0, 0, 0, 0, 0, 1, 1, 0, 1, 0, 1, 0, 1, 0, 1, 0, 1, 1]","['True_animalFeed', 'True_water', 'True_liveAnimalInput', 'True_electricityFuel', 'True_transport', 'True_pesticideVeterinaryDrug', 'True_seed', 'True_otherChemical', 'True_animalPopulation', 'True_freshForage', 'True_excreta', 'True_product', 'True_waste', 'True_soilAmendment', 'True_operation', 'True_fertiliser', 'True_material', 'True_ingredient', 'True_cropResidue']",ML model predicted No True_liveAnimalInput but the humans predicted True_liveAnimalInput.,Total number of matching positives in this prediction string 9.,90.1470588235294,32,System Boundary,original,no rag,Human,1
0,,"[1, 0, 1, 1, 0, 1, 1, 1, 1, 1, 1, 1, 0, 1, 0, 1, 0, 1, 1]","[1, 0, 0, 0, 0, 0, 1, 1, 1, 0, 0, 1, 0, 1, 0, 1, 0, 1, 1]","['True_animalFeed', 'True_water', 'True_liveAnimalInput', 'True_electricityFuel', 'True_transport', 'True_pesticideVeterinaryDrug', 'True_seed', 'True_otherChemical', 'True_animalPopulation', 'True_freshForage', 'True_excreta', 'True_product', 'True_waste', 'True_soilAmendment', 'True_operation', 'True_fertiliser', 'True_material', 'True_ingredient', 'True_cropResidue']",ML model predicted No True_pesticideVeterinaryDrug but the humans predicted True_pesticideVeterinaryDrug.,Total number of matching positives in this prediction string 9.,48.23529411764706,32,System Boundary,original,no rag,Human,2
0,,"[1, 0, 1, 1, 0, 1, 1, 1, 1, 1, 1, 1, 0, 1, 0, 1, 0, 1, 1]","[1, 0, 0, 0, 0, 0, 0, 1, 0, 1, 0, 1, 0, 1, 0, 1, 0, 1, 1]","['True_animalFeed', 'True_water', 'True_liveAnimalInput', 'True_electricityFuel', 'True_transport', 'True_pesticideVeterinaryDrug', 'True_seed', 'True_otherChemical', 'True_animalPopulation', 'True_freshForage', 'True_excreta', 'True_product', 'True_waste', 'True_soilAmendment', 'True_operation', 'True_fertiliser', 'True_material', 'True_ingredient', 'True_cropResidue']",ML model predicted No True_excreta but the humans predicted True_excreta.,Total number of matching positives in this prediction string 8.,23.676470588235293,32,System Boundary,original,rag,Human,1
0,,"[1, 0, 1, 1, 0, 1, 1, 1, 1, 1, 1, 1, 0, 1, 0, 1, 0, 1, 1]","[1, 0, 0, 0, 0, 0, 0, 1, 0, 1, 0, 1, 0, 1, 0, 1, 0, 1, 1]","['True_animalFeed', 'True_water', 'True_liveAnimalInput', 'True_electricityFuel', 'True_transport', 'True_pesticideVeterinaryDrug', 'True_seed', 'True_otherChemical', 'True_animalPopulation', 'True_freshForage', 'True_excreta', 'True_product', 'True_waste', 'True_soilAmendment', 'True_operation', 'True_fertiliser', 'True_material', 'True_ingredient', 'True_cropResidue']",ML model predicted No True_animalPopulation but the humans predicted True_animalPopulation.,Total number of matching positives in this prediction string 8.,93.67647058823529,32,System Boundary,original,rag,Human,1
0,,"[1, 0, 1, 1, 0, 1, 1, 1, 1, 1, 1, 1, 0, 1, 0, 1, 0, 1, 1]","[1, 0, 0, 0, 0, 0, 0, 1, 0, 1, 0, 1, 0, 1, 0, 1, 0, 1, 1]","['True_animalFeed', 'True_water', 'True_liveAnimalInput', 'True_electricityFuel', 'True_transport', 'True_pesticideVeterinaryDrug', 'True_seed', 'True_otherChemical', 'True_animalPopulation', 'True_freshForage', 'True_excreta', 'True_product', 'True_waste', 'True_soilAmendment', 'True_operation', 'True_fertiliser', 'True_material', 'True_ingredient', 'True_cropResidue']",ML model predicted No True_seed but the humans predicted True_seed.,Total number of matching positives in this prediction string 8.,88.52941176470588,32,System Boundary,original,rag,Human,1
0,,"[1, 0, 1, 1, 0, 1, 1, 1, 1, 1, 1, 1, 0, 1, 0, 1, 0, 1, 1]","[1, 0, 0, 0, 0, 0, 0, 1, 0, 1, 0, 1, 0, 1, 0, 1, 0, 1, 1]","['True_animalFeed', 'True_water', 'True_liveAnimalInput', 'True_electricityFuel', 'True_transport', 'True_pesticideVeterinaryDrug', 'True_seed', 'True_otherChemical', 'True_animalPopulation', 'True_freshForage', 'True_excreta', 'True_product', 'True_waste', 'True_soilAmendment', 'True_operation', 'True_fertiliser', 'True_material', 'True_ingredient', 'True_cropResidue']",ML model predicted No True_pesticideVeterinaryDrug but the humans predicted True_pesticideVeterinaryDrug.,Total number of matching positives in this prediction string 8.,48.23529411764706,32,System Boundary,original,rag,Human,1
0,,"[1, 0, 1, 1, 0, 1, 1, 1, 1, 1, 1, 1, 0, 1, 0, 1, 0, 1, 1]","[1, 0, 0, 0, 0, 0, 0, 1, 0, 1, 0, 1, 0, 1, 0, 1, 0, 1, 1]","['True_animalFeed', 'True_water', 'True_liveAnimalInput', 'True_electricityFuel', 'True_transport', 'True_pesticideVeterinaryDrug', 'True_seed', 'True_otherChemical', 'True_animalPopulation', 'True_freshForage', 'True_excreta', 'True_product', 'True_waste', 'True_soilAmendment', 'True_operation', 'True_fertiliser', 'True_material', 'True_ingredient', 'True_cropResidue']",ML model predicted No True_electricityFuel but the humans predicted True_electricityFuel.,Total number of matching positives in this prediction string 8.,64.70588235294117,32,System Boundary,original,rag,Human,1
0,,"[1, 0, 1, 1, 0, 1, 1, 1, 1, 1, 1, 1, 0, 1, 0, 1, 0, 1, 1]","[1, 0, 0, 0, 0, 0, 0, 1, 0, 1, 0, 1, 0, 1, 0, 1, 0, 1, 1]","['True_animalFeed', 'True_water', 'True_liveAnimalInput', 'True_electricityFuel', 'True_transport', 'True_pesticideVeterinaryDrug', 'True_seed', 'True_otherChemical', 'True_animalPopulation', 'True_freshForage', 'True_excreta', 'True_product', 'True_waste', 'True_soilAmendment', 'True_operation', 'True_fertiliser', 'True_material', 'True_ingredient', 'True_cropResidue']",ML model predicted No True_liveAnimalInput but the humans predicted True_liveAnimalInput.,Total number of matching positives in this prediction string 8.,90.1470588235294,32,System Boundary,original,rag,Human,1
0,,"[0, 0, 1, 0, 0, 0]","[1, 0, 0, 0, 0, 0]","['economic', 'energy', 'none required', 'none', 'mass', 'biophysical']",ML model predicted economic but the humans predicted No economic.,Total number of matching positives in this prediction string 0.,68.08823529411765,32,Allocation,original,no rag,AI,7
0,,"[0, 0, 1, 0, 0, 0]","[1, 0, 0, 0, 0, 0]","['economic', 'energy', 'none required', 'none', 'mass', 'biophysical']",ML model predicted No none required but the humans predicted none required.,Total number of matching positives in this prediction string 0.,17.941176470588236,32,Allocation,original,no rag,Human,7
0,,"[0, 0, 1, 0, 0, 0]","[1, 0, 0, 0, 0, 0]","['economic', 'energy', 'none required', 'none', 'mass', 'biophysical']",ML model predicted economic but the humans predicted No economic.,Total number of matching positives in this prediction string 0.,68.08823529411765,32,Allocation,original,rag,AI,7
0,,"[0, 0, 1, 0, 0, 0]","[1, 0, 0, 0, 0, 0]","['economic', 'energy', 'none required', 'none', 'mass', 'biophysical']",ML model predicted No none required but the humans predicted none required.,Total number of matching positives in this prediction string 0.,17.941176470588236,32,Allocation,original,rag,Human,7
0,,"[1, 0, 1, 1, 0, 1, 1, 1, 1, 1, 1, 1, 0, 1, 0, 1, 0, 1, 1]","[1, 0, 0, 0, 0, 0, 1, 1, 0, 1, 0, 1, 0, 1, 0, 1, 0, 1, 1]","['True_animalFeed', 'True_water', 'True_liveAnimalInput', 'True_electricityFuel', 'True_transport', 'True_pesticideVeterinaryDrug', 'True_seed', 'True_otherChemical', 'True_animalPopulation', 'True_freshForage', 'True_excreta', 'True_product', 'True_waste', 'True_soilAmendment', 'True_operation', 'True_fertiliser', 'True_material', 'True_ingredient', 'True_cropResidue']",ML model predicted No True_electricityFuel but the humans predicted True_electricityFuel.,Total number of matching positives in this prediction string 9.,64.70588235294117,32,System Boundary,original,no rag,Human,1
0,,"[1, 0, 1, 0, 1, 0, 0, 1, 1, 1, 0, 1, 0, 1, 0, 0, 0, 1, 0]","[1, 0, 1, 0, 0, 0, 0, 1, 1, 1, 0, 1, 0, 1, 0, 0, 0, 1, 1]","['True_animalFeed', 'True_water', 'True_liveAnimalInput', 'True_electricityFuel', 'True_transport', 'True_pesticideVeterinaryDrug', 'True_seed', 'True_otherChemical', 'True_animalPopulation', 'True_freshForage', 'True_excreta', 'True_product', 'True_waste', 'True_soilAmendment', 'True_operation', 'True_fertiliser', 'True_material', 'True_ingredient', 'True_cropResidue']",ML model predicted True_cropResidue but the humans predicted No True_cropResidue.,Total number of matching positives in this prediction string 8.,60.97560975609756,32,System Boundary,standardized,rag,AI,1
0,,"[1, 0, 1, 1, 0, 1, 1, 1, 1, 1, 1, 1, 0, 1, 0, 1, 0, 1, 1]","[1, 0, 0, 0, 0, 0, 1, 1, 1, 1, 0, 1, 0, 1, 0, 1, 0, 1, 1]","['True_animalFeed', 'True_water', 'True_liveAnimalInput', 'True_electricityFuel', 'True_transport', 'True_pesticideVeterinaryDrug', 'True_seed', 'True_otherChemical', 'True_animalPopulation', 'True_freshForage', 'True_excreta', 'True_product', 'True_waste', 'True_soilAmendment', 'True_operation', 'True_fertiliser', 'True_material', 'True_ingredient', 'True_cropResidue']",ML model predicted No True_excreta but the humans predicted True_excreta.,Total number of matching positives in this prediction string 10.,23.676470588235293,32,System Boundary,original,no rag,Human,3
0,,"[1, 0, 1, 1, 0, 1, 1, 1, 1, 1, 1, 1, 0, 1, 0, 1, 0, 1, 1]","[1, 0, 0, 0, 0, 0, 1, 1, 1, 1, 0, 1, 0, 1, 0, 1, 0, 1, 1]","['True_animalFeed', 'True_water', 'True_liveAnimalInput', 'True_electricityFuel', 'True_transport', 'True_pesticideVeterinaryDrug', 'True_seed', 'True_otherChemical', 'True_animalPopulation', 'True_freshForage', 'True_excreta', 'True_product', 'True_waste', 'True_soilAmendment', 'True_operation', 'True_fertiliser', 'True_material', 'True_ingredient', 'True_cropResidue']",ML model predicted No True_pesticideVeterinaryDrug but the humans predicted True_pesticideVeterinaryDrug.,Total number of matching positives in this prediction string 10.,48.23529411764706,32,System Boundary,original,no rag,Human,3
0,,"[1, 0, 1, 1, 0, 1, 1, 1, 1, 1, 1, 1, 0, 1, 0, 1, 0, 1, 1]","[1, 0, 0, 0, 0, 0, 1, 1, 1, 1, 0, 1, 0, 1, 0, 1, 0, 1, 1]","['True_animalFeed', 'True_water', 'True_liveAnimalInput', 'True_electricityFuel', 'True_transport', 'True_pesticideVeterinaryDrug', 'True_seed', 'True_otherChemical', 'True_animalPopulation', 'True_freshForage', 'True_excreta', 'True_product', 'True_waste', 'True_soilAmendment', 'True_operation', 'True_fertiliser', 'True_material', 'True_ingredient', 'True_cropResidue']",ML model predicted No True_liveAnimalInput but the humans predicted True_liveAnimalInput.,Total number of matching positives in this prediction string 10.,90.1470588235294,32,System Boundary,original,rag,Human,2
0,,"[1, 0, 1, 1, 0, 1, 1, 1, 1, 1, 1, 1, 0, 1, 0, 1, 0, 1, 1]","[1, 0, 0, 0, 0, 0, 1, 1, 1, 1, 0, 1, 0, 1, 0, 1, 0, 1, 1]","['True_animalFeed', 'True_water', 'True_liveAnimalInput', 'True_electricityFuel', 'True_transport', 'True_pesticideVeterinaryDrug', 'True_seed', 'True_otherChemical', 'True_animalPopulation', 'True_freshForage', 'True_excreta', 'True_product', 'True_waste', 'True_soilAmendment', 'True_operation', 'True_fertiliser', 'True_material', 'True_ingredient', 'True_cropResidue']",ML model predicted No True_electricityFuel but the humans predicted True_electricityFuel.,Total number of matching positives in this prediction string 10.,64.70588235294117,32,System Boundary,original,rag,Human,2
0,,"[1, 0, 1, 1, 0, 1, 1, 1, 1, 1, 1, 1, 0, 1, 0, 1, 0, 1, 1]","[1, 0, 0, 0, 0, 0, 1, 1, 1, 1, 0, 1, 0, 1, 0, 1, 0, 1, 1]","['True_animalFeed', 'True_water', 'True_liveAnimalInput', 'True_electricityFuel', 'True_transport', 'True_pesticideVeterinaryDrug', 'True_seed', 'True_otherChemical', 'True_animalPopulation', 'True_freshForage', 'True_excreta', 'True_product', 'True_waste', 'True_soilAmendment', 'True_operation', 'True_fertiliser', 'True_material', 'True_ingredient', 'True_cropResidue']",ML model predicted No True_pesticideVeterinaryDrug but the humans predicted True_pesticideVeterinaryDrug.,Total number of matching positives in this prediction string 10.,48.23529411764706,32,System Boundary,original,rag,Human,2
0,,"[1, 0, 1, 1, 0, 1, 1, 1, 1, 1, 1, 1, 0, 1, 0, 1, 0, 1, 1]","[1, 0, 0, 0, 0, 0, 1, 1, 1, 1, 0, 1, 0, 1, 0, 1, 0, 1, 1]","['True_animalFeed', 'True_water', 'True_liveAnimalInput', 'True_electricityFuel', 'True_transport', 'True_pesticideVeterinaryDrug', 'True_seed', 'True_otherChemical', 'True_animalPopulation', 'True_freshForage', 'True_excreta', 'True_product', 'True_waste', 'True_soilAmendment', 'True_operation', 'True_fertiliser', 'True_material', 'True_ingredient', 'True_cropResidue']",ML model predicted No True_excreta but the humans predicted True_excreta.,Total number of matching positives in this prediction string 10.,23.676470588235293,32,System Boundary,original,rag,Human,2
0,,"[1, 0, 1, 1, 0, 1, 1, 1, 1, 1, 1, 1, 0, 1, 0, 1, 0, 1, 1]","[1, 0, 0, 1, 0, 0, 1, 1, 1, 1, 0, 1, 0, 1, 0, 1, 0, 1, 1]","['True_animalFeed', 'True_water', 'True_liveAnimalInput', 'True_electricityFuel', 'True_transport', 'True_pesticideVeterinaryDrug', 'True_seed', 'True_otherChemical', 'True_animalPopulation', 'True_freshForage', 'True_excreta', 'True_product', 'True_waste', 'True_soilAmendment', 'True_operation', 'True_fertiliser', 'True_material', 'True_ingredient', 'True_cropResidue']",ML model predicted No True_liveAnimalInput but the humans predicted True_liveAnimalInput.,Total number of matching positives in this prediction string 11.,90.1470588235294,32,System Boundary,original,rag,Human,1
0,,"[1, 0, 1, 1, 0, 1, 1, 1, 1, 1, 1, 1, 0, 1, 0, 1, 0, 1, 1]","[1, 0, 0, 1, 0, 0, 1, 1, 1, 1, 0, 1, 0, 1, 0, 1, 0, 1, 1]","['True_animalFeed', 'True_water', 'True_liveAnimalInput', 'True_electricityFuel', 'True_transport', 'True_pesticideVeterinaryDrug', 'True_seed', 'True_otherChemical', 'True_animalPopulation', 'True_freshForage', 'True_excreta', 'True_product', 'True_waste', 'True_soilAmendment', 'True_operation', 'True_fertiliser', 'True_material', 'True_ingredient', 'True_cropResidue']",ML model predicted No True_pesticideVeterinaryDrug but the humans predicted True_pesticideVeterinaryDrug.,Total number of matching positives in this prediction string 11.,48.23529411764706,32,System Boundary,original,rag,Human,1
0,,"[1, 0, 1, 1, 0, 1, 1, 1, 1, 1, 1, 1, 0, 1, 0, 1, 0, 1, 1]","[1, 0, 0, 1, 0, 0, 1, 1, 1, 1, 0, 1, 0, 1, 0, 1, 0, 1, 1]","['True_animalFeed', 'True_water', 'True_liveAnimalInput', 'True_electricityFuel', 'True_transport', 'True_pesticideVeterinaryDrug', 'True_seed', 'True_otherChemical', 'True_animalPopulation', 'True_freshForage', 'True_excreta', 'True_product', 'True_waste', 'True_soilAmendment', 'True_operation', 'True_fertiliser', 'True_material', 'True_ingredient', 'True_cropResidue']",ML model predicted No True_excreta but the humans predicted True_excreta.,Total number of matching positives in this prediction string 11.,23.676470588235293,32,System Boundary,original,rag,Human,1
0,,"[1, 0, 1, 1, 0, 1, 1, 1, 1, 1, 1, 1, 0, 1, 0, 1, 0, 1, 1]","[1, 0, 0, 0, 0, 0, 1, 1, 1, 1, 0, 1, 0, 1, 0, 1, 0, 1, 1]","['True_animalFeed', 'True_water', 'True_liveAnimalInput', 'True_electricityFuel', 'True_transport', 'True_pesticideVeterinaryDrug', 'True_seed', 'True_otherChemical', 'True_animalPopulation', 'True_freshForage', 'True_excreta', 'True_product', 'True_waste', 'True_soilAmendment', 'True_operation', 'True_fertiliser', 'True_material', 'True_ingredient', 'True_cropResidue']",ML model predicted No True_electricityFuel but the humans predicted True_electricityFuel.,Total number of matching positives in this prediction string 10.,64.70588235294117,32,System Boundary,original,no rag,Human,3
0,,"[1, 0, 1, 1, 0, 1, 1, 1, 1, 1, 1, 1, 0, 1, 0, 1, 0, 1, 1]","[1, 0, 0, 0, 0, 0, 1, 1, 1, 1, 0, 1, 0, 1, 0, 1, 0, 1, 1]","['True_animalFeed', 'True_water', 'True_liveAnimalInput', 'True_electricityFuel', 'True_transport', 'True_pesticideVeterinaryDrug', 'True_seed', 'True_otherChemical', 'True_animalPopulation', 'True_freshForage', 'True_excreta', 'True_product', 'True_waste', 'True_soilAmendment', 'True_operation', 'True_fertiliser', 'True_material', 'True_ingredient', 'True_cropResidue']",ML model predicted No True_liveAnimalInput but the humans predicted True_liveAnimalInput.,Total number of matching positives in this prediction string 10.,90.1470588235294,32,System Boundary,original,no rag,Human,3
0,,"[1, 0, 1, 1, 0, 1, 1, 1, 1, 1, 1, 1, 0, 1, 0, 1, 0, 1, 1]","[1, 0, 1, 0, 0, 0, 1, 1, 0, 1, 0, 1, 0, 1, 0, 1, 0, 1, 1]","['True_animalFeed', 'True_water', 'True_liveAnimalInput', 'True_electricityFuel', 'True_transport', 'True_pesticideVeterinaryDrug', 'True_seed', 'True_otherChemical', 'True_animalPopulation', 'True_freshForage', 'True_excreta', 'True_product', 'True_waste', 'True_soilAmendment', 'True_operation', 'True_fertiliser', 'True_material', 'True_ingredient', 'True_cropResidue']",ML model predicted No True_electricityFuel but the humans predicted True_electricityFuel.,Total number of matching positives in this prediction string 10.,64.70588235294117,32,System Boundary,original,rag,Human,1
0,,"[1, 0, 1, 0, 1, 0, 0, 1, 1, 1, 0, 1, 0, 1, 0, 0, 0, 1, 0]","[1, 0, 1, 0, 0, 0, 0, 1, 1, 1, 0, 1, 0, 1, 0, 0, 0, 1, 1]","['True_animalFeed', 'True_water', 'True_liveAnimalInput', 'True_electricityFuel', 'True_transport', 'True_pesticideVeterinaryDrug', 'True_seed', 'True_otherChemical', 'True_animalPopulation', 'True_freshForage', 'True_excreta', 'True_product', 'True_waste', 'True_soilAmendment', 'True_operation', 'True_fertiliser', 'True_material', 'True_ingredient', 'True_cropResidue']",ML model predicted No True_transport but the humans predicted True_transport.,Total number of matching positives in this prediction string 8.,5.640243902439025,32,System Boundary,standardized,rag,Human,1
0,,"[1, 0, 1, 1, 0, 1, 1, 1, 1, 1, 1, 1, 0, 1, 0, 1, 0, 1, 1]","[1, 0, 1, 0, 0, 0, 1, 1, 0, 1, 0, 1, 0, 1, 0, 1, 0, 1, 1]","['True_animalFeed', 'True_water', 'True_liveAnimalInput', 'True_electricityFuel', 'True_transport', 'True_pesticideVeterinaryDrug', 'True_seed', 'True_otherChemical', 'True_animalPopulation', 'True_freshForage', 'True_excreta', 'True_product', 'True_waste', 'True_soilAmendment', 'True_operation', 'True_fertiliser', 'True_material', 'True_ingredient', 'True_cropResidue']",ML model predicted No True_pesticideVeterinaryDrug but the humans predicted True_pesticideVeterinaryDrug.,Total number of matching positives in this prediction string 10.,48.23529411764706,32,System Boundary,original,rag,Human,1
0,,"[1, 0, 1, 1, 0, 1, 1, 1, 1, 1, 1, 1, 0, 1, 0, 1, 0, 1, 1]","[1, 0, 1, 0, 0, 0, 1, 1, 0, 1, 0, 1, 0, 1, 0, 1, 0, 1, 1]","['True_animalFeed', 'True_water', 'True_liveAnimalInput', 'True_electricityFuel', 'True_transport', 'True_pesticideVeterinaryDrug', 'True_seed', 'True_otherChemical', 'True_animalPopulation', 'True_freshForage', 'True_excreta', 'True_product', 'True_waste', 'True_soilAmendment', 'True_operation', 'True_fertiliser', 'True_material', 'True_ingredient', 'True_cropResidue']",ML model predicted No True_excreta but the humans predicted True_excreta.,Total number of matching positives in this prediction string 10.,23.676470588235293,32,System Boundary,original,rag,Human,1
0,,"[1, 0, 1, 1, 0, 1, 1, 1, 1, 1, 1, 1, 0, 1, 0, 1, 0, 1, 1]","[1, 0, 1, 0, 0, 0, 1, 1, 1, 1, 0, 1, 0, 1, 0, 1, 0, 1, 1]","['True_animalFeed', 'True_water', 'True_liveAnimalInput', 'True_electricityFuel', 'True_transport', 'True_pesticideVeterinaryDrug', 'True_seed', 'True_otherChemical', 'True_animalPopulation', 'True_freshForage', 'True_excreta', 'True_product', 'True_waste', 'True_soilAmendment', 'True_operation', 'True_fertiliser', 'True_material', 'True_ingredient', 'True_cropResidue']",ML model predicted No True_electricityFuel but the humans predicted True_electricityFuel.,Total number of matching positives in this prediction string 11.,64.70588235294117,32,System Boundary,original,no rag,Human,1
0,,"[1, 0, 1, 1, 0, 1, 1, 1, 1, 1, 1, 1, 0, 1, 0, 1, 0, 1, 1]","[1, 0, 1, 0, 0, 0, 1, 1, 1, 1, 0, 1, 0, 1, 0, 1, 0, 1, 1]","['True_animalFeed', 'True_water', 'True_liveAnimalInput', 'True_electricityFuel', 'True_transport', 'True_pesticideVeterinaryDrug', 'True_seed', 'True_otherChemical', 'True_animalPopulation', 'True_freshForage', 'True_excreta', 'True_product', 'True_waste', 'True_soilAmendment', 'True_operation', 'True_fertiliser', 'True_material', 'True_ingredient', 'True_cropResidue']",ML model predicted No True_pesticideVeterinaryDrug but the humans predicted True_pesticideVeterinaryDrug.,Total number of matching positives in this prediction string 11.,48.23529411764706,32,System Boundary,original,no rag,Human,1
0,,"[1, 0, 1, 1, 0, 1, 1, 1, 1, 1, 1, 1, 0, 1, 0, 1, 0, 1, 1]","[1, 0, 1, 0, 0, 0, 1, 1, 1, 1, 0, 1, 0, 1, 0, 1, 0, 1, 1]","['True_animalFeed', 'True_water', 'True_liveAnimalInput', 'True_electricityFuel', 'True_transport', 'True_pesticideVeterinaryDrug', 'True_seed', 'True_otherChemical', 'True_animalPopulation', 'True_freshForage', 'True_excreta', 'True_product', 'True_waste', 'True_soilAmendment', 'True_operation', 'True_fertiliser', 'True_material', 'True_ingredient', 'True_cropResidue']",ML model predicted No True_excreta but the humans predicted True_excreta.,Total number of matching positives in this prediction string 11.,23.676470588235293,32,System Boundary,original,no rag,Human,1
0,,"[1, 0, 1, 1, 0, 1, 1, 1, 1, 1, 1, 1, 0, 1, 0, 1, 0, 1, 1]","[1, 0, 1, 1, 0, 0, 1, 1, 1, 0, 0, 1, 0, 1, 0, 1, 0, 1, 1]","['True_animalFeed', 'True_water', 'True_liveAnimalInput', 'True_electricityFuel', 'True_transport', 'True_pesticideVeterinaryDrug', 'True_seed', 'True_otherChemical', 'True_animalPopulation', 'True_freshForage', 'True_excreta', 'True_product', 'True_waste', 'True_soilAmendment', 'True_operation', 'True_fertiliser', 'True_material', 'True_ingredient', 'True_cropResidue']",ML model predicted No True_pesticideVeterinaryDrug but the humans predicted True_pesticideVeterinaryDrug.,Total number of matching positives in this prediction string 11.,48.23529411764706,32,System Boundary,original,rag,Human,1
0,,"[1, 0, 1, 1, 0, 1, 1, 1, 1, 1, 1, 1, 0, 1, 0, 1, 0, 1, 1]","[1, 0, 1, 1, 0, 0, 1, 1, 1, 0, 0, 1, 0, 1, 0, 1, 0, 1, 1]","['True_animalFeed', 'True_water', 'True_liveAnimalInput', 'True_electricityFuel', 'True_transport', 'True_pesticideVeterinaryDrug', 'True_seed', 'True_otherChemical', 'True_animalPopulation', 'True_freshForage', 'True_excreta', 'True_product', 'True_waste', 'True_soilAmendment', 'True_operation', 'True_fertiliser', 'True_material', 'True_ingredient', 'True_cropResidue']",ML model predicted No True_freshForage but the humans predicted True_freshForage.,Total number of matching positives in this prediction string 11.,52.64705882352941,32,System Boundary,original,rag,Human,1
0,,"[1, 0, 1, 1, 0, 1, 1, 1, 1, 1, 1, 1, 0, 1, 0, 1, 0, 1, 1]","[1, 0, 1, 1, 0, 0, 1, 1, 1, 0, 0, 1, 0, 1, 0, 1, 0, 1, 1]","['True_animalFeed', 'True_water', 'True_liveAnimalInput', 'True_electricityFuel', 'True_transport', 'True_pesticideVeterinaryDrug', 'True_seed', 'True_otherChemical', 'True_animalPopulation', 'True_freshForage', 'True_excreta', 'True_product', 'True_waste', 'True_soilAmendment', 'True_operation', 'True_fertiliser', 'True_material', 'True_ingredient', 'True_cropResidue']",ML model predicted No True_excreta but the humans predicted True_excreta.,Total number of matching positives in this prediction string 11.,23.676470588235293,32,System Boundary,original,rag,Human,1
0,,"[1, 0, 0, 0, 1, 0, 0, 0, 0]","[0, 0, 0, 0, 1, 0, 0, 0, 0]","['relative', 'kg FPCM', '1 ha', 'number', 'kg liveweight', 'kg ready-to-cook weight', 'kg cold dressed carcass weight', 'kg', 'kg cold carcass weight']",ML model predicted No relative but the humans predicted relative.,Total number of matching positives in this prediction string 1.,92.79411764705883,32,Functional Unit,original,rag,Human,1
0,,"[1, 0, 1, 1, 0, 1, 1, 1, 1, 1, 1, 1, 0, 1, 0, 1, 0, 1, 1]","[1, 0, 0, 0, 0, 0, 1, 1, 1, 0, 0, 1, 0, 1, 0, 1, 0, 1, 1]","['True_animalFeed', 'True_water', 'True_liveAnimalInput', 'True_electricityFuel', 'True_transport', 'True_pesticideVeterinaryDrug', 'True_seed', 'True_otherChemical', 'True_animalPopulation', 'True_freshForage', 'True_excreta', 'True_product', 'True_waste', 'True_soilAmendment', 'True_operation', 'True_fertiliser', 'True_material', 'True_ingredient', 'True_cropResidue']",ML model predicted No True_excreta but the humans predicted True_excreta.,Total number of matching positives in this prediction string 9.,23.676470588235293,32,System Boundary,original,no rag,Human,2
0,,"[1, 0, 1, 1, 0, 1, 1, 1, 1, 1, 1, 1, 0, 1, 0, 1, 0, 1, 1]","[1, 0, 1, 0, 0, 0, 1, 1, 0, 1, 0, 1, 0, 1, 0, 1, 0, 1, 1]","['True_animalFeed', 'True_water', 'True_liveAnimalInput', 'True_electricityFuel', 'True_transport', 'True_pesticideVeterinaryDrug', 'True_seed', 'True_otherChemical', 'True_animalPopulation', 'True_freshForage', 'True_excreta', 'True_product', 'True_waste', 'True_soilAmendment', 'True_operation', 'True_fertiliser', 'True_material', 'True_ingredient', 'True_cropResidue']",ML model predicted No True_animalPopulation but the humans predicted True_animalPopulation.,Total number of matching positives in this prediction string 10.,93.67647058823529,32,System Boundary,original,rag,Human,1
0,,"[1, 0, 1, 1, 0, 1, 1, 1, 1, 1, 1, 1, 0, 1, 0, 1, 0, 1, 1]","[1, 0, 0, 0, 0, 0, 1, 1, 1, 0, 0, 1, 0, 1, 0, 1, 0, 1, 1]","['True_animalFeed', 'True_water', 'True_liveAnimalInput', 'True_electricityFuel', 'True_transport', 'True_pesticideVeterinaryDrug', 'True_seed', 'True_otherChemical', 'True_animalPopulation', 'True_freshForage', 'True_excreta', 'True_product', 'True_waste', 'True_soilAmendment', 'True_operation', 'True_fertiliser', 'True_material', 'True_ingredient', 'True_cropResidue']",ML model predicted No True_freshForage but the humans predicted True_freshForage.,Total number of matching positives in this prediction string 9.,52.64705882352941,32,System Boundary,original,no rag,Human,2
0,,"[1, 1, 1, 1, 1, 1, 1, 1, 1, 1, 1, 1, 1, 1, 1, 1, 0, 1, 0]","[1, 1, 1, 1, 0, 1, 1, 1, 1, 1, 0, 1, 0, 1, 1, 1, 0, 1, 0]","['True_animalFeed', 'True_water', 'True_liveAnimalInput', 'True_electricityFuel', 'True_transport', 'True_pesticideVeterinaryDrug', 'True_seed', 'True_otherChemical', 'True_animalPopulation', 'True_freshForage', 'True_excreta', 'True_product', 'True_waste', 'True_soilAmendment', 'True_operation', 'True_fertiliser', 'True_material', 'True_ingredient', 'True_cropResidue']",ML model predicted No True_waste but the humans predicted True_waste.,Total number of matching positives in this prediction string 14.,10.365853658536585,33,System Boundary,standardized,rag,Human,1
0,,"[1, 1, 1, 1, 1, 1, 1, 1, 1, 1, 1, 1, 1, 1, 1, 1, 0, 1, 0]","[1, 1, 1, 1, 0, 1, 1, 1, 1, 1, 0, 1, 0, 1, 1, 1, 0, 1, 0]","['True_animalFeed', 'True_water', 'True_liveAnimalInput', 'True_electricityFuel', 'True_transport', 'True_pesticideVeterinaryDrug', 'True_seed', 'True_otherChemical', 'True_animalPopulation', 'True_freshForage', 'True_excreta', 'True_product', 'True_waste', 'True_soilAmendment', 'True_operation', 'True_fertiliser', 'True_material', 'True_ingredient', 'True_cropResidue']",ML model predicted No True_transport but the humans predicted True_transport.,Total number of matching positives in this prediction string 14.,5.640243902439025,33,System Boundary,standardized,rag,Human,1
0,,"[1, 1, 1, 1, 1, 1, 1, 1, 1, 1, 1, 1, 1, 1, 1, 1, 0, 1, 0]","[1, 1, 1, 1, 0, 1, 1, 1, 1, 1, 0, 1, 0, 1, 1, 1, 0, 1, 0]","['True_animalFeed', 'True_water', 'True_liveAnimalInput', 'True_electricityFuel', 'True_transport', 'True_pesticideVeterinaryDrug', 'True_seed', 'True_otherChemical', 'True_animalPopulation', 'True_freshForage', 'True_excreta', 'True_product', 'True_waste', 'True_soilAmendment', 'True_operation', 'True_fertiliser', 'True_material', 'True_ingredient', 'True_cropResidue']",ML model predicted No True_excreta but the humans predicted True_excreta.,Total number of matching positives in this prediction string 14.,22.25609756097561,33,System Boundary,standardized,rag,Human,1
0,,"[1, 1, 1, 1, 1, 1, 1, 1, 1, 1, 1, 1, 1, 1, 1, 1, 0, 1, 0]","[1, 1, 1, 1, 0, 1, 1, 1, 1, 1, 1, 1, 1, 1, 1, 1, 0, 1, 0]","['True_animalFeed', 'True_water', 'True_liveAnimalInput', 'True_electricityFuel', 'True_transport', 'True_pesticideVeterinaryDrug', 'True_seed', 'True_otherChemical', 'True_animalPopulation', 'True_freshForage', 'True_excreta', 'True_product', 'True_waste', 'True_soilAmendment', 'True_operation', 'True_fertiliser', 'True_material', 'True_ingredient', 'True_cropResidue']",ML model predicted No True_transport but the humans predicted True_transport.,Total number of matching positives in this prediction string 16.,5.640243902439025,33,System Boundary,standardized,no rag,Human,1
0,,"[0, 0, 1, 0, 0, 0, 0, 1, 0]","[0, 0, 0, 0, 0, 0, 0, 1, 0]","['relative', 'kg FPCM', '1 ha', 'number', 'kg liveweight', 'kg ready-to-cook weight', 'kg cold dressed carcass weight', 'kg', 'kg cold carcass weight']",ML model predicted No 1 ha but the humans predicted 1 ha.,Total number of matching positives in this prediction string 1.,7.012195121951219,33,Functional Unit,standardized,rag,Human,1
0,,"[0, 0, 1, 0, 0, 0, 0, 1, 0]","[1, 0, 0, 0, 0, 0, 0, 1, 0]","['relative', 'kg FPCM', '1 ha', 'number', 'kg liveweight', 'kg ready-to-cook weight', 'kg cold dressed carcass weight', 'kg', 'kg cold carcass weight']",ML model predicted No 1 ha but the humans predicted 1 ha.,Total number of matching positives in this prediction string 1.,7.012195121951219,33,Functional Unit,standardized,rag,Human,1
0,,"[0, 0, 1, 0, 0, 0, 0, 1, 0]","[1, 0, 0, 0, 0, 0, 0, 1, 0]","['relative', 'kg FPCM', '1 ha', 'number', 'kg liveweight', 'kg ready-to-cook weight', 'kg cold dressed carcass weight', 'kg', 'kg cold carcass weight']",ML model predicted relative but the humans predicted No relative.,Total number of matching positives in this prediction string 1.,92.98780487804878,33,Functional Unit,standardized,rag,AI,1
0,,"[1, 0, 0, 0, 0, 1, 0, 0, 0]","[1, 0, 0, 0, 0, 0, 0, 0, 0]","['relative', 'kg FPCM', '1 ha', 'number', 'kg liveweight', 'kg ready-to-cook weight', 'kg cold dressed carcass weight', 'kg', 'kg cold carcass weight']",ML model predicted No kg ready-to-cook weight but the humans predicted kg ready-to-cook weight.,Total number of matching positives in this prediction string 1.,1.3235294117647058,34,Functional Unit,original,no rag,Human,1
0,,"[0, 0, 0, 0, 0, 0, 0, 0, 0, 0, 0, 0, 0, 0, 0, 0, 0, 0, 0, 0, 0, 0, 0, 0, 0, 1, 0, 0, 0, 0, 0, 0, 0, 0, 0, 0, 0, 0, 0, 0, 0, 0, 0, 0, 0, 0, 0, 0, 0, 0, 0, 0, 0, 0, 0, 1, 0, 0, 0, 0, 0, 0]","[0, 0, 0, 0, 0, 0, 0, 0, 0, 0, 0, 0, 0, 0, 0, 0, 0, 0, 0, 0, 0, 0, 0, 0, 0, 0, 0, 0, 0, 0, 0, 0, 0, 0, 0, 0, 0, 0, 0, 0, 0, 0, 0, 0, 0, 0, 0, 0, 0, 0, 0, 0, 0, 0, 0, 1, 0, 0, 0, 0, 0, 0]","['Meat, beef cattle (cold carcass weight)', 'Dairy cattle, heifer', 'Meat, pig (cold dressed carcass weight)', 'Meat, chicken, breast', 'Milk, cow, raw (FPCM)', 'Broiler chicken', 'Beef cattle', 'Hides', 'Sheep, ewe', 'Beef cattle, heifer', 'Beef cattle, calf (female, weaned)', 'Dairy cattle, calf (weaned)', 'Cattle', 'Wool, sheep (greasy)', 'Meat, dairy cattle (liveweight)', 'Beef cattle, steer', 'Meat, sheep (liveweight)', 'Beef cattle, heifer and steer', 'Dairy cattle, cow', 'Cattle, urine (kg mass)', 'Meat, pig (cold carcass weight)', 'Offal', 'Dairy cattle', 'Layer chicken, hen', 'Sheep, lamb (male, unweaned)', 'Meat, chicken, wings', 'Wool', 'Eggs, hen, in shell (number)', 'Pig', 'Broiler chicken, hen', 'Dairy cattle, calf (male, unweaned)', 'Meat, dairy cattle (cold carcass weight)', 'Dairy cattle, calf', 'Beef cattle, calf (male, weaned)', 'Meat, beef cattle (cold dressed carcass weight)', 'Eggs, hen, in shell', 'Broiler chicken, chick', 'Meat, chicken (liveweight)', 'Pig, piglet', 'Layer chicken, pullet', 'Sheep, lamb (female, unweaned)', 'Milk', 'Beef cattle, bull', 'Eggs', 'Sheep, lamb', 'Dairy cattle, calf (female, weaned)', 'Sheep, ram', 'Sheep, lamb (weaned)', 'Beef cattle, calf (weaned)', 'Meat, chicken, leg', 'Sheep', 'Layer chicken', 'Beef cattle, cow', 'Offal, pigs', 'Poultry by-product meal', 'Meat', 'Milk, cow, raw', 'Hides, dairy cattle, fresh', 'Pig, sow', 'Meat, beef cattle (liveweight)', 'Meat, chicken (cold carcass weight)', 'Meat, sheep (cold carcass weight)']","ML model predicted No Meat, chicken, wings but the humans predicted Meat, chicken, wings.",Total number of matching positives in this prediction string 1.,0.4411764705882353,34,Product,original,rag,Human,1
0,,"[1, 0, 0, 0, 0, 0]","[1, 0, 1, 0, 0, 0]","['economic', 'energy', 'none required', 'none', 'mass', 'biophysical']",ML model predicted none required but the humans predicted No none required.,Total number of matching positives in this prediction string 1.,17.941176470588236,34,Allocation,original,no rag,AI,1
0,,"[1, 1, 0, 0, 0, 0, 1, 1, 1, 0, 0, 1, 0, 0, 0, 0, 0, 1, 1]","[0, 0, 0, 0, 0, 1, 0, 1, 1, 0, 0, 1, 0, 0, 0, 1, 0, 1, 1]","['True_animalFeed', 'True_water', 'True_liveAnimalInput', 'True_electricityFuel', 'True_transport', 'True_pesticideVeterinaryDrug', 'True_seed', 'True_otherChemical', 'True_animalPopulation', 'True_freshForage', 'True_excreta', 'True_product', 'True_waste', 'True_soilAmendment', 'True_operation', 'True_fertiliser', 'True_material', 'True_ingredient', 'True_cropResidue']",ML model predicted No True_water but the humans predicted True_water.,Total number of matching positives in this prediction string 5.,23.08823529411765,37,System Boundary,original,rag,Human,1
0,,"[1, 1, 0, 0, 0, 0, 1, 1, 1, 0, 0, 1, 0, 0, 0, 0, 0, 1, 1]","[1, 0, 0, 1, 0, 1, 1, 1, 1, 0, 0, 1, 0, 1, 0, 1, 0, 1, 1]","['True_animalFeed', 'True_water', 'True_liveAnimalInput', 'True_electricityFuel', 'True_transport', 'True_pesticideVeterinaryDrug', 'True_seed', 'True_otherChemical', 'True_animalPopulation', 'True_freshForage', 'True_excreta', 'True_product', 'True_waste', 'True_soilAmendment', 'True_operation', 'True_fertiliser', 'True_material', 'True_ingredient', 'True_cropResidue']",ML model predicted True_fertiliser but the humans predicted No True_fertiliser.,Total number of matching positives in this prediction string 7.,92.94117647058823,37,System Boundary,original,no rag,AI,1
0,,"[1, 1, 0, 0, 0, 0, 1, 1, 1, 0, 0, 1, 0, 0, 0, 0, 0, 1, 1]","[1, 0, 0, 1, 0, 1, 1, 1, 1, 0, 0, 1, 0, 1, 0, 1, 0, 1, 1]","['True_animalFeed', 'True_water', 'True_liveAnimalInput', 'True_electricityFuel', 'True_transport', 'True_pesticideVeterinaryDrug', 'True_seed', 'True_otherChemical', 'True_animalPopulation', 'True_freshForage', 'True_excreta', 'True_product', 'True_waste', 'True_soilAmendment', 'True_operation', 'True_fertiliser', 'True_material', 'True_ingredient', 'True_cropResidue']",ML model predicted True_soilAmendment but the humans predicted No True_soilAmendment.,Total number of matching positives in this prediction string 7.,91.47058823529412,37,System Boundary,original,no rag,AI,1
0,,"[1, 1, 0, 0, 0, 0, 1, 1, 1, 0, 0, 1, 0, 0, 0, 0, 0, 1, 1]","[1, 0, 0, 1, 0, 1, 1, 1, 1, 0, 0, 1, 0, 1, 0, 1, 0, 1, 1]","['True_animalFeed', 'True_water', 'True_liveAnimalInput', 'True_electricityFuel', 'True_transport', 'True_pesticideVeterinaryDrug', 'True_seed', 'True_otherChemical', 'True_animalPopulation', 'True_freshForage', 'True_excreta', 'True_product', 'True_waste', 'True_soilAmendment', 'True_operation', 'True_fertiliser', 'True_material', 'True_ingredient', 'True_cropResidue']",ML model predicted True_pesticideVeterinaryDrug but the humans predicted No True_pesticideVeterinaryDrug.,Total number of matching positives in this prediction string 7.,48.23529411764706,37,System Boundary,original,no rag,AI,1
0,,"[1, 1, 0, 0, 0, 0, 1, 1, 1, 0, 0, 1, 0, 0, 0, 0, 0, 1, 1]","[1, 0, 0, 1, 0, 0, 0, 1, 1, 0, 0, 1, 0, 0, 0, 1, 0, 1, 1]","['True_animalFeed', 'True_water', 'True_liveAnimalInput', 'True_electricityFuel', 'True_transport', 'True_pesticideVeterinaryDrug', 'True_seed', 'True_otherChemical', 'True_animalPopulation', 'True_freshForage', 'True_excreta', 'True_product', 'True_waste', 'True_soilAmendment', 'True_operation', 'True_fertiliser', 'True_material', 'True_ingredient', 'True_cropResidue']",ML model predicted True_electricityFuel but the humans predicted No True_electricityFuel.,Total number of matching positives in this prediction string 6.,64.70588235294117,37,System Boundary,original,rag,AI,1
0,,"[1, 1, 0, 0, 0, 0, 1, 1, 1, 0, 0, 1, 0, 0, 0, 0, 0, 1, 1]","[1, 0, 0, 1, 0, 0, 0, 1, 1, 0, 0, 1, 0, 0, 0, 1, 0, 1, 1]","['True_animalFeed', 'True_water', 'True_liveAnimalInput', 'True_electricityFuel', 'True_transport', 'True_pesticideVeterinaryDrug', 'True_seed', 'True_otherChemical', 'True_animalPopulation', 'True_freshForage', 'True_excreta', 'True_product', 'True_waste', 'True_soilAmendment', 'True_operation', 'True_fertiliser', 'True_material', 'True_ingredient', 'True_cropResidue']",ML model predicted No True_seed but the humans predicted True_seed.,Total number of matching positives in this prediction string 6.,88.52941176470588,37,System Boundary,original,rag,Human,1
0,,"[1, 1, 0, 0, 0, 0, 1, 1, 1, 0, 0, 1, 0, 0, 0, 0, 0, 1, 1]","[1, 0, 0, 1, 0, 0, 0, 1, 1, 0, 0, 1, 0, 0, 0, 1, 0, 1, 1]","['True_animalFeed', 'True_water', 'True_liveAnimalInput', 'True_electricityFuel', 'True_transport', 'True_pesticideVeterinaryDrug', 'True_seed', 'True_otherChemical', 'True_animalPopulation', 'True_freshForage', 'True_excreta', 'True_product', 'True_waste', 'True_soilAmendment', 'True_operation', 'True_fertiliser', 'True_material', 'True_ingredient', 'True_cropResidue']",ML model predicted True_fertiliser but the humans predicted No True_fertiliser.,Total number of matching positives in this prediction string 6.,92.94117647058823,37,System Boundary,original,rag,AI,1
0,,"[1, 1, 0, 0, 0, 0, 1, 1, 1, 0, 0, 1, 0, 0, 0, 0, 0, 1, 1]","[1, 1, 0, 0, 0, 0, 0, 1, 1, 0, 0, 1, 0, 0, 0, 0, 0, 1, 1]","['True_animalFeed', 'True_water', 'True_liveAnimalInput', 'True_electricityFuel', 'True_transport', 'True_pesticideVeterinaryDrug', 'True_seed', 'True_otherChemical', 'True_animalPopulation', 'True_freshForage', 'True_excreta', 'True_product', 'True_waste', 'True_soilAmendment', 'True_operation', 'True_fertiliser', 'True_material', 'True_ingredient', 'True_cropResidue']",ML model predicted No True_seed but the humans predicted True_seed.,Total number of matching positives in this prediction string 7.,88.52941176470588,37,System Boundary,original,no rag,Human,1
0,,"[1, 1, 0, 0, 0, 0, 1, 1, 1, 0, 0, 1, 0, 0, 0, 0, 0, 1, 1]","[1, 0, 0, 1, 0, 0, 1, 1, 1, 0, 0, 1, 0, 1, 0, 0, 0, 1, 1]","['True_animalFeed', 'True_water', 'True_liveAnimalInput', 'True_electricityFuel', 'True_transport', 'True_pesticideVeterinaryDrug', 'True_seed', 'True_otherChemical', 'True_animalPopulation', 'True_freshForage', 'True_excreta', 'True_product', 'True_waste', 'True_soilAmendment', 'True_operation', 'True_fertiliser', 'True_material', 'True_ingredient', 'True_cropResidue']",ML model predicted No True_water but the humans predicted True_water.,Total number of matching positives in this prediction string 7.,23.08823529411765,37,System Boundary,original,rag,Human,1
0,,"[1, 1, 0, 0, 0, 0, 1, 1, 1, 0, 0, 1, 0, 0, 0, 0, 0, 1, 1]","[1, 0, 0, 1, 0, 0, 1, 1, 1, 0, 0, 1, 0, 1, 0, 0, 0, 1, 1]","['True_animalFeed', 'True_water', 'True_liveAnimalInput', 'True_electricityFuel', 'True_transport', 'True_pesticideVeterinaryDrug', 'True_seed', 'True_otherChemical', 'True_animalPopulation', 'True_freshForage', 'True_excreta', 'True_product', 'True_waste', 'True_soilAmendment', 'True_operation', 'True_fertiliser', 'True_material', 'True_ingredient', 'True_cropResidue']",ML model predicted True_soilAmendment but the humans predicted No True_soilAmendment.,Total number of matching positives in this prediction string 7.,91.47058823529412,37,System Boundary,original,rag,AI,1
0,,"[1, 1, 0, 0, 0, 0, 1, 1, 1, 0, 0, 1, 0, 0, 0, 0, 0, 1, 1]","[1, 0, 0, 1, 0, 1, 1, 1, 1, 0, 0, 1, 0, 1, 0, 1, 0, 1, 1]","['True_animalFeed', 'True_water', 'True_liveAnimalInput', 'True_electricityFuel', 'True_transport', 'True_pesticideVeterinaryDrug', 'True_seed', 'True_otherChemical', 'True_animalPopulation', 'True_freshForage', 'True_excreta', 'True_product', 'True_waste', 'True_soilAmendment', 'True_operation', 'True_fertiliser', 'True_material', 'True_ingredient', 'True_cropResidue']",ML model predicted No True_water but the humans predicted True_water.,Total number of matching positives in this prediction string 7.,23.08823529411765,37,System Boundary,original,no rag,Human,1
0,,"[1, 1, 0, 0, 0, 0, 1, 1, 1, 0, 0, 1, 0, 0, 0, 0, 0, 1, 1]","[0, 0, 0, 0, 0, 1, 0, 1, 1, 0, 0, 1, 0, 0, 0, 0, 0, 1, 1]","['True_animalFeed', 'True_water', 'True_liveAnimalInput', 'True_electricityFuel', 'True_transport', 'True_pesticideVeterinaryDrug', 'True_seed', 'True_otherChemical', 'True_animalPopulation', 'True_freshForage', 'True_excreta', 'True_product', 'True_waste', 'True_soilAmendment', 'True_operation', 'True_fertiliser', 'True_material', 'True_ingredient', 'True_cropResidue']",ML model predicted True_pesticideVeterinaryDrug but the humans predicted No True_pesticideVeterinaryDrug.,Total number of matching positives in this prediction string 5.,48.23529411764706,37,System Boundary,original,no rag,AI,1
0,,"[1, 1, 0, 0, 0, 0, 1, 1, 1, 0, 0, 1, 0, 0, 0, 0, 0, 1, 1]","[0, 0, 0, 0, 0, 1, 0, 1, 1, 0, 0, 1, 0, 0, 0, 0, 0, 1, 1]","['True_animalFeed', 'True_water', 'True_liveAnimalInput', 'True_electricityFuel', 'True_transport', 'True_pesticideVeterinaryDrug', 'True_seed', 'True_otherChemical', 'True_animalPopulation', 'True_freshForage', 'True_excreta', 'True_product', 'True_waste', 'True_soilAmendment', 'True_operation', 'True_fertiliser', 'True_material', 'True_ingredient', 'True_cropResidue']",ML model predicted No True_water but the humans predicted True_water.,Total number of matching positives in this prediction string 5.,23.08823529411765,37,System Boundary,original,no rag,Human,1
0,,"[1, 1, 0, 0, 0, 0, 1, 1, 1, 0, 0, 1, 0, 0, 0, 0, 0, 1, 1]","[1, 0, 0, 1, 0, 1, 1, 1, 1, 0, 0, 1, 0, 1, 0, 1, 0, 1, 1]","['True_animalFeed', 'True_water', 'True_liveAnimalInput', 'True_electricityFuel', 'True_transport', 'True_pesticideVeterinaryDrug', 'True_seed', 'True_otherChemical', 'True_animalPopulation', 'True_freshForage', 'True_excreta', 'True_product', 'True_waste', 'True_soilAmendment', 'True_operation', 'True_fertiliser', 'True_material', 'True_ingredient', 'True_cropResidue']",ML model predicted True_electricityFuel but the humans predicted No True_electricityFuel.,Total number of matching positives in this prediction string 7.,64.70588235294117,37,System Boundary,original,no rag,AI,1
0,,"[1, 1, 0, 0, 0, 0, 1, 1, 1, 0, 0, 1, 0, 0, 0, 0, 0, 1, 1]","[0, 0, 0, 0, 0, 1, 0, 1, 1, 0, 0, 1, 0, 0, 0, 0, 0, 1, 1]","['True_animalFeed', 'True_water', 'True_liveAnimalInput', 'True_electricityFuel', 'True_transport', 'True_pesticideVeterinaryDrug', 'True_seed', 'True_otherChemical', 'True_animalPopulation', 'True_freshForage', 'True_excreta', 'True_product', 'True_waste', 'True_soilAmendment', 'True_operation', 'True_fertiliser', 'True_material', 'True_ingredient', 'True_cropResidue']",ML model predicted No True_animalFeed but the humans predicted True_animalFeed.,Total number of matching positives in this prediction string 5.,92.3529411764706,37,System Boundary,original,no rag,Human,1
0,,"[1, 1, 0, 0, 0, 0, 1, 1, 1, 0, 0, 1, 0, 0, 0, 0, 0, 1, 1]","[1, 0, 0, 1, 0, 0, 1, 1, 1, 0, 0, 1, 0, 1, 0, 0, 0, 1, 1]","['True_animalFeed', 'True_water', 'True_liveAnimalInput', 'True_electricityFuel', 'True_transport', 'True_pesticideVeterinaryDrug', 'True_seed', 'True_otherChemical', 'True_animalPopulation', 'True_freshForage', 'True_excreta', 'True_product', 'True_waste', 'True_soilAmendment', 'True_operation', 'True_fertiliser', 'True_material', 'True_ingredient', 'True_cropResidue']",ML model predicted True_electricityFuel but the humans predicted No True_electricityFuel.,Total number of matching positives in this prediction string 7.,64.70588235294117,37,System Boundary,original,rag,AI,1
0,,"[1, 1, 0, 0, 0, 0, 1, 1, 1, 0, 0, 1, 0, 0, 0, 0, 0, 1, 1]","[0, 0, 0, 0, 0, 1, 0, 1, 1, 0, 0, 1, 0, 0, 0, 1, 0, 1, 1]","['True_animalFeed', 'True_water', 'True_liveAnimalInput', 'True_electricityFuel', 'True_transport', 'True_pesticideVeterinaryDrug', 'True_seed', 'True_otherChemical', 'True_animalPopulation', 'True_freshForage', 'True_excreta', 'True_product', 'True_waste', 'True_soilAmendment', 'True_operation', 'True_fertiliser', 'True_material', 'True_ingredient', 'True_cropResidue']",ML model predicted No True_animalFeed but the humans predicted True_animalFeed.,Total number of matching positives in this prediction string 5.,92.3529411764706,37,System Boundary,original,rag,Human,1
0,,"[1, 1, 0, 0, 0, 0, 1, 1, 1, 0, 0, 1, 0, 0, 0, 0, 0, 1, 1]","[1, 1, 0, 0, 0, 1, 1, 1, 1, 0, 0, 1, 0, 0, 0, 0, 0, 1, 1]","['True_animalFeed', 'True_water', 'True_liveAnimalInput', 'True_electricityFuel', 'True_transport', 'True_pesticideVeterinaryDrug', 'True_seed', 'True_otherChemical', 'True_animalPopulation', 'True_freshForage', 'True_excreta', 'True_product', 'True_waste', 'True_soilAmendment', 'True_operation', 'True_fertiliser', 'True_material', 'True_ingredient', 'True_cropResidue']",ML model predicted True_pesticideVeterinaryDrug but the humans predicted No True_pesticideVeterinaryDrug.,Total number of matching positives in this prediction string 8.,48.23529411764706,37,System Boundary,original,no rag,AI,1
0,,"[1, 1, 0, 0, 0, 0, 1, 1, 1, 0, 0, 1, 0, 0, 0, 0, 0, 1, 1]","[1, 1, 0, 1, 0, 1, 1, 0, 1, 0, 0, 1, 0, 0, 0, 1, 0, 1, 1]","['True_animalFeed', 'True_water', 'True_liveAnimalInput', 'True_electricityFuel', 'True_transport', 'True_pesticideVeterinaryDrug', 'True_seed', 'True_otherChemical', 'True_animalPopulation', 'True_freshForage', 'True_excreta', 'True_product', 'True_waste', 'True_soilAmendment', 'True_operation', 'True_fertiliser', 'True_material', 'True_ingredient', 'True_cropResidue']",ML model predicted True_pesticideVeterinaryDrug but the humans predicted No True_pesticideVeterinaryDrug.,Total number of matching positives in this prediction string 7.,48.23529411764706,37,System Boundary,original,no rag,AI,1
0,,"[1, 1, 0, 0, 0, 0, 1, 1, 1, 0, 0, 1, 0, 0, 0, 0, 0, 1, 1]","[0, 0, 0, 0, 0, 1, 0, 1, 1, 0, 0, 1, 0, 0, 0, 1, 0, 1, 1]","['True_animalFeed', 'True_water', 'True_liveAnimalInput', 'True_electricityFuel', 'True_transport', 'True_pesticideVeterinaryDrug', 'True_seed', 'True_otherChemical', 'True_animalPopulation', 'True_freshForage', 'True_excreta', 'True_product', 'True_waste', 'True_soilAmendment', 'True_operation', 'True_fertiliser', 'True_material', 'True_ingredient', 'True_cropResidue']",ML model predicted True_pesticideVeterinaryDrug but the humans predicted No True_pesticideVeterinaryDrug.,Total number of matching positives in this prediction string 5.,48.23529411764706,37,System Boundary,original,rag,AI,1
0,,"[1, 1, 0, 0, 0, 0, 1, 1, 1, 0, 0, 1, 0, 0, 0, 0, 0, 1, 1]","[0, 0, 0, 0, 0, 1, 0, 1, 1, 0, 0, 1, 0, 0, 0, 1, 0, 1, 1]","['True_animalFeed', 'True_water', 'True_liveAnimalInput', 'True_electricityFuel', 'True_transport', 'True_pesticideVeterinaryDrug', 'True_seed', 'True_otherChemical', 'True_animalPopulation', 'True_freshForage', 'True_excreta', 'True_product', 'True_waste', 'True_soilAmendment', 'True_operation', 'True_fertiliser', 'True_material', 'True_ingredient', 'True_cropResidue']",ML model predicted No True_seed but the humans predicted True_seed.,Total number of matching positives in this prediction string 5.,88.52941176470588,37,System Boundary,original,rag,Human,1
0,,"[1, 1, 0, 0, 0, 0, 1, 1, 1, 0, 0, 1, 0, 0, 0, 0, 0, 1, 1]","[0, 0, 0, 0, 0, 1, 0, 1, 1, 0, 0, 1, 0, 0, 0, 1, 0, 1, 1]","['True_animalFeed', 'True_water', 'True_liveAnimalInput', 'True_electricityFuel', 'True_transport', 'True_pesticideVeterinaryDrug', 'True_seed', 'True_otherChemical', 'True_animalPopulation', 'True_freshForage', 'True_excreta', 'True_product', 'True_waste', 'True_soilAmendment', 'True_operation', 'True_fertiliser', 'True_material', 'True_ingredient', 'True_cropResidue']",ML model predicted True_fertiliser but the humans predicted No True_fertiliser.,Total number of matching positives in this prediction string 5.,92.94117647058823,37,System Boundary,original,rag,AI,1
0,,"[1, 1, 0, 0, 0, 0, 1, 1, 1, 0, 0, 1, 0, 0, 0, 0, 0, 1, 1]","[1, 0, 0, 0, 0, 0, 0, 1, 1, 0, 0, 1, 0, 0, 0, 0, 0, 1, 1]","['True_animalFeed', 'True_water', 'True_liveAnimalInput', 'True_electricityFuel', 'True_transport', 'True_pesticideVeterinaryDrug', 'True_seed', 'True_otherChemical', 'True_animalPopulation', 'True_freshForage', 'True_excreta', 'True_product', 'True_waste', 'True_soilAmendment', 'True_operation', 'True_fertiliser', 'True_material', 'True_ingredient', 'True_cropResidue']",ML model predicted No True_water but the humans predicted True_water.,Total number of matching positives in this prediction string 6.,23.08823529411765,37,System Boundary,original,rag,Human,2
0,,"[1, 1, 0, 0, 0, 0, 1, 1, 1, 0, 0, 1, 0, 0, 0, 0, 0, 1, 1]","[1, 0, 0, 0, 0, 0, 0, 1, 1, 0, 0, 1, 0, 0, 0, 0, 0, 1, 1]","['True_animalFeed', 'True_water', 'True_liveAnimalInput', 'True_electricityFuel', 'True_transport', 'True_pesticideVeterinaryDrug', 'True_seed', 'True_otherChemical', 'True_animalPopulation', 'True_freshForage', 'True_excreta', 'True_product', 'True_waste', 'True_soilAmendment', 'True_operation', 'True_fertiliser', 'True_material', 'True_ingredient', 'True_cropResidue']",ML model predicted No True_seed but the humans predicted True_seed.,Total number of matching positives in this prediction string 6.,88.52941176470588,37,System Boundary,original,rag,Human,2
0,,"[1, 1, 0, 0, 0, 0, 1, 1, 1, 0, 0, 1, 0, 0, 0, 0, 0, 1, 1]","[1, 0, 0, 0, 0, 0, 1, 1, 1, 0, 0, 1, 0, 0, 0, 0, 0, 1, 1]","['True_animalFeed', 'True_water', 'True_liveAnimalInput', 'True_electricityFuel', 'True_transport', 'True_pesticideVeterinaryDrug', 'True_seed', 'True_otherChemical', 'True_animalPopulation', 'True_freshForage', 'True_excreta', 'True_product', 'True_waste', 'True_soilAmendment', 'True_operation', 'True_fertiliser', 'True_material', 'True_ingredient', 'True_cropResidue']",ML model predicted No True_water but the humans predicted True_water.,Total number of matching positives in this prediction string 7.,23.08823529411765,37,System Boundary,original,rag,Human,1
0,,"[1, 1, 0, 0, 0, 0, 1, 1, 1, 0, 0, 1, 0, 0, 0, 0, 0, 1, 1]","[1, 1, 0, 1, 0, 1, 1, 0, 1, 0, 0, 1, 0, 0, 0, 1, 0, 1, 1]","['True_animalFeed', 'True_water', 'True_liveAnimalInput', 'True_electricityFuel', 'True_transport', 'True_pesticideVeterinaryDrug', 'True_seed', 'True_otherChemical', 'True_animalPopulation', 'True_freshForage', 'True_excreta', 'True_product', 'True_waste', 'True_soilAmendment', 'True_operation', 'True_fertiliser', 'True_material', 'True_ingredient', 'True_cropResidue']",ML model predicted True_electricityFuel but the humans predicted No True_electricityFuel.,Total number of matching positives in this prediction string 7.,64.70588235294117,37,System Boundary,original,no rag,AI,1
0,,"[1, 1, 0, 0, 0, 0, 1, 1, 1, 0, 0, 1, 0, 0, 0, 0, 0, 1, 1]","[1, 0, 0, 0, 0, 1, 1, 1, 1, 0, 0, 1, 0, 0, 0, 0, 0, 1, 1]","['True_animalFeed', 'True_water', 'True_liveAnimalInput', 'True_electricityFuel', 'True_transport', 'True_pesticideVeterinaryDrug', 'True_seed', 'True_otherChemical', 'True_animalPopulation', 'True_freshForage', 'True_excreta', 'True_product', 'True_waste', 'True_soilAmendment', 'True_operation', 'True_fertiliser', 'True_material', 'True_ingredient', 'True_cropResidue']",ML model predicted No True_water but the humans predicted True_water.,Total number of matching positives in this prediction string 7.,23.08823529411765,37,System Boundary,original,no rag,Human,1
0,,"[1, 1, 0, 0, 0, 0, 1, 1, 1, 0, 0, 1, 0, 0, 0, 0, 0, 1, 1]","[1, 0, 0, 0, 0, 1, 1, 1, 1, 0, 0, 1, 0, 0, 0, 1, 0, 1, 1]","['True_animalFeed', 'True_water', 'True_liveAnimalInput', 'True_electricityFuel', 'True_transport', 'True_pesticideVeterinaryDrug', 'True_seed', 'True_otherChemical', 'True_animalPopulation', 'True_freshForage', 'True_excreta', 'True_product', 'True_waste', 'True_soilAmendment', 'True_operation', 'True_fertiliser', 'True_material', 'True_ingredient', 'True_cropResidue']",ML model predicted No True_water but the humans predicted True_water.,Total number of matching positives in this prediction string 7.,23.08823529411765,37,System Boundary,original,no rag,Human,1
0,,"[1, 1, 0, 0, 0, 0, 1, 1, 1, 0, 0, 1, 0, 0, 0, 0, 0, 1, 1]","[1, 0, 0, 0, 0, 1, 1, 1, 1, 0, 0, 1, 0, 0, 0, 1, 0, 1, 1]","['True_animalFeed', 'True_water', 'True_liveAnimalInput', 'True_electricityFuel', 'True_transport', 'True_pesticideVeterinaryDrug', 'True_seed', 'True_otherChemical', 'True_animalPopulation', 'True_freshForage', 'True_excreta', 'True_product', 'True_waste', 'True_soilAmendment', 'True_operation', 'True_fertiliser', 'True_material', 'True_ingredient', 'True_cropResidue']",ML model predicted True_pesticideVeterinaryDrug but the humans predicted No True_pesticideVeterinaryDrug.,Total number of matching positives in this prediction string 7.,48.23529411764706,37,System Boundary,original,no rag,AI,1
0,,"[1, 1, 0, 0, 0, 0, 1, 1, 1, 0, 0, 1, 0, 0, 0, 0, 0, 1, 1]","[1, 0, 0, 0, 0, 1, 1, 1, 1, 0, 0, 1, 0, 0, 0, 1, 0, 1, 1]","['True_animalFeed', 'True_water', 'True_liveAnimalInput', 'True_electricityFuel', 'True_transport', 'True_pesticideVeterinaryDrug', 'True_seed', 'True_otherChemical', 'True_animalPopulation', 'True_freshForage', 'True_excreta', 'True_product', 'True_waste', 'True_soilAmendment', 'True_operation', 'True_fertiliser', 'True_material', 'True_ingredient', 'True_cropResidue']",ML model predicted True_fertiliser but the humans predicted No True_fertiliser.,Total number of matching positives in this prediction string 7.,92.94117647058823,37,System Boundary,original,no rag,AI,1
0,,"[1, 1, 0, 0, 0, 0, 1, 1, 1, 0, 0, 1, 0, 0, 0, 0, 0, 1, 1]","[1, 0, 0, 1, 0, 0, 0, 1, 1, 0, 0, 1, 0, 0, 0, 1, 0, 1, 1]","['True_animalFeed', 'True_water', 'True_liveAnimalInput', 'True_electricityFuel', 'True_transport', 'True_pesticideVeterinaryDrug', 'True_seed', 'True_otherChemical', 'True_animalPopulation', 'True_freshForage', 'True_excreta', 'True_product', 'True_waste', 'True_soilAmendment', 'True_operation', 'True_fertiliser', 'True_material', 'True_ingredient', 'True_cropResidue']",ML model predicted No True_water but the humans predicted True_water.,Total number of matching positives in this prediction string 6.,23.08823529411765,37,System Boundary,original,rag,Human,1
0,,"[1, 1, 0, 0, 0, 0, 1, 1, 1, 0, 0, 1, 0, 0, 0, 0, 0, 1, 1]","[1, 1, 0, 1, 0, 1, 1, 0, 1, 0, 0, 1, 0, 0, 0, 1, 0, 1, 1]","['True_animalFeed', 'True_water', 'True_liveAnimalInput', 'True_electricityFuel', 'True_transport', 'True_pesticideVeterinaryDrug', 'True_seed', 'True_otherChemical', 'True_animalPopulation', 'True_freshForage', 'True_excreta', 'True_product', 'True_waste', 'True_soilAmendment', 'True_operation', 'True_fertiliser', 'True_material', 'True_ingredient', 'True_cropResidue']",ML model predicted True_fertiliser but the humans predicted No True_fertiliser.,Total number of matching positives in this prediction string 7.,92.94117647058823,37,System Boundary,original,no rag,AI,1
0,,"[1, 1, 0, 0, 0, 0, 1, 1, 1, 0, 0, 1, 0, 0, 0, 0, 0, 1, 1]","[0, 0, 0, 0, 0, 1, 0, 1, 1, 0, 0, 1, 0, 0, 0, 0, 0, 1, 1]","['True_animalFeed', 'True_water', 'True_liveAnimalInput', 'True_electricityFuel', 'True_transport', 'True_pesticideVeterinaryDrug', 'True_seed', 'True_otherChemical', 'True_animalPopulation', 'True_freshForage', 'True_excreta', 'True_product', 'True_waste', 'True_soilAmendment', 'True_operation', 'True_fertiliser', 'True_material', 'True_ingredient', 'True_cropResidue']",ML model predicted No True_seed but the humans predicted True_seed.,Total number of matching positives in this prediction string 5.,88.52941176470588,37,System Boundary,original,no rag,Human,1
0,,"[1, 1, 0, 0, 0, 0, 1, 1, 1, 0, 0, 1, 0, 0, 0, 0, 0, 1, 1]","[1, 0, 0, 0, 0, 1, 1, 1, 1, 0, 0, 1, 0, 0, 0, 0, 0, 1, 1]","['True_animalFeed', 'True_water', 'True_liveAnimalInput', 'True_electricityFuel', 'True_transport', 'True_pesticideVeterinaryDrug', 'True_seed', 'True_otherChemical', 'True_animalPopulation', 'True_freshForage', 'True_excreta', 'True_product', 'True_waste', 'True_soilAmendment', 'True_operation', 'True_fertiliser', 'True_material', 'True_ingredient', 'True_cropResidue']",ML model predicted True_pesticideVeterinaryDrug but the humans predicted No True_pesticideVeterinaryDrug.,Total number of matching positives in this prediction string 7.,48.23529411764706,37,System Boundary,original,no rag,AI,1
0,,"[1, 1, 0, 0, 0, 0, 1, 1, 1, 0, 0, 1, 0, 0, 0, 0, 0, 1, 1]","[1, 1, 0, 1, 0, 1, 1, 0, 1, 0, 0, 1, 0, 0, 0, 1, 0, 1, 1]","['True_animalFeed', 'True_water', 'True_liveAnimalInput', 'True_electricityFuel', 'True_transport', 'True_pesticideVeterinaryDrug', 'True_seed', 'True_otherChemical', 'True_animalPopulation', 'True_freshForage', 'True_excreta', 'True_product', 'True_waste', 'True_soilAmendment', 'True_operation', 'True_fertiliser', 'True_material', 'True_ingredient', 'True_cropResidue']",ML model predicted No True_otherChemical but the humans predicted True_otherChemical.,Total number of matching positives in this prediction string 7.,90.44117647058823,37,System Boundary,original,no rag,Human,1
0,,"[0, 0, 0, 0, 0, 1]","[0, 0, 1, 0, 0, 0]","['economic', 'energy', 'none required', 'none', 'mass', 'biophysical']",ML model predicted No biophysical but the humans predicted biophysical.,Total number of matching positives in this prediction string 0.,3.088235294117647,38,Allocation,original,rag,Human,1
0,,"[0, 0, 0, 0, 0, 1]","[1, 0, 0, 0, 0, 0]","['economic', 'energy', 'none required', 'none', 'mass', 'biophysical']",ML model predicted economic but the humans predicted No economic.,Total number of matching positives in this prediction string 0.,68.08823529411765,38,Allocation,original,rag,AI,1
0,,"[0, 0, 0, 0, 0, 1]","[0, 0, 0, 0, 0, 0]","['economic', 'energy', 'none required', 'none', 'mass', 'biophysical']",ML model predicted No biophysical but the humans predicted biophysical.,Total number of matching positives in this prediction string 0.,3.088235294117647,38,Allocation,original,rag,Human,2
0,,"[0, 0, 0, 0, 0, 1]","[1, 0, 0, 0, 0, 0]","['economic', 'energy', 'none required', 'none', 'mass', 'biophysical']",ML model predicted No biophysical but the humans predicted biophysical.,Total number of matching positives in this prediction string 0.,3.088235294117647,38,Allocation,original,rag,Human,1
0,,"[0, 0, 0, 0, 0, 1]","[0, 0, 0, 1, 0, 0]","['economic', 'energy', 'none required', 'none', 'mass', 'biophysical']",ML model predicted No biophysical but the humans predicted biophysical.,Total number of matching positives in this prediction string 0.,3.088235294117647,38,Allocation,original,rag,Human,1
0,,"[0, 0, 0, 0, 0, 1]","[0, 0, 0, 1, 0, 0]","['economic', 'energy', 'none required', 'none', 'mass', 'biophysical']",ML model predicted none but the humans predicted No none.,Total number of matching positives in this prediction string 0.,9.852941176470589,38,Allocation,original,rag,AI,1
0,,"[0, 0, 0, 0, 0, 1]","[0, 0, 1, 0, 0, 0]","['economic', 'energy', 'none required', 'none', 'mass', 'biophysical']",ML model predicted none required but the humans predicted No none required.,Total number of matching positives in this prediction string 0.,17.941176470588236,38,Allocation,original,rag,AI,1
0,,"[0, 0, 0, 0, 0, 1]","[0, 0, 0, 0, 0, 0]","['economic', 'energy', 'none required', 'none', 'mass', 'biophysical']",ML model predicted No biophysical but the humans predicted biophysical.,Total number of matching positives in this prediction string 0.,3.088235294117647,38,Allocation,original,no rag,Human,4
0,,"[0, 0, 0, 0, 0, 1]","[0, 0, 0, 1, 0, 0]","['economic', 'energy', 'none required', 'none', 'mass', 'biophysical']",ML model predicted none but the humans predicted No none.,Total number of matching positives in this prediction string 0.,9.852941176470589,42,Allocation,original,rag,AI,1
0,,"[0, 0, 0, 0, 0, 1]","[0, 0, 0, 0, 0, 0]","['economic', 'energy', 'none required', 'none', 'mass', 'biophysical']",ML model predicted No biophysical but the humans predicted biophysical.,Total number of matching positives in this prediction string 0.,3.088235294117647,42,Allocation,original,rag,Human,4
0,,"[0, 0, 0, 0, 0, 1]","[0, 0, 0, 0, 0, 0]","['economic', 'energy', 'none required', 'none', 'mass', 'biophysical']",ML model predicted No biophysical but the humans predicted biophysical.,Total number of matching positives in this prediction string 0.,3.088235294117647,42,Allocation,original,no rag,Human,4
0,,"[0, 0, 0, 0, 0, 1]","[0, 0, 0, 1, 0, 0]","['economic', 'energy', 'none required', 'none', 'mass', 'biophysical']",ML model predicted No biophysical but the humans predicted biophysical.,Total number of matching positives in this prediction string 0.,3.088235294117647,42,Allocation,original,rag,Human,1
0,,"[1, 1, 1, 1, 0, 0, 0, 1, 0, 1, 1, 1, 0, 1, 0, 1, 0, 1, 1]","[1, 1, 1, 1, 0, 0, 1, 1, 0, 1, 1, 1, 0, 1, 0, 1, 0, 1, 1]","['True_animalFeed', 'True_water', 'True_liveAnimalInput', 'True_electricityFuel', 'True_transport', 'True_pesticideVeterinaryDrug', 'True_seed', 'True_otherChemical', 'True_animalPopulation', 'True_freshForage', 'True_excreta', 'True_product', 'True_waste', 'True_soilAmendment', 'True_operation', 'True_fertiliser', 'True_material', 'True_ingredient', 'True_cropResidue']",ML model predicted True_seed but the humans predicted No True_seed.,Total number of matching positives in this prediction string 12.,88.52941176470588,43,System Boundary,original,no rag,AI,3
0,,"[1, 1, 1, 1, 0, 0, 0, 1, 0, 1, 1, 1, 0, 1, 0, 1, 0, 1, 1]","[1, 1, 1, 1, 0, 0, 1, 1, 0, 1, 1, 1, 0, 1, 0, 1, 0, 1, 1]","['True_animalFeed', 'True_water', 'True_liveAnimalInput', 'True_electricityFuel', 'True_transport', 'True_pesticideVeterinaryDrug', 'True_seed', 'True_otherChemical', 'True_animalPopulation', 'True_freshForage', 'True_excreta', 'True_product', 'True_waste', 'True_soilAmendment', 'True_operation', 'True_fertiliser', 'True_material', 'True_ingredient', 'True_cropResidue']",ML model predicted True_seed but the humans predicted No True_seed.,Total number of matching positives in this prediction string 12.,88.52941176470588,43,System Boundary,original,rag,AI,4
0,,"[1, 0, 0, 0, 0, 0]","[0, 0, 0, 0, 0, 0]","['economic', 'energy', 'none required', 'none', 'mass', 'biophysical']",ML model predicted No economic but the humans predicted economic.,Total number of matching positives in this prediction string 0.,68.08823529411765,43,Allocation,original,no rag,Human,1
0,,"[1, 0, 0, 0, 0, 0]","[0, 0, 0, 0, 0, 0]","['economic', 'energy', 'none required', 'none', 'mass', 'biophysical']",ML model predicted No economic but the humans predicted economic.,Total number of matching positives in this prediction string 0.,68.08823529411765,43,Allocation,original,rag,Human,1
0,,"[1, 0, 0, 0, 0, 0]","[0, 0, 0, 1, 0, 0]","['economic', 'energy', 'none required', 'none', 'mass', 'biophysical']",ML model predicted No economic but the humans predicted economic.,Total number of matching positives in this prediction string 0.,68.08823529411765,43,Allocation,original,no rag,Human,1
0,,"[1, 0, 0, 0, 0, 0]","[0, 0, 0, 1, 0, 0]","['economic', 'energy', 'none required', 'none', 'mass', 'biophysical']",ML model predicted none but the humans predicted No none.,Total number of matching positives in this prediction string 0.,9.852941176470589,43,Allocation,original,no rag,AI,1
0,,"[0, 0, 0, 0, 0, 0, 0, 0, 0, 0, 0, 0, 0, 0, 0, 0, 0, 0, 0, 0, 0, 0, 0, 0, 0, 0, 0, 0, 0, 0, 0, 0, 0, 0, 0, 0, 0, 0, 0, 0, 0, 0, 0, 0, 0, 0, 0, 0, 1, 0, 0, 0, 0, 0, 0, 0, 0, 0, 0]","[0, 0, 0, 0, 0, 0, 0, 1, 0, 0, 0, 0, 0, 0, 0, 0, 0, 0, 0, 0, 0, 0, 0, 0, 0, 0, 0, 0, 0, 0, 0, 0, 0, 0, 0, 0, 0, 0, 0, 0, 0, 0, 0, 0, 0, 0, 0, 0, 1, 0, 0, 0, 0, 0, 0, 0, 0, 0, 0]","['Meat, beef cattle (cold carcass weight)', 'Meat, pig (cold dressed carcass weight)', 'Meat, chicken, breast', 'Milk, cow, raw (FPCM)', 'Broiler chicken', 'Beef cattle', 'Hides', 'Sheep, ewe', 'Beef cattle, heifer', 'Beef cattle, calf (female, weaned)', 'Dairy cattle, calf (weaned)', 'Cattle', 'Wool, sheep (greasy)', 'Meat, dairy cattle (liveweight)', 'Beef cattle, steer', 'Meat, sheep (liveweight)', 'Beef cattle, heifer and steer', 'Dairy cattle, cow', 'Cattle, urine (kg mass)', 'Dairy cattle', 'Layer chicken, hen', 'Sheep, lamb (male, unweaned)', 'Meat, chicken, wings', 'Wool', 'Eggs, hen, in shell (number)', 'Pig', 'Broiler chicken, hen', 'Dairy cattle, calf (male, unweaned)', 'Meat, dairy cattle (cold carcass weight)', 'Dairy cattle, calf', 'Beef cattle, calf (male, weaned)', 'Meat, beef cattle (cold dressed carcass weight)', 'Eggs, hen, in shell', 'Broiler chicken, chick', 'Meat, chicken (liveweight)', 'Pig, piglet', 'Layer chicken, pullet', 'Sheep, lamb (female, unweaned)', 'Milk', 'Beef cattle, bull', 'Eggs', 'Sheep, lamb', 'Dairy cattle, calf (female, weaned)', 'Sheep, ram', 'Sheep, lamb (weaned)', 'Meat, chicken (cold carcass weight)', 'Beef cattle, calf (weaned)', 'Meat, chicken, leg', 'Sheep', 'Layer chicken', 'Beef cattle, cow', 'Poultry by-product meal', 'Meat', 'Milk, cow, raw', 'Hides, dairy cattle, fresh', 'Pig, sow', 'Meat, beef cattle (liveweight)', 'Dairy cattle, heifer', 'Meat, sheep (cold carcass weight)']","ML model predicted Sheep, ewe but the humans predicted No Sheep, ewe.",Total number of matching positives in this prediction string 1.,6.402439024390244,44,Product,standardized,rag,AI,1
0,,"[0, 0, 0, 0, 0, 0, 0, 0, 0, 0, 0, 0, 0, 0, 0, 0, 0, 0, 0, 0, 0, 0, 0, 0, 0, 0, 0, 0, 0, 0, 0, 0, 0, 0, 0, 0, 0, 0, 0, 0, 0, 0, 0, 0, 0, 0, 0, 0, 1, 0, 0, 0, 0, 0, 0, 0, 0, 0, 0]","[0, 0, 0, 0, 0, 0, 0, 0, 0, 0, 0, 0, 0, 0, 0, 0, 0, 0, 0, 0, 0, 0, 0, 0, 0, 0, 0, 0, 0, 0, 0, 0, 0, 0, 0, 0, 0, 0, 0, 0, 0, 0, 0, 1, 0, 0, 0, 0, 1, 0, 0, 0, 0, 0, 0, 0, 0, 0, 0]","['Meat, beef cattle (cold carcass weight)', 'Meat, pig (cold dressed carcass weight)', 'Meat, chicken, breast', 'Milk, cow, raw (FPCM)', 'Broiler chicken', 'Beef cattle', 'Hides', 'Sheep, ewe', 'Beef cattle, heifer', 'Beef cattle, calf (female, weaned)', 'Dairy cattle, calf (weaned)', 'Cattle', 'Wool, sheep (greasy)', 'Meat, dairy cattle (liveweight)', 'Beef cattle, steer', 'Meat, sheep (liveweight)', 'Beef cattle, heifer and steer', 'Dairy cattle, cow', 'Cattle, urine (kg mass)', 'Dairy cattle', 'Layer chicken, hen', 'Sheep, lamb (male, unweaned)', 'Meat, chicken, wings', 'Wool', 'Eggs, hen, in shell (number)', 'Pig', 'Broiler chicken, hen', 'Dairy cattle, calf (male, unweaned)', 'Meat, dairy cattle (cold carcass weight)', 'Dairy cattle, calf', 'Beef cattle, calf (male, weaned)', 'Meat, beef cattle (cold dressed carcass weight)', 'Eggs, hen, in shell', 'Broiler chicken, chick', 'Meat, chicken (liveweight)', 'Pig, piglet', 'Layer chicken, pullet', 'Sheep, lamb (female, unweaned)', 'Milk', 'Beef cattle, bull', 'Eggs', 'Sheep, lamb', 'Dairy cattle, calf (female, weaned)', 'Sheep, ram', 'Sheep, lamb (weaned)', 'Meat, chicken (cold carcass weight)', 'Beef cattle, calf (weaned)', 'Meat, chicken, leg', 'Sheep', 'Layer chicken', 'Beef cattle, cow', 'Poultry by-product meal', 'Meat', 'Milk, cow, raw', 'Hides, dairy cattle, fresh', 'Pig, sow', 'Meat, beef cattle (liveweight)', 'Dairy cattle, heifer', 'Meat, sheep (cold carcass weight)']","ML model predicted Sheep, ram but the humans predicted No Sheep, ram.",Total number of matching positives in this prediction string 1.,3.8109756097560976,44,Product,standardized,rag,AI,1
0,,"[0, 0, 0, 0, 0, 0, 0, 0, 0, 0, 0, 0, 0, 0, 0, 0, 0, 0, 0, 0, 0, 1, 0, 0, 0, 0, 0, 0, 0, 0, 0, 0, 0, 0, 0, 0, 0, 0, 0, 0, 0, 0, 0, 0, 0, 0, 0, 0, 1, 0, 0, 0, 0, 0, 0, 0, 0, 0, 0]","[0, 0, 0, 0, 0, 0, 0, 0, 0, 0, 0, 0, 0, 0, 0, 0, 0, 0, 0, 0, 0, 0, 0, 0, 0, 0, 0, 0, 0, 0, 0, 0, 0, 0, 0, 0, 0, 0, 0, 0, 0, 0, 0, 0, 0, 0, 0, 0, 1, 0, 0, 0, 0, 0, 0, 0, 0, 0, 0]","['Meat, beef cattle (cold carcass weight)', 'Meat, pig (cold dressed carcass weight)', 'Meat, chicken, breast', 'Milk, cow, raw (FPCM)', 'Broiler chicken', 'Beef cattle', 'Hides', 'Sheep, ewe', 'Beef cattle, heifer', 'Beef cattle, calf (female, weaned)', 'Dairy cattle, calf (weaned)', 'Cattle', 'Wool, sheep (greasy)', 'Meat, dairy cattle (liveweight)', 'Beef cattle, steer', 'Meat, sheep (liveweight)', 'Beef cattle, heifer and steer', 'Dairy cattle, cow', 'Cattle, urine (kg mass)', 'Dairy cattle', 'Layer chicken, hen', 'Sheep, lamb (male, unweaned)', 'Meat, chicken, wings', 'Wool', 'Eggs, hen, in shell (number)', 'Pig', 'Broiler chicken, hen', 'Dairy cattle, calf (male, unweaned)', 'Meat, dairy cattle (cold carcass weight)', 'Dairy cattle, calf', 'Beef cattle, calf (male, weaned)', 'Meat, beef cattle (cold dressed carcass weight)', 'Eggs, hen, in shell', 'Broiler chicken, chick', 'Meat, chicken (liveweight)', 'Pig, piglet', 'Layer chicken, pullet', 'Sheep, lamb (female, unweaned)', 'Milk', 'Beef cattle, bull', 'Eggs', 'Sheep, lamb', 'Dairy cattle, calf (female, weaned)', 'Sheep, ram', 'Sheep, lamb (weaned)', 'Meat, chicken (cold carcass weight)', 'Beef cattle, calf (weaned)', 'Meat, chicken, leg', 'Sheep', 'Layer chicken', 'Beef cattle, cow', 'Poultry by-product meal', 'Meat', 'Milk, cow, raw', 'Hides, dairy cattle, fresh', 'Pig, sow', 'Meat, beef cattle (liveweight)', 'Dairy cattle, heifer', 'Meat, sheep (cold carcass weight)']","ML model predicted No Sheep, lamb (male, unweaned) but the humans predicted Sheep, lamb (male, unweaned).",Total number of matching positives in this prediction string 1.,0.4573170731707317,45,Product,standardized,rag,Human,1
0,,"[0, 0, 0, 0, 0, 0, 0, 0, 0, 0, 0, 0, 0, 0, 0, 0, 0, 0, 0, 0, 0, 1, 0, 0, 0, 0, 0, 0, 0, 0, 0, 0, 0, 0, 0, 0, 0, 0, 0, 0, 0, 0, 0, 0, 0, 0, 0, 0, 1, 0, 0, 0, 0, 0, 0, 0, 0, 0, 0]","[0, 0, 0, 0, 0, 0, 0, 0, 0, 0, 0, 0, 0, 0, 0, 0, 0, 0, 0, 0, 0, 0, 0, 0, 0, 0, 0, 0, 0, 0, 0, 0, 0, 0, 0, 0, 0, 0, 0, 0, 0, 0, 0, 0, 0, 0, 0, 0, 1, 0, 0, 0, 0, 0, 0, 0, 0, 0, 0]","['Meat, beef cattle (cold carcass weight)', 'Meat, pig (cold dressed carcass weight)', 'Meat, chicken, breast', 'Milk, cow, raw (FPCM)', 'Broiler chicken', 'Beef cattle', 'Hides', 'Sheep, ewe', 'Beef cattle, heifer', 'Beef cattle, calf (female, weaned)', 'Dairy cattle, calf (weaned)', 'Cattle', 'Wool, sheep (greasy)', 'Meat, dairy cattle (liveweight)', 'Beef cattle, steer', 'Meat, sheep (liveweight)', 'Beef cattle, heifer and steer', 'Dairy cattle, cow', 'Cattle, urine (kg mass)', 'Dairy cattle', 'Layer chicken, hen', 'Sheep, lamb (male, unweaned)', 'Meat, chicken, wings', 'Wool', 'Eggs, hen, in shell (number)', 'Pig', 'Broiler chicken, hen', 'Dairy cattle, calf (male, unweaned)', 'Meat, dairy cattle (cold carcass weight)', 'Dairy cattle, calf', 'Beef cattle, calf (male, weaned)', 'Meat, beef cattle (cold dressed carcass weight)', 'Eggs, hen, in shell', 'Broiler chicken, chick', 'Meat, chicken (liveweight)', 'Pig, piglet', 'Layer chicken, pullet', 'Sheep, lamb (female, unweaned)', 'Milk', 'Beef cattle, bull', 'Eggs', 'Sheep, lamb', 'Dairy cattle, calf (female, weaned)', 'Sheep, ram', 'Sheep, lamb (weaned)', 'Meat, chicken (cold carcass weight)', 'Beef cattle, calf (weaned)', 'Meat, chicken, leg', 'Sheep', 'Layer chicken', 'Beef cattle, cow', 'Poultry by-product meal', 'Meat', 'Milk, cow, raw', 'Hides, dairy cattle, fresh', 'Pig, sow', 'Meat, beef cattle (liveweight)', 'Dairy cattle, heifer', 'Meat, sheep (cold carcass weight)']","ML model predicted No Sheep, lamb (male, unweaned) but the humans predicted Sheep, lamb (male, unweaned).",Total number of matching positives in this prediction string 1.,0.4573170731707317,45,Product,standardized,no rag,Human,1
0,,"[0, 0, 0, 1, 0, 0]","[0, 0, 0, 0, 0, 0]","['economic', 'energy', 'none required', 'none', 'mass', 'biophysical']",ML model predicted No none but the humans predicted none.,Total number of matching positives in this prediction string 0.,9.852941176470589,45,Allocation,original,no rag,Human,2
0,,"[0, 0, 0, 1, 0, 0]","[0, 0, 0, 0, 0, 0]","['economic', 'energy', 'none required', 'none', 'mass', 'biophysical']",ML model predicted No none but the humans predicted none.,Total number of matching positives in this prediction string 0.,9.852941176470589,45,Allocation,original,rag,Human,1
0,,"[0, 0, 0, 1, 0, 0]","[0, 0, 0, 0, 0, 0]","['economic', 'energy', 'none required', 'none', 'mass', 'biophysical']",ML model predicted No none but the humans predicted none.,Total number of matching positives in this prediction string 0.,9.852941176470589,46,Allocation,original,no rag,Human,3
0,,"[0, 0, 0, 1, 0, 0]","[0, 0, 0, 0, 0, 0]","['economic', 'energy', 'none required', 'none', 'mass', 'biophysical']",ML model predicted No none but the humans predicted none.,Total number of matching positives in this prediction string 0.,9.852941176470589,46,Allocation,original,rag,Human,1
0,,"[0, 0, 0, 1, 0, 0]","[1, 0, 0, 0, 0, 0]","['economic', 'energy', 'none required', 'none', 'mass', 'biophysical']",ML model predicted No none but the humans predicted none.,Total number of matching positives in this prediction string 0.,9.852941176470589,46,Allocation,original,no rag,Human,1
0,,"[0, 0, 0, 1, 0, 0]","[1, 0, 0, 0, 0, 0]","['economic', 'energy', 'none required', 'none', 'mass', 'biophysical']",ML model predicted economic but the humans predicted No economic.,Total number of matching positives in this prediction string 0.,68.08823529411765,46,Allocation,original,no rag,AI,1
0,,"[1, 0, 0, 0, 0, 0]","[0, 0, 0, 0, 0, 0]","['economic', 'energy', 'none required', 'none', 'mass', 'biophysical']",ML model predicted No economic but the humans predicted economic.,Total number of matching positives in this prediction string 0.,68.08823529411765,47,Allocation,original,rag,Human,1
0,,"[1, 0, 0, 0, 0, 0]","[0, 0, 0, 0, 0, 0]","['economic', 'energy', 'none required', 'none', 'mass', 'biophysical']",ML model predicted No economic but the humans predicted economic.,Total number of matching positives in this prediction string 0.,68.08823529411765,47,Allocation,original,no rag,Human,1
0,,"[1, 0, 0, 0, 0, 0]","[0, 0, 1, 0, 0, 0]","['economic', 'energy', 'none required', 'none', 'mass', 'biophysical']",ML model predicted none required but the humans predicted No none required.,Total number of matching positives in this prediction string 0.,17.941176470588236,47,Allocation,original,no rag,AI,5
0,,"[1, 0, 0, 0, 0, 0]","[0, 0, 1, 0, 0, 0]","['economic', 'energy', 'none required', 'none', 'mass', 'biophysical']",ML model predicted No economic but the humans predicted economic.,Total number of matching positives in this prediction string 0.,68.08823529411765,47,Allocation,original,rag,Human,6
0,,"[1, 0, 0, 0, 0, 0]","[0, 0, 1, 0, 0, 0]","['economic', 'energy', 'none required', 'none', 'mass', 'biophysical']",ML model predicted none required but the humans predicted No none required.,Total number of matching positives in this prediction string 0.,17.941176470588236,47,Allocation,original,rag,AI,6
0,,"[1, 0, 0, 0, 0, 0]","[0, 0, 1, 0, 0, 0]","['economic', 'energy', 'none required', 'none', 'mass', 'biophysical']",ML model predicted No economic but the humans predicted economic.,Total number of matching positives in this prediction string 0.,68.08823529411765,47,Allocation,original,no rag,Human,5
0,,"[1, 0, 1, 1, 0, 0, 1, 0, 1, 1, 0, 1, 1, 1, 0, 1, 0, 1, 1]","[1, 0, 1, 0, 0, 1, 1, 0, 1, 1, 0, 1, 0, 1, 0, 1, 0, 1, 1]","['True_animalFeed', 'True_water', 'True_liveAnimalInput', 'True_electricityFuel', 'True_transport', 'True_pesticideVeterinaryDrug', 'True_seed', 'True_otherChemical', 'True_animalPopulation', 'True_freshForage', 'True_excreta', 'True_product', 'True_waste', 'True_soilAmendment', 'True_operation', 'True_fertiliser', 'True_material', 'True_ingredient', 'True_cropResidue']",ML model predicted No True_electricityFuel but the humans predicted True_electricityFuel.,Total number of matching positives in this prediction string 10.,64.70588235294117,47,System Boundary,original,no rag,Human,1
0,,"[1, 0, 1, 1, 0, 0, 1, 0, 1, 1, 0, 1, 1, 1, 0, 1, 0, 1, 1]","[1, 0, 1, 0, 0, 0, 1, 1, 1, 1, 0, 1, 0, 1, 0, 1, 0, 1, 1]","['True_animalFeed', 'True_water', 'True_liveAnimalInput', 'True_electricityFuel', 'True_transport', 'True_pesticideVeterinaryDrug', 'True_seed', 'True_otherChemical', 'True_animalPopulation', 'True_freshForage', 'True_excreta', 'True_product', 'True_waste', 'True_soilAmendment', 'True_operation', 'True_fertiliser', 'True_material', 'True_ingredient', 'True_cropResidue']",ML model predicted No True_electricityFuel but the humans predicted True_electricityFuel.,Total number of matching positives in this prediction string 10.,64.70588235294117,47,System Boundary,original,rag,Human,1
0,,"[1, 0, 1, 1, 0, 0, 1, 0, 1, 1, 0, 1, 1, 1, 0, 1, 0, 1, 1]","[1, 0, 1, 1, 0, 0, 1, 0, 1, 1, 0, 1, 0, 1, 0, 1, 0, 1, 1]","['True_animalFeed', 'True_water', 'True_liveAnimalInput', 'True_electricityFuel', 'True_transport', 'True_pesticideVeterinaryDrug', 'True_seed', 'True_otherChemical', 'True_animalPopulation', 'True_freshForage', 'True_excreta', 'True_product', 'True_waste', 'True_soilAmendment', 'True_operation', 'True_fertiliser', 'True_material', 'True_ingredient', 'True_cropResidue']",ML model predicted No True_waste but the humans predicted True_waste.,Total number of matching positives in this prediction string 11.,10.0,47,System Boundary,original,rag,Human,2
0,,"[1, 0, 1, 1, 0, 0, 1, 0, 1, 1, 0, 1, 1, 1, 0, 1, 0, 1, 1]","[1, 0, 1, 0, 0, 1, 1, 0, 1, 1, 0, 1, 0, 1, 0, 1, 0, 1, 1]","['True_animalFeed', 'True_water', 'True_liveAnimalInput', 'True_electricityFuel', 'True_transport', 'True_pesticideVeterinaryDrug', 'True_seed', 'True_otherChemical', 'True_animalPopulation', 'True_freshForage', 'True_excreta', 'True_product', 'True_waste', 'True_soilAmendment', 'True_operation', 'True_fertiliser', 'True_material', 'True_ingredient', 'True_cropResidue']",ML model predicted No True_waste but the humans predicted True_waste.,Total number of matching positives in this prediction string 10.,10.0,47,System Boundary,original,no rag,Human,1
0,,"[1, 0, 1, 1, 0, 0, 1, 0, 1, 1, 0, 1, 1, 1, 0, 1, 0, 1, 1]","[1, 0, 1, 0, 0, 1, 1, 0, 1, 1, 0, 1, 0, 1, 0, 1, 0, 1, 1]","['True_animalFeed', 'True_water', 'True_liveAnimalInput', 'True_electricityFuel', 'True_transport', 'True_pesticideVeterinaryDrug', 'True_seed', 'True_otherChemical', 'True_animalPopulation', 'True_freshForage', 'True_excreta', 'True_product', 'True_waste', 'True_soilAmendment', 'True_operation', 'True_fertiliser', 'True_material', 'True_ingredient', 'True_cropResidue']",ML model predicted True_pesticideVeterinaryDrug but the humans predicted No True_pesticideVeterinaryDrug.,Total number of matching positives in this prediction string 10.,48.23529411764706,47,System Boundary,original,no rag,AI,1
0,,"[1, 0, 1, 1, 0, 0, 1, 0, 1, 1, 0, 1, 1, 1, 0, 1, 0, 1, 1]","[1, 0, 1, 0, 0, 0, 1, 1, 1, 1, 0, 1, 0, 1, 0, 1, 0, 1, 1]","['True_animalFeed', 'True_water', 'True_liveAnimalInput', 'True_electricityFuel', 'True_transport', 'True_pesticideVeterinaryDrug', 'True_seed', 'True_otherChemical', 'True_animalPopulation', 'True_freshForage', 'True_excreta', 'True_product', 'True_waste', 'True_soilAmendment', 'True_operation', 'True_fertiliser', 'True_material', 'True_ingredient', 'True_cropResidue']",ML model predicted True_otherChemical but the humans predicted No True_otherChemical.,Total number of matching positives in this prediction string 10.,90.44117647058823,47,System Boundary,original,rag,AI,1
0,,"[1, 0, 1, 1, 0, 0, 1, 0, 1, 1, 0, 1, 1, 1, 0, 1, 0, 1, 1]","[1, 0, 1, 0, 0, 0, 1, 1, 1, 1, 0, 1, 0, 1, 0, 1, 0, 1, 1]","['True_animalFeed', 'True_water', 'True_liveAnimalInput', 'True_electricityFuel', 'True_transport', 'True_pesticideVeterinaryDrug', 'True_seed', 'True_otherChemical', 'True_animalPopulation', 'True_freshForage', 'True_excreta', 'True_product', 'True_waste', 'True_soilAmendment', 'True_operation', 'True_fertiliser', 'True_material', 'True_ingredient', 'True_cropResidue']",ML model predicted No True_waste but the humans predicted True_waste.,Total number of matching positives in this prediction string 10.,10.0,47,System Boundary,original,rag,Human,1
0,,"[1, 1, 1, 0, 0, 0, 1, 1, 1, 1, 0, 1, 0, 1, 0, 1, 0, 1, 1]","[1, 1, 1, 1, 0, 0, 1, 1, 1, 0, 0, 1, 0, 1, 0, 1, 0, 1, 1]","['True_animalFeed', 'True_water', 'True_liveAnimalInput', 'True_electricityFuel', 'True_transport', 'True_pesticideVeterinaryDrug', 'True_seed', 'True_otherChemical', 'True_animalPopulation', 'True_freshForage', 'True_excreta', 'True_product', 'True_waste', 'True_soilAmendment', 'True_operation', 'True_fertiliser', 'True_material', 'True_ingredient', 'True_cropResidue']",ML model predicted True_electricityFuel but the humans predicted No True_electricityFuel.,Total number of matching positives in this prediction string 11.,64.70588235294117,49,System Boundary,original,rag,AI,2
0,,"[1, 1, 1, 0, 0, 0, 1, 1, 1, 1, 0, 1, 0, 1, 0, 1, 0, 1, 1]","[1, 1, 1, 1, 0, 0, 1, 1, 0, 1, 1, 1, 1, 1, 0, 1, 0, 1, 1]","['True_animalFeed', 'True_water', 'True_liveAnimalInput', 'True_electricityFuel', 'True_transport', 'True_pesticideVeterinaryDrug', 'True_seed', 'True_otherChemical', 'True_animalPopulation', 'True_freshForage', 'True_excreta', 'True_product', 'True_waste', 'True_soilAmendment', 'True_operation', 'True_fertiliser', 'True_material', 'True_ingredient', 'True_cropResidue']",ML model predicted True_waste but the humans predicted No True_waste.,Total number of matching positives in this prediction string 11.,10.0,49,System Boundary,original,no rag,AI,1
0,,"[1, 1, 1, 0, 0, 0, 1, 1, 1, 1, 0, 1, 0, 1, 0, 1, 0, 1, 1]","[1, 1, 1, 1, 0, 0, 1, 1, 0, 1, 1, 1, 1, 1, 0, 1, 0, 1, 1]","['True_animalFeed', 'True_water', 'True_liveAnimalInput', 'True_electricityFuel', 'True_transport', 'True_pesticideVeterinaryDrug', 'True_seed', 'True_otherChemical', 'True_animalPopulation', 'True_freshForage', 'True_excreta', 'True_product', 'True_waste', 'True_soilAmendment', 'True_operation', 'True_fertiliser', 'True_material', 'True_ingredient', 'True_cropResidue']",ML model predicted True_excreta but the humans predicted No True_excreta.,Total number of matching positives in this prediction string 11.,23.676470588235293,49,System Boundary,original,no rag,AI,1
0,,"[1, 1, 1, 0, 0, 0, 1, 1, 1, 1, 0, 1, 0, 1, 0, 1, 0, 1, 1]","[1, 1, 1, 1, 0, 0, 1, 1, 0, 1, 1, 1, 1, 1, 0, 1, 0, 1, 1]","['True_animalFeed', 'True_water', 'True_liveAnimalInput', 'True_electricityFuel', 'True_transport', 'True_pesticideVeterinaryDrug', 'True_seed', 'True_otherChemical', 'True_animalPopulation', 'True_freshForage', 'True_excreta', 'True_product', 'True_waste', 'True_soilAmendment', 'True_operation', 'True_fertiliser', 'True_material', 'True_ingredient', 'True_cropResidue']",ML model predicted No True_animalPopulation but the humans predicted True_animalPopulation.,Total number of matching positives in this prediction string 11.,93.67647058823529,49,System Boundary,original,no rag,Human,1
0,,"[1, 1, 1, 0, 0, 0, 1, 1, 1, 1, 0, 1, 0, 1, 0, 1, 0, 1, 1]","[0, 1, 1, 1, 0, 0, 1, 1, 1, 1, 0, 1, 0, 1, 0, 1, 0, 1, 1]","['True_animalFeed', 'True_water', 'True_liveAnimalInput', 'True_electricityFuel', 'True_transport', 'True_pesticideVeterinaryDrug', 'True_seed', 'True_otherChemical', 'True_animalPopulation', 'True_freshForage', 'True_excreta', 'True_product', 'True_waste', 'True_soilAmendment', 'True_operation', 'True_fertiliser', 'True_material', 'True_ingredient', 'True_cropResidue']",ML model predicted True_electricityFuel but the humans predicted No True_electricityFuel.,Total number of matching positives in this prediction string 11.,64.70588235294117,49,System Boundary,original,no rag,AI,1
0,,"[1, 1, 1, 0, 0, 0, 1, 1, 1, 1, 0, 1, 0, 1, 0, 1, 0, 1, 1]","[1, 1, 1, 1, 0, 0, 1, 1, 0, 1, 1, 1, 1, 1, 0, 1, 0, 1, 1]","['True_animalFeed', 'True_water', 'True_liveAnimalInput', 'True_electricityFuel', 'True_transport', 'True_pesticideVeterinaryDrug', 'True_seed', 'True_otherChemical', 'True_animalPopulation', 'True_freshForage', 'True_excreta', 'True_product', 'True_waste', 'True_soilAmendment', 'True_operation', 'True_fertiliser', 'True_material', 'True_ingredient', 'True_cropResidue']",ML model predicted True_electricityFuel but the humans predicted No True_electricityFuel.,Total number of matching positives in this prediction string 11.,64.70588235294117,49,System Boundary,original,no rag,AI,1
0,,"[1, 1, 1, 0, 0, 0, 1, 1, 1, 1, 0, 1, 0, 1, 0, 1, 0, 1, 1]","[1, 1, 0, 1, 0, 0, 1, 1, 1, 0, 0, 1, 0, 1, 0, 1, 0, 1, 1]","['True_animalFeed', 'True_water', 'True_liveAnimalInput', 'True_electricityFuel', 'True_transport', 'True_pesticideVeterinaryDrug', 'True_seed', 'True_otherChemical', 'True_animalPopulation', 'True_freshForage', 'True_excreta', 'True_product', 'True_waste', 'True_soilAmendment', 'True_operation', 'True_fertiliser', 'True_material', 'True_ingredient', 'True_cropResidue']",ML model predicted No True_freshForage but the humans predicted True_freshForage.,Total number of matching positives in this prediction string 10.,52.64705882352941,49,System Boundary,original,no rag,Human,1
0,,"[1, 1, 1, 0, 0, 0, 1, 1, 1, 1, 0, 1, 0, 1, 0, 1, 0, 1, 1]","[1, 1, 0, 1, 0, 0, 1, 1, 1, 0, 0, 1, 0, 1, 0, 1, 0, 1, 1]","['True_animalFeed', 'True_water', 'True_liveAnimalInput', 'True_electricityFuel', 'True_transport', 'True_pesticideVeterinaryDrug', 'True_seed', 'True_otherChemical', 'True_animalPopulation', 'True_freshForage', 'True_excreta', 'True_product', 'True_waste', 'True_soilAmendment', 'True_operation', 'True_fertiliser', 'True_material', 'True_ingredient', 'True_cropResidue']",ML model predicted True_electricityFuel but the humans predicted No True_electricityFuel.,Total number of matching positives in this prediction string 10.,64.70588235294117,49,System Boundary,original,no rag,AI,1
0,,"[1, 1, 1, 0, 0, 0, 1, 1, 1, 1, 0, 1, 0, 1, 0, 1, 0, 1, 1]","[1, 1, 0, 1, 0, 0, 1, 1, 1, 0, 0, 1, 0, 1, 0, 1, 0, 1, 1]","['True_animalFeed', 'True_water', 'True_liveAnimalInput', 'True_electricityFuel', 'True_transport', 'True_pesticideVeterinaryDrug', 'True_seed', 'True_otherChemical', 'True_animalPopulation', 'True_freshForage', 'True_excreta', 'True_product', 'True_waste', 'True_soilAmendment', 'True_operation', 'True_fertiliser', 'True_material', 'True_ingredient', 'True_cropResidue']",ML model predicted No True_liveAnimalInput but the humans predicted True_liveAnimalInput.,Total number of matching positives in this prediction string 10.,90.1470588235294,49,System Boundary,original,no rag,Human,1
0,,"[1, 1, 1, 0, 0, 0, 1, 1, 1, 1, 0, 1, 0, 1, 0, 1, 0, 1, 1]","[1, 0, 1, 1, 0, 0, 1, 1, 1, 1, 0, 1, 0, 1, 0, 1, 0, 1, 1]","['True_animalFeed', 'True_water', 'True_liveAnimalInput', 'True_electricityFuel', 'True_transport', 'True_pesticideVeterinaryDrug', 'True_seed', 'True_otherChemical', 'True_animalPopulation', 'True_freshForage', 'True_excreta', 'True_product', 'True_waste', 'True_soilAmendment', 'True_operation', 'True_fertiliser', 'True_material', 'True_ingredient', 'True_cropResidue']",ML model predicted True_electricityFuel but the humans predicted No True_electricityFuel.,Total number of matching positives in this prediction string 11.,64.70588235294117,49,System Boundary,original,rag,AI,1
0,,"[1, 1, 1, 0, 0, 0, 1, 1, 1, 1, 0, 1, 0, 1, 0, 1, 0, 1, 1]","[1, 1, 1, 1, 0, 0, 1, 1, 1, 0, 0, 1, 0, 1, 0, 1, 0, 1, 1]","['True_animalFeed', 'True_water', 'True_liveAnimalInput', 'True_electricityFuel', 'True_transport', 'True_pesticideVeterinaryDrug', 'True_seed', 'True_otherChemical', 'True_animalPopulation', 'True_freshForage', 'True_excreta', 'True_product', 'True_waste', 'True_soilAmendment', 'True_operation', 'True_fertiliser', 'True_material', 'True_ingredient', 'True_cropResidue']",ML model predicted No True_freshForage but the humans predicted True_freshForage.,Total number of matching positives in this prediction string 11.,52.64705882352941,49,System Boundary,original,rag,Human,2
0,,"[1, 1, 1, 0, 0, 0, 1, 1, 1, 1, 0, 1, 0, 1, 0, 1, 0, 1, 1]","[1, 1, 1, 1, 0, 0, 1, 1, 1, 0, 1, 1, 0, 1, 0, 1, 0, 1, 1]","['True_animalFeed', 'True_water', 'True_liveAnimalInput', 'True_electricityFuel', 'True_transport', 'True_pesticideVeterinaryDrug', 'True_seed', 'True_otherChemical', 'True_animalPopulation', 'True_freshForage', 'True_excreta', 'True_product', 'True_waste', 'True_soilAmendment', 'True_operation', 'True_fertiliser', 'True_material', 'True_ingredient', 'True_cropResidue']",ML model predicted True_electricityFuel but the humans predicted No True_electricityFuel.,Total number of matching positives in this prediction string 11.,64.70588235294117,49,System Boundary,original,rag,AI,1
0,,"[1, 1, 1, 0, 0, 0, 1, 1, 1, 1, 0, 1, 0, 1, 0, 1, 0, 1, 1]","[1, 1, 1, 1, 0, 0, 1, 1, 1, 1, 1, 1, 0, 1, 0, 1, 0, 1, 1]","['True_animalFeed', 'True_water', 'True_liveAnimalInput', 'True_electricityFuel', 'True_transport', 'True_pesticideVeterinaryDrug', 'True_seed', 'True_otherChemical', 'True_animalPopulation', 'True_freshForage', 'True_excreta', 'True_product', 'True_waste', 'True_soilAmendment', 'True_operation', 'True_fertiliser', 'True_material', 'True_ingredient', 'True_cropResidue']",ML model predicted True_excreta but the humans predicted No True_excreta.,Total number of matching positives in this prediction string 12.,23.676470588235293,49,System Boundary,original,no rag,AI,1
0,,"[1, 1, 1, 0, 0, 0, 1, 1, 1, 1, 0, 1, 0, 1, 0, 1, 0, 1, 1]","[1, 1, 1, 1, 0, 0, 1, 1, 1, 0, 1, 1, 0, 1, 0, 1, 0, 1, 1]","['True_animalFeed', 'True_water', 'True_liveAnimalInput', 'True_electricityFuel', 'True_transport', 'True_pesticideVeterinaryDrug', 'True_seed', 'True_otherChemical', 'True_animalPopulation', 'True_freshForage', 'True_excreta', 'True_product', 'True_waste', 'True_soilAmendment', 'True_operation', 'True_fertiliser', 'True_material', 'True_ingredient', 'True_cropResidue']",ML model predicted True_excreta but the humans predicted No True_excreta.,Total number of matching positives in this prediction string 11.,23.676470588235293,49,System Boundary,original,rag,AI,1
0,,"[1, 1, 1, 0, 0, 0, 1, 1, 1, 1, 0, 1, 0, 1, 0, 1, 0, 1, 1]","[1, 1, 1, 1, 0, 0, 1, 1, 1, 1, 1, 1, 0, 1, 0, 1, 0, 1, 1]","['True_animalFeed', 'True_water', 'True_liveAnimalInput', 'True_electricityFuel', 'True_transport', 'True_pesticideVeterinaryDrug', 'True_seed', 'True_otherChemical', 'True_animalPopulation', 'True_freshForage', 'True_excreta', 'True_product', 'True_waste', 'True_soilAmendment', 'True_operation', 'True_fertiliser', 'True_material', 'True_ingredient', 'True_cropResidue']",ML model predicted True_electricityFuel but the humans predicted No True_electricityFuel.,Total number of matching positives in this prediction string 12.,64.70588235294117,49,System Boundary,original,no rag,AI,1
0,,"[1, 1, 1, 0, 0, 0, 1, 1, 1, 1, 0, 1, 0, 1, 0, 1, 0, 1, 1]","[1, 0, 1, 1, 0, 0, 1, 1, 1, 1, 0, 1, 0, 1, 0, 1, 0, 1, 1]","['True_animalFeed', 'True_water', 'True_liveAnimalInput', 'True_electricityFuel', 'True_transport', 'True_pesticideVeterinaryDrug', 'True_seed', 'True_otherChemical', 'True_animalPopulation', 'True_freshForage', 'True_excreta', 'True_product', 'True_waste', 'True_soilAmendment', 'True_operation', 'True_fertiliser', 'True_material', 'True_ingredient', 'True_cropResidue']",ML model predicted No True_water but the humans predicted True_water.,Total number of matching positives in this prediction string 11.,23.08823529411765,49,System Boundary,original,rag,Human,1
0,,"[1, 1, 1, 0, 0, 0, 1, 1, 1, 1, 0, 1, 0, 1, 0, 1, 0, 1, 1]","[1, 0, 0, 1, 0, 0, 1, 1, 1, 1, 0, 1, 1, 1, 0, 1, 0, 1, 1]","['True_animalFeed', 'True_water', 'True_liveAnimalInput', 'True_electricityFuel', 'True_transport', 'True_pesticideVeterinaryDrug', 'True_seed', 'True_otherChemical', 'True_animalPopulation', 'True_freshForage', 'True_excreta', 'True_product', 'True_waste', 'True_soilAmendment', 'True_operation', 'True_fertiliser', 'True_material', 'True_ingredient', 'True_cropResidue']",ML model predicted No True_water but the humans predicted True_water.,Total number of matching positives in this prediction string 10.,23.08823529411765,49,System Boundary,original,no rag,Human,1
0,,"[1, 1, 1, 0, 0, 0, 1, 1, 1, 1, 0, 1, 0, 1, 0, 1, 0, 1, 1]","[1, 1, 1, 1, 0, 0, 1, 1, 1, 1, 1, 1, 0, 1, 0, 1, 0, 1, 1]","['True_animalFeed', 'True_water', 'True_liveAnimalInput', 'True_electricityFuel', 'True_transport', 'True_pesticideVeterinaryDrug', 'True_seed', 'True_otherChemical', 'True_animalPopulation', 'True_freshForage', 'True_excreta', 'True_product', 'True_waste', 'True_soilAmendment', 'True_operation', 'True_fertiliser', 'True_material', 'True_ingredient', 'True_cropResidue']",ML model predicted True_excreta but the humans predicted No True_excreta.,Total number of matching positives in this prediction string 12.,23.676470588235293,49,System Boundary,original,rag,AI,1
0,,"[1, 0, 0, 0, 0, 0]","[0, 0, 0, 0, 0, 0]","['economic', 'energy', 'none required', 'none', 'mass', 'biophysical']",ML model predicted No economic but the humans predicted economic.,Total number of matching positives in this prediction string 0.,68.08823529411765,49,Allocation,original,no rag,Human,1
0,,"[1, 0, 0, 0, 0, 0]","[0, 0, 0, 0, 0, 0]","['economic', 'energy', 'none required', 'none', 'mass', 'biophysical']",ML model predicted No economic but the humans predicted economic.,Total number of matching positives in this prediction string 0.,68.08823529411765,49,Allocation,original,rag,Human,1
0,,"[0, 0, 0, 0, 0, 0, 1, 0, 0, 0, 0, 0, 0, 0, 0, 0, 0, 1, 0, 0, 0, 0, 0, 0, 0, 0, 0, 0, 0, 0, 0, 0, 0, 0, 0, 0, 0, 0, 0, 0, 0, 0, 0, 0, 0, 0, 0, 0, 0, 0, 0, 0, 0, 0, 0, 0, 0, 0, 0, 0, 0, 0]","[0, 0, 0, 0, 0, 0, 1, 0, 0, 0, 0, 0, 0, 0, 0, 0, 0, 0, 0, 0, 0, 0, 0, 0, 0, 0, 0, 0, 0, 0, 0, 0, 0, 0, 0, 0, 0, 0, 0, 0, 0, 0, 0, 0, 0, 0, 0, 0, 0, 0, 0, 0, 0, 0, 0, 0, 0, 0, 0, 0, 0, 0]","['Meat, beef cattle (cold carcass weight)', 'Dairy cattle, heifer', 'Meat, pig (cold dressed carcass weight)', 'Meat, chicken, breast', 'Milk, cow, raw (FPCM)', 'Broiler chicken', 'Beef cattle', 'Hides', 'Sheep, ewe', 'Beef cattle, heifer', 'Beef cattle, calf (female, weaned)', 'Dairy cattle, calf (weaned)', 'Cattle', 'Wool, sheep (greasy)', 'Meat, dairy cattle (liveweight)', 'Beef cattle, steer', 'Meat, sheep (liveweight)', 'Beef cattle, heifer and steer', 'Dairy cattle, cow', 'Cattle, urine (kg mass)', 'Meat, pig (cold carcass weight)', 'Offal', 'Dairy cattle', 'Layer chicken, hen', 'Sheep, lamb (male, unweaned)', 'Meat, chicken, wings', 'Wool', 'Eggs, hen, in shell (number)', 'Pig', 'Broiler chicken, hen', 'Dairy cattle, calf (male, unweaned)', 'Meat, dairy cattle (cold carcass weight)', 'Dairy cattle, calf', 'Beef cattle, calf (male, weaned)', 'Meat, beef cattle (cold dressed carcass weight)', 'Eggs, hen, in shell', 'Broiler chicken, chick', 'Meat, chicken (liveweight)', 'Pig, piglet', 'Layer chicken, pullet', 'Sheep, lamb (female, unweaned)', 'Milk', 'Beef cattle, bull', 'Eggs', 'Sheep, lamb', 'Dairy cattle, calf (female, weaned)', 'Sheep, ram', 'Sheep, lamb (weaned)', 'Beef cattle, calf (weaned)', 'Meat, chicken, leg', 'Sheep', 'Layer chicken', 'Beef cattle, cow', 'Offal, pigs', 'Poultry by-product meal', 'Meat', 'Milk, cow, raw', 'Hides, dairy cattle, fresh', 'Pig, sow', 'Meat, beef cattle (liveweight)', 'Meat, chicken (cold carcass weight)', 'Meat, sheep (cold carcass weight)']","ML model predicted No Beef cattle, heifer and steer but the humans predicted Beef cattle, heifer and steer.",Total number of matching positives in this prediction string 1.,0.4411764705882353,49,Product,original,no rag,Human,1
0,,"[0, 0, 0, 0, 0, 0, 1, 0, 0, 0, 0, 0, 0, 0, 0, 0, 0, 1, 0, 0, 0, 0, 0, 0, 0, 0, 0, 0, 0, 0, 0, 0, 0, 0, 0, 0, 0, 0, 0, 0, 0, 0, 0, 0, 0, 0, 0, 0, 0, 0, 0, 0, 0, 0, 0, 0, 0, 0, 0, 0, 0, 0]","[0, 0, 0, 0, 0, 0, 1, 0, 0, 0, 0, 0, 0, 0, 0, 0, 0, 0, 0, 0, 0, 0, 0, 0, 0, 0, 0, 0, 0, 0, 0, 0, 0, 0, 0, 0, 0, 0, 0, 0, 0, 0, 0, 0, 0, 0, 0, 0, 0, 0, 0, 0, 0, 0, 0, 0, 0, 0, 0, 0, 0, 0]","['Meat, beef cattle (cold carcass weight)', 'Dairy cattle, heifer', 'Meat, pig (cold dressed carcass weight)', 'Meat, chicken, breast', 'Milk, cow, raw (FPCM)', 'Broiler chicken', 'Beef cattle', 'Hides', 'Sheep, ewe', 'Beef cattle, heifer', 'Beef cattle, calf (female, weaned)', 'Dairy cattle, calf (weaned)', 'Cattle', 'Wool, sheep (greasy)', 'Meat, dairy cattle (liveweight)', 'Beef cattle, steer', 'Meat, sheep (liveweight)', 'Beef cattle, heifer and steer', 'Dairy cattle, cow', 'Cattle, urine (kg mass)', 'Meat, pig (cold carcass weight)', 'Offal', 'Dairy cattle', 'Layer chicken, hen', 'Sheep, lamb (male, unweaned)', 'Meat, chicken, wings', 'Wool', 'Eggs, hen, in shell (number)', 'Pig', 'Broiler chicken, hen', 'Dairy cattle, calf (male, unweaned)', 'Meat, dairy cattle (cold carcass weight)', 'Dairy cattle, calf', 'Beef cattle, calf (male, weaned)', 'Meat, beef cattle (cold dressed carcass weight)', 'Eggs, hen, in shell', 'Broiler chicken, chick', 'Meat, chicken (liveweight)', 'Pig, piglet', 'Layer chicken, pullet', 'Sheep, lamb (female, unweaned)', 'Milk', 'Beef cattle, bull', 'Eggs', 'Sheep, lamb', 'Dairy cattle, calf (female, weaned)', 'Sheep, ram', 'Sheep, lamb (weaned)', 'Beef cattle, calf (weaned)', 'Meat, chicken, leg', 'Sheep', 'Layer chicken', 'Beef cattle, cow', 'Offal, pigs', 'Poultry by-product meal', 'Meat', 'Milk, cow, raw', 'Hides, dairy cattle, fresh', 'Pig, sow', 'Meat, beef cattle (liveweight)', 'Meat, chicken (cold carcass weight)', 'Meat, sheep (cold carcass weight)']","ML model predicted No Beef cattle, heifer and steer but the humans predicted Beef cattle, heifer and steer.",Total number of matching positives in this prediction string 1.,0.4411764705882353,49,Product,original,rag,Human,1
0,,"[0, 0, 0, 0, 0, 0, 1, 0, 0, 0, 0, 0, 0, 0, 0, 0, 0, 1, 0, 0, 0, 0, 0, 0, 0, 0, 0, 0, 0, 0, 0, 0, 0, 0, 0, 0, 0, 0, 0, 0, 0, 0, 0, 0, 0, 0, 0, 0, 0, 0, 0, 0, 0, 0, 0, 0, 0, 0, 0, 0, 0, 0]","[0, 0, 0, 0, 0, 0, 1, 0, 0, 1, 0, 0, 0, 0, 0, 0, 0, 1, 0, 0, 0, 0, 0, 0, 0, 0, 0, 0, 0, 0, 0, 0, 0, 0, 0, 0, 0, 0, 0, 0, 0, 0, 0, 0, 0, 0, 0, 0, 0, 0, 0, 0, 0, 0, 0, 0, 0, 0, 0, 0, 0, 0]","['Meat, beef cattle (cold carcass weight)', 'Dairy cattle, heifer', 'Meat, pig (cold dressed carcass weight)', 'Meat, chicken, breast', 'Milk, cow, raw (FPCM)', 'Broiler chicken', 'Beef cattle', 'Hides', 'Sheep, ewe', 'Beef cattle, heifer', 'Beef cattle, calf (female, weaned)', 'Dairy cattle, calf (weaned)', 'Cattle', 'Wool, sheep (greasy)', 'Meat, dairy cattle (liveweight)', 'Beef cattle, steer', 'Meat, sheep (liveweight)', 'Beef cattle, heifer and steer', 'Dairy cattle, cow', 'Cattle, urine (kg mass)', 'Meat, pig (cold carcass weight)', 'Offal', 'Dairy cattle', 'Layer chicken, hen', 'Sheep, lamb (male, unweaned)', 'Meat, chicken, wings', 'Wool', 'Eggs, hen, in shell (number)', 'Pig', 'Broiler chicken, hen', 'Dairy cattle, calf (male, unweaned)', 'Meat, dairy cattle (cold carcass weight)', 'Dairy cattle, calf', 'Beef cattle, calf (male, weaned)', 'Meat, beef cattle (cold dressed carcass weight)', 'Eggs, hen, in shell', 'Broiler chicken, chick', 'Meat, chicken (liveweight)', 'Pig, piglet', 'Layer chicken, pullet', 'Sheep, lamb (female, unweaned)', 'Milk', 'Beef cattle, bull', 'Eggs', 'Sheep, lamb', 'Dairy cattle, calf (female, weaned)', 'Sheep, ram', 'Sheep, lamb (weaned)', 'Beef cattle, calf (weaned)', 'Meat, chicken, leg', 'Sheep', 'Layer chicken', 'Beef cattle, cow', 'Offal, pigs', 'Poultry by-product meal', 'Meat', 'Milk, cow, raw', 'Hides, dairy cattle, fresh', 'Pig, sow', 'Meat, beef cattle (liveweight)', 'Meat, chicken (cold carcass weight)', 'Meat, sheep (cold carcass weight)']","ML model predicted Beef cattle, heifer but the humans predicted No Beef cattle, heifer.",Total number of matching positives in this prediction string 2.,6.323529411764706,49,Product,original,rag,AI,1
0,,"[1, 1, 1, 0, 0, 0, 1, 1, 1, 1, 0, 1, 0, 1, 0, 1, 0, 1, 1]","[1, 1, 1, 1, 0, 0, 1, 1, 1, 0, 1, 1, 0, 1, 0, 1, 0, 1, 1]","['True_animalFeed', 'True_water', 'True_liveAnimalInput', 'True_electricityFuel', 'True_transport', 'True_pesticideVeterinaryDrug', 'True_seed', 'True_otherChemical', 'True_animalPopulation', 'True_freshForage', 'True_excreta', 'True_product', 'True_waste', 'True_soilAmendment', 'True_operation', 'True_fertiliser', 'True_material', 'True_ingredient', 'True_cropResidue']",ML model predicted No True_freshForage but the humans predicted True_freshForage.,Total number of matching positives in this prediction string 11.,52.64705882352941,49,System Boundary,original,rag,Human,1
0,,"[1, 1, 1, 0, 0, 0, 1, 1, 1, 1, 0, 1, 0, 1, 0, 1, 0, 1, 1]","[1, 0, 1, 1, 0, 0, 0, 1, 1, 1, 0, 1, 0, 1, 0, 1, 0, 1, 1]","['True_animalFeed', 'True_water', 'True_liveAnimalInput', 'True_electricityFuel', 'True_transport', 'True_pesticideVeterinaryDrug', 'True_seed', 'True_otherChemical', 'True_animalPopulation', 'True_freshForage', 'True_excreta', 'True_product', 'True_waste', 'True_soilAmendment', 'True_operation', 'True_fertiliser', 'True_material', 'True_ingredient', 'True_cropResidue']",ML model predicted No True_seed but the humans predicted True_seed.,Total number of matching positives in this prediction string 10.,88.52941176470588,49,System Boundary,original,rag,Human,1
0,,"[1, 1, 1, 0, 0, 0, 1, 1, 1, 1, 0, 1, 0, 1, 0, 1, 0, 1, 1]","[1, 1, 1, 1, 0, 0, 1, 1, 1, 1, 1, 1, 0, 1, 0, 1, 0, 1, 1]","['True_animalFeed', 'True_water', 'True_liveAnimalInput', 'True_electricityFuel', 'True_transport', 'True_pesticideVeterinaryDrug', 'True_seed', 'True_otherChemical', 'True_animalPopulation', 'True_freshForage', 'True_excreta', 'True_product', 'True_waste', 'True_soilAmendment', 'True_operation', 'True_fertiliser', 'True_material', 'True_ingredient', 'True_cropResidue']",ML model predicted True_electricityFuel but the humans predicted No True_electricityFuel.,Total number of matching positives in this prediction string 12.,64.70588235294117,49,System Boundary,original,rag,AI,1
0,,"[1, 1, 1, 0, 0, 0, 1, 1, 1, 1, 0, 1, 0, 1, 0, 1, 0, 1, 1]","[1, 0, 1, 1, 0, 0, 0, 1, 1, 1, 0, 1, 0, 1, 0, 1, 0, 1, 1]","['True_animalFeed', 'True_water', 'True_liveAnimalInput', 'True_electricityFuel', 'True_transport', 'True_pesticideVeterinaryDrug', 'True_seed', 'True_otherChemical', 'True_animalPopulation', 'True_freshForage', 'True_excreta', 'True_product', 'True_waste', 'True_soilAmendment', 'True_operation', 'True_fertiliser', 'True_material', 'True_ingredient', 'True_cropResidue']",ML model predicted No True_water but the humans predicted True_water.,Total number of matching positives in this prediction string 10.,23.08823529411765,49,System Boundary,original,rag,Human,1
0,,"[1, 1, 1, 0, 0, 0, 1, 1, 1, 1, 0, 1, 0, 1, 0, 1, 0, 1, 1]","[1, 0, 1, 1, 0, 0, 0, 1, 1, 1, 0, 1, 0, 1, 0, 1, 0, 1, 1]","['True_animalFeed', 'True_water', 'True_liveAnimalInput', 'True_electricityFuel', 'True_transport', 'True_pesticideVeterinaryDrug', 'True_seed', 'True_otherChemical', 'True_animalPopulation', 'True_freshForage', 'True_excreta', 'True_product', 'True_waste', 'True_soilAmendment', 'True_operation', 'True_fertiliser', 'True_material', 'True_ingredient', 'True_cropResidue']",ML model predicted True_electricityFuel but the humans predicted No True_electricityFuel.,Total number of matching positives in this prediction string 10.,64.70588235294117,49,System Boundary,original,rag,AI,1
0,,"[1, 1, 1, 0, 0, 0, 1, 1, 1, 1, 0, 1, 0, 1, 0, 1, 0, 1, 1]","[0, 0, 1, 0, 0, 0, 1, 1, 1, 1, 0, 1, 0, 1, 0, 1, 0, 1, 1]","['True_animalFeed', 'True_water', 'True_liveAnimalInput', 'True_electricityFuel', 'True_transport', 'True_pesticideVeterinaryDrug', 'True_seed', 'True_otherChemical', 'True_animalPopulation', 'True_freshForage', 'True_excreta', 'True_product', 'True_waste', 'True_soilAmendment', 'True_operation', 'True_fertiliser', 'True_material', 'True_ingredient', 'True_cropResidue']",ML model predicted No True_water but the humans predicted True_water.,Total number of matching positives in this prediction string 10.,23.08823529411765,49,System Boundary,original,rag,Human,1
0,,"[1, 1, 1, 0, 0, 0, 1, 1, 1, 1, 0, 1, 0, 1, 0, 1, 0, 1, 1]","[0, 0, 1, 0, 0, 0, 1, 1, 1, 1, 0, 1, 0, 1, 0, 1, 0, 1, 1]","['True_animalFeed', 'True_water', 'True_liveAnimalInput', 'True_electricityFuel', 'True_transport', 'True_pesticideVeterinaryDrug', 'True_seed', 'True_otherChemical', 'True_animalPopulation', 'True_freshForage', 'True_excreta', 'True_product', 'True_waste', 'True_soilAmendment', 'True_operation', 'True_fertiliser', 'True_material', 'True_ingredient', 'True_cropResidue']",ML model predicted No True_animalFeed but the humans predicted True_animalFeed.,Total number of matching positives in this prediction string 10.,92.3529411764706,49,System Boundary,original,rag,Human,1
0,,"[1, 1, 1, 0, 0, 0, 1, 1, 1, 1, 0, 1, 0, 1, 0, 1, 0, 1, 1]","[1, 0, 0, 1, 0, 0, 1, 1, 1, 1, 0, 1, 1, 1, 0, 1, 0, 1, 1]","['True_animalFeed', 'True_water', 'True_liveAnimalInput', 'True_electricityFuel', 'True_transport', 'True_pesticideVeterinaryDrug', 'True_seed', 'True_otherChemical', 'True_animalPopulation', 'True_freshForage', 'True_excreta', 'True_product', 'True_waste', 'True_soilAmendment', 'True_operation', 'True_fertiliser', 'True_material', 'True_ingredient', 'True_cropResidue']",ML model predicted True_electricityFuel but the humans predicted No True_electricityFuel.,Total number of matching positives in this prediction string 10.,64.70588235294117,49,System Boundary,original,no rag,AI,1
0,,"[1, 1, 1, 0, 0, 0, 1, 1, 1, 1, 0, 1, 0, 1, 0, 1, 0, 1, 1]","[1, 0, 0, 1, 0, 0, 1, 1, 1, 1, 0, 1, 1, 1, 0, 1, 0, 1, 1]","['True_animalFeed', 'True_water', 'True_liveAnimalInput', 'True_electricityFuel', 'True_transport', 'True_pesticideVeterinaryDrug', 'True_seed', 'True_otherChemical', 'True_animalPopulation', 'True_freshForage', 'True_excreta', 'True_product', 'True_waste', 'True_soilAmendment', 'True_operation', 'True_fertiliser', 'True_material', 'True_ingredient', 'True_cropResidue']",ML model predicted No True_liveAnimalInput but the humans predicted True_liveAnimalInput.,Total number of matching positives in this prediction string 10.,90.1470588235294,49,System Boundary,original,no rag,Human,1
0,,"[1, 0, 0, 0, 0, 0]","[0, 0, 1, 0, 0, 0]","['economic', 'energy', 'none required', 'none', 'mass', 'biophysical']",ML model predicted No economic but the humans predicted economic.,Total number of matching positives in this prediction string 0.,68.08823529411765,49,Allocation,original,no rag,Human,1
0,,"[1, 0, 0, 0, 0, 0]","[0, 0, 1, 0, 0, 0]","['economic', 'energy', 'none required', 'none', 'mass', 'biophysical']",ML model predicted none required but the humans predicted No none required.,Total number of matching positives in this prediction string 0.,17.941176470588236,49,Allocation,original,no rag,AI,1
0,,"[1, 1, 1, 0, 0, 0, 1, 1, 1, 1, 0, 1, 0, 1, 0, 1, 0, 1, 1]","[1, 0, 0, 1, 0, 0, 1, 1, 1, 1, 0, 1, 1, 1, 0, 1, 0, 1, 1]","['True_animalFeed', 'True_water', 'True_liveAnimalInput', 'True_electricityFuel', 'True_transport', 'True_pesticideVeterinaryDrug', 'True_seed', 'True_otherChemical', 'True_animalPopulation', 'True_freshForage', 'True_excreta', 'True_product', 'True_waste', 'True_soilAmendment', 'True_operation', 'True_fertiliser', 'True_material', 'True_ingredient', 'True_cropResidue']",ML model predicted True_waste but the humans predicted No True_waste.,Total number of matching positives in this prediction string 10.,10.0,49,System Boundary,original,no rag,AI,1
0,,"[1, 1, 1, 0, 0, 0, 1, 1, 1, 1, 0, 1, 0, 1, 0, 1, 0, 1, 1]","[0, 1, 0, 1, 0, 0, 1, 1, 1, 0, 1, 1, 0, 1, 0, 1, 0, 1, 1]","['True_animalFeed', 'True_water', 'True_liveAnimalInput', 'True_electricityFuel', 'True_transport', 'True_pesticideVeterinaryDrug', 'True_seed', 'True_otherChemical', 'True_animalPopulation', 'True_freshForage', 'True_excreta', 'True_product', 'True_waste', 'True_soilAmendment', 'True_operation', 'True_fertiliser', 'True_material', 'True_ingredient', 'True_cropResidue']",ML model predicted No True_liveAnimalInput but the humans predicted True_liveAnimalInput.,Total number of matching positives in this prediction string 9.,90.1470588235294,49,System Boundary,original,no rag,Human,1
0,,"[1, 1, 1, 0, 0, 0, 1, 1, 1, 1, 0, 1, 0, 1, 0, 1, 0, 1, 1]","[0, 1, 0, 1, 0, 0, 1, 1, 1, 0, 1, 1, 0, 1, 0, 1, 0, 1, 1]","['True_animalFeed', 'True_water', 'True_liveAnimalInput', 'True_electricityFuel', 'True_transport', 'True_pesticideVeterinaryDrug', 'True_seed', 'True_otherChemical', 'True_animalPopulation', 'True_freshForage', 'True_excreta', 'True_product', 'True_waste', 'True_soilAmendment', 'True_operation', 'True_fertiliser', 'True_material', 'True_ingredient', 'True_cropResidue']",ML model predicted True_electricityFuel but the humans predicted No True_electricityFuel.,Total number of matching positives in this prediction string 9.,64.70588235294117,49,System Boundary,original,no rag,AI,1
0,,"[1, 1, 1, 0, 0, 0, 1, 1, 1, 1, 0, 1, 0, 1, 0, 1, 0, 1, 1]","[0, 1, 0, 1, 0, 0, 1, 1, 1, 0, 1, 1, 0, 1, 0, 1, 0, 1, 1]","['True_animalFeed', 'True_water', 'True_liveAnimalInput', 'True_electricityFuel', 'True_transport', 'True_pesticideVeterinaryDrug', 'True_seed', 'True_otherChemical', 'True_animalPopulation', 'True_freshForage', 'True_excreta', 'True_product', 'True_waste', 'True_soilAmendment', 'True_operation', 'True_fertiliser', 'True_material', 'True_ingredient', 'True_cropResidue']",ML model predicted No True_freshForage but the humans predicted True_freshForage.,Total number of matching positives in this prediction string 9.,52.64705882352941,49,System Boundary,original,no rag,Human,1
0,,"[1, 1, 1, 0, 0, 0, 1, 1, 1, 1, 0, 1, 0, 1, 0, 1, 0, 1, 1]","[0, 1, 0, 1, 0, 0, 1, 1, 1, 0, 1, 1, 0, 1, 0, 1, 0, 1, 1]","['True_animalFeed', 'True_water', 'True_liveAnimalInput', 'True_electricityFuel', 'True_transport', 'True_pesticideVeterinaryDrug', 'True_seed', 'True_otherChemical', 'True_animalPopulation', 'True_freshForage', 'True_excreta', 'True_product', 'True_waste', 'True_soilAmendment', 'True_operation', 'True_fertiliser', 'True_material', 'True_ingredient', 'True_cropResidue']",ML model predicted True_excreta but the humans predicted No True_excreta.,Total number of matching positives in this prediction string 9.,23.676470588235293,49,System Boundary,original,no rag,AI,1
0,,"[1, 1, 1, 0, 0, 0, 1, 1, 1, 1, 0, 1, 0, 1, 0, 1, 0, 1, 1]","[0, 1, 1, 1, 0, 0, 1, 1, 1, 1, 0, 1, 0, 1, 0, 1, 0, 1, 1]","['True_animalFeed', 'True_water', 'True_liveAnimalInput', 'True_electricityFuel', 'True_transport', 'True_pesticideVeterinaryDrug', 'True_seed', 'True_otherChemical', 'True_animalPopulation', 'True_freshForage', 'True_excreta', 'True_product', 'True_waste', 'True_soilAmendment', 'True_operation', 'True_fertiliser', 'True_material', 'True_ingredient', 'True_cropResidue']",ML model predicted No True_animalFeed but the humans predicted True_animalFeed.,Total number of matching positives in this prediction string 11.,92.3529411764706,49,System Boundary,original,no rag,Human,1
0,,"[1, 1, 1, 0, 0, 0, 1, 1, 1, 1, 0, 1, 0, 1, 0, 1, 0, 1, 1]","[1, 0, 1, 0, 0, 0, 1, 1, 1, 1, 0, 1, 0, 1, 0, 1, 0, 1, 1]","['True_animalFeed', 'True_water', 'True_liveAnimalInput', 'True_electricityFuel', 'True_transport', 'True_pesticideVeterinaryDrug', 'True_seed', 'True_otherChemical', 'True_animalPopulation', 'True_freshForage', 'True_excreta', 'True_product', 'True_waste', 'True_soilAmendment', 'True_operation', 'True_fertiliser', 'True_material', 'True_ingredient', 'True_cropResidue']",ML model predicted No True_water but the humans predicted True_water.,Total number of matching positives in this prediction string 11.,23.08823529411765,49,System Boundary,original,no rag,Human,1
0,,"[1, 1, 1, 0, 0, 0, 1, 1, 1, 1, 0, 1, 0, 1, 0, 1, 0, 1, 1]","[0, 1, 0, 1, 0, 0, 1, 1, 1, 0, 1, 1, 0, 1, 0, 1, 0, 1, 1]","['True_animalFeed', 'True_water', 'True_liveAnimalInput', 'True_electricityFuel', 'True_transport', 'True_pesticideVeterinaryDrug', 'True_seed', 'True_otherChemical', 'True_animalPopulation', 'True_freshForage', 'True_excreta', 'True_product', 'True_waste', 'True_soilAmendment', 'True_operation', 'True_fertiliser', 'True_material', 'True_ingredient', 'True_cropResidue']",ML model predicted No True_animalFeed but the humans predicted True_animalFeed.,Total number of matching positives in this prediction string 9.,92.3529411764706,49,System Boundary,original,no rag,Human,1
0,,"[1, 1, 0, 1, 0, 0, 1, 1, 1, 1, 1, 1, 0, 1, 0, 1, 0, 1, 0]","[1, 0, 0, 1, 0, 0, 1, 1, 1, 0, 1, 1, 0, 1, 0, 1, 0, 1, 0]","['True_animalFeed', 'True_water', 'True_liveAnimalInput', 'True_electricityFuel', 'True_transport', 'True_pesticideVeterinaryDrug', 'True_seed', 'True_otherChemical', 'True_animalPopulation', 'True_freshForage', 'True_excreta', 'True_product', 'True_waste', 'True_soilAmendment', 'True_operation', 'True_fertiliser', 'True_material', 'True_ingredient', 'True_cropResidue']",ML model predicted No True_freshForage but the humans predicted True_freshForage.,Total number of matching positives in this prediction string 10.,87.5,50,System Boundary,standardized,rag,Human,2
0,,"[1, 1, 0, 1, 0, 0, 1, 1, 1, 1, 1, 1, 0, 1, 0, 1, 0, 1, 0]","[1, 0, 1, 1, 0, 0, 1, 1, 1, 0, 1, 1, 0, 1, 0, 1, 0, 1, 1]","['True_animalFeed', 'True_water', 'True_liveAnimalInput', 'True_electricityFuel', 'True_transport', 'True_pesticideVeterinaryDrug', 'True_seed', 'True_otherChemical', 'True_animalPopulation', 'True_freshForage', 'True_excreta', 'True_product', 'True_waste', 'True_soilAmendment', 'True_operation', 'True_fertiliser', 'True_material', 'True_ingredient', 'True_cropResidue']",ML model predicted No True_water but the humans predicted True_water.,Total number of matching positives in this prediction string 10.,21.49390243902439,50,System Boundary,standardized,no rag,Human,2
0,,"[1, 1, 0, 1, 0, 0, 1, 1, 1, 1, 1, 1, 0, 1, 0, 1, 0, 1, 0]","[1, 0, 1, 1, 0, 0, 1, 1, 1, 0, 1, 1, 0, 1, 0, 1, 0, 1, 1]","['True_animalFeed', 'True_water', 'True_liveAnimalInput', 'True_electricityFuel', 'True_transport', 'True_pesticideVeterinaryDrug', 'True_seed', 'True_otherChemical', 'True_animalPopulation', 'True_freshForage', 'True_excreta', 'True_product', 'True_waste', 'True_soilAmendment', 'True_operation', 'True_fertiliser', 'True_material', 'True_ingredient', 'True_cropResidue']",ML model predicted True_liveAnimalInput but the humans predicted No True_liveAnimalInput.,Total number of matching positives in this prediction string 10.,88.71951219512195,50,System Boundary,standardized,no rag,AI,2
0,,"[1, 1, 0, 1, 0, 0, 1, 1, 1, 1, 1, 1, 0, 1, 0, 1, 0, 1, 0]","[1, 0, 1, 1, 0, 0, 1, 1, 1, 0, 1, 1, 0, 1, 0, 1, 0, 1, 1]","['True_animalFeed', 'True_water', 'True_liveAnimalInput', 'True_electricityFuel', 'True_transport', 'True_pesticideVeterinaryDrug', 'True_seed', 'True_otherChemical', 'True_animalPopulation', 'True_freshForage', 'True_excreta', 'True_product', 'True_waste', 'True_soilAmendment', 'True_operation', 'True_fertiliser', 'True_material', 'True_ingredient', 'True_cropResidue']",ML model predicted No True_freshForage but the humans predicted True_freshForage.,Total number of matching positives in this prediction string 10.,87.5,50,System Boundary,standardized,no rag,Human,2
0,,"[1, 1, 0, 1, 0, 0, 1, 1, 1, 1, 1, 1, 0, 1, 0, 1, 0, 1, 0]","[1, 0, 1, 1, 0, 0, 1, 1, 1, 0, 1, 1, 0, 1, 0, 1, 0, 1, 1]","['True_animalFeed', 'True_water', 'True_liveAnimalInput', 'True_electricityFuel', 'True_transport', 'True_pesticideVeterinaryDrug', 'True_seed', 'True_otherChemical', 'True_animalPopulation', 'True_freshForage', 'True_excreta', 'True_product', 'True_waste', 'True_soilAmendment', 'True_operation', 'True_fertiliser', 'True_material', 'True_ingredient', 'True_cropResidue']",ML model predicted True_cropResidue but the humans predicted No True_cropResidue.,Total number of matching positives in this prediction string 10.,60.97560975609756,50,System Boundary,standardized,no rag,AI,2
0,,"[1, 1, 0, 1, 0, 0, 1, 1, 1, 1, 1, 1, 0, 1, 0, 1, 0, 1, 0]","[1, 0, 1, 1, 0, 0, 1, 1, 1, 0, 1, 1, 0, 1, 0, 1, 0, 1, 1]","['True_animalFeed', 'True_water', 'True_liveAnimalInput', 'True_electricityFuel', 'True_transport', 'True_pesticideVeterinaryDrug', 'True_seed', 'True_otherChemical', 'True_animalPopulation', 'True_freshForage', 'True_excreta', 'True_product', 'True_waste', 'True_soilAmendment', 'True_operation', 'True_fertiliser', 'True_material', 'True_ingredient', 'True_cropResidue']",ML model predicted True_liveAnimalInput but the humans predicted No True_liveAnimalInput.,Total number of matching positives in this prediction string 10.,88.71951219512195,50,System Boundary,standardized,rag,AI,2
0,,"[1, 1, 0, 1, 0, 0, 1, 1, 1, 1, 1, 1, 0, 1, 0, 1, 0, 1, 0]","[1, 0, 1, 1, 0, 0, 1, 1, 1, 0, 1, 1, 0, 1, 0, 1, 0, 1, 1]","['True_animalFeed', 'True_water', 'True_liveAnimalInput', 'True_electricityFuel', 'True_transport', 'True_pesticideVeterinaryDrug', 'True_seed', 'True_otherChemical', 'True_animalPopulation', 'True_freshForage', 'True_excreta', 'True_product', 'True_waste', 'True_soilAmendment', 'True_operation', 'True_fertiliser', 'True_material', 'True_ingredient', 'True_cropResidue']",ML model predicted No True_freshForage but the humans predicted True_freshForage.,Total number of matching positives in this prediction string 10.,87.5,50,System Boundary,standardized,rag,Human,2
0,,"[1, 1, 0, 1, 0, 0, 1, 1, 1, 1, 1, 1, 0, 1, 0, 1, 0, 1, 0]","[1, 0, 0, 1, 0, 0, 1, 1, 1, 0, 1, 1, 0, 1, 0, 1, 0, 1, 0]","['True_animalFeed', 'True_water', 'True_liveAnimalInput', 'True_electricityFuel', 'True_transport', 'True_pesticideVeterinaryDrug', 'True_seed', 'True_otherChemical', 'True_animalPopulation', 'True_freshForage', 'True_excreta', 'True_product', 'True_waste', 'True_soilAmendment', 'True_operation', 'True_fertiliser', 'True_material', 'True_ingredient', 'True_cropResidue']",ML model predicted No True_water but the humans predicted True_water.,Total number of matching positives in this prediction string 10.,21.49390243902439,50,System Boundary,standardized,rag,Human,2
0,,"[1, 1, 0, 1, 0, 0, 1, 1, 1, 1, 1, 1, 0, 1, 0, 1, 0, 1, 0]","[1, 0, 1, 1, 0, 0, 1, 1, 1, 0, 1, 1, 0, 1, 0, 1, 0, 1, 1]","['True_animalFeed', 'True_water', 'True_liveAnimalInput', 'True_electricityFuel', 'True_transport', 'True_pesticideVeterinaryDrug', 'True_seed', 'True_otherChemical', 'True_animalPopulation', 'True_freshForage', 'True_excreta', 'True_product', 'True_waste', 'True_soilAmendment', 'True_operation', 'True_fertiliser', 'True_material', 'True_ingredient', 'True_cropResidue']",ML model predicted No True_water but the humans predicted True_water.,Total number of matching positives in this prediction string 10.,21.49390243902439,50,System Boundary,standardized,rag,Human,2
0,,"[1, 0, 1, 1, 1, 0, 1, 1, 1, 0, 1, 1, 0, 1, 0, 1, 0, 1, 1]","[1, 1, 1, 1, 0, 0, 1, 1, 1, 0, 1, 1, 0, 1, 0, 1, 0, 1, 1]","['True_animalFeed', 'True_water', 'True_liveAnimalInput', 'True_electricityFuel', 'True_transport', 'True_pesticideVeterinaryDrug', 'True_seed', 'True_otherChemical', 'True_animalPopulation', 'True_freshForage', 'True_excreta', 'True_product', 'True_waste', 'True_soilAmendment', 'True_operation', 'True_fertiliser', 'True_material', 'True_ingredient', 'True_cropResidue']",ML model predicted True_water but the humans predicted No True_water.,Total number of matching positives in this prediction string 12.,23.08823529411765,50,System Boundary,original,rag,AI,3
0,,"[1, 0, 1, 1, 1, 0, 1, 1, 1, 0, 1, 1, 0, 1, 0, 1, 0, 1, 1]","[1, 1, 1, 1, 1, 0, 1, 1, 1, 0, 1, 1, 0, 1, 0, 1, 0, 1, 1]","['True_animalFeed', 'True_water', 'True_liveAnimalInput', 'True_electricityFuel', 'True_transport', 'True_pesticideVeterinaryDrug', 'True_seed', 'True_otherChemical', 'True_animalPopulation', 'True_freshForage', 'True_excreta', 'True_product', 'True_waste', 'True_soilAmendment', 'True_operation', 'True_fertiliser', 'True_material', 'True_ingredient', 'True_cropResidue']",ML model predicted True_water but the humans predicted No True_water.,Total number of matching positives in this prediction string 13.,23.08823529411765,50,System Boundary,original,no rag,AI,2
0,,"[1, 0, 1, 1, 1, 0, 1, 1, 1, 0, 1, 1, 0, 1, 0, 1, 0, 1, 1]","[1, 1, 1, 1, 0, 0, 1, 1, 1, 0, 1, 1, 0, 1, 0, 1, 0, 1, 1]","['True_animalFeed', 'True_water', 'True_liveAnimalInput', 'True_electricityFuel', 'True_transport', 'True_pesticideVeterinaryDrug', 'True_seed', 'True_otherChemical', 'True_animalPopulation', 'True_freshForage', 'True_excreta', 'True_product', 'True_waste', 'True_soilAmendment', 'True_operation', 'True_fertiliser', 'True_material', 'True_ingredient', 'True_cropResidue']",ML model predicted No True_transport but the humans predicted True_transport.,Total number of matching positives in this prediction string 12.,6.470588235294118,50,System Boundary,original,rag,Human,3
0,,"[1, 0, 1, 1, 1, 0, 1, 1, 1, 0, 1, 1, 0, 1, 0, 1, 0, 1, 1]","[1, 1, 1, 1, 0, 0, 1, 1, 1, 0, 1, 1, 0, 1, 0, 1, 0, 1, 1]","['True_animalFeed', 'True_water', 'True_liveAnimalInput', 'True_electricityFuel', 'True_transport', 'True_pesticideVeterinaryDrug', 'True_seed', 'True_otherChemical', 'True_animalPopulation', 'True_freshForage', 'True_excreta', 'True_product', 'True_waste', 'True_soilAmendment', 'True_operation', 'True_fertiliser', 'True_material', 'True_ingredient', 'True_cropResidue']",ML model predicted No True_transport but the humans predicted True_transport.,Total number of matching positives in this prediction string 12.,6.470588235294118,50,System Boundary,original,no rag,Human,1
0,,"[1, 0, 1, 1, 1, 0, 1, 1, 1, 0, 1, 1, 0, 1, 0, 1, 0, 1, 1]","[1, 1, 1, 1, 0, 0, 1, 1, 1, 0, 1, 1, 0, 1, 0, 1, 0, 1, 1]","['True_animalFeed', 'True_water', 'True_liveAnimalInput', 'True_electricityFuel', 'True_transport', 'True_pesticideVeterinaryDrug', 'True_seed', 'True_otherChemical', 'True_animalPopulation', 'True_freshForage', 'True_excreta', 'True_product', 'True_waste', 'True_soilAmendment', 'True_operation', 'True_fertiliser', 'True_material', 'True_ingredient', 'True_cropResidue']",ML model predicted True_water but the humans predicted No True_water.,Total number of matching positives in this prediction string 12.,23.08823529411765,50,System Boundary,original,no rag,AI,1
0,,"[1, 0, 1, 1, 1, 0, 1, 1, 1, 0, 1, 1, 0, 1, 0, 1, 0, 1, 1]","[1, 0, 1, 1, 0, 0, 1, 1, 1, 0, 1, 1, 0, 1, 0, 1, 0, 1, 1]","['True_animalFeed', 'True_water', 'True_liveAnimalInput', 'True_electricityFuel', 'True_transport', 'True_pesticideVeterinaryDrug', 'True_seed', 'True_otherChemical', 'True_animalPopulation', 'True_freshForage', 'True_excreta', 'True_product', 'True_waste', 'True_soilAmendment', 'True_operation', 'True_fertiliser', 'True_material', 'True_ingredient', 'True_cropResidue']",ML model predicted No True_transport but the humans predicted True_transport.,Total number of matching positives in this prediction string 12.,6.470588235294118,50,System Boundary,original,rag,Human,1
0,,"[1, 0, 1, 1, 1, 0, 1, 1, 1, 0, 1, 1, 0, 1, 0, 1, 0, 1, 1]","[1, 0, 1, 1, 0, 0, 1, 1, 1, 0, 1, 1, 0, 1, 0, 1, 0, 1, 1]","['True_animalFeed', 'True_water', 'True_liveAnimalInput', 'True_electricityFuel', 'True_transport', 'True_pesticideVeterinaryDrug', 'True_seed', 'True_otherChemical', 'True_animalPopulation', 'True_freshForage', 'True_excreta', 'True_product', 'True_waste', 'True_soilAmendment', 'True_operation', 'True_fertiliser', 'True_material', 'True_ingredient', 'True_cropResidue']",ML model predicted No True_transport but the humans predicted True_transport.,Total number of matching positives in this prediction string 12.,6.470588235294118,50,System Boundary,original,no rag,Human,1
0,,"[1, 0, 1, 1, 1, 0, 1, 1, 1, 0, 1, 1, 0, 1, 0, 1, 0, 1, 1]","[0, 1, 1, 0, 1, 0, 1, 1, 1, 0, 0, 1, 0, 1, 0, 1, 0, 1, 1]","['True_animalFeed', 'True_water', 'True_liveAnimalInput', 'True_electricityFuel', 'True_transport', 'True_pesticideVeterinaryDrug', 'True_seed', 'True_otherChemical', 'True_animalPopulation', 'True_freshForage', 'True_excreta', 'True_product', 'True_waste', 'True_soilAmendment', 'True_operation', 'True_fertiliser', 'True_material', 'True_ingredient', 'True_cropResidue']",ML model predicted No True_excreta but the humans predicted True_excreta.,Total number of matching positives in this prediction string 10.,23.676470588235293,50,System Boundary,original,no rag,Human,1
0,,"[1, 0, 1, 1, 1, 0, 1, 1, 1, 0, 1, 1, 0, 1, 0, 1, 0, 1, 1]","[0, 1, 1, 0, 1, 0, 1, 1, 1, 0, 0, 1, 0, 1, 0, 1, 0, 1, 1]","['True_animalFeed', 'True_water', 'True_liveAnimalInput', 'True_electricityFuel', 'True_transport', 'True_pesticideVeterinaryDrug', 'True_seed', 'True_otherChemical', 'True_animalPopulation', 'True_freshForage', 'True_excreta', 'True_product', 'True_waste', 'True_soilAmendment', 'True_operation', 'True_fertiliser', 'True_material', 'True_ingredient', 'True_cropResidue']",ML model predicted No True_electricityFuel but the humans predicted True_electricityFuel.,Total number of matching positives in this prediction string 10.,64.70588235294117,50,System Boundary,original,no rag,Human,1
0,,"[1, 0, 1, 1, 1, 0, 1, 1, 1, 0, 1, 1, 0, 1, 0, 1, 0, 1, 1]","[0, 1, 1, 0, 1, 0, 1, 1, 1, 0, 0, 1, 0, 1, 0, 1, 0, 1, 1]","['True_animalFeed', 'True_water', 'True_liveAnimalInput', 'True_electricityFuel', 'True_transport', 'True_pesticideVeterinaryDrug', 'True_seed', 'True_otherChemical', 'True_animalPopulation', 'True_freshForage', 'True_excreta', 'True_product', 'True_waste', 'True_soilAmendment', 'True_operation', 'True_fertiliser', 'True_material', 'True_ingredient', 'True_cropResidue']",ML model predicted No True_animalFeed but the humans predicted True_animalFeed.,Total number of matching positives in this prediction string 10.,92.3529411764706,50,System Boundary,original,no rag,Human,1
0,,"[1, 1, 0, 1, 0, 0, 1, 1, 1, 1, 1, 1, 0, 1, 0, 1, 0, 1, 0]","[1, 0, 1, 1, 0, 0, 1, 1, 1, 0, 1, 1, 0, 1, 0, 1, 0, 1, 1]","['True_animalFeed', 'True_water', 'True_liveAnimalInput', 'True_electricityFuel', 'True_transport', 'True_pesticideVeterinaryDrug', 'True_seed', 'True_otherChemical', 'True_animalPopulation', 'True_freshForage', 'True_excreta', 'True_product', 'True_waste', 'True_soilAmendment', 'True_operation', 'True_fertiliser', 'True_material', 'True_ingredient', 'True_cropResidue']",ML model predicted True_cropResidue but the humans predicted No True_cropResidue.,Total number of matching positives in this prediction string 10.,60.97560975609756,50,System Boundary,standardized,rag,AI,2
0,,"[1, 0, 1, 1, 1, 0, 1, 1, 1, 0, 1, 1, 0, 1, 0, 1, 0, 1, 1]","[0, 1, 1, 0, 1, 0, 1, 1, 1, 0, 0, 1, 0, 1, 0, 1, 0, 1, 1]","['True_animalFeed', 'True_water', 'True_liveAnimalInput', 'True_electricityFuel', 'True_transport', 'True_pesticideVeterinaryDrug', 'True_seed', 'True_otherChemical', 'True_animalPopulation', 'True_freshForage', 'True_excreta', 'True_product', 'True_waste', 'True_soilAmendment', 'True_operation', 'True_fertiliser', 'True_material', 'True_ingredient', 'True_cropResidue']",ML model predicted True_water but the humans predicted No True_water.,Total number of matching positives in this prediction string 10.,23.08823529411765,50,System Boundary,original,no rag,AI,1
0,,"[0, 0, 1, 1, 0, 0, 0, 0, 0]","[1, 0, 0, 1, 0, 0, 0, 0, 0]","['relative', 'kg FPCM', '1 ha', 'number', 'kg liveweight', 'kg ready-to-cook weight', 'kg cold dressed carcass weight', 'kg', 'kg cold carcass weight']",ML model predicted No 1 ha but the humans predicted 1 ha.,Total number of matching positives in this prediction string 1.,7.012195121951219,50,Functional Unit,standardized,rag,Human,1
0,,"[0, 0, 1, 1, 0, 0, 0, 0, 0]","[1, 0, 0, 1, 0, 0, 0, 0, 0]","['relative', 'kg FPCM', '1 ha', 'number', 'kg liveweight', 'kg ready-to-cook weight', 'kg cold dressed carcass weight', 'kg', 'kg cold carcass weight']",ML model predicted relative but the humans predicted No relative.,Total number of matching positives in this prediction string 1.,92.98780487804878,50,Functional Unit,standardized,rag,AI,1
0,,"[0, 0, 1, 1, 0, 0, 0, 0, 0]","[1, 0, 0, 1, 0, 0, 0, 0, 0]","['relative', 'kg FPCM', '1 ha', 'number', 'kg liveweight', 'kg ready-to-cook weight', 'kg cold dressed carcass weight', 'kg', 'kg cold carcass weight']",ML model predicted No 1 ha but the humans predicted 1 ha.,Total number of matching positives in this prediction string 1.,7.012195121951219,50,Functional Unit,standardized,no rag,Human,1
0,,"[0, 0, 1, 1, 0, 0, 0, 0, 0]","[1, 0, 0, 1, 0, 0, 0, 0, 0]","['relative', 'kg FPCM', '1 ha', 'number', 'kg liveweight', 'kg ready-to-cook weight', 'kg cold dressed carcass weight', 'kg', 'kg cold carcass weight']",ML model predicted relative but the humans predicted No relative.,Total number of matching positives in this prediction string 1.,92.98780487804878,50,Functional Unit,standardized,no rag,AI,1
0,,"[1, 0, 1, 1, 1, 0, 1, 1, 1, 0, 1, 1, 0, 1, 0, 1, 0, 1, 1]","[1, 1, 1, 1, 1, 0, 1, 1, 1, 0, 1, 1, 0, 1, 0, 1, 0, 1, 1]","['True_animalFeed', 'True_water', 'True_liveAnimalInput', 'True_electricityFuel', 'True_transport', 'True_pesticideVeterinaryDrug', 'True_seed', 'True_otherChemical', 'True_animalPopulation', 'True_freshForage', 'True_excreta', 'True_product', 'True_waste', 'True_soilAmendment', 'True_operation', 'True_fertiliser', 'True_material', 'True_ingredient', 'True_cropResidue']",ML model predicted True_water but the humans predicted No True_water.,Total number of matching positives in this prediction string 13.,23.08823529411765,50,System Boundary,original,rag,AI,1
0,,"[1, 1, 0, 1, 0, 0, 1, 1, 1, 1, 1, 1, 0, 1, 0, 1, 0, 1, 0]","[1, 1, 0, 1, 0, 0, 1, 1, 1, 0, 1, 1, 0, 1, 0, 1, 0, 1, 0]","['True_animalFeed', 'True_water', 'True_liveAnimalInput', 'True_electricityFuel', 'True_transport', 'True_pesticideVeterinaryDrug', 'True_seed', 'True_otherChemical', 'True_animalPopulation', 'True_freshForage', 'True_excreta', 'True_product', 'True_waste', 'True_soilAmendment', 'True_operation', 'True_fertiliser', 'True_material', 'True_ingredient', 'True_cropResidue']",ML model predicted No True_freshForage but the humans predicted True_freshForage.,Total number of matching positives in this prediction string 11.,87.5,50,System Boundary,standardized,no rag,Human,2
0,,"[1, 1, 0, 0, 0, 1, 1, 1, 1, 0, 0, 1, 0, 0, 0, 0, 0, 1, 1]","[1, 0, 0, 1, 0, 0, 1, 1, 1, 0, 0, 1, 0, 1, 0, 0, 0, 1, 1]","['True_animalFeed', 'True_water', 'True_liveAnimalInput', 'True_electricityFuel', 'True_transport', 'True_pesticideVeterinaryDrug', 'True_seed', 'True_otherChemical', 'True_animalPopulation', 'True_freshForage', 'True_excreta', 'True_product', 'True_waste', 'True_soilAmendment', 'True_operation', 'True_fertiliser', 'True_material', 'True_ingredient', 'True_cropResidue']",ML model predicted No True_pesticideVeterinaryDrug but the humans predicted True_pesticideVeterinaryDrug.,Total number of matching positives in this prediction string 7.,48.23529411764706,51,System Boundary,original,no rag,Human,1
0,,"[1, 1, 0, 0, 0, 1, 1, 1, 1, 0, 0, 1, 0, 0, 0, 0, 0, 1, 1]","[1, 0, 0, 1, 0, 0, 0, 1, 1, 0, 0, 1, 0, 1, 0, 1, 0, 1, 1]","['True_animalFeed', 'True_water', 'True_liveAnimalInput', 'True_electricityFuel', 'True_transport', 'True_pesticideVeterinaryDrug', 'True_seed', 'True_otherChemical', 'True_animalPopulation', 'True_freshForage', 'True_excreta', 'True_product', 'True_waste', 'True_soilAmendment', 'True_operation', 'True_fertiliser', 'True_material', 'True_ingredient', 'True_cropResidue']",ML model predicted No True_seed but the humans predicted True_seed.,Total number of matching positives in this prediction string 6.,88.52941176470588,51,System Boundary,original,rag,Human,1
0,,"[1, 1, 0, 0, 0, 1, 1, 1, 1, 0, 0, 1, 0, 0, 0, 0, 0, 1, 1]","[1, 0, 0, 1, 0, 0, 0, 1, 1, 0, 0, 1, 0, 1, 0, 1, 0, 1, 1]","['True_animalFeed', 'True_water', 'True_liveAnimalInput', 'True_electricityFuel', 'True_transport', 'True_pesticideVeterinaryDrug', 'True_seed', 'True_otherChemical', 'True_animalPopulation', 'True_freshForage', 'True_excreta', 'True_product', 'True_waste', 'True_soilAmendment', 'True_operation', 'True_fertiliser', 'True_material', 'True_ingredient', 'True_cropResidue']",ML model predicted No True_pesticideVeterinaryDrug but the humans predicted True_pesticideVeterinaryDrug.,Total number of matching positives in this prediction string 6.,48.23529411764706,51,System Boundary,original,rag,Human,1
0,,"[1, 1, 0, 0, 0, 1, 1, 1, 1, 0, 0, 1, 0, 0, 0, 0, 0, 1, 1]","[1, 0, 0, 1, 0, 0, 0, 1, 1, 0, 0, 1, 0, 1, 0, 1, 0, 1, 1]","['True_animalFeed', 'True_water', 'True_liveAnimalInput', 'True_electricityFuel', 'True_transport', 'True_pesticideVeterinaryDrug', 'True_seed', 'True_otherChemical', 'True_animalPopulation', 'True_freshForage', 'True_excreta', 'True_product', 'True_waste', 'True_soilAmendment', 'True_operation', 'True_fertiliser', 'True_material', 'True_ingredient', 'True_cropResidue']",ML model predicted True_soilAmendment but the humans predicted No True_soilAmendment.,Total number of matching positives in this prediction string 6.,91.47058823529412,51,System Boundary,original,rag,AI,1
0,,"[1, 1, 0, 0, 0, 1, 1, 1, 1, 0, 0, 1, 0, 0, 0, 0, 0, 1, 1]","[1, 0, 0, 1, 0, 0, 0, 1, 1, 0, 0, 1, 0, 1, 0, 1, 0, 1, 1]","['True_animalFeed', 'True_water', 'True_liveAnimalInput', 'True_electricityFuel', 'True_transport', 'True_pesticideVeterinaryDrug', 'True_seed', 'True_otherChemical', 'True_animalPopulation', 'True_freshForage', 'True_excreta', 'True_product', 'True_waste', 'True_soilAmendment', 'True_operation', 'True_fertiliser', 'True_material', 'True_ingredient', 'True_cropResidue']",ML model predicted True_electricityFuel but the humans predicted No True_electricityFuel.,Total number of matching positives in this prediction string 6.,64.70588235294117,51,System Boundary,original,rag,AI,1
0,,"[1, 1, 0, 0, 0, 1, 1, 1, 1, 0, 0, 1, 0, 0, 0, 0, 0, 1, 1]","[1, 0, 0, 1, 0, 0, 0, 1, 1, 0, 0, 1, 0, 1, 0, 1, 0, 1, 1]","['True_animalFeed', 'True_water', 'True_liveAnimalInput', 'True_electricityFuel', 'True_transport', 'True_pesticideVeterinaryDrug', 'True_seed', 'True_otherChemical', 'True_animalPopulation', 'True_freshForage', 'True_excreta', 'True_product', 'True_waste', 'True_soilAmendment', 'True_operation', 'True_fertiliser', 'True_material', 'True_ingredient', 'True_cropResidue']",ML model predicted No True_water but the humans predicted True_water.,Total number of matching positives in this prediction string 6.,23.08823529411765,51,System Boundary,original,rag,Human,1
0,,"[1, 1, 0, 0, 0, 1, 1, 1, 1, 0, 0, 1, 0, 0, 0, 0, 0, 1, 1]","[1, 0, 0, 1, 0, 0, 0, 1, 1, 0, 0, 1, 0, 1, 0, 1, 0, 1, 1]","['True_animalFeed', 'True_water', 'True_liveAnimalInput', 'True_electricityFuel', 'True_transport', 'True_pesticideVeterinaryDrug', 'True_seed', 'True_otherChemical', 'True_animalPopulation', 'True_freshForage', 'True_excreta', 'True_product', 'True_waste', 'True_soilAmendment', 'True_operation', 'True_fertiliser', 'True_material', 'True_ingredient', 'True_cropResidue']",ML model predicted True_fertiliser but the humans predicted No True_fertiliser.,Total number of matching positives in this prediction string 6.,92.94117647058823,51,System Boundary,original,rag,AI,1
0,,"[1, 1, 0, 0, 0, 1, 1, 1, 1, 0, 0, 1, 0, 0, 0, 0, 0, 1, 1]","[1, 0, 0, 1, 0, 0, 1, 1, 1, 0, 0, 1, 0, 1, 0, 0, 0, 1, 1]","['True_animalFeed', 'True_water', 'True_liveAnimalInput', 'True_electricityFuel', 'True_transport', 'True_pesticideVeterinaryDrug', 'True_seed', 'True_otherChemical', 'True_animalPopulation', 'True_freshForage', 'True_excreta', 'True_product', 'True_waste', 'True_soilAmendment', 'True_operation', 'True_fertiliser', 'True_material', 'True_ingredient', 'True_cropResidue']",ML model predicted No True_water but the humans predicted True_water.,Total number of matching positives in this prediction string 7.,23.08823529411765,51,System Boundary,original,no rag,Human,1
0,,"[1, 1, 0, 0, 0, 1, 1, 1, 1, 0, 0, 1, 0, 0, 0, 0, 0, 1, 1]","[1, 0, 0, 1, 0, 0, 1, 1, 1, 0, 0, 1, 0, 1, 0, 0, 0, 1, 1]","['True_animalFeed', 'True_water', 'True_liveAnimalInput', 'True_electricityFuel', 'True_transport', 'True_pesticideVeterinaryDrug', 'True_seed', 'True_otherChemical', 'True_animalPopulation', 'True_freshForage', 'True_excreta', 'True_product', 'True_waste', 'True_soilAmendment', 'True_operation', 'True_fertiliser', 'True_material', 'True_ingredient', 'True_cropResidue']",ML model predicted True_electricityFuel but the humans predicted No True_electricityFuel.,Total number of matching positives in this prediction string 7.,64.70588235294117,51,System Boundary,original,no rag,AI,1
0,,"[1, 1, 0, 0, 0, 1, 1, 1, 1, 0, 0, 1, 0, 0, 0, 0, 0, 1, 1]","[1, 0, 0, 1, 0, 0, 1, 1, 1, 0, 0, 1, 0, 1, 0, 0, 0, 1, 1]","['True_animalFeed', 'True_water', 'True_liveAnimalInput', 'True_electricityFuel', 'True_transport', 'True_pesticideVeterinaryDrug', 'True_seed', 'True_otherChemical', 'True_animalPopulation', 'True_freshForage', 'True_excreta', 'True_product', 'True_waste', 'True_soilAmendment', 'True_operation', 'True_fertiliser', 'True_material', 'True_ingredient', 'True_cropResidue']",ML model predicted True_soilAmendment but the humans predicted No True_soilAmendment.,Total number of matching positives in this prediction string 7.,91.47058823529412,51,System Boundary,original,no rag,AI,1
0,,"[0, 0, 0, 0, 0, 0, 0, 1, 1, 0, 0, 1, 1, 0, 0, 1, 0, 1, 1]","[0, 0, 0, 0, 0, 0, 0, 1, 1, 0, 0, 1, 0, 0, 0, 0, 0, 1, 1]","['True_animalFeed', 'True_water', 'True_liveAnimalInput', 'True_electricityFuel', 'True_transport', 'True_pesticideVeterinaryDrug', 'True_seed', 'True_otherChemical', 'True_animalPopulation', 'True_freshForage', 'True_excreta', 'True_product', 'True_waste', 'True_soilAmendment', 'True_operation', 'True_fertiliser', 'True_material', 'True_ingredient', 'True_cropResidue']",ML model predicted No True_waste but the humans predicted True_waste.,Total number of matching positives in this prediction string 5.,10.365853658536585,51,System Boundary,standardized,rag,Human,1
0,,"[1, 1, 0, 0, 0, 1, 1, 1, 1, 0, 0, 1, 0, 0, 0, 0, 0, 1, 1]","[1, 1, 0, 0, 0, 0, 0, 1, 1, 0, 0, 1, 0, 0, 0, 0, 0, 1, 1]","['True_animalFeed', 'True_water', 'True_liveAnimalInput', 'True_electricityFuel', 'True_transport', 'True_pesticideVeterinaryDrug', 'True_seed', 'True_otherChemical', 'True_animalPopulation', 'True_freshForage', 'True_excreta', 'True_product', 'True_waste', 'True_soilAmendment', 'True_operation', 'True_fertiliser', 'True_material', 'True_ingredient', 'True_cropResidue']",ML model predicted No True_seed but the humans predicted True_seed.,Total number of matching positives in this prediction string 7.,88.52941176470588,51,System Boundary,original,no rag,Human,1
0,,"[1, 1, 0, 0, 0, 1, 1, 1, 1, 0, 0, 1, 0, 0, 0, 0, 0, 1, 1]","[1, 1, 0, 0, 0, 0, 1, 1, 1, 0, 0, 1, 0, 0, 0, 0, 0, 1, 0]","['True_animalFeed', 'True_water', 'True_liveAnimalInput', 'True_electricityFuel', 'True_transport', 'True_pesticideVeterinaryDrug', 'True_seed', 'True_otherChemical', 'True_animalPopulation', 'True_freshForage', 'True_excreta', 'True_product', 'True_waste', 'True_soilAmendment', 'True_operation', 'True_fertiliser', 'True_material', 'True_ingredient', 'True_cropResidue']",ML model predicted No True_pesticideVeterinaryDrug but the humans predicted True_pesticideVeterinaryDrug.,Total number of matching positives in this prediction string 7.,48.23529411764706,51,System Boundary,original,rag,Human,1
0,,"[1, 1, 0, 0, 0, 1, 1, 1, 1, 0, 0, 1, 0, 0, 0, 0, 0, 1, 1]","[1, 1, 0, 0, 0, 0, 1, 1, 1, 0, 0, 1, 0, 0, 0, 0, 0, 1, 0]","['True_animalFeed', 'True_water', 'True_liveAnimalInput', 'True_electricityFuel', 'True_transport', 'True_pesticideVeterinaryDrug', 'True_seed', 'True_otherChemical', 'True_animalPopulation', 'True_freshForage', 'True_excreta', 'True_product', 'True_waste', 'True_soilAmendment', 'True_operation', 'True_fertiliser', 'True_material', 'True_ingredient', 'True_cropResidue']",ML model predicted No True_cropResidue but the humans predicted True_cropResidue.,Total number of matching positives in this prediction string 7.,64.11764705882354,51,System Boundary,original,rag,Human,1
0,,"[1, 1, 0, 0, 0, 1, 1, 1, 1, 0, 0, 1, 0, 0, 0, 0, 0, 1, 1]","[1, 1, 0, 0, 0, 1, 1, 1, 1, 0, 0, 1, 0, 0, 0, 1, 0, 1, 1]","['True_animalFeed', 'True_water', 'True_liveAnimalInput', 'True_electricityFuel', 'True_transport', 'True_pesticideVeterinaryDrug', 'True_seed', 'True_otherChemical', 'True_animalPopulation', 'True_freshForage', 'True_excreta', 'True_product', 'True_waste', 'True_soilAmendment', 'True_operation', 'True_fertiliser', 'True_material', 'True_ingredient', 'True_cropResidue']",ML model predicted True_fertiliser but the humans predicted No True_fertiliser.,Total number of matching positives in this prediction string 9.,92.94117647058823,51,System Boundary,original,no rag,AI,1
0,,"[1, 1, 0, 0, 0, 1, 1, 1, 1, 0, 0, 1, 0, 0, 0, 0, 0, 1, 1]","[1, 1, 0, 1, 0, 1, 1, 1, 1, 0, 0, 1, 0, 0, 0, 0, 0, 1, 1]","['True_animalFeed', 'True_water', 'True_liveAnimalInput', 'True_electricityFuel', 'True_transport', 'True_pesticideVeterinaryDrug', 'True_seed', 'True_otherChemical', 'True_animalPopulation', 'True_freshForage', 'True_excreta', 'True_product', 'True_waste', 'True_soilAmendment', 'True_operation', 'True_fertiliser', 'True_material', 'True_ingredient', 'True_cropResidue']",ML model predicted True_electricityFuel but the humans predicted No True_electricityFuel.,Total number of matching positives in this prediction string 9.,64.70588235294117,51,System Boundary,original,no rag,AI,1
0,,"[0, 0, 0, 0, 0, 0, 0, 1, 1, 0, 0, 1, 1, 0, 0, 1, 0, 1, 1]","[0, 0, 0, 0, 0, 0, 0, 1, 0, 0, 0, 1, 0, 0, 0, 0, 0, 1, 1]","['True_animalFeed', 'True_water', 'True_liveAnimalInput', 'True_electricityFuel', 'True_transport', 'True_pesticideVeterinaryDrug', 'True_seed', 'True_otherChemical', 'True_animalPopulation', 'True_freshForage', 'True_excreta', 'True_product', 'True_waste', 'True_soilAmendment', 'True_operation', 'True_fertiliser', 'True_material', 'True_ingredient', 'True_cropResidue']",ML model predicted No True_fertiliser but the humans predicted True_fertiliser.,Total number of matching positives in this prediction string 4.,93.75,51,System Boundary,standardized,no rag,Human,1
0,,"[0, 0, 0, 0, 0, 0, 0, 1, 1, 0, 0, 1, 1, 0, 0, 1, 0, 1, 1]","[0, 0, 0, 0, 0, 0, 0, 1, 0, 0, 0, 1, 0, 0, 0, 0, 0, 1, 1]","['True_animalFeed', 'True_water', 'True_liveAnimalInput', 'True_electricityFuel', 'True_transport', 'True_pesticideVeterinaryDrug', 'True_seed', 'True_otherChemical', 'True_animalPopulation', 'True_freshForage', 'True_excreta', 'True_product', 'True_waste', 'True_soilAmendment', 'True_operation', 'True_fertiliser', 'True_material', 'True_ingredient', 'True_cropResidue']",ML model predicted No True_animalPopulation but the humans predicted True_animalPopulation.,Total number of matching positives in this prediction string 4.,94.51219512195122,51,System Boundary,standardized,no rag,Human,1
0,,"[0, 0, 0, 0, 0, 0, 0, 1, 1, 0, 0, 1, 1, 0, 0, 1, 0, 1, 1]","[0, 0, 0, 0, 0, 0, 0, 1, 0, 0, 0, 1, 0, 0, 0, 0, 0, 1, 1]","['True_animalFeed', 'True_water', 'True_liveAnimalInput', 'True_electricityFuel', 'True_transport', 'True_pesticideVeterinaryDrug', 'True_seed', 'True_otherChemical', 'True_animalPopulation', 'True_freshForage', 'True_excreta', 'True_product', 'True_waste', 'True_soilAmendment', 'True_operation', 'True_fertiliser', 'True_material', 'True_ingredient', 'True_cropResidue']",ML model predicted No True_waste but the humans predicted True_waste.,Total number of matching positives in this prediction string 4.,10.365853658536585,51,System Boundary,standardized,no rag,Human,1
0,,"[1, 1, 0, 0, 0, 1, 1, 1, 1, 0, 0, 1, 0, 0, 0, 0, 0, 1, 1]","[1, 0, 0, 1, 0, 0, 0, 1, 1, 0, 0, 1, 0, 0, 0, 0, 0, 1, 1]","['True_animalFeed', 'True_water', 'True_liveAnimalInput', 'True_electricityFuel', 'True_transport', 'True_pesticideVeterinaryDrug', 'True_seed', 'True_otherChemical', 'True_animalPopulation', 'True_freshForage', 'True_excreta', 'True_product', 'True_waste', 'True_soilAmendment', 'True_operation', 'True_fertiliser', 'True_material', 'True_ingredient', 'True_cropResidue']",ML model predicted No True_seed but the humans predicted True_seed.,Total number of matching positives in this prediction string 6.,88.52941176470588,51,System Boundary,original,rag,Human,1
0,,"[0, 0, 0, 0, 0, 0, 0, 1, 1, 0, 0, 1, 1, 0, 0, 1, 0, 1, 1]","[0, 0, 0, 0, 0, 0, 0, 1, 1, 0, 0, 1, 0, 0, 0, 1, 0, 1, 1]","['True_animalFeed', 'True_water', 'True_liveAnimalInput', 'True_electricityFuel', 'True_transport', 'True_pesticideVeterinaryDrug', 'True_seed', 'True_otherChemical', 'True_animalPopulation', 'True_freshForage', 'True_excreta', 'True_product', 'True_waste', 'True_soilAmendment', 'True_operation', 'True_fertiliser', 'True_material', 'True_ingredient', 'True_cropResidue']",ML model predicted No True_waste but the humans predicted True_waste.,Total number of matching positives in this prediction string 6.,10.365853658536585,51,System Boundary,standardized,rag,Human,1
0,,"[0, 0, 0, 0, 0, 0, 0, 1, 1, 0, 0, 1, 1, 0, 0, 1, 0, 1, 1]","[0, 0, 0, 0, 0, 0, 0, 1, 1, 0, 0, 1, 0, 0, 0, 0, 0, 1, 1]","['True_animalFeed', 'True_water', 'True_liveAnimalInput', 'True_electricityFuel', 'True_transport', 'True_pesticideVeterinaryDrug', 'True_seed', 'True_otherChemical', 'True_animalPopulation', 'True_freshForage', 'True_excreta', 'True_product', 'True_waste', 'True_soilAmendment', 'True_operation', 'True_fertiliser', 'True_material', 'True_ingredient', 'True_cropResidue']",ML model predicted No True_fertiliser but the humans predicted True_fertiliser.,Total number of matching positives in this prediction string 5.,93.75,51,System Boundary,standardized,rag,Human,1
0,,"[1, 1, 0, 0, 0, 1, 1, 1, 1, 0, 0, 1, 0, 0, 0, 0, 0, 1, 1]","[1, 1, 0, 0, 0, 0, 0, 1, 1, 0, 0, 1, 0, 0, 0, 0, 0, 1, 1]","['True_animalFeed', 'True_water', 'True_liveAnimalInput', 'True_electricityFuel', 'True_transport', 'True_pesticideVeterinaryDrug', 'True_seed', 'True_otherChemical', 'True_animalPopulation', 'True_freshForage', 'True_excreta', 'True_product', 'True_waste', 'True_soilAmendment', 'True_operation', 'True_fertiliser', 'True_material', 'True_ingredient', 'True_cropResidue']",ML model predicted No True_pesticideVeterinaryDrug but the humans predicted True_pesticideVeterinaryDrug.,Total number of matching positives in this prediction string 7.,48.23529411764706,51,System Boundary,original,no rag,Human,1
0,,"[1, 1, 0, 0, 0, 1, 1, 1, 1, 0, 0, 1, 0, 0, 0, 0, 0, 1, 1]","[1, 0, 0, 1, 0, 0, 0, 1, 1, 0, 0, 1, 0, 0, 0, 0, 0, 1, 1]","['True_animalFeed', 'True_water', 'True_liveAnimalInput', 'True_electricityFuel', 'True_transport', 'True_pesticideVeterinaryDrug', 'True_seed', 'True_otherChemical', 'True_animalPopulation', 'True_freshForage', 'True_excreta', 'True_product', 'True_waste', 'True_soilAmendment', 'True_operation', 'True_fertiliser', 'True_material', 'True_ingredient', 'True_cropResidue']",ML model predicted No True_pesticideVeterinaryDrug but the humans predicted True_pesticideVeterinaryDrug.,Total number of matching positives in this prediction string 6.,48.23529411764706,51,System Boundary,original,rag,Human,1
0,,"[1, 1, 0, 0, 0, 1, 1, 1, 1, 0, 0, 1, 0, 0, 0, 0, 0, 1, 1]","[1, 0, 0, 0, 0, 0, 0, 1, 0, 0, 0, 1, 0, 0, 0, 1, 0, 1, 1]","['True_animalFeed', 'True_water', 'True_liveAnimalInput', 'True_electricityFuel', 'True_transport', 'True_pesticideVeterinaryDrug', 'True_seed', 'True_otherChemical', 'True_animalPopulation', 'True_freshForage', 'True_excreta', 'True_product', 'True_waste', 'True_soilAmendment', 'True_operation', 'True_fertiliser', 'True_material', 'True_ingredient', 'True_cropResidue']",ML model predicted True_fertiliser but the humans predicted No True_fertiliser.,Total number of matching positives in this prediction string 5.,92.94117647058823,51,System Boundary,original,rag,AI,1
0,,"[1, 1, 0, 0, 0, 1, 1, 1, 1, 0, 0, 1, 0, 0, 0, 0, 0, 1, 1]","[1, 0, 0, 1, 0, 0, 0, 1, 1, 0, 0, 1, 0, 0, 0, 0, 0, 1, 1]","['True_animalFeed', 'True_water', 'True_liveAnimalInput', 'True_electricityFuel', 'True_transport', 'True_pesticideVeterinaryDrug', 'True_seed', 'True_otherChemical', 'True_animalPopulation', 'True_freshForage', 'True_excreta', 'True_product', 'True_waste', 'True_soilAmendment', 'True_operation', 'True_fertiliser', 'True_material', 'True_ingredient', 'True_cropResidue']",ML model predicted No True_water but the humans predicted True_water.,Total number of matching positives in this prediction string 6.,23.08823529411765,51,System Boundary,original,rag,Human,1
0,,"[1, 1, 0, 0, 0, 1, 1, 1, 1, 0, 0, 1, 0, 0, 0, 0, 0, 1, 1]","[1, 0, 0, 1, 0, 0, 0, 1, 1, 0, 0, 1, 0, 0, 0, 0, 0, 1, 1]","['True_animalFeed', 'True_water', 'True_liveAnimalInput', 'True_electricityFuel', 'True_transport', 'True_pesticideVeterinaryDrug', 'True_seed', 'True_otherChemical', 'True_animalPopulation', 'True_freshForage', 'True_excreta', 'True_product', 'True_waste', 'True_soilAmendment', 'True_operation', 'True_fertiliser', 'True_material', 'True_ingredient', 'True_cropResidue']",ML model predicted True_electricityFuel but the humans predicted No True_electricityFuel.,Total number of matching positives in this prediction string 6.,64.70588235294117,51,System Boundary,original,rag,AI,1
0,,"[1, 1, 0, 0, 0, 1, 1, 1, 1, 0, 0, 1, 0, 0, 0, 0, 0, 1, 1]","[0, 0, 0, 0, 0, 1, 0, 1, 1, 0, 0, 1, 0, 0, 0, 0, 0, 1, 1]","['True_animalFeed', 'True_water', 'True_liveAnimalInput', 'True_electricityFuel', 'True_transport', 'True_pesticideVeterinaryDrug', 'True_seed', 'True_otherChemical', 'True_animalPopulation', 'True_freshForage', 'True_excreta', 'True_product', 'True_waste', 'True_soilAmendment', 'True_operation', 'True_fertiliser', 'True_material', 'True_ingredient', 'True_cropResidue']",ML model predicted No True_water but the humans predicted True_water.,Total number of matching positives in this prediction string 6.,23.08823529411765,51,System Boundary,original,no rag,Human,1
0,,"[1, 1, 0, 0, 0, 1, 1, 1, 1, 0, 0, 1, 0, 0, 0, 0, 0, 1, 1]","[0, 0, 0, 0, 0, 1, 0, 1, 1, 0, 0, 1, 0, 0, 0, 0, 0, 1, 1]","['True_animalFeed', 'True_water', 'True_liveAnimalInput', 'True_electricityFuel', 'True_transport', 'True_pesticideVeterinaryDrug', 'True_seed', 'True_otherChemical', 'True_animalPopulation', 'True_freshForage', 'True_excreta', 'True_product', 'True_waste', 'True_soilAmendment', 'True_operation', 'True_fertiliser', 'True_material', 'True_ingredient', 'True_cropResidue']",ML model predicted No True_seed but the humans predicted True_seed.,Total number of matching positives in this prediction string 6.,88.52941176470588,51,System Boundary,original,no rag,Human,1
0,,"[1, 1, 0, 0, 0, 1, 1, 1, 1, 0, 0, 1, 0, 0, 0, 0, 0, 1, 1]","[0, 0, 0, 0, 0, 1, 0, 1, 1, 0, 0, 1, 0, 0, 0, 0, 0, 1, 1]","['True_animalFeed', 'True_water', 'True_liveAnimalInput', 'True_electricityFuel', 'True_transport', 'True_pesticideVeterinaryDrug', 'True_seed', 'True_otherChemical', 'True_animalPopulation', 'True_freshForage', 'True_excreta', 'True_product', 'True_waste', 'True_soilAmendment', 'True_operation', 'True_fertiliser', 'True_material', 'True_ingredient', 'True_cropResidue']",ML model predicted No True_animalFeed but the humans predicted True_animalFeed.,Total number of matching positives in this prediction string 6.,92.3529411764706,51,System Boundary,original,rag,Human,1
0,,"[1, 1, 0, 0, 0, 1, 1, 1, 1, 0, 0, 1, 0, 0, 0, 0, 0, 1, 1]","[0, 0, 0, 0, 0, 1, 0, 1, 1, 0, 0, 1, 0, 0, 0, 0, 0, 1, 1]","['True_animalFeed', 'True_water', 'True_liveAnimalInput', 'True_electricityFuel', 'True_transport', 'True_pesticideVeterinaryDrug', 'True_seed', 'True_otherChemical', 'True_animalPopulation', 'True_freshForage', 'True_excreta', 'True_product', 'True_waste', 'True_soilAmendment', 'True_operation', 'True_fertiliser', 'True_material', 'True_ingredient', 'True_cropResidue']",ML model predicted No True_water but the humans predicted True_water.,Total number of matching positives in this prediction string 6.,23.08823529411765,51,System Boundary,original,rag,Human,1
0,,"[1, 1, 0, 0, 0, 1, 1, 1, 1, 0, 0, 1, 0, 0, 0, 0, 0, 1, 1]","[0, 0, 0, 0, 0, 1, 0, 1, 1, 0, 0, 1, 0, 0, 0, 0, 0, 1, 1]","['True_animalFeed', 'True_water', 'True_liveAnimalInput', 'True_electricityFuel', 'True_transport', 'True_pesticideVeterinaryDrug', 'True_seed', 'True_otherChemical', 'True_animalPopulation', 'True_freshForage', 'True_excreta', 'True_product', 'True_waste', 'True_soilAmendment', 'True_operation', 'True_fertiliser', 'True_material', 'True_ingredient', 'True_cropResidue']",ML model predicted No True_seed but the humans predicted True_seed.,Total number of matching positives in this prediction string 6.,88.52941176470588,51,System Boundary,original,rag,Human,1
0,,"[1, 1, 0, 0, 0, 1, 1, 1, 1, 0, 0, 1, 0, 0, 0, 0, 0, 1, 1]","[1, 0, 0, 0, 0, 0, 0, 1, 0, 0, 0, 1, 0, 0, 0, 1, 0, 1, 1]","['True_animalFeed', 'True_water', 'True_liveAnimalInput', 'True_electricityFuel', 'True_transport', 'True_pesticideVeterinaryDrug', 'True_seed', 'True_otherChemical', 'True_animalPopulation', 'True_freshForage', 'True_excreta', 'True_product', 'True_waste', 'True_soilAmendment', 'True_operation', 'True_fertiliser', 'True_material', 'True_ingredient', 'True_cropResidue']",ML model predicted No True_water but the humans predicted True_water.,Total number of matching positives in this prediction string 5.,23.08823529411765,51,System Boundary,original,rag,Human,1
0,,"[1, 1, 0, 0, 0, 1, 1, 1, 1, 0, 0, 1, 0, 0, 0, 0, 0, 1, 1]","[0, 0, 0, 0, 0, 1, 0, 1, 1, 0, 0, 1, 0, 0, 0, 0, 0, 1, 1]","['True_animalFeed', 'True_water', 'True_liveAnimalInput', 'True_electricityFuel', 'True_transport', 'True_pesticideVeterinaryDrug', 'True_seed', 'True_otherChemical', 'True_animalPopulation', 'True_freshForage', 'True_excreta', 'True_product', 'True_waste', 'True_soilAmendment', 'True_operation', 'True_fertiliser', 'True_material', 'True_ingredient', 'True_cropResidue']",ML model predicted No True_animalFeed but the humans predicted True_animalFeed.,Total number of matching positives in this prediction string 6.,92.3529411764706,51,System Boundary,original,no rag,Human,1
0,,"[1, 1, 0, 0, 0, 1, 1, 1, 1, 0, 0, 1, 0, 0, 0, 0, 0, 1, 1]","[1, 0, 0, 0, 0, 0, 0, 1, 0, 0, 0, 1, 0, 0, 0, 1, 0, 1, 1]","['True_animalFeed', 'True_water', 'True_liveAnimalInput', 'True_electricityFuel', 'True_transport', 'True_pesticideVeterinaryDrug', 'True_seed', 'True_otherChemical', 'True_animalPopulation', 'True_freshForage', 'True_excreta', 'True_product', 'True_waste', 'True_soilAmendment', 'True_operation', 'True_fertiliser', 'True_material', 'True_ingredient', 'True_cropResidue']",ML model predicted No True_seed but the humans predicted True_seed.,Total number of matching positives in this prediction string 5.,88.52941176470588,51,System Boundary,original,rag,Human,1
0,,"[1, 1, 0, 0, 0, 1, 1, 1, 1, 0, 0, 1, 0, 0, 0, 0, 0, 1, 1]","[1, 0, 0, 0, 0, 0, 0, 1, 0, 0, 0, 1, 0, 0, 0, 1, 0, 1, 1]","['True_animalFeed', 'True_water', 'True_liveAnimalInput', 'True_electricityFuel', 'True_transport', 'True_pesticideVeterinaryDrug', 'True_seed', 'True_otherChemical', 'True_animalPopulation', 'True_freshForage', 'True_excreta', 'True_product', 'True_waste', 'True_soilAmendment', 'True_operation', 'True_fertiliser', 'True_material', 'True_ingredient', 'True_cropResidue']",ML model predicted No True_animalPopulation but the humans predicted True_animalPopulation.,Total number of matching positives in this prediction string 5.,93.67647058823529,51,System Boundary,original,rag,Human,1
0,,"[1, 1, 0, 0, 0, 1, 1, 1, 1, 0, 0, 1, 0, 0, 0, 0, 0, 1, 1]","[1, 0, 0, 0, 0, 0, 0, 1, 1, 0, 0, 1, 0, 0, 0, 0, 0, 1, 1]","['True_animalFeed', 'True_water', 'True_liveAnimalInput', 'True_electricityFuel', 'True_transport', 'True_pesticideVeterinaryDrug', 'True_seed', 'True_otherChemical', 'True_animalPopulation', 'True_freshForage', 'True_excreta', 'True_product', 'True_waste', 'True_soilAmendment', 'True_operation', 'True_fertiliser', 'True_material', 'True_ingredient', 'True_cropResidue']",ML model predicted No True_water but the humans predicted True_water.,Total number of matching positives in this prediction string 6.,23.08823529411765,51,System Boundary,original,rag,Human,1
0,,"[1, 1, 0, 0, 0, 1, 1, 1, 1, 0, 0, 1, 0, 0, 0, 0, 0, 1, 1]","[1, 0, 0, 0, 0, 0, 0, 1, 1, 0, 0, 1, 0, 0, 0, 0, 0, 1, 1]","['True_animalFeed', 'True_water', 'True_liveAnimalInput', 'True_electricityFuel', 'True_transport', 'True_pesticideVeterinaryDrug', 'True_seed', 'True_otherChemical', 'True_animalPopulation', 'True_freshForage', 'True_excreta', 'True_product', 'True_waste', 'True_soilAmendment', 'True_operation', 'True_fertiliser', 'True_material', 'True_ingredient', 'True_cropResidue']",ML model predicted No True_pesticideVeterinaryDrug but the humans predicted True_pesticideVeterinaryDrug.,Total number of matching positives in this prediction string 6.,48.23529411764706,51,System Boundary,original,rag,Human,1
0,,"[1, 1, 0, 0, 0, 1, 1, 1, 1, 0, 0, 1, 0, 0, 0, 0, 0, 1, 1]","[1, 0, 0, 0, 0, 0, 0, 1, 1, 0, 0, 1, 0, 0, 0, 0, 0, 1, 1]","['True_animalFeed', 'True_water', 'True_liveAnimalInput', 'True_electricityFuel', 'True_transport', 'True_pesticideVeterinaryDrug', 'True_seed', 'True_otherChemical', 'True_animalPopulation', 'True_freshForage', 'True_excreta', 'True_product', 'True_waste', 'True_soilAmendment', 'True_operation', 'True_fertiliser', 'True_material', 'True_ingredient', 'True_cropResidue']",ML model predicted No True_seed but the humans predicted True_seed.,Total number of matching positives in this prediction string 6.,88.52941176470588,51,System Boundary,original,rag,Human,1
0,,"[1, 1, 0, 0, 0, 1, 1, 1, 1, 0, 0, 1, 0, 0, 0, 0, 0, 1, 1]","[1, 0, 0, 0, 0, 1, 1, 1, 1, 0, 0, 1, 0, 0, 0, 0, 0, 1, 1]","['True_animalFeed', 'True_water', 'True_liveAnimalInput', 'True_electricityFuel', 'True_transport', 'True_pesticideVeterinaryDrug', 'True_seed', 'True_otherChemical', 'True_animalPopulation', 'True_freshForage', 'True_excreta', 'True_product', 'True_waste', 'True_soilAmendment', 'True_operation', 'True_fertiliser', 'True_material', 'True_ingredient', 'True_cropResidue']",ML model predicted No True_water but the humans predicted True_water.,Total number of matching positives in this prediction string 8.,23.08823529411765,51,System Boundary,original,no rag,Human,1
0,,"[1, 1, 0, 0, 0, 1, 1, 1, 1, 0, 0, 1, 0, 0, 0, 0, 0, 1, 1]","[1, 0, 0, 0, 0, 1, 1, 1, 1, 0, 0, 1, 0, 0, 0, 0, 0, 1, 1]","['True_animalFeed', 'True_water', 'True_liveAnimalInput', 'True_electricityFuel', 'True_transport', 'True_pesticideVeterinaryDrug', 'True_seed', 'True_otherChemical', 'True_animalPopulation', 'True_freshForage', 'True_excreta', 'True_product', 'True_waste', 'True_soilAmendment', 'True_operation', 'True_fertiliser', 'True_material', 'True_ingredient', 'True_cropResidue']",ML model predicted No True_water but the humans predicted True_water.,Total number of matching positives in this prediction string 8.,23.08823529411765,51,System Boundary,original,rag,Human,1
0,,"[1, 1, 0, 0, 0, 1, 1, 1, 1, 0, 0, 1, 0, 0, 0, 0, 0, 1, 1]","[1, 0, 0, 0, 0, 0, 0, 1, 0, 0, 0, 1, 0, 0, 0, 1, 0, 1, 1]","['True_animalFeed', 'True_water', 'True_liveAnimalInput', 'True_electricityFuel', 'True_transport', 'True_pesticideVeterinaryDrug', 'True_seed', 'True_otherChemical', 'True_animalPopulation', 'True_freshForage', 'True_excreta', 'True_product', 'True_waste', 'True_soilAmendment', 'True_operation', 'True_fertiliser', 'True_material', 'True_ingredient', 'True_cropResidue']",ML model predicted No True_pesticideVeterinaryDrug but the humans predicted True_pesticideVeterinaryDrug.,Total number of matching positives in this prediction string 5.,48.23529411764706,51,System Boundary,original,rag,Human,1
0,,"[0, 0, 0, 1, 0, 0]","[0, 0, 0, 0, 0, 0]","['economic', 'energy', 'none required', 'none', 'mass', 'biophysical']",ML model predicted No none but the humans predicted none.,Total number of matching positives in this prediction string 0.,9.852941176470589,52,Allocation,original,no rag,Human,2
0,,"[1, 0, 1, 0, 0, 0, 0, 1, 1, 1, 0, 0, 0, 0, 0, 0, 0, 1, 0]","[0, 1, 1, 1, 0, 0, 1, 1, 1, 0, 0, 1, 0, 1, 0, 1, 0, 1, 1]","['True_animalFeed', 'True_water', 'True_liveAnimalInput', 'True_electricityFuel', 'True_transport', 'True_pesticideVeterinaryDrug', 'True_seed', 'True_otherChemical', 'True_animalPopulation', 'True_freshForage', 'True_excreta', 'True_product', 'True_waste', 'True_soilAmendment', 'True_operation', 'True_fertiliser', 'True_material', 'True_ingredient', 'True_cropResidue']",ML model predicted True_fertiliser but the humans predicted No True_fertiliser.,Total number of matching positives in this prediction string 4.,93.75,53,System Boundary,standardized,no rag,AI,1
0,,"[1, 0, 1, 0, 0, 0, 0, 1, 1, 1, 0, 0, 0, 0, 0, 0, 0, 1, 0]","[0, 1, 1, 1, 0, 0, 1, 1, 1, 0, 0, 1, 0, 1, 0, 1, 0, 1, 1]","['True_animalFeed', 'True_water', 'True_liveAnimalInput', 'True_electricityFuel', 'True_transport', 'True_pesticideVeterinaryDrug', 'True_seed', 'True_otherChemical', 'True_animalPopulation', 'True_freshForage', 'True_excreta', 'True_product', 'True_waste', 'True_soilAmendment', 'True_operation', 'True_fertiliser', 'True_material', 'True_ingredient', 'True_cropResidue']",ML model predicted True_soilAmendment but the humans predicted No True_soilAmendment.,Total number of matching positives in this prediction string 4.,92.3780487804878,53,System Boundary,standardized,no rag,AI,1
0,,"[1, 0, 1, 0, 0, 0, 0, 1, 1, 1, 0, 0, 0, 0, 0, 0, 0, 1, 0]","[0, 1, 1, 1, 0, 0, 1, 1, 1, 0, 0, 1, 0, 1, 0, 1, 0, 1, 1]","['True_animalFeed', 'True_water', 'True_liveAnimalInput', 'True_electricityFuel', 'True_transport', 'True_pesticideVeterinaryDrug', 'True_seed', 'True_otherChemical', 'True_animalPopulation', 'True_freshForage', 'True_excreta', 'True_product', 'True_waste', 'True_soilAmendment', 'True_operation', 'True_fertiliser', 'True_material', 'True_ingredient', 'True_cropResidue']",ML model predicted True_product but the humans predicted No True_product.,Total number of matching positives in this prediction string 4.,93.14024390243902,53,System Boundary,standardized,no rag,AI,1
0,,"[1, 0, 1, 0, 0, 0, 0, 1, 1, 1, 0, 0, 0, 0, 0, 0, 0, 1, 0]","[0, 1, 1, 1, 0, 0, 1, 1, 1, 0, 0, 1, 0, 1, 0, 1, 0, 1, 1]","['True_animalFeed', 'True_water', 'True_liveAnimalInput', 'True_electricityFuel', 'True_transport', 'True_pesticideVeterinaryDrug', 'True_seed', 'True_otherChemical', 'True_animalPopulation', 'True_freshForage', 'True_excreta', 'True_product', 'True_waste', 'True_soilAmendment', 'True_operation', 'True_fertiliser', 'True_material', 'True_ingredient', 'True_cropResidue']",ML model predicted No True_freshForage but the humans predicted True_freshForage.,Total number of matching positives in this prediction string 4.,87.5,53,System Boundary,standardized,no rag,Human,1
0,,"[1, 0, 1, 0, 0, 0, 0, 1, 1, 1, 0, 0, 0, 0, 0, 0, 0, 1, 0]","[0, 1, 1, 1, 0, 0, 1, 1, 1, 0, 0, 1, 0, 1, 0, 1, 0, 1, 1]","['True_animalFeed', 'True_water', 'True_liveAnimalInput', 'True_electricityFuel', 'True_transport', 'True_pesticideVeterinaryDrug', 'True_seed', 'True_otherChemical', 'True_animalPopulation', 'True_freshForage', 'True_excreta', 'True_product', 'True_waste', 'True_soilAmendment', 'True_operation', 'True_fertiliser', 'True_material', 'True_ingredient', 'True_cropResidue']",ML model predicted True_seed but the humans predicted No True_seed.,Total number of matching positives in this prediction string 4.,89.48170731707317,53,System Boundary,standardized,no rag,AI,1
0,,"[1, 0, 1, 0, 0, 0, 0, 1, 1, 1, 0, 0, 0, 0, 0, 0, 0, 1, 0]","[0, 1, 1, 1, 0, 0, 1, 1, 1, 0, 0, 1, 0, 1, 0, 1, 0, 1, 1]","['True_animalFeed', 'True_water', 'True_liveAnimalInput', 'True_electricityFuel', 'True_transport', 'True_pesticideVeterinaryDrug', 'True_seed', 'True_otherChemical', 'True_animalPopulation', 'True_freshForage', 'True_excreta', 'True_product', 'True_waste', 'True_soilAmendment', 'True_operation', 'True_fertiliser', 'True_material', 'True_ingredient', 'True_cropResidue']",ML model predicted True_electricityFuel but the humans predicted No True_electricityFuel.,Total number of matching positives in this prediction string 4.,68.90243902439025,53,System Boundary,standardized,no rag,AI,1
0,,"[1, 0, 1, 0, 0, 0, 0, 1, 1, 1, 0, 0, 0, 0, 0, 0, 0, 1, 0]","[0, 0, 1, 0, 0, 0, 1, 1, 1, 0, 0, 1, 0, 1, 0, 1, 0, 1, 1]","['True_animalFeed', 'True_water', 'True_liveAnimalInput', 'True_electricityFuel', 'True_transport', 'True_pesticideVeterinaryDrug', 'True_seed', 'True_otherChemical', 'True_animalPopulation', 'True_freshForage', 'True_excreta', 'True_product', 'True_waste', 'True_soilAmendment', 'True_operation', 'True_fertiliser', 'True_material', 'True_ingredient', 'True_cropResidue']",ML model predicted True_fertiliser but the humans predicted No True_fertiliser.,Total number of matching positives in this prediction string 4.,93.75,53,System Boundary,standardized,rag,AI,1
0,,"[1, 0, 1, 0, 0, 0, 0, 1, 1, 1, 0, 0, 0, 0, 0, 0, 0, 1, 0]","[0, 1, 1, 1, 0, 0, 1, 1, 1, 0, 0, 1, 0, 1, 0, 1, 0, 1, 1]","['True_animalFeed', 'True_water', 'True_liveAnimalInput', 'True_electricityFuel', 'True_transport', 'True_pesticideVeterinaryDrug', 'True_seed', 'True_otherChemical', 'True_animalPopulation', 'True_freshForage', 'True_excreta', 'True_product', 'True_waste', 'True_soilAmendment', 'True_operation', 'True_fertiliser', 'True_material', 'True_ingredient', 'True_cropResidue']",ML model predicted No True_animalFeed but the humans predicted True_animalFeed.,Total number of matching positives in this prediction string 4.,93.14024390243902,53,System Boundary,standardized,no rag,Human,1
0,,"[1, 0, 1, 0, 0, 0, 0, 1, 1, 1, 0, 0, 0, 0, 0, 0, 0, 1, 0]","[0, 0, 1, 0, 0, 0, 1, 1, 1, 0, 0, 1, 0, 1, 0, 1, 0, 1, 1]","['True_animalFeed', 'True_water', 'True_liveAnimalInput', 'True_electricityFuel', 'True_transport', 'True_pesticideVeterinaryDrug', 'True_seed', 'True_otherChemical', 'True_animalPopulation', 'True_freshForage', 'True_excreta', 'True_product', 'True_waste', 'True_soilAmendment', 'True_operation', 'True_fertiliser', 'True_material', 'True_ingredient', 'True_cropResidue']",ML model predicted True_cropResidue but the humans predicted No True_cropResidue.,Total number of matching positives in this prediction string 4.,60.97560975609756,53,System Boundary,standardized,rag,AI,1
0,,"[1, 0, 1, 0, 0, 0, 0, 1, 1, 1, 0, 0, 0, 0, 0, 0, 0, 1, 0]","[0, 0, 1, 0, 0, 0, 1, 1, 1, 0, 0, 1, 0, 1, 0, 1, 0, 1, 1]","['True_animalFeed', 'True_water', 'True_liveAnimalInput', 'True_electricityFuel', 'True_transport', 'True_pesticideVeterinaryDrug', 'True_seed', 'True_otherChemical', 'True_animalPopulation', 'True_freshForage', 'True_excreta', 'True_product', 'True_waste', 'True_soilAmendment', 'True_operation', 'True_fertiliser', 'True_material', 'True_ingredient', 'True_cropResidue']",ML model predicted True_soilAmendment but the humans predicted No True_soilAmendment.,Total number of matching positives in this prediction string 4.,92.3780487804878,53,System Boundary,standardized,rag,AI,1
0,,"[1, 0, 1, 0, 0, 0, 0, 1, 1, 1, 0, 0, 0, 0, 0, 0, 0, 1, 0]","[0, 0, 1, 0, 0, 0, 1, 1, 1, 0, 0, 1, 0, 1, 0, 1, 0, 1, 1]","['True_animalFeed', 'True_water', 'True_liveAnimalInput', 'True_electricityFuel', 'True_transport', 'True_pesticideVeterinaryDrug', 'True_seed', 'True_otherChemical', 'True_animalPopulation', 'True_freshForage', 'True_excreta', 'True_product', 'True_waste', 'True_soilAmendment', 'True_operation', 'True_fertiliser', 'True_material', 'True_ingredient', 'True_cropResidue']",ML model predicted True_product but the humans predicted No True_product.,Total number of matching positives in this prediction string 4.,93.14024390243902,53,System Boundary,standardized,rag,AI,1
0,,"[1, 0, 1, 0, 0, 0, 0, 1, 1, 1, 0, 0, 0, 0, 0, 0, 0, 1, 0]","[0, 0, 1, 0, 0, 0, 1, 1, 1, 0, 0, 1, 0, 1, 0, 1, 0, 1, 1]","['True_animalFeed', 'True_water', 'True_liveAnimalInput', 'True_electricityFuel', 'True_transport', 'True_pesticideVeterinaryDrug', 'True_seed', 'True_otherChemical', 'True_animalPopulation', 'True_freshForage', 'True_excreta', 'True_product', 'True_waste', 'True_soilAmendment', 'True_operation', 'True_fertiliser', 'True_material', 'True_ingredient', 'True_cropResidue']",ML model predicted No True_freshForage but the humans predicted True_freshForage.,Total number of matching positives in this prediction string 4.,87.5,53,System Boundary,standardized,rag,Human,1
0,,"[1, 0, 1, 0, 0, 0, 0, 1, 1, 1, 0, 0, 0, 0, 0, 0, 0, 1, 0]","[0, 1, 1, 1, 0, 0, 1, 1, 1, 0, 0, 1, 0, 1, 0, 1, 0, 1, 1]","['True_animalFeed', 'True_water', 'True_liveAnimalInput', 'True_electricityFuel', 'True_transport', 'True_pesticideVeterinaryDrug', 'True_seed', 'True_otherChemical', 'True_animalPopulation', 'True_freshForage', 'True_excreta', 'True_product', 'True_waste', 'True_soilAmendment', 'True_operation', 'True_fertiliser', 'True_material', 'True_ingredient', 'True_cropResidue']",ML model predicted True_water but the humans predicted No True_water.,Total number of matching positives in this prediction string 4.,21.49390243902439,53,System Boundary,standardized,no rag,AI,1
0,,"[1, 0, 1, 0, 0, 0, 0, 1, 1, 1, 0, 0, 0, 0, 0, 0, 0, 1, 0]","[1, 0, 1, 0, 0, 0, 0, 1, 1, 1, 0, 0, 0, 0, 0, 0, 0, 1, 1]","['True_animalFeed', 'True_water', 'True_liveAnimalInput', 'True_electricityFuel', 'True_transport', 'True_pesticideVeterinaryDrug', 'True_seed', 'True_otherChemical', 'True_animalPopulation', 'True_freshForage', 'True_excreta', 'True_product', 'True_waste', 'True_soilAmendment', 'True_operation', 'True_fertiliser', 'True_material', 'True_ingredient', 'True_cropResidue']",ML model predicted True_cropResidue but the humans predicted No True_cropResidue.,Total number of matching positives in this prediction string 6.,60.97560975609756,53,System Boundary,standardized,no rag,AI,2
0,,"[1, 0, 1, 0, 0, 0, 0, 1, 1, 1, 0, 0, 0, 0, 0, 0, 0, 1, 0]","[1, 0, 1, 0, 0, 0, 1, 1, 1, 1, 0, 0, 0, 0, 0, 1, 0, 1, 1]","['True_animalFeed', 'True_water', 'True_liveAnimalInput', 'True_electricityFuel', 'True_transport', 'True_pesticideVeterinaryDrug', 'True_seed', 'True_otherChemical', 'True_animalPopulation', 'True_freshForage', 'True_excreta', 'True_product', 'True_waste', 'True_soilAmendment', 'True_operation', 'True_fertiliser', 'True_material', 'True_ingredient', 'True_cropResidue']",ML model predicted True_fertiliser but the humans predicted No True_fertiliser.,Total number of matching positives in this prediction string 6.,93.75,53,System Boundary,standardized,no rag,AI,1
0,,"[1, 0, 1, 0, 0, 0, 0, 1, 1, 1, 0, 0, 0, 0, 0, 0, 0, 1, 0]","[1, 0, 1, 0, 0, 0, 0, 1, 1, 1, 0, 0, 0, 0, 0, 1, 0, 1, 1]","['True_animalFeed', 'True_water', 'True_liveAnimalInput', 'True_electricityFuel', 'True_transport', 'True_pesticideVeterinaryDrug', 'True_seed', 'True_otherChemical', 'True_animalPopulation', 'True_freshForage', 'True_excreta', 'True_product', 'True_waste', 'True_soilAmendment', 'True_operation', 'True_fertiliser', 'True_material', 'True_ingredient', 'True_cropResidue']",ML model predicted True_fertiliser but the humans predicted No True_fertiliser.,Total number of matching positives in this prediction string 6.,93.75,53,System Boundary,standardized,no rag,AI,1
0,,"[1, 0, 1, 0, 0, 0, 0, 1, 1, 1, 0, 0, 0, 0, 0, 0, 0, 1, 0]","[1, 0, 1, 1, 0, 0, 0, 1, 1, 1, 0, 1, 0, 0, 0, 1, 0, 1, 1]","['True_animalFeed', 'True_water', 'True_liveAnimalInput', 'True_electricityFuel', 'True_transport', 'True_pesticideVeterinaryDrug', 'True_seed', 'True_otherChemical', 'True_animalPopulation', 'True_freshForage', 'True_excreta', 'True_product', 'True_waste', 'True_soilAmendment', 'True_operation', 'True_fertiliser', 'True_material', 'True_ingredient', 'True_cropResidue']",ML model predicted True_cropResidue but the humans predicted No True_cropResidue.,Total number of matching positives in this prediction string 6.,60.97560975609756,53,System Boundary,standardized,rag,AI,1
0,,"[1, 0, 1, 0, 0, 0, 0, 1, 1, 1, 0, 0, 0, 0, 0, 0, 0, 1, 0]","[1, 0, 1, 1, 0, 0, 0, 1, 1, 1, 0, 1, 0, 0, 0, 1, 0, 1, 1]","['True_animalFeed', 'True_water', 'True_liveAnimalInput', 'True_electricityFuel', 'True_transport', 'True_pesticideVeterinaryDrug', 'True_seed', 'True_otherChemical', 'True_animalPopulation', 'True_freshForage', 'True_excreta', 'True_product', 'True_waste', 'True_soilAmendment', 'True_operation', 'True_fertiliser', 'True_material', 'True_ingredient', 'True_cropResidue']",ML model predicted True_fertiliser but the humans predicted No True_fertiliser.,Total number of matching positives in this prediction string 6.,93.75,53,System Boundary,standardized,rag,AI,1
0,,"[1, 0, 1, 0, 0, 0, 0, 1, 1, 1, 0, 0, 0, 0, 0, 0, 0, 1, 0]","[1, 0, 1, 1, 0, 0, 0, 1, 1, 1, 0, 1, 0, 0, 0, 1, 0, 1, 1]","['True_animalFeed', 'True_water', 'True_liveAnimalInput', 'True_electricityFuel', 'True_transport', 'True_pesticideVeterinaryDrug', 'True_seed', 'True_otherChemical', 'True_animalPopulation', 'True_freshForage', 'True_excreta', 'True_product', 'True_waste', 'True_soilAmendment', 'True_operation', 'True_fertiliser', 'True_material', 'True_ingredient', 'True_cropResidue']",ML model predicted True_product but the humans predicted No True_product.,Total number of matching positives in this prediction string 6.,93.14024390243902,53,System Boundary,standardized,rag,AI,1
0,,"[1, 0, 1, 0, 0, 0, 0, 1, 1, 1, 0, 0, 0, 0, 0, 0, 0, 1, 0]","[1, 0, 1, 1, 0, 0, 0, 1, 1, 1, 0, 1, 0, 0, 0, 1, 0, 1, 1]","['True_animalFeed', 'True_water', 'True_liveAnimalInput', 'True_electricityFuel', 'True_transport', 'True_pesticideVeterinaryDrug', 'True_seed', 'True_otherChemical', 'True_animalPopulation', 'True_freshForage', 'True_excreta', 'True_product', 'True_waste', 'True_soilAmendment', 'True_operation', 'True_fertiliser', 'True_material', 'True_ingredient', 'True_cropResidue']",ML model predicted True_electricityFuel but the humans predicted No True_electricityFuel.,Total number of matching positives in this prediction string 6.,68.90243902439025,53,System Boundary,standardized,rag,AI,1
0,,"[1, 0, 1, 0, 0, 0, 0, 1, 1, 1, 0, 0, 0, 0, 0, 0, 0, 1, 0]","[1, 0, 1, 1, 0, 0, 0, 1, 1, 1, 0, 0, 0, 0, 0, 0, 0, 1, 1]","['True_animalFeed', 'True_water', 'True_liveAnimalInput', 'True_electricityFuel', 'True_transport', 'True_pesticideVeterinaryDrug', 'True_seed', 'True_otherChemical', 'True_animalPopulation', 'True_freshForage', 'True_excreta', 'True_product', 'True_waste', 'True_soilAmendment', 'True_operation', 'True_fertiliser', 'True_material', 'True_ingredient', 'True_cropResidue']",ML model predicted True_cropResidue but the humans predicted No True_cropResidue.,Total number of matching positives in this prediction string 6.,60.97560975609756,53,System Boundary,standardized,rag,AI,1
0,,"[1, 0, 1, 0, 0, 0, 0, 1, 1, 1, 0, 0, 0, 0, 0, 0, 0, 1, 0]","[1, 0, 1, 1, 0, 0, 0, 1, 1, 1, 0, 0, 0, 0, 0, 0, 0, 1, 1]","['True_animalFeed', 'True_water', 'True_liveAnimalInput', 'True_electricityFuel', 'True_transport', 'True_pesticideVeterinaryDrug', 'True_seed', 'True_otherChemical', 'True_animalPopulation', 'True_freshForage', 'True_excreta', 'True_product', 'True_waste', 'True_soilAmendment', 'True_operation', 'True_fertiliser', 'True_material', 'True_ingredient', 'True_cropResidue']",ML model predicted True_electricityFuel but the humans predicted No True_electricityFuel.,Total number of matching positives in this prediction string 6.,68.90243902439025,53,System Boundary,standardized,rag,AI,1
0,,"[1, 0, 1, 0, 0, 0, 0, 1, 1, 1, 0, 0, 0, 0, 0, 0, 0, 1, 0]","[1, 0, 1, 0, 0, 0, 0, 1, 1, 1, 0, 0, 0, 0, 0, 0, 0, 1, 1]","['True_animalFeed', 'True_water', 'True_liveAnimalInput', 'True_electricityFuel', 'True_transport', 'True_pesticideVeterinaryDrug', 'True_seed', 'True_otherChemical', 'True_animalPopulation', 'True_freshForage', 'True_excreta', 'True_product', 'True_waste', 'True_soilAmendment', 'True_operation', 'True_fertiliser', 'True_material', 'True_ingredient', 'True_cropResidue']",ML model predicted True_cropResidue but the humans predicted No True_cropResidue.,Total number of matching positives in this prediction string 6.,60.97560975609756,53,System Boundary,standardized,rag,AI,2
0,,"[1, 0, 1, 0, 0, 0, 0, 1, 1, 1, 0, 0, 0, 0, 0, 0, 0, 1, 0]","[1, 0, 1, 0, 0, 0, 1, 1, 1, 1, 0, 0, 0, 0, 0, 1, 0, 1, 1]","['True_animalFeed', 'True_water', 'True_liveAnimalInput', 'True_electricityFuel', 'True_transport', 'True_pesticideVeterinaryDrug', 'True_seed', 'True_otherChemical', 'True_animalPopulation', 'True_freshForage', 'True_excreta', 'True_product', 'True_waste', 'True_soilAmendment', 'True_operation', 'True_fertiliser', 'True_material', 'True_ingredient', 'True_cropResidue']",ML model predicted True_cropResidue but the humans predicted No True_cropResidue.,Total number of matching positives in this prediction string 6.,60.97560975609756,53,System Boundary,standardized,no rag,AI,1
0,,"[1, 0, 1, 0, 0, 0, 0, 1, 1, 1, 0, 0, 0, 0, 0, 0, 0, 1, 0]","[1, 0, 1, 0, 0, 0, 1, 1, 1, 1, 0, 0, 0, 0, 0, 1, 0, 1, 1]","['True_animalFeed', 'True_water', 'True_liveAnimalInput', 'True_electricityFuel', 'True_transport', 'True_pesticideVeterinaryDrug', 'True_seed', 'True_otherChemical', 'True_animalPopulation', 'True_freshForage', 'True_excreta', 'True_product', 'True_waste', 'True_soilAmendment', 'True_operation', 'True_fertiliser', 'True_material', 'True_ingredient', 'True_cropResidue']",ML model predicted True_seed but the humans predicted No True_seed.,Total number of matching positives in this prediction string 6.,89.48170731707317,53,System Boundary,standardized,no rag,AI,1
0,,"[1, 0, 1, 0, 0, 0, 0, 1, 1, 1, 0, 0, 0, 0, 0, 0, 0, 1, 0]","[1, 0, 1, 0, 0, 0, 0, 1, 1, 1, 0, 1, 0, 1, 0, 1, 0, 1, 1]","['True_animalFeed', 'True_water', 'True_liveAnimalInput', 'True_electricityFuel', 'True_transport', 'True_pesticideVeterinaryDrug', 'True_seed', 'True_otherChemical', 'True_animalPopulation', 'True_freshForage', 'True_excreta', 'True_product', 'True_waste', 'True_soilAmendment', 'True_operation', 'True_fertiliser', 'True_material', 'True_ingredient', 'True_cropResidue']",ML model predicted True_cropResidue but the humans predicted No True_cropResidue.,Total number of matching positives in this prediction string 6.,60.97560975609756,53,System Boundary,standardized,no rag,AI,1
0,,"[1, 0, 1, 0, 0, 0, 0, 1, 1, 1, 0, 0, 0, 0, 0, 0, 0, 1, 0]","[1, 0, 1, 0, 0, 0, 0, 1, 1, 1, 0, 1, 0, 1, 0, 1, 0, 1, 1]","['True_animalFeed', 'True_water', 'True_liveAnimalInput', 'True_electricityFuel', 'True_transport', 'True_pesticideVeterinaryDrug', 'True_seed', 'True_otherChemical', 'True_animalPopulation', 'True_freshForage', 'True_excreta', 'True_product', 'True_waste', 'True_soilAmendment', 'True_operation', 'True_fertiliser', 'True_material', 'True_ingredient', 'True_cropResidue']",ML model predicted True_fertiliser but the humans predicted No True_fertiliser.,Total number of matching positives in this prediction string 6.,93.75,53,System Boundary,standardized,no rag,AI,1
0,,"[1, 0, 1, 0, 0, 0, 0, 1, 1, 1, 0, 0, 0, 0, 0, 0, 0, 1, 0]","[1, 0, 1, 0, 0, 0, 0, 1, 1, 1, 0, 1, 0, 1, 0, 1, 0, 1, 1]","['True_animalFeed', 'True_water', 'True_liveAnimalInput', 'True_electricityFuel', 'True_transport', 'True_pesticideVeterinaryDrug', 'True_seed', 'True_otherChemical', 'True_animalPopulation', 'True_freshForage', 'True_excreta', 'True_product', 'True_waste', 'True_soilAmendment', 'True_operation', 'True_fertiliser', 'True_material', 'True_ingredient', 'True_cropResidue']",ML model predicted True_soilAmendment but the humans predicted No True_soilAmendment.,Total number of matching positives in this prediction string 6.,92.3780487804878,53,System Boundary,standardized,no rag,AI,1
0,,"[1, 0, 1, 0, 0, 0, 0, 1, 1, 1, 0, 0, 0, 0, 0, 0, 0, 1, 0]","[1, 0, 1, 0, 0, 0, 0, 1, 1, 1, 0, 1, 0, 1, 0, 1, 0, 1, 1]","['True_animalFeed', 'True_water', 'True_liveAnimalInput', 'True_electricityFuel', 'True_transport', 'True_pesticideVeterinaryDrug', 'True_seed', 'True_otherChemical', 'True_animalPopulation', 'True_freshForage', 'True_excreta', 'True_product', 'True_waste', 'True_soilAmendment', 'True_operation', 'True_fertiliser', 'True_material', 'True_ingredient', 'True_cropResidue']",ML model predicted True_product but the humans predicted No True_product.,Total number of matching positives in this prediction string 6.,93.14024390243902,53,System Boundary,standardized,no rag,AI,1
0,,"[1, 0, 1, 0, 0, 0, 0, 1, 1, 1, 0, 0, 0, 0, 0, 0, 0, 1, 0]","[1, 0, 1, 0, 0, 0, 0, 1, 1, 1, 0, 0, 0, 0, 0, 1, 0, 1, 1]","['True_animalFeed', 'True_water', 'True_liveAnimalInput', 'True_electricityFuel', 'True_transport', 'True_pesticideVeterinaryDrug', 'True_seed', 'True_otherChemical', 'True_animalPopulation', 'True_freshForage', 'True_excreta', 'True_product', 'True_waste', 'True_soilAmendment', 'True_operation', 'True_fertiliser', 'True_material', 'True_ingredient', 'True_cropResidue']",ML model predicted True_cropResidue but the humans predicted No True_cropResidue.,Total number of matching positives in this prediction string 6.,60.97560975609756,53,System Boundary,standardized,no rag,AI,1
0,,"[1, 0, 1, 0, 0, 0, 0, 1, 1, 1, 0, 0, 0, 0, 0, 0, 0, 1, 0]","[0, 0, 1, 0, 0, 0, 1, 1, 1, 0, 0, 1, 0, 1, 0, 1, 0, 1, 1]","['True_animalFeed', 'True_water', 'True_liveAnimalInput', 'True_electricityFuel', 'True_transport', 'True_pesticideVeterinaryDrug', 'True_seed', 'True_otherChemical', 'True_animalPopulation', 'True_freshForage', 'True_excreta', 'True_product', 'True_waste', 'True_soilAmendment', 'True_operation', 'True_fertiliser', 'True_material', 'True_ingredient', 'True_cropResidue']",ML model predicted True_seed but the humans predicted No True_seed.,Total number of matching positives in this prediction string 4.,89.48170731707317,53,System Boundary,standardized,rag,AI,1
0,,"[1, 0, 1, 0, 0, 0, 0, 1, 1, 1, 0, 0, 0, 0, 0, 0, 0, 1, 0]","[0, 0, 1, 0, 0, 0, 1, 1, 1, 0, 0, 1, 0, 1, 0, 1, 0, 1, 1]","['True_animalFeed', 'True_water', 'True_liveAnimalInput', 'True_electricityFuel', 'True_transport', 'True_pesticideVeterinaryDrug', 'True_seed', 'True_otherChemical', 'True_animalPopulation', 'True_freshForage', 'True_excreta', 'True_product', 'True_waste', 'True_soilAmendment', 'True_operation', 'True_fertiliser', 'True_material', 'True_ingredient', 'True_cropResidue']",ML model predicted No True_animalFeed but the humans predicted True_animalFeed.,Total number of matching positives in this prediction string 4.,93.14024390243902,53,System Boundary,standardized,rag,Human,1
0,,"[1, 0, 1, 0, 0, 0, 0, 1, 1, 1, 0, 0, 0, 0, 0, 0, 0, 1, 0]","[0, 1, 1, 1, 0, 0, 1, 1, 1, 0, 0, 1, 0, 1, 0, 1, 0, 1, 1]","['True_animalFeed', 'True_water', 'True_liveAnimalInput', 'True_electricityFuel', 'True_transport', 'True_pesticideVeterinaryDrug', 'True_seed', 'True_otherChemical', 'True_animalPopulation', 'True_freshForage', 'True_excreta', 'True_product', 'True_waste', 'True_soilAmendment', 'True_operation', 'True_fertiliser', 'True_material', 'True_ingredient', 'True_cropResidue']",ML model predicted True_cropResidue but the humans predicted No True_cropResidue.,Total number of matching positives in this prediction string 4.,60.97560975609756,53,System Boundary,standardized,no rag,AI,1
0,,"[1, 0, 1, 0, 0, 1, 1, 1, 1, 1, 0, 1, 0, 1, 0, 1, 0, 1, 1]","[1, 0, 1, 1, 0, 1, 1, 1, 1, 1, 0, 1, 0, 1, 0, 1, 0, 1, 1]","['True_animalFeed', 'True_water', 'True_liveAnimalInput', 'True_electricityFuel', 'True_transport', 'True_pesticideVeterinaryDrug', 'True_seed', 'True_otherChemical', 'True_animalPopulation', 'True_freshForage', 'True_excreta', 'True_product', 'True_waste', 'True_soilAmendment', 'True_operation', 'True_fertiliser', 'True_material', 'True_ingredient', 'True_cropResidue']",ML model predicted True_electricityFuel but the humans predicted No True_electricityFuel.,Total number of matching positives in this prediction string 12.,64.70588235294117,55,System Boundary,original,rag,AI,1
0,,"[1, 0, 1, 1, 0, 0, 1, 0, 1, 1, 0, 1, 1, 1, 0, 1, 0, 1, 1]","[1, 0, 1, 0, 0, 0, 1, 0, 1, 1, 0, 1, 0, 1, 0, 1, 0, 1, 1]","['True_animalFeed', 'True_water', 'True_liveAnimalInput', 'True_electricityFuel', 'True_transport', 'True_pesticideVeterinaryDrug', 'True_seed', 'True_otherChemical', 'True_animalPopulation', 'True_freshForage', 'True_excreta', 'True_product', 'True_waste', 'True_soilAmendment', 'True_operation', 'True_fertiliser', 'True_material', 'True_ingredient', 'True_cropResidue']",ML model predicted No True_electricityFuel but the humans predicted True_electricityFuel.,Total number of matching positives in this prediction string 10.,68.90243902439025,55,System Boundary,standardized,no rag,Human,1
0,,"[1, 0, 1, 0, 0, 1, 1, 1, 1, 1, 0, 1, 0, 1, 0, 1, 0, 1, 1]","[1, 0, 1, 0, 0, 0, 1, 1, 1, 1, 0, 1, 0, 1, 0, 1, 0, 1, 1]","['True_animalFeed', 'True_water', 'True_liveAnimalInput', 'True_electricityFuel', 'True_transport', 'True_pesticideVeterinaryDrug', 'True_seed', 'True_otherChemical', 'True_animalPopulation', 'True_freshForage', 'True_excreta', 'True_product', 'True_waste', 'True_soilAmendment', 'True_operation', 'True_fertiliser', 'True_material', 'True_ingredient', 'True_cropResidue']",ML model predicted No True_pesticideVeterinaryDrug but the humans predicted True_pesticideVeterinaryDrug.,Total number of matching positives in this prediction string 11.,48.23529411764706,55,System Boundary,original,no rag,Human,1
0,,"[1, 0, 1, 1, 0, 0, 1, 0, 1, 1, 0, 1, 1, 1, 0, 1, 0, 1, 1]","[1, 0, 1, 1, 0, 0, 1, 0, 1, 1, 0, 1, 0, 1, 0, 1, 0, 1, 1]","['True_animalFeed', 'True_water', 'True_liveAnimalInput', 'True_electricityFuel', 'True_transport', 'True_pesticideVeterinaryDrug', 'True_seed', 'True_otherChemical', 'True_animalPopulation', 'True_freshForage', 'True_excreta', 'True_product', 'True_waste', 'True_soilAmendment', 'True_operation', 'True_fertiliser', 'True_material', 'True_ingredient', 'True_cropResidue']",ML model predicted No True_waste but the humans predicted True_waste.,Total number of matching positives in this prediction string 11.,10.365853658536585,55,System Boundary,standardized,rag,Human,1
0,,"[1, 0, 1, 1, 0, 0, 1, 0, 1, 1, 0, 1, 1, 1, 0, 1, 0, 1, 1]","[1, 0, 1, 0, 0, 0, 1, 0, 1, 1, 0, 1, 0, 1, 0, 1, 0, 1, 1]","['True_animalFeed', 'True_water', 'True_liveAnimalInput', 'True_electricityFuel', 'True_transport', 'True_pesticideVeterinaryDrug', 'True_seed', 'True_otherChemical', 'True_animalPopulation', 'True_freshForage', 'True_excreta', 'True_product', 'True_waste', 'True_soilAmendment', 'True_operation', 'True_fertiliser', 'True_material', 'True_ingredient', 'True_cropResidue']",ML model predicted No True_electricityFuel but the humans predicted True_electricityFuel.,Total number of matching positives in this prediction string 10.,68.90243902439025,55,System Boundary,standardized,rag,Human,1
0,,"[1, 0, 1, 1, 0, 0, 1, 0, 1, 1, 0, 1, 1, 1, 0, 1, 0, 1, 1]","[1, 0, 1, 0, 0, 0, 1, 0, 1, 1, 0, 1, 0, 1, 0, 1, 0, 1, 1]","['True_animalFeed', 'True_water', 'True_liveAnimalInput', 'True_electricityFuel', 'True_transport', 'True_pesticideVeterinaryDrug', 'True_seed', 'True_otherChemical', 'True_animalPopulation', 'True_freshForage', 'True_excreta', 'True_product', 'True_waste', 'True_soilAmendment', 'True_operation', 'True_fertiliser', 'True_material', 'True_ingredient', 'True_cropResidue']",ML model predicted No True_waste but the humans predicted True_waste.,Total number of matching positives in this prediction string 10.,10.365853658536585,55,System Boundary,standardized,rag,Human,1
0,,"[1, 0, 1, 1, 0, 0, 1, 0, 1, 1, 0, 1, 1, 1, 0, 1, 0, 1, 1]","[1, 0, 1, 0, 0, 0, 1, 0, 1, 1, 0, 1, 0, 1, 0, 1, 0, 1, 1]","['True_animalFeed', 'True_water', 'True_liveAnimalInput', 'True_electricityFuel', 'True_transport', 'True_pesticideVeterinaryDrug', 'True_seed', 'True_otherChemical', 'True_animalPopulation', 'True_freshForage', 'True_excreta', 'True_product', 'True_waste', 'True_soilAmendment', 'True_operation', 'True_fertiliser', 'True_material', 'True_ingredient', 'True_cropResidue']",ML model predicted No True_waste but the humans predicted True_waste.,Total number of matching positives in this prediction string 10.,10.365853658536585,55,System Boundary,standardized,no rag,Human,1
0,,"[0, 0, 1, 0, 0, 0]","[0, 0, 0, 0, 0, 0]","['economic', 'energy', 'none required', 'none', 'mass', 'biophysical']",ML model predicted No none required but the humans predicted none required.,Total number of matching positives in this prediction string 0.,17.941176470588236,57,Allocation,original,no rag,Human,1
0,,"[0, 0, 1, 0, 0, 0]","[0, 0, 0, 0, 0, 0]","['economic', 'energy', 'none required', 'none', 'mass', 'biophysical']",ML model predicted No none required but the humans predicted none required.,Total number of matching positives in this prediction string 0.,17.941176470588236,57,Allocation,original,rag,Human,1
0,,"[0, 0, 1, 1, 1, 0, 0, 1, 1, 0, 0, 1, 0, 0, 1, 0, 0, 1, 1]","[0, 0, 1, 1, 1, 0, 0, 1, 1, 0, 0, 1, 0, 0, 1, 0, 0, 1, 0]","['True_animalFeed', 'True_water', 'True_liveAnimalInput', 'True_electricityFuel', 'True_transport', 'True_pesticideVeterinaryDrug', 'True_seed', 'True_otherChemical', 'True_animalPopulation', 'True_freshForage', 'True_excreta', 'True_product', 'True_waste', 'True_soilAmendment', 'True_operation', 'True_fertiliser', 'True_material', 'True_ingredient', 'True_cropResidue']",ML model predicted No True_cropResidue but the humans predicted True_cropResidue.,Total number of matching positives in this prediction string 8.,60.97560975609756,59,System Boundary,standardized,rag,Human,6
0,,"[0, 0, 0, 1, 0, 0]","[0, 0, 1, 0, 0, 0]","['economic', 'energy', 'none required', 'none', 'mass', 'biophysical']",ML model predicted No none but the humans predicted none.,Total number of matching positives in this prediction string 0.,9.852941176470589,59,Allocation,original,rag,Human,2
0,,"[0, 0, 0, 1, 0, 0]","[0, 0, 1, 0, 0, 0]","['economic', 'energy', 'none required', 'none', 'mass', 'biophysical']",ML model predicted none required but the humans predicted No none required.,Total number of matching positives in this prediction string 0.,17.941176470588236,59,Allocation,original,rag,AI,2
0,,"[0, 0, 0, 1, 0, 0]","[0, 0, 0, 0, 0, 0]","['economic', 'energy', 'none required', 'none', 'mass', 'biophysical']",ML model predicted No none but the humans predicted none.,Total number of matching positives in this prediction string 0.,9.852941176470589,59,Allocation,original,rag,Human,1
0,,"[0, 0, 0, 1, 0, 0]","[0, 0, 0, 0, 0, 0]","['economic', 'energy', 'none required', 'none', 'mass', 'biophysical']",ML model predicted No none but the humans predicted none.,Total number of matching positives in this prediction string 0.,9.852941176470589,59,Allocation,original,no rag,Human,2
0,,"[0, 0, 0, 1, 0, 0]","[0, 0, 1, 0, 0, 0]","['economic', 'energy', 'none required', 'none', 'mass', 'biophysical']",ML model predicted No none but the humans predicted none.,Total number of matching positives in this prediction string 0.,9.852941176470589,59,Allocation,original,no rag,Human,2
0,,"[0, 0, 0, 1, 0, 0]","[0, 0, 1, 0, 0, 0]","['economic', 'energy', 'none required', 'none', 'mass', 'biophysical']",ML model predicted none required but the humans predicted No none required.,Total number of matching positives in this prediction string 0.,17.941176470588236,59,Allocation,original,no rag,AI,2
0,,"[0, 0, 1, 1, 1, 0, 0, 1, 1, 0, 0, 1, 0, 0, 1, 0, 0, 1, 1]","[0, 0, 1, 1, 1, 0, 0, 1, 1, 0, 0, 1, 0, 0, 1, 0, 0, 1, 0]","['True_animalFeed', 'True_water', 'True_liveAnimalInput', 'True_electricityFuel', 'True_transport', 'True_pesticideVeterinaryDrug', 'True_seed', 'True_otherChemical', 'True_animalPopulation', 'True_freshForage', 'True_excreta', 'True_product', 'True_waste', 'True_soilAmendment', 'True_operation', 'True_fertiliser', 'True_material', 'True_ingredient', 'True_cropResidue']",ML model predicted No True_cropResidue but the humans predicted True_cropResidue.,Total number of matching positives in this prediction string 8.,60.97560975609756,59,System Boundary,standardized,no rag,Human,6
0,,"[1, 0, 0, 0, 0, 0]","[0, 0, 0, 0, 0, 0]","['economic', 'energy', 'none required', 'none', 'mass', 'biophysical']",ML model predicted No economic but the humans predicted economic.,Total number of matching positives in this prediction string 0.,68.08823529411765,60,Allocation,original,no rag,Human,2
0,,"[1, 0, 0, 0, 0, 0]","[0, 0, 0, 0, 0, 0]","['economic', 'energy', 'none required', 'none', 'mass', 'biophysical']",ML model predicted No economic but the humans predicted economic.,Total number of matching positives in this prediction string 0.,68.08823529411765,60,Allocation,original,rag,Human,2
0,,"[1, 0, 0, 0, 0, 0]","[0, 0, 1, 0, 0, 0]","['economic', 'energy', 'none required', 'none', 'mass', 'biophysical']",ML model predicted none required but the humans predicted No none required.,Total number of matching positives in this prediction string 0.,17.941176470588236,60,Allocation,original,rag,AI,2
0,,"[1, 0, 0, 0, 0, 0]","[0, 0, 1, 0, 0, 0]","['economic', 'energy', 'none required', 'none', 'mass', 'biophysical']",ML model predicted No economic but the humans predicted economic.,Total number of matching positives in this prediction string 0.,68.08823529411765,60,Allocation,original,rag,Human,2
0,,"[1, 0, 0, 0, 0, 0]","[0, 0, 1, 0, 0, 0]","['economic', 'energy', 'none required', 'none', 'mass', 'biophysical']",ML model predicted none required but the humans predicted No none required.,Total number of matching positives in this prediction string 0.,17.941176470588236,60,Allocation,original,no rag,AI,1
0,,"[1, 0, 0, 0, 0, 0]","[0, 0, 1, 0, 0, 0]","['economic', 'energy', 'none required', 'none', 'mass', 'biophysical']",ML model predicted No economic but the humans predicted economic.,Total number of matching positives in this prediction string 0.,68.08823529411765,60,Allocation,original,no rag,Human,1
0,,"[0, 0, 1, 1, 1, 0, 0, 1, 1, 0, 0, 1, 0, 0, 1, 0, 0, 1, 1]","[0, 0, 1, 1, 1, 0, 0, 1, 1, 0, 0, 1, 0, 0, 1, 0, 0, 1, 0]","['True_animalFeed', 'True_water', 'True_liveAnimalInput', 'True_electricityFuel', 'True_transport', 'True_pesticideVeterinaryDrug', 'True_seed', 'True_otherChemical', 'True_animalPopulation', 'True_freshForage', 'True_excreta', 'True_product', 'True_waste', 'True_soilAmendment', 'True_operation', 'True_fertiliser', 'True_material', 'True_ingredient', 'True_cropResidue']",ML model predicted No True_cropResidue but the humans predicted True_cropResidue.,Total number of matching positives in this prediction string 8.,60.97560975609756,63,System Boundary,standardized,no rag,Human,6
0,,"[0, 0, 1, 1, 1, 0, 0, 1, 1, 0, 0, 1, 0, 0, 1, 0, 0, 1, 1]","[0, 0, 1, 1, 1, 0, 0, 1, 1, 0, 0, 1, 0, 0, 1, 0, 0, 1, 0]","['True_animalFeed', 'True_water', 'True_liveAnimalInput', 'True_electricityFuel', 'True_transport', 'True_pesticideVeterinaryDrug', 'True_seed', 'True_otherChemical', 'True_animalPopulation', 'True_freshForage', 'True_excreta', 'True_product', 'True_waste', 'True_soilAmendment', 'True_operation', 'True_fertiliser', 'True_material', 'True_ingredient', 'True_cropResidue']",ML model predicted No True_cropResidue but the humans predicted True_cropResidue.,Total number of matching positives in this prediction string 8.,60.97560975609756,63,System Boundary,standardized,rag,Human,6
0,,"[1, 0, 1, 0, 1, 1, 1, 1, 1, 1, 1, 0, 0, 1, 0, 1, 0, 1, 1]","[1, 0, 1, 0, 1, 1, 1, 0, 1, 1, 1, 0, 0, 1, 0, 1, 0, 1, 1]","['True_animalFeed', 'True_water', 'True_liveAnimalInput', 'True_electricityFuel', 'True_transport', 'True_pesticideVeterinaryDrug', 'True_seed', 'True_otherChemical', 'True_animalPopulation', 'True_freshForage', 'True_excreta', 'True_product', 'True_waste', 'True_soilAmendment', 'True_operation', 'True_fertiliser', 'True_material', 'True_ingredient', 'True_cropResidue']",ML model predicted No True_otherChemical but the humans predicted True_otherChemical.,Total number of matching positives in this prediction string 12.,90.70121951219512,64,System Boundary,standardized,no rag,Human,2
0,,"[1, 0, 1, 0, 1, 1, 1, 1, 1, 1, 1, 0, 0, 1, 0, 1, 0, 1, 1]","[1, 1, 1, 0, 1, 1, 1, 0, 1, 1, 1, 0, 0, 1, 0, 1, 0, 1, 1]","['True_animalFeed', 'True_water', 'True_liveAnimalInput', 'True_electricityFuel', 'True_transport', 'True_pesticideVeterinaryDrug', 'True_seed', 'True_otherChemical', 'True_animalPopulation', 'True_freshForage', 'True_excreta', 'True_product', 'True_waste', 'True_soilAmendment', 'True_operation', 'True_fertiliser', 'True_material', 'True_ingredient', 'True_cropResidue']",ML model predicted No True_otherChemical but the humans predicted True_otherChemical.,Total number of matching positives in this prediction string 12.,90.70121951219512,64,System Boundary,standardized,rag,Human,1
0,,"[1, 0, 1, 1, 0, 0, 1, 0, 1, 1, 0, 1, 1, 1, 0, 1, 0, 1, 1]","[1, 0, 1, 0, 0, 0, 1, 0, 1, 1, 0, 1, 0, 1, 0, 1, 0, 1, 1]","['True_animalFeed', 'True_water', 'True_liveAnimalInput', 'True_electricityFuel', 'True_transport', 'True_pesticideVeterinaryDrug', 'True_seed', 'True_otherChemical', 'True_animalPopulation', 'True_freshForage', 'True_excreta', 'True_product', 'True_waste', 'True_soilAmendment', 'True_operation', 'True_fertiliser', 'True_material', 'True_ingredient', 'True_cropResidue']",ML model predicted No True_waste but the humans predicted True_waste.,Total number of matching positives in this prediction string 10.,10.0,64,System Boundary,original,no rag,Human,1
0,,"[1, 0, 1, 0, 1, 1, 1, 1, 1, 1, 1, 0, 0, 1, 0, 1, 0, 1, 1]","[1, 1, 1, 0, 1, 1, 1, 0, 1, 1, 1, 0, 0, 1, 0, 1, 0, 1, 1]","['True_animalFeed', 'True_water', 'True_liveAnimalInput', 'True_electricityFuel', 'True_transport', 'True_pesticideVeterinaryDrug', 'True_seed', 'True_otherChemical', 'True_animalPopulation', 'True_freshForage', 'True_excreta', 'True_product', 'True_waste', 'True_soilAmendment', 'True_operation', 'True_fertiliser', 'True_material', 'True_ingredient', 'True_cropResidue']",ML model predicted True_water but the humans predicted No True_water.,Total number of matching positives in this prediction string 12.,21.49390243902439,64,System Boundary,standardized,rag,AI,1
0,,"[1, 0, 1, 1, 0, 0, 1, 0, 1, 1, 0, 1, 1, 1, 0, 1, 0, 1, 1]","[1, 0, 1, 0, 0, 0, 1, 0, 1, 1, 0, 1, 0, 1, 0, 1, 0, 1, 1]","['True_animalFeed', 'True_water', 'True_liveAnimalInput', 'True_electricityFuel', 'True_transport', 'True_pesticideVeterinaryDrug', 'True_seed', 'True_otherChemical', 'True_animalPopulation', 'True_freshForage', 'True_excreta', 'True_product', 'True_waste', 'True_soilAmendment', 'True_operation', 'True_fertiliser', 'True_material', 'True_ingredient', 'True_cropResidue']",ML model predicted No True_electricityFuel but the humans predicted True_electricityFuel.,Total number of matching positives in this prediction string 10.,64.70588235294117,64,System Boundary,original,no rag,Human,1
0,,"[0, 0, 0, 0, 0, 0, 0, 0, 0, 0, 0, 0, 0, 0, 0, 0, 0, 0, 0, 0, 0, 0, 0, 0, 0, 0, 0, 0, 0, 0, 0, 1, 0, 0, 0, 0, 0, 0, 0, 0, 0, 0, 0, 0, 0, 0, 0, 0, 0, 0, 0, 0, 1, 0, 0, 0, 0, 0, 0]","[0, 0, 0, 0, 0, 0, 0, 0, 0, 0, 0, 0, 0, 0, 0, 0, 0, 0, 0, 0, 0, 0, 0, 0, 0, 0, 0, 0, 0, 0, 0, 0, 0, 0, 0, 0, 0, 0, 0, 0, 0, 0, 0, 0, 0, 0, 0, 0, 0, 0, 0, 0, 1, 0, 0, 0, 0, 0, 0]","['Meat, beef cattle (cold carcass weight)', 'Meat, pig (cold dressed carcass weight)', 'Meat, chicken, breast', 'Milk, cow, raw (FPCM)', 'Broiler chicken', 'Beef cattle', 'Hides', 'Sheep, ewe', 'Beef cattle, heifer', 'Beef cattle, calf (female, weaned)', 'Dairy cattle, calf (weaned)', 'Cattle', 'Wool, sheep (greasy)', 'Meat, dairy cattle (liveweight)', 'Beef cattle, steer', 'Meat, sheep (liveweight)', 'Beef cattle, heifer and steer', 'Dairy cattle, cow', 'Cattle, urine (kg mass)', 'Dairy cattle', 'Layer chicken, hen', 'Sheep, lamb (male, unweaned)', 'Meat, chicken, wings', 'Wool', 'Eggs, hen, in shell (number)', 'Pig', 'Broiler chicken, hen', 'Dairy cattle, calf (male, unweaned)', 'Meat, dairy cattle (cold carcass weight)', 'Dairy cattle, calf', 'Beef cattle, calf (male, weaned)', 'Meat, beef cattle (cold dressed carcass weight)', 'Eggs, hen, in shell', 'Broiler chicken, chick', 'Meat, chicken (liveweight)', 'Pig, piglet', 'Layer chicken, pullet', 'Sheep, lamb (female, unweaned)', 'Milk', 'Beef cattle, bull', 'Eggs', 'Sheep, lamb', 'Dairy cattle, calf (female, weaned)', 'Sheep, ram', 'Sheep, lamb (weaned)', 'Meat, chicken (cold carcass weight)', 'Beef cattle, calf (weaned)', 'Meat, chicken, leg', 'Sheep', 'Layer chicken', 'Beef cattle, cow', 'Poultry by-product meal', 'Meat', 'Milk, cow, raw', 'Hides, dairy cattle, fresh', 'Pig, sow', 'Meat, beef cattle (liveweight)', 'Dairy cattle, heifer', 'Meat, sheep (cold carcass weight)']","ML model predicted No Meat, beef cattle (cold dressed carcass weight) but the humans predicted Meat, beef cattle (cold dressed carcass weight).",Total number of matching positives in this prediction string 1.,1.0670731707317074,64,Product,standardized,rag,Human,1
0,,"[1, 0, 1, 1, 0, 0, 1, 0, 1, 1, 0, 1, 1, 1, 0, 1, 0, 1, 1]","[1, 0, 1, 1, 0, 0, 1, 0, 1, 1, 0, 1, 0, 1, 0, 1, 0, 1, 1]","['True_animalFeed', 'True_water', 'True_liveAnimalInput', 'True_electricityFuel', 'True_transport', 'True_pesticideVeterinaryDrug', 'True_seed', 'True_otherChemical', 'True_animalPopulation', 'True_freshForage', 'True_excreta', 'True_product', 'True_waste', 'True_soilAmendment', 'True_operation', 'True_fertiliser', 'True_material', 'True_ingredient', 'True_cropResidue']",ML model predicted No True_waste but the humans predicted True_waste.,Total number of matching positives in this prediction string 11.,10.0,64,System Boundary,original,rag,Human,1
0,,"[1, 0, 1, 1, 0, 0, 1, 0, 1, 1, 0, 1, 1, 1, 0, 1, 0, 1, 1]","[1, 0, 1, 0, 0, 0, 1, 0, 1, 1, 0, 1, 1, 1, 0, 1, 0, 1, 1]","['True_animalFeed', 'True_water', 'True_liveAnimalInput', 'True_electricityFuel', 'True_transport', 'True_pesticideVeterinaryDrug', 'True_seed', 'True_otherChemical', 'True_animalPopulation', 'True_freshForage', 'True_excreta', 'True_product', 'True_waste', 'True_soilAmendment', 'True_operation', 'True_fertiliser', 'True_material', 'True_ingredient', 'True_cropResidue']",ML model predicted No True_electricityFuel but the humans predicted True_electricityFuel.,Total number of matching positives in this prediction string 11.,64.70588235294117,64,System Boundary,original,no rag,Human,1
0,,"[1, 0, 1, 1, 0, 0, 1, 0, 1, 1, 0, 1, 1, 1, 0, 1, 0, 1, 1]","[1, 0, 1, 0, 0, 0, 1, 0, 1, 1, 0, 1, 0, 1, 0, 1, 0, 1, 1]","['True_animalFeed', 'True_water', 'True_liveAnimalInput', 'True_electricityFuel', 'True_transport', 'True_pesticideVeterinaryDrug', 'True_seed', 'True_otherChemical', 'True_animalPopulation', 'True_freshForage', 'True_excreta', 'True_product', 'True_waste', 'True_soilAmendment', 'True_operation', 'True_fertiliser', 'True_material', 'True_ingredient', 'True_cropResidue']",ML model predicted No True_waste but the humans predicted True_waste.,Total number of matching positives in this prediction string 10.,10.0,64,System Boundary,original,rag,Human,3
0,,"[1, 0, 1, 1, 0, 0, 1, 0, 1, 1, 0, 1, 1, 1, 0, 1, 0, 1, 1]","[1, 0, 1, 0, 0, 0, 1, 0, 1, 1, 0, 1, 0, 1, 0, 1, 0, 1, 1]","['True_animalFeed', 'True_water', 'True_liveAnimalInput', 'True_electricityFuel', 'True_transport', 'True_pesticideVeterinaryDrug', 'True_seed', 'True_otherChemical', 'True_animalPopulation', 'True_freshForage', 'True_excreta', 'True_product', 'True_waste', 'True_soilAmendment', 'True_operation', 'True_fertiliser', 'True_material', 'True_ingredient', 'True_cropResidue']",ML model predicted No True_electricityFuel but the humans predicted True_electricityFuel.,Total number of matching positives in this prediction string 10.,64.70588235294117,64,System Boundary,original,rag,Human,3
0,,"[0, 0, 0, 0, 1, 0, 0, 0, 0, 0, 0, 0, 0, 0, 0, 0, 0, 0, 0, 0, 0, 0, 0, 0, 0, 0, 0, 0, 0, 0, 0, 0, 0, 1, 0, 0, 0, 0, 0, 0, 0, 0, 0, 0, 0, 0, 0, 0, 0, 0, 0, 0, 0, 0, 0, 0, 0, 0, 0]","[0, 0, 0, 0, 1, 0, 0, 0, 0, 0, 0, 0, 0, 0, 0, 0, 0, 0, 0, 0, 0, 0, 0, 0, 0, 0, 0, 0, 0, 0, 0, 0, 0, 0, 0, 0, 0, 0, 0, 0, 0, 0, 0, 0, 0, 0, 0, 0, 0, 0, 0, 0, 0, 0, 0, 0, 0, 0, 0]","['Meat, beef cattle (cold carcass weight)', 'Meat, pig (cold dressed carcass weight)', 'Meat, chicken, breast', 'Milk, cow, raw (FPCM)', 'Broiler chicken', 'Beef cattle', 'Hides', 'Sheep, ewe', 'Beef cattle, heifer', 'Beef cattle, calf (female, weaned)', 'Dairy cattle, calf (weaned)', 'Cattle', 'Wool, sheep (greasy)', 'Meat, dairy cattle (liveweight)', 'Beef cattle, steer', 'Meat, sheep (liveweight)', 'Beef cattle, heifer and steer', 'Dairy cattle, cow', 'Cattle, urine (kg mass)', 'Dairy cattle', 'Layer chicken, hen', 'Sheep, lamb (male, unweaned)', 'Meat, chicken, wings', 'Wool', 'Eggs, hen, in shell (number)', 'Pig', 'Broiler chicken, hen', 'Dairy cattle, calf (male, unweaned)', 'Meat, dairy cattle (cold carcass weight)', 'Dairy cattle, calf', 'Beef cattle, calf (male, weaned)', 'Meat, beef cattle (cold dressed carcass weight)', 'Eggs, hen, in shell', 'Broiler chicken, chick', 'Meat, chicken (liveweight)', 'Pig, piglet', 'Layer chicken, pullet', 'Sheep, lamb (female, unweaned)', 'Milk', 'Beef cattle, bull', 'Eggs', 'Sheep, lamb', 'Dairy cattle, calf (female, weaned)', 'Sheep, ram', 'Sheep, lamb (weaned)', 'Meat, chicken (cold carcass weight)', 'Beef cattle, calf (weaned)', 'Meat, chicken, leg', 'Sheep', 'Layer chicken', 'Beef cattle, cow', 'Poultry by-product meal', 'Meat', 'Milk, cow, raw', 'Hides, dairy cattle, fresh', 'Pig, sow', 'Meat, beef cattle (liveweight)', 'Dairy cattle, heifer', 'Meat, sheep (cold carcass weight)']","ML model predicted No Broiler chicken, chick but the humans predicted Broiler chicken, chick.",Total number of matching positives in this prediction string 1.,0.6097560975609756,65,Product,standardized,rag,Human,1
0,,"[1, 0, 0, 0, 0, 0]","[0, 0, 0, 0, 0, 0]","['economic', 'energy', 'none required', 'none', 'mass', 'biophysical']",ML model predicted No economic but the humans predicted economic.,Total number of matching positives in this prediction string 0.,68.08823529411765,67,Allocation,original,no rag,Human,2
0,,"[1, 0, 1, 0, 0, 0, 1, 1, 1, 1, 0, 1, 0, 1, 0, 1, 0, 1, 1]","[1, 0, 1, 0, 0, 1, 1, 1, 1, 1, 0, 1, 0, 1, 0, 1, 0, 1, 1]","['True_animalFeed', 'True_water', 'True_liveAnimalInput', 'True_electricityFuel', 'True_transport', 'True_pesticideVeterinaryDrug', 'True_seed', 'True_otherChemical', 'True_animalPopulation', 'True_freshForage', 'True_excreta', 'True_product', 'True_waste', 'True_soilAmendment', 'True_operation', 'True_fertiliser', 'True_material', 'True_ingredient', 'True_cropResidue']",ML model predicted True_pesticideVeterinaryDrug but the humans predicted No True_pesticideVeterinaryDrug.,Total number of matching positives in this prediction string 11.,48.23529411764706,67,System Boundary,original,rag,AI,7
0,,"[1, 0, 1, 0, 0, 0, 1, 1, 1, 1, 0, 1, 0, 1, 0, 1, 0, 1, 1]","[1, 0, 1, 0, 0, 1, 1, 1, 1, 1, 0, 1, 0, 1, 0, 1, 0, 1, 1]","['True_animalFeed', 'True_water', 'True_liveAnimalInput', 'True_electricityFuel', 'True_transport', 'True_pesticideVeterinaryDrug', 'True_seed', 'True_otherChemical', 'True_animalPopulation', 'True_freshForage', 'True_excreta', 'True_product', 'True_waste', 'True_soilAmendment', 'True_operation', 'True_fertiliser', 'True_material', 'True_ingredient', 'True_cropResidue']",ML model predicted True_pesticideVeterinaryDrug but the humans predicted No True_pesticideVeterinaryDrug.,Total number of matching positives in this prediction string 11.,48.23529411764706,67,System Boundary,original,no rag,AI,6
0,,"[1, 0, 0, 0, 0, 0]","[0, 0, 0, 0, 0, 1]","['economic', 'energy', 'none required', 'none', 'mass', 'biophysical']",ML model predicted biophysical but the humans predicted No biophysical.,Total number of matching positives in this prediction string 0.,3.088235294117647,67,Allocation,original,rag,AI,1
0,,"[1, 0, 0, 0, 0, 0]","[0, 0, 0, 0, 0, 1]","['economic', 'energy', 'none required', 'none', 'mass', 'biophysical']",ML model predicted No economic but the humans predicted economic.,Total number of matching positives in this prediction string 0.,68.08823529411765,67,Allocation,original,rag,Human,1
0,,"[1, 0, 0, 0, 0, 0]","[0, 0, 0, 0, 0, 0]","['economic', 'energy', 'none required', 'none', 'mass', 'biophysical']",ML model predicted No economic but the humans predicted economic.,Total number of matching positives in this prediction string 0.,68.08823529411765,67,Allocation,original,rag,Human,1
0,,"[1, 0, 1, 1, 0, 1, 1, 1, 1, 0, 0, 1, 0, 1, 1, 1, 0, 1, 0]","[1, 0, 1, 1, 0, 1, 1, 1, 1, 1, 0, 1, 0, 1, 1, 1, 0, 1, 0]","['True_animalFeed', 'True_water', 'True_liveAnimalInput', 'True_electricityFuel', 'True_transport', 'True_pesticideVeterinaryDrug', 'True_seed', 'True_otherChemical', 'True_animalPopulation', 'True_freshForage', 'True_excreta', 'True_product', 'True_waste', 'True_soilAmendment', 'True_operation', 'True_fertiliser', 'True_material', 'True_ingredient', 'True_cropResidue']",ML model predicted True_freshForage but the humans predicted No True_freshForage.,Total number of matching positives in this prediction string 12.,87.5,68,System Boundary,standardized,no rag,AI,1
0,,"[0, 0, 0, 1, 0, 0]","[0, 0, 0, 0, 0, 0]","['economic', 'energy', 'none required', 'none', 'mass', 'biophysical']",ML model predicted No none but the humans predicted none.,Total number of matching positives in this prediction string 0.,9.852941176470589,70,Allocation,original,no rag,Human,2
0,,"[0, 0, 0, 1, 0, 0]","[0, 0, 0, 0, 0, 0]","['economic', 'energy', 'none required', 'none', 'mass', 'biophysical']",ML model predicted No none but the humans predicted none.,Total number of matching positives in this prediction string 0.,9.852941176470589,70,Allocation,original,rag,Human,1
0,,"[1, 1, 1, 1, 0, 0, 0, 1, 0, 0, 1, 1, 0, 1, 0, 1, 0, 1, 1]","[1, 1, 1, 1, 0, 0, 1, 1, 0, 0, 1, 1, 0, 1, 0, 1, 0, 1, 1]","['True_animalFeed', 'True_water', 'True_liveAnimalInput', 'True_electricityFuel', 'True_transport', 'True_pesticideVeterinaryDrug', 'True_seed', 'True_otherChemical', 'True_animalPopulation', 'True_freshForage', 'True_excreta', 'True_product', 'True_waste', 'True_soilAmendment', 'True_operation', 'True_fertiliser', 'True_material', 'True_ingredient', 'True_cropResidue']",ML model predicted True_seed but the humans predicted No True_seed.,Total number of matching positives in this prediction string 11.,88.52941176470588,71,System Boundary,original,rag,AI,2
0,,"[1, 1, 1, 1, 0, 0, 0, 1, 0, 0, 1, 1, 0, 1, 0, 1, 0, 1, 1]","[1, 1, 1, 1, 0, 0, 1, 1, 0, 0, 1, 1, 0, 1, 0, 1, 0, 1, 1]","['True_animalFeed', 'True_water', 'True_liveAnimalInput', 'True_electricityFuel', 'True_transport', 'True_pesticideVeterinaryDrug', 'True_seed', 'True_otherChemical', 'True_animalPopulation', 'True_freshForage', 'True_excreta', 'True_product', 'True_waste', 'True_soilAmendment', 'True_operation', 'True_fertiliser', 'True_material', 'True_ingredient', 'True_cropResidue']",ML model predicted True_seed but the humans predicted No True_seed.,Total number of matching positives in this prediction string 11.,88.52941176470588,71,System Boundary,original,no rag,AI,1
0,,"[1, 0, 0, 0, 0, 0]","[0, 0, 0, 0, 0, 0]","['economic', 'energy', 'none required', 'none', 'mass', 'biophysical']",ML model predicted No economic but the humans predicted economic.,Total number of matching positives in this prediction string 0.,68.08823529411765,71,Allocation,original,no rag,Human,2
0,,"[1, 0, 0, 0, 0, 0]","[0, 0, 0, 1, 0, 0]","['economic', 'energy', 'none required', 'none', 'mass', 'biophysical']",ML model predicted none but the humans predicted No none.,Total number of matching positives in this prediction string 0.,9.852941176470589,71,Allocation,original,rag,AI,2
0,,"[1, 0, 0, 0, 0, 0]","[0, 0, 0, 1, 0, 0]","['economic', 'energy', 'none required', 'none', 'mass', 'biophysical']",ML model predicted No economic but the humans predicted economic.,Total number of matching positives in this prediction string 0.,68.08823529411765,71,Allocation,original,rag,Human,2
0,,"[1, 0, 0, 0, 0, 0]","[0, 0, 0, 1, 0, 0]","['economic', 'energy', 'none required', 'none', 'mass', 'biophysical']",ML model predicted none but the humans predicted No none.,Total number of matching positives in this prediction string 0.,9.852941176470589,71,Allocation,original,no rag,AI,2
0,,"[1, 0, 0, 0, 0, 0]","[0, 0, 0, 1, 0, 0]","['economic', 'energy', 'none required', 'none', 'mass', 'biophysical']",ML model predicted No economic but the humans predicted economic.,Total number of matching positives in this prediction string 0.,68.08823529411765,71,Allocation,original,no rag,Human,2
0,,"[1, 0, 0, 0, 0, 0]","[0, 0, 0, 0, 0, 0]","['economic', 'energy', 'none required', 'none', 'mass', 'biophysical']",ML model predicted No economic but the humans predicted economic.,Total number of matching positives in this prediction string 0.,68.08823529411765,71,Allocation,original,rag,Human,1
0,,"[1, 0, 0, 0, 1, 0, 0, 0, 0]","[0, 0, 0, 0, 1, 0, 0, 0, 0]","['relative', 'kg FPCM', '1 ha', 'number', 'kg liveweight', 'kg ready-to-cook weight', 'kg cold dressed carcass weight', 'kg', 'kg cold carcass weight']",ML model predicted No relative but the humans predicted relative.,Total number of matching positives in this prediction string 1.,92.79411764705883,71,Functional Unit,original,rag,Human,1
0,,"[1, 1, 0, 0, 0, 0, 1, 1, 1, 1, 0, 1, 0, 0, 0, 0, 0, 1, 1]","[1, 1, 0, 0, 0, 1, 1, 1, 1, 1, 0, 1, 0, 0, 0, 1, 0, 1, 1]","['True_animalFeed', 'True_water', 'True_liveAnimalInput', 'True_electricityFuel', 'True_transport', 'True_pesticideVeterinaryDrug', 'True_seed', 'True_otherChemical', 'True_animalPopulation', 'True_freshForage', 'True_excreta', 'True_product', 'True_waste', 'True_soilAmendment', 'True_operation', 'True_fertiliser', 'True_material', 'True_ingredient', 'True_cropResidue']",ML model predicted True_pesticideVeterinaryDrug but the humans predicted No True_pesticideVeterinaryDrug.,Total number of matching positives in this prediction string 9.,51.21951219512195,74,System Boundary,standardized,no rag,AI,1
0,,"[1, 1, 0, 0, 0, 0, 1, 1, 1, 1, 0, 1, 0, 0, 0, 0, 0, 1, 1]","[1, 0, 0, 0, 0, 0, 0, 1, 1, 1, 0, 1, 0, 0, 0, 0, 0, 1, 1]","['True_animalFeed', 'True_water', 'True_liveAnimalInput', 'True_electricityFuel', 'True_transport', 'True_pesticideVeterinaryDrug', 'True_seed', 'True_otherChemical', 'True_animalPopulation', 'True_freshForage', 'True_excreta', 'True_product', 'True_waste', 'True_soilAmendment', 'True_operation', 'True_fertiliser', 'True_material', 'True_ingredient', 'True_cropResidue']",ML model predicted No True_seed but the humans predicted True_seed.,Total number of matching positives in this prediction string 7.,89.48170731707317,74,System Boundary,standardized,no rag,Human,1
0,,"[1, 1, 0, 0, 0, 0, 1, 1, 1, 1, 0, 1, 0, 0, 0, 0, 0, 1, 1]","[1, 0, 0, 0, 0, 0, 0, 1, 1, 1, 0, 1, 0, 0, 0, 0, 0, 1, 1]","['True_animalFeed', 'True_water', 'True_liveAnimalInput', 'True_electricityFuel', 'True_transport', 'True_pesticideVeterinaryDrug', 'True_seed', 'True_otherChemical', 'True_animalPopulation', 'True_freshForage', 'True_excreta', 'True_product', 'True_waste', 'True_soilAmendment', 'True_operation', 'True_fertiliser', 'True_material', 'True_ingredient', 'True_cropResidue']",ML model predicted No True_water but the humans predicted True_water.,Total number of matching positives in this prediction string 7.,21.49390243902439,74,System Boundary,standardized,no rag,Human,1
0,,"[1, 1, 0, 0, 0, 0, 1, 1, 1, 1, 0, 1, 0, 0, 0, 0, 0, 1, 1]","[1, 0, 0, 0, 0, 0, 0, 1, 1, 0, 0, 0, 0, 0, 0, 0, 0, 1, 1]","['True_animalFeed', 'True_water', 'True_liveAnimalInput', 'True_electricityFuel', 'True_transport', 'True_pesticideVeterinaryDrug', 'True_seed', 'True_otherChemical', 'True_animalPopulation', 'True_freshForage', 'True_excreta', 'True_product', 'True_waste', 'True_soilAmendment', 'True_operation', 'True_fertiliser', 'True_material', 'True_ingredient', 'True_cropResidue']",ML model predicted No True_product but the humans predicted True_product.,Total number of matching positives in this prediction string 5.,93.14024390243902,74,System Boundary,standardized,rag,Human,1
0,,"[1, 1, 0, 0, 0, 0, 1, 1, 1, 1, 0, 1, 0, 0, 0, 0, 0, 1, 1]","[1, 0, 0, 0, 0, 0, 0, 1, 1, 1, 0, 0, 0, 0, 0, 0, 0, 1, 1]","['True_animalFeed', 'True_water', 'True_liveAnimalInput', 'True_electricityFuel', 'True_transport', 'True_pesticideVeterinaryDrug', 'True_seed', 'True_otherChemical', 'True_animalPopulation', 'True_freshForage', 'True_excreta', 'True_product', 'True_waste', 'True_soilAmendment', 'True_operation', 'True_fertiliser', 'True_material', 'True_ingredient', 'True_cropResidue']",ML model predicted No True_product but the humans predicted True_product.,Total number of matching positives in this prediction string 6.,93.14024390243902,74,System Boundary,standardized,rag,Human,1
0,,"[1, 1, 0, 0, 0, 0, 1, 1, 1, 1, 0, 1, 0, 0, 0, 0, 0, 1, 1]","[1, 1, 0, 0, 0, 1, 1, 1, 1, 1, 0, 1, 0, 0, 0, 1, 0, 1, 1]","['True_animalFeed', 'True_water', 'True_liveAnimalInput', 'True_electricityFuel', 'True_transport', 'True_pesticideVeterinaryDrug', 'True_seed', 'True_otherChemical', 'True_animalPopulation', 'True_freshForage', 'True_excreta', 'True_product', 'True_waste', 'True_soilAmendment', 'True_operation', 'True_fertiliser', 'True_material', 'True_ingredient', 'True_cropResidue']",ML model predicted True_fertiliser but the humans predicted No True_fertiliser.,Total number of matching positives in this prediction string 9.,93.75,74,System Boundary,standardized,no rag,AI,1
0,,"[1, 1, 0, 0, 0, 0, 1, 1, 1, 1, 0, 1, 0, 0, 0, 0, 0, 1, 1]","[1, 0, 0, 0, 0, 0, 0, 1, 0, 1, 0, 1, 0, 1, 0, 1, 0, 1, 1]","['True_animalFeed', 'True_water', 'True_liveAnimalInput', 'True_electricityFuel', 'True_transport', 'True_pesticideVeterinaryDrug', 'True_seed', 'True_otherChemical', 'True_animalPopulation', 'True_freshForage', 'True_excreta', 'True_product', 'True_waste', 'True_soilAmendment', 'True_operation', 'True_fertiliser', 'True_material', 'True_ingredient', 'True_cropResidue']",ML model predicted No True_water but the humans predicted True_water.,Total number of matching positives in this prediction string 6.,21.49390243902439,74,System Boundary,standardized,no rag,Human,1
0,,"[1, 1, 0, 0, 0, 0, 1, 1, 1, 1, 0, 1, 0, 0, 0, 0, 0, 1, 1]","[1, 1, 0, 0, 0, 0, 1, 0, 1, 1, 0, 1, 0, 0, 0, 0, 0, 1, 1]","['True_animalFeed', 'True_water', 'True_liveAnimalInput', 'True_electricityFuel', 'True_transport', 'True_pesticideVeterinaryDrug', 'True_seed', 'True_otherChemical', 'True_animalPopulation', 'True_freshForage', 'True_excreta', 'True_product', 'True_waste', 'True_soilAmendment', 'True_operation', 'True_fertiliser', 'True_material', 'True_ingredient', 'True_cropResidue']",ML model predicted No True_otherChemical but the humans predicted True_otherChemical.,Total number of matching positives in this prediction string 8.,90.70121951219512,74,System Boundary,standardized,no rag,Human,1
0,,"[1, 1, 0, 0, 0, 0, 1, 1, 1, 1, 0, 1, 0, 0, 0, 0, 0, 1, 1]","[1, 1, 0, 0, 0, 1, 1, 1, 1, 1, 0, 1, 0, 0, 0, 0, 0, 1, 1]","['True_animalFeed', 'True_water', 'True_liveAnimalInput', 'True_electricityFuel', 'True_transport', 'True_pesticideVeterinaryDrug', 'True_seed', 'True_otherChemical', 'True_animalPopulation', 'True_freshForage', 'True_excreta', 'True_product', 'True_waste', 'True_soilAmendment', 'True_operation', 'True_fertiliser', 'True_material', 'True_ingredient', 'True_cropResidue']",ML model predicted True_pesticideVeterinaryDrug but the humans predicted No True_pesticideVeterinaryDrug.,Total number of matching positives in this prediction string 9.,51.21951219512195,74,System Boundary,standardized,rag,AI,1
0,,"[1, 1, 0, 0, 0, 0, 1, 1, 1, 1, 0, 1, 0, 0, 0, 0, 0, 1, 1]","[1, 1, 0, 0, 0, 1, 1, 1, 1, 1, 0, 1, 0, 0, 0, 0, 0, 1, 1]","['True_animalFeed', 'True_water', 'True_liveAnimalInput', 'True_electricityFuel', 'True_transport', 'True_pesticideVeterinaryDrug', 'True_seed', 'True_otherChemical', 'True_animalPopulation', 'True_freshForage', 'True_excreta', 'True_product', 'True_waste', 'True_soilAmendment', 'True_operation', 'True_fertiliser', 'True_material', 'True_ingredient', 'True_cropResidue']",ML model predicted True_pesticideVeterinaryDrug but the humans predicted No True_pesticideVeterinaryDrug.,Total number of matching positives in this prediction string 9.,51.21951219512195,74,System Boundary,standardized,no rag,AI,1
0,,"[1, 1, 0, 0, 0, 0, 1, 1, 1, 1, 0, 1, 0, 0, 0, 0, 0, 1, 1]","[1, 0, 0, 0, 0, 0, 0, 1, 1, 1, 0, 0, 0, 0, 0, 0, 0, 1, 1]","['True_animalFeed', 'True_water', 'True_liveAnimalInput', 'True_electricityFuel', 'True_transport', 'True_pesticideVeterinaryDrug', 'True_seed', 'True_otherChemical', 'True_animalPopulation', 'True_freshForage', 'True_excreta', 'True_product', 'True_waste', 'True_soilAmendment', 'True_operation', 'True_fertiliser', 'True_material', 'True_ingredient', 'True_cropResidue']",ML model predicted No True_seed but the humans predicted True_seed.,Total number of matching positives in this prediction string 6.,89.48170731707317,74,System Boundary,standardized,rag,Human,1
0,,"[1, 1, 0, 0, 0, 0, 1, 1, 1, 1, 0, 1, 0, 0, 0, 0, 0, 1, 1]","[1, 0, 0, 0, 0, 0, 0, 1, 0, 1, 0, 1, 0, 1, 0, 1, 0, 1, 1]","['True_animalFeed', 'True_water', 'True_liveAnimalInput', 'True_electricityFuel', 'True_transport', 'True_pesticideVeterinaryDrug', 'True_seed', 'True_otherChemical', 'True_animalPopulation', 'True_freshForage', 'True_excreta', 'True_product', 'True_waste', 'True_soilAmendment', 'True_operation', 'True_fertiliser', 'True_material', 'True_ingredient', 'True_cropResidue']",ML model predicted No True_animalPopulation but the humans predicted True_animalPopulation.,Total number of matching positives in this prediction string 6.,94.51219512195122,74,System Boundary,standardized,no rag,Human,1
0,,"[1, 1, 0, 0, 0, 0, 1, 1, 1, 1, 0, 1, 0, 0, 0, 0, 0, 1, 1]","[1, 0, 0, 0, 0, 0, 0, 1, 0, 1, 0, 1, 0, 1, 0, 1, 0, 1, 1]","['True_animalFeed', 'True_water', 'True_liveAnimalInput', 'True_electricityFuel', 'True_transport', 'True_pesticideVeterinaryDrug', 'True_seed', 'True_otherChemical', 'True_animalPopulation', 'True_freshForage', 'True_excreta', 'True_product', 'True_waste', 'True_soilAmendment', 'True_operation', 'True_fertiliser', 'True_material', 'True_ingredient', 'True_cropResidue']",ML model predicted True_soilAmendment but the humans predicted No True_soilAmendment.,Total number of matching positives in this prediction string 6.,92.3780487804878,74,System Boundary,standardized,no rag,AI,1
0,,"[1, 1, 0, 0, 0, 0, 1, 1, 1, 1, 0, 1, 0, 0, 0, 0, 0, 1, 1]","[1, 0, 0, 0, 0, 0, 0, 1, 0, 1, 0, 1, 0, 1, 0, 1, 0, 1, 1]","['True_animalFeed', 'True_water', 'True_liveAnimalInput', 'True_electricityFuel', 'True_transport', 'True_pesticideVeterinaryDrug', 'True_seed', 'True_otherChemical', 'True_animalPopulation', 'True_freshForage', 'True_excreta', 'True_product', 'True_waste', 'True_soilAmendment', 'True_operation', 'True_fertiliser', 'True_material', 'True_ingredient', 'True_cropResidue']",ML model predicted True_fertiliser but the humans predicted No True_fertiliser.,Total number of matching positives in this prediction string 6.,93.75,74,System Boundary,standardized,no rag,AI,1
0,,"[1, 1, 0, 0, 0, 0, 1, 1, 1, 1, 0, 1, 0, 0, 0, 0, 0, 1, 1]","[1, 0, 0, 0, 0, 0, 0, 1, 1, 0, 0, 0, 0, 0, 0, 0, 0, 1, 1]","['True_animalFeed', 'True_water', 'True_liveAnimalInput', 'True_electricityFuel', 'True_transport', 'True_pesticideVeterinaryDrug', 'True_seed', 'True_otherChemical', 'True_animalPopulation', 'True_freshForage', 'True_excreta', 'True_product', 'True_waste', 'True_soilAmendment', 'True_operation', 'True_fertiliser', 'True_material', 'True_ingredient', 'True_cropResidue']",ML model predicted No True_water but the humans predicted True_water.,Total number of matching positives in this prediction string 5.,21.49390243902439,74,System Boundary,standardized,rag,Human,1
0,,"[1, 1, 0, 0, 0, 0, 1, 1, 1, 1, 0, 1, 0, 0, 0, 0, 0, 1, 1]","[1, 0, 0, 0, 0, 0, 0, 1, 1, 0, 0, 0, 0, 0, 0, 0, 0, 1, 1]","['True_animalFeed', 'True_water', 'True_liveAnimalInput', 'True_electricityFuel', 'True_transport', 'True_pesticideVeterinaryDrug', 'True_seed', 'True_otherChemical', 'True_animalPopulation', 'True_freshForage', 'True_excreta', 'True_product', 'True_waste', 'True_soilAmendment', 'True_operation', 'True_fertiliser', 'True_material', 'True_ingredient', 'True_cropResidue']",ML model predicted No True_seed but the humans predicted True_seed.,Total number of matching positives in this prediction string 5.,89.48170731707317,74,System Boundary,standardized,rag,Human,1
0,,"[1, 1, 0, 0, 0, 0, 1, 1, 1, 1, 0, 1, 0, 0, 0, 0, 0, 1, 1]","[1, 0, 0, 0, 0, 0, 0, 1, 1, 0, 0, 0, 0, 0, 0, 0, 0, 1, 1]","['True_animalFeed', 'True_water', 'True_liveAnimalInput', 'True_electricityFuel', 'True_transport', 'True_pesticideVeterinaryDrug', 'True_seed', 'True_otherChemical', 'True_animalPopulation', 'True_freshForage', 'True_excreta', 'True_product', 'True_waste', 'True_soilAmendment', 'True_operation', 'True_fertiliser', 'True_material', 'True_ingredient', 'True_cropResidue']",ML model predicted No True_freshForage but the humans predicted True_freshForage.,Total number of matching positives in this prediction string 5.,87.5,74,System Boundary,standardized,rag,Human,1
0,,"[1, 1, 0, 0, 0, 0, 1, 1, 1, 1, 0, 1, 0, 0, 0, 0, 0, 1, 1]","[1, 0, 0, 0, 0, 0, 0, 1, 1, 1, 0, 0, 0, 0, 0, 0, 0, 1, 1]","['True_animalFeed', 'True_water', 'True_liveAnimalInput', 'True_electricityFuel', 'True_transport', 'True_pesticideVeterinaryDrug', 'True_seed', 'True_otherChemical', 'True_animalPopulation', 'True_freshForage', 'True_excreta', 'True_product', 'True_waste', 'True_soilAmendment', 'True_operation', 'True_fertiliser', 'True_material', 'True_ingredient', 'True_cropResidue']",ML model predicted No True_water but the humans predicted True_water.,Total number of matching positives in this prediction string 6.,21.49390243902439,74,System Boundary,standardized,rag,Human,1
0,,"[1, 1, 0, 0, 0, 0, 1, 1, 1, 1, 0, 1, 0, 0, 0, 0, 0, 1, 1]","[1, 0, 0, 0, 0, 0, 0, 1, 0, 1, 0, 1, 0, 1, 0, 1, 0, 1, 1]","['True_animalFeed', 'True_water', 'True_liveAnimalInput', 'True_electricityFuel', 'True_transport', 'True_pesticideVeterinaryDrug', 'True_seed', 'True_otherChemical', 'True_animalPopulation', 'True_freshForage', 'True_excreta', 'True_product', 'True_waste', 'True_soilAmendment', 'True_operation', 'True_fertiliser', 'True_material', 'True_ingredient', 'True_cropResidue']",ML model predicted No True_seed but the humans predicted True_seed.,Total number of matching positives in this prediction string 6.,89.48170731707317,74,System Boundary,standardized,no rag,Human,1
0,,"[1, 0, 1, 1, 1, 0, 0, 1, 1, 1, 0, 1, 0, 0, 1, 0, 0, 1, 0]","[0, 0, 1, 1, 1, 0, 0, 1, 1, 0, 0, 1, 0, 0, 1, 0, 0, 1, 0]","['True_animalFeed', 'True_water', 'True_liveAnimalInput', 'True_electricityFuel', 'True_transport', 'True_pesticideVeterinaryDrug', 'True_seed', 'True_otherChemical', 'True_animalPopulation', 'True_freshForage', 'True_excreta', 'True_product', 'True_waste', 'True_soilAmendment', 'True_operation', 'True_fertiliser', 'True_material', 'True_ingredient', 'True_cropResidue']",ML model predicted No True_animalFeed but the humans predicted True_animalFeed.,Total number of matching positives in this prediction string 8.,93.14024390243902,75,System Boundary,standardized,rag,Human,7
0,,"[1, 0, 1, 1, 1, 0, 0, 1, 1, 1, 0, 1, 0, 0, 1, 0, 0, 1, 0]","[0, 0, 1, 1, 1, 0, 0, 1, 1, 0, 0, 1, 0, 0, 1, 0, 0, 1, 0]","['True_animalFeed', 'True_water', 'True_liveAnimalInput', 'True_electricityFuel', 'True_transport', 'True_pesticideVeterinaryDrug', 'True_seed', 'True_otherChemical', 'True_animalPopulation', 'True_freshForage', 'True_excreta', 'True_product', 'True_waste', 'True_soilAmendment', 'True_operation', 'True_fertiliser', 'True_material', 'True_ingredient', 'True_cropResidue']",ML model predicted No True_freshForage but the humans predicted True_freshForage.,Total number of matching positives in this prediction string 8.,87.5,75,System Boundary,standardized,rag,Human,7
0,,"[1, 0, 1, 1, 1, 0, 0, 1, 1, 1, 0, 1, 0, 0, 1, 0, 0, 1, 0]","[0, 0, 1, 1, 1, 0, 0, 1, 1, 0, 0, 1, 0, 0, 1, 0, 0, 1, 0]","['True_animalFeed', 'True_water', 'True_liveAnimalInput', 'True_electricityFuel', 'True_transport', 'True_pesticideVeterinaryDrug', 'True_seed', 'True_otherChemical', 'True_animalPopulation', 'True_freshForage', 'True_excreta', 'True_product', 'True_waste', 'True_soilAmendment', 'True_operation', 'True_fertiliser', 'True_material', 'True_ingredient', 'True_cropResidue']",ML model predicted No True_freshForage but the humans predicted True_freshForage.,Total number of matching positives in this prediction string 8.,87.5,75,System Boundary,standardized,no rag,Human,7
0,,"[1, 0, 1, 1, 1, 0, 0, 1, 1, 1, 0, 1, 0, 0, 1, 0, 0, 1, 0]","[0, 0, 1, 1, 1, 0, 0, 1, 1, 0, 0, 1, 0, 0, 1, 0, 0, 1, 0]","['True_animalFeed', 'True_water', 'True_liveAnimalInput', 'True_electricityFuel', 'True_transport', 'True_pesticideVeterinaryDrug', 'True_seed', 'True_otherChemical', 'True_animalPopulation', 'True_freshForage', 'True_excreta', 'True_product', 'True_waste', 'True_soilAmendment', 'True_operation', 'True_fertiliser', 'True_material', 'True_ingredient', 'True_cropResidue']",ML model predicted No True_animalFeed but the humans predicted True_animalFeed.,Total number of matching positives in this prediction string 8.,93.14024390243902,75,System Boundary,standardized,no rag,Human,7
0,,"[0, 0, 0, 0, 0, 0, 0, 0, 0, 0, 0, 0, 0, 0, 0, 0, 0, 0, 0, 0, 0, 0, 0, 0, 0, 0, 0, 0, 0, 0, 0, 0, 0, 0, 0, 0, 0, 0, 0, 0, 0, 0, 0, 0, 0, 0, 0, 0, 0, 0, 0, 0, 1, 0, 0, 0, 1, 0, 0]","[0, 0, 0, 0, 0, 0, 0, 0, 0, 0, 0, 0, 0, 1, 0, 0, 0, 0, 0, 0, 0, 0, 0, 0, 0, 0, 0, 0, 0, 0, 0, 0, 0, 0, 0, 0, 0, 0, 0, 0, 0, 0, 0, 0, 0, 0, 0, 0, 0, 0, 0, 0, 1, 0, 0, 0, 0, 0, 0]","['Meat, beef cattle (cold carcass weight)', 'Meat, pig (cold dressed carcass weight)', 'Meat, chicken, breast', 'Milk, cow, raw (FPCM)', 'Broiler chicken', 'Beef cattle', 'Hides', 'Sheep, ewe', 'Beef cattle, heifer', 'Beef cattle, calf (female, weaned)', 'Dairy cattle, calf (weaned)', 'Cattle', 'Wool, sheep (greasy)', 'Meat, dairy cattle (liveweight)', 'Beef cattle, steer', 'Meat, sheep (liveweight)', 'Beef cattle, heifer and steer', 'Dairy cattle, cow', 'Cattle, urine (kg mass)', 'Dairy cattle', 'Layer chicken, hen', 'Sheep, lamb (male, unweaned)', 'Meat, chicken, wings', 'Wool', 'Eggs, hen, in shell (number)', 'Pig', 'Broiler chicken, hen', 'Dairy cattle, calf (male, unweaned)', 'Meat, dairy cattle (cold carcass weight)', 'Dairy cattle, calf', 'Beef cattle, calf (male, weaned)', 'Meat, beef cattle (cold dressed carcass weight)', 'Eggs, hen, in shell', 'Broiler chicken, chick', 'Meat, chicken (liveweight)', 'Pig, piglet', 'Layer chicken, pullet', 'Sheep, lamb (female, unweaned)', 'Milk', 'Beef cattle, bull', 'Eggs', 'Sheep, lamb', 'Dairy cattle, calf (female, weaned)', 'Sheep, ram', 'Sheep, lamb (weaned)', 'Meat, chicken (cold carcass weight)', 'Beef cattle, calf (weaned)', 'Meat, chicken, leg', 'Sheep', 'Layer chicken', 'Beef cattle, cow', 'Poultry by-product meal', 'Meat', 'Milk, cow, raw', 'Hides, dairy cattle, fresh', 'Pig, sow', 'Meat, beef cattle (liveweight)', 'Dairy cattle, heifer', 'Meat, sheep (cold carcass weight)']","ML model predicted Meat, dairy cattle (liveweight) but the humans predicted No Meat, dairy cattle (liveweight).",Total number of matching positives in this prediction string 1.,3.201219512195122,76,Product,standardized,no rag,AI,1
0,,"[1, 1, 1, 1, 1, 1, 1, 1, 1, 1, 1, 1, 0, 1, 1, 1, 0, 1, 1]","[1, 1, 1, 0, 0, 1, 1, 1, 1, 1, 1, 1, 0, 1, 0, 1, 0, 1, 1]","['True_animalFeed', 'True_water', 'True_liveAnimalInput', 'True_electricityFuel', 'True_transport', 'True_pesticideVeterinaryDrug', 'True_seed', 'True_otherChemical', 'True_animalPopulation', 'True_freshForage', 'True_excreta', 'True_product', 'True_waste', 'True_soilAmendment', 'True_operation', 'True_fertiliser', 'True_material', 'True_ingredient', 'True_cropResidue']",ML model predicted No True_transport but the humans predicted True_transport.,Total number of matching positives in this prediction string 14.,6.470588235294118,76,System Boundary,original,rag,Human,2
0,,"[1, 1, 1, 1, 1, 1, 1, 1, 1, 1, 1, 1, 0, 1, 1, 1, 0, 1, 1]","[1, 1, 1, 0, 0, 1, 1, 1, 1, 1, 1, 1, 0, 1, 0, 1, 0, 1, 1]","['True_animalFeed', 'True_water', 'True_liveAnimalInput', 'True_electricityFuel', 'True_transport', 'True_pesticideVeterinaryDrug', 'True_seed', 'True_otherChemical', 'True_animalPopulation', 'True_freshForage', 'True_excreta', 'True_product', 'True_waste', 'True_soilAmendment', 'True_operation', 'True_fertiliser', 'True_material', 'True_ingredient', 'True_cropResidue']",ML model predicted No True_operation but the humans predicted True_operation.,Total number of matching positives in this prediction string 14.,33.088235294117645,76,System Boundary,original,rag,Human,2
0,,"[1, 1, 1, 1, 1, 1, 1, 1, 1, 1, 1, 1, 0, 1, 1, 1, 0, 1, 1]","[1, 1, 1, 0, 1, 1, 1, 1, 1, 1, 1, 1, 0, 1, 0, 1, 0, 1, 1]","['True_animalFeed', 'True_water', 'True_liveAnimalInput', 'True_electricityFuel', 'True_transport', 'True_pesticideVeterinaryDrug', 'True_seed', 'True_otherChemical', 'True_animalPopulation', 'True_freshForage', 'True_excreta', 'True_product', 'True_waste', 'True_soilAmendment', 'True_operation', 'True_fertiliser', 'True_material', 'True_ingredient', 'True_cropResidue']",ML model predicted No True_electricityFuel but the humans predicted True_electricityFuel.,Total number of matching positives in this prediction string 15.,64.70588235294117,76,System Boundary,original,no rag,Human,1
0,,"[1, 1, 1, 1, 1, 1, 1, 1, 1, 1, 1, 1, 0, 1, 1, 1, 0, 1, 1]","[1, 1, 1, 0, 1, 1, 1, 1, 1, 1, 1, 1, 0, 1, 0, 1, 0, 1, 1]","['True_animalFeed', 'True_water', 'True_liveAnimalInput', 'True_electricityFuel', 'True_transport', 'True_pesticideVeterinaryDrug', 'True_seed', 'True_otherChemical', 'True_animalPopulation', 'True_freshForage', 'True_excreta', 'True_product', 'True_waste', 'True_soilAmendment', 'True_operation', 'True_fertiliser', 'True_material', 'True_ingredient', 'True_cropResidue']",ML model predicted No True_operation but the humans predicted True_operation.,Total number of matching positives in this prediction string 15.,33.088235294117645,76,System Boundary,original,no rag,Human,1
0,,"[1, 1, 1, 1, 1, 1, 1, 1, 1, 1, 1, 1, 0, 1, 1, 1, 0, 1, 1]","[1, 1, 1, 1, 0, 1, 1, 1, 1, 1, 1, 1, 0, 1, 0, 1, 0, 1, 1]","['True_animalFeed', 'True_water', 'True_liveAnimalInput', 'True_electricityFuel', 'True_transport', 'True_pesticideVeterinaryDrug', 'True_seed', 'True_otherChemical', 'True_animalPopulation', 'True_freshForage', 'True_excreta', 'True_product', 'True_waste', 'True_soilAmendment', 'True_operation', 'True_fertiliser', 'True_material', 'True_ingredient', 'True_cropResidue']",ML model predicted No True_transport but the humans predicted True_transport.,Total number of matching positives in this prediction string 15.,6.470588235294118,76,System Boundary,original,no rag,Human,2
0,,"[1, 1, 1, 1, 1, 1, 1, 1, 1, 1, 1, 1, 0, 1, 1, 1, 0, 1, 1]","[1, 1, 1, 1, 0, 1, 1, 1, 1, 1, 1, 1, 0, 1, 0, 1, 0, 1, 1]","['True_animalFeed', 'True_water', 'True_liveAnimalInput', 'True_electricityFuel', 'True_transport', 'True_pesticideVeterinaryDrug', 'True_seed', 'True_otherChemical', 'True_animalPopulation', 'True_freshForage', 'True_excreta', 'True_product', 'True_waste', 'True_soilAmendment', 'True_operation', 'True_fertiliser', 'True_material', 'True_ingredient', 'True_cropResidue']",ML model predicted No True_transport but the humans predicted True_transport.,Total number of matching positives in this prediction string 15.,6.470588235294118,76,System Boundary,original,rag,Human,1
0,,"[1, 1, 1, 1, 1, 1, 1, 1, 1, 1, 1, 1, 0, 1, 1, 1, 0, 1, 1]","[1, 1, 1, 1, 0, 1, 1, 1, 1, 1, 1, 1, 0, 1, 0, 1, 0, 1, 1]","['True_animalFeed', 'True_water', 'True_liveAnimalInput', 'True_electricityFuel', 'True_transport', 'True_pesticideVeterinaryDrug', 'True_seed', 'True_otherChemical', 'True_animalPopulation', 'True_freshForage', 'True_excreta', 'True_product', 'True_waste', 'True_soilAmendment', 'True_operation', 'True_fertiliser', 'True_material', 'True_ingredient', 'True_cropResidue']",ML model predicted No True_operation but the humans predicted True_operation.,Total number of matching positives in this prediction string 15.,33.088235294117645,76,System Boundary,original,rag,Human,1
0,,"[1, 1, 1, 1, 1, 1, 1, 1, 1, 1, 1, 1, 0, 1, 1, 1, 0, 1, 1]","[1, 1, 1, 1, 1, 1, 1, 1, 1, 1, 1, 1, 0, 1, 0, 1, 0, 1, 1]","['True_animalFeed', 'True_water', 'True_liveAnimalInput', 'True_electricityFuel', 'True_transport', 'True_pesticideVeterinaryDrug', 'True_seed', 'True_otherChemical', 'True_animalPopulation', 'True_freshForage', 'True_excreta', 'True_product', 'True_waste', 'True_soilAmendment', 'True_operation', 'True_fertiliser', 'True_material', 'True_ingredient', 'True_cropResidue']",ML model predicted No True_operation but the humans predicted True_operation.,Total number of matching positives in this prediction string 16.,33.088235294117645,76,System Boundary,original,rag,Human,1
0,,"[1, 1, 1, 1, 1, 1, 1, 1, 1, 1, 1, 1, 0, 1, 1, 1, 0, 1, 1]","[1, 0, 1, 0, 0, 1, 1, 1, 1, 1, 1, 1, 0, 1, 0, 1, 0, 1, 1]","['True_animalFeed', 'True_water', 'True_liveAnimalInput', 'True_electricityFuel', 'True_transport', 'True_pesticideVeterinaryDrug', 'True_seed', 'True_otherChemical', 'True_animalPopulation', 'True_freshForage', 'True_excreta', 'True_product', 'True_waste', 'True_soilAmendment', 'True_operation', 'True_fertiliser', 'True_material', 'True_ingredient', 'True_cropResidue']",ML model predicted No True_transport but the humans predicted True_transport.,Total number of matching positives in this prediction string 13.,6.470588235294118,76,System Boundary,original,no rag,Human,3
0,,"[1, 1, 1, 1, 1, 1, 1, 1, 1, 1, 1, 1, 0, 1, 1, 1, 0, 1, 1]","[1, 0, 1, 0, 0, 1, 1, 1, 1, 1, 1, 1, 0, 1, 0, 1, 0, 1, 1]","['True_animalFeed', 'True_water', 'True_liveAnimalInput', 'True_electricityFuel', 'True_transport', 'True_pesticideVeterinaryDrug', 'True_seed', 'True_otherChemical', 'True_animalPopulation', 'True_freshForage', 'True_excreta', 'True_product', 'True_waste', 'True_soilAmendment', 'True_operation', 'True_fertiliser', 'True_material', 'True_ingredient', 'True_cropResidue']",ML model predicted No True_operation but the humans predicted True_operation.,Total number of matching positives in this prediction string 13.,33.088235294117645,76,System Boundary,original,no rag,Human,3
0,,"[0, 0, 0, 0, 0, 0, 0, 0, 0, 0, 0, 0, 0, 0, 0, 0, 0, 0, 0, 0, 0, 0, 0, 0, 0, 0, 0, 0, 0, 0, 0, 0, 0, 0, 0, 0, 0, 0, 0, 0, 0, 0, 0, 0, 0, 0, 0, 0, 0, 0, 0, 0, 0, 0, 1, 0, 0, 0, 0, 0, 0, 0]","[0, 0, 0, 0, 0, 0, 0, 0, 0, 0, 0, 0, 0, 0, 0, 0, 0, 0, 0, 0, 0, 0, 0, 0, 0, 0, 0, 0, 0, 0, 0, 0, 0, 0, 0, 0, 0, 0, 0, 0, 0, 0, 0, 0, 0, 0, 0, 0, 0, 0, 0, 0, 0, 0, 0, 1, 0, 0, 0, 0, 0, 0]","['Meat, beef cattle (cold carcass weight)', 'Dairy cattle, heifer', 'Meat, pig (cold dressed carcass weight)', 'Meat, chicken, breast', 'Milk, cow, raw (FPCM)', 'Broiler chicken', 'Beef cattle', 'Hides', 'Sheep, ewe', 'Beef cattle, heifer', 'Beef cattle, calf (female, weaned)', 'Dairy cattle, calf (weaned)', 'Cattle', 'Wool, sheep (greasy)', 'Meat, dairy cattle (liveweight)', 'Beef cattle, steer', 'Meat, sheep (liveweight)', 'Beef cattle, heifer and steer', 'Dairy cattle, cow', 'Cattle, urine (kg mass)', 'Meat, pig (cold carcass weight)', 'Offal', 'Dairy cattle', 'Layer chicken, hen', 'Sheep, lamb (male, unweaned)', 'Meat, chicken, wings', 'Wool', 'Eggs, hen, in shell (number)', 'Pig', 'Broiler chicken, hen', 'Dairy cattle, calf (male, unweaned)', 'Meat, dairy cattle (cold carcass weight)', 'Dairy cattle, calf', 'Beef cattle, calf (male, weaned)', 'Meat, beef cattle (cold dressed carcass weight)', 'Eggs, hen, in shell', 'Broiler chicken, chick', 'Meat, chicken (liveweight)', 'Pig, piglet', 'Layer chicken, pullet', 'Sheep, lamb (female, unweaned)', 'Milk', 'Beef cattle, bull', 'Eggs', 'Sheep, lamb', 'Dairy cattle, calf (female, weaned)', 'Sheep, ram', 'Sheep, lamb (weaned)', 'Beef cattle, calf (weaned)', 'Meat, chicken, leg', 'Sheep', 'Layer chicken', 'Beef cattle, cow', 'Offal, pigs', 'Poultry by-product meal', 'Meat', 'Milk, cow, raw', 'Hides, dairy cattle, fresh', 'Pig, sow', 'Meat, beef cattle (liveweight)', 'Meat, chicken (cold carcass weight)', 'Meat, sheep (cold carcass weight)']",ML model predicted No Poultry by-product meal but the humans predicted Poultry by-product meal.,Total number of matching positives in this prediction string 0.,Not in Training Dataset,76,Product,original,rag,Human,6
0,,"[0, 0, 0, 0, 0, 0, 0, 0, 0, 0, 0, 0, 0, 0, 0, 0, 0, 0, 0, 0, 0, 0, 0, 0, 0, 0, 0, 0, 0, 0, 0, 0, 0, 0, 0, 0, 0, 0, 0, 0, 0, 0, 0, 0, 0, 0, 0, 0, 0, 0, 0, 0, 0, 0, 1, 0, 0, 0, 0, 0, 0, 0]","[0, 0, 0, 0, 0, 0, 0, 0, 0, 0, 0, 0, 0, 0, 0, 0, 0, 0, 0, 0, 0, 0, 0, 0, 0, 0, 0, 0, 0, 0, 0, 0, 0, 0, 0, 0, 0, 0, 0, 0, 0, 0, 0, 0, 0, 0, 0, 0, 0, 0, 0, 0, 0, 0, 0, 1, 0, 0, 0, 0, 0, 0]","['Meat, beef cattle (cold carcass weight)', 'Dairy cattle, heifer', 'Meat, pig (cold dressed carcass weight)', 'Meat, chicken, breast', 'Milk, cow, raw (FPCM)', 'Broiler chicken', 'Beef cattle', 'Hides', 'Sheep, ewe', 'Beef cattle, heifer', 'Beef cattle, calf (female, weaned)', 'Dairy cattle, calf (weaned)', 'Cattle', 'Wool, sheep (greasy)', 'Meat, dairy cattle (liveweight)', 'Beef cattle, steer', 'Meat, sheep (liveweight)', 'Beef cattle, heifer and steer', 'Dairy cattle, cow', 'Cattle, urine (kg mass)', 'Meat, pig (cold carcass weight)', 'Offal', 'Dairy cattle', 'Layer chicken, hen', 'Sheep, lamb (male, unweaned)', 'Meat, chicken, wings', 'Wool', 'Eggs, hen, in shell (number)', 'Pig', 'Broiler chicken, hen', 'Dairy cattle, calf (male, unweaned)', 'Meat, dairy cattle (cold carcass weight)', 'Dairy cattle, calf', 'Beef cattle, calf (male, weaned)', 'Meat, beef cattle (cold dressed carcass weight)', 'Eggs, hen, in shell', 'Broiler chicken, chick', 'Meat, chicken (liveweight)', 'Pig, piglet', 'Layer chicken, pullet', 'Sheep, lamb (female, unweaned)', 'Milk', 'Beef cattle, bull', 'Eggs', 'Sheep, lamb', 'Dairy cattle, calf (female, weaned)', 'Sheep, ram', 'Sheep, lamb (weaned)', 'Beef cattle, calf (weaned)', 'Meat, chicken, leg', 'Sheep', 'Layer chicken', 'Beef cattle, cow', 'Offal, pigs', 'Poultry by-product meal', 'Meat', 'Milk, cow, raw', 'Hides, dairy cattle, fresh', 'Pig, sow', 'Meat, beef cattle (liveweight)', 'Meat, chicken (cold carcass weight)', 'Meat, sheep (cold carcass weight)']",ML model predicted Meat but the humans predicted No Meat.,Total number of matching positives in this prediction string 0.,13.823529411764707,76,Product,original,no rag,AI,6
0,,"[1, 1, 1, 1, 1, 1, 1, 1, 1, 1, 1, 1, 0, 1, 1, 1, 0, 1, 1]","[1, 1, 1, 1, 0, 1, 1, 1, 1, 1, 1, 1, 0, 1, 0, 1, 0, 1, 1]","['True_animalFeed', 'True_water', 'True_liveAnimalInput', 'True_electricityFuel', 'True_transport', 'True_pesticideVeterinaryDrug', 'True_seed', 'True_otherChemical', 'True_animalPopulation', 'True_freshForage', 'True_excreta', 'True_product', 'True_waste', 'True_soilAmendment', 'True_operation', 'True_fertiliser', 'True_material', 'True_ingredient', 'True_cropResidue']",ML model predicted No True_operation but the humans predicted True_operation.,Total number of matching positives in this prediction string 15.,33.088235294117645,76,System Boundary,original,no rag,Human,2
0,,"[1, 1, 1, 1, 1, 1, 1, 1, 1, 1, 1, 1, 0, 1, 1, 1, 0, 1, 1]","[1, 1, 1, 0, 0, 1, 1, 1, 1, 1, 1, 1, 0, 1, 0, 1, 0, 1, 1]","['True_animalFeed', 'True_water', 'True_liveAnimalInput', 'True_electricityFuel', 'True_transport', 'True_pesticideVeterinaryDrug', 'True_seed', 'True_otherChemical', 'True_animalPopulation', 'True_freshForage', 'True_excreta', 'True_product', 'True_waste', 'True_soilAmendment', 'True_operation', 'True_fertiliser', 'True_material', 'True_ingredient', 'True_cropResidue']",ML model predicted No True_electricityFuel but the humans predicted True_electricityFuel.,Total number of matching positives in this prediction string 14.,64.70588235294117,76,System Boundary,original,no rag,Human,1
0,,"[1, 1, 1, 1, 1, 1, 1, 1, 1, 1, 1, 1, 0, 1, 1, 1, 0, 1, 1]","[1, 1, 1, 0, 0, 1, 1, 1, 1, 1, 1, 1, 0, 1, 0, 1, 0, 1, 1]","['True_animalFeed', 'True_water', 'True_liveAnimalInput', 'True_electricityFuel', 'True_transport', 'True_pesticideVeterinaryDrug', 'True_seed', 'True_otherChemical', 'True_animalPopulation', 'True_freshForage', 'True_excreta', 'True_product', 'True_waste', 'True_soilAmendment', 'True_operation', 'True_fertiliser', 'True_material', 'True_ingredient', 'True_cropResidue']",ML model predicted No True_transport but the humans predicted True_transport.,Total number of matching positives in this prediction string 14.,6.470588235294118,76,System Boundary,original,no rag,Human,1
0,,"[1, 1, 1, 1, 1, 1, 1, 1, 1, 1, 1, 1, 0, 1, 1, 1, 0, 1, 1]","[1, 1, 1, 0, 0, 1, 1, 1, 1, 1, 1, 1, 0, 1, 0, 1, 0, 1, 1]","['True_animalFeed', 'True_water', 'True_liveAnimalInput', 'True_electricityFuel', 'True_transport', 'True_pesticideVeterinaryDrug', 'True_seed', 'True_otherChemical', 'True_animalPopulation', 'True_freshForage', 'True_excreta', 'True_product', 'True_waste', 'True_soilAmendment', 'True_operation', 'True_fertiliser', 'True_material', 'True_ingredient', 'True_cropResidue']",ML model predicted No True_operation but the humans predicted True_operation.,Total number of matching positives in this prediction string 14.,33.088235294117645,76,System Boundary,original,no rag,Human,1
0,,"[0, 0, 0, 0, 0, 0, 0, 0, 0, 0, 0, 0, 0, 0, 0, 0, 0, 0, 0, 0, 0, 0, 0, 0, 0, 0, 0, 0, 0, 0, 0, 0, 0, 0, 0, 0, 0, 0, 0, 0, 0, 0, 0, 0, 0, 0, 0, 0, 0, 0, 0, 0, 1, 0, 0, 0, 1, 0, 0]","[0, 0, 0, 0, 0, 0, 0, 0, 0, 0, 0, 0, 0, 0, 0, 0, 0, 0, 0, 0, 0, 0, 0, 0, 0, 0, 0, 0, 0, 0, 0, 0, 0, 0, 0, 0, 0, 0, 0, 0, 0, 0, 0, 0, 0, 0, 0, 0, 0, 0, 0, 0, 1, 0, 0, 0, 0, 0, 0]","['Meat, beef cattle (cold carcass weight)', 'Meat, pig (cold dressed carcass weight)', 'Meat, chicken, breast', 'Milk, cow, raw (FPCM)', 'Broiler chicken', 'Beef cattle', 'Hides', 'Sheep, ewe', 'Beef cattle, heifer', 'Beef cattle, calf (female, weaned)', 'Dairy cattle, calf (weaned)', 'Cattle', 'Wool, sheep (greasy)', 'Meat, dairy cattle (liveweight)', 'Beef cattle, steer', 'Meat, sheep (liveweight)', 'Beef cattle, heifer and steer', 'Dairy cattle, cow', 'Cattle, urine (kg mass)', 'Dairy cattle', 'Layer chicken, hen', 'Sheep, lamb (male, unweaned)', 'Meat, chicken, wings', 'Wool', 'Eggs, hen, in shell (number)', 'Pig', 'Broiler chicken, hen', 'Dairy cattle, calf (male, unweaned)', 'Meat, dairy cattle (cold carcass weight)', 'Dairy cattle, calf', 'Beef cattle, calf (male, weaned)', 'Meat, beef cattle (cold dressed carcass weight)', 'Eggs, hen, in shell', 'Broiler chicken, chick', 'Meat, chicken (liveweight)', 'Pig, piglet', 'Layer chicken, pullet', 'Sheep, lamb (female, unweaned)', 'Milk', 'Beef cattle, bull', 'Eggs', 'Sheep, lamb', 'Dairy cattle, calf (female, weaned)', 'Sheep, ram', 'Sheep, lamb (weaned)', 'Meat, chicken (cold carcass weight)', 'Beef cattle, calf (weaned)', 'Meat, chicken, leg', 'Sheep', 'Layer chicken', 'Beef cattle, cow', 'Poultry by-product meal', 'Meat', 'Milk, cow, raw', 'Hides, dairy cattle, fresh', 'Pig, sow', 'Meat, beef cattle (liveweight)', 'Dairy cattle, heifer', 'Meat, sheep (cold carcass weight)']","ML model predicted No Meat, beef cattle (liveweight) but the humans predicted Meat, beef cattle (liveweight).",Total number of matching positives in this prediction string 1.,0.4573170731707317,76,Product,standardized,rag,Human,3
0,,"[0, 0, 0, 0, 0, 0, 0, 0, 0, 0, 0, 0, 0, 0, 0, 0, 0, 0, 0, 0, 0, 0, 0, 0, 0, 0, 0, 0, 0, 0, 0, 0, 0, 0, 0, 0, 0, 0, 0, 0, 0, 0, 0, 0, 0, 0, 0, 0, 0, 0, 0, 0, 0, 0, 1, 0, 0, 0, 0, 0, 0, 0]","[0, 0, 1, 0, 0, 0, 0, 0, 0, 0, 0, 0, 0, 0, 0, 0, 0, 0, 0, 0, 0, 0, 0, 0, 0, 0, 0, 0, 0, 0, 0, 0, 0, 0, 0, 0, 0, 0, 0, 0, 0, 0, 0, 0, 0, 0, 0, 0, 0, 0, 0, 0, 0, 0, 0, 1, 0, 0, 0, 0, 0, 0]","['Meat, beef cattle (cold carcass weight)', 'Dairy cattle, heifer', 'Meat, pig (cold dressed carcass weight)', 'Meat, chicken, breast', 'Milk, cow, raw (FPCM)', 'Broiler chicken', 'Beef cattle', 'Hides', 'Sheep, ewe', 'Beef cattle, heifer', 'Beef cattle, calf (female, weaned)', 'Dairy cattle, calf (weaned)', 'Cattle', 'Wool, sheep (greasy)', 'Meat, dairy cattle (liveweight)', 'Beef cattle, steer', 'Meat, sheep (liveweight)', 'Beef cattle, heifer and steer', 'Dairy cattle, cow', 'Cattle, urine (kg mass)', 'Meat, pig (cold carcass weight)', 'Offal', 'Dairy cattle', 'Layer chicken, hen', 'Sheep, lamb (male, unweaned)', 'Meat, chicken, wings', 'Wool', 'Eggs, hen, in shell (number)', 'Pig', 'Broiler chicken, hen', 'Dairy cattle, calf (male, unweaned)', 'Meat, dairy cattle (cold carcass weight)', 'Dairy cattle, calf', 'Beef cattle, calf (male, weaned)', 'Meat, beef cattle (cold dressed carcass weight)', 'Eggs, hen, in shell', 'Broiler chicken, chick', 'Meat, chicken (liveweight)', 'Pig, piglet', 'Layer chicken, pullet', 'Sheep, lamb (female, unweaned)', 'Milk', 'Beef cattle, bull', 'Eggs', 'Sheep, lamb', 'Dairy cattle, calf (female, weaned)', 'Sheep, ram', 'Sheep, lamb (weaned)', 'Beef cattle, calf (weaned)', 'Meat, chicken, leg', 'Sheep', 'Layer chicken', 'Beef cattle, cow', 'Offal, pigs', 'Poultry by-product meal', 'Meat', 'Milk, cow, raw', 'Hides, dairy cattle, fresh', 'Pig, sow', 'Meat, beef cattle (liveweight)', 'Meat, chicken (cold carcass weight)', 'Meat, sheep (cold carcass weight)']",ML model predicted Meat but the humans predicted No Meat.,Total number of matching positives in this prediction string 0.,13.823529411764707,76,Product,original,no rag,AI,1
0,,"[0, 0, 0, 0, 0, 0, 0, 0, 0, 0, 0, 0, 0, 0, 0, 0, 0, 0, 0, 0, 0, 0, 0, 0, 0, 0, 0, 0, 0, 0, 0, 0, 0, 0, 0, 0, 0, 0, 0, 0, 0, 0, 0, 0, 0, 0, 0, 0, 0, 0, 0, 0, 0, 0, 1, 0, 0, 0, 0, 0, 0, 0]","[0, 0, 1, 0, 0, 0, 0, 0, 0, 0, 0, 0, 0, 0, 0, 0, 0, 0, 0, 0, 0, 0, 0, 0, 0, 0, 0, 0, 0, 0, 0, 0, 0, 0, 0, 0, 0, 0, 0, 0, 0, 0, 0, 0, 0, 0, 0, 0, 0, 0, 0, 0, 0, 0, 0, 1, 0, 0, 0, 0, 0, 0]","['Meat, beef cattle (cold carcass weight)', 'Dairy cattle, heifer', 'Meat, pig (cold dressed carcass weight)', 'Meat, chicken, breast', 'Milk, cow, raw (FPCM)', 'Broiler chicken', 'Beef cattle', 'Hides', 'Sheep, ewe', 'Beef cattle, heifer', 'Beef cattle, calf (female, weaned)', 'Dairy cattle, calf (weaned)', 'Cattle', 'Wool, sheep (greasy)', 'Meat, dairy cattle (liveweight)', 'Beef cattle, steer', 'Meat, sheep (liveweight)', 'Beef cattle, heifer and steer', 'Dairy cattle, cow', 'Cattle, urine (kg mass)', 'Meat, pig (cold carcass weight)', 'Offal', 'Dairy cattle', 'Layer chicken, hen', 'Sheep, lamb (male, unweaned)', 'Meat, chicken, wings', 'Wool', 'Eggs, hen, in shell (number)', 'Pig', 'Broiler chicken, hen', 'Dairy cattle, calf (male, unweaned)', 'Meat, dairy cattle (cold carcass weight)', 'Dairy cattle, calf', 'Beef cattle, calf (male, weaned)', 'Meat, beef cattle (cold dressed carcass weight)', 'Eggs, hen, in shell', 'Broiler chicken, chick', 'Meat, chicken (liveweight)', 'Pig, piglet', 'Layer chicken, pullet', 'Sheep, lamb (female, unweaned)', 'Milk', 'Beef cattle, bull', 'Eggs', 'Sheep, lamb', 'Dairy cattle, calf (female, weaned)', 'Sheep, ram', 'Sheep, lamb (weaned)', 'Beef cattle, calf (weaned)', 'Meat, chicken, leg', 'Sheep', 'Layer chicken', 'Beef cattle, cow', 'Offal, pigs', 'Poultry by-product meal', 'Meat', 'Milk, cow, raw', 'Hides, dairy cattle, fresh', 'Pig, sow', 'Meat, beef cattle (liveweight)', 'Meat, chicken (cold carcass weight)', 'Meat, sheep (cold carcass weight)']",ML model predicted No Poultry by-product meal but the humans predicted Poultry by-product meal.,Total number of matching positives in this prediction string 0.,Not in Training Dataset,76,Product,original,no rag,Human,1
0,,"[0, 0, 0, 0, 0, 0, 0, 0, 0, 0, 0, 0, 0, 0, 0, 0, 0, 0, 0, 0, 0, 0, 0, 0, 0, 0, 0, 0, 0, 0, 0, 0, 0, 0, 0, 0, 0, 0, 0, 0, 0, 0, 0, 0, 0, 0, 0, 0, 0, 0, 0, 0, 0, 0, 1, 0, 0, 0, 0, 0, 0, 0]","[0, 0, 1, 0, 0, 0, 0, 0, 0, 0, 0, 0, 0, 0, 0, 0, 0, 0, 0, 0, 0, 0, 0, 0, 0, 0, 0, 0, 0, 0, 0, 0, 0, 0, 0, 0, 0, 0, 0, 0, 0, 0, 0, 0, 0, 0, 0, 0, 0, 0, 0, 0, 0, 0, 0, 1, 0, 0, 0, 0, 0, 0]","['Meat, beef cattle (cold carcass weight)', 'Dairy cattle, heifer', 'Meat, pig (cold dressed carcass weight)', 'Meat, chicken, breast', 'Milk, cow, raw (FPCM)', 'Broiler chicken', 'Beef cattle', 'Hides', 'Sheep, ewe', 'Beef cattle, heifer', 'Beef cattle, calf (female, weaned)', 'Dairy cattle, calf (weaned)', 'Cattle', 'Wool, sheep (greasy)', 'Meat, dairy cattle (liveweight)', 'Beef cattle, steer', 'Meat, sheep (liveweight)', 'Beef cattle, heifer and steer', 'Dairy cattle, cow', 'Cattle, urine (kg mass)', 'Meat, pig (cold carcass weight)', 'Offal', 'Dairy cattle', 'Layer chicken, hen', 'Sheep, lamb (male, unweaned)', 'Meat, chicken, wings', 'Wool', 'Eggs, hen, in shell (number)', 'Pig', 'Broiler chicken, hen', 'Dairy cattle, calf (male, unweaned)', 'Meat, dairy cattle (cold carcass weight)', 'Dairy cattle, calf', 'Beef cattle, calf (male, weaned)', 'Meat, beef cattle (cold dressed carcass weight)', 'Eggs, hen, in shell', 'Broiler chicken, chick', 'Meat, chicken (liveweight)', 'Pig, piglet', 'Layer chicken, pullet', 'Sheep, lamb (female, unweaned)', 'Milk', 'Beef cattle, bull', 'Eggs', 'Sheep, lamb', 'Dairy cattle, calf (female, weaned)', 'Sheep, ram', 'Sheep, lamb (weaned)', 'Beef cattle, calf (weaned)', 'Meat, chicken, leg', 'Sheep', 'Layer chicken', 'Beef cattle, cow', 'Offal, pigs', 'Poultry by-product meal', 'Meat', 'Milk, cow, raw', 'Hides, dairy cattle, fresh', 'Pig, sow', 'Meat, beef cattle (liveweight)', 'Meat, chicken (cold carcass weight)', 'Meat, sheep (cold carcass weight)']","ML model predicted Meat, pig (cold dressed carcass weight) but the humans predicted No Meat, pig (cold dressed carcass weight).",Total number of matching positives in this prediction string 0.,2.7941176470588234,76,Product,original,no rag,AI,1
0,,"[0, 0, 0, 0, 0, 0, 0, 0, 0, 0, 0, 0, 0, 0, 0, 0, 0, 0, 0, 0, 0, 0, 0, 0, 0, 0, 0, 0, 0, 0, 0, 0, 0, 0, 0, 0, 0, 0, 0, 0, 0, 0, 0, 0, 0, 0, 0, 0, 0, 0, 0, 0, 0, 0, 1, 0, 0, 0, 0, 0, 0, 0]","[0, 0, 0, 0, 0, 0, 0, 0, 0, 0, 0, 0, 0, 0, 0, 0, 0, 0, 0, 0, 0, 0, 0, 0, 0, 1, 0, 0, 0, 0, 0, 0, 0, 0, 0, 0, 0, 0, 0, 0, 0, 0, 0, 0, 0, 0, 0, 0, 0, 0, 0, 0, 0, 0, 0, 1, 0, 0, 0, 0, 0, 0]","['Meat, beef cattle (cold carcass weight)', 'Dairy cattle, heifer', 'Meat, pig (cold dressed carcass weight)', 'Meat, chicken, breast', 'Milk, cow, raw (FPCM)', 'Broiler chicken', 'Beef cattle', 'Hides', 'Sheep, ewe', 'Beef cattle, heifer', 'Beef cattle, calf (female, weaned)', 'Dairy cattle, calf (weaned)', 'Cattle', 'Wool, sheep (greasy)', 'Meat, dairy cattle (liveweight)', 'Beef cattle, steer', 'Meat, sheep (liveweight)', 'Beef cattle, heifer and steer', 'Dairy cattle, cow', 'Cattle, urine (kg mass)', 'Meat, pig (cold carcass weight)', 'Offal', 'Dairy cattle', 'Layer chicken, hen', 'Sheep, lamb (male, unweaned)', 'Meat, chicken, wings', 'Wool', 'Eggs, hen, in shell (number)', 'Pig', 'Broiler chicken, hen', 'Dairy cattle, calf (male, unweaned)', 'Meat, dairy cattle (cold carcass weight)', 'Dairy cattle, calf', 'Beef cattle, calf (male, weaned)', 'Meat, beef cattle (cold dressed carcass weight)', 'Eggs, hen, in shell', 'Broiler chicken, chick', 'Meat, chicken (liveweight)', 'Pig, piglet', 'Layer chicken, pullet', 'Sheep, lamb (female, unweaned)', 'Milk', 'Beef cattle, bull', 'Eggs', 'Sheep, lamb', 'Dairy cattle, calf (female, weaned)', 'Sheep, ram', 'Sheep, lamb (weaned)', 'Beef cattle, calf (weaned)', 'Meat, chicken, leg', 'Sheep', 'Layer chicken', 'Beef cattle, cow', 'Offal, pigs', 'Poultry by-product meal', 'Meat', 'Milk, cow, raw', 'Hides, dairy cattle, fresh', 'Pig, sow', 'Meat, beef cattle (liveweight)', 'Meat, chicken (cold carcass weight)', 'Meat, sheep (cold carcass weight)']",ML model predicted Meat but the humans predicted No Meat.,Total number of matching positives in this prediction string 0.,13.823529411764707,76,Product,original,rag,AI,1
0,,"[1, 1, 1, 1, 1, 1, 1, 1, 1, 1, 1, 1, 0, 1, 1, 1, 0, 1, 1]","[1, 0, 1, 0, 0, 1, 1, 1, 1, 1, 1, 1, 0, 1, 0, 1, 0, 1, 1]","['True_animalFeed', 'True_water', 'True_liveAnimalInput', 'True_electricityFuel', 'True_transport', 'True_pesticideVeterinaryDrug', 'True_seed', 'True_otherChemical', 'True_animalPopulation', 'True_freshForage', 'True_excreta', 'True_product', 'True_waste', 'True_soilAmendment', 'True_operation', 'True_fertiliser', 'True_material', 'True_ingredient', 'True_cropResidue']",ML model predicted No True_operation but the humans predicted True_operation.,Total number of matching positives in this prediction string 13.,33.088235294117645,76,System Boundary,original,rag,Human,3
0,,"[0, 0, 0, 0, 0, 0, 0, 0, 0, 0, 0, 0, 0, 0, 0, 0, 0, 0, 0, 0, 0, 0, 0, 0, 0, 0, 0, 0, 0, 0, 0, 0, 0, 0, 0, 0, 0, 0, 0, 0, 0, 0, 0, 0, 0, 0, 0, 0, 0, 0, 0, 0, 0, 0, 1, 0, 0, 0, 0, 0, 0, 0]","[0, 0, 0, 0, 0, 0, 0, 0, 0, 0, 0, 0, 0, 0, 0, 0, 0, 0, 0, 0, 0, 0, 0, 0, 0, 1, 0, 0, 0, 0, 0, 0, 0, 0, 0, 0, 0, 0, 0, 0, 0, 0, 0, 0, 0, 0, 0, 0, 0, 0, 0, 0, 0, 0, 0, 1, 0, 0, 0, 0, 0, 0]","['Meat, beef cattle (cold carcass weight)', 'Dairy cattle, heifer', 'Meat, pig (cold dressed carcass weight)', 'Meat, chicken, breast', 'Milk, cow, raw (FPCM)', 'Broiler chicken', 'Beef cattle', 'Hides', 'Sheep, ewe', 'Beef cattle, heifer', 'Beef cattle, calf (female, weaned)', 'Dairy cattle, calf (weaned)', 'Cattle', 'Wool, sheep (greasy)', 'Meat, dairy cattle (liveweight)', 'Beef cattle, steer', 'Meat, sheep (liveweight)', 'Beef cattle, heifer and steer', 'Dairy cattle, cow', 'Cattle, urine (kg mass)', 'Meat, pig (cold carcass weight)', 'Offal', 'Dairy cattle', 'Layer chicken, hen', 'Sheep, lamb (male, unweaned)', 'Meat, chicken, wings', 'Wool', 'Eggs, hen, in shell (number)', 'Pig', 'Broiler chicken, hen', 'Dairy cattle, calf (male, unweaned)', 'Meat, dairy cattle (cold carcass weight)', 'Dairy cattle, calf', 'Beef cattle, calf (male, weaned)', 'Meat, beef cattle (cold dressed carcass weight)', 'Eggs, hen, in shell', 'Broiler chicken, chick', 'Meat, chicken (liveweight)', 'Pig, piglet', 'Layer chicken, pullet', 'Sheep, lamb (female, unweaned)', 'Milk', 'Beef cattle, bull', 'Eggs', 'Sheep, lamb', 'Dairy cattle, calf (female, weaned)', 'Sheep, ram', 'Sheep, lamb (weaned)', 'Beef cattle, calf (weaned)', 'Meat, chicken, leg', 'Sheep', 'Layer chicken', 'Beef cattle, cow', 'Offal, pigs', 'Poultry by-product meal', 'Meat', 'Milk, cow, raw', 'Hides, dairy cattle, fresh', 'Pig, sow', 'Meat, beef cattle (liveweight)', 'Meat, chicken (cold carcass weight)', 'Meat, sheep (cold carcass weight)']",ML model predicted No Poultry by-product meal but the humans predicted Poultry by-product meal.,Total number of matching positives in this prediction string 0.,Not in Training Dataset,76,Product,original,rag,Human,1
0,,"[0, 0, 0, 0, 0, 0, 0, 0, 0, 0, 0, 0, 0, 0, 0, 0, 0, 0, 0, 0, 0, 0, 0, 0, 0, 0, 0, 0, 0, 0, 0, 0, 0, 0, 0, 0, 0, 0, 0, 0, 0, 0, 0, 0, 0, 0, 0, 0, 0, 0, 0, 0, 0, 0, 1, 0, 0, 0, 0, 0, 0, 0]","[0, 0, 0, 0, 0, 0, 0, 0, 0, 0, 0, 0, 0, 0, 0, 0, 0, 0, 0, 0, 0, 0, 0, 0, 0, 1, 0, 0, 0, 0, 0, 0, 0, 0, 0, 0, 0, 0, 0, 0, 0, 0, 0, 0, 0, 0, 0, 0, 0, 0, 0, 0, 0, 0, 0, 1, 0, 0, 0, 0, 0, 0]","['Meat, beef cattle (cold carcass weight)', 'Dairy cattle, heifer', 'Meat, pig (cold dressed carcass weight)', 'Meat, chicken, breast', 'Milk, cow, raw (FPCM)', 'Broiler chicken', 'Beef cattle', 'Hides', 'Sheep, ewe', 'Beef cattle, heifer', 'Beef cattle, calf (female, weaned)', 'Dairy cattle, calf (weaned)', 'Cattle', 'Wool, sheep (greasy)', 'Meat, dairy cattle (liveweight)', 'Beef cattle, steer', 'Meat, sheep (liveweight)', 'Beef cattle, heifer and steer', 'Dairy cattle, cow', 'Cattle, urine (kg mass)', 'Meat, pig (cold carcass weight)', 'Offal', 'Dairy cattle', 'Layer chicken, hen', 'Sheep, lamb (male, unweaned)', 'Meat, chicken, wings', 'Wool', 'Eggs, hen, in shell (number)', 'Pig', 'Broiler chicken, hen', 'Dairy cattle, calf (male, unweaned)', 'Meat, dairy cattle (cold carcass weight)', 'Dairy cattle, calf', 'Beef cattle, calf (male, weaned)', 'Meat, beef cattle (cold dressed carcass weight)', 'Eggs, hen, in shell', 'Broiler chicken, chick', 'Meat, chicken (liveweight)', 'Pig, piglet', 'Layer chicken, pullet', 'Sheep, lamb (female, unweaned)', 'Milk', 'Beef cattle, bull', 'Eggs', 'Sheep, lamb', 'Dairy cattle, calf (female, weaned)', 'Sheep, ram', 'Sheep, lamb (weaned)', 'Beef cattle, calf (weaned)', 'Meat, chicken, leg', 'Sheep', 'Layer chicken', 'Beef cattle, cow', 'Offal, pigs', 'Poultry by-product meal', 'Meat', 'Milk, cow, raw', 'Hides, dairy cattle, fresh', 'Pig, sow', 'Meat, beef cattle (liveweight)', 'Meat, chicken (cold carcass weight)', 'Meat, sheep (cold carcass weight)']","ML model predicted Meat, chicken, wings but the humans predicted No Meat, chicken, wings.",Total number of matching positives in this prediction string 0.,0.4411764705882353,76,Product,original,rag,AI,1
0,,"[0, 0, 0, 0, 0, 0, 0, 0, 0, 0, 0, 0, 0, 0, 0, 0, 0, 0, 0, 0, 0, 0, 0, 0, 0, 0, 0, 0, 0, 0, 0, 0, 0, 0, 0, 0, 0, 0, 0, 0, 0, 0, 0, 0, 0, 0, 0, 0, 0, 0, 0, 0, 0, 0, 1, 0, 0, 0, 0, 0, 0, 0]","[0, 0, 0, 0, 0, 0, 0, 0, 0, 0, 0, 0, 0, 0, 0, 0, 0, 0, 0, 0, 0, 0, 0, 0, 0, 0, 0, 0, 0, 0, 0, 0, 0, 0, 0, 0, 0, 0, 0, 0, 0, 0, 0, 0, 0, 0, 0, 0, 0, 0, 0, 0, 0, 0, 0, 1, 0, 0, 0, 0, 0, 0]","['Meat, beef cattle (cold carcass weight)', 'Dairy cattle, heifer', 'Meat, pig (cold dressed carcass weight)', 'Meat, chicken, breast', 'Milk, cow, raw (FPCM)', 'Broiler chicken', 'Beef cattle', 'Hides', 'Sheep, ewe', 'Beef cattle, heifer', 'Beef cattle, calf (female, weaned)', 'Dairy cattle, calf (weaned)', 'Cattle', 'Wool, sheep (greasy)', 'Meat, dairy cattle (liveweight)', 'Beef cattle, steer', 'Meat, sheep (liveweight)', 'Beef cattle, heifer and steer', 'Dairy cattle, cow', 'Cattle, urine (kg mass)', 'Meat, pig (cold carcass weight)', 'Offal', 'Dairy cattle', 'Layer chicken, hen', 'Sheep, lamb (male, unweaned)', 'Meat, chicken, wings', 'Wool', 'Eggs, hen, in shell (number)', 'Pig', 'Broiler chicken, hen', 'Dairy cattle, calf (male, unweaned)', 'Meat, dairy cattle (cold carcass weight)', 'Dairy cattle, calf', 'Beef cattle, calf (male, weaned)', 'Meat, beef cattle (cold dressed carcass weight)', 'Eggs, hen, in shell', 'Broiler chicken, chick', 'Meat, chicken (liveweight)', 'Pig, piglet', 'Layer chicken, pullet', 'Sheep, lamb (female, unweaned)', 'Milk', 'Beef cattle, bull', 'Eggs', 'Sheep, lamb', 'Dairy cattle, calf (female, weaned)', 'Sheep, ram', 'Sheep, lamb (weaned)', 'Beef cattle, calf (weaned)', 'Meat, chicken, leg', 'Sheep', 'Layer chicken', 'Beef cattle, cow', 'Offal, pigs', 'Poultry by-product meal', 'Meat', 'Milk, cow, raw', 'Hides, dairy cattle, fresh', 'Pig, sow', 'Meat, beef cattle (liveweight)', 'Meat, chicken (cold carcass weight)', 'Meat, sheep (cold carcass weight)']",ML model predicted Meat but the humans predicted No Meat.,Total number of matching positives in this prediction string 0.,13.823529411764707,76,Product,original,rag,AI,6
0,,"[1, 1, 1, 1, 1, 1, 1, 1, 1, 1, 1, 1, 0, 1, 1, 1, 0, 1, 1]","[1, 0, 1, 0, 0, 1, 1, 1, 1, 1, 1, 1, 0, 1, 0, 1, 0, 1, 1]","['True_animalFeed', 'True_water', 'True_liveAnimalInput', 'True_electricityFuel', 'True_transport', 'True_pesticideVeterinaryDrug', 'True_seed', 'True_otherChemical', 'True_animalPopulation', 'True_freshForage', 'True_excreta', 'True_product', 'True_waste', 'True_soilAmendment', 'True_operation', 'True_fertiliser', 'True_material', 'True_ingredient', 'True_cropResidue']",ML model predicted No True_water but the humans predicted True_water.,Total number of matching positives in this prediction string 13.,23.08823529411765,76,System Boundary,original,no rag,Human,3
0,,"[1, 1, 1, 1, 1, 1, 1, 1, 1, 1, 1, 1, 0, 1, 1, 1, 0, 1, 1]","[1, 0, 1, 0, 0, 1, 1, 1, 1, 1, 1, 1, 0, 1, 0, 1, 0, 1, 1]","['True_animalFeed', 'True_water', 'True_liveAnimalInput', 'True_electricityFuel', 'True_transport', 'True_pesticideVeterinaryDrug', 'True_seed', 'True_otherChemical', 'True_animalPopulation', 'True_freshForage', 'True_excreta', 'True_product', 'True_waste', 'True_soilAmendment', 'True_operation', 'True_fertiliser', 'True_material', 'True_ingredient', 'True_cropResidue']",ML model predicted No True_electricityFuel but the humans predicted True_electricityFuel.,Total number of matching positives in this prediction string 13.,64.70588235294117,76,System Boundary,original,no rag,Human,3
0,,"[1, 1, 1, 1, 1, 1, 1, 1, 1, 1, 1, 1, 0, 1, 1, 1, 0, 1, 1]","[1, 0, 1, 0, 0, 1, 1, 1, 1, 1, 1, 1, 0, 1, 0, 1, 0, 1, 1]","['True_animalFeed', 'True_water', 'True_liveAnimalInput', 'True_electricityFuel', 'True_transport', 'True_pesticideVeterinaryDrug', 'True_seed', 'True_otherChemical', 'True_animalPopulation', 'True_freshForage', 'True_excreta', 'True_product', 'True_waste', 'True_soilAmendment', 'True_operation', 'True_fertiliser', 'True_material', 'True_ingredient', 'True_cropResidue']",ML model predicted No True_transport but the humans predicted True_transport.,Total number of matching positives in this prediction string 13.,6.470588235294118,76,System Boundary,original,rag,Human,3
0,,"[1, 1, 1, 1, 1, 1, 1, 1, 1, 1, 1, 1, 0, 1, 1, 1, 0, 1, 1]","[1, 0, 1, 0, 0, 1, 1, 1, 1, 1, 1, 1, 0, 1, 0, 1, 0, 1, 1]","['True_animalFeed', 'True_water', 'True_liveAnimalInput', 'True_electricityFuel', 'True_transport', 'True_pesticideVeterinaryDrug', 'True_seed', 'True_otherChemical', 'True_animalPopulation', 'True_freshForage', 'True_excreta', 'True_product', 'True_waste', 'True_soilAmendment', 'True_operation', 'True_fertiliser', 'True_material', 'True_ingredient', 'True_cropResidue']",ML model predicted No True_electricityFuel but the humans predicted True_electricityFuel.,Total number of matching positives in this prediction string 13.,64.70588235294117,76,System Boundary,original,rag,Human,3
0,,"[1, 1, 1, 1, 1, 1, 1, 1, 1, 1, 1, 1, 0, 1, 1, 1, 0, 1, 1]","[1, 0, 1, 0, 0, 1, 1, 1, 1, 1, 1, 1, 0, 1, 0, 1, 0, 1, 1]","['True_animalFeed', 'True_water', 'True_liveAnimalInput', 'True_electricityFuel', 'True_transport', 'True_pesticideVeterinaryDrug', 'True_seed', 'True_otherChemical', 'True_animalPopulation', 'True_freshForage', 'True_excreta', 'True_product', 'True_waste', 'True_soilAmendment', 'True_operation', 'True_fertiliser', 'True_material', 'True_ingredient', 'True_cropResidue']",ML model predicted No True_water but the humans predicted True_water.,Total number of matching positives in this prediction string 13.,23.08823529411765,76,System Boundary,original,rag,Human,3
0,,"[1, 1, 1, 1, 1, 1, 1, 1, 1, 1, 1, 1, 0, 1, 1, 1, 0, 1, 1]","[1, 1, 1, 0, 0, 1, 1, 1, 1, 1, 1, 1, 0, 1, 0, 1, 0, 1, 1]","['True_animalFeed', 'True_water', 'True_liveAnimalInput', 'True_electricityFuel', 'True_transport', 'True_pesticideVeterinaryDrug', 'True_seed', 'True_otherChemical', 'True_animalPopulation', 'True_freshForage', 'True_excreta', 'True_product', 'True_waste', 'True_soilAmendment', 'True_operation', 'True_fertiliser', 'True_material', 'True_ingredient', 'True_cropResidue']",ML model predicted No True_electricityFuel but the humans predicted True_electricityFuel.,Total number of matching positives in this prediction string 14.,64.70588235294117,76,System Boundary,original,rag,Human,2
0,,"[0, 0, 0, 0, 0, 0, 0, 0, 0, 0, 0, 0, 0, 0, 0, 0, 0, 0, 0, 0, 0, 0, 0, 0, 0, 0, 0, 0, 0, 0, 0, 0, 0, 0, 0, 0, 0, 0, 0, 0, 0, 0, 0, 0, 0, 0, 0, 0, 0, 0, 0, 0, 1, 0, 0, 0, 1, 0, 0]","[0, 0, 0, 0, 0, 0, 0, 0, 0, 0, 0, 0, 0, 1, 0, 0, 0, 0, 0, 0, 0, 0, 0, 0, 0, 0, 0, 0, 0, 0, 0, 0, 0, 0, 0, 0, 0, 0, 0, 0, 0, 0, 0, 0, 0, 0, 0, 0, 0, 0, 0, 0, 1, 0, 0, 0, 0, 0, 0]","['Meat, beef cattle (cold carcass weight)', 'Meat, pig (cold dressed carcass weight)', 'Meat, chicken, breast', 'Milk, cow, raw (FPCM)', 'Broiler chicken', 'Beef cattle', 'Hides', 'Sheep, ewe', 'Beef cattle, heifer', 'Beef cattle, calf (female, weaned)', 'Dairy cattle, calf (weaned)', 'Cattle', 'Wool, sheep (greasy)', 'Meat, dairy cattle (liveweight)', 'Beef cattle, steer', 'Meat, sheep (liveweight)', 'Beef cattle, heifer and steer', 'Dairy cattle, cow', 'Cattle, urine (kg mass)', 'Dairy cattle', 'Layer chicken, hen', 'Sheep, lamb (male, unweaned)', 'Meat, chicken, wings', 'Wool', 'Eggs, hen, in shell (number)', 'Pig', 'Broiler chicken, hen', 'Dairy cattle, calf (male, unweaned)', 'Meat, dairy cattle (cold carcass weight)', 'Dairy cattle, calf', 'Beef cattle, calf (male, weaned)', 'Meat, beef cattle (cold dressed carcass weight)', 'Eggs, hen, in shell', 'Broiler chicken, chick', 'Meat, chicken (liveweight)', 'Pig, piglet', 'Layer chicken, pullet', 'Sheep, lamb (female, unweaned)', 'Milk', 'Beef cattle, bull', 'Eggs', 'Sheep, lamb', 'Dairy cattle, calf (female, weaned)', 'Sheep, ram', 'Sheep, lamb (weaned)', 'Meat, chicken (cold carcass weight)', 'Beef cattle, calf (weaned)', 'Meat, chicken, leg', 'Sheep', 'Layer chicken', 'Beef cattle, cow', 'Poultry by-product meal', 'Meat', 'Milk, cow, raw', 'Hides, dairy cattle, fresh', 'Pig, sow', 'Meat, beef cattle (liveweight)', 'Dairy cattle, heifer', 'Meat, sheep (cold carcass weight)']","ML model predicted No Meat, beef cattle (liveweight) but the humans predicted Meat, beef cattle (liveweight).",Total number of matching positives in this prediction string 1.,0.4573170731707317,76,Product,standardized,no rag,Human,1
0,,"[0, 0, 0, 0, 0, 0, 0, 0, 0, 0, 0, 0, 0, 0, 0, 0, 0, 0, 0, 0, 0, 0, 0, 0, 0, 0, 0, 0, 0, 0, 0, 0, 0, 0, 0, 0, 0, 0, 0, 0, 0, 0, 0, 0, 0, 0, 0, 0, 0, 0, 0, 0, 1, 0, 0, 0, 1, 0, 0]","[0, 0, 0, 0, 0, 0, 0, 0, 0, 0, 0, 0, 0, 0, 0, 0, 0, 0, 0, 0, 0, 0, 0, 0, 0, 0, 0, 0, 0, 0, 0, 0, 0, 0, 0, 0, 0, 0, 0, 0, 0, 0, 0, 0, 0, 0, 0, 0, 0, 0, 0, 0, 1, 0, 0, 0, 0, 0, 0]","['Meat, beef cattle (cold carcass weight)', 'Meat, pig (cold dressed carcass weight)', 'Meat, chicken, breast', 'Milk, cow, raw (FPCM)', 'Broiler chicken', 'Beef cattle', 'Hides', 'Sheep, ewe', 'Beef cattle, heifer', 'Beef cattle, calf (female, weaned)', 'Dairy cattle, calf (weaned)', 'Cattle', 'Wool, sheep (greasy)', 'Meat, dairy cattle (liveweight)', 'Beef cattle, steer', 'Meat, sheep (liveweight)', 'Beef cattle, heifer and steer', 'Dairy cattle, cow', 'Cattle, urine (kg mass)', 'Dairy cattle', 'Layer chicken, hen', 'Sheep, lamb (male, unweaned)', 'Meat, chicken, wings', 'Wool', 'Eggs, hen, in shell (number)', 'Pig', 'Broiler chicken, hen', 'Dairy cattle, calf (male, unweaned)', 'Meat, dairy cattle (cold carcass weight)', 'Dairy cattle, calf', 'Beef cattle, calf (male, weaned)', 'Meat, beef cattle (cold dressed carcass weight)', 'Eggs, hen, in shell', 'Broiler chicken, chick', 'Meat, chicken (liveweight)', 'Pig, piglet', 'Layer chicken, pullet', 'Sheep, lamb (female, unweaned)', 'Milk', 'Beef cattle, bull', 'Eggs', 'Sheep, lamb', 'Dairy cattle, calf (female, weaned)', 'Sheep, ram', 'Sheep, lamb (weaned)', 'Meat, chicken (cold carcass weight)', 'Beef cattle, calf (weaned)', 'Meat, chicken, leg', 'Sheep', 'Layer chicken', 'Beef cattle, cow', 'Poultry by-product meal', 'Meat', 'Milk, cow, raw', 'Hides, dairy cattle, fresh', 'Pig, sow', 'Meat, beef cattle (liveweight)', 'Dairy cattle, heifer', 'Meat, sheep (cold carcass weight)']","ML model predicted No Meat, beef cattle (liveweight) but the humans predicted Meat, beef cattle (liveweight).",Total number of matching positives in this prediction string 1.,0.4573170731707317,76,Product,standardized,no rag,Human,1
0,,"[0, 0, 0, 0, 0, 0, 0, 0, 0, 0, 0, 0, 0, 0, 0, 0, 0, 0, 0, 0, 0, 0, 0, 0, 0, 0, 0, 0, 0, 0, 0, 0, 0, 0, 0, 0, 0, 0, 0, 0, 0, 0, 0, 0, 0, 0, 0, 0, 0, 0, 0, 0, 0, 0, 1, 0, 0, 0, 0, 0, 0, 0]","[0, 0, 0, 0, 0, 0, 0, 0, 0, 0, 0, 0, 0, 0, 0, 0, 0, 0, 0, 0, 0, 0, 0, 0, 0, 0, 0, 0, 0, 0, 0, 0, 0, 0, 0, 0, 0, 0, 0, 0, 0, 0, 0, 0, 0, 0, 0, 0, 0, 0, 0, 0, 0, 0, 0, 1, 0, 0, 0, 0, 0, 0]","['Meat, beef cattle (cold carcass weight)', 'Dairy cattle, heifer', 'Meat, pig (cold dressed carcass weight)', 'Meat, chicken, breast', 'Milk, cow, raw (FPCM)', 'Broiler chicken', 'Beef cattle', 'Hides', 'Sheep, ewe', 'Beef cattle, heifer', 'Beef cattle, calf (female, weaned)', 'Dairy cattle, calf (weaned)', 'Cattle', 'Wool, sheep (greasy)', 'Meat, dairy cattle (liveweight)', 'Beef cattle, steer', 'Meat, sheep (liveweight)', 'Beef cattle, heifer and steer', 'Dairy cattle, cow', 'Cattle, urine (kg mass)', 'Meat, pig (cold carcass weight)', 'Offal', 'Dairy cattle', 'Layer chicken, hen', 'Sheep, lamb (male, unweaned)', 'Meat, chicken, wings', 'Wool', 'Eggs, hen, in shell (number)', 'Pig', 'Broiler chicken, hen', 'Dairy cattle, calf (male, unweaned)', 'Meat, dairy cattle (cold carcass weight)', 'Dairy cattle, calf', 'Beef cattle, calf (male, weaned)', 'Meat, beef cattle (cold dressed carcass weight)', 'Eggs, hen, in shell', 'Broiler chicken, chick', 'Meat, chicken (liveweight)', 'Pig, piglet', 'Layer chicken, pullet', 'Sheep, lamb (female, unweaned)', 'Milk', 'Beef cattle, bull', 'Eggs', 'Sheep, lamb', 'Dairy cattle, calf (female, weaned)', 'Sheep, ram', 'Sheep, lamb (weaned)', 'Beef cattle, calf (weaned)', 'Meat, chicken, leg', 'Sheep', 'Layer chicken', 'Beef cattle, cow', 'Offal, pigs', 'Poultry by-product meal', 'Meat', 'Milk, cow, raw', 'Hides, dairy cattle, fresh', 'Pig, sow', 'Meat, beef cattle (liveweight)', 'Meat, chicken (cold carcass weight)', 'Meat, sheep (cold carcass weight)']",ML model predicted No Poultry by-product meal but the humans predicted Poultry by-product meal.,Total number of matching positives in this prediction string 0.,Not in Training Dataset,76,Product,original,no rag,Human,6
0,,"[1, 1, 1, 0, 0, 1, 1, 1, 1, 1, 1, 1, 0, 1, 0, 1, 0, 1, 1]","[1, 1, 1, 1, 1, 1, 1, 1, 1, 1, 1, 1, 0, 1, 0, 1, 0, 1, 1]","['True_animalFeed', 'True_water', 'True_liveAnimalInput', 'True_electricityFuel', 'True_transport', 'True_pesticideVeterinaryDrug', 'True_seed', 'True_otherChemical', 'True_animalPopulation', 'True_freshForage', 'True_excreta', 'True_product', 'True_waste', 'True_soilAmendment', 'True_operation', 'True_fertiliser', 'True_material', 'True_ingredient', 'True_cropResidue']",ML model predicted True_electricityFuel but the humans predicted No True_electricityFuel.,Total number of matching positives in this prediction string 14.,68.90243902439025,76,System Boundary,standardized,rag,AI,1
0,,"[1, 0, 0, 0, 0, 0, 0, 1, 0]","[1, 0, 0, 0, 0, 1, 0, 0, 0]","['relative', 'kg FPCM', '1 ha', 'number', 'kg liveweight', 'kg ready-to-cook weight', 'kg cold dressed carcass weight', 'kg', 'kg cold carcass weight']",ML model predicted kg ready-to-cook weight but the humans predicted No kg ready-to-cook weight.,Total number of matching positives in this prediction string 1.,1.3235294117647058,76,Functional Unit,original,rag,AI,4
0,,"[1, 0, 0, 0, 0, 0, 0, 1, 0]","[1, 0, 0, 0, 0, 1, 0, 0, 0]","['relative', 'kg FPCM', '1 ha', 'number', 'kg liveweight', 'kg ready-to-cook weight', 'kg cold dressed carcass weight', 'kg', 'kg cold carcass weight']",ML model predicted No kg but the humans predicted kg.,Total number of matching positives in this prediction string 1.,7.5,76,Functional Unit,original,no rag,Human,2
0,,"[1, 0, 0, 0, 0, 0, 0, 1, 0]","[1, 0, 0, 0, 0, 1, 0, 0, 0]","['relative', 'kg FPCM', '1 ha', 'number', 'kg liveweight', 'kg ready-to-cook weight', 'kg cold dressed carcass weight', 'kg', 'kg cold carcass weight']",ML model predicted kg ready-to-cook weight but the humans predicted No kg ready-to-cook weight.,Total number of matching positives in this prediction string 1.,1.3235294117647058,76,Functional Unit,original,no rag,AI,2
0,,"[1, 0, 0, 0, 0, 0, 0, 1, 0]","[1, 0, 0, 0, 0, 0, 0, 0, 0]","['relative', 'kg FPCM', '1 ha', 'number', 'kg liveweight', 'kg ready-to-cook weight', 'kg cold dressed carcass weight', 'kg', 'kg cold carcass weight']",ML model predicted No kg but the humans predicted kg.,Total number of matching positives in this prediction string 1.,7.5,76,Functional Unit,original,no rag,Human,5
0,,"[1, 0, 0, 0, 0, 0, 0, 1, 0]","[1, 0, 0, 1, 0, 0, 0, 0, 0]","['relative', 'kg FPCM', '1 ha', 'number', 'kg liveweight', 'kg ready-to-cook weight', 'kg cold dressed carcass weight', 'kg', 'kg cold carcass weight']",ML model predicted No kg but the humans predicted kg.,Total number of matching positives in this prediction string 1.,7.5,76,Functional Unit,original,rag,Human,1
0,,"[1, 0, 0, 0, 0, 0]","[0, 0, 0, 0, 0, 0]","['economic', 'energy', 'none required', 'none', 'mass', 'biophysical']",ML model predicted No economic but the humans predicted economic.,Total number of matching positives in this prediction string 0.,68.08823529411765,76,Allocation,original,no rag,Human,1
0,,"[1, 0, 0, 0, 0, 0]","[0, 0, 0, 0, 0, 0]","['economic', 'energy', 'none required', 'none', 'mass', 'biophysical']",ML model predicted No economic but the humans predicted economic.,Total number of matching positives in this prediction string 0.,68.08823529411765,76,Allocation,original,rag,Human,3
0,,"[1, 1, 1, 0, 0, 1, 1, 1, 1, 1, 1, 1, 0, 1, 0, 1, 0, 1, 1]","[1, 1, 1, 1, 1, 1, 1, 1, 1, 1, 1, 1, 0, 1, 0, 1, 0, 1, 1]","['True_animalFeed', 'True_water', 'True_liveAnimalInput', 'True_electricityFuel', 'True_transport', 'True_pesticideVeterinaryDrug', 'True_seed', 'True_otherChemical', 'True_animalPopulation', 'True_freshForage', 'True_excreta', 'True_product', 'True_waste', 'True_soilAmendment', 'True_operation', 'True_fertiliser', 'True_material', 'True_ingredient', 'True_cropResidue']",ML model predicted True_transport but the humans predicted No True_transport.,Total number of matching positives in this prediction string 14.,5.640243902439025,76,System Boundary,standardized,rag,AI,1
0,,"[1, 0, 0, 0, 0, 0]","[0, 0, 1, 0, 0, 0]","['economic', 'energy', 'none required', 'none', 'mass', 'biophysical']",ML model predicted No economic but the humans predicted economic.,Total number of matching positives in this prediction string 0.,68.08823529411765,76,Allocation,original,no rag,Human,4
0,,"[1, 0, 0, 0, 0, 0]","[0, 0, 1, 0, 0, 0]","['economic', 'energy', 'none required', 'none', 'mass', 'biophysical']",ML model predicted none required but the humans predicted No none required.,Total number of matching positives in this prediction string 0.,17.941176470588236,76,Allocation,original,no rag,AI,4
0,,"[1, 0, 0, 0, 0, 0]","[0, 0, 1, 0, 0, 0]","['economic', 'energy', 'none required', 'none', 'mass', 'biophysical']",ML model predicted No economic but the humans predicted economic.,Total number of matching positives in this prediction string 0.,68.08823529411765,76,Allocation,original,rag,Human,1
0,,"[1, 0, 0, 0, 0, 0]","[0, 0, 1, 0, 0, 0]","['economic', 'energy', 'none required', 'none', 'mass', 'biophysical']",ML model predicted none required but the humans predicted No none required.,Total number of matching positives in this prediction string 0.,17.941176470588236,76,Allocation,original,rag,AI,1
0,,"[1, 0, 0, 0, 0, 0, 0, 1, 0]","[1, 0, 0, 0, 0, 1, 0, 0, 0]","['relative', 'kg FPCM', '1 ha', 'number', 'kg liveweight', 'kg ready-to-cook weight', 'kg cold dressed carcass weight', 'kg', 'kg cold carcass weight']",ML model predicted No kg but the humans predicted kg.,Total number of matching positives in this prediction string 1.,7.5,76,Functional Unit,original,rag,Human,4
0,,"[1, 1, 1, 0, 0, 1, 1, 1, 1, 1, 1, 1, 0, 1, 0, 1, 0, 1, 1]","[1, 0, 1, 0, 0, 1, 1, 1, 1, 1, 1, 1, 0, 1, 0, 1, 0, 1, 1]","['True_animalFeed', 'True_water', 'True_liveAnimalInput', 'True_electricityFuel', 'True_transport', 'True_pesticideVeterinaryDrug', 'True_seed', 'True_otherChemical', 'True_animalPopulation', 'True_freshForage', 'True_excreta', 'True_product', 'True_waste', 'True_soilAmendment', 'True_operation', 'True_fertiliser', 'True_material', 'True_ingredient', 'True_cropResidue']",ML model predicted No True_water but the humans predicted True_water.,Total number of matching positives in this prediction string 13.,21.49390243902439,76,System Boundary,standardized,no rag,Human,1
0,,"[1, 1, 1, 0, 0, 1, 1, 1, 1, 1, 1, 1, 0, 1, 0, 1, 0, 1, 1]","[1, 0, 1, 0, 0, 1, 1, 1, 1, 1, 1, 1, 0, 1, 0, 1, 0, 1, 1]","['True_animalFeed', 'True_water', 'True_liveAnimalInput', 'True_electricityFuel', 'True_transport', 'True_pesticideVeterinaryDrug', 'True_seed', 'True_otherChemical', 'True_animalPopulation', 'True_freshForage', 'True_excreta', 'True_product', 'True_waste', 'True_soilAmendment', 'True_operation', 'True_fertiliser', 'True_material', 'True_ingredient', 'True_cropResidue']",ML model predicted No True_water but the humans predicted True_water.,Total number of matching positives in this prediction string 13.,21.49390243902439,76,System Boundary,standardized,rag,Human,1
0,,"[1, 0, 0, 0, 0, 0, 0, 1, 0]","[1, 0, 0, 1, 0, 0, 0, 0, 0]","['relative', 'kg FPCM', '1 ha', 'number', 'kg liveweight', 'kg ready-to-cook weight', 'kg cold dressed carcass weight', 'kg', 'kg cold carcass weight']",ML model predicted number but the humans predicted No number.,Total number of matching positives in this prediction string 1.,73.52941176470588,76,Functional Unit,original,rag,AI,1
0,,"[1, 1, 1, 0, 0, 1, 1, 1, 1, 1, 1, 1, 0, 1, 0, 1, 0, 1, 1]","[1, 0, 1, 0, 1, 1, 1, 0, 1, 1, 1, 0, 0, 1, 0, 1, 0, 1, 1]","['True_animalFeed', 'True_water', 'True_liveAnimalInput', 'True_electricityFuel', 'True_transport', 'True_pesticideVeterinaryDrug', 'True_seed', 'True_otherChemical', 'True_animalPopulation', 'True_freshForage', 'True_excreta', 'True_product', 'True_waste', 'True_soilAmendment', 'True_operation', 'True_fertiliser', 'True_material', 'True_ingredient', 'True_cropResidue']",ML model predicted True_transport but the humans predicted No True_transport.,Total number of matching positives in this prediction string 11.,5.640243902439025,76,System Boundary,standardized,rag,AI,1
0,,"[1, 1, 1, 0, 0, 1, 1, 1, 1, 1, 1, 1, 0, 1, 0, 1, 0, 1, 1]","[1, 1, 1, 0, 1, 1, 1, 1, 1, 1, 1, 1, 0, 1, 0, 1, 0, 1, 1]","['True_animalFeed', 'True_water', 'True_liveAnimalInput', 'True_electricityFuel', 'True_transport', 'True_pesticideVeterinaryDrug', 'True_seed', 'True_otherChemical', 'True_animalPopulation', 'True_freshForage', 'True_excreta', 'True_product', 'True_waste', 'True_soilAmendment', 'True_operation', 'True_fertiliser', 'True_material', 'True_ingredient', 'True_cropResidue']",ML model predicted True_transport but the humans predicted No True_transport.,Total number of matching positives in this prediction string 14.,5.640243902439025,76,System Boundary,standardized,no rag,AI,1
0,,"[1, 1, 1, 0, 0, 1, 1, 1, 1, 1, 1, 1, 0, 1, 0, 1, 0, 1, 1]","[1, 1, 1, 0, 1, 1, 1, 1, 1, 1, 1, 0, 0, 1, 0, 1, 0, 1, 1]","['True_animalFeed', 'True_water', 'True_liveAnimalInput', 'True_electricityFuel', 'True_transport', 'True_pesticideVeterinaryDrug', 'True_seed', 'True_otherChemical', 'True_animalPopulation', 'True_freshForage', 'True_excreta', 'True_product', 'True_waste', 'True_soilAmendment', 'True_operation', 'True_fertiliser', 'True_material', 'True_ingredient', 'True_cropResidue']",ML model predicted No True_product but the humans predicted True_product.,Total number of matching positives in this prediction string 13.,93.14024390243902,76,System Boundary,standardized,rag,Human,2
0,,"[1, 1, 1, 0, 0, 1, 1, 1, 1, 1, 1, 1, 0, 1, 0, 1, 0, 1, 1]","[1, 1, 1, 0, 1, 1, 1, 1, 1, 1, 1, 0, 0, 1, 0, 1, 0, 1, 1]","['True_animalFeed', 'True_water', 'True_liveAnimalInput', 'True_electricityFuel', 'True_transport', 'True_pesticideVeterinaryDrug', 'True_seed', 'True_otherChemical', 'True_animalPopulation', 'True_freshForage', 'True_excreta', 'True_product', 'True_waste', 'True_soilAmendment', 'True_operation', 'True_fertiliser', 'True_material', 'True_ingredient', 'True_cropResidue']",ML model predicted True_transport but the humans predicted No True_transport.,Total number of matching positives in this prediction string 13.,5.640243902439025,76,System Boundary,standardized,rag,AI,2
0,,"[1, 1, 1, 0, 0, 1, 1, 1, 1, 1, 1, 1, 0, 1, 0, 1, 0, 1, 1]","[1, 1, 1, 0, 1, 1, 1, 1, 1, 1, 1, 0, 0, 1, 0, 1, 0, 1, 1]","['True_animalFeed', 'True_water', 'True_liveAnimalInput', 'True_electricityFuel', 'True_transport', 'True_pesticideVeterinaryDrug', 'True_seed', 'True_otherChemical', 'True_animalPopulation', 'True_freshForage', 'True_excreta', 'True_product', 'True_waste', 'True_soilAmendment', 'True_operation', 'True_fertiliser', 'True_material', 'True_ingredient', 'True_cropResidue']",ML model predicted No True_product but the humans predicted True_product.,Total number of matching positives in this prediction string 13.,93.14024390243902,76,System Boundary,standardized,no rag,Human,2
0,,"[1, 1, 1, 0, 0, 1, 1, 1, 1, 1, 1, 1, 0, 1, 0, 1, 0, 1, 1]","[1, 1, 1, 0, 1, 1, 1, 1, 1, 1, 1, 0, 0, 1, 0, 1, 0, 1, 1]","['True_animalFeed', 'True_water', 'True_liveAnimalInput', 'True_electricityFuel', 'True_transport', 'True_pesticideVeterinaryDrug', 'True_seed', 'True_otherChemical', 'True_animalPopulation', 'True_freshForage', 'True_excreta', 'True_product', 'True_waste', 'True_soilAmendment', 'True_operation', 'True_fertiliser', 'True_material', 'True_ingredient', 'True_cropResidue']",ML model predicted True_transport but the humans predicted No True_transport.,Total number of matching positives in this prediction string 13.,5.640243902439025,76,System Boundary,standardized,no rag,AI,2
0,,"[1, 1, 1, 0, 0, 1, 1, 1, 1, 1, 1, 1, 0, 1, 0, 1, 0, 1, 1]","[1, 0, 1, 0, 1, 1, 1, 1, 1, 1, 1, 0, 0, 1, 0, 1, 0, 1, 1]","['True_animalFeed', 'True_water', 'True_liveAnimalInput', 'True_electricityFuel', 'True_transport', 'True_pesticideVeterinaryDrug', 'True_seed', 'True_otherChemical', 'True_animalPopulation', 'True_freshForage', 'True_excreta', 'True_product', 'True_waste', 'True_soilAmendment', 'True_operation', 'True_fertiliser', 'True_material', 'True_ingredient', 'True_cropResidue']",ML model predicted No True_product but the humans predicted True_product.,Total number of matching positives in this prediction string 12.,93.14024390243902,76,System Boundary,standardized,rag,Human,2
0,,"[1, 1, 1, 0, 0, 1, 1, 1, 1, 1, 1, 1, 0, 1, 0, 1, 0, 1, 1]","[1, 0, 1, 0, 1, 1, 1, 1, 1, 1, 1, 0, 0, 1, 0, 1, 0, 1, 1]","['True_animalFeed', 'True_water', 'True_liveAnimalInput', 'True_electricityFuel', 'True_transport', 'True_pesticideVeterinaryDrug', 'True_seed', 'True_otherChemical', 'True_animalPopulation', 'True_freshForage', 'True_excreta', 'True_product', 'True_waste', 'True_soilAmendment', 'True_operation', 'True_fertiliser', 'True_material', 'True_ingredient', 'True_cropResidue']",ML model predicted True_transport but the humans predicted No True_transport.,Total number of matching positives in this prediction string 12.,5.640243902439025,76,System Boundary,standardized,rag,AI,2
0,,"[1, 1, 1, 0, 0, 1, 1, 1, 1, 1, 1, 1, 0, 1, 0, 1, 0, 1, 1]","[1, 0, 1, 0, 1, 1, 1, 1, 1, 1, 1, 0, 0, 1, 0, 1, 0, 1, 1]","['True_animalFeed', 'True_water', 'True_liveAnimalInput', 'True_electricityFuel', 'True_transport', 'True_pesticideVeterinaryDrug', 'True_seed', 'True_otherChemical', 'True_animalPopulation', 'True_freshForage', 'True_excreta', 'True_product', 'True_waste', 'True_soilAmendment', 'True_operation', 'True_fertiliser', 'True_material', 'True_ingredient', 'True_cropResidue']",ML model predicted No True_water but the humans predicted True_water.,Total number of matching positives in this prediction string 12.,21.49390243902439,76,System Boundary,standardized,rag,Human,2
0,,"[1, 1, 1, 0, 0, 1, 1, 1, 1, 1, 1, 1, 0, 1, 0, 1, 0, 1, 1]","[1, 0, 1, 0, 1, 1, 1, 1, 1, 1, 1, 0, 0, 1, 0, 1, 0, 1, 1]","['True_animalFeed', 'True_water', 'True_liveAnimalInput', 'True_electricityFuel', 'True_transport', 'True_pesticideVeterinaryDrug', 'True_seed', 'True_otherChemical', 'True_animalPopulation', 'True_freshForage', 'True_excreta', 'True_product', 'True_waste', 'True_soilAmendment', 'True_operation', 'True_fertiliser', 'True_material', 'True_ingredient', 'True_cropResidue']",ML model predicted No True_product but the humans predicted True_product.,Total number of matching positives in this prediction string 12.,93.14024390243902,76,System Boundary,standardized,no rag,Human,2
0,,"[1, 1, 1, 0, 0, 1, 1, 1, 1, 1, 1, 1, 0, 1, 0, 1, 0, 1, 1]","[1, 0, 1, 0, 1, 1, 1, 1, 1, 1, 1, 0, 0, 1, 0, 1, 0, 1, 1]","['True_animalFeed', 'True_water', 'True_liveAnimalInput', 'True_electricityFuel', 'True_transport', 'True_pesticideVeterinaryDrug', 'True_seed', 'True_otherChemical', 'True_animalPopulation', 'True_freshForage', 'True_excreta', 'True_product', 'True_waste', 'True_soilAmendment', 'True_operation', 'True_fertiliser', 'True_material', 'True_ingredient', 'True_cropResidue']",ML model predicted True_transport but the humans predicted No True_transport.,Total number of matching positives in this prediction string 12.,5.640243902439025,76,System Boundary,standardized,no rag,AI,2
0,,"[1, 1, 1, 0, 0, 1, 1, 1, 1, 1, 1, 1, 0, 1, 0, 1, 0, 1, 1]","[1, 0, 1, 0, 1, 1, 1, 0, 1, 1, 1, 0, 0, 1, 0, 1, 0, 1, 1]","['True_animalFeed', 'True_water', 'True_liveAnimalInput', 'True_electricityFuel', 'True_transport', 'True_pesticideVeterinaryDrug', 'True_seed', 'True_otherChemical', 'True_animalPopulation', 'True_freshForage', 'True_excreta', 'True_product', 'True_waste', 'True_soilAmendment', 'True_operation', 'True_fertiliser', 'True_material', 'True_ingredient', 'True_cropResidue']",ML model predicted No True_water but the humans predicted True_water.,Total number of matching positives in this prediction string 11.,21.49390243902439,76,System Boundary,standardized,rag,Human,1
0,,"[1, 1, 1, 0, 0, 1, 1, 1, 1, 1, 1, 1, 0, 1, 0, 1, 0, 1, 1]","[1, 0, 1, 0, 1, 1, 1, 1, 1, 1, 1, 0, 0, 1, 0, 1, 0, 1, 1]","['True_animalFeed', 'True_water', 'True_liveAnimalInput', 'True_electricityFuel', 'True_transport', 'True_pesticideVeterinaryDrug', 'True_seed', 'True_otherChemical', 'True_animalPopulation', 'True_freshForage', 'True_excreta', 'True_product', 'True_waste', 'True_soilAmendment', 'True_operation', 'True_fertiliser', 'True_material', 'True_ingredient', 'True_cropResidue']",ML model predicted No True_water but the humans predicted True_water.,Total number of matching positives in this prediction string 12.,21.49390243902439,76,System Boundary,standardized,no rag,Human,2
0,,"[1, 1, 1, 0, 0, 1, 1, 1, 1, 1, 1, 1, 0, 1, 0, 1, 0, 1, 1]","[1, 0, 1, 0, 1, 1, 1, 0, 1, 1, 1, 0, 0, 1, 0, 1, 0, 1, 1]","['True_animalFeed', 'True_water', 'True_liveAnimalInput', 'True_electricityFuel', 'True_transport', 'True_pesticideVeterinaryDrug', 'True_seed', 'True_otherChemical', 'True_animalPopulation', 'True_freshForage', 'True_excreta', 'True_product', 'True_waste', 'True_soilAmendment', 'True_operation', 'True_fertiliser', 'True_material', 'True_ingredient', 'True_cropResidue']",ML model predicted No True_otherChemical but the humans predicted True_otherChemical.,Total number of matching positives in this prediction string 11.,90.70121951219512,76,System Boundary,standardized,rag,Human,1
0,,"[1, 1, 1, 0, 0, 1, 1, 1, 1, 1, 1, 1, 0, 1, 0, 1, 0, 1, 1]","[1, 0, 1, 0, 1, 1, 1, 0, 1, 1, 1, 0, 0, 1, 0, 1, 0, 1, 1]","['True_animalFeed', 'True_water', 'True_liveAnimalInput', 'True_electricityFuel', 'True_transport', 'True_pesticideVeterinaryDrug', 'True_seed', 'True_otherChemical', 'True_animalPopulation', 'True_freshForage', 'True_excreta', 'True_product', 'True_waste', 'True_soilAmendment', 'True_operation', 'True_fertiliser', 'True_material', 'True_ingredient', 'True_cropResidue']",ML model predicted No True_product but the humans predicted True_product.,Total number of matching positives in this prediction string 11.,93.14024390243902,76,System Boundary,standardized,rag,Human,1
0,,"[1, 0, 1, 1, 0, 0, 1, 1, 1, 0, 0, 0, 0, 0, 0, 1, 0, 1, 1]","[0, 0, 1, 1, 0, 0, 1, 1, 1, 0, 0, 0, 0, 0, 0, 1, 0, 1, 1]","['True_animalFeed', 'True_water', 'True_liveAnimalInput', 'True_electricityFuel', 'True_transport', 'True_pesticideVeterinaryDrug', 'True_seed', 'True_otherChemical', 'True_animalPopulation', 'True_freshForage', 'True_excreta', 'True_product', 'True_waste', 'True_soilAmendment', 'True_operation', 'True_fertiliser', 'True_material', 'True_ingredient', 'True_cropResidue']",ML model predicted No True_animalFeed but the humans predicted True_animalFeed.,Total number of matching positives in this prediction string 8.,93.14024390243902,77,System Boundary,standardized,no rag,Human,1
0,,"[1, 0, 1, 1, 0, 0, 1, 1, 1, 0, 0, 0, 0, 0, 0, 1, 0, 1, 1]","[1, 0, 1, 0, 0, 0, 0, 1, 1, 1, 0, 0, 0, 0, 0, 0, 0, 1, 1]","['True_animalFeed', 'True_water', 'True_liveAnimalInput', 'True_electricityFuel', 'True_transport', 'True_pesticideVeterinaryDrug', 'True_seed', 'True_otherChemical', 'True_animalPopulation', 'True_freshForage', 'True_excreta', 'True_product', 'True_waste', 'True_soilAmendment', 'True_operation', 'True_fertiliser', 'True_material', 'True_ingredient', 'True_cropResidue']",ML model predicted No True_electricityFuel but the humans predicted True_electricityFuel.,Total number of matching positives in this prediction string 6.,68.90243902439025,77,System Boundary,standardized,no rag,Human,1
0,,"[1, 0, 1, 1, 0, 0, 1, 1, 1, 0, 0, 0, 0, 0, 0, 1, 0, 1, 1]","[1, 0, 1, 0, 0, 0, 0, 1, 1, 1, 0, 0, 0, 0, 0, 0, 0, 1, 1]","['True_animalFeed', 'True_water', 'True_liveAnimalInput', 'True_electricityFuel', 'True_transport', 'True_pesticideVeterinaryDrug', 'True_seed', 'True_otherChemical', 'True_animalPopulation', 'True_freshForage', 'True_excreta', 'True_product', 'True_waste', 'True_soilAmendment', 'True_operation', 'True_fertiliser', 'True_material', 'True_ingredient', 'True_cropResidue']",ML model predicted No True_seed but the humans predicted True_seed.,Total number of matching positives in this prediction string 6.,89.48170731707317,77,System Boundary,standardized,no rag,Human,1
0,,"[1, 0, 1, 1, 0, 0, 1, 1, 1, 0, 0, 0, 0, 0, 0, 1, 0, 1, 1]","[1, 0, 1, 1, 0, 0, 1, 1, 1, 0, 0, 0, 0, 0, 0, 0, 0, 1, 1]","['True_animalFeed', 'True_water', 'True_liveAnimalInput', 'True_electricityFuel', 'True_transport', 'True_pesticideVeterinaryDrug', 'True_seed', 'True_otherChemical', 'True_animalPopulation', 'True_freshForage', 'True_excreta', 'True_product', 'True_waste', 'True_soilAmendment', 'True_operation', 'True_fertiliser', 'True_material', 'True_ingredient', 'True_cropResidue']",ML model predicted No True_fertiliser but the humans predicted True_fertiliser.,Total number of matching positives in this prediction string 8.,93.75,77,System Boundary,standardized,rag,Human,1
0,,"[1, 0, 1, 1, 0, 0, 1, 1, 1, 0, 0, 0, 0, 0, 0, 1, 0, 1, 1]","[1, 0, 1, 0, 0, 0, 0, 1, 1, 1, 0, 0, 0, 0, 0, 0, 0, 1, 1]","['True_animalFeed', 'True_water', 'True_liveAnimalInput', 'True_electricityFuel', 'True_transport', 'True_pesticideVeterinaryDrug', 'True_seed', 'True_otherChemical', 'True_animalPopulation', 'True_freshForage', 'True_excreta', 'True_product', 'True_waste', 'True_soilAmendment', 'True_operation', 'True_fertiliser', 'True_material', 'True_ingredient', 'True_cropResidue']",ML model predicted True_freshForage but the humans predicted No True_freshForage.,Total number of matching positives in this prediction string 6.,87.5,77,System Boundary,standardized,no rag,AI,1
0,,"[1, 0, 1, 1, 0, 0, 1, 1, 1, 0, 0, 0, 0, 0, 0, 1, 0, 1, 1]","[1, 0, 1, 0, 0, 0, 0, 1, 1, 1, 0, 0, 0, 0, 0, 0, 0, 1, 1]","['True_animalFeed', 'True_water', 'True_liveAnimalInput', 'True_electricityFuel', 'True_transport', 'True_pesticideVeterinaryDrug', 'True_seed', 'True_otherChemical', 'True_animalPopulation', 'True_freshForage', 'True_excreta', 'True_product', 'True_waste', 'True_soilAmendment', 'True_operation', 'True_fertiliser', 'True_material', 'True_ingredient', 'True_cropResidue']",ML model predicted No True_fertiliser but the humans predicted True_fertiliser.,Total number of matching positives in this prediction string 6.,93.75,77,System Boundary,standardized,no rag,Human,1
0,,"[1, 0, 1, 1, 0, 0, 1, 1, 1, 0, 0, 0, 0, 0, 0, 1, 0, 1, 1]","[1, 0, 1, 1, 0, 0, 0, 1, 1, 0, 0, 0, 0, 0, 0, 1, 0, 1, 1]","['True_animalFeed', 'True_water', 'True_liveAnimalInput', 'True_electricityFuel', 'True_transport', 'True_pesticideVeterinaryDrug', 'True_seed', 'True_otherChemical', 'True_animalPopulation', 'True_freshForage', 'True_excreta', 'True_product', 'True_waste', 'True_soilAmendment', 'True_operation', 'True_fertiliser', 'True_material', 'True_ingredient', 'True_cropResidue']",ML model predicted No True_seed but the humans predicted True_seed.,Total number of matching positives in this prediction string 8.,89.48170731707317,77,System Boundary,standardized,no rag,Human,1
0,,"[1, 0, 1, 1, 0, 0, 1, 1, 1, 0, 0, 0, 0, 0, 0, 1, 0, 1, 1]","[1, 0, 1, 1, 0, 0, 1, 1, 1, 1, 0, 0, 0, 1, 0, 1, 0, 1, 1]","['True_animalFeed', 'True_water', 'True_liveAnimalInput', 'True_electricityFuel', 'True_transport', 'True_pesticideVeterinaryDrug', 'True_seed', 'True_otherChemical', 'True_animalPopulation', 'True_freshForage', 'True_excreta', 'True_product', 'True_waste', 'True_soilAmendment', 'True_operation', 'True_fertiliser', 'True_material', 'True_ingredient', 'True_cropResidue']",ML model predicted True_freshForage but the humans predicted No True_freshForage.,Total number of matching positives in this prediction string 9.,87.5,77,System Boundary,standardized,rag,AI,2
0,,"[1, 0, 1, 1, 0, 0, 1, 1, 1, 0, 0, 0, 0, 0, 0, 1, 0, 1, 1]","[1, 0, 1, 1, 0, 0, 1, 1, 1, 1, 0, 0, 0, 0, 0, 1, 0, 1, 1]","['True_animalFeed', 'True_water', 'True_liveAnimalInput', 'True_electricityFuel', 'True_transport', 'True_pesticideVeterinaryDrug', 'True_seed', 'True_otherChemical', 'True_animalPopulation', 'True_freshForage', 'True_excreta', 'True_product', 'True_waste', 'True_soilAmendment', 'True_operation', 'True_fertiliser', 'True_material', 'True_ingredient', 'True_cropResidue']",ML model predicted True_freshForage but the humans predicted No True_freshForage.,Total number of matching positives in this prediction string 9.,87.5,77,System Boundary,standardized,no rag,AI,1
0,,"[1, 0, 1, 1, 0, 0, 1, 1, 1, 0, 0, 0, 0, 0, 0, 1, 0, 1, 1]","[1, 0, 1, 1, 0, 0, 1, 1, 1, 0, 0, 0, 0, 1, 0, 0, 0, 1, 1]","['True_animalFeed', 'True_water', 'True_liveAnimalInput', 'True_electricityFuel', 'True_transport', 'True_pesticideVeterinaryDrug', 'True_seed', 'True_otherChemical', 'True_animalPopulation', 'True_freshForage', 'True_excreta', 'True_product', 'True_waste', 'True_soilAmendment', 'True_operation', 'True_fertiliser', 'True_material', 'True_ingredient', 'True_cropResidue']",ML model predicted No True_fertiliser but the humans predicted True_fertiliser.,Total number of matching positives in this prediction string 8.,93.75,77,System Boundary,standardized,rag,Human,1
0,,"[1, 0, 1, 1, 0, 0, 1, 1, 1, 0, 0, 0, 0, 0, 0, 1, 0, 1, 1]","[1, 0, 1, 1, 0, 0, 1, 1, 1, 1, 0, 0, 0, 1, 0, 1, 0, 1, 1]","['True_animalFeed', 'True_water', 'True_liveAnimalInput', 'True_electricityFuel', 'True_transport', 'True_pesticideVeterinaryDrug', 'True_seed', 'True_otherChemical', 'True_animalPopulation', 'True_freshForage', 'True_excreta', 'True_product', 'True_waste', 'True_soilAmendment', 'True_operation', 'True_fertiliser', 'True_material', 'True_ingredient', 'True_cropResidue']",ML model predicted True_soilAmendment but the humans predicted No True_soilAmendment.,Total number of matching positives in this prediction string 9.,92.3780487804878,77,System Boundary,standardized,rag,AI,2
0,,"[1, 0, 1, 1, 0, 0, 1, 1, 1, 0, 0, 0, 0, 0, 0, 1, 0, 1, 1]","[1, 0, 1, 1, 0, 0, 1, 1, 1, 0, 0, 0, 0, 1, 0, 0, 0, 1, 1]","['True_animalFeed', 'True_water', 'True_liveAnimalInput', 'True_electricityFuel', 'True_transport', 'True_pesticideVeterinaryDrug', 'True_seed', 'True_otherChemical', 'True_animalPopulation', 'True_freshForage', 'True_excreta', 'True_product', 'True_waste', 'True_soilAmendment', 'True_operation', 'True_fertiliser', 'True_material', 'True_ingredient', 'True_cropResidue']",ML model predicted True_soilAmendment but the humans predicted No True_soilAmendment.,Total number of matching positives in this prediction string 8.,92.3780487804878,77,System Boundary,standardized,rag,AI,1
0,,"[0, 0, 0, 0, 1, 0, 0, 0, 0, 0, 0, 0, 0, 0, 0, 0, 0, 0, 0, 0, 0, 0, 0, 0, 0, 0, 0, 0, 0, 0, 0, 0, 0, 1, 0, 0, 0, 0, 0, 0, 0, 0, 0, 0, 0, 0, 0, 0, 0, 0, 0, 0, 0, 0, 0, 0, 0, 0, 0]","[0, 0, 0, 0, 1, 0, 0, 0, 0, 0, 0, 0, 0, 0, 0, 0, 0, 0, 0, 0, 0, 0, 0, 0, 0, 0, 0, 0, 0, 0, 0, 0, 0, 0, 0, 0, 0, 0, 0, 0, 0, 0, 0, 0, 0, 0, 0, 0, 0, 0, 0, 0, 0, 0, 0, 0, 0, 0, 0]","['Meat, beef cattle (cold carcass weight)', 'Meat, pig (cold dressed carcass weight)', 'Meat, chicken, breast', 'Milk, cow, raw (FPCM)', 'Broiler chicken', 'Beef cattle', 'Hides', 'Sheep, ewe', 'Beef cattle, heifer', 'Beef cattle, calf (female, weaned)', 'Dairy cattle, calf (weaned)', 'Cattle', 'Wool, sheep (greasy)', 'Meat, dairy cattle (liveweight)', 'Beef cattle, steer', 'Meat, sheep (liveweight)', 'Beef cattle, heifer and steer', 'Dairy cattle, cow', 'Cattle, urine (kg mass)', 'Dairy cattle', 'Layer chicken, hen', 'Sheep, lamb (male, unweaned)', 'Meat, chicken, wings', 'Wool', 'Eggs, hen, in shell (number)', 'Pig', 'Broiler chicken, hen', 'Dairy cattle, calf (male, unweaned)', 'Meat, dairy cattle (cold carcass weight)', 'Dairy cattle, calf', 'Beef cattle, calf (male, weaned)', 'Meat, beef cattle (cold dressed carcass weight)', 'Eggs, hen, in shell', 'Broiler chicken, chick', 'Meat, chicken (liveweight)', 'Pig, piglet', 'Layer chicken, pullet', 'Sheep, lamb (female, unweaned)', 'Milk', 'Beef cattle, bull', 'Eggs', 'Sheep, lamb', 'Dairy cattle, calf (female, weaned)', 'Sheep, ram', 'Sheep, lamb (weaned)', 'Meat, chicken (cold carcass weight)', 'Beef cattle, calf (weaned)', 'Meat, chicken, leg', 'Sheep', 'Layer chicken', 'Beef cattle, cow', 'Poultry by-product meal', 'Meat', 'Milk, cow, raw', 'Hides, dairy cattle, fresh', 'Pig, sow', 'Meat, beef cattle (liveweight)', 'Dairy cattle, heifer', 'Meat, sheep (cold carcass weight)']","ML model predicted No Broiler chicken, chick but the humans predicted Broiler chicken, chick.",Total number of matching positives in this prediction string 1.,0.6097560975609756,78,Product,standardized,rag,Human,1
0,,"[0, 0, 0, 0, 0, 0, 0, 0, 0, 0, 0, 0, 0, 0, 0, 0, 0, 0, 0, 0, 0, 0, 0, 0, 0, 0, 0, 0, 0, 0, 0, 0, 0, 0, 0, 0, 0, 0, 0, 0, 0, 0, 0, 0, 0, 0, 0, 1, 0, 0, 0, 0, 1, 0, 0, 0, 0, 0, 0]","[0, 0, 0, 0, 0, 0, 0, 0, 0, 0, 0, 0, 0, 0, 0, 0, 0, 0, 0, 0, 0, 0, 0, 0, 0, 0, 0, 0, 0, 0, 0, 0, 0, 0, 0, 0, 0, 0, 0, 0, 0, 0, 0, 0, 0, 0, 0, 0, 0, 0, 0, 0, 1, 0, 0, 0, 0, 0, 0]","['Meat, beef cattle (cold carcass weight)', 'Meat, pig (cold dressed carcass weight)', 'Meat, chicken, breast', 'Milk, cow, raw (FPCM)', 'Broiler chicken', 'Beef cattle', 'Hides', 'Sheep, ewe', 'Beef cattle, heifer', 'Beef cattle, calf (female, weaned)', 'Dairy cattle, calf (weaned)', 'Cattle', 'Wool, sheep (greasy)', 'Meat, dairy cattle (liveweight)', 'Beef cattle, steer', 'Meat, sheep (liveweight)', 'Beef cattle, heifer and steer', 'Dairy cattle, cow', 'Cattle, urine (kg mass)', 'Dairy cattle', 'Layer chicken, hen', 'Sheep, lamb (male, unweaned)', 'Meat, chicken, wings', 'Wool', 'Eggs, hen, in shell (number)', 'Pig', 'Broiler chicken, hen', 'Dairy cattle, calf (male, unweaned)', 'Meat, dairy cattle (cold carcass weight)', 'Dairy cattle, calf', 'Beef cattle, calf (male, weaned)', 'Meat, beef cattle (cold dressed carcass weight)', 'Eggs, hen, in shell', 'Broiler chicken, chick', 'Meat, chicken (liveweight)', 'Pig, piglet', 'Layer chicken, pullet', 'Sheep, lamb (female, unweaned)', 'Milk', 'Beef cattle, bull', 'Eggs', 'Sheep, lamb', 'Dairy cattle, calf (female, weaned)', 'Sheep, ram', 'Sheep, lamb (weaned)', 'Meat, chicken (cold carcass weight)', 'Beef cattle, calf (weaned)', 'Meat, chicken, leg', 'Sheep', 'Layer chicken', 'Beef cattle, cow', 'Poultry by-product meal', 'Meat', 'Milk, cow, raw', 'Hides, dairy cattle, fresh', 'Pig, sow', 'Meat, beef cattle (liveweight)', 'Dairy cattle, heifer', 'Meat, sheep (cold carcass weight)']","ML model predicted No Meat, chicken, leg but the humans predicted Meat, chicken, leg.",Total number of matching positives in this prediction string 1.,0.1524390243902439,79,Product,standardized,rag,Human,3
0,,"[1, 0, 0, 0, 0, 0]","[0, 0, 0, 0, 0, 0]","['economic', 'energy', 'none required', 'none', 'mass', 'biophysical']",ML model predicted No economic but the humans predicted economic.,Total number of matching positives in this prediction string 0.,68.08823529411765,79,Allocation,original,no rag,Human,1
0,,"[0, 0, 0, 0, 0, 0, 0, 0, 0, 0, 0, 0, 0, 0, 0, 0, 0, 0, 0, 0, 0, 0, 0, 0, 0, 0, 0, 0, 0, 0, 0, 0, 0, 0, 0, 0, 0, 0, 0, 0, 0, 0, 0, 0, 0, 0, 0, 1, 0, 0, 0, 0, 1, 0, 0, 0, 0, 0, 0]","[0, 0, 0, 0, 0, 0, 0, 0, 0, 0, 0, 0, 0, 0, 0, 0, 0, 0, 0, 0, 0, 0, 1, 0, 0, 0, 0, 0, 0, 0, 0, 0, 0, 0, 0, 0, 0, 0, 0, 0, 0, 0, 0, 0, 0, 0, 0, 0, 0, 0, 0, 0, 1, 0, 0, 0, 0, 0, 0]","['Meat, beef cattle (cold carcass weight)', 'Meat, pig (cold dressed carcass weight)', 'Meat, chicken, breast', 'Milk, cow, raw (FPCM)', 'Broiler chicken', 'Beef cattle', 'Hides', 'Sheep, ewe', 'Beef cattle, heifer', 'Beef cattle, calf (female, weaned)', 'Dairy cattle, calf (weaned)', 'Cattle', 'Wool, sheep (greasy)', 'Meat, dairy cattle (liveweight)', 'Beef cattle, steer', 'Meat, sheep (liveweight)', 'Beef cattle, heifer and steer', 'Dairy cattle, cow', 'Cattle, urine (kg mass)', 'Dairy cattle', 'Layer chicken, hen', 'Sheep, lamb (male, unweaned)', 'Meat, chicken, wings', 'Wool', 'Eggs, hen, in shell (number)', 'Pig', 'Broiler chicken, hen', 'Dairy cattle, calf (male, unweaned)', 'Meat, dairy cattle (cold carcass weight)', 'Dairy cattle, calf', 'Beef cattle, calf (male, weaned)', 'Meat, beef cattle (cold dressed carcass weight)', 'Eggs, hen, in shell', 'Broiler chicken, chick', 'Meat, chicken (liveweight)', 'Pig, piglet', 'Layer chicken, pullet', 'Sheep, lamb (female, unweaned)', 'Milk', 'Beef cattle, bull', 'Eggs', 'Sheep, lamb', 'Dairy cattle, calf (female, weaned)', 'Sheep, ram', 'Sheep, lamb (weaned)', 'Meat, chicken (cold carcass weight)', 'Beef cattle, calf (weaned)', 'Meat, chicken, leg', 'Sheep', 'Layer chicken', 'Beef cattle, cow', 'Poultry by-product meal', 'Meat', 'Milk, cow, raw', 'Hides, dairy cattle, fresh', 'Pig, sow', 'Meat, beef cattle (liveweight)', 'Dairy cattle, heifer', 'Meat, sheep (cold carcass weight)']","ML model predicted No Meat, chicken, leg but the humans predicted Meat, chicken, leg.",Total number of matching positives in this prediction string 1.,0.1524390243902439,79,Product,standardized,rag,Human,1
0,,"[0, 0, 0, 0, 0, 0, 0, 0, 0, 0, 0, 0, 0, 0, 0, 0, 0, 0, 0, 0, 0, 0, 0, 0, 0, 0, 0, 0, 0, 0, 0, 0, 0, 0, 0, 0, 0, 0, 0, 0, 0, 0, 0, 0, 0, 0, 0, 1, 0, 0, 0, 0, 1, 0, 0, 0, 0, 0, 0]","[0, 0, 0, 0, 0, 0, 0, 0, 0, 0, 0, 0, 0, 0, 0, 0, 0, 0, 0, 0, 0, 0, 0, 0, 0, 0, 0, 0, 0, 0, 0, 0, 0, 0, 0, 0, 0, 0, 0, 0, 0, 0, 0, 0, 0, 0, 0, 0, 0, 0, 0, 0, 1, 0, 0, 0, 0, 0, 0]","['Meat, beef cattle (cold carcass weight)', 'Meat, pig (cold dressed carcass weight)', 'Meat, chicken, breast', 'Milk, cow, raw (FPCM)', 'Broiler chicken', 'Beef cattle', 'Hides', 'Sheep, ewe', 'Beef cattle, heifer', 'Beef cattle, calf (female, weaned)', 'Dairy cattle, calf (weaned)', 'Cattle', 'Wool, sheep (greasy)', 'Meat, dairy cattle (liveweight)', 'Beef cattle, steer', 'Meat, sheep (liveweight)', 'Beef cattle, heifer and steer', 'Dairy cattle, cow', 'Cattle, urine (kg mass)', 'Dairy cattle', 'Layer chicken, hen', 'Sheep, lamb (male, unweaned)', 'Meat, chicken, wings', 'Wool', 'Eggs, hen, in shell (number)', 'Pig', 'Broiler chicken, hen', 'Dairy cattle, calf (male, unweaned)', 'Meat, dairy cattle (cold carcass weight)', 'Dairy cattle, calf', 'Beef cattle, calf (male, weaned)', 'Meat, beef cattle (cold dressed carcass weight)', 'Eggs, hen, in shell', 'Broiler chicken, chick', 'Meat, chicken (liveweight)', 'Pig, piglet', 'Layer chicken, pullet', 'Sheep, lamb (female, unweaned)', 'Milk', 'Beef cattle, bull', 'Eggs', 'Sheep, lamb', 'Dairy cattle, calf (female, weaned)', 'Sheep, ram', 'Sheep, lamb (weaned)', 'Meat, chicken (cold carcass weight)', 'Beef cattle, calf (weaned)', 'Meat, chicken, leg', 'Sheep', 'Layer chicken', 'Beef cattle, cow', 'Poultry by-product meal', 'Meat', 'Milk, cow, raw', 'Hides, dairy cattle, fresh', 'Pig, sow', 'Meat, beef cattle (liveweight)', 'Dairy cattle, heifer', 'Meat, sheep (cold carcass weight)']","ML model predicted No Meat, chicken, leg but the humans predicted Meat, chicken, leg.",Total number of matching positives in this prediction string 1.,0.1524390243902439,79,Product,standardized,no rag,Human,3
0,,"[0, 0, 0, 0, 0, 0, 0, 0, 0, 0, 0, 0, 0, 0, 0, 0, 0, 0, 0, 0, 0, 0, 0, 0, 0, 0, 0, 0, 0, 0, 0, 0, 0, 0, 0, 0, 0, 0, 0, 0, 0, 0, 0, 0, 0, 0, 0, 1, 0, 0, 0, 0, 1, 0, 0, 0, 0, 0, 0]","[0, 0, 0, 0, 0, 0, 0, 0, 0, 0, 0, 0, 0, 0, 0, 0, 0, 0, 0, 0, 0, 0, 1, 0, 0, 0, 0, 0, 0, 0, 0, 0, 0, 0, 0, 0, 0, 0, 0, 0, 0, 0, 0, 0, 0, 0, 0, 0, 0, 0, 0, 0, 1, 0, 0, 0, 0, 0, 0]","['Meat, beef cattle (cold carcass weight)', 'Meat, pig (cold dressed carcass weight)', 'Meat, chicken, breast', 'Milk, cow, raw (FPCM)', 'Broiler chicken', 'Beef cattle', 'Hides', 'Sheep, ewe', 'Beef cattle, heifer', 'Beef cattle, calf (female, weaned)', 'Dairy cattle, calf (weaned)', 'Cattle', 'Wool, sheep (greasy)', 'Meat, dairy cattle (liveweight)', 'Beef cattle, steer', 'Meat, sheep (liveweight)', 'Beef cattle, heifer and steer', 'Dairy cattle, cow', 'Cattle, urine (kg mass)', 'Dairy cattle', 'Layer chicken, hen', 'Sheep, lamb (male, unweaned)', 'Meat, chicken, wings', 'Wool', 'Eggs, hen, in shell (number)', 'Pig', 'Broiler chicken, hen', 'Dairy cattle, calf (male, unweaned)', 'Meat, dairy cattle (cold carcass weight)', 'Dairy cattle, calf', 'Beef cattle, calf (male, weaned)', 'Meat, beef cattle (cold dressed carcass weight)', 'Eggs, hen, in shell', 'Broiler chicken, chick', 'Meat, chicken (liveweight)', 'Pig, piglet', 'Layer chicken, pullet', 'Sheep, lamb (female, unweaned)', 'Milk', 'Beef cattle, bull', 'Eggs', 'Sheep, lamb', 'Dairy cattle, calf (female, weaned)', 'Sheep, ram', 'Sheep, lamb (weaned)', 'Meat, chicken (cold carcass weight)', 'Beef cattle, calf (weaned)', 'Meat, chicken, leg', 'Sheep', 'Layer chicken', 'Beef cattle, cow', 'Poultry by-product meal', 'Meat', 'Milk, cow, raw', 'Hides, dairy cattle, fresh', 'Pig, sow', 'Meat, beef cattle (liveweight)', 'Dairy cattle, heifer', 'Meat, sheep (cold carcass weight)']","ML model predicted Meat, chicken, wings but the humans predicted No Meat, chicken, wings.",Total number of matching positives in this prediction string 1.,0.6097560975609756,79,Product,standardized,rag,AI,1
0,,"[0, 0, 0, 0, 0, 0, 0, 0, 0, 0, 0, 0, 0, 0, 0, 0, 0, 0, 0, 0, 0, 0, 0, 0, 0, 0, 0, 0, 0, 0, 0, 0, 0, 0, 0, 0, 0, 0, 0, 0, 0, 0, 0, 0, 0, 0, 0, 1, 0, 0, 0, 0, 1, 0, 0, 0, 0, 0, 0]","[0, 0, 0, 0, 0, 0, 0, 0, 0, 0, 0, 0, 0, 0, 0, 0, 0, 0, 0, 0, 0, 0, 1, 0, 0, 0, 0, 0, 0, 0, 0, 0, 0, 0, 0, 0, 0, 0, 0, 0, 0, 0, 0, 0, 0, 0, 0, 0, 0, 0, 0, 0, 1, 0, 0, 0, 0, 0, 0]","['Meat, beef cattle (cold carcass weight)', 'Meat, pig (cold dressed carcass weight)', 'Meat, chicken, breast', 'Milk, cow, raw (FPCM)', 'Broiler chicken', 'Beef cattle', 'Hides', 'Sheep, ewe', 'Beef cattle, heifer', 'Beef cattle, calf (female, weaned)', 'Dairy cattle, calf (weaned)', 'Cattle', 'Wool, sheep (greasy)', 'Meat, dairy cattle (liveweight)', 'Beef cattle, steer', 'Meat, sheep (liveweight)', 'Beef cattle, heifer and steer', 'Dairy cattle, cow', 'Cattle, urine (kg mass)', 'Dairy cattle', 'Layer chicken, hen', 'Sheep, lamb (male, unweaned)', 'Meat, chicken, wings', 'Wool', 'Eggs, hen, in shell (number)', 'Pig', 'Broiler chicken, hen', 'Dairy cattle, calf (male, unweaned)', 'Meat, dairy cattle (cold carcass weight)', 'Dairy cattle, calf', 'Beef cattle, calf (male, weaned)', 'Meat, beef cattle (cold dressed carcass weight)', 'Eggs, hen, in shell', 'Broiler chicken, chick', 'Meat, chicken (liveweight)', 'Pig, piglet', 'Layer chicken, pullet', 'Sheep, lamb (female, unweaned)', 'Milk', 'Beef cattle, bull', 'Eggs', 'Sheep, lamb', 'Dairy cattle, calf (female, weaned)', 'Sheep, ram', 'Sheep, lamb (weaned)', 'Meat, chicken (cold carcass weight)', 'Beef cattle, calf (weaned)', 'Meat, chicken, leg', 'Sheep', 'Layer chicken', 'Beef cattle, cow', 'Poultry by-product meal', 'Meat', 'Milk, cow, raw', 'Hides, dairy cattle, fresh', 'Pig, sow', 'Meat, beef cattle (liveweight)', 'Dairy cattle, heifer', 'Meat, sheep (cold carcass weight)']","ML model predicted Meat, chicken, wings but the humans predicted No Meat, chicken, wings.",Total number of matching positives in this prediction string 1.,0.6097560975609756,79,Product,standardized,no rag,AI,1
0,,"[0, 0, 0, 0, 0, 0, 0, 0, 0, 0, 0, 0, 0, 0, 0, 0, 0, 0, 0, 0, 0, 0, 0, 0, 0, 0, 0, 0, 0, 0, 0, 0, 0, 0, 0, 0, 0, 0, 0, 0, 0, 0, 0, 0, 0, 0, 0, 1, 0, 0, 0, 0, 1, 0, 0, 0, 0, 0, 0]","[0, 0, 0, 0, 0, 0, 0, 0, 0, 0, 0, 0, 0, 0, 0, 0, 0, 0, 0, 0, 0, 0, 1, 0, 0, 0, 0, 0, 0, 0, 0, 0, 0, 0, 0, 0, 0, 0, 0, 0, 0, 0, 0, 0, 0, 0, 0, 0, 0, 0, 0, 0, 1, 0, 0, 0, 0, 0, 0]","['Meat, beef cattle (cold carcass weight)', 'Meat, pig (cold dressed carcass weight)', 'Meat, chicken, breast', 'Milk, cow, raw (FPCM)', 'Broiler chicken', 'Beef cattle', 'Hides', 'Sheep, ewe', 'Beef cattle, heifer', 'Beef cattle, calf (female, weaned)', 'Dairy cattle, calf (weaned)', 'Cattle', 'Wool, sheep (greasy)', 'Meat, dairy cattle (liveweight)', 'Beef cattle, steer', 'Meat, sheep (liveweight)', 'Beef cattle, heifer and steer', 'Dairy cattle, cow', 'Cattle, urine (kg mass)', 'Dairy cattle', 'Layer chicken, hen', 'Sheep, lamb (male, unweaned)', 'Meat, chicken, wings', 'Wool', 'Eggs, hen, in shell (number)', 'Pig', 'Broiler chicken, hen', 'Dairy cattle, calf (male, unweaned)', 'Meat, dairy cattle (cold carcass weight)', 'Dairy cattle, calf', 'Beef cattle, calf (male, weaned)', 'Meat, beef cattle (cold dressed carcass weight)', 'Eggs, hen, in shell', 'Broiler chicken, chick', 'Meat, chicken (liveweight)', 'Pig, piglet', 'Layer chicken, pullet', 'Sheep, lamb (female, unweaned)', 'Milk', 'Beef cattle, bull', 'Eggs', 'Sheep, lamb', 'Dairy cattle, calf (female, weaned)', 'Sheep, ram', 'Sheep, lamb (weaned)', 'Meat, chicken (cold carcass weight)', 'Beef cattle, calf (weaned)', 'Meat, chicken, leg', 'Sheep', 'Layer chicken', 'Beef cattle, cow', 'Poultry by-product meal', 'Meat', 'Milk, cow, raw', 'Hides, dairy cattle, fresh', 'Pig, sow', 'Meat, beef cattle (liveweight)', 'Dairy cattle, heifer', 'Meat, sheep (cold carcass weight)']","ML model predicted No Meat, chicken, leg but the humans predicted Meat, chicken, leg.",Total number of matching positives in this prediction string 1.,0.1524390243902439,79,Product,standardized,no rag,Human,1
0,,"[0, 0, 0, 1, 0, 0]","[0, 0, 0, 0, 0, 0]","['economic', 'energy', 'none required', 'none', 'mass', 'biophysical']",ML model predicted No none but the humans predicted none.,Total number of matching positives in this prediction string 0.,9.852941176470589,83,Allocation,original,no rag,Human,3
0,,"[0, 0, 0, 1, 0, 0]","[0, 0, 0, 0, 0, 0]","['economic', 'energy', 'none required', 'none', 'mass', 'biophysical']",ML model predicted No none but the humans predicted none.,Total number of matching positives in this prediction string 0.,9.852941176470589,83,Allocation,original,rag,Human,1
0,,"[0, 0, 0, 1, 0, 0]","[1, 0, 0, 0, 0, 0]","['economic', 'energy', 'none required', 'none', 'mass', 'biophysical']",ML model predicted No none but the humans predicted none.,Total number of matching positives in this prediction string 0.,9.852941176470589,83,Allocation,original,no rag,Human,1
0,,"[0, 0, 0, 1, 0, 0]","[1, 0, 0, 0, 0, 0]","['economic', 'energy', 'none required', 'none', 'mass', 'biophysical']",ML model predicted economic but the humans predicted No economic.,Total number of matching positives in this prediction string 0.,68.08823529411765,83,Allocation,original,no rag,AI,1
0,,"[1, 0, 1, 1, 0, 0, 1, 1, 1, 1, 0, 1, 0, 1, 0, 1, 0, 1, 1]","[1, 1, 1, 1, 0, 0, 1, 1, 1, 1, 0, 1, 0, 1, 0, 1, 0, 1, 1]","['True_animalFeed', 'True_water', 'True_liveAnimalInput', 'True_electricityFuel', 'True_transport', 'True_pesticideVeterinaryDrug', 'True_seed', 'True_otherChemical', 'True_animalPopulation', 'True_freshForage', 'True_excreta', 'True_product', 'True_waste', 'True_soilAmendment', 'True_operation', 'True_fertiliser', 'True_material', 'True_ingredient', 'True_cropResidue']",ML model predicted True_water but the humans predicted No True_water.,Total number of matching positives in this prediction string 12.,23.08823529411765,84,System Boundary,original,no rag,AI,2
0,,"[0, 0, 1, 0, 0, 0]","[1, 0, 0, 0, 0, 0]","['economic', 'energy', 'none required', 'none', 'mass', 'biophysical']",ML model predicted economic but the humans predicted No economic.,Total number of matching positives in this prediction string 0.,68.08823529411765,84,Allocation,original,rag,AI,1
0,,"[0, 0, 1, 0, 0, 0]","[0, 0, 0, 0, 0, 0]","['economic', 'energy', 'none required', 'none', 'mass', 'biophysical']",ML model predicted No none required but the humans predicted none required.,Total number of matching positives in this prediction string 0.,17.941176470588236,84,Allocation,original,no rag,Human,1
0,,"[0, 0, 1, 0, 0, 0]","[0, 0, 0, 0, 0, 0]","['economic', 'energy', 'none required', 'none', 'mass', 'biophysical']",ML model predicted No none required but the humans predicted none required.,Total number of matching positives in this prediction string 0.,17.941176470588236,84,Allocation,original,rag,Human,2
0,,"[0, 0, 1, 0, 0, 0]","[0, 0, 0, 1, 0, 0]","['economic', 'energy', 'none required', 'none', 'mass', 'biophysical']",ML model predicted No none required but the humans predicted none required.,Total number of matching positives in this prediction string 0.,17.941176470588236,84,Allocation,original,rag,Human,1
0,,"[0, 0, 1, 0, 0, 0]","[1, 0, 0, 0, 0, 0]","['economic', 'energy', 'none required', 'none', 'mass', 'biophysical']",ML model predicted economic but the humans predicted No economic.,Total number of matching positives in this prediction string 0.,68.08823529411765,84,Allocation,original,no rag,AI,1
0,,"[0, 0, 1, 0, 0, 0]","[1, 0, 0, 0, 0, 0]","['economic', 'energy', 'none required', 'none', 'mass', 'biophysical']",ML model predicted No none required but the humans predicted none required.,Total number of matching positives in this prediction string 0.,17.941176470588236,84,Allocation,original,no rag,Human,1
0,,"[0, 0, 1, 0, 0, 0]","[1, 0, 0, 0, 0, 0]","['economic', 'energy', 'none required', 'none', 'mass', 'biophysical']",ML model predicted No none required but the humans predicted none required.,Total number of matching positives in this prediction string 0.,17.941176470588236,84,Allocation,original,rag,Human,1
0,,"[0, 0, 1, 0, 0, 0]","[0, 0, 0, 1, 0, 0]","['economic', 'energy', 'none required', 'none', 'mass', 'biophysical']",ML model predicted none but the humans predicted No none.,Total number of matching positives in this prediction string 0.,9.852941176470589,84,Allocation,original,rag,AI,1
