,context,true_labels,preds_70,classes,sample index,model,dataset,dataset_type,RAG
50,"Permanent pasture producing beef cattle, heifer in brazil. cycle description: beef, fertilized guinea grass (panicum maximum cv. tanzânia) pasture + 75-day finishing period in confinement (scenario 5). site description: cerrado (goiás, mato grosso do sul, mato grosso, tocantins and minas gerais states).","[0, 0, 1, 1, 0, 0, 0, 0, 0]","[1, 0, 0, 1, 0, 0, 0, 0, 0]","['relative', 'kg FPCM', '1 ha', 'number', 'kg liveweight', 'kg ready-to-cook weight', 'kg cold dressed carcass weight', 'kg', 'kg cold carcass weight']",50,ESGBERT/EnvironmentalBERT-base,Functional Unit,standardized,no rag
21,"Permanent pasture producing beef cattle, heifer and steer in united kingdom. cycle description: permanent pasture fields. site description: permanent pasture fields, north wyke farm platform.","[1, 0, 0, 1, 0, 0, 0, 0, 0]","[1, 0, 1, 1, 0, 0, 0, 0, 0]","['relative', 'kg FPCM', '1 ha', 'number', 'kg liveweight', 'kg ready-to-cook weight', 'kg cold dressed carcass weight', 'kg', 'kg cold carcass weight']",21,microsoft/deberta-v3-small,Functional Unit,standardized,no rag
10,"Permanent pasture producing beef cattle, calf (weaned) in spain. cycle description: average annual production data across 6 different organic dehesa cattle farms. cow-calf operation.","[0, 0, 0, 0, 0, 1, 0, 0, 0, 0, 0, 0, 0, 0, 0, 0, 0, 0, 0, 0, 0, 0, 0, 0, 0, 0, 0, 0, 0, 0, 0, 0, 0, 0, 0, 0, 0, 0, 0, 0, 0, 0, 0, 0, 0, 0, 1, 0, 0, 0, 0, 0, 0, 0, 0, 0, 0, 0, 0]","[0, 0, 0, 0, 0, 1, 0, 0, 0, 0, 0, 0, 0, 0, 0, 0, 0, 0, 0, 0, 0, 0, 0, 0, 0, 0, 0, 0, 0, 0, 0, 0, 0, 0, 0, 0, 0, 0, 0, 0, 0, 0, 0, 0, 0, 0, 0, 0, 0, 0, 0, 0, 0, 0, 0, 0, 0, 0, 0]","['Meat, beef cattle (cold carcass weight)', 'Meat, pig (cold dressed carcass weight)', 'Meat, chicken, breast', 'Milk, cow, raw (FPCM)', 'Broiler chicken', 'Beef cattle', 'Hides', 'Sheep, ewe', 'Beef cattle, heifer', 'Beef cattle, calf (female, weaned)', 'Dairy cattle, calf (weaned)', 'Cattle', 'Wool, sheep (greasy)', 'Meat, dairy cattle (liveweight)', 'Beef cattle, steer', 'Meat, sheep (liveweight)', 'Beef cattle, heifer and steer', 'Dairy cattle, cow', 'Cattle, urine (kg mass)', 'Dairy cattle', 'Layer chicken, hen', 'Sheep, lamb (male, unweaned)', 'Meat, chicken, wings', 'Wool', 'Eggs, hen, in shell (number)', 'Pig', 'Broiler chicken, hen', 'Dairy cattle, calf (male, unweaned)', 'Meat, dairy cattle (cold carcass weight)', 'Dairy cattle, calf', 'Beef cattle, calf (male, weaned)', 'Meat, beef cattle (cold dressed carcass weight)', 'Eggs, hen, in shell', 'Broiler chicken, chick', 'Meat, chicken (liveweight)', 'Pig, piglet', 'Layer chicken, pullet', 'Sheep, lamb (female, unweaned)', 'Milk', 'Beef cattle, bull', 'Eggs', 'Sheep, lamb', 'Dairy cattle, calf (female, weaned)', 'Sheep, ram', 'Sheep, lamb (weaned)', 'Meat, chicken (cold carcass weight)', 'Beef cattle, calf (weaned)', 'Meat, chicken, leg', 'Sheep', 'Layer chicken', 'Beef cattle, cow', 'Poultry by-product meal', 'Meat', 'Milk, cow, raw', 'Hides, dairy cattle, fresh', 'Pig, sow', 'Meat, beef cattle (liveweight)', 'Dairy cattle, heifer', 'Meat, sheep (cold carcass weight)']",10,climatebert/distilroberta-base-climate-f,Product,standardized,no rag
79,"Agri-food processor producing meat, chicken, leg in netherlands. cycle description: slaughter - organic.","[0, 0, 0, 0, 0, 0, 0, 0, 0, 0, 0, 0, 0, 0, 0, 0, 0, 0, 0, 0, 0, 0, 0, 0, 0, 0, 0, 0, 0, 0, 0, 0, 0, 0, 0, 0, 0, 0, 0, 0, 0, 0, 0, 0, 0, 0, 0, 1, 0, 0, 0, 0, 1, 0, 0, 0, 0, 0, 0]","[0, 0, 0, 0, 0, 0, 0, 0, 0, 0, 0, 0, 0, 0, 0, 0, 0, 0, 0, 0, 0, 0, 0, 0, 0, 0, 0, 0, 0, 0, 0, 0, 0, 0, 0, 0, 0, 0, 0, 0, 0, 0, 0, 0, 0, 0, 0, 0, 0, 0, 0, 0, 1, 0, 0, 0, 0, 0, 0]","['Meat, beef cattle (cold carcass weight)', 'Meat, pig (cold dressed carcass weight)', 'Meat, chicken, breast', 'Milk, cow, raw (FPCM)', 'Broiler chicken', 'Beef cattle', 'Hides', 'Sheep, ewe', 'Beef cattle, heifer', 'Beef cattle, calf (female, weaned)', 'Dairy cattle, calf (weaned)', 'Cattle', 'Wool, sheep (greasy)', 'Meat, dairy cattle (liveweight)', 'Beef cattle, steer', 'Meat, sheep (liveweight)', 'Beef cattle, heifer and steer', 'Dairy cattle, cow', 'Cattle, urine (kg mass)', 'Dairy cattle', 'Layer chicken, hen', 'Sheep, lamb (male, unweaned)', 'Meat, chicken, wings', 'Wool', 'Eggs, hen, in shell (number)', 'Pig', 'Broiler chicken, hen', 'Dairy cattle, calf (male, unweaned)', 'Meat, dairy cattle (cold carcass weight)', 'Dairy cattle, calf', 'Beef cattle, calf (male, weaned)', 'Meat, beef cattle (cold dressed carcass weight)', 'Eggs, hen, in shell', 'Broiler chicken, chick', 'Meat, chicken (liveweight)', 'Pig, piglet', 'Layer chicken, pullet', 'Sheep, lamb (female, unweaned)', 'Milk', 'Beef cattle, bull', 'Eggs', 'Sheep, lamb', 'Dairy cattle, calf (female, weaned)', 'Sheep, ram', 'Sheep, lamb (weaned)', 'Meat, chicken (cold carcass weight)', 'Beef cattle, calf (weaned)', 'Meat, chicken, leg', 'Sheep', 'Layer chicken', 'Beef cattle, cow', 'Poultry by-product meal', 'Meat', 'Milk, cow, raw', 'Hides, dairy cattle, fresh', 'Pig, sow', 'Meat, beef cattle (liveweight)', 'Dairy cattle, heifer', 'Meat, sheep (cold carcass weight)']",79,climatebert/distilroberta-base-climate-f,Product,standardized,no rag
10,"Permanent pasture producing beef cattle, calf (weaned) in spain. cycle description: average annual production data across 6 different organic dehesa cattle farms. cow-calf operation.","[0, 0, 0, 0, 0, 1, 0, 0, 0, 0, 0, 0, 0, 0, 0, 0, 0, 0, 0, 0, 0, 0, 0, 0, 0, 0, 0, 0, 0, 0, 0, 0, 0, 0, 0, 0, 0, 0, 0, 0, 0, 0, 0, 0, 0, 0, 1, 0, 0, 0, 0, 0, 0, 0, 0, 0, 0, 0, 0]","[0, 0, 0, 0, 0, 1, 0, 0, 0, 0, 0, 0, 0, 0, 0, 0, 0, 0, 0, 0, 0, 0, 0, 0, 0, 0, 0, 0, 0, 0, 0, 0, 0, 0, 0, 0, 0, 0, 0, 0, 0, 0, 0, 0, 0, 0, 0, 0, 0, 0, 0, 0, 0, 0, 0, 0, 0, 0, 0]","['Meat, beef cattle (cold carcass weight)', 'Meat, pig (cold dressed carcass weight)', 'Meat, chicken, breast', 'Milk, cow, raw (FPCM)', 'Broiler chicken', 'Beef cattle', 'Hides', 'Sheep, ewe', 'Beef cattle, heifer', 'Beef cattle, calf (female, weaned)', 'Dairy cattle, calf (weaned)', 'Cattle', 'Wool, sheep (greasy)', 'Meat, dairy cattle (liveweight)', 'Beef cattle, steer', 'Meat, sheep (liveweight)', 'Beef cattle, heifer and steer', 'Dairy cattle, cow', 'Cattle, urine (kg mass)', 'Dairy cattle', 'Layer chicken, hen', 'Sheep, lamb (male, unweaned)', 'Meat, chicken, wings', 'Wool', 'Eggs, hen, in shell (number)', 'Pig', 'Broiler chicken, hen', 'Dairy cattle, calf (male, unweaned)', 'Meat, dairy cattle (cold carcass weight)', 'Dairy cattle, calf', 'Beef cattle, calf (male, weaned)', 'Meat, beef cattle (cold dressed carcass weight)', 'Eggs, hen, in shell', 'Broiler chicken, chick', 'Meat, chicken (liveweight)', 'Pig, piglet', 'Layer chicken, pullet', 'Sheep, lamb (female, unweaned)', 'Milk', 'Beef cattle, bull', 'Eggs', 'Sheep, lamb', 'Dairy cattle, calf (female, weaned)', 'Sheep, ram', 'Sheep, lamb (weaned)', 'Meat, chicken (cold carcass weight)', 'Beef cattle, calf (weaned)', 'Meat, chicken, leg', 'Sheep', 'Layer chicken', 'Beef cattle, cow', 'Poultry by-product meal', 'Meat', 'Milk, cow, raw', 'Hides, dairy cattle, fresh', 'Pig, sow', 'Meat, beef cattle (liveweight)', 'Dairy cattle, heifer', 'Meat, sheep (cold carcass weight)']",10,ESGBERT/EnvironmentalBERT-base,Product,standardized,no rag
10,"Permanent pasture producing beef cattle, calf (weaned) in spain. cycle description: average annual production data across 6 different organic dehesa cattle farms. cow-calf operation.","[0, 0, 0, 0, 0, 1, 0, 0, 0, 0, 0, 0, 0, 0, 0, 0, 0, 0, 0, 0, 0, 0, 0, 0, 0, 0, 0, 0, 0, 0, 0, 0, 0, 0, 0, 0, 0, 0, 0, 0, 0, 0, 0, 0, 0, 0, 1, 0, 0, 0, 0, 0, 0, 0, 0, 0, 0, 0, 0]","[0, 0, 0, 0, 0, 1, 0, 0, 0, 0, 0, 0, 0, 0, 0, 0, 0, 0, 0, 0, 0, 0, 0, 0, 0, 0, 0, 0, 0, 0, 0, 0, 0, 0, 0, 0, 0, 0, 0, 0, 0, 0, 0, 0, 0, 0, 0, 0, 0, 0, 0, 0, 0, 0, 0, 0, 0, 0, 0]","['Meat, beef cattle (cold carcass weight)', 'Meat, pig (cold dressed carcass weight)', 'Meat, chicken, breast', 'Milk, cow, raw (FPCM)', 'Broiler chicken', 'Beef cattle', 'Hides', 'Sheep, ewe', 'Beef cattle, heifer', 'Beef cattle, calf (female, weaned)', 'Dairy cattle, calf (weaned)', 'Cattle', 'Wool, sheep (greasy)', 'Meat, dairy cattle (liveweight)', 'Beef cattle, steer', 'Meat, sheep (liveweight)', 'Beef cattle, heifer and steer', 'Dairy cattle, cow', 'Cattle, urine (kg mass)', 'Dairy cattle', 'Layer chicken, hen', 'Sheep, lamb (male, unweaned)', 'Meat, chicken, wings', 'Wool', 'Eggs, hen, in shell (number)', 'Pig', 'Broiler chicken, hen', 'Dairy cattle, calf (male, unweaned)', 'Meat, dairy cattle (cold carcass weight)', 'Dairy cattle, calf', 'Beef cattle, calf (male, weaned)', 'Meat, beef cattle (cold dressed carcass weight)', 'Eggs, hen, in shell', 'Broiler chicken, chick', 'Meat, chicken (liveweight)', 'Pig, piglet', 'Layer chicken, pullet', 'Sheep, lamb (female, unweaned)', 'Milk', 'Beef cattle, bull', 'Eggs', 'Sheep, lamb', 'Dairy cattle, calf (female, weaned)', 'Sheep, ram', 'Sheep, lamb (weaned)', 'Meat, chicken (cold carcass weight)', 'Beef cattle, calf (weaned)', 'Meat, chicken, leg', 'Sheep', 'Layer chicken', 'Beef cattle, cow', 'Poultry by-product meal', 'Meat', 'Milk, cow, raw', 'Hides, dairy cattle, fresh', 'Pig, sow', 'Meat, beef cattle (liveweight)', 'Dairy cattle, heifer', 'Meat, sheep (cold carcass weight)']",10,google-bert/bert-base-uncased,Product,standardized,no rag
76,"Agri-food processor producing meat, beef cattle (liveweight) in brazil. cycle description: meat production.","[0, 0, 0, 0, 0, 0, 0, 0, 0, 0, 0, 0, 0, 0, 0, 0, 0, 0, 0, 0, 0, 0, 0, 0, 0, 0, 0, 0, 0, 0, 0, 0, 0, 0, 0, 0, 0, 0, 0, 0, 0, 0, 0, 0, 0, 0, 0, 0, 0, 0, 0, 0, 1, 0, 0, 0, 1, 0, 0]","[0, 0, 0, 0, 0, 0, 0, 0, 0, 0, 0, 0, 0, 0, 0, 0, 0, 0, 0, 0, 0, 0, 0, 0, 0, 0, 0, 0, 0, 0, 0, 0, 0, 0, 0, 0, 0, 0, 0, 0, 0, 0, 0, 0, 0, 0, 0, 0, 0, 0, 0, 0, 1, 0, 0, 0, 0, 0, 0]","['Meat, beef cattle (cold carcass weight)', 'Meat, pig (cold dressed carcass weight)', 'Meat, chicken, breast', 'Milk, cow, raw (FPCM)', 'Broiler chicken', 'Beef cattle', 'Hides', 'Sheep, ewe', 'Beef cattle, heifer', 'Beef cattle, calf (female, weaned)', 'Dairy cattle, calf (weaned)', 'Cattle', 'Wool, sheep (greasy)', 'Meat, dairy cattle (liveweight)', 'Beef cattle, steer', 'Meat, sheep (liveweight)', 'Beef cattle, heifer and steer', 'Dairy cattle, cow', 'Cattle, urine (kg mass)', 'Dairy cattle', 'Layer chicken, hen', 'Sheep, lamb (male, unweaned)', 'Meat, chicken, wings', 'Wool', 'Eggs, hen, in shell (number)', 'Pig', 'Broiler chicken, hen', 'Dairy cattle, calf (male, unweaned)', 'Meat, dairy cattle (cold carcass weight)', 'Dairy cattle, calf', 'Beef cattle, calf (male, weaned)', 'Meat, beef cattle (cold dressed carcass weight)', 'Eggs, hen, in shell', 'Broiler chicken, chick', 'Meat, chicken (liveweight)', 'Pig, piglet', 'Layer chicken, pullet', 'Sheep, lamb (female, unweaned)', 'Milk', 'Beef cattle, bull', 'Eggs', 'Sheep, lamb', 'Dairy cattle, calf (female, weaned)', 'Sheep, ram', 'Sheep, lamb (weaned)', 'Meat, chicken (cold carcass weight)', 'Beef cattle, calf (weaned)', 'Meat, chicken, leg', 'Sheep', 'Layer chicken', 'Beef cattle, cow', 'Poultry by-product meal', 'Meat', 'Milk, cow, raw', 'Hides, dairy cattle, fresh', 'Pig, sow', 'Meat, beef cattle (liveweight)', 'Dairy cattle, heifer', 'Meat, sheep (cold carcass weight)']",76,google-bert/bert-base-uncased,Product,standardized,no rag
79,"Agri-food processor producing meat, chicken, leg in netherlands. cycle description: slaughter - organic.","[0, 0, 0, 0, 0, 0, 0, 0, 0, 0, 0, 0, 0, 0, 0, 0, 0, 0, 0, 0, 0, 0, 0, 0, 0, 0, 0, 0, 0, 0, 0, 0, 0, 0, 0, 0, 0, 0, 0, 0, 0, 0, 0, 0, 0, 0, 0, 1, 0, 0, 0, 0, 1, 0, 0, 0, 0, 0, 0]","[0, 0, 0, 0, 0, 0, 0, 0, 0, 0, 0, 0, 0, 0, 0, 0, 0, 0, 0, 0, 0, 0, 0, 0, 0, 0, 0, 0, 0, 0, 0, 0, 0, 0, 0, 0, 0, 0, 0, 0, 0, 0, 0, 0, 0, 0, 0, 0, 0, 0, 0, 0, 1, 0, 0, 0, 0, 0, 0]","['Meat, beef cattle (cold carcass weight)', 'Meat, pig (cold dressed carcass weight)', 'Meat, chicken, breast', 'Milk, cow, raw (FPCM)', 'Broiler chicken', 'Beef cattle', 'Hides', 'Sheep, ewe', 'Beef cattle, heifer', 'Beef cattle, calf (female, weaned)', 'Dairy cattle, calf (weaned)', 'Cattle', 'Wool, sheep (greasy)', 'Meat, dairy cattle (liveweight)', 'Beef cattle, steer', 'Meat, sheep (liveweight)', 'Beef cattle, heifer and steer', 'Dairy cattle, cow', 'Cattle, urine (kg mass)', 'Dairy cattle', 'Layer chicken, hen', 'Sheep, lamb (male, unweaned)', 'Meat, chicken, wings', 'Wool', 'Eggs, hen, in shell (number)', 'Pig', 'Broiler chicken, hen', 'Dairy cattle, calf (male, unweaned)', 'Meat, dairy cattle (cold carcass weight)', 'Dairy cattle, calf', 'Beef cattle, calf (male, weaned)', 'Meat, beef cattle (cold dressed carcass weight)', 'Eggs, hen, in shell', 'Broiler chicken, chick', 'Meat, chicken (liveweight)', 'Pig, piglet', 'Layer chicken, pullet', 'Sheep, lamb (female, unweaned)', 'Milk', 'Beef cattle, bull', 'Eggs', 'Sheep, lamb', 'Dairy cattle, calf (female, weaned)', 'Sheep, ram', 'Sheep, lamb (weaned)', 'Meat, chicken (cold carcass weight)', 'Beef cattle, calf (weaned)', 'Meat, chicken, leg', 'Sheep', 'Layer chicken', 'Beef cattle, cow', 'Poultry by-product meal', 'Meat', 'Milk, cow, raw', 'Hides, dairy cattle, fresh', 'Pig, sow', 'Meat, beef cattle (liveweight)', 'Dairy cattle, heifer', 'Meat, sheep (cold carcass weight)']",79,google-bert/bert-base-uncased,Product,standardized,no rag
10,"Permanent pasture producing beef cattle, calf (weaned) in spain. cycle description: average annual production data across 6 different organic dehesa cattle farms. cow-calf operation.","[0, 0, 0, 0, 0, 1, 0, 0, 0, 0, 0, 0, 0, 0, 0, 0, 0, 0, 0, 0, 0, 0, 0, 0, 0, 0, 0, 0, 0, 0, 0, 0, 0, 0, 0, 0, 0, 0, 0, 0, 0, 0, 0, 0, 0, 0, 1, 0, 0, 0, 0, 0, 0, 0, 0, 0, 0, 0, 0]","[0, 0, 0, 0, 0, 1, 0, 0, 0, 0, 0, 0, 0, 0, 0, 0, 0, 0, 0, 0, 0, 0, 0, 0, 0, 0, 0, 0, 0, 0, 0, 0, 0, 0, 0, 0, 0, 0, 0, 0, 0, 0, 0, 0, 0, 0, 0, 0, 0, 0, 0, 0, 0, 0, 0, 0, 0, 0, 0]","['Meat, beef cattle (cold carcass weight)', 'Meat, pig (cold dressed carcass weight)', 'Meat, chicken, breast', 'Milk, cow, raw (FPCM)', 'Broiler chicken', 'Beef cattle', 'Hides', 'Sheep, ewe', 'Beef cattle, heifer', 'Beef cattle, calf (female, weaned)', 'Dairy cattle, calf (weaned)', 'Cattle', 'Wool, sheep (greasy)', 'Meat, dairy cattle (liveweight)', 'Beef cattle, steer', 'Meat, sheep (liveweight)', 'Beef cattle, heifer and steer', 'Dairy cattle, cow', 'Cattle, urine (kg mass)', 'Dairy cattle', 'Layer chicken, hen', 'Sheep, lamb (male, unweaned)', 'Meat, chicken, wings', 'Wool', 'Eggs, hen, in shell (number)', 'Pig', 'Broiler chicken, hen', 'Dairy cattle, calf (male, unweaned)', 'Meat, dairy cattle (cold carcass weight)', 'Dairy cattle, calf', 'Beef cattle, calf (male, weaned)', 'Meat, beef cattle (cold dressed carcass weight)', 'Eggs, hen, in shell', 'Broiler chicken, chick', 'Meat, chicken (liveweight)', 'Pig, piglet', 'Layer chicken, pullet', 'Sheep, lamb (female, unweaned)', 'Milk', 'Beef cattle, bull', 'Eggs', 'Sheep, lamb', 'Dairy cattle, calf (female, weaned)', 'Sheep, ram', 'Sheep, lamb (weaned)', 'Meat, chicken (cold carcass weight)', 'Beef cattle, calf (weaned)', 'Meat, chicken, leg', 'Sheep', 'Layer chicken', 'Beef cattle, cow', 'Poultry by-product meal', 'Meat', 'Milk, cow, raw', 'Hides, dairy cattle, fresh', 'Pig, sow', 'Meat, beef cattle (liveweight)', 'Dairy cattle, heifer', 'Meat, sheep (cold carcass weight)']",10,microsoft/deberta-v3-base,Product,standardized,no rag
21,"Permanent pasture producing beef cattle, heifer and steer in united kingdom. cycle description: permanent pasture fields. site description: permanent pasture fields, north wyke farm platform.","[0, 0, 0, 0, 0, 1, 0, 0, 0, 0, 0, 0, 0, 0, 0, 0, 1, 0, 0, 0, 0, 0, 0, 0, 0, 0, 0, 0, 0, 0, 0, 0, 0, 0, 0, 0, 0, 0, 0, 0, 0, 0, 0, 0, 0, 0, 0, 0, 0, 0, 0, 0, 0, 0, 0, 0, 0, 0, 0]","[0, 0, 0, 0, 0, 1, 0, 0, 0, 0, 0, 0, 0, 0, 0, 0, 0, 0, 0, 0, 0, 0, 0, 0, 0, 0, 0, 0, 0, 0, 0, 0, 0, 0, 0, 0, 0, 0, 0, 0, 0, 0, 0, 0, 0, 0, 0, 0, 0, 0, 0, 0, 0, 0, 0, 0, 0, 0, 0]","['Meat, beef cattle (cold carcass weight)', 'Meat, pig (cold dressed carcass weight)', 'Meat, chicken, breast', 'Milk, cow, raw (FPCM)', 'Broiler chicken', 'Beef cattle', 'Hides', 'Sheep, ewe', 'Beef cattle, heifer', 'Beef cattle, calf (female, weaned)', 'Dairy cattle, calf (weaned)', 'Cattle', 'Wool, sheep (greasy)', 'Meat, dairy cattle (liveweight)', 'Beef cattle, steer', 'Meat, sheep (liveweight)', 'Beef cattle, heifer and steer', 'Dairy cattle, cow', 'Cattle, urine (kg mass)', 'Dairy cattle', 'Layer chicken, hen', 'Sheep, lamb (male, unweaned)', 'Meat, chicken, wings', 'Wool', 'Eggs, hen, in shell (number)', 'Pig', 'Broiler chicken, hen', 'Dairy cattle, calf (male, unweaned)', 'Meat, dairy cattle (cold carcass weight)', 'Dairy cattle, calf', 'Beef cattle, calf (male, weaned)', 'Meat, beef cattle (cold dressed carcass weight)', 'Eggs, hen, in shell', 'Broiler chicken, chick', 'Meat, chicken (liveweight)', 'Pig, piglet', 'Layer chicken, pullet', 'Sheep, lamb (female, unweaned)', 'Milk', 'Beef cattle, bull', 'Eggs', 'Sheep, lamb', 'Dairy cattle, calf (female, weaned)', 'Sheep, ram', 'Sheep, lamb (weaned)', 'Meat, chicken (cold carcass weight)', 'Beef cattle, calf (weaned)', 'Meat, chicken, leg', 'Sheep', 'Layer chicken', 'Beef cattle, cow', 'Poultry by-product meal', 'Meat', 'Milk, cow, raw', 'Hides, dairy cattle, fresh', 'Pig, sow', 'Meat, beef cattle (liveweight)', 'Dairy cattle, heifer', 'Meat, sheep (cold carcass weight)']",21,microsoft/deberta-v3-base,Product,standardized,no rag
79,"Agri-food processor producing meat, chicken, leg in netherlands. cycle description: slaughter - organic.","[0, 0, 0, 0, 0, 0, 0, 0, 0, 0, 0, 0, 0, 0, 0, 0, 0, 0, 0, 0, 0, 0, 0, 0, 0, 0, 0, 0, 0, 0, 0, 0, 0, 0, 0, 0, 0, 0, 0, 0, 0, 0, 0, 0, 0, 0, 0, 1, 0, 0, 0, 0, 1, 0, 0, 0, 0, 0, 0]","[0, 0, 0, 0, 0, 0, 0, 0, 0, 0, 0, 0, 0, 0, 0, 0, 0, 0, 0, 0, 0, 0, 1, 0, 0, 0, 0, 0, 0, 0, 0, 0, 0, 0, 0, 0, 0, 0, 0, 0, 0, 0, 0, 0, 0, 0, 0, 0, 0, 0, 0, 0, 1, 0, 0, 0, 0, 0, 0]","['Meat, beef cattle (cold carcass weight)', 'Meat, pig (cold dressed carcass weight)', 'Meat, chicken, breast', 'Milk, cow, raw (FPCM)', 'Broiler chicken', 'Beef cattle', 'Hides', 'Sheep, ewe', 'Beef cattle, heifer', 'Beef cattle, calf (female, weaned)', 'Dairy cattle, calf (weaned)', 'Cattle', 'Wool, sheep (greasy)', 'Meat, dairy cattle (liveweight)', 'Beef cattle, steer', 'Meat, sheep (liveweight)', 'Beef cattle, heifer and steer', 'Dairy cattle, cow', 'Cattle, urine (kg mass)', 'Dairy cattle', 'Layer chicken, hen', 'Sheep, lamb (male, unweaned)', 'Meat, chicken, wings', 'Wool', 'Eggs, hen, in shell (number)', 'Pig', 'Broiler chicken, hen', 'Dairy cattle, calf (male, unweaned)', 'Meat, dairy cattle (cold carcass weight)', 'Dairy cattle, calf', 'Beef cattle, calf (male, weaned)', 'Meat, beef cattle (cold dressed carcass weight)', 'Eggs, hen, in shell', 'Broiler chicken, chick', 'Meat, chicken (liveweight)', 'Pig, piglet', 'Layer chicken, pullet', 'Sheep, lamb (female, unweaned)', 'Milk', 'Beef cattle, bull', 'Eggs', 'Sheep, lamb', 'Dairy cattle, calf (female, weaned)', 'Sheep, ram', 'Sheep, lamb (weaned)', 'Meat, chicken (cold carcass weight)', 'Beef cattle, calf (weaned)', 'Meat, chicken, leg', 'Sheep', 'Layer chicken', 'Beef cattle, cow', 'Poultry by-product meal', 'Meat', 'Milk, cow, raw', 'Hides, dairy cattle, fresh', 'Pig, sow', 'Meat, beef cattle (liveweight)', 'Dairy cattle, heifer', 'Meat, sheep (cold carcass weight)']",79,microsoft/deberta-v3-base,Product,standardized,no rag
10,"Permanent pasture producing beef cattle, calf (weaned) in spain. cycle description: average annual production data across 6 different organic dehesa cattle farms. cow-calf operation.","[0, 0, 0, 0, 0, 1, 0, 0, 0, 0, 0, 0, 0, 0, 0, 0, 0, 0, 0, 0, 0, 0, 0, 0, 0, 0, 0, 0, 0, 0, 0, 0, 0, 0, 0, 0, 0, 0, 0, 0, 0, 0, 0, 0, 0, 0, 1, 0, 0, 0, 0, 0, 0, 0, 0, 0, 0, 0, 0]","[0, 0, 0, 0, 0, 1, 0, 0, 0, 0, 0, 0, 0, 0, 0, 0, 0, 0, 0, 0, 0, 0, 0, 0, 0, 0, 0, 0, 0, 0, 0, 0, 0, 0, 0, 0, 0, 0, 0, 0, 0, 0, 0, 0, 0, 0, 0, 0, 0, 0, 0, 0, 0, 0, 0, 0, 0, 0, 0]","['Meat, beef cattle (cold carcass weight)', 'Meat, pig (cold dressed carcass weight)', 'Meat, chicken, breast', 'Milk, cow, raw (FPCM)', 'Broiler chicken', 'Beef cattle', 'Hides', 'Sheep, ewe', 'Beef cattle, heifer', 'Beef cattle, calf (female, weaned)', 'Dairy cattle, calf (weaned)', 'Cattle', 'Wool, sheep (greasy)', 'Meat, dairy cattle (liveweight)', 'Beef cattle, steer', 'Meat, sheep (liveweight)', 'Beef cattle, heifer and steer', 'Dairy cattle, cow', 'Cattle, urine (kg mass)', 'Dairy cattle', 'Layer chicken, hen', 'Sheep, lamb (male, unweaned)', 'Meat, chicken, wings', 'Wool', 'Eggs, hen, in shell (number)', 'Pig', 'Broiler chicken, hen', 'Dairy cattle, calf (male, unweaned)', 'Meat, dairy cattle (cold carcass weight)', 'Dairy cattle, calf', 'Beef cattle, calf (male, weaned)', 'Meat, beef cattle (cold dressed carcass weight)', 'Eggs, hen, in shell', 'Broiler chicken, chick', 'Meat, chicken (liveweight)', 'Pig, piglet', 'Layer chicken, pullet', 'Sheep, lamb (female, unweaned)', 'Milk', 'Beef cattle, bull', 'Eggs', 'Sheep, lamb', 'Dairy cattle, calf (female, weaned)', 'Sheep, ram', 'Sheep, lamb (weaned)', 'Meat, chicken (cold carcass weight)', 'Beef cattle, calf (weaned)', 'Meat, chicken, leg', 'Sheep', 'Layer chicken', 'Beef cattle, cow', 'Poultry by-product meal', 'Meat', 'Milk, cow, raw', 'Hides, dairy cattle, fresh', 'Pig, sow', 'Meat, beef cattle (liveweight)', 'Dairy cattle, heifer', 'Meat, sheep (cold carcass weight)']",10,microsoft/deberta-v3-small,Product,standardized,no rag
45,"Permanent pasture producing sheep, lamb (male, unweaned) in italy. cycle description: pluriparous ewes chosen for assessment, lambing concentrated in mid-november. traditional system with low supplementation (ts-ls), in which mothers were followed by suckling lambs during the grazing time and they received a low dose of supplement (200 g/d of concentrate).","[0, 0, 0, 0, 0, 0, 0, 0, 0, 0, 0, 0, 0, 0, 0, 0, 0, 0, 0, 0, 0, 1, 0, 0, 0, 0, 0, 0, 0, 0, 0, 0, 0, 0, 0, 0, 0, 0, 0, 0, 0, 0, 0, 0, 0, 0, 0, 0, 1, 0, 0, 0, 0, 0, 0, 0, 0, 0, 0]","[0, 0, 0, 0, 0, 0, 0, 0, 0, 0, 0, 0, 0, 0, 0, 0, 0, 0, 0, 0, 0, 0, 0, 0, 0, 0, 0, 0, 0, 0, 0, 0, 0, 0, 0, 0, 0, 0, 0, 0, 0, 0, 0, 0, 0, 0, 0, 0, 1, 0, 0, 0, 0, 0, 0, 0, 0, 0, 0]","['Meat, beef cattle (cold carcass weight)', 'Meat, pig (cold dressed carcass weight)', 'Meat, chicken, breast', 'Milk, cow, raw (FPCM)', 'Broiler chicken', 'Beef cattle', 'Hides', 'Sheep, ewe', 'Beef cattle, heifer', 'Beef cattle, calf (female, weaned)', 'Dairy cattle, calf (weaned)', 'Cattle', 'Wool, sheep (greasy)', 'Meat, dairy cattle (liveweight)', 'Beef cattle, steer', 'Meat, sheep (liveweight)', 'Beef cattle, heifer and steer', 'Dairy cattle, cow', 'Cattle, urine (kg mass)', 'Dairy cattle', 'Layer chicken, hen', 'Sheep, lamb (male, unweaned)', 'Meat, chicken, wings', 'Wool', 'Eggs, hen, in shell (number)', 'Pig', 'Broiler chicken, hen', 'Dairy cattle, calf (male, unweaned)', 'Meat, dairy cattle (cold carcass weight)', 'Dairy cattle, calf', 'Beef cattle, calf (male, weaned)', 'Meat, beef cattle (cold dressed carcass weight)', 'Eggs, hen, in shell', 'Broiler chicken, chick', 'Meat, chicken (liveweight)', 'Pig, piglet', 'Layer chicken, pullet', 'Sheep, lamb (female, unweaned)', 'Milk', 'Beef cattle, bull', 'Eggs', 'Sheep, lamb', 'Dairy cattle, calf (female, weaned)', 'Sheep, ram', 'Sheep, lamb (weaned)', 'Meat, chicken (cold carcass weight)', 'Beef cattle, calf (weaned)', 'Meat, chicken, leg', 'Sheep', 'Layer chicken', 'Beef cattle, cow', 'Poultry by-product meal', 'Meat', 'Milk, cow, raw', 'Hides, dairy cattle, fresh', 'Pig, sow', 'Meat, beef cattle (liveweight)', 'Dairy cattle, heifer', 'Meat, sheep (cold carcass weight)']",45,microsoft/deberta-v3-small,Product,standardized,no rag
76,"Agri-food processor producing meat, beef cattle (liveweight) in brazil. cycle description: meat production.","[0, 0, 0, 0, 0, 0, 0, 0, 0, 0, 0, 0, 0, 0, 0, 0, 0, 0, 0, 0, 0, 0, 0, 0, 0, 0, 0, 0, 0, 0, 0, 0, 0, 0, 0, 0, 0, 0, 0, 0, 0, 0, 0, 0, 0, 0, 0, 0, 0, 0, 0, 0, 1, 0, 0, 0, 1, 0, 0]","[0, 0, 0, 0, 0, 0, 0, 0, 0, 0, 0, 0, 0, 1, 0, 0, 0, 0, 0, 0, 0, 0, 0, 0, 0, 0, 0, 0, 0, 0, 0, 0, 0, 0, 0, 0, 0, 0, 0, 0, 0, 0, 0, 0, 0, 0, 0, 0, 0, 0, 0, 0, 1, 0, 0, 0, 0, 0, 0]","['Meat, beef cattle (cold carcass weight)', 'Meat, pig (cold dressed carcass weight)', 'Meat, chicken, breast', 'Milk, cow, raw (FPCM)', 'Broiler chicken', 'Beef cattle', 'Hides', 'Sheep, ewe', 'Beef cattle, heifer', 'Beef cattle, calf (female, weaned)', 'Dairy cattle, calf (weaned)', 'Cattle', 'Wool, sheep (greasy)', 'Meat, dairy cattle (liveweight)', 'Beef cattle, steer', 'Meat, sheep (liveweight)', 'Beef cattle, heifer and steer', 'Dairy cattle, cow', 'Cattle, urine (kg mass)', 'Dairy cattle', 'Layer chicken, hen', 'Sheep, lamb (male, unweaned)', 'Meat, chicken, wings', 'Wool', 'Eggs, hen, in shell (number)', 'Pig', 'Broiler chicken, hen', 'Dairy cattle, calf (male, unweaned)', 'Meat, dairy cattle (cold carcass weight)', 'Dairy cattle, calf', 'Beef cattle, calf (male, weaned)', 'Meat, beef cattle (cold dressed carcass weight)', 'Eggs, hen, in shell', 'Broiler chicken, chick', 'Meat, chicken (liveweight)', 'Pig, piglet', 'Layer chicken, pullet', 'Sheep, lamb (female, unweaned)', 'Milk', 'Beef cattle, bull', 'Eggs', 'Sheep, lamb', 'Dairy cattle, calf (female, weaned)', 'Sheep, ram', 'Sheep, lamb (weaned)', 'Meat, chicken (cold carcass weight)', 'Beef cattle, calf (weaned)', 'Meat, chicken, leg', 'Sheep', 'Layer chicken', 'Beef cattle, cow', 'Poultry by-product meal', 'Meat', 'Milk, cow, raw', 'Hides, dairy cattle, fresh', 'Pig, sow', 'Meat, beef cattle (liveweight)', 'Dairy cattle, heifer', 'Meat, sheep (cold carcass weight)']",76,microsoft/deberta-v3-small,Product,standardized,no rag
79,"Agri-food processor producing meat, chicken, leg in netherlands. cycle description: slaughter - organic.","[0, 0, 0, 0, 0, 0, 0, 0, 0, 0, 0, 0, 0, 0, 0, 0, 0, 0, 0, 0, 0, 0, 0, 0, 0, 0, 0, 0, 0, 0, 0, 0, 0, 0, 0, 0, 0, 0, 0, 0, 0, 0, 0, 0, 0, 0, 0, 1, 0, 0, 0, 0, 1, 0, 0, 0, 0, 0, 0]","[0, 0, 0, 0, 0, 0, 0, 0, 0, 0, 0, 0, 0, 0, 0, 0, 0, 0, 0, 0, 0, 0, 0, 0, 0, 0, 0, 0, 0, 0, 0, 0, 0, 0, 0, 0, 0, 0, 0, 0, 0, 0, 0, 0, 0, 0, 0, 0, 0, 0, 0, 0, 1, 0, 0, 0, 0, 0, 0]","['Meat, beef cattle (cold carcass weight)', 'Meat, pig (cold dressed carcass weight)', 'Meat, chicken, breast', 'Milk, cow, raw (FPCM)', 'Broiler chicken', 'Beef cattle', 'Hides', 'Sheep, ewe', 'Beef cattle, heifer', 'Beef cattle, calf (female, weaned)', 'Dairy cattle, calf (weaned)', 'Cattle', 'Wool, sheep (greasy)', 'Meat, dairy cattle (liveweight)', 'Beef cattle, steer', 'Meat, sheep (liveweight)', 'Beef cattle, heifer and steer', 'Dairy cattle, cow', 'Cattle, urine (kg mass)', 'Dairy cattle', 'Layer chicken, hen', 'Sheep, lamb (male, unweaned)', 'Meat, chicken, wings', 'Wool', 'Eggs, hen, in shell (number)', 'Pig', 'Broiler chicken, hen', 'Dairy cattle, calf (male, unweaned)', 'Meat, dairy cattle (cold carcass weight)', 'Dairy cattle, calf', 'Beef cattle, calf (male, weaned)', 'Meat, beef cattle (cold dressed carcass weight)', 'Eggs, hen, in shell', 'Broiler chicken, chick', 'Meat, chicken (liveweight)', 'Pig, piglet', 'Layer chicken, pullet', 'Sheep, lamb (female, unweaned)', 'Milk', 'Beef cattle, bull', 'Eggs', 'Sheep, lamb', 'Dairy cattle, calf (female, weaned)', 'Sheep, ram', 'Sheep, lamb (weaned)', 'Meat, chicken (cold carcass weight)', 'Beef cattle, calf (weaned)', 'Meat, chicken, leg', 'Sheep', 'Layer chicken', 'Beef cattle, cow', 'Poultry by-product meal', 'Meat', 'Milk, cow, raw', 'Hides, dairy cattle, fresh', 'Pig, sow', 'Meat, beef cattle (liveweight)', 'Dairy cattle, heifer', 'Meat, sheep (cold carcass weight)']",79,microsoft/deberta-v3-small,Product,standardized,no rag
3,"Permanent pasture producing beef cattle, bull in ireland. What is in the system boundary?","[1, 0, 1, 0, 0, 0, 1, 1, 1, 1, 0, 1, 0, 1, 0, 1, 0, 1, 1]","[1, 0, 1, 0, 0, 0, 0, 1, 1, 1, 0, 1, 0, 1, 0, 1, 0, 1, 1]","['True_animalFeed', 'True_water', 'True_liveAnimalInput', 'True_electricityFuel', 'True_transport', 'True_pesticideVeterinaryDrug', 'True_seed', 'True_otherChemical', 'True_animalPopulation', 'True_freshForage', 'True_excreta', 'True_product', 'True_waste', 'True_soilAmendment', 'True_operation', 'True_fertiliser', 'True_material', 'True_ingredient', 'True_cropResidue']",3,climatebert/distilroberta-base-climate-f,System Boundary,standardized,no rag
5,Broiler chicken produced in russia. cycle description: poultry production under the conditions of the central region in european russia. What is in the system boundary?,"[1, 0, 1, 1, 0, 1, 1, 1, 1, 1, 1, 1, 0, 1, 0, 1, 0, 1, 1]","[1, 1, 1, 1, 0, 0, 1, 1, 1, 1, 0, 1, 0, 1, 0, 1, 0, 1, 1]","['True_animalFeed', 'True_water', 'True_liveAnimalInput', 'True_electricityFuel', 'True_transport', 'True_pesticideVeterinaryDrug', 'True_seed', 'True_otherChemical', 'True_animalPopulation', 'True_freshForage', 'True_excreta', 'True_product', 'True_waste', 'True_soilAmendment', 'True_operation', 'True_fertiliser', 'True_material', 'True_ingredient', 'True_cropResidue']",5,climatebert/distilroberta-base-climate-f,System Boundary,standardized,no rag
8,"Animal housing producing beef cattle, steer in ireland. cycle description: 24mo treatment where steers are offered grass silage ad libitum plus 1.5 kg dm of concentrate per head daily over the winter period, turned out to pasture for 210 days, and finished indoors on grass silage ad libitum plus 5 kg dm of concentrate per head daily and slaughtered at 24 months of age - (this is the finishing stage). What is in the system boundary?","[0, 0, 1, 1, 1, 0, 0, 1, 1, 0, 0, 1, 0, 0, 1, 0, 0, 1, 1]","[0, 0, 1, 1, 1, 0, 0, 1, 1, 0, 0, 1, 0, 0, 1, 0, 0, 1, 0]","['True_animalFeed', 'True_water', 'True_liveAnimalInput', 'True_electricityFuel', 'True_transport', 'True_pesticideVeterinaryDrug', 'True_seed', 'True_otherChemical', 'True_animalPopulation', 'True_freshForage', 'True_excreta', 'True_product', 'True_waste', 'True_soilAmendment', 'True_operation', 'True_fertiliser', 'True_material', 'True_ingredient', 'True_cropResidue']",8,climatebert/distilroberta-base-climate-f,System Boundary,standardized,no rag
10,"Permanent pasture producing beef cattle, calf (weaned) in spain. cycle description: average annual production data across 6 different organic dehesa cattle farms. cow-calf operation. What is in the system boundary?","[1, 1, 0, 0, 0, 1, 1, 1, 1, 1, 0, 1, 0, 0, 0, 0, 0, 1, 1]","[1, 1, 0, 0, 0, 1, 1, 1, 1, 1, 1, 1, 0, 0, 0, 1, 0, 1, 1]","['True_animalFeed', 'True_water', 'True_liveAnimalInput', 'True_electricityFuel', 'True_transport', 'True_pesticideVeterinaryDrug', 'True_seed', 'True_otherChemical', 'True_animalPopulation', 'True_freshForage', 'True_excreta', 'True_product', 'True_waste', 'True_soilAmendment', 'True_operation', 'True_fertiliser', 'True_material', 'True_ingredient', 'True_cropResidue']",10,climatebert/distilroberta-base-climate-f,System Boundary,standardized,no rag
13,Animal housing producing broiler chicken in netherlands. cycle description: broiler production - conventional. site description: conventional. What is in the system boundary?,"[1, 1, 1, 1, 0, 0, 1, 1, 1, 1, 1, 1, 0, 1, 0, 1, 0, 1, 1]","[1, 0, 1, 0, 0, 0, 1, 1, 1, 1, 0, 1, 0, 1, 0, 1, 0, 1, 1]","['True_animalFeed', 'True_water', 'True_liveAnimalInput', 'True_electricityFuel', 'True_transport', 'True_pesticideVeterinaryDrug', 'True_seed', 'True_otherChemical', 'True_animalPopulation', 'True_freshForage', 'True_excreta', 'True_product', 'True_waste', 'True_soilAmendment', 'True_operation', 'True_fertiliser', 'True_material', 'True_ingredient', 'True_cropResidue']",13,climatebert/distilroberta-base-climate-f,System Boundary,standardized,no rag
14,"Animal housing producing meat, dairy cattle (liveweight) in denmark. cycle description: organic dairy. What is in the system boundary?","[1, 0, 1, 0, 0, 1, 1, 1, 1, 1, 0, 1, 0, 1, 0, 1, 0, 1, 1]","[1, 0, 1, 0, 0, 0, 1, 1, 1, 1, 0, 1, 0, 1, 0, 1, 0, 1, 1]","['True_animalFeed', 'True_water', 'True_liveAnimalInput', 'True_electricityFuel', 'True_transport', 'True_pesticideVeterinaryDrug', 'True_seed', 'True_otherChemical', 'True_animalPopulation', 'True_freshForage', 'True_excreta', 'True_product', 'True_waste', 'True_soilAmendment', 'True_operation', 'True_fertiliser', 'True_material', 'True_ingredient', 'True_cropResidue']",14,climatebert/distilroberta-base-climate-f,System Boundary,standardized,no rag
18,"Animal housing producing beef cattle, bull in ireland. site description: animal housing, winter housing and alc. What is in the system boundary?","[1, 0, 1, 0, 0, 0, 1, 1, 1, 0, 0, 1, 0, 0, 0, 0, 0, 1, 1]","[1, 0, 1, 0, 0, 0, 0, 1, 1, 1, 0, 1, 0, 0, 0, 0, 0, 1, 1]","['True_animalFeed', 'True_water', 'True_liveAnimalInput', 'True_electricityFuel', 'True_transport', 'True_pesticideVeterinaryDrug', 'True_seed', 'True_otherChemical', 'True_animalPopulation', 'True_freshForage', 'True_excreta', 'True_product', 'True_waste', 'True_soilAmendment', 'True_operation', 'True_fertiliser', 'True_material', 'True_ingredient', 'True_cropResidue']",18,climatebert/distilroberta-base-climate-f,System Boundary,standardized,no rag
19,Animal housing producing broiler chicken in malaysia. cycle description: broiler chicken production. site description: 4 animal houses on the farm. this cycle represents one of the housing systems based on the fu. What is in the system boundary?,"[1, 1, 1, 1, 0, 0, 1, 1, 1, 1, 1, 1, 1, 1, 0, 1, 0, 1, 1]","[1, 1, 1, 1, 0, 0, 1, 1, 1, 1, 0, 1, 0, 1, 0, 1, 0, 1, 1]","['True_animalFeed', 'True_water', 'True_liveAnimalInput', 'True_electricityFuel', 'True_transport', 'True_pesticideVeterinaryDrug', 'True_seed', 'True_otherChemical', 'True_animalPopulation', 'True_freshForage', 'True_excreta', 'True_product', 'True_waste', 'True_soilAmendment', 'True_operation', 'True_fertiliser', 'True_material', 'True_ingredient', 'True_cropResidue']",19,climatebert/distilroberta-base-climate-f,System Boundary,standardized,no rag
21,"Permanent pasture producing beef cattle, heifer and steer in united kingdom. cycle description: permanent pasture fields. site description: permanent pasture fields, north wyke farm platform. What is in the system boundary?","[1, 0, 1, 1, 0, 1, 1, 1, 1, 1, 0, 1, 0, 1, 1, 1, 0, 1, 1]","[1, 0, 1, 1, 0, 1, 1, 1, 1, 1, 0, 1, 0, 1, 1, 1, 0, 1, 0]","['True_animalFeed', 'True_water', 'True_liveAnimalInput', 'True_electricityFuel', 'True_transport', 'True_pesticideVeterinaryDrug', 'True_seed', 'True_otherChemical', 'True_animalPopulation', 'True_freshForage', 'True_excreta', 'True_product', 'True_waste', 'True_soilAmendment', 'True_operation', 'True_fertiliser', 'True_material', 'True_ingredient', 'True_cropResidue']",21,climatebert/distilroberta-base-climate-f,System Boundary,standardized,no rag
59,"Animal housing producing beef cattle, steer in ireland. cycle description: 24mo treatment where steers are offered grass silage ad libitum plus 1.5 kg dm of concentrate per head daily over the winter period, turned out to pasture for 210 days, and finished indoors on grass silage ad libitum plus 5 kg dm of concentrate per head daily and slaughtered at 24 months of age (24mo) - (this is the winter housing stage). What is in the system boundary?","[0, 0, 1, 1, 1, 0, 0, 1, 1, 0, 0, 1, 0, 0, 1, 0, 0, 1, 1]","[0, 0, 1, 1, 1, 0, 0, 1, 1, 0, 0, 1, 0, 0, 1, 0, 0, 1, 0]","['True_animalFeed', 'True_water', 'True_liveAnimalInput', 'True_electricityFuel', 'True_transport', 'True_pesticideVeterinaryDrug', 'True_seed', 'True_otherChemical', 'True_animalPopulation', 'True_freshForage', 'True_excreta', 'True_product', 'True_waste', 'True_soilAmendment', 'True_operation', 'True_fertiliser', 'True_material', 'True_ingredient', 'True_cropResidue']",59,climatebert/distilroberta-base-climate-f,System Boundary,standardized,no rag
63,"Animal housing producing beef cattle, steer in ireland. cycle description: 21mo treatment where steers are offered grass silage ad libitum plus 1.5 kg dm of concentrate per head daily over the winter period, turned out to pasture for 175 days, finished at pasture supplemented with 5 kg dm of concentrate per head daily for 60 days and slaughtered at 21 months of age - (this is the winter housing period). What is in the system boundary?","[0, 0, 1, 1, 1, 0, 0, 1, 1, 0, 0, 1, 0, 0, 1, 0, 0, 1, 1]","[0, 0, 1, 1, 1, 0, 0, 1, 1, 0, 0, 1, 0, 0, 1, 0, 0, 1, 0]","['True_animalFeed', 'True_water', 'True_liveAnimalInput', 'True_electricityFuel', 'True_transport', 'True_pesticideVeterinaryDrug', 'True_seed', 'True_otherChemical', 'True_animalPopulation', 'True_freshForage', 'True_excreta', 'True_product', 'True_waste', 'True_soilAmendment', 'True_operation', 'True_fertiliser', 'True_material', 'True_ingredient', 'True_cropResidue']",63,climatebert/distilroberta-base-climate-f,System Boundary,standardized,no rag
74,"Permanent pasture producing beef cattle, cow in spain. cycle description: average annual production data across 9 different conventional dehesa cattle farms. cow-calf operation. What is in the system boundary?","[1, 1, 0, 0, 0, 0, 1, 1, 1, 1, 0, 1, 0, 0, 0, 0, 0, 1, 1]","[1, 1, 0, 0, 0, 1, 1, 1, 1, 1, 0, 1, 0, 0, 0, 1, 0, 1, 1]","['True_animalFeed', 'True_water', 'True_liveAnimalInput', 'True_electricityFuel', 'True_transport', 'True_pesticideVeterinaryDrug', 'True_seed', 'True_otherChemical', 'True_animalPopulation', 'True_freshForage', 'True_excreta', 'True_product', 'True_waste', 'True_soilAmendment', 'True_operation', 'True_fertiliser', 'True_material', 'True_ingredient', 'True_cropResidue']",74,climatebert/distilroberta-base-climate-f,System Boundary,standardized,no rag
75,"Permanent pasture producing beef cattle, steer in ireland. cycle description: 21mo treatment where steers are offered grass silage ad libitum plus 1.5 kg dm of concentrate per head daily over the winter period, turned out to pasture for 175 days, finished at pasture supplemented with 5 kg dm of concentrate per head daily for 60 days and slaughtered at 21 months of age - (this is the finishing period). What is in the system boundary?","[1, 0, 1, 1, 1, 0, 0, 1, 1, 1, 0, 1, 0, 0, 1, 0, 0, 1, 0]","[0, 0, 1, 1, 1, 0, 0, 1, 1, 0, 0, 1, 0, 0, 1, 0, 0, 1, 0]","['True_animalFeed', 'True_water', 'True_liveAnimalInput', 'True_electricityFuel', 'True_transport', 'True_pesticideVeterinaryDrug', 'True_seed', 'True_otherChemical', 'True_animalPopulation', 'True_freshForage', 'True_excreta', 'True_product', 'True_waste', 'True_soilAmendment', 'True_operation', 'True_fertiliser', 'True_material', 'True_ingredient', 'True_cropResidue']",75,climatebert/distilroberta-base-climate-f,System Boundary,standardized,no rag
76,"Agri-food processor producing meat, beef cattle (liveweight) in brazil. cycle description: meat production. What is in the system boundary?","[1, 1, 1, 0, 0, 1, 1, 1, 1, 1, 1, 1, 0, 1, 0, 1, 0, 1, 1]","[1, 1, 1, 0, 1, 1, 1, 1, 1, 1, 1, 0, 0, 1, 0, 1, 0, 1, 1]","['True_animalFeed', 'True_water', 'True_liveAnimalInput', 'True_electricityFuel', 'True_transport', 'True_pesticideVeterinaryDrug', 'True_seed', 'True_otherChemical', 'True_animalPopulation', 'True_freshForage', 'True_excreta', 'True_product', 'True_waste', 'True_soilAmendment', 'True_operation', 'True_fertiliser', 'True_material', 'True_ingredient', 'True_cropResidue']",76,climatebert/distilroberta-base-climate-f,System Boundary,standardized,no rag
77,"Milk, cow, raw produced in united kingdom. cycle description: control merit cows, in novel home-grown system (all feed grown on fam using legume protein sources, animals housed for one period each day). What is in the system boundary?","[1, 0, 1, 1, 0, 0, 1, 1, 1, 0, 0, 0, 0, 0, 0, 1, 0, 1, 1]","[1, 0, 1, 1, 0, 0, 1, 1, 1, 1, 0, 0, 0, 0, 0, 1, 0, 1, 1]","['True_animalFeed', 'True_water', 'True_liveAnimalInput', 'True_electricityFuel', 'True_transport', 'True_pesticideVeterinaryDrug', 'True_seed', 'True_otherChemical', 'True_animalPopulation', 'True_freshForage', 'True_excreta', 'True_product', 'True_waste', 'True_soilAmendment', 'True_operation', 'True_fertiliser', 'True_material', 'True_ingredient', 'True_cropResidue']",77,climatebert/distilroberta-base-climate-f,System Boundary,standardized,no rag
3,"Permanent pasture producing beef cattle, bull in ireland. What is in the system boundary?","[1, 0, 1, 0, 0, 0, 1, 1, 1, 1, 0, 1, 0, 1, 0, 1, 0, 1, 1]","[1, 0, 1, 0, 0, 0, 1, 1, 1, 0, 0, 1, 0, 1, 0, 1, 0, 1, 1]","['True_animalFeed', 'True_water', 'True_liveAnimalInput', 'True_electricityFuel', 'True_transport', 'True_pesticideVeterinaryDrug', 'True_seed', 'True_otherChemical', 'True_animalPopulation', 'True_freshForage', 'True_excreta', 'True_product', 'True_waste', 'True_soilAmendment', 'True_operation', 'True_fertiliser', 'True_material', 'True_ingredient', 'True_cropResidue']",3,ESGBERT/EnvironmentalBERT-base,System Boundary,standardized,no rag
5,Broiler chicken produced in russia. cycle description: poultry production under the conditions of the central region in european russia. What is in the system boundary?,"[1, 0, 1, 1, 0, 1, 1, 1, 1, 1, 1, 1, 0, 1, 0, 1, 0, 1, 1]","[1, 1, 0, 1, 0, 1, 1, 1, 1, 1, 0, 1, 0, 1, 0, 1, 0, 1, 1]","['True_animalFeed', 'True_water', 'True_liveAnimalInput', 'True_electricityFuel', 'True_transport', 'True_pesticideVeterinaryDrug', 'True_seed', 'True_otherChemical', 'True_animalPopulation', 'True_freshForage', 'True_excreta', 'True_product', 'True_waste', 'True_soilAmendment', 'True_operation', 'True_fertiliser', 'True_material', 'True_ingredient', 'True_cropResidue']",5,ESGBERT/EnvironmentalBERT-base,System Boundary,standardized,no rag
8,"Animal housing producing beef cattle, steer in ireland. cycle description: 24mo treatment where steers are offered grass silage ad libitum plus 1.5 kg dm of concentrate per head daily over the winter period, turned out to pasture for 210 days, and finished indoors on grass silage ad libitum plus 5 kg dm of concentrate per head daily and slaughtered at 24 months of age - (this is the finishing stage). What is in the system boundary?","[0, 0, 1, 1, 1, 0, 0, 1, 1, 0, 0, 1, 0, 0, 1, 0, 0, 1, 1]","[0, 0, 1, 1, 1, 0, 0, 1, 1, 0, 0, 1, 0, 0, 1, 0, 0, 1, 0]","['True_animalFeed', 'True_water', 'True_liveAnimalInput', 'True_electricityFuel', 'True_transport', 'True_pesticideVeterinaryDrug', 'True_seed', 'True_otherChemical', 'True_animalPopulation', 'True_freshForage', 'True_excreta', 'True_product', 'True_waste', 'True_soilAmendment', 'True_operation', 'True_fertiliser', 'True_material', 'True_ingredient', 'True_cropResidue']",8,ESGBERT/EnvironmentalBERT-base,System Boundary,standardized,no rag
10,"Permanent pasture producing beef cattle, calf (weaned) in spain. cycle description: average annual production data across 6 different organic dehesa cattle farms. cow-calf operation. What is in the system boundary?","[1, 1, 0, 0, 0, 1, 1, 1, 1, 1, 0, 1, 0, 0, 0, 0, 0, 1, 1]","[1, 1, 0, 0, 0, 0, 1, 1, 1, 1, 0, 1, 0, 0, 0, 0, 0, 1, 1]","['True_animalFeed', 'True_water', 'True_liveAnimalInput', 'True_electricityFuel', 'True_transport', 'True_pesticideVeterinaryDrug', 'True_seed', 'True_otherChemical', 'True_animalPopulation', 'True_freshForage', 'True_excreta', 'True_product', 'True_waste', 'True_soilAmendment', 'True_operation', 'True_fertiliser', 'True_material', 'True_ingredient', 'True_cropResidue']",10,ESGBERT/EnvironmentalBERT-base,System Boundary,standardized,no rag
13,Animal housing producing broiler chicken in netherlands. cycle description: broiler production - conventional. site description: conventional. What is in the system boundary?,"[1, 1, 1, 1, 0, 0, 1, 1, 1, 1, 1, 1, 0, 1, 0, 1, 0, 1, 1]","[1, 0, 1, 0, 0, 0, 1, 1, 1, 1, 0, 1, 0, 1, 0, 1, 0, 1, 1]","['True_animalFeed', 'True_water', 'True_liveAnimalInput', 'True_electricityFuel', 'True_transport', 'True_pesticideVeterinaryDrug', 'True_seed', 'True_otherChemical', 'True_animalPopulation', 'True_freshForage', 'True_excreta', 'True_product', 'True_waste', 'True_soilAmendment', 'True_operation', 'True_fertiliser', 'True_material', 'True_ingredient', 'True_cropResidue']",13,ESGBERT/EnvironmentalBERT-base,System Boundary,standardized,no rag
14,"Animal housing producing meat, dairy cattle (liveweight) in denmark. cycle description: organic dairy. What is in the system boundary?","[1, 0, 1, 0, 0, 1, 1, 1, 1, 1, 0, 1, 0, 1, 0, 1, 0, 1, 1]","[1, 0, 1, 0, 0, 0, 1, 1, 1, 1, 0, 1, 0, 1, 0, 1, 0, 1, 1]","['True_animalFeed', 'True_water', 'True_liveAnimalInput', 'True_electricityFuel', 'True_transport', 'True_pesticideVeterinaryDrug', 'True_seed', 'True_otherChemical', 'True_animalPopulation', 'True_freshForage', 'True_excreta', 'True_product', 'True_waste', 'True_soilAmendment', 'True_operation', 'True_fertiliser', 'True_material', 'True_ingredient', 'True_cropResidue']",14,ESGBERT/EnvironmentalBERT-base,System Boundary,standardized,no rag
18,"Animal housing producing beef cattle, bull in ireland. site description: animal housing, winter housing and alc. What is in the system boundary?","[1, 0, 1, 0, 0, 0, 1, 1, 1, 0, 0, 1, 0, 0, 0, 0, 0, 1, 1]","[1, 0, 1, 0, 0, 0, 0, 1, 1, 1, 0, 1, 0, 0, 0, 0, 0, 1, 1]","['True_animalFeed', 'True_water', 'True_liveAnimalInput', 'True_electricityFuel', 'True_transport', 'True_pesticideVeterinaryDrug', 'True_seed', 'True_otherChemical', 'True_animalPopulation', 'True_freshForage', 'True_excreta', 'True_product', 'True_waste', 'True_soilAmendment', 'True_operation', 'True_fertiliser', 'True_material', 'True_ingredient', 'True_cropResidue']",18,ESGBERT/EnvironmentalBERT-base,System Boundary,standardized,no rag
19,Animal housing producing broiler chicken in malaysia. cycle description: broiler chicken production. site description: 4 animal houses on the farm. this cycle represents one of the housing systems based on the fu. What is in the system boundary?,"[1, 1, 1, 1, 0, 0, 1, 1, 1, 1, 1, 1, 1, 1, 0, 1, 0, 1, 1]","[1, 1, 1, 0, 0, 0, 1, 1, 1, 1, 0, 1, 0, 1, 0, 1, 0, 1, 1]","['True_animalFeed', 'True_water', 'True_liveAnimalInput', 'True_electricityFuel', 'True_transport', 'True_pesticideVeterinaryDrug', 'True_seed', 'True_otherChemical', 'True_animalPopulation', 'True_freshForage', 'True_excreta', 'True_product', 'True_waste', 'True_soilAmendment', 'True_operation', 'True_fertiliser', 'True_material', 'True_ingredient', 'True_cropResidue']",19,ESGBERT/EnvironmentalBERT-base,System Boundary,standardized,no rag
21,"Permanent pasture producing beef cattle, heifer and steer in united kingdom. cycle description: permanent pasture fields. site description: permanent pasture fields, north wyke farm platform. What is in the system boundary?","[1, 0, 1, 1, 0, 1, 1, 1, 1, 1, 0, 1, 0, 1, 1, 1, 0, 1, 1]","[1, 0, 1, 1, 0, 1, 1, 1, 1, 1, 0, 1, 0, 1, 1, 1, 0, 1, 0]","['True_animalFeed', 'True_water', 'True_liveAnimalInput', 'True_electricityFuel', 'True_transport', 'True_pesticideVeterinaryDrug', 'True_seed', 'True_otherChemical', 'True_animalPopulation', 'True_freshForage', 'True_excreta', 'True_product', 'True_waste', 'True_soilAmendment', 'True_operation', 'True_fertiliser', 'True_material', 'True_ingredient', 'True_cropResidue']",21,ESGBERT/EnvironmentalBERT-base,System Boundary,standardized,no rag
50,"Permanent pasture producing beef cattle, heifer in brazil. cycle description: beef, fertilized guinea grass (panicum maximum cv. tanzânia) pasture + 75-day finishing period in confinement (scenario 5). site description: cerrado (goiás, mato grosso do sul, mato grosso, tocantins and minas gerais states). What is in the system boundary?","[1, 1, 0, 1, 0, 0, 1, 1, 1, 1, 1, 1, 0, 1, 0, 1, 0, 1, 0]","[1, 0, 1, 1, 0, 0, 1, 1, 1, 0, 1, 1, 0, 1, 0, 1, 0, 1, 1]","['True_animalFeed', 'True_water', 'True_liveAnimalInput', 'True_electricityFuel', 'True_transport', 'True_pesticideVeterinaryDrug', 'True_seed', 'True_otherChemical', 'True_animalPopulation', 'True_freshForage', 'True_excreta', 'True_product', 'True_waste', 'True_soilAmendment', 'True_operation', 'True_fertiliser', 'True_material', 'True_ingredient', 'True_cropResidue']",50,ESGBERT/EnvironmentalBERT-base,System Boundary,standardized,no rag
53,"Permanent pasture producing meat, dairy cattle (liveweight) in kenya. cycle description: cows and heifers obtain some feed through grazing but are also stall-fed at other times. What is in the system boundary?","[1, 0, 1, 0, 0, 0, 0, 1, 1, 1, 0, 0, 0, 0, 0, 0, 0, 1, 0]","[1, 0, 1, 0, 0, 0, 1, 1, 1, 1, 0, 0, 0, 0, 0, 1, 0, 1, 1]","['True_animalFeed', 'True_water', 'True_liveAnimalInput', 'True_electricityFuel', 'True_transport', 'True_pesticideVeterinaryDrug', 'True_seed', 'True_otherChemical', 'True_animalPopulation', 'True_freshForage', 'True_excreta', 'True_product', 'True_waste', 'True_soilAmendment', 'True_operation', 'True_fertiliser', 'True_material', 'True_ingredient', 'True_cropResidue']",53,ESGBERT/EnvironmentalBERT-base,System Boundary,standardized,no rag
59,"Animal housing producing beef cattle, steer in ireland. cycle description: 24mo treatment where steers are offered grass silage ad libitum plus 1.5 kg dm of concentrate per head daily over the winter period, turned out to pasture for 210 days, and finished indoors on grass silage ad libitum plus 5 kg dm of concentrate per head daily and slaughtered at 24 months of age (24mo) - (this is the winter housing stage). What is in the system boundary?","[0, 0, 1, 1, 1, 0, 0, 1, 1, 0, 0, 1, 0, 0, 1, 0, 0, 1, 1]","[0, 0, 1, 1, 1, 0, 0, 1, 1, 0, 0, 1, 0, 0, 1, 0, 0, 1, 0]","['True_animalFeed', 'True_water', 'True_liveAnimalInput', 'True_electricityFuel', 'True_transport', 'True_pesticideVeterinaryDrug', 'True_seed', 'True_otherChemical', 'True_animalPopulation', 'True_freshForage', 'True_excreta', 'True_product', 'True_waste', 'True_soilAmendment', 'True_operation', 'True_fertiliser', 'True_material', 'True_ingredient', 'True_cropResidue']",59,ESGBERT/EnvironmentalBERT-base,System Boundary,standardized,no rag
63,"Animal housing producing beef cattle, steer in ireland. cycle description: 21mo treatment where steers are offered grass silage ad libitum plus 1.5 kg dm of concentrate per head daily over the winter period, turned out to pasture for 175 days, finished at pasture supplemented with 5 kg dm of concentrate per head daily for 60 days and slaughtered at 21 months of age - (this is the winter housing period). What is in the system boundary?","[0, 0, 1, 1, 1, 0, 0, 1, 1, 0, 0, 1, 0, 0, 1, 0, 0, 1, 1]","[0, 0, 1, 1, 1, 0, 0, 1, 1, 0, 0, 1, 0, 0, 1, 0, 0, 1, 0]","['True_animalFeed', 'True_water', 'True_liveAnimalInput', 'True_electricityFuel', 'True_transport', 'True_pesticideVeterinaryDrug', 'True_seed', 'True_otherChemical', 'True_animalPopulation', 'True_freshForage', 'True_excreta', 'True_product', 'True_waste', 'True_soilAmendment', 'True_operation', 'True_fertiliser', 'True_material', 'True_ingredient', 'True_cropResidue']",63,ESGBERT/EnvironmentalBERT-base,System Boundary,standardized,no rag
75,"Permanent pasture producing beef cattle, steer in ireland. cycle description: 21mo treatment where steers are offered grass silage ad libitum plus 1.5 kg dm of concentrate per head daily over the winter period, turned out to pasture for 175 days, finished at pasture supplemented with 5 kg dm of concentrate per head daily for 60 days and slaughtered at 21 months of age - (this is the finishing period). What is in the system boundary?","[1, 0, 1, 1, 1, 0, 0, 1, 1, 1, 0, 1, 0, 0, 1, 0, 0, 1, 0]","[0, 0, 1, 1, 1, 0, 0, 1, 1, 0, 0, 1, 0, 0, 1, 0, 0, 1, 0]","['True_animalFeed', 'True_water', 'True_liveAnimalInput', 'True_electricityFuel', 'True_transport', 'True_pesticideVeterinaryDrug', 'True_seed', 'True_otherChemical', 'True_animalPopulation', 'True_freshForage', 'True_excreta', 'True_product', 'True_waste', 'True_soilAmendment', 'True_operation', 'True_fertiliser', 'True_material', 'True_ingredient', 'True_cropResidue']",75,ESGBERT/EnvironmentalBERT-base,System Boundary,standardized,no rag
76,"Agri-food processor producing meat, beef cattle (liveweight) in brazil. cycle description: meat production. What is in the system boundary?","[1, 1, 1, 0, 0, 1, 1, 1, 1, 1, 1, 1, 0, 1, 0, 1, 0, 1, 1]","[1, 1, 1, 0, 1, 1, 1, 1, 1, 1, 1, 0, 0, 1, 0, 1, 0, 1, 1]","['True_animalFeed', 'True_water', 'True_liveAnimalInput', 'True_electricityFuel', 'True_transport', 'True_pesticideVeterinaryDrug', 'True_seed', 'True_otherChemical', 'True_animalPopulation', 'True_freshForage', 'True_excreta', 'True_product', 'True_waste', 'True_soilAmendment', 'True_operation', 'True_fertiliser', 'True_material', 'True_ingredient', 'True_cropResidue']",76,ESGBERT/EnvironmentalBERT-base,System Boundary,standardized,no rag
77,"Milk, cow, raw produced in united kingdom. cycle description: control merit cows, in novel home-grown system (all feed grown on fam using legume protein sources, animals housed for one period each day). What is in the system boundary?","[1, 0, 1, 1, 0, 0, 1, 1, 1, 0, 0, 0, 0, 0, 0, 1, 0, 1, 1]","[1, 0, 1, 1, 0, 0, 0, 1, 1, 0, 0, 0, 0, 0, 0, 1, 0, 1, 1]","['True_animalFeed', 'True_water', 'True_liveAnimalInput', 'True_electricityFuel', 'True_transport', 'True_pesticideVeterinaryDrug', 'True_seed', 'True_otherChemical', 'True_animalPopulation', 'True_freshForage', 'True_excreta', 'True_product', 'True_waste', 'True_soilAmendment', 'True_operation', 'True_fertiliser', 'True_material', 'True_ingredient', 'True_cropResidue']",77,ESGBERT/EnvironmentalBERT-base,System Boundary,standardized,no rag
5,Broiler chicken produced in russia. cycle description: poultry production under the conditions of the central region in european russia. What is in the system boundary?,"[1, 0, 1, 1, 0, 1, 1, 1, 1, 1, 1, 1, 0, 1, 0, 1, 0, 1, 1]","[1, 0, 1, 1, 0, 1, 1, 1, 1, 1, 0, 1, 0, 1, 0, 1, 0, 1, 1]","['True_animalFeed', 'True_water', 'True_liveAnimalInput', 'True_electricityFuel', 'True_transport', 'True_pesticideVeterinaryDrug', 'True_seed', 'True_otherChemical', 'True_animalPopulation', 'True_freshForage', 'True_excreta', 'True_product', 'True_waste', 'True_soilAmendment', 'True_operation', 'True_fertiliser', 'True_material', 'True_ingredient', 'True_cropResidue']",5,FacebookAI/roberta-large,System Boundary,standardized,no rag
8,"Animal housing producing beef cattle, steer in ireland. cycle description: 24mo treatment where steers are offered grass silage ad libitum plus 1.5 kg dm of concentrate per head daily over the winter period, turned out to pasture for 210 days, and finished indoors on grass silage ad libitum plus 5 kg dm of concentrate per head daily and slaughtered at 24 months of age - (this is the finishing stage). What is in the system boundary?","[0, 0, 1, 1, 1, 0, 0, 1, 1, 0, 0, 1, 0, 0, 1, 0, 0, 1, 1]","[0, 0, 1, 1, 1, 0, 0, 1, 1, 0, 0, 1, 0, 0, 1, 0, 0, 1, 0]","['True_animalFeed', 'True_water', 'True_liveAnimalInput', 'True_electricityFuel', 'True_transport', 'True_pesticideVeterinaryDrug', 'True_seed', 'True_otherChemical', 'True_animalPopulation', 'True_freshForage', 'True_excreta', 'True_product', 'True_waste', 'True_soilAmendment', 'True_operation', 'True_fertiliser', 'True_material', 'True_ingredient', 'True_cropResidue']",8,FacebookAI/roberta-large,System Boundary,standardized,no rag
10,"Permanent pasture producing beef cattle, calf (weaned) in spain. cycle description: average annual production data across 6 different organic dehesa cattle farms. cow-calf operation. What is in the system boundary?","[1, 1, 0, 0, 0, 1, 1, 1, 1, 1, 0, 1, 0, 0, 0, 0, 0, 1, 1]","[1, 1, 0, 0, 0, 0, 1, 1, 1, 1, 0, 1, 0, 0, 0, 0, 0, 1, 1]","['True_animalFeed', 'True_water', 'True_liveAnimalInput', 'True_electricityFuel', 'True_transport', 'True_pesticideVeterinaryDrug', 'True_seed', 'True_otherChemical', 'True_animalPopulation', 'True_freshForage', 'True_excreta', 'True_product', 'True_waste', 'True_soilAmendment', 'True_operation', 'True_fertiliser', 'True_material', 'True_ingredient', 'True_cropResidue']",10,FacebookAI/roberta-large,System Boundary,standardized,no rag
13,Animal housing producing broiler chicken in netherlands. cycle description: broiler production - conventional. site description: conventional. What is in the system boundary?,"[1, 1, 1, 1, 0, 0, 1, 1, 1, 1, 1, 1, 0, 1, 0, 1, 0, 1, 1]","[1, 0, 1, 0, 0, 1, 1, 1, 1, 1, 0, 1, 0, 1, 0, 1, 0, 1, 1]","['True_animalFeed', 'True_water', 'True_liveAnimalInput', 'True_electricityFuel', 'True_transport', 'True_pesticideVeterinaryDrug', 'True_seed', 'True_otherChemical', 'True_animalPopulation', 'True_freshForage', 'True_excreta', 'True_product', 'True_waste', 'True_soilAmendment', 'True_operation', 'True_fertiliser', 'True_material', 'True_ingredient', 'True_cropResidue']",13,FacebookAI/roberta-large,System Boundary,standardized,no rag
14,"Animal housing producing meat, dairy cattle (liveweight) in denmark. cycle description: organic dairy. What is in the system boundary?","[1, 0, 1, 0, 0, 1, 1, 1, 1, 1, 0, 1, 0, 1, 0, 1, 0, 1, 1]","[1, 0, 1, 0, 0, 0, 1, 1, 1, 1, 0, 1, 0, 1, 0, 1, 0, 1, 1]","['True_animalFeed', 'True_water', 'True_liveAnimalInput', 'True_electricityFuel', 'True_transport', 'True_pesticideVeterinaryDrug', 'True_seed', 'True_otherChemical', 'True_animalPopulation', 'True_freshForage', 'True_excreta', 'True_product', 'True_waste', 'True_soilAmendment', 'True_operation', 'True_fertiliser', 'True_material', 'True_ingredient', 'True_cropResidue']",14,FacebookAI/roberta-large,System Boundary,standardized,no rag
18,"Animal housing producing beef cattle, bull in ireland. site description: animal housing, winter housing and alc. What is in the system boundary?","[1, 0, 1, 0, 0, 0, 1, 1, 1, 0, 0, 1, 0, 0, 0, 0, 0, 1, 1]","[1, 0, 1, 0, 0, 0, 0, 1, 1, 1, 0, 1, 0, 0, 0, 0, 0, 1, 1]","['True_animalFeed', 'True_water', 'True_liveAnimalInput', 'True_electricityFuel', 'True_transport', 'True_pesticideVeterinaryDrug', 'True_seed', 'True_otherChemical', 'True_animalPopulation', 'True_freshForage', 'True_excreta', 'True_product', 'True_waste', 'True_soilAmendment', 'True_operation', 'True_fertiliser', 'True_material', 'True_ingredient', 'True_cropResidue']",18,FacebookAI/roberta-large,System Boundary,standardized,no rag
19,Animal housing producing broiler chicken in malaysia. cycle description: broiler chicken production. site description: 4 animal houses on the farm. this cycle represents one of the housing systems based on the fu. What is in the system boundary?,"[1, 1, 1, 1, 0, 0, 1, 1, 1, 1, 1, 1, 1, 1, 0, 1, 0, 1, 1]","[1, 1, 1, 1, 0, 1, 1, 1, 1, 1, 1, 1, 0, 1, 0, 1, 0, 1, 1]","['True_animalFeed', 'True_water', 'True_liveAnimalInput', 'True_electricityFuel', 'True_transport', 'True_pesticideVeterinaryDrug', 'True_seed', 'True_otherChemical', 'True_animalPopulation', 'True_freshForage', 'True_excreta', 'True_product', 'True_waste', 'True_soilAmendment', 'True_operation', 'True_fertiliser', 'True_material', 'True_ingredient', 'True_cropResidue']",19,FacebookAI/roberta-large,System Boundary,standardized,no rag
21,"Permanent pasture producing beef cattle, heifer and steer in united kingdom. cycle description: permanent pasture fields. site description: permanent pasture fields, north wyke farm platform. What is in the system boundary?","[1, 0, 1, 1, 0, 1, 1, 1, 1, 1, 0, 1, 0, 1, 1, 1, 0, 1, 1]","[1, 0, 1, 1, 0, 1, 1, 1, 1, 1, 0, 1, 0, 1, 1, 1, 0, 1, 0]","['True_animalFeed', 'True_water', 'True_liveAnimalInput', 'True_electricityFuel', 'True_transport', 'True_pesticideVeterinaryDrug', 'True_seed', 'True_otherChemical', 'True_animalPopulation', 'True_freshForage', 'True_excreta', 'True_product', 'True_waste', 'True_soilAmendment', 'True_operation', 'True_fertiliser', 'True_material', 'True_ingredient', 'True_cropResidue']",21,FacebookAI/roberta-large,System Boundary,standardized,no rag
50,"Permanent pasture producing beef cattle, heifer in brazil. cycle description: beef, fertilized guinea grass (panicum maximum cv. tanzânia) pasture + 75-day finishing period in confinement (scenario 5). site description: cerrado (goiás, mato grosso do sul, mato grosso, tocantins and minas gerais states). What is in the system boundary?","[1, 1, 0, 1, 0, 0, 1, 1, 1, 1, 1, 1, 0, 1, 0, 1, 0, 1, 0]","[1, 0, 1, 1, 0, 0, 1, 1, 1, 0, 1, 1, 0, 1, 0, 1, 0, 1, 1]","['True_animalFeed', 'True_water', 'True_liveAnimalInput', 'True_electricityFuel', 'True_transport', 'True_pesticideVeterinaryDrug', 'True_seed', 'True_otherChemical', 'True_animalPopulation', 'True_freshForage', 'True_excreta', 'True_product', 'True_waste', 'True_soilAmendment', 'True_operation', 'True_fertiliser', 'True_material', 'True_ingredient', 'True_cropResidue']",50,FacebookAI/roberta-large,System Boundary,standardized,no rag
53,"Permanent pasture producing meat, dairy cattle (liveweight) in kenya. cycle description: cows and heifers obtain some feed through grazing but are also stall-fed at other times. What is in the system boundary?","[1, 0, 1, 0, 0, 0, 0, 1, 1, 1, 0, 0, 0, 0, 0, 0, 0, 1, 0]","[1, 0, 1, 0, 0, 0, 0, 1, 1, 1, 0, 0, 0, 0, 0, 0, 0, 1, 1]","['True_animalFeed', 'True_water', 'True_liveAnimalInput', 'True_electricityFuel', 'True_transport', 'True_pesticideVeterinaryDrug', 'True_seed', 'True_otherChemical', 'True_animalPopulation', 'True_freshForage', 'True_excreta', 'True_product', 'True_waste', 'True_soilAmendment', 'True_operation', 'True_fertiliser', 'True_material', 'True_ingredient', 'True_cropResidue']",53,FacebookAI/roberta-large,System Boundary,standardized,no rag
59,"Animal housing producing beef cattle, steer in ireland. cycle description: 24mo treatment where steers are offered grass silage ad libitum plus 1.5 kg dm of concentrate per head daily over the winter period, turned out to pasture for 210 days, and finished indoors on grass silage ad libitum plus 5 kg dm of concentrate per head daily and slaughtered at 24 months of age (24mo) - (this is the winter housing stage). What is in the system boundary?","[0, 0, 1, 1, 1, 0, 0, 1, 1, 0, 0, 1, 0, 0, 1, 0, 0, 1, 1]","[0, 0, 1, 1, 1, 0, 0, 1, 1, 0, 0, 1, 0, 0, 1, 0, 0, 1, 0]","['True_animalFeed', 'True_water', 'True_liveAnimalInput', 'True_electricityFuel', 'True_transport', 'True_pesticideVeterinaryDrug', 'True_seed', 'True_otherChemical', 'True_animalPopulation', 'True_freshForage', 'True_excreta', 'True_product', 'True_waste', 'True_soilAmendment', 'True_operation', 'True_fertiliser', 'True_material', 'True_ingredient', 'True_cropResidue']",59,FacebookAI/roberta-large,System Boundary,standardized,no rag
63,"Animal housing producing beef cattle, steer in ireland. cycle description: 21mo treatment where steers are offered grass silage ad libitum plus 1.5 kg dm of concentrate per head daily over the winter period, turned out to pasture for 175 days, finished at pasture supplemented with 5 kg dm of concentrate per head daily for 60 days and slaughtered at 21 months of age - (this is the winter housing period). What is in the system boundary?","[0, 0, 1, 1, 1, 0, 0, 1, 1, 0, 0, 1, 0, 0, 1, 0, 0, 1, 1]","[0, 0, 1, 1, 1, 0, 0, 1, 1, 0, 0, 1, 0, 0, 1, 0, 0, 1, 0]","['True_animalFeed', 'True_water', 'True_liveAnimalInput', 'True_electricityFuel', 'True_transport', 'True_pesticideVeterinaryDrug', 'True_seed', 'True_otherChemical', 'True_animalPopulation', 'True_freshForage', 'True_excreta', 'True_product', 'True_waste', 'True_soilAmendment', 'True_operation', 'True_fertiliser', 'True_material', 'True_ingredient', 'True_cropResidue']",63,FacebookAI/roberta-large,System Boundary,standardized,no rag
75,"Permanent pasture producing beef cattle, steer in ireland. cycle description: 21mo treatment where steers are offered grass silage ad libitum plus 1.5 kg dm of concentrate per head daily over the winter period, turned out to pasture for 175 days, finished at pasture supplemented with 5 kg dm of concentrate per head daily for 60 days and slaughtered at 21 months of age - (this is the finishing period). What is in the system boundary?","[1, 0, 1, 1, 1, 0, 0, 1, 1, 1, 0, 1, 0, 0, 1, 0, 0, 1, 0]","[0, 0, 1, 1, 1, 0, 0, 1, 1, 0, 0, 1, 0, 0, 1, 0, 0, 1, 0]","['True_animalFeed', 'True_water', 'True_liveAnimalInput', 'True_electricityFuel', 'True_transport', 'True_pesticideVeterinaryDrug', 'True_seed', 'True_otherChemical', 'True_animalPopulation', 'True_freshForage', 'True_excreta', 'True_product', 'True_waste', 'True_soilAmendment', 'True_operation', 'True_fertiliser', 'True_material', 'True_ingredient', 'True_cropResidue']",75,FacebookAI/roberta-large,System Boundary,standardized,no rag
76,"Agri-food processor producing meat, beef cattle (liveweight) in brazil. cycle description: meat production. What is in the system boundary?","[1, 1, 1, 0, 0, 1, 1, 1, 1, 1, 1, 1, 0, 1, 0, 1, 0, 1, 1]","[1, 1, 1, 0, 1, 1, 1, 1, 1, 1, 1, 1, 0, 1, 0, 1, 0, 1, 1]","['True_animalFeed', 'True_water', 'True_liveAnimalInput', 'True_electricityFuel', 'True_transport', 'True_pesticideVeterinaryDrug', 'True_seed', 'True_otherChemical', 'True_animalPopulation', 'True_freshForage', 'True_excreta', 'True_product', 'True_waste', 'True_soilAmendment', 'True_operation', 'True_fertiliser', 'True_material', 'True_ingredient', 'True_cropResidue']",76,FacebookAI/roberta-large,System Boundary,standardized,no rag
5,Broiler chicken produced in russia. cycle description: poultry production under the conditions of the central region in european russia. What is in the system boundary?,"[1, 0, 1, 1, 0, 1, 1, 1, 1, 1, 1, 1, 0, 1, 0, 1, 0, 1, 1]","[1, 1, 1, 1, 0, 0, 1, 1, 1, 1, 0, 1, 0, 1, 0, 1, 0, 1, 1]","['True_animalFeed', 'True_water', 'True_liveAnimalInput', 'True_electricityFuel', 'True_transport', 'True_pesticideVeterinaryDrug', 'True_seed', 'True_otherChemical', 'True_animalPopulation', 'True_freshForage', 'True_excreta', 'True_product', 'True_waste', 'True_soilAmendment', 'True_operation', 'True_fertiliser', 'True_material', 'True_ingredient', 'True_cropResidue']",5,google-bert/bert-base-uncased,System Boundary,standardized,no rag
8,"Animal housing producing beef cattle, steer in ireland. cycle description: 24mo treatment where steers are offered grass silage ad libitum plus 1.5 kg dm of concentrate per head daily over the winter period, turned out to pasture for 210 days, and finished indoors on grass silage ad libitum plus 5 kg dm of concentrate per head daily and slaughtered at 24 months of age - (this is the finishing stage). What is in the system boundary?","[0, 0, 1, 1, 1, 0, 0, 1, 1, 0, 0, 1, 0, 0, 1, 0, 0, 1, 1]","[0, 0, 1, 1, 1, 0, 0, 1, 1, 0, 0, 1, 0, 0, 1, 0, 0, 1, 0]","['True_animalFeed', 'True_water', 'True_liveAnimalInput', 'True_electricityFuel', 'True_transport', 'True_pesticideVeterinaryDrug', 'True_seed', 'True_otherChemical', 'True_animalPopulation', 'True_freshForage', 'True_excreta', 'True_product', 'True_waste', 'True_soilAmendment', 'True_operation', 'True_fertiliser', 'True_material', 'True_ingredient', 'True_cropResidue']",8,google-bert/bert-base-uncased,System Boundary,standardized,no rag
10,"Permanent pasture producing beef cattle, calf (weaned) in spain. cycle description: average annual production data across 6 different organic dehesa cattle farms. cow-calf operation. What is in the system boundary?","[1, 1, 0, 0, 0, 1, 1, 1, 1, 1, 0, 1, 0, 0, 0, 0, 0, 1, 1]","[1, 1, 0, 0, 0, 0, 1, 1, 1, 1, 0, 1, 0, 0, 0, 0, 0, 1, 1]","['True_animalFeed', 'True_water', 'True_liveAnimalInput', 'True_electricityFuel', 'True_transport', 'True_pesticideVeterinaryDrug', 'True_seed', 'True_otherChemical', 'True_animalPopulation', 'True_freshForage', 'True_excreta', 'True_product', 'True_waste', 'True_soilAmendment', 'True_operation', 'True_fertiliser', 'True_material', 'True_ingredient', 'True_cropResidue']",10,google-bert/bert-base-uncased,System Boundary,standardized,no rag
13,Animal housing producing broiler chicken in netherlands. cycle description: broiler production - conventional. site description: conventional. What is in the system boundary?,"[1, 1, 1, 1, 0, 0, 1, 1, 1, 1, 1, 1, 0, 1, 0, 1, 0, 1, 1]","[1, 0, 1, 0, 0, 0, 1, 1, 1, 1, 0, 1, 0, 1, 0, 1, 0, 1, 1]","['True_animalFeed', 'True_water', 'True_liveAnimalInput', 'True_electricityFuel', 'True_transport', 'True_pesticideVeterinaryDrug', 'True_seed', 'True_otherChemical', 'True_animalPopulation', 'True_freshForage', 'True_excreta', 'True_product', 'True_waste', 'True_soilAmendment', 'True_operation', 'True_fertiliser', 'True_material', 'True_ingredient', 'True_cropResidue']",13,google-bert/bert-base-uncased,System Boundary,standardized,no rag
14,"Animal housing producing meat, dairy cattle (liveweight) in denmark. cycle description: organic dairy. What is in the system boundary?","[1, 0, 1, 0, 0, 1, 1, 1, 1, 1, 0, 1, 0, 1, 0, 1, 0, 1, 1]","[1, 0, 1, 0, 0, 0, 1, 1, 1, 1, 0, 1, 0, 1, 0, 1, 0, 1, 1]","['True_animalFeed', 'True_water', 'True_liveAnimalInput', 'True_electricityFuel', 'True_transport', 'True_pesticideVeterinaryDrug', 'True_seed', 'True_otherChemical', 'True_animalPopulation', 'True_freshForage', 'True_excreta', 'True_product', 'True_waste', 'True_soilAmendment', 'True_operation', 'True_fertiliser', 'True_material', 'True_ingredient', 'True_cropResidue']",14,google-bert/bert-base-uncased,System Boundary,standardized,no rag
18,"Animal housing producing beef cattle, bull in ireland. site description: animal housing, winter housing and alc. What is in the system boundary?","[1, 0, 1, 0, 0, 0, 1, 1, 1, 0, 0, 1, 0, 0, 0, 0, 0, 1, 1]","[1, 0, 1, 0, 0, 0, 0, 0, 1, 1, 0, 1, 0, 0, 0, 0, 0, 1, 1]","['True_animalFeed', 'True_water', 'True_liveAnimalInput', 'True_electricityFuel', 'True_transport', 'True_pesticideVeterinaryDrug', 'True_seed', 'True_otherChemical', 'True_animalPopulation', 'True_freshForage', 'True_excreta', 'True_product', 'True_waste', 'True_soilAmendment', 'True_operation', 'True_fertiliser', 'True_material', 'True_ingredient', 'True_cropResidue']",18,google-bert/bert-base-uncased,System Boundary,standardized,no rag
19,Animal housing producing broiler chicken in malaysia. cycle description: broiler chicken production. site description: 4 animal houses on the farm. this cycle represents one of the housing systems based on the fu. What is in the system boundary?,"[1, 1, 1, 1, 0, 0, 1, 1, 1, 1, 1, 1, 1, 1, 0, 1, 0, 1, 1]","[1, 1, 1, 1, 0, 0, 1, 1, 1, 1, 0, 1, 0, 1, 0, 1, 0, 1, 1]","['True_animalFeed', 'True_water', 'True_liveAnimalInput', 'True_electricityFuel', 'True_transport', 'True_pesticideVeterinaryDrug', 'True_seed', 'True_otherChemical', 'True_animalPopulation', 'True_freshForage', 'True_excreta', 'True_product', 'True_waste', 'True_soilAmendment', 'True_operation', 'True_fertiliser', 'True_material', 'True_ingredient', 'True_cropResidue']",19,google-bert/bert-base-uncased,System Boundary,standardized,no rag
50,"Permanent pasture producing beef cattle, heifer in brazil. cycle description: beef, fertilized guinea grass (panicum maximum cv. tanzânia) pasture + 75-day finishing period in confinement (scenario 5). site description: cerrado (goiás, mato grosso do sul, mato grosso, tocantins and minas gerais states). What is in the system boundary?","[1, 1, 0, 1, 0, 0, 1, 1, 1, 1, 1, 1, 0, 1, 0, 1, 0, 1, 0]","[1, 1, 0, 1, 0, 0, 1, 1, 1, 0, 1, 1, 0, 1, 0, 1, 0, 1, 0]","['True_animalFeed', 'True_water', 'True_liveAnimalInput', 'True_electricityFuel', 'True_transport', 'True_pesticideVeterinaryDrug', 'True_seed', 'True_otherChemical', 'True_animalPopulation', 'True_freshForage', 'True_excreta', 'True_product', 'True_waste', 'True_soilAmendment', 'True_operation', 'True_fertiliser', 'True_material', 'True_ingredient', 'True_cropResidue']",50,google-bert/bert-base-uncased,System Boundary,standardized,no rag
53,"Permanent pasture producing meat, dairy cattle (liveweight) in kenya. cycle description: cows and heifers obtain some feed through grazing but are also stall-fed at other times. What is in the system boundary?","[1, 0, 1, 0, 0, 0, 0, 1, 1, 1, 0, 0, 0, 0, 0, 0, 0, 1, 0]","[1, 0, 1, 0, 0, 0, 0, 1, 1, 1, 0, 0, 0, 0, 0, 1, 0, 1, 1]","['True_animalFeed', 'True_water', 'True_liveAnimalInput', 'True_electricityFuel', 'True_transport', 'True_pesticideVeterinaryDrug', 'True_seed', 'True_otherChemical', 'True_animalPopulation', 'True_freshForage', 'True_excreta', 'True_product', 'True_waste', 'True_soilAmendment', 'True_operation', 'True_fertiliser', 'True_material', 'True_ingredient', 'True_cropResidue']",53,google-bert/bert-base-uncased,System Boundary,standardized,no rag
59,"Animal housing producing beef cattle, steer in ireland. cycle description: 24mo treatment where steers are offered grass silage ad libitum plus 1.5 kg dm of concentrate per head daily over the winter period, turned out to pasture for 210 days, and finished indoors on grass silage ad libitum plus 5 kg dm of concentrate per head daily and slaughtered at 24 months of age (24mo) - (this is the winter housing stage). What is in the system boundary?","[0, 0, 1, 1, 1, 0, 0, 1, 1, 0, 0, 1, 0, 0, 1, 0, 0, 1, 1]","[0, 0, 1, 1, 1, 0, 0, 1, 1, 0, 0, 1, 0, 0, 1, 0, 0, 1, 0]","['True_animalFeed', 'True_water', 'True_liveAnimalInput', 'True_electricityFuel', 'True_transport', 'True_pesticideVeterinaryDrug', 'True_seed', 'True_otherChemical', 'True_animalPopulation', 'True_freshForage', 'True_excreta', 'True_product', 'True_waste', 'True_soilAmendment', 'True_operation', 'True_fertiliser', 'True_material', 'True_ingredient', 'True_cropResidue']",59,google-bert/bert-base-uncased,System Boundary,standardized,no rag
63,"Animal housing producing beef cattle, steer in ireland. cycle description: 21mo treatment where steers are offered grass silage ad libitum plus 1.5 kg dm of concentrate per head daily over the winter period, turned out to pasture for 175 days, finished at pasture supplemented with 5 kg dm of concentrate per head daily for 60 days and slaughtered at 21 months of age - (this is the winter housing period). What is in the system boundary?","[0, 0, 1, 1, 1, 0, 0, 1, 1, 0, 0, 1, 0, 0, 1, 0, 0, 1, 1]","[0, 0, 1, 1, 1, 0, 0, 1, 1, 0, 0, 1, 0, 0, 1, 0, 0, 1, 0]","['True_animalFeed', 'True_water', 'True_liveAnimalInput', 'True_electricityFuel', 'True_transport', 'True_pesticideVeterinaryDrug', 'True_seed', 'True_otherChemical', 'True_animalPopulation', 'True_freshForage', 'True_excreta', 'True_product', 'True_waste', 'True_soilAmendment', 'True_operation', 'True_fertiliser', 'True_material', 'True_ingredient', 'True_cropResidue']",63,google-bert/bert-base-uncased,System Boundary,standardized,no rag
74,"Permanent pasture producing beef cattle, cow in spain. cycle description: average annual production data across 9 different conventional dehesa cattle farms. cow-calf operation. What is in the system boundary?","[1, 1, 0, 0, 0, 0, 1, 1, 1, 1, 0, 1, 0, 0, 0, 0, 0, 1, 1]","[1, 1, 0, 0, 0, 0, 1, 0, 1, 1, 0, 1, 0, 0, 0, 0, 0, 1, 1]","['True_animalFeed', 'True_water', 'True_liveAnimalInput', 'True_electricityFuel', 'True_transport', 'True_pesticideVeterinaryDrug', 'True_seed', 'True_otherChemical', 'True_animalPopulation', 'True_freshForage', 'True_excreta', 'True_product', 'True_waste', 'True_soilAmendment', 'True_operation', 'True_fertiliser', 'True_material', 'True_ingredient', 'True_cropResidue']",74,google-bert/bert-base-uncased,System Boundary,standardized,no rag
75,"Permanent pasture producing beef cattle, steer in ireland. cycle description: 21mo treatment where steers are offered grass silage ad libitum plus 1.5 kg dm of concentrate per head daily over the winter period, turned out to pasture for 175 days, finished at pasture supplemented with 5 kg dm of concentrate per head daily for 60 days and slaughtered at 21 months of age - (this is the finishing period). What is in the system boundary?","[1, 0, 1, 1, 1, 0, 0, 1, 1, 1, 0, 1, 0, 0, 1, 0, 0, 1, 0]","[0, 0, 1, 1, 1, 0, 0, 1, 1, 0, 0, 1, 0, 0, 1, 0, 0, 1, 0]","['True_animalFeed', 'True_water', 'True_liveAnimalInput', 'True_electricityFuel', 'True_transport', 'True_pesticideVeterinaryDrug', 'True_seed', 'True_otherChemical', 'True_animalPopulation', 'True_freshForage', 'True_excreta', 'True_product', 'True_waste', 'True_soilAmendment', 'True_operation', 'True_fertiliser', 'True_material', 'True_ingredient', 'True_cropResidue']",75,google-bert/bert-base-uncased,System Boundary,standardized,no rag
3,"Permanent pasture producing beef cattle, bull in ireland. What is in the system boundary?","[1, 0, 1, 0, 0, 0, 1, 1, 1, 1, 0, 1, 0, 1, 0, 1, 0, 1, 1]","[0, 0, 1, 0, 0, 0, 1, 1, 1, 1, 0, 1, 0, 1, 0, 1, 0, 1, 1]","['True_animalFeed', 'True_water', 'True_liveAnimalInput', 'True_electricityFuel', 'True_transport', 'True_pesticideVeterinaryDrug', 'True_seed', 'True_otherChemical', 'True_animalPopulation', 'True_freshForage', 'True_excreta', 'True_product', 'True_waste', 'True_soilAmendment', 'True_operation', 'True_fertiliser', 'True_material', 'True_ingredient', 'True_cropResidue']",3,microsoft/deberta-v3-base,System Boundary,standardized,no rag
5,Broiler chicken produced in russia. cycle description: poultry production under the conditions of the central region in european russia. What is in the system boundary?,"[1, 0, 1, 1, 0, 1, 1, 1, 1, 1, 1, 1, 0, 1, 0, 1, 0, 1, 1]","[1, 0, 1, 1, 0, 0, 0, 1, 1, 1, 0, 1, 0, 1, 0, 0, 0, 1, 1]","['True_animalFeed', 'True_water', 'True_liveAnimalInput', 'True_electricityFuel', 'True_transport', 'True_pesticideVeterinaryDrug', 'True_seed', 'True_otherChemical', 'True_animalPopulation', 'True_freshForage', 'True_excreta', 'True_product', 'True_waste', 'True_soilAmendment', 'True_operation', 'True_fertiliser', 'True_material', 'True_ingredient', 'True_cropResidue']",5,microsoft/deberta-v3-base,System Boundary,standardized,no rag
8,"Animal housing producing beef cattle, steer in ireland. cycle description: 24mo treatment where steers are offered grass silage ad libitum plus 1.5 kg dm of concentrate per head daily over the winter period, turned out to pasture for 210 days, and finished indoors on grass silage ad libitum plus 5 kg dm of concentrate per head daily and slaughtered at 24 months of age - (this is the finishing stage). What is in the system boundary?","[0, 0, 1, 1, 1, 0, 0, 1, 1, 0, 0, 1, 0, 0, 1, 0, 0, 1, 1]","[0, 0, 1, 1, 1, 0, 0, 1, 1, 0, 0, 1, 0, 0, 1, 0, 0, 1, 0]","['True_animalFeed', 'True_water', 'True_liveAnimalInput', 'True_electricityFuel', 'True_transport', 'True_pesticideVeterinaryDrug', 'True_seed', 'True_otherChemical', 'True_animalPopulation', 'True_freshForage', 'True_excreta', 'True_product', 'True_waste', 'True_soilAmendment', 'True_operation', 'True_fertiliser', 'True_material', 'True_ingredient', 'True_cropResidue']",8,microsoft/deberta-v3-base,System Boundary,standardized,no rag
10,"Permanent pasture producing beef cattle, calf (weaned) in spain. cycle description: average annual production data across 6 different organic dehesa cattle farms. cow-calf operation. What is in the system boundary?","[1, 1, 0, 0, 0, 1, 1, 1, 1, 1, 0, 1, 0, 0, 0, 0, 0, 1, 1]","[1, 0, 0, 0, 0, 0, 0, 1, 0, 1, 0, 1, 0, 1, 0, 1, 0, 1, 1]","['True_animalFeed', 'True_water', 'True_liveAnimalInput', 'True_electricityFuel', 'True_transport', 'True_pesticideVeterinaryDrug', 'True_seed', 'True_otherChemical', 'True_animalPopulation', 'True_freshForage', 'True_excreta', 'True_product', 'True_waste', 'True_soilAmendment', 'True_operation', 'True_fertiliser', 'True_material', 'True_ingredient', 'True_cropResidue']",10,microsoft/deberta-v3-base,System Boundary,standardized,no rag
13,Animal housing producing broiler chicken in netherlands. cycle description: broiler production - conventional. site description: conventional. What is in the system boundary?,"[1, 1, 1, 1, 0, 0, 1, 1, 1, 1, 1, 1, 0, 1, 0, 1, 0, 1, 1]","[1, 0, 1, 0, 0, 0, 1, 1, 1, 1, 0, 1, 0, 1, 0, 1, 0, 1, 1]","['True_animalFeed', 'True_water', 'True_liveAnimalInput', 'True_electricityFuel', 'True_transport', 'True_pesticideVeterinaryDrug', 'True_seed', 'True_otherChemical', 'True_animalPopulation', 'True_freshForage', 'True_excreta', 'True_product', 'True_waste', 'True_soilAmendment', 'True_operation', 'True_fertiliser', 'True_material', 'True_ingredient', 'True_cropResidue']",13,microsoft/deberta-v3-base,System Boundary,standardized,no rag
14,"Animal housing producing meat, dairy cattle (liveweight) in denmark. cycle description: organic dairy. What is in the system boundary?","[1, 0, 1, 0, 0, 1, 1, 1, 1, 1, 0, 1, 0, 1, 0, 1, 0, 1, 1]","[1, 0, 1, 0, 0, 0, 1, 1, 1, 1, 0, 1, 0, 1, 0, 1, 0, 1, 1]","['True_animalFeed', 'True_water', 'True_liveAnimalInput', 'True_electricityFuel', 'True_transport', 'True_pesticideVeterinaryDrug', 'True_seed', 'True_otherChemical', 'True_animalPopulation', 'True_freshForage', 'True_excreta', 'True_product', 'True_waste', 'True_soilAmendment', 'True_operation', 'True_fertiliser', 'True_material', 'True_ingredient', 'True_cropResidue']",14,microsoft/deberta-v3-base,System Boundary,standardized,no rag
17,"Permanent pasture producing beef cattle, calf (female, weaned) in united kingdom. cycle description: red-2016. site description: red farming system. What is in the system boundary?","[1, 0, 1, 1, 0, 1, 1, 1, 1, 0, 0, 1, 0, 1, 1, 1, 0, 1, 0]","[1, 0, 1, 1, 0, 1, 1, 1, 1, 1, 0, 1, 0, 1, 1, 1, 0, 1, 0]","['True_animalFeed', 'True_water', 'True_liveAnimalInput', 'True_electricityFuel', 'True_transport', 'True_pesticideVeterinaryDrug', 'True_seed', 'True_otherChemical', 'True_animalPopulation', 'True_freshForage', 'True_excreta', 'True_product', 'True_waste', 'True_soilAmendment', 'True_operation', 'True_fertiliser', 'True_material', 'True_ingredient', 'True_cropResidue']",17,microsoft/deberta-v3-base,System Boundary,standardized,no rag
18,"Animal housing producing beef cattle, bull in ireland. site description: animal housing, winter housing and alc. What is in the system boundary?","[1, 0, 1, 0, 0, 0, 1, 1, 1, 0, 0, 1, 0, 0, 0, 0, 0, 1, 1]","[1, 0, 1, 0, 0, 0, 0, 1, 1, 1, 0, 1, 0, 0, 0, 0, 0, 1, 1]","['True_animalFeed', 'True_water', 'True_liveAnimalInput', 'True_electricityFuel', 'True_transport', 'True_pesticideVeterinaryDrug', 'True_seed', 'True_otherChemical', 'True_animalPopulation', 'True_freshForage', 'True_excreta', 'True_product', 'True_waste', 'True_soilAmendment', 'True_operation', 'True_fertiliser', 'True_material', 'True_ingredient', 'True_cropResidue']",18,microsoft/deberta-v3-base,System Boundary,standardized,no rag
19,Animal housing producing broiler chicken in malaysia. cycle description: broiler chicken production. site description: 4 animal houses on the farm. this cycle represents one of the housing systems based on the fu. What is in the system boundary?,"[1, 1, 1, 1, 0, 0, 1, 1, 1, 1, 1, 1, 1, 1, 0, 1, 0, 1, 1]","[1, 1, 0, 1, 0, 0, 1, 1, 1, 1, 1, 1, 0, 1, 0, 1, 0, 1, 1]","['True_animalFeed', 'True_water', 'True_liveAnimalInput', 'True_electricityFuel', 'True_transport', 'True_pesticideVeterinaryDrug', 'True_seed', 'True_otherChemical', 'True_animalPopulation', 'True_freshForage', 'True_excreta', 'True_product', 'True_waste', 'True_soilAmendment', 'True_operation', 'True_fertiliser', 'True_material', 'True_ingredient', 'True_cropResidue']",19,microsoft/deberta-v3-base,System Boundary,standardized,no rag
21,"Permanent pasture producing beef cattle, heifer and steer in united kingdom. cycle description: permanent pasture fields. site description: permanent pasture fields, north wyke farm platform. What is in the system boundary?","[1, 0, 1, 1, 0, 1, 1, 1, 1, 1, 0, 1, 0, 1, 1, 1, 0, 1, 1]","[1, 0, 1, 1, 0, 1, 1, 1, 1, 1, 0, 1, 0, 1, 1, 1, 0, 1, 0]","['True_animalFeed', 'True_water', 'True_liveAnimalInput', 'True_electricityFuel', 'True_transport', 'True_pesticideVeterinaryDrug', 'True_seed', 'True_otherChemical', 'True_animalPopulation', 'True_freshForage', 'True_excreta', 'True_product', 'True_waste', 'True_soilAmendment', 'True_operation', 'True_fertiliser', 'True_material', 'True_ingredient', 'True_cropResidue']",21,microsoft/deberta-v3-base,System Boundary,standardized,no rag
53,"Permanent pasture producing meat, dairy cattle (liveweight) in kenya. cycle description: cows and heifers obtain some feed through grazing but are also stall-fed at other times. What is in the system boundary?","[1, 0, 1, 0, 0, 0, 0, 1, 1, 1, 0, 0, 0, 0, 0, 0, 0, 1, 0]","[1, 0, 1, 0, 0, 0, 0, 1, 1, 1, 0, 1, 0, 1, 0, 1, 0, 1, 1]","['True_animalFeed', 'True_water', 'True_liveAnimalInput', 'True_electricityFuel', 'True_transport', 'True_pesticideVeterinaryDrug', 'True_seed', 'True_otherChemical', 'True_animalPopulation', 'True_freshForage', 'True_excreta', 'True_product', 'True_waste', 'True_soilAmendment', 'True_operation', 'True_fertiliser', 'True_material', 'True_ingredient', 'True_cropResidue']",53,microsoft/deberta-v3-base,System Boundary,standardized,no rag
59,"Animal housing producing beef cattle, steer in ireland. cycle description: 24mo treatment where steers are offered grass silage ad libitum plus 1.5 kg dm of concentrate per head daily over the winter period, turned out to pasture for 210 days, and finished indoors on grass silage ad libitum plus 5 kg dm of concentrate per head daily and slaughtered at 24 months of age (24mo) - (this is the winter housing stage). What is in the system boundary?","[0, 0, 1, 1, 1, 0, 0, 1, 1, 0, 0, 1, 0, 0, 1, 0, 0, 1, 1]","[0, 0, 1, 1, 1, 0, 0, 1, 1, 0, 0, 1, 0, 0, 1, 0, 0, 1, 0]","['True_animalFeed', 'True_water', 'True_liveAnimalInput', 'True_electricityFuel', 'True_transport', 'True_pesticideVeterinaryDrug', 'True_seed', 'True_otherChemical', 'True_animalPopulation', 'True_freshForage', 'True_excreta', 'True_product', 'True_waste', 'True_soilAmendment', 'True_operation', 'True_fertiliser', 'True_material', 'True_ingredient', 'True_cropResidue']",59,microsoft/deberta-v3-base,System Boundary,standardized,no rag
63,"Animal housing producing beef cattle, steer in ireland. cycle description: 21mo treatment where steers are offered grass silage ad libitum plus 1.5 kg dm of concentrate per head daily over the winter period, turned out to pasture for 175 days, finished at pasture supplemented with 5 kg dm of concentrate per head daily for 60 days and slaughtered at 21 months of age - (this is the winter housing period). What is in the system boundary?","[0, 0, 1, 1, 1, 0, 0, 1, 1, 0, 0, 1, 0, 0, 1, 0, 0, 1, 1]","[0, 0, 1, 1, 1, 0, 0, 1, 1, 0, 0, 1, 0, 0, 1, 0, 0, 1, 0]","['True_animalFeed', 'True_water', 'True_liveAnimalInput', 'True_electricityFuel', 'True_transport', 'True_pesticideVeterinaryDrug', 'True_seed', 'True_otherChemical', 'True_animalPopulation', 'True_freshForage', 'True_excreta', 'True_product', 'True_waste', 'True_soilAmendment', 'True_operation', 'True_fertiliser', 'True_material', 'True_ingredient', 'True_cropResidue']",63,microsoft/deberta-v3-base,System Boundary,standardized,no rag
64,"Agri-food processor producing meat, beef cattle (cold dressed carcass weight) in brazil. cycle description: dhs animal to meat. What is in the system boundary?","[1, 0, 1, 0, 1, 1, 1, 1, 1, 1, 1, 0, 0, 1, 0, 1, 0, 1, 1]","[1, 0, 1, 0, 1, 1, 1, 0, 1, 1, 1, 0, 0, 1, 0, 1, 0, 1, 1]","['True_animalFeed', 'True_water', 'True_liveAnimalInput', 'True_electricityFuel', 'True_transport', 'True_pesticideVeterinaryDrug', 'True_seed', 'True_otherChemical', 'True_animalPopulation', 'True_freshForage', 'True_excreta', 'True_product', 'True_waste', 'True_soilAmendment', 'True_operation', 'True_fertiliser', 'True_material', 'True_ingredient', 'True_cropResidue']",64,microsoft/deberta-v3-base,System Boundary,standardized,no rag
68,"Permanent pasture producing beef cattle, calf (female, weaned) in united kingdom. cycle description: green-2016. site description: green farming system. What is in the system boundary?","[1, 0, 1, 1, 0, 1, 1, 1, 1, 0, 0, 1, 0, 1, 1, 1, 0, 1, 0]","[1, 0, 1, 1, 0, 1, 1, 1, 1, 1, 0, 1, 0, 1, 1, 1, 0, 1, 0]","['True_animalFeed', 'True_water', 'True_liveAnimalInput', 'True_electricityFuel', 'True_transport', 'True_pesticideVeterinaryDrug', 'True_seed', 'True_otherChemical', 'True_animalPopulation', 'True_freshForage', 'True_excreta', 'True_product', 'True_waste', 'True_soilAmendment', 'True_operation', 'True_fertiliser', 'True_material', 'True_ingredient', 'True_cropResidue']",68,microsoft/deberta-v3-base,System Boundary,standardized,no rag
74,"Permanent pasture producing beef cattle, cow in spain. cycle description: average annual production data across 9 different conventional dehesa cattle farms. cow-calf operation. What is in the system boundary?","[1, 1, 0, 0, 0, 0, 1, 1, 1, 1, 0, 1, 0, 0, 0, 0, 0, 1, 1]","[1, 0, 0, 0, 0, 0, 0, 1, 0, 1, 0, 1, 0, 1, 0, 1, 0, 1, 1]","['True_animalFeed', 'True_water', 'True_liveAnimalInput', 'True_electricityFuel', 'True_transport', 'True_pesticideVeterinaryDrug', 'True_seed', 'True_otherChemical', 'True_animalPopulation', 'True_freshForage', 'True_excreta', 'True_product', 'True_waste', 'True_soilAmendment', 'True_operation', 'True_fertiliser', 'True_material', 'True_ingredient', 'True_cropResidue']",74,microsoft/deberta-v3-base,System Boundary,standardized,no rag
75,"Permanent pasture producing beef cattle, steer in ireland. cycle description: 21mo treatment where steers are offered grass silage ad libitum plus 1.5 kg dm of concentrate per head daily over the winter period, turned out to pasture for 175 days, finished at pasture supplemented with 5 kg dm of concentrate per head daily for 60 days and slaughtered at 21 months of age - (this is the finishing period). What is in the system boundary?","[1, 0, 1, 1, 1, 0, 0, 1, 1, 1, 0, 1, 0, 0, 1, 0, 0, 1, 0]","[0, 0, 1, 1, 1, 0, 0, 1, 1, 0, 0, 1, 0, 0, 1, 0, 0, 1, 0]","['True_animalFeed', 'True_water', 'True_liveAnimalInput', 'True_electricityFuel', 'True_transport', 'True_pesticideVeterinaryDrug', 'True_seed', 'True_otherChemical', 'True_animalPopulation', 'True_freshForage', 'True_excreta', 'True_product', 'True_waste', 'True_soilAmendment', 'True_operation', 'True_fertiliser', 'True_material', 'True_ingredient', 'True_cropResidue']",75,microsoft/deberta-v3-base,System Boundary,standardized,no rag
76,"Agri-food processor producing meat, beef cattle (liveweight) in brazil. cycle description: meat production. What is in the system boundary?","[1, 1, 1, 0, 0, 1, 1, 1, 1, 1, 1, 1, 0, 1, 0, 1, 0, 1, 1]","[1, 0, 1, 0, 1, 1, 1, 1, 1, 1, 1, 0, 0, 1, 0, 1, 0, 1, 1]","['True_animalFeed', 'True_water', 'True_liveAnimalInput', 'True_electricityFuel', 'True_transport', 'True_pesticideVeterinaryDrug', 'True_seed', 'True_otherChemical', 'True_animalPopulation', 'True_freshForage', 'True_excreta', 'True_product', 'True_waste', 'True_soilAmendment', 'True_operation', 'True_fertiliser', 'True_material', 'True_ingredient', 'True_cropResidue']",76,microsoft/deberta-v3-base,System Boundary,standardized,no rag
77,"Milk, cow, raw produced in united kingdom. cycle description: control merit cows, in novel home-grown system (all feed grown on fam using legume protein sources, animals housed for one period each day). What is in the system boundary?","[1, 0, 1, 1, 0, 0, 1, 1, 1, 0, 0, 0, 0, 0, 0, 1, 0, 1, 1]","[0, 0, 1, 1, 0, 0, 1, 1, 1, 0, 0, 0, 0, 0, 0, 1, 0, 1, 1]","['True_animalFeed', 'True_water', 'True_liveAnimalInput', 'True_electricityFuel', 'True_transport', 'True_pesticideVeterinaryDrug', 'True_seed', 'True_otherChemical', 'True_animalPopulation', 'True_freshForage', 'True_excreta', 'True_product', 'True_waste', 'True_soilAmendment', 'True_operation', 'True_fertiliser', 'True_material', 'True_ingredient', 'True_cropResidue']",77,microsoft/deberta-v3-base,System Boundary,standardized,no rag
5,Broiler chicken produced in russia. cycle description: poultry production under the conditions of the central region in european russia. What is in the system boundary?,"[1, 0, 1, 1, 0, 1, 1, 1, 1, 1, 1, 1, 0, 1, 0, 1, 0, 1, 1]","[1, 0, 1, 0, 0, 1, 1, 1, 1, 1, 0, 1, 0, 1, 0, 1, 0, 1, 1]","['True_animalFeed', 'True_water', 'True_liveAnimalInput', 'True_electricityFuel', 'True_transport', 'True_pesticideVeterinaryDrug', 'True_seed', 'True_otherChemical', 'True_animalPopulation', 'True_freshForage', 'True_excreta', 'True_product', 'True_waste', 'True_soilAmendment', 'True_operation', 'True_fertiliser', 'True_material', 'True_ingredient', 'True_cropResidue']",5,microsoft/deberta-v3-large,System Boundary,standardized,no rag
13,Animal housing producing broiler chicken in netherlands. cycle description: broiler production - conventional. site description: conventional. What is in the system boundary?,"[1, 1, 1, 1, 0, 0, 1, 1, 1, 1, 1, 1, 0, 1, 0, 1, 0, 1, 1]","[1, 1, 1, 0, 0, 0, 1, 1, 1, 1, 1, 1, 0, 1, 0, 1, 0, 1, 1]","['True_animalFeed', 'True_water', 'True_liveAnimalInput', 'True_electricityFuel', 'True_transport', 'True_pesticideVeterinaryDrug', 'True_seed', 'True_otherChemical', 'True_animalPopulation', 'True_freshForage', 'True_excreta', 'True_product', 'True_waste', 'True_soilAmendment', 'True_operation', 'True_fertiliser', 'True_material', 'True_ingredient', 'True_cropResidue']",13,microsoft/deberta-v3-large,System Boundary,standardized,no rag
14,"Animal housing producing meat, dairy cattle (liveweight) in denmark. cycle description: organic dairy. What is in the system boundary?","[1, 0, 1, 0, 0, 1, 1, 1, 1, 1, 0, 1, 0, 1, 0, 1, 0, 1, 1]","[1, 0, 1, 0, 0, 0, 1, 1, 1, 1, 0, 1, 0, 1, 0, 1, 0, 1, 1]","['True_animalFeed', 'True_water', 'True_liveAnimalInput', 'True_electricityFuel', 'True_transport', 'True_pesticideVeterinaryDrug', 'True_seed', 'True_otherChemical', 'True_animalPopulation', 'True_freshForage', 'True_excreta', 'True_product', 'True_waste', 'True_soilAmendment', 'True_operation', 'True_fertiliser', 'True_material', 'True_ingredient', 'True_cropResidue']",14,microsoft/deberta-v3-large,System Boundary,standardized,no rag
18,"Animal housing producing beef cattle, bull in ireland. site description: animal housing, winter housing and alc. What is in the system boundary?","[1, 0, 1, 0, 0, 0, 1, 1, 1, 0, 0, 1, 0, 0, 0, 0, 0, 1, 1]","[1, 0, 1, 0, 0, 0, 0, 1, 1, 1, 0, 1, 0, 0, 0, 0, 0, 1, 1]","['True_animalFeed', 'True_water', 'True_liveAnimalInput', 'True_electricityFuel', 'True_transport', 'True_pesticideVeterinaryDrug', 'True_seed', 'True_otherChemical', 'True_animalPopulation', 'True_freshForage', 'True_excreta', 'True_product', 'True_waste', 'True_soilAmendment', 'True_operation', 'True_fertiliser', 'True_material', 'True_ingredient', 'True_cropResidue']",18,microsoft/deberta-v3-large,System Boundary,standardized,no rag
19,Animal housing producing broiler chicken in malaysia. cycle description: broiler chicken production. site description: 4 animal houses on the farm. this cycle represents one of the housing systems based on the fu. What is in the system boundary?,"[1, 1, 1, 1, 0, 0, 1, 1, 1, 1, 1, 1, 1, 1, 0, 1, 0, 1, 1]","[1, 1, 1, 1, 0, 0, 1, 1, 1, 1, 1, 1, 0, 1, 0, 1, 0, 1, 1]","['True_animalFeed', 'True_water', 'True_liveAnimalInput', 'True_electricityFuel', 'True_transport', 'True_pesticideVeterinaryDrug', 'True_seed', 'True_otherChemical', 'True_animalPopulation', 'True_freshForage', 'True_excreta', 'True_product', 'True_waste', 'True_soilAmendment', 'True_operation', 'True_fertiliser', 'True_material', 'True_ingredient', 'True_cropResidue']",19,microsoft/deberta-v3-large,System Boundary,standardized,no rag
21,"Permanent pasture producing beef cattle, heifer and steer in united kingdom. cycle description: permanent pasture fields. site description: permanent pasture fields, north wyke farm platform. What is in the system boundary?","[1, 0, 1, 1, 0, 1, 1, 1, 1, 1, 0, 1, 0, 1, 1, 1, 0, 1, 1]","[1, 0, 1, 1, 0, 1, 1, 1, 1, 1, 0, 1, 0, 1, 1, 1, 0, 1, 0]","['True_animalFeed', 'True_water', 'True_liveAnimalInput', 'True_electricityFuel', 'True_transport', 'True_pesticideVeterinaryDrug', 'True_seed', 'True_otherChemical', 'True_animalPopulation', 'True_freshForage', 'True_excreta', 'True_product', 'True_waste', 'True_soilAmendment', 'True_operation', 'True_fertiliser', 'True_material', 'True_ingredient', 'True_cropResidue']",21,microsoft/deberta-v3-large,System Boundary,standardized,no rag
50,"Permanent pasture producing beef cattle, heifer in brazil. cycle description: beef, fertilized guinea grass (panicum maximum cv. tanzânia) pasture + 75-day finishing period in confinement (scenario 5). site description: cerrado (goiás, mato grosso do sul, mato grosso, tocantins and minas gerais states). What is in the system boundary?","[1, 1, 0, 1, 0, 0, 1, 1, 1, 1, 1, 1, 0, 1, 0, 1, 0, 1, 0]","[1, 1, 0, 1, 0, 0, 1, 1, 1, 0, 1, 1, 0, 1, 0, 1, 0, 1, 0]","['True_animalFeed', 'True_water', 'True_liveAnimalInput', 'True_electricityFuel', 'True_transport', 'True_pesticideVeterinaryDrug', 'True_seed', 'True_otherChemical', 'True_animalPopulation', 'True_freshForage', 'True_excreta', 'True_product', 'True_waste', 'True_soilAmendment', 'True_operation', 'True_fertiliser', 'True_material', 'True_ingredient', 'True_cropResidue']",50,microsoft/deberta-v3-large,System Boundary,standardized,no rag
53,"Permanent pasture producing meat, dairy cattle (liveweight) in kenya. cycle description: cows and heifers obtain some feed through grazing but are also stall-fed at other times. What is in the system boundary?","[1, 0, 1, 0, 0, 0, 0, 1, 1, 1, 0, 0, 0, 0, 0, 0, 0, 1, 0]","[1, 0, 1, 0, 0, 0, 0, 1, 1, 1, 0, 0, 0, 0, 0, 0, 0, 1, 1]","['True_animalFeed', 'True_water', 'True_liveAnimalInput', 'True_electricityFuel', 'True_transport', 'True_pesticideVeterinaryDrug', 'True_seed', 'True_otherChemical', 'True_animalPopulation', 'True_freshForage', 'True_excreta', 'True_product', 'True_waste', 'True_soilAmendment', 'True_operation', 'True_fertiliser', 'True_material', 'True_ingredient', 'True_cropResidue']",53,microsoft/deberta-v3-large,System Boundary,standardized,no rag
74,"Permanent pasture producing beef cattle, cow in spain. cycle description: average annual production data across 9 different conventional dehesa cattle farms. cow-calf operation. What is in the system boundary?","[1, 1, 0, 0, 0, 0, 1, 1, 1, 1, 0, 1, 0, 0, 0, 0, 0, 1, 1]","[1, 1, 0, 0, 0, 1, 1, 1, 1, 1, 0, 1, 0, 0, 0, 0, 0, 1, 1]","['True_animalFeed', 'True_water', 'True_liveAnimalInput', 'True_electricityFuel', 'True_transport', 'True_pesticideVeterinaryDrug', 'True_seed', 'True_otherChemical', 'True_animalPopulation', 'True_freshForage', 'True_excreta', 'True_product', 'True_waste', 'True_soilAmendment', 'True_operation', 'True_fertiliser', 'True_material', 'True_ingredient', 'True_cropResidue']",74,microsoft/deberta-v3-large,System Boundary,standardized,no rag
75,"Permanent pasture producing beef cattle, steer in ireland. cycle description: 21mo treatment where steers are offered grass silage ad libitum plus 1.5 kg dm of concentrate per head daily over the winter period, turned out to pasture for 175 days, finished at pasture supplemented with 5 kg dm of concentrate per head daily for 60 days and slaughtered at 21 months of age - (this is the finishing period). What is in the system boundary?","[1, 0, 1, 1, 1, 0, 0, 1, 1, 1, 0, 1, 0, 0, 1, 0, 0, 1, 0]","[0, 0, 1, 1, 1, 0, 0, 1, 1, 0, 0, 1, 0, 0, 1, 0, 0, 1, 0]","['True_animalFeed', 'True_water', 'True_liveAnimalInput', 'True_electricityFuel', 'True_transport', 'True_pesticideVeterinaryDrug', 'True_seed', 'True_otherChemical', 'True_animalPopulation', 'True_freshForage', 'True_excreta', 'True_product', 'True_waste', 'True_soilAmendment', 'True_operation', 'True_fertiliser', 'True_material', 'True_ingredient', 'True_cropResidue']",75,microsoft/deberta-v3-large,System Boundary,standardized,no rag
76,"Agri-food processor producing meat, beef cattle (liveweight) in brazil. cycle description: meat production. What is in the system boundary?","[1, 1, 1, 0, 0, 1, 1, 1, 1, 1, 1, 1, 0, 1, 0, 1, 0, 1, 1]","[1, 0, 1, 0, 1, 1, 1, 1, 1, 1, 1, 0, 0, 1, 0, 1, 0, 1, 1]","['True_animalFeed', 'True_water', 'True_liveAnimalInput', 'True_electricityFuel', 'True_transport', 'True_pesticideVeterinaryDrug', 'True_seed', 'True_otherChemical', 'True_animalPopulation', 'True_freshForage', 'True_excreta', 'True_product', 'True_waste', 'True_soilAmendment', 'True_operation', 'True_fertiliser', 'True_material', 'True_ingredient', 'True_cropResidue']",76,microsoft/deberta-v3-large,System Boundary,standardized,no rag
5,Broiler chicken produced in russia. cycle description: poultry production under the conditions of the central region in european russia. What is in the system boundary?,"[1, 0, 1, 1, 0, 1, 1, 1, 1, 1, 1, 1, 0, 1, 0, 1, 0, 1, 1]","[1, 0, 1, 0, 0, 0, 0, 1, 1, 1, 0, 1, 0, 1, 0, 1, 0, 1, 1]","['True_animalFeed', 'True_water', 'True_liveAnimalInput', 'True_electricityFuel', 'True_transport', 'True_pesticideVeterinaryDrug', 'True_seed', 'True_otherChemical', 'True_animalPopulation', 'True_freshForage', 'True_excreta', 'True_product', 'True_waste', 'True_soilAmendment', 'True_operation', 'True_fertiliser', 'True_material', 'True_ingredient', 'True_cropResidue']",5,microsoft/deberta-v3-small,System Boundary,standardized,no rag
8,"Animal housing producing beef cattle, steer in ireland. cycle description: 24mo treatment where steers are offered grass silage ad libitum plus 1.5 kg dm of concentrate per head daily over the winter period, turned out to pasture for 210 days, and finished indoors on grass silage ad libitum plus 5 kg dm of concentrate per head daily and slaughtered at 24 months of age - (this is the finishing stage). What is in the system boundary?","[0, 0, 1, 1, 1, 0, 0, 1, 1, 0, 0, 1, 0, 0, 1, 0, 0, 1, 1]","[0, 0, 1, 1, 1, 0, 0, 1, 1, 0, 0, 1, 0, 0, 1, 0, 0, 1, 0]","['True_animalFeed', 'True_water', 'True_liveAnimalInput', 'True_electricityFuel', 'True_transport', 'True_pesticideVeterinaryDrug', 'True_seed', 'True_otherChemical', 'True_animalPopulation', 'True_freshForage', 'True_excreta', 'True_product', 'True_waste', 'True_soilAmendment', 'True_operation', 'True_fertiliser', 'True_material', 'True_ingredient', 'True_cropResidue']",8,microsoft/deberta-v3-small,System Boundary,standardized,no rag
10,"Permanent pasture producing beef cattle, calf (weaned) in spain. cycle description: average annual production data across 6 different organic dehesa cattle farms. cow-calf operation. What is in the system boundary?","[1, 1, 0, 0, 0, 1, 1, 1, 1, 1, 0, 1, 0, 0, 0, 0, 0, 1, 1]","[1, 0, 0, 0, 0, 0, 0, 1, 1, 1, 0, 1, 0, 0, 0, 0, 0, 1, 1]","['True_animalFeed', 'True_water', 'True_liveAnimalInput', 'True_electricityFuel', 'True_transport', 'True_pesticideVeterinaryDrug', 'True_seed', 'True_otherChemical', 'True_animalPopulation', 'True_freshForage', 'True_excreta', 'True_product', 'True_waste', 'True_soilAmendment', 'True_operation', 'True_fertiliser', 'True_material', 'True_ingredient', 'True_cropResidue']",10,microsoft/deberta-v3-small,System Boundary,standardized,no rag
13,Animal housing producing broiler chicken in netherlands. cycle description: broiler production - conventional. site description: conventional. What is in the system boundary?,"[1, 1, 1, 1, 0, 0, 1, 1, 1, 1, 1, 1, 0, 1, 0, 1, 0, 1, 1]","[1, 0, 1, 0, 0, 0, 1, 1, 1, 1, 0, 1, 0, 1, 0, 1, 0, 1, 1]","['True_animalFeed', 'True_water', 'True_liveAnimalInput', 'True_electricityFuel', 'True_transport', 'True_pesticideVeterinaryDrug', 'True_seed', 'True_otherChemical', 'True_animalPopulation', 'True_freshForage', 'True_excreta', 'True_product', 'True_waste', 'True_soilAmendment', 'True_operation', 'True_fertiliser', 'True_material', 'True_ingredient', 'True_cropResidue']",13,microsoft/deberta-v3-small,System Boundary,standardized,no rag
14,"Animal housing producing meat, dairy cattle (liveweight) in denmark. cycle description: organic dairy. What is in the system boundary?","[1, 0, 1, 0, 0, 1, 1, 1, 1, 1, 0, 1, 0, 1, 0, 1, 0, 1, 1]","[1, 0, 1, 0, 0, 0, 1, 1, 1, 1, 0, 1, 0, 1, 0, 1, 0, 1, 1]","['True_animalFeed', 'True_water', 'True_liveAnimalInput', 'True_electricityFuel', 'True_transport', 'True_pesticideVeterinaryDrug', 'True_seed', 'True_otherChemical', 'True_animalPopulation', 'True_freshForage', 'True_excreta', 'True_product', 'True_waste', 'True_soilAmendment', 'True_operation', 'True_fertiliser', 'True_material', 'True_ingredient', 'True_cropResidue']",14,microsoft/deberta-v3-small,System Boundary,standardized,no rag
18,"Animal housing producing beef cattle, bull in ireland. site description: animal housing, winter housing and alc. What is in the system boundary?","[1, 0, 1, 0, 0, 0, 1, 1, 1, 0, 0, 1, 0, 0, 0, 0, 0, 1, 1]","[1, 0, 1, 0, 0, 0, 0, 1, 1, 1, 0, 0, 0, 0, 0, 0, 0, 1, 1]","['True_animalFeed', 'True_water', 'True_liveAnimalInput', 'True_electricityFuel', 'True_transport', 'True_pesticideVeterinaryDrug', 'True_seed', 'True_otherChemical', 'True_animalPopulation', 'True_freshForage', 'True_excreta', 'True_product', 'True_waste', 'True_soilAmendment', 'True_operation', 'True_fertiliser', 'True_material', 'True_ingredient', 'True_cropResidue']",18,microsoft/deberta-v3-small,System Boundary,standardized,no rag
19,Animal housing producing broiler chicken in malaysia. cycle description: broiler chicken production. site description: 4 animal houses on the farm. this cycle represents one of the housing systems based on the fu. What is in the system boundary?,"[1, 1, 1, 1, 0, 0, 1, 1, 1, 1, 1, 1, 1, 1, 0, 1, 0, 1, 1]","[1, 0, 0, 1, 0, 0, 1, 1, 1, 1, 0, 1, 0, 1, 0, 1, 0, 1, 1]","['True_animalFeed', 'True_water', 'True_liveAnimalInput', 'True_electricityFuel', 'True_transport', 'True_pesticideVeterinaryDrug', 'True_seed', 'True_otherChemical', 'True_animalPopulation', 'True_freshForage', 'True_excreta', 'True_product', 'True_waste', 'True_soilAmendment', 'True_operation', 'True_fertiliser', 'True_material', 'True_ingredient', 'True_cropResidue']",19,microsoft/deberta-v3-small,System Boundary,standardized,no rag
21,"Permanent pasture producing beef cattle, heifer and steer in united kingdom. cycle description: permanent pasture fields. site description: permanent pasture fields, north wyke farm platform. What is in the system boundary?","[1, 0, 1, 1, 0, 1, 1, 1, 1, 1, 0, 1, 0, 1, 1, 1, 0, 1, 1]","[1, 0, 1, 1, 0, 1, 1, 1, 1, 1, 0, 1, 0, 1, 1, 1, 0, 1, 0]","['True_animalFeed', 'True_water', 'True_liveAnimalInput', 'True_electricityFuel', 'True_transport', 'True_pesticideVeterinaryDrug', 'True_seed', 'True_otherChemical', 'True_animalPopulation', 'True_freshForage', 'True_excreta', 'True_product', 'True_waste', 'True_soilAmendment', 'True_operation', 'True_fertiliser', 'True_material', 'True_ingredient', 'True_cropResidue']",21,microsoft/deberta-v3-small,System Boundary,standardized,no rag
25,"Animal housing producing eggs, hen, in shell (number) in thailand. cycle description: cb2-parent farm 4. site description: 12 big corporations that account for more than 90% of the country’s total capacity. What is in the system boundary?","[1, 1, 1, 1, 0, 0, 1, 1, 1, 1, 1, 1, 1, 1, 0, 1, 0, 1, 1]","[1, 1, 0, 1, 0, 0, 1, 1, 1, 1, 1, 1, 1, 1, 0, 1, 0, 1, 1]","['True_animalFeed', 'True_water', 'True_liveAnimalInput', 'True_electricityFuel', 'True_transport', 'True_pesticideVeterinaryDrug', 'True_seed', 'True_otherChemical', 'True_animalPopulation', 'True_freshForage', 'True_excreta', 'True_product', 'True_waste', 'True_soilAmendment', 'True_operation', 'True_fertiliser', 'True_material', 'True_ingredient', 'True_cropResidue']",25,microsoft/deberta-v3-small,System Boundary,standardized,no rag
33,"Permanent pasture producing wool, sheep (greasy) in united kingdom. cycle description: a representation of an average (typical lowland) system, based on 11 ewes and 1 ram per ha, yield 16 lambs per year. site description: a typical lowland system in the uk. What is in the system boundary?","[1, 1, 1, 1, 1, 1, 1, 1, 1, 1, 1, 1, 1, 1, 1, 1, 0, 1, 0]","[1, 1, 1, 1, 0, 1, 1, 1, 1, 1, 1, 1, 1, 1, 1, 1, 0, 1, 0]","['True_animalFeed', 'True_water', 'True_liveAnimalInput', 'True_electricityFuel', 'True_transport', 'True_pesticideVeterinaryDrug', 'True_seed', 'True_otherChemical', 'True_animalPopulation', 'True_freshForage', 'True_excreta', 'True_product', 'True_waste', 'True_soilAmendment', 'True_operation', 'True_fertiliser', 'True_material', 'True_ingredient', 'True_cropResidue']",33,microsoft/deberta-v3-small,System Boundary,standardized,no rag
51,"Permanent pasture producing beef cattle, steer in brazil. cycle description: scenario 7: natural grass supplemented with protein-energetic mineralised salt. site description: farm in the western frontier region of the state of reio grande do sul in the southern part of brazil. for each cycle, we use the stocking density and the number of animals to calculate how ma ny hectares are used for each cycle. What is in the system boundary?","[0, 0, 0, 0, 0, 0, 0, 1, 1, 0, 0, 1, 1, 0, 0, 1, 0, 1, 1]","[0, 0, 0, 0, 0, 0, 0, 1, 0, 0, 0, 1, 0, 0, 0, 0, 0, 1, 1]","['True_animalFeed', 'True_water', 'True_liveAnimalInput', 'True_electricityFuel', 'True_transport', 'True_pesticideVeterinaryDrug', 'True_seed', 'True_otherChemical', 'True_animalPopulation', 'True_freshForage', 'True_excreta', 'True_product', 'True_waste', 'True_soilAmendment', 'True_operation', 'True_fertiliser', 'True_material', 'True_ingredient', 'True_cropResidue']",51,microsoft/deberta-v3-small,System Boundary,standardized,no rag
53,"Permanent pasture producing meat, dairy cattle (liveweight) in kenya. cycle description: cows and heifers obtain some feed through grazing but are also stall-fed at other times. What is in the system boundary?","[1, 0, 1, 0, 0, 0, 0, 1, 1, 1, 0, 0, 0, 0, 0, 0, 0, 1, 0]","[0, 1, 1, 1, 0, 0, 1, 1, 1, 0, 0, 1, 0, 1, 0, 1, 0, 1, 1]","['True_animalFeed', 'True_water', 'True_liveAnimalInput', 'True_electricityFuel', 'True_transport', 'True_pesticideVeterinaryDrug', 'True_seed', 'True_otherChemical', 'True_animalPopulation', 'True_freshForage', 'True_excreta', 'True_product', 'True_waste', 'True_soilAmendment', 'True_operation', 'True_fertiliser', 'True_material', 'True_ingredient', 'True_cropResidue']",53,microsoft/deberta-v3-small,System Boundary,standardized,no rag
55,Animal housing producing pig in denmark. cycle description: finishers. What is in the system boundary?,"[1, 0, 1, 1, 0, 0, 1, 0, 1, 1, 0, 1, 1, 1, 0, 1, 0, 1, 1]","[1, 0, 1, 0, 0, 0, 1, 0, 1, 1, 0, 1, 0, 1, 0, 1, 0, 1, 1]","['True_animalFeed', 'True_water', 'True_liveAnimalInput', 'True_electricityFuel', 'True_transport', 'True_pesticideVeterinaryDrug', 'True_seed', 'True_otherChemical', 'True_animalPopulation', 'True_freshForage', 'True_excreta', 'True_product', 'True_waste', 'True_soilAmendment', 'True_operation', 'True_fertiliser', 'True_material', 'True_ingredient', 'True_cropResidue']",55,microsoft/deberta-v3-small,System Boundary,standardized,no rag
59,"Animal housing producing beef cattle, steer in ireland. cycle description: 24mo treatment where steers are offered grass silage ad libitum plus 1.5 kg dm of concentrate per head daily over the winter period, turned out to pasture for 210 days, and finished indoors on grass silage ad libitum plus 5 kg dm of concentrate per head daily and slaughtered at 24 months of age (24mo) - (this is the winter housing stage). What is in the system boundary?","[0, 0, 1, 1, 1, 0, 0, 1, 1, 0, 0, 1, 0, 0, 1, 0, 0, 1, 1]","[0, 0, 1, 1, 1, 0, 0, 1, 1, 0, 0, 1, 0, 0, 1, 0, 0, 1, 0]","['True_animalFeed', 'True_water', 'True_liveAnimalInput', 'True_electricityFuel', 'True_transport', 'True_pesticideVeterinaryDrug', 'True_seed', 'True_otherChemical', 'True_animalPopulation', 'True_freshForage', 'True_excreta', 'True_product', 'True_waste', 'True_soilAmendment', 'True_operation', 'True_fertiliser', 'True_material', 'True_ingredient', 'True_cropResidue']",59,microsoft/deberta-v3-small,System Boundary,standardized,no rag
63,"Animal housing producing beef cattle, steer in ireland. cycle description: 21mo treatment where steers are offered grass silage ad libitum plus 1.5 kg dm of concentrate per head daily over the winter period, turned out to pasture for 175 days, finished at pasture supplemented with 5 kg dm of concentrate per head daily for 60 days and slaughtered at 21 months of age - (this is the winter housing period). What is in the system boundary?","[0, 0, 1, 1, 1, 0, 0, 1, 1, 0, 0, 1, 0, 0, 1, 0, 0, 1, 1]","[0, 0, 1, 1, 1, 0, 0, 1, 1, 0, 0, 1, 0, 0, 1, 0, 0, 1, 0]","['True_animalFeed', 'True_water', 'True_liveAnimalInput', 'True_electricityFuel', 'True_transport', 'True_pesticideVeterinaryDrug', 'True_seed', 'True_otherChemical', 'True_animalPopulation', 'True_freshForage', 'True_excreta', 'True_product', 'True_waste', 'True_soilAmendment', 'True_operation', 'True_fertiliser', 'True_material', 'True_ingredient', 'True_cropResidue']",63,microsoft/deberta-v3-small,System Boundary,standardized,no rag
64,"Agri-food processor producing meat, beef cattle (cold dressed carcass weight) in brazil. cycle description: dhs animal to meat. What is in the system boundary?","[1, 0, 1, 0, 1, 1, 1, 1, 1, 1, 1, 0, 0, 1, 0, 1, 0, 1, 1]","[1, 0, 1, 0, 1, 1, 1, 0, 1, 1, 1, 0, 0, 1, 0, 1, 0, 1, 1]","['True_animalFeed', 'True_water', 'True_liveAnimalInput', 'True_electricityFuel', 'True_transport', 'True_pesticideVeterinaryDrug', 'True_seed', 'True_otherChemical', 'True_animalPopulation', 'True_freshForage', 'True_excreta', 'True_product', 'True_waste', 'True_soilAmendment', 'True_operation', 'True_fertiliser', 'True_material', 'True_ingredient', 'True_cropResidue']",64,microsoft/deberta-v3-small,System Boundary,standardized,no rag
74,"Permanent pasture producing beef cattle, cow in spain. cycle description: average annual production data across 9 different conventional dehesa cattle farms. cow-calf operation. What is in the system boundary?","[1, 1, 0, 0, 0, 0, 1, 1, 1, 1, 0, 1, 0, 0, 0, 0, 0, 1, 1]","[1, 0, 0, 0, 0, 0, 0, 1, 1, 1, 0, 1, 0, 0, 0, 0, 0, 1, 1]","['True_animalFeed', 'True_water', 'True_liveAnimalInput', 'True_electricityFuel', 'True_transport', 'True_pesticideVeterinaryDrug', 'True_seed', 'True_otherChemical', 'True_animalPopulation', 'True_freshForage', 'True_excreta', 'True_product', 'True_waste', 'True_soilAmendment', 'True_operation', 'True_fertiliser', 'True_material', 'True_ingredient', 'True_cropResidue']",74,microsoft/deberta-v3-small,System Boundary,standardized,no rag
75,"Permanent pasture producing beef cattle, steer in ireland. cycle description: 21mo treatment where steers are offered grass silage ad libitum plus 1.5 kg dm of concentrate per head daily over the winter period, turned out to pasture for 175 days, finished at pasture supplemented with 5 kg dm of concentrate per head daily for 60 days and slaughtered at 21 months of age - (this is the finishing period). What is in the system boundary?","[1, 0, 1, 1, 1, 0, 0, 1, 1, 1, 0, 1, 0, 0, 1, 0, 0, 1, 0]","[0, 0, 1, 1, 1, 0, 0, 1, 1, 0, 0, 1, 0, 0, 1, 0, 0, 1, 0]","['True_animalFeed', 'True_water', 'True_liveAnimalInput', 'True_electricityFuel', 'True_transport', 'True_pesticideVeterinaryDrug', 'True_seed', 'True_otherChemical', 'True_animalPopulation', 'True_freshForage', 'True_excreta', 'True_product', 'True_waste', 'True_soilAmendment', 'True_operation', 'True_fertiliser', 'True_material', 'True_ingredient', 'True_cropResidue']",75,microsoft/deberta-v3-small,System Boundary,standardized,no rag
76,"Agri-food processor producing meat, beef cattle (liveweight) in brazil. cycle description: meat production. What is in the system boundary?","[1, 1, 1, 0, 0, 1, 1, 1, 1, 1, 1, 1, 0, 1, 0, 1, 0, 1, 1]","[1, 0, 1, 0, 0, 1, 1, 1, 1, 1, 1, 1, 0, 1, 0, 1, 0, 1, 1]","['True_animalFeed', 'True_water', 'True_liveAnimalInput', 'True_electricityFuel', 'True_transport', 'True_pesticideVeterinaryDrug', 'True_seed', 'True_otherChemical', 'True_animalPopulation', 'True_freshForage', 'True_excreta', 'True_product', 'True_waste', 'True_soilAmendment', 'True_operation', 'True_fertiliser', 'True_material', 'True_ingredient', 'True_cropResidue']",76,microsoft/deberta-v3-small,System Boundary,standardized,no rag
77,"Milk, cow, raw produced in united kingdom. cycle description: control merit cows, in novel home-grown system (all feed grown on fam using legume protein sources, animals housed for one period each day). What is in the system boundary?","[1, 0, 1, 1, 0, 0, 1, 1, 1, 0, 0, 0, 0, 0, 0, 1, 0, 1, 1]","[1, 0, 1, 0, 0, 0, 0, 1, 1, 1, 0, 0, 0, 0, 0, 0, 0, 1, 1]","['True_animalFeed', 'True_water', 'True_liveAnimalInput', 'True_electricityFuel', 'True_transport', 'True_pesticideVeterinaryDrug', 'True_seed', 'True_otherChemical', 'True_animalPopulation', 'True_freshForage', 'True_excreta', 'True_product', 'True_waste', 'True_soilAmendment', 'True_operation', 'True_fertiliser', 'True_material', 'True_ingredient', 'True_cropResidue']",77,microsoft/deberta-v3-small,System Boundary,standardized,no rag
33,"Permanent pasture producing wool, sheep (greasy) in united kingdom. cycle description: a representation of an average (typical lowland) system, based on 11 ewes and 1 ram per ha, yield 16 lambs per year. site description: a typical lowland system in the uk. Additional Relevant Context: 1 ha, kg liveweight","[0, 0, 1, 0, 0, 0, 0, 1, 0]","[1, 0, 0, 0, 0, 0, 0, 1, 0]","['relative', 'kg FPCM', '1 ha', 'number', 'kg liveweight', 'kg ready-to-cook weight', 'kg cold dressed carcass weight', 'kg', 'kg cold carcass weight']",33,climatebert/distilroberta-base-climate-f,Functional Unit,standardized,rag
50,"Permanent pasture producing beef cattle, heifer in brazil. cycle description: beef, fertilized guinea grass (panicum maximum cv. tanzânia) pasture + 75-day finishing period in confinement (scenario 5). site description: cerrado (goiás, mato grosso do sul, mato grosso, tocantins and minas gerais states). Additional Relevant Context: 1 ha","[0, 0, 1, 1, 0, 0, 0, 0, 0]","[1, 0, 0, 1, 0, 0, 0, 0, 0]","['relative', 'kg FPCM', '1 ha', 'number', 'kg liveweight', 'kg ready-to-cook weight', 'kg cold dressed carcass weight', 'kg', 'kg cold carcass weight']",50,FacebookAI/roberta-large,Functional Unit,standardized,rag
33,"Permanent pasture producing wool, sheep (greasy) in united kingdom. cycle description: a representation of an average (typical lowland) system, based on 11 ewes and 1 ram per ha, yield 16 lambs per year. site description: a typical lowland system in the uk. Additional Relevant Context: 1 ha, kg liveweight","[0, 0, 1, 0, 0, 0, 0, 1, 0]","[0, 0, 0, 0, 0, 0, 0, 1, 0]","['relative', 'kg FPCM', '1 ha', 'number', 'kg liveweight', 'kg ready-to-cook weight', 'kg cold dressed carcass weight', 'kg', 'kg cold carcass weight']",33,google-bert/bert-base-uncased,Functional Unit,standardized,rag
10,"Permanent pasture producing beef cattle, calf (weaned) in spain. cycle description: average annual production data across 6 different organic dehesa cattle farms. cow-calf operation. Additional Relevant Context: calves, LW, BIR, at farm gate|534143.08|kg|lognormal: gmean = 534143.08 gsigma 1.03||Net Sold LW","[0, 0, 0, 0, 0, 1, 0, 0, 0, 0, 0, 0, 0, 0, 0, 0, 0, 0, 0, 0, 0, 0, 0, 0, 0, 0, 0, 0, 0, 0, 0, 0, 0, 0, 0, 0, 0, 0, 0, 0, 0, 0, 0, 0, 0, 0, 1, 0, 0, 0, 0, 0, 0, 0, 0, 0, 0, 0, 0]","[0, 0, 0, 0, 0, 1, 0, 0, 0, 0, 0, 0, 0, 0, 0, 0, 0, 0, 0, 0, 0, 0, 0, 0, 0, 0, 0, 0, 0, 0, 0, 0, 0, 0, 0, 0, 0, 0, 0, 0, 0, 0, 0, 0, 0, 0, 0, 0, 0, 0, 0, 0, 0, 0, 0, 0, 0, 0, 0]","['Meat, beef cattle (cold carcass weight)', 'Meat, pig (cold dressed carcass weight)', 'Meat, chicken, breast', 'Milk, cow, raw (FPCM)', 'Broiler chicken', 'Beef cattle', 'Hides', 'Sheep, ewe', 'Beef cattle, heifer', 'Beef cattle, calf (female, weaned)', 'Dairy cattle, calf (weaned)', 'Cattle', 'Wool, sheep (greasy)', 'Meat, dairy cattle (liveweight)', 'Beef cattle, steer', 'Meat, sheep (liveweight)', 'Beef cattle, heifer and steer', 'Dairy cattle, cow', 'Cattle, urine (kg mass)', 'Dairy cattle', 'Layer chicken, hen', 'Sheep, lamb (male, unweaned)', 'Meat, chicken, wings', 'Wool', 'Eggs, hen, in shell (number)', 'Pig', 'Broiler chicken, hen', 'Dairy cattle, calf (male, unweaned)', 'Meat, dairy cattle (cold carcass weight)', 'Dairy cattle, calf', 'Beef cattle, calf (male, weaned)', 'Meat, beef cattle (cold dressed carcass weight)', 'Eggs, hen, in shell', 'Broiler chicken, chick', 'Meat, chicken (liveweight)', 'Pig, piglet', 'Layer chicken, pullet', 'Sheep, lamb (female, unweaned)', 'Milk', 'Beef cattle, bull', 'Eggs', 'Sheep, lamb', 'Dairy cattle, calf (female, weaned)', 'Sheep, ram', 'Sheep, lamb (weaned)', 'Meat, chicken (cold carcass weight)', 'Beef cattle, calf (weaned)', 'Meat, chicken, leg', 'Sheep', 'Layer chicken', 'Beef cattle, cow', 'Poultry by-product meal', 'Meat', 'Milk, cow, raw', 'Hides, dairy cattle, fresh', 'Pig, sow', 'Meat, beef cattle (liveweight)', 'Dairy cattle, heifer', 'Meat, sheep (cold carcass weight)']",10,climatebert/distilroberta-base-climate-f,Product,standardized,rag
10,"Permanent pasture producing beef cattle, calf (weaned) in spain. cycle description: average annual production data across 6 different organic dehesa cattle farms. cow-calf operation. Additional Relevant Context: calves, LW, BIR, at farm gate|534143.08|kg|lognormal: gmean = 534143.08 gsigma 1.03||Net Sold LW","[0, 0, 0, 0, 0, 1, 0, 0, 0, 0, 0, 0, 0, 0, 0, 0, 0, 0, 0, 0, 0, 0, 0, 0, 0, 0, 0, 0, 0, 0, 0, 0, 0, 0, 0, 0, 0, 0, 0, 0, 0, 0, 0, 0, 0, 0, 1, 0, 0, 0, 0, 0, 0, 0, 0, 0, 0, 0, 0]","[0, 0, 0, 0, 0, 1, 0, 0, 0, 0, 0, 0, 0, 0, 0, 0, 0, 0, 0, 0, 0, 0, 0, 0, 0, 0, 0, 0, 0, 0, 0, 0, 0, 0, 0, 0, 0, 0, 0, 0, 0, 0, 0, 0, 0, 0, 0, 0, 0, 0, 0, 0, 0, 0, 0, 0, 0, 0, 0]","['Meat, beef cattle (cold carcass weight)', 'Meat, pig (cold dressed carcass weight)', 'Meat, chicken, breast', 'Milk, cow, raw (FPCM)', 'Broiler chicken', 'Beef cattle', 'Hides', 'Sheep, ewe', 'Beef cattle, heifer', 'Beef cattle, calf (female, weaned)', 'Dairy cattle, calf (weaned)', 'Cattle', 'Wool, sheep (greasy)', 'Meat, dairy cattle (liveweight)', 'Beef cattle, steer', 'Meat, sheep (liveweight)', 'Beef cattle, heifer and steer', 'Dairy cattle, cow', 'Cattle, urine (kg mass)', 'Dairy cattle', 'Layer chicken, hen', 'Sheep, lamb (male, unweaned)', 'Meat, chicken, wings', 'Wool', 'Eggs, hen, in shell (number)', 'Pig', 'Broiler chicken, hen', 'Dairy cattle, calf (male, unweaned)', 'Meat, dairy cattle (cold carcass weight)', 'Dairy cattle, calf', 'Beef cattle, calf (male, weaned)', 'Meat, beef cattle (cold dressed carcass weight)', 'Eggs, hen, in shell', 'Broiler chicken, chick', 'Meat, chicken (liveweight)', 'Pig, piglet', 'Layer chicken, pullet', 'Sheep, lamb (female, unweaned)', 'Milk', 'Beef cattle, bull', 'Eggs', 'Sheep, lamb', 'Dairy cattle, calf (female, weaned)', 'Sheep, ram', 'Sheep, lamb (weaned)', 'Meat, chicken (cold carcass weight)', 'Beef cattle, calf (weaned)', 'Meat, chicken, leg', 'Sheep', 'Layer chicken', 'Beef cattle, cow', 'Poultry by-product meal', 'Meat', 'Milk, cow, raw', 'Hides, dairy cattle, fresh', 'Pig, sow', 'Meat, beef cattle (liveweight)', 'Dairy cattle, heifer', 'Meat, sheep (cold carcass weight)']",10,ESGBERT/EnvironmentalBERT-base,Product,standardized,rag
79,"Agri-food processor producing meat, chicken, leg in netherlands. cycle description: slaughter - organic. Additional Relevant Context: Chicken ready for consumption","[0, 0, 0, 0, 0, 0, 0, 0, 0, 0, 0, 0, 0, 0, 0, 0, 0, 0, 0, 0, 0, 0, 0, 0, 0, 0, 0, 0, 0, 0, 0, 0, 0, 0, 0, 0, 0, 0, 0, 0, 0, 0, 0, 0, 0, 0, 0, 1, 0, 0, 0, 0, 1, 0, 0, 0, 0, 0, 0]","[0, 0, 0, 0, 0, 0, 0, 0, 0, 0, 0, 0, 0, 0, 0, 0, 0, 0, 0, 0, 0, 0, 0, 0, 0, 0, 0, 0, 0, 0, 0, 0, 0, 0, 0, 0, 0, 0, 0, 0, 0, 0, 0, 0, 0, 0, 0, 0, 0, 0, 0, 0, 1, 0, 0, 0, 0, 0, 0]","['Meat, beef cattle (cold carcass weight)', 'Meat, pig (cold dressed carcass weight)', 'Meat, chicken, breast', 'Milk, cow, raw (FPCM)', 'Broiler chicken', 'Beef cattle', 'Hides', 'Sheep, ewe', 'Beef cattle, heifer', 'Beef cattle, calf (female, weaned)', 'Dairy cattle, calf (weaned)', 'Cattle', 'Wool, sheep (greasy)', 'Meat, dairy cattle (liveweight)', 'Beef cattle, steer', 'Meat, sheep (liveweight)', 'Beef cattle, heifer and steer', 'Dairy cattle, cow', 'Cattle, urine (kg mass)', 'Dairy cattle', 'Layer chicken, hen', 'Sheep, lamb (male, unweaned)', 'Meat, chicken, wings', 'Wool', 'Eggs, hen, in shell (number)', 'Pig', 'Broiler chicken, hen', 'Dairy cattle, calf (male, unweaned)', 'Meat, dairy cattle (cold carcass weight)', 'Dairy cattle, calf', 'Beef cattle, calf (male, weaned)', 'Meat, beef cattle (cold dressed carcass weight)', 'Eggs, hen, in shell', 'Broiler chicken, chick', 'Meat, chicken (liveweight)', 'Pig, piglet', 'Layer chicken, pullet', 'Sheep, lamb (female, unweaned)', 'Milk', 'Beef cattle, bull', 'Eggs', 'Sheep, lamb', 'Dairy cattle, calf (female, weaned)', 'Sheep, ram', 'Sheep, lamb (weaned)', 'Meat, chicken (cold carcass weight)', 'Beef cattle, calf (weaned)', 'Meat, chicken, leg', 'Sheep', 'Layer chicken', 'Beef cattle, cow', 'Poultry by-product meal', 'Meat', 'Milk, cow, raw', 'Hides, dairy cattle, fresh', 'Pig, sow', 'Meat, beef cattle (liveweight)', 'Dairy cattle, heifer', 'Meat, sheep (cold carcass weight)']",79,ESGBERT/EnvironmentalBERT-base,Product,standardized,rag
10,"Permanent pasture producing beef cattle, calf (weaned) in spain. cycle description: average annual production data across 6 different organic dehesa cattle farms. cow-calf operation. Additional Relevant Context: calves, LW, BIR, at farm gate|534143.08|kg|lognormal: gmean = 534143.08 gsigma 1.03||Net Sold LW","[0, 0, 0, 0, 0, 1, 0, 0, 0, 0, 0, 0, 0, 0, 0, 0, 0, 0, 0, 0, 0, 0, 0, 0, 0, 0, 0, 0, 0, 0, 0, 0, 0, 0, 0, 0, 0, 0, 0, 0, 0, 0, 0, 0, 0, 0, 1, 0, 0, 0, 0, 0, 0, 0, 0, 0, 0, 0, 0]","[0, 0, 0, 0, 0, 1, 0, 0, 0, 0, 0, 0, 0, 0, 0, 0, 0, 0, 0, 0, 0, 0, 0, 0, 0, 0, 0, 0, 0, 0, 0, 0, 0, 0, 0, 0, 0, 0, 0, 0, 0, 0, 0, 0, 0, 0, 0, 0, 0, 0, 0, 0, 0, 0, 0, 0, 0, 0, 0]","['Meat, beef cattle (cold carcass weight)', 'Meat, pig (cold dressed carcass weight)', 'Meat, chicken, breast', 'Milk, cow, raw (FPCM)', 'Broiler chicken', 'Beef cattle', 'Hides', 'Sheep, ewe', 'Beef cattle, heifer', 'Beef cattle, calf (female, weaned)', 'Dairy cattle, calf (weaned)', 'Cattle', 'Wool, sheep (greasy)', 'Meat, dairy cattle (liveweight)', 'Beef cattle, steer', 'Meat, sheep (liveweight)', 'Beef cattle, heifer and steer', 'Dairy cattle, cow', 'Cattle, urine (kg mass)', 'Dairy cattle', 'Layer chicken, hen', 'Sheep, lamb (male, unweaned)', 'Meat, chicken, wings', 'Wool', 'Eggs, hen, in shell (number)', 'Pig', 'Broiler chicken, hen', 'Dairy cattle, calf (male, unweaned)', 'Meat, dairy cattle (cold carcass weight)', 'Dairy cattle, calf', 'Beef cattle, calf (male, weaned)', 'Meat, beef cattle (cold dressed carcass weight)', 'Eggs, hen, in shell', 'Broiler chicken, chick', 'Meat, chicken (liveweight)', 'Pig, piglet', 'Layer chicken, pullet', 'Sheep, lamb (female, unweaned)', 'Milk', 'Beef cattle, bull', 'Eggs', 'Sheep, lamb', 'Dairy cattle, calf (female, weaned)', 'Sheep, ram', 'Sheep, lamb (weaned)', 'Meat, chicken (cold carcass weight)', 'Beef cattle, calf (weaned)', 'Meat, chicken, leg', 'Sheep', 'Layer chicken', 'Beef cattle, cow', 'Poultry by-product meal', 'Meat', 'Milk, cow, raw', 'Hides, dairy cattle, fresh', 'Pig, sow', 'Meat, beef cattle (liveweight)', 'Dairy cattle, heifer', 'Meat, sheep (cold carcass weight)']",10,google-bert/bert-base-uncased,Product,standardized,rag
30,Permanent pasture producing sheep in united kingdom. cycle description: average annual production cycle of 12 upland sheep farms across england and wales. Additional Relevant Context: Sheep,"[0, 0, 0, 0, 0, 0, 0, 0, 0, 0, 0, 0, 0, 0, 0, 0, 0, 0, 0, 0, 0, 0, 0, 0, 0, 0, 0, 0, 0, 0, 0, 0, 0, 0, 0, 0, 0, 0, 0, 0, 0, 0, 0, 0, 0, 0, 0, 0, 1, 0, 0, 0, 0, 0, 0, 0, 0, 0, 0]","[0, 0, 0, 0, 0, 0, 0, 1, 0, 0, 0, 0, 0, 0, 0, 0, 0, 0, 0, 0, 0, 0, 0, 0, 0, 0, 0, 0, 0, 0, 0, 0, 0, 0, 0, 0, 0, 0, 0, 0, 0, 0, 0, 0, 0, 0, 0, 0, 1, 0, 0, 0, 0, 0, 0, 0, 0, 0, 0]","['Meat, beef cattle (cold carcass weight)', 'Meat, pig (cold dressed carcass weight)', 'Meat, chicken, breast', 'Milk, cow, raw (FPCM)', 'Broiler chicken', 'Beef cattle', 'Hides', 'Sheep, ewe', 'Beef cattle, heifer', 'Beef cattle, calf (female, weaned)', 'Dairy cattle, calf (weaned)', 'Cattle', 'Wool, sheep (greasy)', 'Meat, dairy cattle (liveweight)', 'Beef cattle, steer', 'Meat, sheep (liveweight)', 'Beef cattle, heifer and steer', 'Dairy cattle, cow', 'Cattle, urine (kg mass)', 'Dairy cattle', 'Layer chicken, hen', 'Sheep, lamb (male, unweaned)', 'Meat, chicken, wings', 'Wool', 'Eggs, hen, in shell (number)', 'Pig', 'Broiler chicken, hen', 'Dairy cattle, calf (male, unweaned)', 'Meat, dairy cattle (cold carcass weight)', 'Dairy cattle, calf', 'Beef cattle, calf (male, weaned)', 'Meat, beef cattle (cold dressed carcass weight)', 'Eggs, hen, in shell', 'Broiler chicken, chick', 'Meat, chicken (liveweight)', 'Pig, piglet', 'Layer chicken, pullet', 'Sheep, lamb (female, unweaned)', 'Milk', 'Beef cattle, bull', 'Eggs', 'Sheep, lamb', 'Dairy cattle, calf (female, weaned)', 'Sheep, ram', 'Sheep, lamb (weaned)', 'Meat, chicken (cold carcass weight)', 'Beef cattle, calf (weaned)', 'Meat, chicken, leg', 'Sheep', 'Layer chicken', 'Beef cattle, cow', 'Poultry by-product meal', 'Meat', 'Milk, cow, raw', 'Hides, dairy cattle, fresh', 'Pig, sow', 'Meat, beef cattle (liveweight)', 'Dairy cattle, heifer', 'Meat, sheep (cold carcass weight)']",30,google-bert/bert-base-uncased,Product,standardized,rag
44,Permanent pasture producing sheep in united kingdom. cycle description: average annual production cycle of 21 hill sheep farms across england and wales. Additional Relevant Context: Sheep,"[0, 0, 0, 0, 0, 0, 0, 0, 0, 0, 0, 0, 0, 0, 0, 0, 0, 0, 0, 0, 0, 0, 0, 0, 0, 0, 0, 0, 0, 0, 0, 0, 0, 0, 0, 0, 0, 0, 0, 0, 0, 0, 0, 0, 0, 0, 0, 0, 1, 0, 0, 0, 0, 0, 0, 0, 0, 0, 0]","[0, 0, 0, 0, 0, 0, 0, 1, 0, 0, 0, 0, 0, 0, 0, 0, 0, 0, 0, 0, 0, 0, 0, 0, 0, 0, 0, 0, 0, 0, 0, 0, 0, 0, 0, 0, 0, 0, 0, 0, 0, 0, 0, 0, 0, 0, 0, 0, 1, 0, 0, 0, 0, 0, 0, 0, 0, 0, 0]","['Meat, beef cattle (cold carcass weight)', 'Meat, pig (cold dressed carcass weight)', 'Meat, chicken, breast', 'Milk, cow, raw (FPCM)', 'Broiler chicken', 'Beef cattle', 'Hides', 'Sheep, ewe', 'Beef cattle, heifer', 'Beef cattle, calf (female, weaned)', 'Dairy cattle, calf (weaned)', 'Cattle', 'Wool, sheep (greasy)', 'Meat, dairy cattle (liveweight)', 'Beef cattle, steer', 'Meat, sheep (liveweight)', 'Beef cattle, heifer and steer', 'Dairy cattle, cow', 'Cattle, urine (kg mass)', 'Dairy cattle', 'Layer chicken, hen', 'Sheep, lamb (male, unweaned)', 'Meat, chicken, wings', 'Wool', 'Eggs, hen, in shell (number)', 'Pig', 'Broiler chicken, hen', 'Dairy cattle, calf (male, unweaned)', 'Meat, dairy cattle (cold carcass weight)', 'Dairy cattle, calf', 'Beef cattle, calf (male, weaned)', 'Meat, beef cattle (cold dressed carcass weight)', 'Eggs, hen, in shell', 'Broiler chicken, chick', 'Meat, chicken (liveweight)', 'Pig, piglet', 'Layer chicken, pullet', 'Sheep, lamb (female, unweaned)', 'Milk', 'Beef cattle, bull', 'Eggs', 'Sheep, lamb', 'Dairy cattle, calf (female, weaned)', 'Sheep, ram', 'Sheep, lamb (weaned)', 'Meat, chicken (cold carcass weight)', 'Beef cattle, calf (weaned)', 'Meat, chicken, leg', 'Sheep', 'Layer chicken', 'Beef cattle, cow', 'Poultry by-product meal', 'Meat', 'Milk, cow, raw', 'Hides, dairy cattle, fresh', 'Pig, sow', 'Meat, beef cattle (liveweight)', 'Dairy cattle, heifer', 'Meat, sheep (cold carcass weight)']",44,google-bert/bert-base-uncased,Product,standardized,rag
76,"Agri-food processor producing meat, beef cattle (liveweight) in brazil. cycle description: meat production. Additional Relevant Context: Beef cattle (liveweight)","[0, 0, 0, 0, 0, 0, 0, 0, 0, 0, 0, 0, 0, 0, 0, 0, 0, 0, 0, 0, 0, 0, 0, 0, 0, 0, 0, 0, 0, 0, 0, 0, 0, 0, 0, 0, 0, 0, 0, 0, 0, 0, 0, 0, 0, 0, 0, 0, 0, 0, 0, 0, 1, 0, 0, 0, 1, 0, 0]","[0, 0, 0, 0, 0, 0, 0, 0, 0, 0, 0, 0, 0, 0, 0, 0, 0, 0, 0, 0, 0, 0, 0, 0, 0, 0, 0, 0, 0, 0, 0, 0, 0, 0, 0, 0, 0, 0, 0, 0, 0, 0, 0, 0, 0, 0, 0, 0, 0, 0, 0, 0, 1, 0, 0, 0, 0, 0, 0]","['Meat, beef cattle (cold carcass weight)', 'Meat, pig (cold dressed carcass weight)', 'Meat, chicken, breast', 'Milk, cow, raw (FPCM)', 'Broiler chicken', 'Beef cattle', 'Hides', 'Sheep, ewe', 'Beef cattle, heifer', 'Beef cattle, calf (female, weaned)', 'Dairy cattle, calf (weaned)', 'Cattle', 'Wool, sheep (greasy)', 'Meat, dairy cattle (liveweight)', 'Beef cattle, steer', 'Meat, sheep (liveweight)', 'Beef cattle, heifer and steer', 'Dairy cattle, cow', 'Cattle, urine (kg mass)', 'Dairy cattle', 'Layer chicken, hen', 'Sheep, lamb (male, unweaned)', 'Meat, chicken, wings', 'Wool', 'Eggs, hen, in shell (number)', 'Pig', 'Broiler chicken, hen', 'Dairy cattle, calf (male, unweaned)', 'Meat, dairy cattle (cold carcass weight)', 'Dairy cattle, calf', 'Beef cattle, calf (male, weaned)', 'Meat, beef cattle (cold dressed carcass weight)', 'Eggs, hen, in shell', 'Broiler chicken, chick', 'Meat, chicken (liveweight)', 'Pig, piglet', 'Layer chicken, pullet', 'Sheep, lamb (female, unweaned)', 'Milk', 'Beef cattle, bull', 'Eggs', 'Sheep, lamb', 'Dairy cattle, calf (female, weaned)', 'Sheep, ram', 'Sheep, lamb (weaned)', 'Meat, chicken (cold carcass weight)', 'Beef cattle, calf (weaned)', 'Meat, chicken, leg', 'Sheep', 'Layer chicken', 'Beef cattle, cow', 'Poultry by-product meal', 'Meat', 'Milk, cow, raw', 'Hides, dairy cattle, fresh', 'Pig, sow', 'Meat, beef cattle (liveweight)', 'Dairy cattle, heifer', 'Meat, sheep (cold carcass weight)']",76,google-bert/bert-base-uncased,Product,standardized,rag
79,"Agri-food processor producing meat, chicken, leg in netherlands. cycle description: slaughter - organic. Additional Relevant Context: Chicken ready for consumption","[0, 0, 0, 0, 0, 0, 0, 0, 0, 0, 0, 0, 0, 0, 0, 0, 0, 0, 0, 0, 0, 0, 0, 0, 0, 0, 0, 0, 0, 0, 0, 0, 0, 0, 0, 0, 0, 0, 0, 0, 0, 0, 0, 0, 0, 0, 0, 1, 0, 0, 0, 0, 1, 0, 0, 0, 0, 0, 0]","[0, 0, 0, 0, 0, 0, 0, 0, 0, 0, 0, 0, 0, 0, 0, 0, 0, 0, 0, 0, 0, 0, 0, 0, 0, 0, 0, 0, 0, 0, 0, 0, 0, 0, 0, 0, 0, 0, 0, 0, 0, 0, 0, 0, 0, 0, 0, 0, 0, 0, 0, 0, 1, 0, 0, 0, 0, 0, 0]","['Meat, beef cattle (cold carcass weight)', 'Meat, pig (cold dressed carcass weight)', 'Meat, chicken, breast', 'Milk, cow, raw (FPCM)', 'Broiler chicken', 'Beef cattle', 'Hides', 'Sheep, ewe', 'Beef cattle, heifer', 'Beef cattle, calf (female, weaned)', 'Dairy cattle, calf (weaned)', 'Cattle', 'Wool, sheep (greasy)', 'Meat, dairy cattle (liveweight)', 'Beef cattle, steer', 'Meat, sheep (liveweight)', 'Beef cattle, heifer and steer', 'Dairy cattle, cow', 'Cattle, urine (kg mass)', 'Dairy cattle', 'Layer chicken, hen', 'Sheep, lamb (male, unweaned)', 'Meat, chicken, wings', 'Wool', 'Eggs, hen, in shell (number)', 'Pig', 'Broiler chicken, hen', 'Dairy cattle, calf (male, unweaned)', 'Meat, dairy cattle (cold carcass weight)', 'Dairy cattle, calf', 'Beef cattle, calf (male, weaned)', 'Meat, beef cattle (cold dressed carcass weight)', 'Eggs, hen, in shell', 'Broiler chicken, chick', 'Meat, chicken (liveweight)', 'Pig, piglet', 'Layer chicken, pullet', 'Sheep, lamb (female, unweaned)', 'Milk', 'Beef cattle, bull', 'Eggs', 'Sheep, lamb', 'Dairy cattle, calf (female, weaned)', 'Sheep, ram', 'Sheep, lamb (weaned)', 'Meat, chicken (cold carcass weight)', 'Beef cattle, calf (weaned)', 'Meat, chicken, leg', 'Sheep', 'Layer chicken', 'Beef cattle, cow', 'Poultry by-product meal', 'Meat', 'Milk, cow, raw', 'Hides, dairy cattle, fresh', 'Pig, sow', 'Meat, beef cattle (liveweight)', 'Dairy cattle, heifer', 'Meat, sheep (cold carcass weight)']",79,google-bert/bert-base-uncased,Product,standardized,rag
10,"Permanent pasture producing beef cattle, calf (weaned) in spain. cycle description: average annual production data across 6 different organic dehesa cattle farms. cow-calf operation. Additional Relevant Context: calves, LW, BIR, at farm gate|534143.08|kg|lognormal: gmean = 534143.08 gsigma 1.03||Net Sold LW","[0, 0, 0, 0, 0, 1, 0, 0, 0, 0, 0, 0, 0, 0, 0, 0, 0, 0, 0, 0, 0, 0, 0, 0, 0, 0, 0, 0, 0, 0, 0, 0, 0, 0, 0, 0, 0, 0, 0, 0, 0, 0, 0, 0, 0, 0, 1, 0, 0, 0, 0, 0, 0, 0, 0, 0, 0, 0, 0]","[0, 0, 0, 0, 0, 1, 0, 0, 0, 0, 0, 0, 0, 0, 0, 0, 0, 0, 0, 0, 0, 0, 0, 0, 0, 0, 0, 0, 0, 0, 0, 0, 0, 0, 0, 0, 0, 0, 0, 0, 0, 0, 0, 0, 0, 0, 0, 0, 0, 0, 0, 0, 0, 0, 0, 0, 0, 0, 0]","['Meat, beef cattle (cold carcass weight)', 'Meat, pig (cold dressed carcass weight)', 'Meat, chicken, breast', 'Milk, cow, raw (FPCM)', 'Broiler chicken', 'Beef cattle', 'Hides', 'Sheep, ewe', 'Beef cattle, heifer', 'Beef cattle, calf (female, weaned)', 'Dairy cattle, calf (weaned)', 'Cattle', 'Wool, sheep (greasy)', 'Meat, dairy cattle (liveweight)', 'Beef cattle, steer', 'Meat, sheep (liveweight)', 'Beef cattle, heifer and steer', 'Dairy cattle, cow', 'Cattle, urine (kg mass)', 'Dairy cattle', 'Layer chicken, hen', 'Sheep, lamb (male, unweaned)', 'Meat, chicken, wings', 'Wool', 'Eggs, hen, in shell (number)', 'Pig', 'Broiler chicken, hen', 'Dairy cattle, calf (male, unweaned)', 'Meat, dairy cattle (cold carcass weight)', 'Dairy cattle, calf', 'Beef cattle, calf (male, weaned)', 'Meat, beef cattle (cold dressed carcass weight)', 'Eggs, hen, in shell', 'Broiler chicken, chick', 'Meat, chicken (liveweight)', 'Pig, piglet', 'Layer chicken, pullet', 'Sheep, lamb (female, unweaned)', 'Milk', 'Beef cattle, bull', 'Eggs', 'Sheep, lamb', 'Dairy cattle, calf (female, weaned)', 'Sheep, ram', 'Sheep, lamb (weaned)', 'Meat, chicken (cold carcass weight)', 'Beef cattle, calf (weaned)', 'Meat, chicken, leg', 'Sheep', 'Layer chicken', 'Beef cattle, cow', 'Poultry by-product meal', 'Meat', 'Milk, cow, raw', 'Hides, dairy cattle, fresh', 'Pig, sow', 'Meat, beef cattle (liveweight)', 'Dairy cattle, heifer', 'Meat, sheep (cold carcass weight)']",10,microsoft/deberta-v3-base,Product,standardized,rag
76,"Agri-food processor producing meat, beef cattle (liveweight) in brazil. cycle description: meat production. Additional Relevant Context: Beef cattle (liveweight)","[0, 0, 0, 0, 0, 0, 0, 0, 0, 0, 0, 0, 0, 0, 0, 0, 0, 0, 0, 0, 0, 0, 0, 0, 0, 0, 0, 0, 0, 0, 0, 0, 0, 0, 0, 0, 0, 0, 0, 0, 0, 0, 0, 0, 0, 0, 0, 0, 0, 0, 0, 0, 1, 0, 0, 0, 1, 0, 0]","[0, 0, 0, 0, 0, 0, 0, 0, 0, 0, 0, 0, 0, 0, 0, 0, 0, 0, 0, 0, 0, 0, 0, 0, 0, 0, 0, 0, 0, 0, 0, 0, 0, 0, 0, 0, 0, 0, 0, 0, 0, 0, 0, 0, 0, 0, 0, 0, 0, 0, 0, 0, 1, 0, 0, 0, 0, 0, 0]","['Meat, beef cattle (cold carcass weight)', 'Meat, pig (cold dressed carcass weight)', 'Meat, chicken, breast', 'Milk, cow, raw (FPCM)', 'Broiler chicken', 'Beef cattle', 'Hides', 'Sheep, ewe', 'Beef cattle, heifer', 'Beef cattle, calf (female, weaned)', 'Dairy cattle, calf (weaned)', 'Cattle', 'Wool, sheep (greasy)', 'Meat, dairy cattle (liveweight)', 'Beef cattle, steer', 'Meat, sheep (liveweight)', 'Beef cattle, heifer and steer', 'Dairy cattle, cow', 'Cattle, urine (kg mass)', 'Dairy cattle', 'Layer chicken, hen', 'Sheep, lamb (male, unweaned)', 'Meat, chicken, wings', 'Wool', 'Eggs, hen, in shell (number)', 'Pig', 'Broiler chicken, hen', 'Dairy cattle, calf (male, unweaned)', 'Meat, dairy cattle (cold carcass weight)', 'Dairy cattle, calf', 'Beef cattle, calf (male, weaned)', 'Meat, beef cattle (cold dressed carcass weight)', 'Eggs, hen, in shell', 'Broiler chicken, chick', 'Meat, chicken (liveweight)', 'Pig, piglet', 'Layer chicken, pullet', 'Sheep, lamb (female, unweaned)', 'Milk', 'Beef cattle, bull', 'Eggs', 'Sheep, lamb', 'Dairy cattle, calf (female, weaned)', 'Sheep, ram', 'Sheep, lamb (weaned)', 'Meat, chicken (cold carcass weight)', 'Beef cattle, calf (weaned)', 'Meat, chicken, leg', 'Sheep', 'Layer chicken', 'Beef cattle, cow', 'Poultry by-product meal', 'Meat', 'Milk, cow, raw', 'Hides, dairy cattle, fresh', 'Pig, sow', 'Meat, beef cattle (liveweight)', 'Dairy cattle, heifer', 'Meat, sheep (cold carcass weight)']",76,microsoft/deberta-v3-base,Product,standardized,rag
79,"Agri-food processor producing meat, chicken, leg in netherlands. cycle description: slaughter - organic. Additional Relevant Context: Chicken ready for consumption","[0, 0, 0, 0, 0, 0, 0, 0, 0, 0, 0, 0, 0, 0, 0, 0, 0, 0, 0, 0, 0, 0, 0, 0, 0, 0, 0, 0, 0, 0, 0, 0, 0, 0, 0, 0, 0, 0, 0, 0, 0, 0, 0, 0, 0, 0, 0, 1, 0, 0, 0, 0, 1, 0, 0, 0, 0, 0, 0]","[0, 0, 0, 0, 0, 0, 0, 0, 0, 0, 0, 0, 0, 0, 0, 0, 0, 0, 0, 0, 0, 0, 1, 0, 0, 0, 0, 0, 0, 0, 0, 0, 0, 0, 0, 0, 0, 0, 0, 0, 0, 0, 0, 0, 0, 0, 0, 0, 0, 0, 0, 0, 1, 0, 0, 0, 0, 0, 0]","['Meat, beef cattle (cold carcass weight)', 'Meat, pig (cold dressed carcass weight)', 'Meat, chicken, breast', 'Milk, cow, raw (FPCM)', 'Broiler chicken', 'Beef cattle', 'Hides', 'Sheep, ewe', 'Beef cattle, heifer', 'Beef cattle, calf (female, weaned)', 'Dairy cattle, calf (weaned)', 'Cattle', 'Wool, sheep (greasy)', 'Meat, dairy cattle (liveweight)', 'Beef cattle, steer', 'Meat, sheep (liveweight)', 'Beef cattle, heifer and steer', 'Dairy cattle, cow', 'Cattle, urine (kg mass)', 'Dairy cattle', 'Layer chicken, hen', 'Sheep, lamb (male, unweaned)', 'Meat, chicken, wings', 'Wool', 'Eggs, hen, in shell (number)', 'Pig', 'Broiler chicken, hen', 'Dairy cattle, calf (male, unweaned)', 'Meat, dairy cattle (cold carcass weight)', 'Dairy cattle, calf', 'Beef cattle, calf (male, weaned)', 'Meat, beef cattle (cold dressed carcass weight)', 'Eggs, hen, in shell', 'Broiler chicken, chick', 'Meat, chicken (liveweight)', 'Pig, piglet', 'Layer chicken, pullet', 'Sheep, lamb (female, unweaned)', 'Milk', 'Beef cattle, bull', 'Eggs', 'Sheep, lamb', 'Dairy cattle, calf (female, weaned)', 'Sheep, ram', 'Sheep, lamb (weaned)', 'Meat, chicken (cold carcass weight)', 'Beef cattle, calf (weaned)', 'Meat, chicken, leg', 'Sheep', 'Layer chicken', 'Beef cattle, cow', 'Poultry by-product meal', 'Meat', 'Milk, cow, raw', 'Hides, dairy cattle, fresh', 'Pig, sow', 'Meat, beef cattle (liveweight)', 'Dairy cattle, heifer', 'Meat, sheep (cold carcass weight)']",79,microsoft/deberta-v3-base,Product,standardized,rag
2,"Permanent pasture producing meat, beef cattle (cold dressed carcass weight) in ireland. cycle description: alternative calf-to-beef system with a high grass utlilisation rate, where heifers are finished at 20 months and males are finished as bulls at 16 months, with a moderate stocking density of 2.2 lu/ha. Additional Relevant Context: beef cattle (cold dressed carcass weight)","[0, 0, 0, 0, 0, 0, 0, 0, 0, 0, 0, 0, 0, 0, 0, 0, 0, 0, 0, 0, 0, 0, 0, 0, 0, 0, 0, 0, 0, 0, 0, 1, 0, 0, 0, 0, 0, 0, 0, 0, 0, 0, 0, 0, 0, 0, 0, 0, 0, 0, 0, 0, 1, 0, 0, 0, 0, 0, 0]","[0, 0, 0, 0, 0, 0, 0, 0, 0, 0, 0, 0, 0, 0, 0, 0, 0, 0, 0, 0, 0, 0, 0, 0, 0, 0, 0, 0, 0, 0, 0, 0, 0, 0, 0, 0, 0, 0, 0, 0, 0, 0, 0, 0, 0, 0, 0, 0, 0, 0, 0, 0, 1, 0, 0, 0, 0, 0, 0]","['Meat, beef cattle (cold carcass weight)', 'Meat, pig (cold dressed carcass weight)', 'Meat, chicken, breast', 'Milk, cow, raw (FPCM)', 'Broiler chicken', 'Beef cattle', 'Hides', 'Sheep, ewe', 'Beef cattle, heifer', 'Beef cattle, calf (female, weaned)', 'Dairy cattle, calf (weaned)', 'Cattle', 'Wool, sheep (greasy)', 'Meat, dairy cattle (liveweight)', 'Beef cattle, steer', 'Meat, sheep (liveweight)', 'Beef cattle, heifer and steer', 'Dairy cattle, cow', 'Cattle, urine (kg mass)', 'Dairy cattle', 'Layer chicken, hen', 'Sheep, lamb (male, unweaned)', 'Meat, chicken, wings', 'Wool', 'Eggs, hen, in shell (number)', 'Pig', 'Broiler chicken, hen', 'Dairy cattle, calf (male, unweaned)', 'Meat, dairy cattle (cold carcass weight)', 'Dairy cattle, calf', 'Beef cattle, calf (male, weaned)', 'Meat, beef cattle (cold dressed carcass weight)', 'Eggs, hen, in shell', 'Broiler chicken, chick', 'Meat, chicken (liveweight)', 'Pig, piglet', 'Layer chicken, pullet', 'Sheep, lamb (female, unweaned)', 'Milk', 'Beef cattle, bull', 'Eggs', 'Sheep, lamb', 'Dairy cattle, calf (female, weaned)', 'Sheep, ram', 'Sheep, lamb (weaned)', 'Meat, chicken (cold carcass weight)', 'Beef cattle, calf (weaned)', 'Meat, chicken, leg', 'Sheep', 'Layer chicken', 'Beef cattle, cow', 'Poultry by-product meal', 'Meat', 'Milk, cow, raw', 'Hides, dairy cattle, fresh', 'Pig, sow', 'Meat, beef cattle (liveweight)', 'Dairy cattle, heifer', 'Meat, sheep (cold carcass weight)']",2,microsoft/deberta-v3-small,Product,standardized,rag
4,"Animal housing producing broiler chicken, chick in thailand. cycle description: cb3-hatchery 1. site description: 12 big corporations that account for more than 90% of the country’s total capacity. Additional Relevant Context: Chicken meat","[0, 0, 0, 0, 1, 0, 0, 0, 0, 0, 0, 0, 0, 0, 0, 0, 0, 0, 0, 0, 0, 0, 0, 0, 0, 0, 0, 0, 0, 0, 0, 0, 0, 1, 0, 0, 0, 0, 0, 0, 0, 0, 0, 0, 0, 0, 0, 0, 0, 0, 0, 0, 0, 0, 0, 0, 0, 0, 0]","[0, 0, 0, 0, 1, 0, 0, 0, 0, 0, 0, 0, 0, 0, 0, 0, 0, 0, 0, 0, 0, 0, 0, 0, 0, 0, 0, 0, 0, 0, 0, 0, 0, 0, 0, 0, 0, 0, 0, 0, 0, 0, 0, 0, 0, 0, 0, 0, 0, 0, 0, 0, 0, 0, 0, 0, 0, 0, 0]","['Meat, beef cattle (cold carcass weight)', 'Meat, pig (cold dressed carcass weight)', 'Meat, chicken, breast', 'Milk, cow, raw (FPCM)', 'Broiler chicken', 'Beef cattle', 'Hides', 'Sheep, ewe', 'Beef cattle, heifer', 'Beef cattle, calf (female, weaned)', 'Dairy cattle, calf (weaned)', 'Cattle', 'Wool, sheep (greasy)', 'Meat, dairy cattle (liveweight)', 'Beef cattle, steer', 'Meat, sheep (liveweight)', 'Beef cattle, heifer and steer', 'Dairy cattle, cow', 'Cattle, urine (kg mass)', 'Dairy cattle', 'Layer chicken, hen', 'Sheep, lamb (male, unweaned)', 'Meat, chicken, wings', 'Wool', 'Eggs, hen, in shell (number)', 'Pig', 'Broiler chicken, hen', 'Dairy cattle, calf (male, unweaned)', 'Meat, dairy cattle (cold carcass weight)', 'Dairy cattle, calf', 'Beef cattle, calf (male, weaned)', 'Meat, beef cattle (cold dressed carcass weight)', 'Eggs, hen, in shell', 'Broiler chicken, chick', 'Meat, chicken (liveweight)', 'Pig, piglet', 'Layer chicken, pullet', 'Sheep, lamb (female, unweaned)', 'Milk', 'Beef cattle, bull', 'Eggs', 'Sheep, lamb', 'Dairy cattle, calf (female, weaned)', 'Sheep, ram', 'Sheep, lamb (weaned)', 'Meat, chicken (cold carcass weight)', 'Beef cattle, calf (weaned)', 'Meat, chicken, leg', 'Sheep', 'Layer chicken', 'Beef cattle, cow', 'Poultry by-product meal', 'Meat', 'Milk, cow, raw', 'Hides, dairy cattle, fresh', 'Pig, sow', 'Meat, beef cattle (liveweight)', 'Dairy cattle, heifer', 'Meat, sheep (cold carcass weight)']",4,microsoft/deberta-v3-small,Product,standardized,rag
7,"Animal housing producing broiler chicken, hen in thailand. cycle description: cb3-parent farm 2. site description: 12 big corporations that account for more than 90% of the country’s total capacity. Additional Relevant Context: Chicken meat","[0, 0, 0, 0, 1, 0, 0, 0, 0, 0, 0, 0, 0, 0, 0, 0, 0, 0, 0, 0, 0, 0, 0, 0, 0, 0, 1, 0, 0, 0, 0, 0, 0, 0, 0, 0, 0, 0, 0, 0, 0, 0, 0, 0, 0, 0, 0, 0, 0, 0, 0, 0, 0, 0, 0, 0, 0, 0, 0]","[0, 0, 0, 0, 1, 0, 0, 0, 0, 0, 0, 0, 0, 0, 0, 0, 0, 0, 0, 0, 0, 0, 0, 0, 0, 0, 0, 0, 0, 0, 0, 0, 0, 0, 0, 0, 0, 0, 0, 0, 0, 0, 0, 0, 0, 0, 0, 0, 0, 0, 0, 0, 0, 0, 0, 0, 0, 0, 0]","['Meat, beef cattle (cold carcass weight)', 'Meat, pig (cold dressed carcass weight)', 'Meat, chicken, breast', 'Milk, cow, raw (FPCM)', 'Broiler chicken', 'Beef cattle', 'Hides', 'Sheep, ewe', 'Beef cattle, heifer', 'Beef cattle, calf (female, weaned)', 'Dairy cattle, calf (weaned)', 'Cattle', 'Wool, sheep (greasy)', 'Meat, dairy cattle (liveweight)', 'Beef cattle, steer', 'Meat, sheep (liveweight)', 'Beef cattle, heifer and steer', 'Dairy cattle, cow', 'Cattle, urine (kg mass)', 'Dairy cattle', 'Layer chicken, hen', 'Sheep, lamb (male, unweaned)', 'Meat, chicken, wings', 'Wool', 'Eggs, hen, in shell (number)', 'Pig', 'Broiler chicken, hen', 'Dairy cattle, calf (male, unweaned)', 'Meat, dairy cattle (cold carcass weight)', 'Dairy cattle, calf', 'Beef cattle, calf (male, weaned)', 'Meat, beef cattle (cold dressed carcass weight)', 'Eggs, hen, in shell', 'Broiler chicken, chick', 'Meat, chicken (liveweight)', 'Pig, piglet', 'Layer chicken, pullet', 'Sheep, lamb (female, unweaned)', 'Milk', 'Beef cattle, bull', 'Eggs', 'Sheep, lamb', 'Dairy cattle, calf (female, weaned)', 'Sheep, ram', 'Sheep, lamb (weaned)', 'Meat, chicken (cold carcass weight)', 'Beef cattle, calf (weaned)', 'Meat, chicken, leg', 'Sheep', 'Layer chicken', 'Beef cattle, cow', 'Poultry by-product meal', 'Meat', 'Milk, cow, raw', 'Hides, dairy cattle, fresh', 'Pig, sow', 'Meat, beef cattle (liveweight)', 'Dairy cattle, heifer', 'Meat, sheep (cold carcass weight)']",7,microsoft/deberta-v3-small,Product,standardized,rag
10,"Permanent pasture producing beef cattle, calf (weaned) in spain. cycle description: average annual production data across 6 different organic dehesa cattle farms. cow-calf operation. Additional Relevant Context: calves, LW, BIR, at farm gate|534143.08|kg|lognormal: gmean = 534143.08 gsigma 1.03||Net Sold LW","[0, 0, 0, 0, 0, 1, 0, 0, 0, 0, 0, 0, 0, 0, 0, 0, 0, 0, 0, 0, 0, 0, 0, 0, 0, 0, 0, 0, 0, 0, 0, 0, 0, 0, 0, 0, 0, 0, 0, 0, 0, 0, 0, 0, 0, 0, 1, 0, 0, 0, 0, 0, 0, 0, 0, 0, 0, 0, 0]","[0, 0, 0, 0, 0, 1, 0, 0, 0, 0, 0, 0, 0, 0, 0, 0, 0, 0, 0, 0, 0, 0, 0, 0, 0, 0, 0, 0, 0, 0, 0, 0, 0, 0, 0, 0, 0, 0, 0, 0, 0, 0, 0, 0, 0, 0, 0, 0, 0, 0, 0, 0, 0, 0, 0, 0, 0, 0, 0]","['Meat, beef cattle (cold carcass weight)', 'Meat, pig (cold dressed carcass weight)', 'Meat, chicken, breast', 'Milk, cow, raw (FPCM)', 'Broiler chicken', 'Beef cattle', 'Hides', 'Sheep, ewe', 'Beef cattle, heifer', 'Beef cattle, calf (female, weaned)', 'Dairy cattle, calf (weaned)', 'Cattle', 'Wool, sheep (greasy)', 'Meat, dairy cattle (liveweight)', 'Beef cattle, steer', 'Meat, sheep (liveweight)', 'Beef cattle, heifer and steer', 'Dairy cattle, cow', 'Cattle, urine (kg mass)', 'Dairy cattle', 'Layer chicken, hen', 'Sheep, lamb (male, unweaned)', 'Meat, chicken, wings', 'Wool', 'Eggs, hen, in shell (number)', 'Pig', 'Broiler chicken, hen', 'Dairy cattle, calf (male, unweaned)', 'Meat, dairy cattle (cold carcass weight)', 'Dairy cattle, calf', 'Beef cattle, calf (male, weaned)', 'Meat, beef cattle (cold dressed carcass weight)', 'Eggs, hen, in shell', 'Broiler chicken, chick', 'Meat, chicken (liveweight)', 'Pig, piglet', 'Layer chicken, pullet', 'Sheep, lamb (female, unweaned)', 'Milk', 'Beef cattle, bull', 'Eggs', 'Sheep, lamb', 'Dairy cattle, calf (female, weaned)', 'Sheep, ram', 'Sheep, lamb (weaned)', 'Meat, chicken (cold carcass weight)', 'Beef cattle, calf (weaned)', 'Meat, chicken, leg', 'Sheep', 'Layer chicken', 'Beef cattle, cow', 'Poultry by-product meal', 'Meat', 'Milk, cow, raw', 'Hides, dairy cattle, fresh', 'Pig, sow', 'Meat, beef cattle (liveweight)', 'Dairy cattle, heifer', 'Meat, sheep (cold carcass weight)']",10,microsoft/deberta-v3-small,Product,standardized,rag
21,"Permanent pasture producing beef cattle, heifer and steer in united kingdom. cycle description: permanent pasture fields. site description: permanent pasture fields, north wyke farm platform. Additional Relevant Context: Beef cattle","[0, 0, 0, 0, 0, 1, 0, 0, 0, 0, 0, 0, 0, 0, 0, 0, 1, 0, 0, 0, 0, 0, 0, 0, 0, 0, 0, 0, 0, 0, 0, 0, 0, 0, 0, 0, 0, 0, 0, 0, 0, 0, 0, 0, 0, 0, 0, 0, 0, 0, 0, 0, 0, 0, 0, 0, 0, 0, 0]","[0, 0, 0, 0, 0, 1, 0, 0, 1, 0, 0, 0, 0, 0, 0, 0, 0, 0, 0, 0, 0, 0, 0, 0, 0, 0, 0, 0, 0, 0, 0, 0, 0, 0, 0, 0, 0, 0, 0, 0, 0, 0, 0, 0, 0, 0, 0, 0, 0, 0, 0, 0, 0, 0, 0, 0, 0, 0, 0]","['Meat, beef cattle (cold carcass weight)', 'Meat, pig (cold dressed carcass weight)', 'Meat, chicken, breast', 'Milk, cow, raw (FPCM)', 'Broiler chicken', 'Beef cattle', 'Hides', 'Sheep, ewe', 'Beef cattle, heifer', 'Beef cattle, calf (female, weaned)', 'Dairy cattle, calf (weaned)', 'Cattle', 'Wool, sheep (greasy)', 'Meat, dairy cattle (liveweight)', 'Beef cattle, steer', 'Meat, sheep (liveweight)', 'Beef cattle, heifer and steer', 'Dairy cattle, cow', 'Cattle, urine (kg mass)', 'Dairy cattle', 'Layer chicken, hen', 'Sheep, lamb (male, unweaned)', 'Meat, chicken, wings', 'Wool', 'Eggs, hen, in shell (number)', 'Pig', 'Broiler chicken, hen', 'Dairy cattle, calf (male, unweaned)', 'Meat, dairy cattle (cold carcass weight)', 'Dairy cattle, calf', 'Beef cattle, calf (male, weaned)', 'Meat, beef cattle (cold dressed carcass weight)', 'Eggs, hen, in shell', 'Broiler chicken, chick', 'Meat, chicken (liveweight)', 'Pig, piglet', 'Layer chicken, pullet', 'Sheep, lamb (female, unweaned)', 'Milk', 'Beef cattle, bull', 'Eggs', 'Sheep, lamb', 'Dairy cattle, calf (female, weaned)', 'Sheep, ram', 'Sheep, lamb (weaned)', 'Meat, chicken (cold carcass weight)', 'Beef cattle, calf (weaned)', 'Meat, chicken, leg', 'Sheep', 'Layer chicken', 'Beef cattle, cow', 'Poultry by-product meal', 'Meat', 'Milk, cow, raw', 'Hides, dairy cattle, fresh', 'Pig, sow', 'Meat, beef cattle (liveweight)', 'Dairy cattle, heifer', 'Meat, sheep (cold carcass weight)']",21,microsoft/deberta-v3-small,Product,standardized,rag
30,Permanent pasture producing sheep in united kingdom. cycle description: average annual production cycle of 12 upland sheep farms across england and wales. Additional Relevant Context: Sheep,"[0, 0, 0, 0, 0, 0, 0, 0, 0, 0, 0, 0, 0, 0, 0, 0, 0, 0, 0, 0, 0, 0, 0, 0, 0, 0, 0, 0, 0, 0, 0, 0, 0, 0, 0, 0, 0, 0, 0, 0, 0, 0, 0, 0, 0, 0, 0, 0, 1, 0, 0, 0, 0, 0, 0, 0, 0, 0, 0]","[0, 0, 0, 0, 0, 0, 0, 0, 0, 0, 0, 0, 0, 0, 0, 0, 0, 0, 0, 0, 0, 0, 0, 0, 0, 0, 0, 0, 0, 0, 0, 0, 0, 0, 0, 0, 0, 0, 0, 0, 0, 0, 0, 1, 0, 0, 0, 0, 1, 0, 0, 0, 0, 0, 0, 0, 0, 0, 0]","['Meat, beef cattle (cold carcass weight)', 'Meat, pig (cold dressed carcass weight)', 'Meat, chicken, breast', 'Milk, cow, raw (FPCM)', 'Broiler chicken', 'Beef cattle', 'Hides', 'Sheep, ewe', 'Beef cattle, heifer', 'Beef cattle, calf (female, weaned)', 'Dairy cattle, calf (weaned)', 'Cattle', 'Wool, sheep (greasy)', 'Meat, dairy cattle (liveweight)', 'Beef cattle, steer', 'Meat, sheep (liveweight)', 'Beef cattle, heifer and steer', 'Dairy cattle, cow', 'Cattle, urine (kg mass)', 'Dairy cattle', 'Layer chicken, hen', 'Sheep, lamb (male, unweaned)', 'Meat, chicken, wings', 'Wool', 'Eggs, hen, in shell (number)', 'Pig', 'Broiler chicken, hen', 'Dairy cattle, calf (male, unweaned)', 'Meat, dairy cattle (cold carcass weight)', 'Dairy cattle, calf', 'Beef cattle, calf (male, weaned)', 'Meat, beef cattle (cold dressed carcass weight)', 'Eggs, hen, in shell', 'Broiler chicken, chick', 'Meat, chicken (liveweight)', 'Pig, piglet', 'Layer chicken, pullet', 'Sheep, lamb (female, unweaned)', 'Milk', 'Beef cattle, bull', 'Eggs', 'Sheep, lamb', 'Dairy cattle, calf (female, weaned)', 'Sheep, ram', 'Sheep, lamb (weaned)', 'Meat, chicken (cold carcass weight)', 'Beef cattle, calf (weaned)', 'Meat, chicken, leg', 'Sheep', 'Layer chicken', 'Beef cattle, cow', 'Poultry by-product meal', 'Meat', 'Milk, cow, raw', 'Hides, dairy cattle, fresh', 'Pig, sow', 'Meat, beef cattle (liveweight)', 'Dairy cattle, heifer', 'Meat, sheep (cold carcass weight)']",30,microsoft/deberta-v3-small,Product,standardized,rag
44,Permanent pasture producing sheep in united kingdom. cycle description: average annual production cycle of 21 hill sheep farms across england and wales. Additional Relevant Context: Sheep,"[0, 0, 0, 0, 0, 0, 0, 0, 0, 0, 0, 0, 0, 0, 0, 0, 0, 0, 0, 0, 0, 0, 0, 0, 0, 0, 0, 0, 0, 0, 0, 0, 0, 0, 0, 0, 0, 0, 0, 0, 0, 0, 0, 0, 0, 0, 0, 0, 1, 0, 0, 0, 0, 0, 0, 0, 0, 0, 0]","[0, 0, 0, 0, 0, 0, 0, 0, 0, 0, 0, 0, 0, 0, 0, 0, 0, 0, 0, 0, 0, 0, 0, 0, 0, 0, 0, 0, 0, 0, 0, 0, 0, 0, 0, 0, 0, 0, 0, 0, 0, 0, 0, 1, 0, 0, 0, 0, 1, 0, 0, 0, 0, 0, 0, 0, 0, 0, 0]","['Meat, beef cattle (cold carcass weight)', 'Meat, pig (cold dressed carcass weight)', 'Meat, chicken, breast', 'Milk, cow, raw (FPCM)', 'Broiler chicken', 'Beef cattle', 'Hides', 'Sheep, ewe', 'Beef cattle, heifer', 'Beef cattle, calf (female, weaned)', 'Dairy cattle, calf (weaned)', 'Cattle', 'Wool, sheep (greasy)', 'Meat, dairy cattle (liveweight)', 'Beef cattle, steer', 'Meat, sheep (liveweight)', 'Beef cattle, heifer and steer', 'Dairy cattle, cow', 'Cattle, urine (kg mass)', 'Dairy cattle', 'Layer chicken, hen', 'Sheep, lamb (male, unweaned)', 'Meat, chicken, wings', 'Wool', 'Eggs, hen, in shell (number)', 'Pig', 'Broiler chicken, hen', 'Dairy cattle, calf (male, unweaned)', 'Meat, dairy cattle (cold carcass weight)', 'Dairy cattle, calf', 'Beef cattle, calf (male, weaned)', 'Meat, beef cattle (cold dressed carcass weight)', 'Eggs, hen, in shell', 'Broiler chicken, chick', 'Meat, chicken (liveweight)', 'Pig, piglet', 'Layer chicken, pullet', 'Sheep, lamb (female, unweaned)', 'Milk', 'Beef cattle, bull', 'Eggs', 'Sheep, lamb', 'Dairy cattle, calf (female, weaned)', 'Sheep, ram', 'Sheep, lamb (weaned)', 'Meat, chicken (cold carcass weight)', 'Beef cattle, calf (weaned)', 'Meat, chicken, leg', 'Sheep', 'Layer chicken', 'Beef cattle, cow', 'Poultry by-product meal', 'Meat', 'Milk, cow, raw', 'Hides, dairy cattle, fresh', 'Pig, sow', 'Meat, beef cattle (liveweight)', 'Dairy cattle, heifer', 'Meat, sheep (cold carcass weight)']",44,microsoft/deberta-v3-small,Product,standardized,rag
45,"Permanent pasture producing sheep, lamb (male, unweaned) in italy. cycle description: pluriparous ewes chosen for assessment, lambing concentrated in mid-november. traditional system with low supplementation (ts-ls), in which mothers were followed by suckling lambs during the grazing time and they received a low dose of supplement (200 g/d of concentrate). Additional Relevant Context: lamb (male, unweaned)","[0, 0, 0, 0, 0, 0, 0, 0, 0, 0, 0, 0, 0, 0, 0, 0, 0, 0, 0, 0, 0, 1, 0, 0, 0, 0, 0, 0, 0, 0, 0, 0, 0, 0, 0, 0, 0, 0, 0, 0, 0, 0, 0, 0, 0, 0, 0, 0, 1, 0, 0, 0, 0, 0, 0, 0, 0, 0, 0]","[0, 0, 0, 0, 0, 0, 0, 0, 0, 0, 0, 0, 0, 0, 0, 0, 0, 0, 0, 0, 0, 0, 0, 0, 0, 0, 0, 0, 0, 0, 0, 0, 0, 0, 0, 0, 0, 0, 0, 0, 0, 0, 0, 0, 0, 0, 0, 0, 1, 0, 0, 0, 0, 0, 0, 0, 0, 0, 0]","['Meat, beef cattle (cold carcass weight)', 'Meat, pig (cold dressed carcass weight)', 'Meat, chicken, breast', 'Milk, cow, raw (FPCM)', 'Broiler chicken', 'Beef cattle', 'Hides', 'Sheep, ewe', 'Beef cattle, heifer', 'Beef cattle, calf (female, weaned)', 'Dairy cattle, calf (weaned)', 'Cattle', 'Wool, sheep (greasy)', 'Meat, dairy cattle (liveweight)', 'Beef cattle, steer', 'Meat, sheep (liveweight)', 'Beef cattle, heifer and steer', 'Dairy cattle, cow', 'Cattle, urine (kg mass)', 'Dairy cattle', 'Layer chicken, hen', 'Sheep, lamb (male, unweaned)', 'Meat, chicken, wings', 'Wool', 'Eggs, hen, in shell (number)', 'Pig', 'Broiler chicken, hen', 'Dairy cattle, calf (male, unweaned)', 'Meat, dairy cattle (cold carcass weight)', 'Dairy cattle, calf', 'Beef cattle, calf (male, weaned)', 'Meat, beef cattle (cold dressed carcass weight)', 'Eggs, hen, in shell', 'Broiler chicken, chick', 'Meat, chicken (liveweight)', 'Pig, piglet', 'Layer chicken, pullet', 'Sheep, lamb (female, unweaned)', 'Milk', 'Beef cattle, bull', 'Eggs', 'Sheep, lamb', 'Dairy cattle, calf (female, weaned)', 'Sheep, ram', 'Sheep, lamb (weaned)', 'Meat, chicken (cold carcass weight)', 'Beef cattle, calf (weaned)', 'Meat, chicken, leg', 'Sheep', 'Layer chicken', 'Beef cattle, cow', 'Poultry by-product meal', 'Meat', 'Milk, cow, raw', 'Hides, dairy cattle, fresh', 'Pig, sow', 'Meat, beef cattle (liveweight)', 'Dairy cattle, heifer', 'Meat, sheep (cold carcass weight)']",45,microsoft/deberta-v3-small,Product,standardized,rag
64,"Agri-food processor producing meat, beef cattle (cold dressed carcass weight) in brazil. cycle description: dhs animal to meat. Additional Relevant Context: beef cattle (cold dressed carcass weight)","[0, 0, 0, 0, 0, 0, 0, 0, 0, 0, 0, 0, 0, 0, 0, 0, 0, 0, 0, 0, 0, 0, 0, 0, 0, 0, 0, 0, 0, 0, 0, 1, 0, 0, 0, 0, 0, 0, 0, 0, 0, 0, 0, 0, 0, 0, 0, 0, 0, 0, 0, 0, 1, 0, 0, 0, 0, 0, 0]","[0, 0, 0, 0, 0, 0, 0, 0, 0, 0, 0, 0, 0, 0, 0, 0, 0, 0, 0, 0, 0, 0, 0, 0, 0, 0, 0, 0, 0, 0, 0, 0, 0, 0, 0, 0, 0, 0, 0, 0, 0, 0, 0, 0, 0, 0, 0, 0, 0, 0, 0, 0, 1, 0, 0, 0, 0, 0, 0]","['Meat, beef cattle (cold carcass weight)', 'Meat, pig (cold dressed carcass weight)', 'Meat, chicken, breast', 'Milk, cow, raw (FPCM)', 'Broiler chicken', 'Beef cattle', 'Hides', 'Sheep, ewe', 'Beef cattle, heifer', 'Beef cattle, calf (female, weaned)', 'Dairy cattle, calf (weaned)', 'Cattle', 'Wool, sheep (greasy)', 'Meat, dairy cattle (liveweight)', 'Beef cattle, steer', 'Meat, sheep (liveweight)', 'Beef cattle, heifer and steer', 'Dairy cattle, cow', 'Cattle, urine (kg mass)', 'Dairy cattle', 'Layer chicken, hen', 'Sheep, lamb (male, unweaned)', 'Meat, chicken, wings', 'Wool', 'Eggs, hen, in shell (number)', 'Pig', 'Broiler chicken, hen', 'Dairy cattle, calf (male, unweaned)', 'Meat, dairy cattle (cold carcass weight)', 'Dairy cattle, calf', 'Beef cattle, calf (male, weaned)', 'Meat, beef cattle (cold dressed carcass weight)', 'Eggs, hen, in shell', 'Broiler chicken, chick', 'Meat, chicken (liveweight)', 'Pig, piglet', 'Layer chicken, pullet', 'Sheep, lamb (female, unweaned)', 'Milk', 'Beef cattle, bull', 'Eggs', 'Sheep, lamb', 'Dairy cattle, calf (female, weaned)', 'Sheep, ram', 'Sheep, lamb (weaned)', 'Meat, chicken (cold carcass weight)', 'Beef cattle, calf (weaned)', 'Meat, chicken, leg', 'Sheep', 'Layer chicken', 'Beef cattle, cow', 'Poultry by-product meal', 'Meat', 'Milk, cow, raw', 'Hides, dairy cattle, fresh', 'Pig, sow', 'Meat, beef cattle (liveweight)', 'Dairy cattle, heifer', 'Meat, sheep (cold carcass weight)']",64,microsoft/deberta-v3-small,Product,standardized,rag
65,"Animal housing producing broiler chicken, chick in thailand. cycle description: cb7-hatchery 1. site description: 12 big corporations that account for more than 90% of the country’s total capacity. Additional Relevant Context: Chicken meat","[0, 0, 0, 0, 1, 0, 0, 0, 0, 0, 0, 0, 0, 0, 0, 0, 0, 0, 0, 0, 0, 0, 0, 0, 0, 0, 0, 0, 0, 0, 0, 0, 0, 1, 0, 0, 0, 0, 0, 0, 0, 0, 0, 0, 0, 0, 0, 0, 0, 0, 0, 0, 0, 0, 0, 0, 0, 0, 0]","[0, 0, 0, 0, 1, 0, 0, 0, 0, 0, 0, 0, 0, 0, 0, 0, 0, 0, 0, 0, 0, 0, 0, 0, 0, 0, 0, 0, 0, 0, 0, 0, 0, 0, 0, 0, 0, 0, 0, 0, 0, 0, 0, 0, 0, 0, 0, 0, 0, 0, 0, 0, 0, 0, 0, 0, 0, 0, 0]","['Meat, beef cattle (cold carcass weight)', 'Meat, pig (cold dressed carcass weight)', 'Meat, chicken, breast', 'Milk, cow, raw (FPCM)', 'Broiler chicken', 'Beef cattle', 'Hides', 'Sheep, ewe', 'Beef cattle, heifer', 'Beef cattle, calf (female, weaned)', 'Dairy cattle, calf (weaned)', 'Cattle', 'Wool, sheep (greasy)', 'Meat, dairy cattle (liveweight)', 'Beef cattle, steer', 'Meat, sheep (liveweight)', 'Beef cattle, heifer and steer', 'Dairy cattle, cow', 'Cattle, urine (kg mass)', 'Dairy cattle', 'Layer chicken, hen', 'Sheep, lamb (male, unweaned)', 'Meat, chicken, wings', 'Wool', 'Eggs, hen, in shell (number)', 'Pig', 'Broiler chicken, hen', 'Dairy cattle, calf (male, unweaned)', 'Meat, dairy cattle (cold carcass weight)', 'Dairy cattle, calf', 'Beef cattle, calf (male, weaned)', 'Meat, beef cattle (cold dressed carcass weight)', 'Eggs, hen, in shell', 'Broiler chicken, chick', 'Meat, chicken (liveweight)', 'Pig, piglet', 'Layer chicken, pullet', 'Sheep, lamb (female, unweaned)', 'Milk', 'Beef cattle, bull', 'Eggs', 'Sheep, lamb', 'Dairy cattle, calf (female, weaned)', 'Sheep, ram', 'Sheep, lamb (weaned)', 'Meat, chicken (cold carcass weight)', 'Beef cattle, calf (weaned)', 'Meat, chicken, leg', 'Sheep', 'Layer chicken', 'Beef cattle, cow', 'Poultry by-product meal', 'Meat', 'Milk, cow, raw', 'Hides, dairy cattle, fresh', 'Pig, sow', 'Meat, beef cattle (liveweight)', 'Dairy cattle, heifer', 'Meat, sheep (cold carcass weight)']",65,microsoft/deberta-v3-small,Product,standardized,rag
76,"Agri-food processor producing meat, beef cattle (liveweight) in brazil. cycle description: meat production. Additional Relevant Context: Beef cattle (liveweight)","[0, 0, 0, 0, 0, 0, 0, 0, 0, 0, 0, 0, 0, 0, 0, 0, 0, 0, 0, 0, 0, 0, 0, 0, 0, 0, 0, 0, 0, 0, 0, 0, 0, 0, 0, 0, 0, 0, 0, 0, 0, 0, 0, 0, 0, 0, 0, 0, 0, 0, 0, 0, 1, 0, 0, 0, 1, 0, 0]","[0, 0, 0, 0, 0, 0, 0, 0, 0, 0, 0, 0, 0, 0, 0, 0, 0, 0, 0, 0, 0, 0, 0, 0, 0, 0, 0, 0, 0, 0, 0, 0, 0, 0, 0, 0, 0, 0, 0, 0, 0, 0, 0, 0, 0, 0, 0, 0, 0, 0, 0, 0, 1, 0, 0, 0, 0, 0, 0]","['Meat, beef cattle (cold carcass weight)', 'Meat, pig (cold dressed carcass weight)', 'Meat, chicken, breast', 'Milk, cow, raw (FPCM)', 'Broiler chicken', 'Beef cattle', 'Hides', 'Sheep, ewe', 'Beef cattle, heifer', 'Beef cattle, calf (female, weaned)', 'Dairy cattle, calf (weaned)', 'Cattle', 'Wool, sheep (greasy)', 'Meat, dairy cattle (liveweight)', 'Beef cattle, steer', 'Meat, sheep (liveweight)', 'Beef cattle, heifer and steer', 'Dairy cattle, cow', 'Cattle, urine (kg mass)', 'Dairy cattle', 'Layer chicken, hen', 'Sheep, lamb (male, unweaned)', 'Meat, chicken, wings', 'Wool', 'Eggs, hen, in shell (number)', 'Pig', 'Broiler chicken, hen', 'Dairy cattle, calf (male, unweaned)', 'Meat, dairy cattle (cold carcass weight)', 'Dairy cattle, calf', 'Beef cattle, calf (male, weaned)', 'Meat, beef cattle (cold dressed carcass weight)', 'Eggs, hen, in shell', 'Broiler chicken, chick', 'Meat, chicken (liveweight)', 'Pig, piglet', 'Layer chicken, pullet', 'Sheep, lamb (female, unweaned)', 'Milk', 'Beef cattle, bull', 'Eggs', 'Sheep, lamb', 'Dairy cattle, calf (female, weaned)', 'Sheep, ram', 'Sheep, lamb (weaned)', 'Meat, chicken (cold carcass weight)', 'Beef cattle, calf (weaned)', 'Meat, chicken, leg', 'Sheep', 'Layer chicken', 'Beef cattle, cow', 'Poultry by-product meal', 'Meat', 'Milk, cow, raw', 'Hides, dairy cattle, fresh', 'Pig, sow', 'Meat, beef cattle (liveweight)', 'Dairy cattle, heifer', 'Meat, sheep (cold carcass weight)']",76,microsoft/deberta-v3-small,Product,standardized,rag
78,"Animal housing producing broiler chicken, chick in thailand. cycle description: cb8-hatchery 2. site description: 12 big corporations that account for more than 90% of the country’s total capacity. Additional Relevant Context: Chicken meat","[0, 0, 0, 0, 1, 0, 0, 0, 0, 0, 0, 0, 0, 0, 0, 0, 0, 0, 0, 0, 0, 0, 0, 0, 0, 0, 0, 0, 0, 0, 0, 0, 0, 1, 0, 0, 0, 0, 0, 0, 0, 0, 0, 0, 0, 0, 0, 0, 0, 0, 0, 0, 0, 0, 0, 0, 0, 0, 0]","[0, 0, 0, 0, 1, 0, 0, 0, 0, 0, 0, 0, 0, 0, 0, 0, 0, 0, 0, 0, 0, 0, 0, 0, 0, 0, 0, 0, 0, 0, 0, 0, 0, 0, 0, 0, 0, 0, 0, 0, 0, 0, 0, 0, 0, 0, 0, 0, 0, 0, 0, 0, 0, 0, 0, 0, 0, 0, 0]","['Meat, beef cattle (cold carcass weight)', 'Meat, pig (cold dressed carcass weight)', 'Meat, chicken, breast', 'Milk, cow, raw (FPCM)', 'Broiler chicken', 'Beef cattle', 'Hides', 'Sheep, ewe', 'Beef cattle, heifer', 'Beef cattle, calf (female, weaned)', 'Dairy cattle, calf (weaned)', 'Cattle', 'Wool, sheep (greasy)', 'Meat, dairy cattle (liveweight)', 'Beef cattle, steer', 'Meat, sheep (liveweight)', 'Beef cattle, heifer and steer', 'Dairy cattle, cow', 'Cattle, urine (kg mass)', 'Dairy cattle', 'Layer chicken, hen', 'Sheep, lamb (male, unweaned)', 'Meat, chicken, wings', 'Wool', 'Eggs, hen, in shell (number)', 'Pig', 'Broiler chicken, hen', 'Dairy cattle, calf (male, unweaned)', 'Meat, dairy cattle (cold carcass weight)', 'Dairy cattle, calf', 'Beef cattle, calf (male, weaned)', 'Meat, beef cattle (cold dressed carcass weight)', 'Eggs, hen, in shell', 'Broiler chicken, chick', 'Meat, chicken (liveweight)', 'Pig, piglet', 'Layer chicken, pullet', 'Sheep, lamb (female, unweaned)', 'Milk', 'Beef cattle, bull', 'Eggs', 'Sheep, lamb', 'Dairy cattle, calf (female, weaned)', 'Sheep, ram', 'Sheep, lamb (weaned)', 'Meat, chicken (cold carcass weight)', 'Beef cattle, calf (weaned)', 'Meat, chicken, leg', 'Sheep', 'Layer chicken', 'Beef cattle, cow', 'Poultry by-product meal', 'Meat', 'Milk, cow, raw', 'Hides, dairy cattle, fresh', 'Pig, sow', 'Meat, beef cattle (liveweight)', 'Dairy cattle, heifer', 'Meat, sheep (cold carcass weight)']",78,microsoft/deberta-v3-small,Product,standardized,rag
79,"Agri-food processor producing meat, chicken, leg in netherlands. cycle description: slaughter - organic. Additional Relevant Context: Chicken ready for consumption","[0, 0, 0, 0, 0, 0, 0, 0, 0, 0, 0, 0, 0, 0, 0, 0, 0, 0, 0, 0, 0, 0, 0, 0, 0, 0, 0, 0, 0, 0, 0, 0, 0, 0, 0, 0, 0, 0, 0, 0, 0, 0, 0, 0, 0, 0, 0, 1, 0, 0, 0, 0, 1, 0, 0, 0, 0, 0, 0]","[0, 0, 0, 0, 0, 0, 0, 0, 0, 0, 0, 0, 0, 0, 0, 0, 0, 0, 0, 0, 0, 0, 0, 0, 0, 0, 0, 0, 0, 0, 0, 0, 0, 0, 0, 0, 0, 0, 0, 0, 0, 0, 0, 0, 0, 0, 0, 0, 0, 0, 0, 0, 1, 0, 0, 0, 0, 0, 0]","['Meat, beef cattle (cold carcass weight)', 'Meat, pig (cold dressed carcass weight)', 'Meat, chicken, breast', 'Milk, cow, raw (FPCM)', 'Broiler chicken', 'Beef cattle', 'Hides', 'Sheep, ewe', 'Beef cattle, heifer', 'Beef cattle, calf (female, weaned)', 'Dairy cattle, calf (weaned)', 'Cattle', 'Wool, sheep (greasy)', 'Meat, dairy cattle (liveweight)', 'Beef cattle, steer', 'Meat, sheep (liveweight)', 'Beef cattle, heifer and steer', 'Dairy cattle, cow', 'Cattle, urine (kg mass)', 'Dairy cattle', 'Layer chicken, hen', 'Sheep, lamb (male, unweaned)', 'Meat, chicken, wings', 'Wool', 'Eggs, hen, in shell (number)', 'Pig', 'Broiler chicken, hen', 'Dairy cattle, calf (male, unweaned)', 'Meat, dairy cattle (cold carcass weight)', 'Dairy cattle, calf', 'Beef cattle, calf (male, weaned)', 'Meat, beef cattle (cold dressed carcass weight)', 'Eggs, hen, in shell', 'Broiler chicken, chick', 'Meat, chicken (liveweight)', 'Pig, piglet', 'Layer chicken, pullet', 'Sheep, lamb (female, unweaned)', 'Milk', 'Beef cattle, bull', 'Eggs', 'Sheep, lamb', 'Dairy cattle, calf (female, weaned)', 'Sheep, ram', 'Sheep, lamb (weaned)', 'Meat, chicken (cold carcass weight)', 'Beef cattle, calf (weaned)', 'Meat, chicken, leg', 'Sheep', 'Layer chicken', 'Beef cattle, cow', 'Poultry by-product meal', 'Meat', 'Milk, cow, raw', 'Hides, dairy cattle, fresh', 'Pig, sow', 'Meat, beef cattle (liveweight)', 'Dairy cattle, heifer', 'Meat, sheep (cold carcass weight)']",79,microsoft/deberta-v3-small,Product,standardized,rag
3,"Permanent pasture producing beef cattle, bull in ireland. What is in the system boundary? Additional Relevant Context: 
animalFeed: False
animalPopulation: True
cropResidue: True
electricityFuel: True
excreta: True
fertiliser: True
freshForage: True
ingredient: False
liveAnimalInput: True
material: False
operation: True
otherChemical: True
pesticideVeterinaryDrug: True
seed: False
soilAmendment: True
transport: True
waste: True
water: True
product: True","[1, 0, 1, 0, 0, 0, 1, 1, 1, 1, 0, 1, 0, 1, 0, 1, 0, 1, 1]","[0, 0, 1, 0, 0, 0, 1, 1, 1, 0, 0, 1, 0, 1, 0, 1, 0, 1, 1]","['True_animalFeed', 'True_water', 'True_liveAnimalInput', 'True_electricityFuel', 'True_transport', 'True_pesticideVeterinaryDrug', 'True_seed', 'True_otherChemical', 'True_animalPopulation', 'True_freshForage', 'True_excreta', 'True_product', 'True_waste', 'True_soilAmendment', 'True_operation', 'True_fertiliser', 'True_material', 'True_ingredient', 'True_cropResidue']",3,climatebert/distilroberta-base-climate-f,System Boundary,standardized,rag
5,"Broiler chicken produced in russia. cycle description: poultry production under the conditions of the central region in european russia. What is in the system boundary? Additional Relevant Context: animalFeed: True
animalPopulation: True
cropResidue: False
electricityFuel: True
excreta: True
fertiliser: False
freshForage: False
ingredient: True
liveAnimalInput: True
material: True
operation: True
otherChemical: False
pesticideVeterinaryDrug: False
seed: False
soilAmendment: False
transport: True
waste: True
water: True
product: True","[1, 0, 1, 1, 0, 1, 1, 1, 1, 1, 1, 1, 0, 1, 0, 1, 0, 1, 1]","[1, 0, 1, 1, 0, 0, 1, 1, 1, 1, 0, 1, 0, 1, 0, 1, 0, 1, 1]","['True_animalFeed', 'True_water', 'True_liveAnimalInput', 'True_electricityFuel', 'True_transport', 'True_pesticideVeterinaryDrug', 'True_seed', 'True_otherChemical', 'True_animalPopulation', 'True_freshForage', 'True_excreta', 'True_product', 'True_waste', 'True_soilAmendment', 'True_operation', 'True_fertiliser', 'True_material', 'True_ingredient', 'True_cropResidue']",5,climatebert/distilroberta-base-climate-f,System Boundary,standardized,rag
8,"Animal housing producing beef cattle, steer in ireland. cycle description: 24mo treatment where steers are offered grass silage ad libitum plus 1.5 kg dm of concentrate per head daily over the winter period, turned out to pasture for 210 days, and finished indoors on grass silage ad libitum plus 5 kg dm of concentrate per head daily and slaughtered at 24 months of age - (this is the finishing stage). What is in the system boundary? Additional Relevant Context: 
animalFeed: True
animalPopulation: True
cropResidue: True
electricityFuel: True
excreta: True
fertiliser: True
freshForage: True
ingredient: False
liveAnimalInput: True
material: False
operation: False
otherChemical: False
pesticideVeterinaryDrug: False
seed: False
soilAmendment: True
transport: False
waste: True
water: True
product: True","[0, 0, 1, 1, 1, 0, 0, 1, 1, 0, 0, 1, 0, 0, 1, 0, 0, 1, 1]","[0, 0, 1, 1, 1, 0, 0, 1, 1, 0, 0, 1, 0, 0, 1, 0, 0, 1, 0]","['True_animalFeed', 'True_water', 'True_liveAnimalInput', 'True_electricityFuel', 'True_transport', 'True_pesticideVeterinaryDrug', 'True_seed', 'True_otherChemical', 'True_animalPopulation', 'True_freshForage', 'True_excreta', 'True_product', 'True_waste', 'True_soilAmendment', 'True_operation', 'True_fertiliser', 'True_material', 'True_ingredient', 'True_cropResidue']",8,climatebert/distilroberta-base-climate-f,System Boundary,standardized,rag
10,"Permanent pasture producing beef cattle, calf (weaned) in spain. cycle description: average annual production data across 6 different organic dehesa cattle farms. cow-calf operation. What is in the system boundary? Additional Relevant Context: animalFeed: False
animalPopulation: True
cropResidue: False
electricityFuel: False
excreta: False
fertiliser: False
freshForage: True
ingredient: False
liveAnimalInput: True
material: False
operation: False
otherChemical: False
pesticideVeterinaryDrug: False
seed: False
soilAmendment: False
transport: True
waste: False
water: False
product: True","[1, 1, 0, 0, 0, 1, 1, 1, 1, 1, 0, 1, 0, 0, 0, 0, 0, 1, 1]","[1, 1, 0, 0, 0, 0, 1, 1, 1, 1, 0, 1, 0, 0, 0, 0, 0, 1, 1]","['True_animalFeed', 'True_water', 'True_liveAnimalInput', 'True_electricityFuel', 'True_transport', 'True_pesticideVeterinaryDrug', 'True_seed', 'True_otherChemical', 'True_animalPopulation', 'True_freshForage', 'True_excreta', 'True_product', 'True_waste', 'True_soilAmendment', 'True_operation', 'True_fertiliser', 'True_material', 'True_ingredient', 'True_cropResidue']",10,climatebert/distilroberta-base-climate-f,System Boundary,standardized,rag
13,"Animal housing producing broiler chicken in netherlands. cycle description: broiler production - conventional. site description: conventional. What is in the system boundary? Additional Relevant Context: animalFeed: True
animalPopulation: True
cropResidue: False
electricityFuel: True
excreta: True
fertiliser: True
freshForage: False
ingredient: True
liveAnimalInput: True
material: True
operation: True
otherChemical: True
pesticideVeterinaryDrug: False
seed: False
soilAmendment: False
transport: True
waste: True
water: True
product: True","[1, 1, 1, 1, 0, 0, 1, 1, 1, 1, 1, 1, 0, 1, 0, 1, 0, 1, 1]","[1, 0, 1, 0, 0, 0, 1, 1, 1, 1, 0, 1, 0, 1, 0, 1, 0, 1, 1]","['True_animalFeed', 'True_water', 'True_liveAnimalInput', 'True_electricityFuel', 'True_transport', 'True_pesticideVeterinaryDrug', 'True_seed', 'True_otherChemical', 'True_animalPopulation', 'True_freshForage', 'True_excreta', 'True_product', 'True_waste', 'True_soilAmendment', 'True_operation', 'True_fertiliser', 'True_material', 'True_ingredient', 'True_cropResidue']",13,climatebert/distilroberta-base-climate-f,System Boundary,standardized,rag
14,"Animal housing producing meat, dairy cattle (liveweight) in denmark. cycle description: organic dairy. What is in the system boundary? Additional Relevant Context: 
animalFeed: False
animalPopulation: True
cropResidue: True
electricityFuel: False
excreta: True
fertiliser: False
freshForage: True
ingredient: False
liveAnimalInput: True
material: False
operation: False
otherChemical: False
pesticideVeterinaryDrug: False
seed: False
soilAmendment: False
transport: False
waste: True
water: False
product: True","[1, 0, 1, 0, 0, 1, 1, 1, 1, 1, 0, 1, 0, 1, 0, 1, 0, 1, 1]","[1, 0, 1, 0, 0, 0, 1, 1, 1, 1, 0, 1, 0, 1, 0, 1, 0, 1, 1]","['True_animalFeed', 'True_water', 'True_liveAnimalInput', 'True_electricityFuel', 'True_transport', 'True_pesticideVeterinaryDrug', 'True_seed', 'True_otherChemical', 'True_animalPopulation', 'True_freshForage', 'True_excreta', 'True_product', 'True_waste', 'True_soilAmendment', 'True_operation', 'True_fertiliser', 'True_material', 'True_ingredient', 'True_cropResidue']",14,climatebert/distilroberta-base-climate-f,System Boundary,standardized,rag
18,"Animal housing producing beef cattle, bull in ireland. site description: animal housing, winter housing and alc. What is in the system boundary? Additional Relevant Context: 
animalFeed: False
animalPopulation: True
cropResidue: False
electricityFuel: True
excreta: False
fertiliser: True
freshForage: True
ingredient: False
liveAnimalInput: True
material: False
operation: False
otherChemical: False
pesticideVeterinaryDrug: False
seed: False
soilAmendment: False
transport: True
waste: False
water: True
product: True","[1, 0, 1, 0, 0, 0, 1, 1, 1, 0, 0, 1, 0, 0, 0, 0, 0, 1, 1]","[1, 0, 1, 0, 0, 0, 0, 1, 1, 1, 0, 1, 0, 0, 0, 0, 0, 1, 1]","['True_animalFeed', 'True_water', 'True_liveAnimalInput', 'True_electricityFuel', 'True_transport', 'True_pesticideVeterinaryDrug', 'True_seed', 'True_otherChemical', 'True_animalPopulation', 'True_freshForage', 'True_excreta', 'True_product', 'True_waste', 'True_soilAmendment', 'True_operation', 'True_fertiliser', 'True_material', 'True_ingredient', 'True_cropResidue']",18,climatebert/distilroberta-base-climate-f,System Boundary,standardized,rag
19,"Animal housing producing broiler chicken in malaysia. cycle description: broiler chicken production. site description: 4 animal houses on the farm. this cycle represents one of the housing systems based on the fu. What is in the system boundary? Additional Relevant Context: animalFeed: True
animalPopulation: True
cropResidue: False
electricityFuel: True
excreta: True
fertiliser: False
freshForage: False
ingredient: True
liveAnimalInput: True
material: True
operation: True
otherChemical: True
pesticideVeterinaryDrug: True
seed: False
soilAmendment: False
transport: True
waste: True
water: True
product: True","[1, 1, 1, 1, 0, 0, 1, 1, 1, 1, 1, 1, 1, 1, 0, 1, 0, 1, 1]","[1, 1, 1, 1, 0, 0, 1, 1, 1, 1, 0, 1, 0, 1, 0, 1, 0, 1, 1]","['True_animalFeed', 'True_water', 'True_liveAnimalInput', 'True_electricityFuel', 'True_transport', 'True_pesticideVeterinaryDrug', 'True_seed', 'True_otherChemical', 'True_animalPopulation', 'True_freshForage', 'True_excreta', 'True_product', 'True_waste', 'True_soilAmendment', 'True_operation', 'True_fertiliser', 'True_material', 'True_ingredient', 'True_cropResidue']",19,climatebert/distilroberta-base-climate-f,System Boundary,standardized,rag
21,"Permanent pasture producing beef cattle, heifer and steer in united kingdom. cycle description: permanent pasture fields. site description: permanent pasture fields, north wyke farm platform. What is in the system boundary? Additional Relevant Context: animalFeed: False, animalPopulation: True, cropResidue: False, electricityFuel: False, excreta: False, fertiliser: False, freshForage: True, ingredient: False, liveAnimalInput: True, material: False, operation: False, otherChemical: False, pesticideVeterinaryDrug: False, seed: False, soilAmendment: False, transport: False, waste: False, water: False, product: True","[1, 0, 1, 1, 0, 1, 1, 1, 1, 1, 0, 1, 0, 1, 1, 1, 0, 1, 1]","[1, 0, 1, 1, 0, 1, 1, 1, 1, 1, 0, 1, 0, 1, 1, 1, 0, 1, 0]","['True_animalFeed', 'True_water', 'True_liveAnimalInput', 'True_electricityFuel', 'True_transport', 'True_pesticideVeterinaryDrug', 'True_seed', 'True_otherChemical', 'True_animalPopulation', 'True_freshForage', 'True_excreta', 'True_product', 'True_waste', 'True_soilAmendment', 'True_operation', 'True_fertiliser', 'True_material', 'True_ingredient', 'True_cropResidue']",21,climatebert/distilroberta-base-climate-f,System Boundary,standardized,rag
59,"Animal housing producing beef cattle, steer in ireland. cycle description: 24mo treatment where steers are offered grass silage ad libitum plus 1.5 kg dm of concentrate per head daily over the winter period, turned out to pasture for 210 days, and finished indoors on grass silage ad libitum plus 5 kg dm of concentrate per head daily and slaughtered at 24 months of age (24mo) - (this is the winter housing stage). What is in the system boundary? Additional Relevant Context: 
animalFeed: True
animalPopulation: True
cropResidue: True
electricityFuel: True
excreta: True
fertiliser: True
freshForage: True
ingredient: False
liveAnimalInput: True
material: False
operation: False
otherChemical: False
pesticideVeterinaryDrug: False
seed: False
soilAmendment: False
transport: False
waste: True
water: True
product: True","[0, 0, 1, 1, 1, 0, 0, 1, 1, 0, 0, 1, 0, 0, 1, 0, 0, 1, 1]","[0, 0, 1, 1, 1, 0, 0, 1, 1, 0, 0, 1, 0, 0, 1, 0, 0, 1, 0]","['True_animalFeed', 'True_water', 'True_liveAnimalInput', 'True_electricityFuel', 'True_transport', 'True_pesticideVeterinaryDrug', 'True_seed', 'True_otherChemical', 'True_animalPopulation', 'True_freshForage', 'True_excreta', 'True_product', 'True_waste', 'True_soilAmendment', 'True_operation', 'True_fertiliser', 'True_material', 'True_ingredient', 'True_cropResidue']",59,climatebert/distilroberta-base-climate-f,System Boundary,standardized,rag
63,"Animal housing producing beef cattle, steer in ireland. cycle description: 21mo treatment where steers are offered grass silage ad libitum plus 1.5 kg dm of concentrate per head daily over the winter period, turned out to pasture for 175 days, finished at pasture supplemented with 5 kg dm of concentrate per head daily for 60 days and slaughtered at 21 months of age - (this is the winter housing period). What is in the system boundary? Additional Relevant Context: 
animalFeed: True
animalPopulation: True
cropResidue: True
electricityFuel: True
excreta: True
fertiliser: True
freshForage: True
ingredient: False
liveAnimalInput: True
material: False
operation: False
otherChemical: False
pesticideVeterinaryDrug: False
seed: False
soilAmendment: False
transport: False
waste: True
water: True
product: True","[0, 0, 1, 1, 1, 0, 0, 1, 1, 0, 0, 1, 0, 0, 1, 0, 0, 1, 1]","[0, 0, 1, 1, 1, 0, 0, 1, 1, 0, 0, 1, 0, 0, 1, 0, 0, 1, 0]","['True_animalFeed', 'True_water', 'True_liveAnimalInput', 'True_electricityFuel', 'True_transport', 'True_pesticideVeterinaryDrug', 'True_seed', 'True_otherChemical', 'True_animalPopulation', 'True_freshForage', 'True_excreta', 'True_product', 'True_waste', 'True_soilAmendment', 'True_operation', 'True_fertiliser', 'True_material', 'True_ingredient', 'True_cropResidue']",63,climatebert/distilroberta-base-climate-f,System Boundary,standardized,rag
75,"Permanent pasture producing beef cattle, steer in ireland. cycle description: 21mo treatment where steers are offered grass silage ad libitum plus 1.5 kg dm of concentrate per head daily over the winter period, turned out to pasture for 175 days, finished at pasture supplemented with 5 kg dm of concentrate per head daily for 60 days and slaughtered at 21 months of age - (this is the finishing period). What is in the system boundary? Additional Relevant Context: 
animalFeed: True
animalPopulation: True
cropResidue: True
electricityFuel: True
excreta: True
fertiliser: True
freshForage: True
ingredient: False
liveAnimalInput: True
material: False
operation: False
otherChemical: False
pesticideVeterinaryDrug: False
seed: False
soilAmendment: True
transport: False
waste: True
water: True
product: True","[1, 0, 1, 1, 1, 0, 0, 1, 1, 1, 0, 1, 0, 0, 1, 0, 0, 1, 0]","[0, 0, 1, 1, 1, 0, 0, 1, 1, 0, 0, 1, 0, 0, 1, 0, 0, 1, 0]","['True_animalFeed', 'True_water', 'True_liveAnimalInput', 'True_electricityFuel', 'True_transport', 'True_pesticideVeterinaryDrug', 'True_seed', 'True_otherChemical', 'True_animalPopulation', 'True_freshForage', 'True_excreta', 'True_product', 'True_waste', 'True_soilAmendment', 'True_operation', 'True_fertiliser', 'True_material', 'True_ingredient', 'True_cropResidue']",75,climatebert/distilroberta-base-climate-f,System Boundary,standardized,rag
76,"Agri-food processor producing meat, beef cattle (liveweight) in brazil. cycle description: meat production. What is in the system boundary? Additional Relevant Context: 
animalFeed: False
animalPopulation: False
cropResidue: False
electricityFuel: False
excreta: False
fertiliser: False
freshForage: False
ingredient: False
liveAnimalInput: False
material: False
operation: False
otherChemical: False
pesticideVeterinaryDrug: False
seed: False
soilAmendment: False
transport: False
waste: False
water: False
product: True","[1, 1, 1, 0, 0, 1, 1, 1, 1, 1, 1, 1, 0, 1, 0, 1, 0, 1, 1]","[1, 1, 1, 0, 1, 1, 1, 1, 1, 1, 1, 0, 0, 1, 0, 1, 0, 1, 1]","['True_animalFeed', 'True_water', 'True_liveAnimalInput', 'True_electricityFuel', 'True_transport', 'True_pesticideVeterinaryDrug', 'True_seed', 'True_otherChemical', 'True_animalPopulation', 'True_freshForage', 'True_excreta', 'True_product', 'True_waste', 'True_soilAmendment', 'True_operation', 'True_fertiliser', 'True_material', 'True_ingredient', 'True_cropResidue']",76,climatebert/distilroberta-base-climate-f,System Boundary,standardized,rag
77,"Milk, cow, raw produced in united kingdom. cycle description: control merit cows, in novel home-grown system (all feed grown on fam using legume protein sources, animals housed for one period each day). What is in the system boundary? Additional Relevant Context: 
animalFeed: True
animalPopulation: True
cropResidue: True
electricityFuel: True
excreta: True
fertiliser: True
freshForage: True
ingredient: False
liveAnimalInput: True
material: True
operation: True
otherChemical: True
pesticideVeterinaryDrug: True
seed: True
soilAmendment: True
transport: True
waste: True
water: True
product: True","[1, 0, 1, 1, 0, 0, 1, 1, 1, 0, 0, 0, 0, 0, 0, 1, 0, 1, 1]","[1, 0, 1, 1, 0, 0, 1, 1, 1, 1, 0, 0, 0, 1, 0, 1, 0, 1, 1]","['True_animalFeed', 'True_water', 'True_liveAnimalInput', 'True_electricityFuel', 'True_transport', 'True_pesticideVeterinaryDrug', 'True_seed', 'True_otherChemical', 'True_animalPopulation', 'True_freshForage', 'True_excreta', 'True_product', 'True_waste', 'True_soilAmendment', 'True_operation', 'True_fertiliser', 'True_material', 'True_ingredient', 'True_cropResidue']",77,climatebert/distilroberta-base-climate-f,System Boundary,standardized,rag
3,"Permanent pasture producing beef cattle, bull in ireland. What is in the system boundary? Additional Relevant Context: 
animalFeed: False
animalPopulation: True
cropResidue: True
electricityFuel: True
excreta: True
fertiliser: True
freshForage: True
ingredient: False
liveAnimalInput: True
material: False
operation: True
otherChemical: True
pesticideVeterinaryDrug: True
seed: False
soilAmendment: True
transport: True
waste: True
water: True
product: True","[1, 0, 1, 0, 0, 0, 1, 1, 1, 1, 0, 1, 0, 1, 0, 1, 0, 1, 1]","[0, 0, 1, 0, 0, 0, 1, 1, 1, 0, 0, 1, 0, 1, 0, 1, 0, 1, 1]","['True_animalFeed', 'True_water', 'True_liveAnimalInput', 'True_electricityFuel', 'True_transport', 'True_pesticideVeterinaryDrug', 'True_seed', 'True_otherChemical', 'True_animalPopulation', 'True_freshForage', 'True_excreta', 'True_product', 'True_waste', 'True_soilAmendment', 'True_operation', 'True_fertiliser', 'True_material', 'True_ingredient', 'True_cropResidue']",3,ESGBERT/EnvironmentalBERT-base,System Boundary,standardized,rag
5,"Broiler chicken produced in russia. cycle description: poultry production under the conditions of the central region in european russia. What is in the system boundary? Additional Relevant Context: animalFeed: True
animalPopulation: True
cropResidue: False
electricityFuel: True
excreta: True
fertiliser: False
freshForage: False
ingredient: True
liveAnimalInput: True
material: True
operation: True
otherChemical: False
pesticideVeterinaryDrug: False
seed: False
soilAmendment: False
transport: True
waste: True
water: True
product: True","[1, 0, 1, 1, 0, 1, 1, 1, 1, 1, 1, 1, 0, 1, 0, 1, 0, 1, 1]","[1, 0, 1, 1, 0, 1, 1, 1, 1, 1, 0, 1, 0, 1, 0, 1, 0, 1, 1]","['True_animalFeed', 'True_water', 'True_liveAnimalInput', 'True_electricityFuel', 'True_transport', 'True_pesticideVeterinaryDrug', 'True_seed', 'True_otherChemical', 'True_animalPopulation', 'True_freshForage', 'True_excreta', 'True_product', 'True_waste', 'True_soilAmendment', 'True_operation', 'True_fertiliser', 'True_material', 'True_ingredient', 'True_cropResidue']",5,ESGBERT/EnvironmentalBERT-base,System Boundary,standardized,rag
8,"Animal housing producing beef cattle, steer in ireland. cycle description: 24mo treatment where steers are offered grass silage ad libitum plus 1.5 kg dm of concentrate per head daily over the winter period, turned out to pasture for 210 days, and finished indoors on grass silage ad libitum plus 5 kg dm of concentrate per head daily and slaughtered at 24 months of age - (this is the finishing stage). What is in the system boundary? Additional Relevant Context: 
animalFeed: True
animalPopulation: True
cropResidue: True
electricityFuel: True
excreta: True
fertiliser: True
freshForage: True
ingredient: False
liveAnimalInput: True
material: False
operation: False
otherChemical: False
pesticideVeterinaryDrug: False
seed: False
soilAmendment: True
transport: False
waste: True
water: True
product: True","[0, 0, 1, 1, 1, 0, 0, 1, 1, 0, 0, 1, 0, 0, 1, 0, 0, 1, 1]","[0, 0, 1, 1, 1, 0, 0, 1, 1, 0, 0, 1, 0, 0, 1, 0, 0, 1, 0]","['True_animalFeed', 'True_water', 'True_liveAnimalInput', 'True_electricityFuel', 'True_transport', 'True_pesticideVeterinaryDrug', 'True_seed', 'True_otherChemical', 'True_animalPopulation', 'True_freshForage', 'True_excreta', 'True_product', 'True_waste', 'True_soilAmendment', 'True_operation', 'True_fertiliser', 'True_material', 'True_ingredient', 'True_cropResidue']",8,ESGBERT/EnvironmentalBERT-base,System Boundary,standardized,rag
10,"Permanent pasture producing beef cattle, calf (weaned) in spain. cycle description: average annual production data across 6 different organic dehesa cattle farms. cow-calf operation. What is in the system boundary? Additional Relevant Context: animalFeed: False
animalPopulation: True
cropResidue: False
electricityFuel: False
excreta: False
fertiliser: False
freshForage: True
ingredient: False
liveAnimalInput: True
material: False
operation: False
otherChemical: False
pesticideVeterinaryDrug: False
seed: False
soilAmendment: False
transport: True
waste: False
water: False
product: True","[1, 1, 0, 0, 0, 1, 1, 1, 1, 1, 0, 1, 0, 0, 0, 0, 0, 1, 1]","[1, 1, 0, 0, 0, 0, 1, 1, 1, 1, 0, 1, 0, 0, 0, 0, 0, 1, 1]","['True_animalFeed', 'True_water', 'True_liveAnimalInput', 'True_electricityFuel', 'True_transport', 'True_pesticideVeterinaryDrug', 'True_seed', 'True_otherChemical', 'True_animalPopulation', 'True_freshForage', 'True_excreta', 'True_product', 'True_waste', 'True_soilAmendment', 'True_operation', 'True_fertiliser', 'True_material', 'True_ingredient', 'True_cropResidue']",10,ESGBERT/EnvironmentalBERT-base,System Boundary,standardized,rag
13,"Animal housing producing broiler chicken in netherlands. cycle description: broiler production - conventional. site description: conventional. What is in the system boundary? Additional Relevant Context: animalFeed: True
animalPopulation: True
cropResidue: False
electricityFuel: True
excreta: True
fertiliser: True
freshForage: False
ingredient: True
liveAnimalInput: True
material: True
operation: True
otherChemical: True
pesticideVeterinaryDrug: False
seed: False
soilAmendment: False
transport: True
waste: True
water: True
product: True","[1, 1, 1, 1, 0, 0, 1, 1, 1, 1, 1, 1, 0, 1, 0, 1, 0, 1, 1]","[1, 0, 1, 0, 0, 0, 1, 1, 1, 1, 0, 1, 0, 1, 0, 1, 0, 1, 1]","['True_animalFeed', 'True_water', 'True_liveAnimalInput', 'True_electricityFuel', 'True_transport', 'True_pesticideVeterinaryDrug', 'True_seed', 'True_otherChemical', 'True_animalPopulation', 'True_freshForage', 'True_excreta', 'True_product', 'True_waste', 'True_soilAmendment', 'True_operation', 'True_fertiliser', 'True_material', 'True_ingredient', 'True_cropResidue']",13,ESGBERT/EnvironmentalBERT-base,System Boundary,standardized,rag
14,"Animal housing producing meat, dairy cattle (liveweight) in denmark. cycle description: organic dairy. What is in the system boundary? Additional Relevant Context: 
animalFeed: False
animalPopulation: True
cropResidue: True
electricityFuel: False
excreta: True
fertiliser: False
freshForage: True
ingredient: False
liveAnimalInput: True
material: False
operation: False
otherChemical: False
pesticideVeterinaryDrug: False
seed: False
soilAmendment: False
transport: False
waste: True
water: False
product: True","[1, 0, 1, 0, 0, 1, 1, 1, 1, 1, 0, 1, 0, 1, 0, 1, 0, 1, 1]","[1, 0, 1, 0, 0, 0, 1, 1, 1, 1, 0, 1, 0, 1, 0, 1, 0, 1, 1]","['True_animalFeed', 'True_water', 'True_liveAnimalInput', 'True_electricityFuel', 'True_transport', 'True_pesticideVeterinaryDrug', 'True_seed', 'True_otherChemical', 'True_animalPopulation', 'True_freshForage', 'True_excreta', 'True_product', 'True_waste', 'True_soilAmendment', 'True_operation', 'True_fertiliser', 'True_material', 'True_ingredient', 'True_cropResidue']",14,ESGBERT/EnvironmentalBERT-base,System Boundary,standardized,rag
18,"Animal housing producing beef cattle, bull in ireland. site description: animal housing, winter housing and alc. What is in the system boundary? Additional Relevant Context: 
animalFeed: False
animalPopulation: True
cropResidue: False
electricityFuel: True
excreta: False
fertiliser: True
freshForage: True
ingredient: False
liveAnimalInput: True
material: False
operation: False
otherChemical: False
pesticideVeterinaryDrug: False
seed: False
soilAmendment: False
transport: True
waste: False
water: True
product: True","[1, 0, 1, 0, 0, 0, 1, 1, 1, 0, 0, 1, 0, 0, 0, 0, 0, 1, 1]","[1, 0, 1, 0, 0, 0, 0, 1, 1, 1, 0, 1, 0, 0, 0, 0, 0, 1, 1]","['True_animalFeed', 'True_water', 'True_liveAnimalInput', 'True_electricityFuel', 'True_transport', 'True_pesticideVeterinaryDrug', 'True_seed', 'True_otherChemical', 'True_animalPopulation', 'True_freshForage', 'True_excreta', 'True_product', 'True_waste', 'True_soilAmendment', 'True_operation', 'True_fertiliser', 'True_material', 'True_ingredient', 'True_cropResidue']",18,ESGBERT/EnvironmentalBERT-base,System Boundary,standardized,rag
19,"Animal housing producing broiler chicken in malaysia. cycle description: broiler chicken production. site description: 4 animal houses on the farm. this cycle represents one of the housing systems based on the fu. What is in the system boundary? Additional Relevant Context: animalFeed: True
animalPopulation: True
cropResidue: False
electricityFuel: True
excreta: True
fertiliser: False
freshForage: False
ingredient: True
liveAnimalInput: True
material: True
operation: True
otherChemical: True
pesticideVeterinaryDrug: True
seed: False
soilAmendment: False
transport: True
waste: True
water: True
product: True","[1, 1, 1, 1, 0, 0, 1, 1, 1, 1, 1, 1, 1, 1, 0, 1, 0, 1, 1]","[1, 0, 1, 0, 0, 0, 1, 1, 1, 1, 0, 1, 0, 1, 0, 1, 0, 1, 1]","['True_animalFeed', 'True_water', 'True_liveAnimalInput', 'True_electricityFuel', 'True_transport', 'True_pesticideVeterinaryDrug', 'True_seed', 'True_otherChemical', 'True_animalPopulation', 'True_freshForage', 'True_excreta', 'True_product', 'True_waste', 'True_soilAmendment', 'True_operation', 'True_fertiliser', 'True_material', 'True_ingredient', 'True_cropResidue']",19,ESGBERT/EnvironmentalBERT-base,System Boundary,standardized,rag
21,"Permanent pasture producing beef cattle, heifer and steer in united kingdom. cycle description: permanent pasture fields. site description: permanent pasture fields, north wyke farm platform. What is in the system boundary? Additional Relevant Context: animalFeed: False, animalPopulation: True, cropResidue: False, electricityFuel: False, excreta: False, fertiliser: False, freshForage: True, ingredient: False, liveAnimalInput: True, material: False, operation: False, otherChemical: False, pesticideVeterinaryDrug: False, seed: False, soilAmendment: False, transport: False, waste: False, water: False, product: True","[1, 0, 1, 1, 0, 1, 1, 1, 1, 1, 0, 1, 0, 1, 1, 1, 0, 1, 1]","[1, 0, 1, 1, 0, 1, 1, 1, 1, 1, 0, 1, 0, 1, 1, 1, 0, 1, 0]","['True_animalFeed', 'True_water', 'True_liveAnimalInput', 'True_electricityFuel', 'True_transport', 'True_pesticideVeterinaryDrug', 'True_seed', 'True_otherChemical', 'True_animalPopulation', 'True_freshForage', 'True_excreta', 'True_product', 'True_waste', 'True_soilAmendment', 'True_operation', 'True_fertiliser', 'True_material', 'True_ingredient', 'True_cropResidue']",21,ESGBERT/EnvironmentalBERT-base,System Boundary,standardized,rag
50,"Permanent pasture producing beef cattle, heifer in brazil. cycle description: beef, fertilized guinea grass (panicum maximum cv. tanzânia) pasture + 75-day finishing period in confinement (scenario 5). site description: cerrado (goiás, mato grosso do sul, mato grosso, tocantins and minas gerais states). What is in the system boundary? Additional Relevant Context: animalFeed: True
animalPopulation: True
cropResidue: True
electricityFuel: True
excreta: True
fertiliser: True
freshForage: True
ingredient: False
liveAnimalInput: True
material: True
operation: True
otherChemical: True
pesticideVeterinaryDrug: True
seed: False
soilAmendment: True
transport: True
waste: True
water: True
product: True","[1, 1, 0, 1, 0, 0, 1, 1, 1, 1, 1, 1, 0, 1, 0, 1, 0, 1, 0]","[1, 0, 0, 1, 0, 0, 1, 1, 1, 0, 1, 1, 0, 1, 0, 1, 0, 1, 0]","['True_animalFeed', 'True_water', 'True_liveAnimalInput', 'True_electricityFuel', 'True_transport', 'True_pesticideVeterinaryDrug', 'True_seed', 'True_otherChemical', 'True_animalPopulation', 'True_freshForage', 'True_excreta', 'True_product', 'True_waste', 'True_soilAmendment', 'True_operation', 'True_fertiliser', 'True_material', 'True_ingredient', 'True_cropResidue']",50,ESGBERT/EnvironmentalBERT-base,System Boundary,standardized,rag
59,"Animal housing producing beef cattle, steer in ireland. cycle description: 24mo treatment where steers are offered grass silage ad libitum plus 1.5 kg dm of concentrate per head daily over the winter period, turned out to pasture for 210 days, and finished indoors on grass silage ad libitum plus 5 kg dm of concentrate per head daily and slaughtered at 24 months of age (24mo) - (this is the winter housing stage). What is in the system boundary? Additional Relevant Context: 
animalFeed: True
animalPopulation: True
cropResidue: True
electricityFuel: True
excreta: True
fertiliser: True
freshForage: True
ingredient: False
liveAnimalInput: True
material: False
operation: False
otherChemical: False
pesticideVeterinaryDrug: False
seed: False
soilAmendment: False
transport: False
waste: True
water: True
product: True","[0, 0, 1, 1, 1, 0, 0, 1, 1, 0, 0, 1, 0, 0, 1, 0, 0, 1, 1]","[0, 0, 1, 1, 1, 0, 0, 1, 1, 0, 0, 1, 0, 0, 1, 0, 0, 1, 0]","['True_animalFeed', 'True_water', 'True_liveAnimalInput', 'True_electricityFuel', 'True_transport', 'True_pesticideVeterinaryDrug', 'True_seed', 'True_otherChemical', 'True_animalPopulation', 'True_freshForage', 'True_excreta', 'True_product', 'True_waste', 'True_soilAmendment', 'True_operation', 'True_fertiliser', 'True_material', 'True_ingredient', 'True_cropResidue']",59,ESGBERT/EnvironmentalBERT-base,System Boundary,standardized,rag
63,"Animal housing producing beef cattle, steer in ireland. cycle description: 21mo treatment where steers are offered grass silage ad libitum plus 1.5 kg dm of concentrate per head daily over the winter period, turned out to pasture for 175 days, finished at pasture supplemented with 5 kg dm of concentrate per head daily for 60 days and slaughtered at 21 months of age - (this is the winter housing period). What is in the system boundary? Additional Relevant Context: 
animalFeed: True
animalPopulation: True
cropResidue: True
electricityFuel: True
excreta: True
fertiliser: True
freshForage: True
ingredient: False
liveAnimalInput: True
material: False
operation: False
otherChemical: False
pesticideVeterinaryDrug: False
seed: False
soilAmendment: False
transport: False
waste: True
water: True
product: True","[0, 0, 1, 1, 1, 0, 0, 1, 1, 0, 0, 1, 0, 0, 1, 0, 0, 1, 1]","[0, 0, 1, 1, 1, 0, 0, 1, 1, 0, 0, 1, 0, 0, 1, 0, 0, 1, 0]","['True_animalFeed', 'True_water', 'True_liveAnimalInput', 'True_electricityFuel', 'True_transport', 'True_pesticideVeterinaryDrug', 'True_seed', 'True_otherChemical', 'True_animalPopulation', 'True_freshForage', 'True_excreta', 'True_product', 'True_waste', 'True_soilAmendment', 'True_operation', 'True_fertiliser', 'True_material', 'True_ingredient', 'True_cropResidue']",63,ESGBERT/EnvironmentalBERT-base,System Boundary,standardized,rag
75,"Permanent pasture producing beef cattle, steer in ireland. cycle description: 21mo treatment where steers are offered grass silage ad libitum plus 1.5 kg dm of concentrate per head daily over the winter period, turned out to pasture for 175 days, finished at pasture supplemented with 5 kg dm of concentrate per head daily for 60 days and slaughtered at 21 months of age - (this is the finishing period). What is in the system boundary? Additional Relevant Context: 
animalFeed: True
animalPopulation: True
cropResidue: True
electricityFuel: True
excreta: True
fertiliser: True
freshForage: True
ingredient: False
liveAnimalInput: True
material: False
operation: False
otherChemical: False
pesticideVeterinaryDrug: False
seed: False
soilAmendment: True
transport: False
waste: True
water: True
product: True","[1, 0, 1, 1, 1, 0, 0, 1, 1, 1, 0, 1, 0, 0, 1, 0, 0, 1, 0]","[0, 0, 1, 1, 1, 0, 0, 1, 1, 0, 0, 1, 0, 0, 1, 0, 0, 1, 0]","['True_animalFeed', 'True_water', 'True_liveAnimalInput', 'True_electricityFuel', 'True_transport', 'True_pesticideVeterinaryDrug', 'True_seed', 'True_otherChemical', 'True_animalPopulation', 'True_freshForage', 'True_excreta', 'True_product', 'True_waste', 'True_soilAmendment', 'True_operation', 'True_fertiliser', 'True_material', 'True_ingredient', 'True_cropResidue']",75,ESGBERT/EnvironmentalBERT-base,System Boundary,standardized,rag
76,"Agri-food processor producing meat, beef cattle (liveweight) in brazil. cycle description: meat production. What is in the system boundary? Additional Relevant Context: 
animalFeed: False
animalPopulation: False
cropResidue: False
electricityFuel: False
excreta: False
fertiliser: False
freshForage: False
ingredient: False
liveAnimalInput: False
material: False
operation: False
otherChemical: False
pesticideVeterinaryDrug: False
seed: False
soilAmendment: False
transport: False
waste: False
water: False
product: True","[1, 1, 1, 0, 0, 1, 1, 1, 1, 1, 1, 1, 0, 1, 0, 1, 0, 1, 1]","[1, 0, 1, 0, 1, 1, 1, 1, 1, 1, 1, 0, 0, 1, 0, 1, 0, 1, 1]","['True_animalFeed', 'True_water', 'True_liveAnimalInput', 'True_electricityFuel', 'True_transport', 'True_pesticideVeterinaryDrug', 'True_seed', 'True_otherChemical', 'True_animalPopulation', 'True_freshForage', 'True_excreta', 'True_product', 'True_waste', 'True_soilAmendment', 'True_operation', 'True_fertiliser', 'True_material', 'True_ingredient', 'True_cropResidue']",76,ESGBERT/EnvironmentalBERT-base,System Boundary,standardized,rag
3,"Permanent pasture producing beef cattle, bull in ireland. What is in the system boundary? Additional Relevant Context: 
animalFeed: False
animalPopulation: True
cropResidue: True
electricityFuel: True
excreta: True
fertiliser: True
freshForage: True
ingredient: False
liveAnimalInput: True
material: False
operation: True
otherChemical: True
pesticideVeterinaryDrug: True
seed: False
soilAmendment: True
transport: True
waste: True
water: True
product: True","[1, 0, 1, 0, 0, 0, 1, 1, 1, 1, 0, 1, 0, 1, 0, 1, 0, 1, 1]","[0, 0, 1, 0, 0, 0, 1, 1, 1, 1, 0, 1, 0, 1, 0, 1, 0, 1, 1]","['True_animalFeed', 'True_water', 'True_liveAnimalInput', 'True_electricityFuel', 'True_transport', 'True_pesticideVeterinaryDrug', 'True_seed', 'True_otherChemical', 'True_animalPopulation', 'True_freshForage', 'True_excreta', 'True_product', 'True_waste', 'True_soilAmendment', 'True_operation', 'True_fertiliser', 'True_material', 'True_ingredient', 'True_cropResidue']",3,FacebookAI/roberta-large,System Boundary,standardized,rag
5,"Broiler chicken produced in russia. cycle description: poultry production under the conditions of the central region in european russia. What is in the system boundary? Additional Relevant Context: animalFeed: True
animalPopulation: True
cropResidue: False
electricityFuel: True
excreta: True
fertiliser: False
freshForage: False
ingredient: True
liveAnimalInput: True
material: True
operation: True
otherChemical: False
pesticideVeterinaryDrug: False
seed: False
soilAmendment: False
transport: True
waste: True
water: True
product: True","[1, 0, 1, 1, 0, 1, 1, 1, 1, 1, 1, 1, 0, 1, 0, 1, 0, 1, 1]","[1, 1, 1, 1, 0, 0, 1, 1, 1, 1, 1, 1, 0, 1, 0, 1, 0, 1, 1]","['True_animalFeed', 'True_water', 'True_liveAnimalInput', 'True_electricityFuel', 'True_transport', 'True_pesticideVeterinaryDrug', 'True_seed', 'True_otherChemical', 'True_animalPopulation', 'True_freshForage', 'True_excreta', 'True_product', 'True_waste', 'True_soilAmendment', 'True_operation', 'True_fertiliser', 'True_material', 'True_ingredient', 'True_cropResidue']",5,FacebookAI/roberta-large,System Boundary,standardized,rag
8,"Animal housing producing beef cattle, steer in ireland. cycle description: 24mo treatment where steers are offered grass silage ad libitum plus 1.5 kg dm of concentrate per head daily over the winter period, turned out to pasture for 210 days, and finished indoors on grass silage ad libitum plus 5 kg dm of concentrate per head daily and slaughtered at 24 months of age - (this is the finishing stage). What is in the system boundary? Additional Relevant Context: 
animalFeed: True
animalPopulation: True
cropResidue: True
electricityFuel: True
excreta: True
fertiliser: True
freshForage: True
ingredient: False
liveAnimalInput: True
material: False
operation: False
otherChemical: False
pesticideVeterinaryDrug: False
seed: False
soilAmendment: True
transport: False
waste: True
water: True
product: True","[0, 0, 1, 1, 1, 0, 0, 1, 1, 0, 0, 1, 0, 0, 1, 0, 0, 1, 1]","[0, 0, 1, 1, 1, 0, 0, 1, 1, 0, 0, 1, 0, 0, 1, 0, 0, 1, 0]","['True_animalFeed', 'True_water', 'True_liveAnimalInput', 'True_electricityFuel', 'True_transport', 'True_pesticideVeterinaryDrug', 'True_seed', 'True_otherChemical', 'True_animalPopulation', 'True_freshForage', 'True_excreta', 'True_product', 'True_waste', 'True_soilAmendment', 'True_operation', 'True_fertiliser', 'True_material', 'True_ingredient', 'True_cropResidue']",8,FacebookAI/roberta-large,System Boundary,standardized,rag
10,"Permanent pasture producing beef cattle, calf (weaned) in spain. cycle description: average annual production data across 6 different organic dehesa cattle farms. cow-calf operation. What is in the system boundary? Additional Relevant Context: animalFeed: False
animalPopulation: True
cropResidue: False
electricityFuel: False
excreta: False
fertiliser: False
freshForage: True
ingredient: False
liveAnimalInput: True
material: False
operation: False
otherChemical: False
pesticideVeterinaryDrug: False
seed: False
soilAmendment: False
transport: True
waste: False
water: False
product: True","[1, 1, 0, 0, 0, 1, 1, 1, 1, 1, 0, 1, 0, 0, 0, 0, 0, 1, 1]","[1, 1, 0, 0, 0, 0, 1, 1, 1, 1, 0, 1, 0, 0, 0, 0, 0, 1, 1]","['True_animalFeed', 'True_water', 'True_liveAnimalInput', 'True_electricityFuel', 'True_transport', 'True_pesticideVeterinaryDrug', 'True_seed', 'True_otherChemical', 'True_animalPopulation', 'True_freshForage', 'True_excreta', 'True_product', 'True_waste', 'True_soilAmendment', 'True_operation', 'True_fertiliser', 'True_material', 'True_ingredient', 'True_cropResidue']",10,FacebookAI/roberta-large,System Boundary,standardized,rag
13,"Animal housing producing broiler chicken in netherlands. cycle description: broiler production - conventional. site description: conventional. What is in the system boundary? Additional Relevant Context: animalFeed: True
animalPopulation: True
cropResidue: False
electricityFuel: True
excreta: True
fertiliser: True
freshForage: False
ingredient: True
liveAnimalInput: True
material: True
operation: True
otherChemical: True
pesticideVeterinaryDrug: False
seed: False
soilAmendment: False
transport: True
waste: True
water: True
product: True","[1, 1, 1, 1, 0, 0, 1, 1, 1, 1, 1, 1, 0, 1, 0, 1, 0, 1, 1]","[1, 0, 1, 0, 0, 0, 1, 1, 1, 1, 0, 1, 0, 1, 0, 1, 0, 1, 1]","['True_animalFeed', 'True_water', 'True_liveAnimalInput', 'True_electricityFuel', 'True_transport', 'True_pesticideVeterinaryDrug', 'True_seed', 'True_otherChemical', 'True_animalPopulation', 'True_freshForage', 'True_excreta', 'True_product', 'True_waste', 'True_soilAmendment', 'True_operation', 'True_fertiliser', 'True_material', 'True_ingredient', 'True_cropResidue']",13,FacebookAI/roberta-large,System Boundary,standardized,rag
14,"Animal housing producing meat, dairy cattle (liveweight) in denmark. cycle description: organic dairy. What is in the system boundary? Additional Relevant Context: 
animalFeed: False
animalPopulation: True
cropResidue: True
electricityFuel: False
excreta: True
fertiliser: False
freshForage: True
ingredient: False
liveAnimalInput: True
material: False
operation: False
otherChemical: False
pesticideVeterinaryDrug: False
seed: False
soilAmendment: False
transport: False
waste: True
water: False
product: True","[1, 0, 1, 0, 0, 1, 1, 1, 1, 1, 0, 1, 0, 1, 0, 1, 0, 1, 1]","[1, 0, 1, 0, 0, 0, 1, 1, 1, 1, 0, 1, 0, 1, 0, 1, 0, 1, 1]","['True_animalFeed', 'True_water', 'True_liveAnimalInput', 'True_electricityFuel', 'True_transport', 'True_pesticideVeterinaryDrug', 'True_seed', 'True_otherChemical', 'True_animalPopulation', 'True_freshForage', 'True_excreta', 'True_product', 'True_waste', 'True_soilAmendment', 'True_operation', 'True_fertiliser', 'True_material', 'True_ingredient', 'True_cropResidue']",14,FacebookAI/roberta-large,System Boundary,standardized,rag
18,"Animal housing producing beef cattle, bull in ireland. site description: animal housing, winter housing and alc. What is in the system boundary? Additional Relevant Context: 
animalFeed: False
animalPopulation: True
cropResidue: False
electricityFuel: True
excreta: False
fertiliser: True
freshForage: True
ingredient: False
liveAnimalInput: True
material: False
operation: False
otherChemical: False
pesticideVeterinaryDrug: False
seed: False
soilAmendment: False
transport: True
waste: False
water: True
product: True","[1, 0, 1, 0, 0, 0, 1, 1, 1, 0, 0, 1, 0, 0, 0, 0, 0, 1, 1]","[1, 0, 1, 0, 0, 0, 0, 1, 1, 1, 0, 1, 0, 0, 0, 0, 0, 1, 1]","['True_animalFeed', 'True_water', 'True_liveAnimalInput', 'True_electricityFuel', 'True_transport', 'True_pesticideVeterinaryDrug', 'True_seed', 'True_otherChemical', 'True_animalPopulation', 'True_freshForage', 'True_excreta', 'True_product', 'True_waste', 'True_soilAmendment', 'True_operation', 'True_fertiliser', 'True_material', 'True_ingredient', 'True_cropResidue']",18,FacebookAI/roberta-large,System Boundary,standardized,rag
19,"Animal housing producing broiler chicken in malaysia. cycle description: broiler chicken production. site description: 4 animal houses on the farm. this cycle represents one of the housing systems based on the fu. What is in the system boundary? Additional Relevant Context: animalFeed: True
animalPopulation: True
cropResidue: False
electricityFuel: True
excreta: True
fertiliser: False
freshForage: False
ingredient: True
liveAnimalInput: True
material: True
operation: True
otherChemical: True
pesticideVeterinaryDrug: True
seed: False
soilAmendment: False
transport: True
waste: True
water: True
product: True","[1, 1, 1, 1, 0, 0, 1, 1, 1, 1, 1, 1, 1, 1, 0, 1, 0, 1, 1]","[1, 1, 1, 0, 0, 0, 1, 1, 1, 1, 0, 1, 0, 1, 0, 1, 0, 1, 1]","['True_animalFeed', 'True_water', 'True_liveAnimalInput', 'True_electricityFuel', 'True_transport', 'True_pesticideVeterinaryDrug', 'True_seed', 'True_otherChemical', 'True_animalPopulation', 'True_freshForage', 'True_excreta', 'True_product', 'True_waste', 'True_soilAmendment', 'True_operation', 'True_fertiliser', 'True_material', 'True_ingredient', 'True_cropResidue']",19,FacebookAI/roberta-large,System Boundary,standardized,rag
21,"Permanent pasture producing beef cattle, heifer and steer in united kingdom. cycle description: permanent pasture fields. site description: permanent pasture fields, north wyke farm platform. What is in the system boundary? Additional Relevant Context: animalFeed: False, animalPopulation: True, cropResidue: False, electricityFuel: False, excreta: False, fertiliser: False, freshForage: True, ingredient: False, liveAnimalInput: True, material: False, operation: False, otherChemical: False, pesticideVeterinaryDrug: False, seed: False, soilAmendment: False, transport: False, waste: False, water: False, product: True","[1, 0, 1, 1, 0, 1, 1, 1, 1, 1, 0, 1, 0, 1, 1, 1, 0, 1, 1]","[0, 1, 1, 1, 0, 0, 1, 1, 1, 1, 0, 0, 0, 1, 0, 1, 0, 1, 1]","['True_animalFeed', 'True_water', 'True_liveAnimalInput', 'True_electricityFuel', 'True_transport', 'True_pesticideVeterinaryDrug', 'True_seed', 'True_otherChemical', 'True_animalPopulation', 'True_freshForage', 'True_excreta', 'True_product', 'True_waste', 'True_soilAmendment', 'True_operation', 'True_fertiliser', 'True_material', 'True_ingredient', 'True_cropResidue']",21,FacebookAI/roberta-large,System Boundary,standardized,rag
50,"Permanent pasture producing beef cattle, heifer in brazil. cycle description: beef, fertilized guinea grass (panicum maximum cv. tanzânia) pasture + 75-day finishing period in confinement (scenario 5). site description: cerrado (goiás, mato grosso do sul, mato grosso, tocantins and minas gerais states). What is in the system boundary? Additional Relevant Context: animalFeed: True
animalPopulation: True
cropResidue: True
electricityFuel: True
excreta: True
fertiliser: True
freshForage: True
ingredient: False
liveAnimalInput: True
material: True
operation: True
otherChemical: True
pesticideVeterinaryDrug: True
seed: False
soilAmendment: True
transport: True
waste: True
water: True
product: True","[1, 1, 0, 1, 0, 0, 1, 1, 1, 1, 1, 1, 0, 1, 0, 1, 0, 1, 0]","[1, 0, 1, 1, 0, 0, 1, 1, 1, 0, 1, 1, 0, 1, 0, 1, 0, 1, 1]","['True_animalFeed', 'True_water', 'True_liveAnimalInput', 'True_electricityFuel', 'True_transport', 'True_pesticideVeterinaryDrug', 'True_seed', 'True_otherChemical', 'True_animalPopulation', 'True_freshForage', 'True_excreta', 'True_product', 'True_waste', 'True_soilAmendment', 'True_operation', 'True_fertiliser', 'True_material', 'True_ingredient', 'True_cropResidue']",50,FacebookAI/roberta-large,System Boundary,standardized,rag
53,"Permanent pasture producing meat, dairy cattle (liveweight) in kenya. cycle description: cows and heifers obtain some feed through grazing but are also stall-fed at other times. What is in the system boundary? Additional Relevant Context: 
animalFeed: True
animalPopulation: True
cropResidue: False
electricityFuel: False
excreta: False
fertiliser: False
freshForage: True
ingredient: False
liveAnimalInput: True
material: False
operation: False
otherChemical: False
pesticideVeterinaryDrug: False
seed: False
soilAmendment: False
transport: False
waste: False
water: False
product: True","[1, 0, 1, 0, 0, 0, 0, 1, 1, 1, 0, 0, 0, 0, 0, 0, 0, 1, 0]","[1, 0, 1, 0, 0, 0, 0, 1, 1, 1, 0, 0, 0, 0, 0, 0, 0, 1, 1]","['True_animalFeed', 'True_water', 'True_liveAnimalInput', 'True_electricityFuel', 'True_transport', 'True_pesticideVeterinaryDrug', 'True_seed', 'True_otherChemical', 'True_animalPopulation', 'True_freshForage', 'True_excreta', 'True_product', 'True_waste', 'True_soilAmendment', 'True_operation', 'True_fertiliser', 'True_material', 'True_ingredient', 'True_cropResidue']",53,FacebookAI/roberta-large,System Boundary,standardized,rag
59,"Animal housing producing beef cattle, steer in ireland. cycle description: 24mo treatment where steers are offered grass silage ad libitum plus 1.5 kg dm of concentrate per head daily over the winter period, turned out to pasture for 210 days, and finished indoors on grass silage ad libitum plus 5 kg dm of concentrate per head daily and slaughtered at 24 months of age (24mo) - (this is the winter housing stage). What is in the system boundary? Additional Relevant Context: 
animalFeed: True
animalPopulation: True
cropResidue: True
electricityFuel: True
excreta: True
fertiliser: True
freshForage: True
ingredient: False
liveAnimalInput: True
material: False
operation: False
otherChemical: False
pesticideVeterinaryDrug: False
seed: False
soilAmendment: False
transport: False
waste: True
water: True
product: True","[0, 0, 1, 1, 1, 0, 0, 1, 1, 0, 0, 1, 0, 0, 1, 0, 0, 1, 1]","[0, 0, 1, 1, 1, 0, 0, 1, 1, 0, 0, 1, 0, 0, 1, 0, 0, 1, 0]","['True_animalFeed', 'True_water', 'True_liveAnimalInput', 'True_electricityFuel', 'True_transport', 'True_pesticideVeterinaryDrug', 'True_seed', 'True_otherChemical', 'True_animalPopulation', 'True_freshForage', 'True_excreta', 'True_product', 'True_waste', 'True_soilAmendment', 'True_operation', 'True_fertiliser', 'True_material', 'True_ingredient', 'True_cropResidue']",59,FacebookAI/roberta-large,System Boundary,standardized,rag
63,"Animal housing producing beef cattle, steer in ireland. cycle description: 21mo treatment where steers are offered grass silage ad libitum plus 1.5 kg dm of concentrate per head daily over the winter period, turned out to pasture for 175 days, finished at pasture supplemented with 5 kg dm of concentrate per head daily for 60 days and slaughtered at 21 months of age - (this is the winter housing period). What is in the system boundary? Additional Relevant Context: 
animalFeed: True
animalPopulation: True
cropResidue: True
electricityFuel: True
excreta: True
fertiliser: True
freshForage: True
ingredient: False
liveAnimalInput: True
material: False
operation: False
otherChemical: False
pesticideVeterinaryDrug: False
seed: False
soilAmendment: False
transport: False
waste: True
water: True
product: True","[0, 0, 1, 1, 1, 0, 0, 1, 1, 0, 0, 1, 0, 0, 1, 0, 0, 1, 1]","[0, 0, 1, 1, 1, 0, 0, 1, 1, 0, 0, 1, 0, 0, 1, 0, 0, 1, 0]","['True_animalFeed', 'True_water', 'True_liveAnimalInput', 'True_electricityFuel', 'True_transport', 'True_pesticideVeterinaryDrug', 'True_seed', 'True_otherChemical', 'True_animalPopulation', 'True_freshForage', 'True_excreta', 'True_product', 'True_waste', 'True_soilAmendment', 'True_operation', 'True_fertiliser', 'True_material', 'True_ingredient', 'True_cropResidue']",63,FacebookAI/roberta-large,System Boundary,standardized,rag
74,"Permanent pasture producing beef cattle, cow in spain. cycle description: average annual production data across 9 different conventional dehesa cattle farms. cow-calf operation. What is in the system boundary? Additional Relevant Context: animalFeed: False
animalPopulation: True
cropResidue: False
electricityFuel: False
excreta: False
fertiliser: False
freshForage: True
ingredient: False
liveAnimalInput: True
material: False
operation: False
otherChemical: False
pesticideVeterinaryDrug: False
seed: False
soilAmendment: False
transport: True
waste: False
water: False
product: True","[1, 1, 0, 0, 0, 0, 1, 1, 1, 1, 0, 1, 0, 0, 0, 0, 0, 1, 1]","[1, 1, 0, 0, 0, 1, 1, 1, 1, 1, 0, 1, 0, 0, 0, 0, 0, 1, 1]","['True_animalFeed', 'True_water', 'True_liveAnimalInput', 'True_electricityFuel', 'True_transport', 'True_pesticideVeterinaryDrug', 'True_seed', 'True_otherChemical', 'True_animalPopulation', 'True_freshForage', 'True_excreta', 'True_product', 'True_waste', 'True_soilAmendment', 'True_operation', 'True_fertiliser', 'True_material', 'True_ingredient', 'True_cropResidue']",74,FacebookAI/roberta-large,System Boundary,standardized,rag
75,"Permanent pasture producing beef cattle, steer in ireland. cycle description: 21mo treatment where steers are offered grass silage ad libitum plus 1.5 kg dm of concentrate per head daily over the winter period, turned out to pasture for 175 days, finished at pasture supplemented with 5 kg dm of concentrate per head daily for 60 days and slaughtered at 21 months of age - (this is the finishing period). What is in the system boundary? Additional Relevant Context: 
animalFeed: True
animalPopulation: True
cropResidue: True
electricityFuel: True
excreta: True
fertiliser: True
freshForage: True
ingredient: False
liveAnimalInput: True
material: False
operation: False
otherChemical: False
pesticideVeterinaryDrug: False
seed: False
soilAmendment: True
transport: False
waste: True
water: True
product: True","[1, 0, 1, 1, 1, 0, 0, 1, 1, 1, 0, 1, 0, 0, 1, 0, 0, 1, 0]","[0, 0, 1, 1, 1, 0, 0, 1, 1, 0, 0, 1, 0, 0, 1, 0, 0, 1, 0]","['True_animalFeed', 'True_water', 'True_liveAnimalInput', 'True_electricityFuel', 'True_transport', 'True_pesticideVeterinaryDrug', 'True_seed', 'True_otherChemical', 'True_animalPopulation', 'True_freshForage', 'True_excreta', 'True_product', 'True_waste', 'True_soilAmendment', 'True_operation', 'True_fertiliser', 'True_material', 'True_ingredient', 'True_cropResidue']",75,FacebookAI/roberta-large,System Boundary,standardized,rag
76,"Agri-food processor producing meat, beef cattle (liveweight) in brazil. cycle description: meat production. What is in the system boundary? Additional Relevant Context: 
animalFeed: False
animalPopulation: False
cropResidue: False
electricityFuel: False
excreta: False
fertiliser: False
freshForage: False
ingredient: False
liveAnimalInput: False
material: False
operation: False
otherChemical: False
pesticideVeterinaryDrug: False
seed: False
soilAmendment: False
transport: False
waste: False
water: False
product: True","[1, 1, 1, 0, 0, 1, 1, 1, 1, 1, 1, 1, 0, 1, 0, 1, 0, 1, 1]","[1, 0, 1, 0, 1, 1, 1, 0, 1, 1, 1, 0, 0, 1, 0, 1, 0, 1, 1]","['True_animalFeed', 'True_water', 'True_liveAnimalInput', 'True_electricityFuel', 'True_transport', 'True_pesticideVeterinaryDrug', 'True_seed', 'True_otherChemical', 'True_animalPopulation', 'True_freshForage', 'True_excreta', 'True_product', 'True_waste', 'True_soilAmendment', 'True_operation', 'True_fertiliser', 'True_material', 'True_ingredient', 'True_cropResidue']",76,FacebookAI/roberta-large,System Boundary,standardized,rag
5,"Broiler chicken produced in russia. cycle description: poultry production under the conditions of the central region in european russia. What is in the system boundary? Additional Relevant Context: animalFeed: True
animalPopulation: True
cropResidue: False
electricityFuel: True
excreta: True
fertiliser: False
freshForage: False
ingredient: True
liveAnimalInput: True
material: True
operation: True
otherChemical: False
pesticideVeterinaryDrug: False
seed: False
soilAmendment: False
transport: True
waste: True
water: True
product: True","[1, 0, 1, 1, 0, 1, 1, 1, 1, 1, 1, 1, 0, 1, 0, 1, 0, 1, 1]","[1, 0, 1, 1, 0, 0, 0, 1, 1, 1, 0, 1, 0, 1, 0, 1, 0, 1, 1]","['True_animalFeed', 'True_water', 'True_liveAnimalInput', 'True_electricityFuel', 'True_transport', 'True_pesticideVeterinaryDrug', 'True_seed', 'True_otherChemical', 'True_animalPopulation', 'True_freshForage', 'True_excreta', 'True_product', 'True_waste', 'True_soilAmendment', 'True_operation', 'True_fertiliser', 'True_material', 'True_ingredient', 'True_cropResidue']",5,google-bert/bert-base-uncased,System Boundary,standardized,rag
8,"Animal housing producing beef cattle, steer in ireland. cycle description: 24mo treatment where steers are offered grass silage ad libitum plus 1.5 kg dm of concentrate per head daily over the winter period, turned out to pasture for 210 days, and finished indoors on grass silage ad libitum plus 5 kg dm of concentrate per head daily and slaughtered at 24 months of age - (this is the finishing stage). What is in the system boundary? Additional Relevant Context: 
animalFeed: True
animalPopulation: True
cropResidue: True
electricityFuel: True
excreta: True
fertiliser: True
freshForage: True
ingredient: False
liveAnimalInput: True
material: False
operation: False
otherChemical: False
pesticideVeterinaryDrug: False
seed: False
soilAmendment: True
transport: False
waste: True
water: True
product: True","[0, 0, 1, 1, 1, 0, 0, 1, 1, 0, 0, 1, 0, 0, 1, 0, 0, 1, 1]","[0, 0, 1, 1, 1, 0, 0, 1, 1, 0, 0, 1, 0, 0, 1, 0, 0, 1, 0]","['True_animalFeed', 'True_water', 'True_liveAnimalInput', 'True_electricityFuel', 'True_transport', 'True_pesticideVeterinaryDrug', 'True_seed', 'True_otherChemical', 'True_animalPopulation', 'True_freshForage', 'True_excreta', 'True_product', 'True_waste', 'True_soilAmendment', 'True_operation', 'True_fertiliser', 'True_material', 'True_ingredient', 'True_cropResidue']",8,google-bert/bert-base-uncased,System Boundary,standardized,rag
10,"Permanent pasture producing beef cattle, calf (weaned) in spain. cycle description: average annual production data across 6 different organic dehesa cattle farms. cow-calf operation. What is in the system boundary? Additional Relevant Context: animalFeed: False
animalPopulation: True
cropResidue: False
electricityFuel: False
excreta: False
fertiliser: False
freshForage: True
ingredient: False
liveAnimalInput: True
material: False
operation: False
otherChemical: False
pesticideVeterinaryDrug: False
seed: False
soilAmendment: False
transport: True
waste: False
water: False
product: True","[1, 1, 0, 0, 0, 1, 1, 1, 1, 1, 0, 1, 0, 0, 0, 0, 0, 1, 1]","[1, 1, 0, 0, 0, 0, 1, 1, 1, 1, 0, 1, 0, 0, 0, 0, 0, 1, 1]","['True_animalFeed', 'True_water', 'True_liveAnimalInput', 'True_electricityFuel', 'True_transport', 'True_pesticideVeterinaryDrug', 'True_seed', 'True_otherChemical', 'True_animalPopulation', 'True_freshForage', 'True_excreta', 'True_product', 'True_waste', 'True_soilAmendment', 'True_operation', 'True_fertiliser', 'True_material', 'True_ingredient', 'True_cropResidue']",10,google-bert/bert-base-uncased,System Boundary,standardized,rag
13,"Animal housing producing broiler chicken in netherlands. cycle description: broiler production - conventional. site description: conventional. What is in the system boundary? Additional Relevant Context: animalFeed: True
animalPopulation: True
cropResidue: False
electricityFuel: True
excreta: True
fertiliser: True
freshForage: False
ingredient: True
liveAnimalInput: True
material: True
operation: True
otherChemical: True
pesticideVeterinaryDrug: False
seed: False
soilAmendment: False
transport: True
waste: True
water: True
product: True","[1, 1, 1, 1, 0, 0, 1, 1, 1, 1, 1, 1, 0, 1, 0, 1, 0, 1, 1]","[1, 0, 1, 0, 0, 0, 1, 1, 1, 1, 0, 1, 0, 1, 0, 1, 0, 1, 1]","['True_animalFeed', 'True_water', 'True_liveAnimalInput', 'True_electricityFuel', 'True_transport', 'True_pesticideVeterinaryDrug', 'True_seed', 'True_otherChemical', 'True_animalPopulation', 'True_freshForage', 'True_excreta', 'True_product', 'True_waste', 'True_soilAmendment', 'True_operation', 'True_fertiliser', 'True_material', 'True_ingredient', 'True_cropResidue']",13,google-bert/bert-base-uncased,System Boundary,standardized,rag
14,"Animal housing producing meat, dairy cattle (liveweight) in denmark. cycle description: organic dairy. What is in the system boundary? Additional Relevant Context: 
animalFeed: False
animalPopulation: True
cropResidue: True
electricityFuel: False
excreta: True
fertiliser: False
freshForage: True
ingredient: False
liveAnimalInput: True
material: False
operation: False
otherChemical: False
pesticideVeterinaryDrug: False
seed: False
soilAmendment: False
transport: False
waste: True
water: False
product: True","[1, 0, 1, 0, 0, 1, 1, 1, 1, 1, 0, 1, 0, 1, 0, 1, 0, 1, 1]","[1, 0, 1, 0, 0, 0, 1, 1, 1, 1, 0, 1, 0, 1, 0, 1, 0, 1, 1]","['True_animalFeed', 'True_water', 'True_liveAnimalInput', 'True_electricityFuel', 'True_transport', 'True_pesticideVeterinaryDrug', 'True_seed', 'True_otherChemical', 'True_animalPopulation', 'True_freshForage', 'True_excreta', 'True_product', 'True_waste', 'True_soilAmendment', 'True_operation', 'True_fertiliser', 'True_material', 'True_ingredient', 'True_cropResidue']",14,google-bert/bert-base-uncased,System Boundary,standardized,rag
18,"Animal housing producing beef cattle, bull in ireland. site description: animal housing, winter housing and alc. What is in the system boundary? Additional Relevant Context: 
animalFeed: False
animalPopulation: True
cropResidue: False
electricityFuel: True
excreta: False
fertiliser: True
freshForage: True
ingredient: False
liveAnimalInput: True
material: False
operation: False
otherChemical: False
pesticideVeterinaryDrug: False
seed: False
soilAmendment: False
transport: True
waste: False
water: True
product: True","[1, 0, 1, 0, 0, 0, 1, 1, 1, 0, 0, 1, 0, 0, 0, 0, 0, 1, 1]","[1, 0, 1, 0, 0, 0, 0, 1, 1, 1, 0, 1, 0, 0, 0, 0, 0, 1, 1]","['True_animalFeed', 'True_water', 'True_liveAnimalInput', 'True_electricityFuel', 'True_transport', 'True_pesticideVeterinaryDrug', 'True_seed', 'True_otherChemical', 'True_animalPopulation', 'True_freshForage', 'True_excreta', 'True_product', 'True_waste', 'True_soilAmendment', 'True_operation', 'True_fertiliser', 'True_material', 'True_ingredient', 'True_cropResidue']",18,google-bert/bert-base-uncased,System Boundary,standardized,rag
19,"Animal housing producing broiler chicken in malaysia. cycle description: broiler chicken production. site description: 4 animal houses on the farm. this cycle represents one of the housing systems based on the fu. What is in the system boundary? Additional Relevant Context: animalFeed: True
animalPopulation: True
cropResidue: False
electricityFuel: True
excreta: True
fertiliser: False
freshForage: False
ingredient: True
liveAnimalInput: True
material: True
operation: True
otherChemical: True
pesticideVeterinaryDrug: True
seed: False
soilAmendment: False
transport: True
waste: True
water: True
product: True","[1, 1, 1, 1, 0, 0, 1, 1, 1, 1, 1, 1, 1, 1, 0, 1, 0, 1, 1]","[1, 1, 0, 1, 0, 0, 1, 1, 1, 1, 0, 1, 0, 1, 0, 1, 0, 1, 1]","['True_animalFeed', 'True_water', 'True_liveAnimalInput', 'True_electricityFuel', 'True_transport', 'True_pesticideVeterinaryDrug', 'True_seed', 'True_otherChemical', 'True_animalPopulation', 'True_freshForage', 'True_excreta', 'True_product', 'True_waste', 'True_soilAmendment', 'True_operation', 'True_fertiliser', 'True_material', 'True_ingredient', 'True_cropResidue']",19,google-bert/bert-base-uncased,System Boundary,standardized,rag
50,"Permanent pasture producing beef cattle, heifer in brazil. cycle description: beef, fertilized guinea grass (panicum maximum cv. tanzânia) pasture + 75-day finishing period in confinement (scenario 5). site description: cerrado (goiás, mato grosso do sul, mato grosso, tocantins and minas gerais states). What is in the system boundary? Additional Relevant Context: animalFeed: True
animalPopulation: True
cropResidue: True
electricityFuel: True
excreta: True
fertiliser: True
freshForage: True
ingredient: False
liveAnimalInput: True
material: True
operation: True
otherChemical: True
pesticideVeterinaryDrug: True
seed: False
soilAmendment: True
transport: True
waste: True
water: True
product: True","[1, 1, 0, 1, 0, 0, 1, 1, 1, 1, 1, 1, 0, 1, 0, 1, 0, 1, 0]","[1, 0, 1, 1, 0, 0, 1, 1, 1, 0, 1, 1, 0, 1, 0, 1, 0, 1, 1]","['True_animalFeed', 'True_water', 'True_liveAnimalInput', 'True_electricityFuel', 'True_transport', 'True_pesticideVeterinaryDrug', 'True_seed', 'True_otherChemical', 'True_animalPopulation', 'True_freshForage', 'True_excreta', 'True_product', 'True_waste', 'True_soilAmendment', 'True_operation', 'True_fertiliser', 'True_material', 'True_ingredient', 'True_cropResidue']",50,google-bert/bert-base-uncased,System Boundary,standardized,rag
53,"Permanent pasture producing meat, dairy cattle (liveweight) in kenya. cycle description: cows and heifers obtain some feed through grazing but are also stall-fed at other times. What is in the system boundary? Additional Relevant Context: 
animalFeed: True
animalPopulation: True
cropResidue: False
electricityFuel: False
excreta: False
fertiliser: False
freshForage: True
ingredient: False
liveAnimalInput: True
material: False
operation: False
otherChemical: False
pesticideVeterinaryDrug: False
seed: False
soilAmendment: False
transport: False
waste: False
water: False
product: True","[1, 0, 1, 0, 0, 0, 0, 1, 1, 1, 0, 0, 0, 0, 0, 0, 0, 1, 0]","[1, 0, 1, 0, 0, 0, 0, 1, 1, 1, 0, 0, 0, 0, 0, 0, 0, 1, 1]","['True_animalFeed', 'True_water', 'True_liveAnimalInput', 'True_electricityFuel', 'True_transport', 'True_pesticideVeterinaryDrug', 'True_seed', 'True_otherChemical', 'True_animalPopulation', 'True_freshForage', 'True_excreta', 'True_product', 'True_waste', 'True_soilAmendment', 'True_operation', 'True_fertiliser', 'True_material', 'True_ingredient', 'True_cropResidue']",53,google-bert/bert-base-uncased,System Boundary,standardized,rag
55,"Animal housing producing pig in denmark. cycle description: finishers. What is in the system boundary? Additional Relevant Context: animalFeed: True
animalPopulation: True
cropResidue: False
electricityFuel: True
excreta: True
fertiliser: False
freshForage: False
ingredient: True
liveAnimalInput: True
material: True
operation: True
otherChemical: True
pesticideVeterinaryDrug: True
seed: False
soilAmendment: False
transport: True
waste: True
water: True
product: True","[1, 0, 1, 1, 0, 0, 1, 0, 1, 1, 0, 1, 1, 1, 0, 1, 0, 1, 1]","[1, 0, 1, 1, 0, 0, 1, 0, 1, 1, 0, 1, 0, 1, 0, 1, 0, 1, 1]","['True_animalFeed', 'True_water', 'True_liveAnimalInput', 'True_electricityFuel', 'True_transport', 'True_pesticideVeterinaryDrug', 'True_seed', 'True_otherChemical', 'True_animalPopulation', 'True_freshForage', 'True_excreta', 'True_product', 'True_waste', 'True_soilAmendment', 'True_operation', 'True_fertiliser', 'True_material', 'True_ingredient', 'True_cropResidue']",55,google-bert/bert-base-uncased,System Boundary,standardized,rag
59,"Animal housing producing beef cattle, steer in ireland. cycle description: 24mo treatment where steers are offered grass silage ad libitum plus 1.5 kg dm of concentrate per head daily over the winter period, turned out to pasture for 210 days, and finished indoors on grass silage ad libitum plus 5 kg dm of concentrate per head daily and slaughtered at 24 months of age (24mo) - (this is the winter housing stage). What is in the system boundary? Additional Relevant Context: 
animalFeed: True
animalPopulation: True
cropResidue: True
electricityFuel: True
excreta: True
fertiliser: True
freshForage: True
ingredient: False
liveAnimalInput: True
material: False
operation: False
otherChemical: False
pesticideVeterinaryDrug: False
seed: False
soilAmendment: False
transport: False
waste: True
water: True
product: True","[0, 0, 1, 1, 1, 0, 0, 1, 1, 0, 0, 1, 0, 0, 1, 0, 0, 1, 1]","[0, 0, 1, 1, 1, 0, 0, 1, 1, 0, 0, 1, 0, 0, 1, 0, 0, 1, 0]","['True_animalFeed', 'True_water', 'True_liveAnimalInput', 'True_electricityFuel', 'True_transport', 'True_pesticideVeterinaryDrug', 'True_seed', 'True_otherChemical', 'True_animalPopulation', 'True_freshForage', 'True_excreta', 'True_product', 'True_waste', 'True_soilAmendment', 'True_operation', 'True_fertiliser', 'True_material', 'True_ingredient', 'True_cropResidue']",59,google-bert/bert-base-uncased,System Boundary,standardized,rag
63,"Animal housing producing beef cattle, steer in ireland. cycle description: 21mo treatment where steers are offered grass silage ad libitum plus 1.5 kg dm of concentrate per head daily over the winter period, turned out to pasture for 175 days, finished at pasture supplemented with 5 kg dm of concentrate per head daily for 60 days and slaughtered at 21 months of age - (this is the winter housing period). What is in the system boundary? Additional Relevant Context: 
animalFeed: True
animalPopulation: True
cropResidue: True
electricityFuel: True
excreta: True
fertiliser: True
freshForage: True
ingredient: False
liveAnimalInput: True
material: False
operation: False
otherChemical: False
pesticideVeterinaryDrug: False
seed: False
soilAmendment: False
transport: False
waste: True
water: True
product: True","[0, 0, 1, 1, 1, 0, 0, 1, 1, 0, 0, 1, 0, 0, 1, 0, 0, 1, 1]","[0, 0, 1, 1, 1, 0, 0, 1, 1, 0, 0, 1, 0, 0, 1, 0, 0, 1, 0]","['True_animalFeed', 'True_water', 'True_liveAnimalInput', 'True_electricityFuel', 'True_transport', 'True_pesticideVeterinaryDrug', 'True_seed', 'True_otherChemical', 'True_animalPopulation', 'True_freshForage', 'True_excreta', 'True_product', 'True_waste', 'True_soilAmendment', 'True_operation', 'True_fertiliser', 'True_material', 'True_ingredient', 'True_cropResidue']",63,google-bert/bert-base-uncased,System Boundary,standardized,rag
75,"Permanent pasture producing beef cattle, steer in ireland. cycle description: 21mo treatment where steers are offered grass silage ad libitum plus 1.5 kg dm of concentrate per head daily over the winter period, turned out to pasture for 175 days, finished at pasture supplemented with 5 kg dm of concentrate per head daily for 60 days and slaughtered at 21 months of age - (this is the finishing period). What is in the system boundary? Additional Relevant Context: 
animalFeed: True
animalPopulation: True
cropResidue: True
electricityFuel: True
excreta: True
fertiliser: True
freshForage: True
ingredient: False
liveAnimalInput: True
material: False
operation: False
otherChemical: False
pesticideVeterinaryDrug: False
seed: False
soilAmendment: True
transport: False
waste: True
water: True
product: True","[1, 0, 1, 1, 1, 0, 0, 1, 1, 1, 0, 1, 0, 0, 1, 0, 0, 1, 0]","[0, 0, 1, 1, 1, 0, 0, 1, 1, 0, 0, 1, 0, 0, 1, 0, 0, 1, 0]","['True_animalFeed', 'True_water', 'True_liveAnimalInput', 'True_electricityFuel', 'True_transport', 'True_pesticideVeterinaryDrug', 'True_seed', 'True_otherChemical', 'True_animalPopulation', 'True_freshForage', 'True_excreta', 'True_product', 'True_waste', 'True_soilAmendment', 'True_operation', 'True_fertiliser', 'True_material', 'True_ingredient', 'True_cropResidue']",75,google-bert/bert-base-uncased,System Boundary,standardized,rag
76,"Agri-food processor producing meat, beef cattle (liveweight) in brazil. cycle description: meat production. What is in the system boundary? Additional Relevant Context: 
animalFeed: False
animalPopulation: False
cropResidue: False
electricityFuel: False
excreta: False
fertiliser: False
freshForage: False
ingredient: False
liveAnimalInput: False
material: False
operation: False
otherChemical: False
pesticideVeterinaryDrug: False
seed: False
soilAmendment: False
transport: False
waste: False
water: False
product: True","[1, 1, 1, 0, 0, 1, 1, 1, 1, 1, 1, 1, 0, 1, 0, 1, 0, 1, 1]","[1, 1, 1, 1, 1, 1, 1, 1, 1, 1, 1, 1, 0, 1, 0, 1, 0, 1, 1]","['True_animalFeed', 'True_water', 'True_liveAnimalInput', 'True_electricityFuel', 'True_transport', 'True_pesticideVeterinaryDrug', 'True_seed', 'True_otherChemical', 'True_animalPopulation', 'True_freshForage', 'True_excreta', 'True_product', 'True_waste', 'True_soilAmendment', 'True_operation', 'True_fertiliser', 'True_material', 'True_ingredient', 'True_cropResidue']",76,google-bert/bert-base-uncased,System Boundary,standardized,rag
77,"Milk, cow, raw produced in united kingdom. cycle description: control merit cows, in novel home-grown system (all feed grown on fam using legume protein sources, animals housed for one period each day). What is in the system boundary? Additional Relevant Context: 
animalFeed: True
animalPopulation: True
cropResidue: True
electricityFuel: True
excreta: True
fertiliser: True
freshForage: True
ingredient: False
liveAnimalInput: True
material: True
operation: True
otherChemical: True
pesticideVeterinaryDrug: True
seed: True
soilAmendment: True
transport: True
waste: True
water: True
product: True","[1, 0, 1, 1, 0, 0, 1, 1, 1, 0, 0, 0, 0, 0, 0, 1, 0, 1, 1]","[1, 0, 1, 1, 0, 0, 1, 1, 1, 1, 0, 0, 0, 1, 0, 1, 0, 1, 1]","['True_animalFeed', 'True_water', 'True_liveAnimalInput', 'True_electricityFuel', 'True_transport', 'True_pesticideVeterinaryDrug', 'True_seed', 'True_otherChemical', 'True_animalPopulation', 'True_freshForage', 'True_excreta', 'True_product', 'True_waste', 'True_soilAmendment', 'True_operation', 'True_fertiliser', 'True_material', 'True_ingredient', 'True_cropResidue']",77,google-bert/bert-base-uncased,System Boundary,standardized,rag
5,"Broiler chicken produced in russia. cycle description: poultry production under the conditions of the central region in european russia. What is in the system boundary? Additional Relevant Context: animalFeed: True
animalPopulation: True
cropResidue: False
electricityFuel: True
excreta: True
fertiliser: False
freshForage: False
ingredient: True
liveAnimalInput: True
material: True
operation: True
otherChemical: False
pesticideVeterinaryDrug: False
seed: False
soilAmendment: False
transport: True
waste: True
water: True
product: True","[1, 0, 1, 1, 0, 1, 1, 1, 1, 1, 1, 1, 0, 1, 0, 1, 0, 1, 1]","[1, 1, 1, 0, 0, 0, 1, 1, 1, 1, 0, 1, 0, 1, 0, 1, 0, 1, 1]","['True_animalFeed', 'True_water', 'True_liveAnimalInput', 'True_electricityFuel', 'True_transport', 'True_pesticideVeterinaryDrug', 'True_seed', 'True_otherChemical', 'True_animalPopulation', 'True_freshForage', 'True_excreta', 'True_product', 'True_waste', 'True_soilAmendment', 'True_operation', 'True_fertiliser', 'True_material', 'True_ingredient', 'True_cropResidue']",5,microsoft/deberta-v3-base,System Boundary,standardized,rag
8,"Animal housing producing beef cattle, steer in ireland. cycle description: 24mo treatment where steers are offered grass silage ad libitum plus 1.5 kg dm of concentrate per head daily over the winter period, turned out to pasture for 210 days, and finished indoors on grass silage ad libitum plus 5 kg dm of concentrate per head daily and slaughtered at 24 months of age - (this is the finishing stage). What is in the system boundary? Additional Relevant Context: 
animalFeed: True
animalPopulation: True
cropResidue: True
electricityFuel: True
excreta: True
fertiliser: True
freshForage: True
ingredient: False
liveAnimalInput: True
material: False
operation: False
otherChemical: False
pesticideVeterinaryDrug: False
seed: False
soilAmendment: True
transport: False
waste: True
water: True
product: True","[0, 0, 1, 1, 1, 0, 0, 1, 1, 0, 0, 1, 0, 0, 1, 0, 0, 1, 1]","[0, 0, 1, 1, 1, 0, 0, 1, 1, 0, 0, 1, 0, 0, 1, 0, 0, 1, 0]","['True_animalFeed', 'True_water', 'True_liveAnimalInput', 'True_electricityFuel', 'True_transport', 'True_pesticideVeterinaryDrug', 'True_seed', 'True_otherChemical', 'True_animalPopulation', 'True_freshForage', 'True_excreta', 'True_product', 'True_waste', 'True_soilAmendment', 'True_operation', 'True_fertiliser', 'True_material', 'True_ingredient', 'True_cropResidue']",8,microsoft/deberta-v3-base,System Boundary,standardized,rag
10,"Permanent pasture producing beef cattle, calf (weaned) in spain. cycle description: average annual production data across 6 different organic dehesa cattle farms. cow-calf operation. What is in the system boundary? Additional Relevant Context: animalFeed: False
animalPopulation: True
cropResidue: False
electricityFuel: False
excreta: False
fertiliser: False
freshForage: True
ingredient: False
liveAnimalInput: True
material: False
operation: False
otherChemical: False
pesticideVeterinaryDrug: False
seed: False
soilAmendment: False
transport: True
waste: False
water: False
product: True","[1, 1, 0, 0, 0, 1, 1, 1, 1, 1, 0, 1, 0, 0, 0, 0, 0, 1, 1]","[1, 0, 0, 0, 0, 0, 0, 1, 1, 1, 0, 0, 0, 0, 0, 0, 0, 1, 1]","['True_animalFeed', 'True_water', 'True_liveAnimalInput', 'True_electricityFuel', 'True_transport', 'True_pesticideVeterinaryDrug', 'True_seed', 'True_otherChemical', 'True_animalPopulation', 'True_freshForage', 'True_excreta', 'True_product', 'True_waste', 'True_soilAmendment', 'True_operation', 'True_fertiliser', 'True_material', 'True_ingredient', 'True_cropResidue']",10,microsoft/deberta-v3-base,System Boundary,standardized,rag
13,"Animal housing producing broiler chicken in netherlands. cycle description: broiler production - conventional. site description: conventional. What is in the system boundary? Additional Relevant Context: animalFeed: True
animalPopulation: True
cropResidue: False
electricityFuel: True
excreta: True
fertiliser: True
freshForage: False
ingredient: True
liveAnimalInput: True
material: True
operation: True
otherChemical: True
pesticideVeterinaryDrug: False
seed: False
soilAmendment: False
transport: True
waste: True
water: True
product: True","[1, 1, 1, 1, 0, 0, 1, 1, 1, 1, 1, 1, 0, 1, 0, 1, 0, 1, 1]","[1, 0, 1, 0, 0, 0, 1, 1, 1, 1, 0, 1, 0, 1, 0, 1, 0, 1, 1]","['True_animalFeed', 'True_water', 'True_liveAnimalInput', 'True_electricityFuel', 'True_transport', 'True_pesticideVeterinaryDrug', 'True_seed', 'True_otherChemical', 'True_animalPopulation', 'True_freshForage', 'True_excreta', 'True_product', 'True_waste', 'True_soilAmendment', 'True_operation', 'True_fertiliser', 'True_material', 'True_ingredient', 'True_cropResidue']",13,microsoft/deberta-v3-base,System Boundary,standardized,rag
14,"Animal housing producing meat, dairy cattle (liveweight) in denmark. cycle description: organic dairy. What is in the system boundary? Additional Relevant Context: 
animalFeed: False
animalPopulation: True
cropResidue: True
electricityFuel: False
excreta: True
fertiliser: False
freshForage: True
ingredient: False
liveAnimalInput: True
material: False
operation: False
otherChemical: False
pesticideVeterinaryDrug: False
seed: False
soilAmendment: False
transport: False
waste: True
water: False
product: True","[1, 0, 1, 0, 0, 1, 1, 1, 1, 1, 0, 1, 0, 1, 0, 1, 0, 1, 1]","[1, 0, 1, 0, 0, 0, 1, 1, 1, 1, 0, 1, 0, 1, 0, 1, 0, 1, 1]","['True_animalFeed', 'True_water', 'True_liveAnimalInput', 'True_electricityFuel', 'True_transport', 'True_pesticideVeterinaryDrug', 'True_seed', 'True_otherChemical', 'True_animalPopulation', 'True_freshForage', 'True_excreta', 'True_product', 'True_waste', 'True_soilAmendment', 'True_operation', 'True_fertiliser', 'True_material', 'True_ingredient', 'True_cropResidue']",14,microsoft/deberta-v3-base,System Boundary,standardized,rag
18,"Animal housing producing beef cattle, bull in ireland. site description: animal housing, winter housing and alc. What is in the system boundary? Additional Relevant Context: 
animalFeed: False
animalPopulation: True
cropResidue: False
electricityFuel: True
excreta: False
fertiliser: True
freshForage: True
ingredient: False
liveAnimalInput: True
material: False
operation: False
otherChemical: False
pesticideVeterinaryDrug: False
seed: False
soilAmendment: False
transport: True
waste: False
water: True
product: True","[1, 0, 1, 0, 0, 0, 1, 1, 1, 0, 0, 1, 0, 0, 0, 0, 0, 1, 1]","[1, 0, 1, 0, 0, 0, 0, 0, 1, 1, 0, 0, 0, 0, 0, 0, 0, 1, 1]","['True_animalFeed', 'True_water', 'True_liveAnimalInput', 'True_electricityFuel', 'True_transport', 'True_pesticideVeterinaryDrug', 'True_seed', 'True_otherChemical', 'True_animalPopulation', 'True_freshForage', 'True_excreta', 'True_product', 'True_waste', 'True_soilAmendment', 'True_operation', 'True_fertiliser', 'True_material', 'True_ingredient', 'True_cropResidue']",18,microsoft/deberta-v3-base,System Boundary,standardized,rag
19,"Animal housing producing broiler chicken in malaysia. cycle description: broiler chicken production. site description: 4 animal houses on the farm. this cycle represents one of the housing systems based on the fu. What is in the system boundary? Additional Relevant Context: animalFeed: True
animalPopulation: True
cropResidue: False
electricityFuel: True
excreta: True
fertiliser: False
freshForage: False
ingredient: True
liveAnimalInput: True
material: True
operation: True
otherChemical: True
pesticideVeterinaryDrug: True
seed: False
soilAmendment: False
transport: True
waste: True
water: True
product: True","[1, 1, 1, 1, 0, 0, 1, 1, 1, 1, 1, 1, 1, 1, 0, 1, 0, 1, 1]","[1, 0, 1, 1, 0, 0, 1, 1, 1, 1, 0, 1, 0, 1, 0, 1, 0, 1, 1]","['True_animalFeed', 'True_water', 'True_liveAnimalInput', 'True_electricityFuel', 'True_transport', 'True_pesticideVeterinaryDrug', 'True_seed', 'True_otherChemical', 'True_animalPopulation', 'True_freshForage', 'True_excreta', 'True_product', 'True_waste', 'True_soilAmendment', 'True_operation', 'True_fertiliser', 'True_material', 'True_ingredient', 'True_cropResidue']",19,microsoft/deberta-v3-base,System Boundary,standardized,rag
21,"Permanent pasture producing beef cattle, heifer and steer in united kingdom. cycle description: permanent pasture fields. site description: permanent pasture fields, north wyke farm platform. What is in the system boundary? Additional Relevant Context: animalFeed: False, animalPopulation: True, cropResidue: False, electricityFuel: False, excreta: False, fertiliser: False, freshForage: True, ingredient: False, liveAnimalInput: True, material: False, operation: False, otherChemical: False, pesticideVeterinaryDrug: False, seed: False, soilAmendment: False, transport: False, waste: False, water: False, product: True","[1, 0, 1, 1, 0, 1, 1, 1, 1, 1, 0, 1, 0, 1, 1, 1, 0, 1, 1]","[1, 0, 1, 1, 0, 1, 1, 1, 1, 1, 0, 1, 0, 1, 1, 1, 0, 1, 0]","['True_animalFeed', 'True_water', 'True_liveAnimalInput', 'True_electricityFuel', 'True_transport', 'True_pesticideVeterinaryDrug', 'True_seed', 'True_otherChemical', 'True_animalPopulation', 'True_freshForage', 'True_excreta', 'True_product', 'True_waste', 'True_soilAmendment', 'True_operation', 'True_fertiliser', 'True_material', 'True_ingredient', 'True_cropResidue']",21,microsoft/deberta-v3-base,System Boundary,standardized,rag
32,"Permanent pasture producing beef cattle in brazil. cycle description: protein supplementation and pasture fertilization. site description: to model the systems, the total area of the property was defined as 1000 ha, of which 200 ha were legal reserves (20% of the area) and 20 ha were destined for buildings, roads and improvements. What is in the system boundary? Additional Relevant Context: 
animalFeed: False
animalPopulation: False
cropResidue: False
electricityFuel: False
excreta: False
fertiliser: True
freshForage: False
ingredient: False
liveAnimalInput: False
material: False
operation: False
otherChemical: False
pesticideVeterinaryDrug: False
seed: False
soilAmendment: False
transport: False
waste: False
water: False
product: True","[1, 0, 1, 0, 1, 0, 0, 1, 1, 1, 0, 1, 0, 1, 0, 0, 0, 1, 0]","[1, 0, 1, 0, 0, 0, 0, 1, 1, 1, 0, 1, 0, 1, 0, 0, 0, 1, 1]","['True_animalFeed', 'True_water', 'True_liveAnimalInput', 'True_electricityFuel', 'True_transport', 'True_pesticideVeterinaryDrug', 'True_seed', 'True_otherChemical', 'True_animalPopulation', 'True_freshForage', 'True_excreta', 'True_product', 'True_waste', 'True_soilAmendment', 'True_operation', 'True_fertiliser', 'True_material', 'True_ingredient', 'True_cropResidue']",32,microsoft/deberta-v3-base,System Boundary,standardized,rag
33,"Permanent pasture producing wool, sheep (greasy) in united kingdom. cycle description: a representation of an average (typical lowland) system, based on 11 ewes and 1 ram per ha, yield 16 lambs per year. site description: a typical lowland system in the uk. What is in the system boundary? Additional Relevant Context: 
animalFeed: False
animalPopulation: True
cropResidue: False
electricityFuel: False
excreta: False
fertiliser: False
freshForage: True
ingredient: False
liveAnimalInput: True
material: False
operation: False
otherChemical: False
pesticideVeterinaryDrug: False
seed: False
soilAmendment: False
transport: False
waste: False
water: False
product: True","[1, 1, 1, 1, 1, 1, 1, 1, 1, 1, 1, 1, 1, 1, 1, 1, 0, 1, 0]","[1, 1, 1, 1, 0, 1, 1, 1, 1, 1, 0, 1, 0, 1, 1, 1, 0, 1, 0]","['True_animalFeed', 'True_water', 'True_liveAnimalInput', 'True_electricityFuel', 'True_transport', 'True_pesticideVeterinaryDrug', 'True_seed', 'True_otherChemical', 'True_animalPopulation', 'True_freshForage', 'True_excreta', 'True_product', 'True_waste', 'True_soilAmendment', 'True_operation', 'True_fertiliser', 'True_material', 'True_ingredient', 'True_cropResidue']",33,microsoft/deberta-v3-base,System Boundary,standardized,rag
51,"Permanent pasture producing beef cattle, steer in brazil. cycle description: scenario 7: natural grass supplemented with protein-energetic mineralised salt. site description: farm in the western frontier region of the state of reio grande do sul in the southern part of brazil. for each cycle, we use the stocking density and the number of animals to calculate how ma ny hectares are used for each cycle. What is in the system boundary? Additional Relevant Context: animalFeed: False
animalPopulation: True
cropResidue: False
electricityFuel: False
excreta: False
fertiliser: False
freshForage: True
ingredient: False
liveAnimalInput: True
material: False
operation: False
otherChemical: False
pesticideVeterinaryDrug: False
seed: False
soilAmendment: False
transport: False
waste: False
water: False
product: True","[0, 0, 0, 0, 0, 0, 0, 1, 1, 0, 0, 1, 1, 0, 0, 1, 0, 1, 1]","[0, 0, 0, 0, 0, 0, 0, 1, 1, 0, 0, 1, 0, 0, 0, 0, 0, 1, 1]","['True_animalFeed', 'True_water', 'True_liveAnimalInput', 'True_electricityFuel', 'True_transport', 'True_pesticideVeterinaryDrug', 'True_seed', 'True_otherChemical', 'True_animalPopulation', 'True_freshForage', 'True_excreta', 'True_product', 'True_waste', 'True_soilAmendment', 'True_operation', 'True_fertiliser', 'True_material', 'True_ingredient', 'True_cropResidue']",51,microsoft/deberta-v3-base,System Boundary,standardized,rag
53,"Permanent pasture producing meat, dairy cattle (liveweight) in kenya. cycle description: cows and heifers obtain some feed through grazing but are also stall-fed at other times. What is in the system boundary? Additional Relevant Context: 
animalFeed: True
animalPopulation: True
cropResidue: False
electricityFuel: False
excreta: False
fertiliser: False
freshForage: True
ingredient: False
liveAnimalInput: True
material: False
operation: False
otherChemical: False
pesticideVeterinaryDrug: False
seed: False
soilAmendment: False
transport: False
waste: False
water: False
product: True","[1, 0, 1, 0, 0, 0, 0, 1, 1, 1, 0, 0, 0, 0, 0, 0, 0, 1, 0]","[0, 0, 1, 0, 0, 0, 1, 1, 1, 0, 0, 1, 0, 1, 0, 1, 0, 1, 1]","['True_animalFeed', 'True_water', 'True_liveAnimalInput', 'True_electricityFuel', 'True_transport', 'True_pesticideVeterinaryDrug', 'True_seed', 'True_otherChemical', 'True_animalPopulation', 'True_freshForage', 'True_excreta', 'True_product', 'True_waste', 'True_soilAmendment', 'True_operation', 'True_fertiliser', 'True_material', 'True_ingredient', 'True_cropResidue']",53,microsoft/deberta-v3-base,System Boundary,standardized,rag
55,"Animal housing producing pig in denmark. cycle description: finishers. What is in the system boundary? Additional Relevant Context: animalFeed: True
animalPopulation: True
cropResidue: False
electricityFuel: True
excreta: True
fertiliser: False
freshForage: False
ingredient: True
liveAnimalInput: True
material: True
operation: True
otherChemical: True
pesticideVeterinaryDrug: True
seed: False
soilAmendment: False
transport: True
waste: True
water: True
product: True","[1, 0, 1, 1, 0, 0, 1, 0, 1, 1, 0, 1, 1, 1, 0, 1, 0, 1, 1]","[1, 0, 1, 0, 0, 0, 1, 0, 1, 1, 0, 1, 0, 1, 0, 1, 0, 1, 1]","['True_animalFeed', 'True_water', 'True_liveAnimalInput', 'True_electricityFuel', 'True_transport', 'True_pesticideVeterinaryDrug', 'True_seed', 'True_otherChemical', 'True_animalPopulation', 'True_freshForage', 'True_excreta', 'True_product', 'True_waste', 'True_soilAmendment', 'True_operation', 'True_fertiliser', 'True_material', 'True_ingredient', 'True_cropResidue']",55,microsoft/deberta-v3-base,System Boundary,standardized,rag
59,"Animal housing producing beef cattle, steer in ireland. cycle description: 24mo treatment where steers are offered grass silage ad libitum plus 1.5 kg dm of concentrate per head daily over the winter period, turned out to pasture for 210 days, and finished indoors on grass silage ad libitum plus 5 kg dm of concentrate per head daily and slaughtered at 24 months of age (24mo) - (this is the winter housing stage). What is in the system boundary? Additional Relevant Context: 
animalFeed: True
animalPopulation: True
cropResidue: True
electricityFuel: True
excreta: True
fertiliser: True
freshForage: True
ingredient: False
liveAnimalInput: True
material: False
operation: False
otherChemical: False
pesticideVeterinaryDrug: False
seed: False
soilAmendment: False
transport: False
waste: True
water: True
product: True","[0, 0, 1, 1, 1, 0, 0, 1, 1, 0, 0, 1, 0, 0, 1, 0, 0, 1, 1]","[0, 0, 1, 1, 1, 0, 0, 1, 1, 0, 0, 1, 0, 0, 1, 0, 0, 1, 0]","['True_animalFeed', 'True_water', 'True_liveAnimalInput', 'True_electricityFuel', 'True_transport', 'True_pesticideVeterinaryDrug', 'True_seed', 'True_otherChemical', 'True_animalPopulation', 'True_freshForage', 'True_excreta', 'True_product', 'True_waste', 'True_soilAmendment', 'True_operation', 'True_fertiliser', 'True_material', 'True_ingredient', 'True_cropResidue']",59,microsoft/deberta-v3-base,System Boundary,standardized,rag
63,"Animal housing producing beef cattle, steer in ireland. cycle description: 21mo treatment where steers are offered grass silage ad libitum plus 1.5 kg dm of concentrate per head daily over the winter period, turned out to pasture for 175 days, finished at pasture supplemented with 5 kg dm of concentrate per head daily for 60 days and slaughtered at 21 months of age - (this is the winter housing period). What is in the system boundary? Additional Relevant Context: 
animalFeed: True
animalPopulation: True
cropResidue: True
electricityFuel: True
excreta: True
fertiliser: True
freshForage: True
ingredient: False
liveAnimalInput: True
material: False
operation: False
otherChemical: False
pesticideVeterinaryDrug: False
seed: False
soilAmendment: False
transport: False
waste: True
water: True
product: True","[0, 0, 1, 1, 1, 0, 0, 1, 1, 0, 0, 1, 0, 0, 1, 0, 0, 1, 1]","[0, 0, 1, 1, 1, 0, 0, 1, 1, 0, 0, 1, 0, 0, 1, 0, 0, 1, 0]","['True_animalFeed', 'True_water', 'True_liveAnimalInput', 'True_electricityFuel', 'True_transport', 'True_pesticideVeterinaryDrug', 'True_seed', 'True_otherChemical', 'True_animalPopulation', 'True_freshForage', 'True_excreta', 'True_product', 'True_waste', 'True_soilAmendment', 'True_operation', 'True_fertiliser', 'True_material', 'True_ingredient', 'True_cropResidue']",63,microsoft/deberta-v3-base,System Boundary,standardized,rag
64,"Agri-food processor producing meat, beef cattle (cold dressed carcass weight) in brazil. cycle description: dhs animal to meat. What is in the system boundary? Additional Relevant Context: animalFeed: True
animalPopulation: True
cropResidue: True
electricityFuel: True
excreta: True
fertiliser: True
freshForage: True
ingredient: True
liveAnimalInput: True
material: True
operation: True
otherChemical: True
pesticideVeterinaryDrug: True
seed: True
soilAmendment: True
transport: True
waste: True
water: True
product: True","[1, 0, 1, 0, 1, 1, 1, 1, 1, 1, 1, 0, 0, 1, 0, 1, 0, 1, 1]","[1, 1, 1, 0, 1, 1, 1, 0, 1, 1, 1, 0, 0, 1, 0, 1, 0, 1, 1]","['True_animalFeed', 'True_water', 'True_liveAnimalInput', 'True_electricityFuel', 'True_transport', 'True_pesticideVeterinaryDrug', 'True_seed', 'True_otherChemical', 'True_animalPopulation', 'True_freshForage', 'True_excreta', 'True_product', 'True_waste', 'True_soilAmendment', 'True_operation', 'True_fertiliser', 'True_material', 'True_ingredient', 'True_cropResidue']",64,microsoft/deberta-v3-base,System Boundary,standardized,rag
74,"Permanent pasture producing beef cattle, cow in spain. cycle description: average annual production data across 9 different conventional dehesa cattle farms. cow-calf operation. What is in the system boundary? Additional Relevant Context: animalFeed: False
animalPopulation: True
cropResidue: False
electricityFuel: False
excreta: False
fertiliser: False
freshForage: True
ingredient: False
liveAnimalInput: True
material: False
operation: False
otherChemical: False
pesticideVeterinaryDrug: False
seed: False
soilAmendment: False
transport: True
waste: False
water: False
product: True","[1, 1, 0, 0, 0, 0, 1, 1, 1, 1, 0, 1, 0, 0, 0, 0, 0, 1, 1]","[1, 0, 0, 0, 0, 0, 0, 1, 1, 1, 0, 0, 0, 0, 0, 0, 0, 1, 1]","['True_animalFeed', 'True_water', 'True_liveAnimalInput', 'True_electricityFuel', 'True_transport', 'True_pesticideVeterinaryDrug', 'True_seed', 'True_otherChemical', 'True_animalPopulation', 'True_freshForage', 'True_excreta', 'True_product', 'True_waste', 'True_soilAmendment', 'True_operation', 'True_fertiliser', 'True_material', 'True_ingredient', 'True_cropResidue']",74,microsoft/deberta-v3-base,System Boundary,standardized,rag
75,"Permanent pasture producing beef cattle, steer in ireland. cycle description: 21mo treatment where steers are offered grass silage ad libitum plus 1.5 kg dm of concentrate per head daily over the winter period, turned out to pasture for 175 days, finished at pasture supplemented with 5 kg dm of concentrate per head daily for 60 days and slaughtered at 21 months of age - (this is the finishing period). What is in the system boundary? Additional Relevant Context: 
animalFeed: True
animalPopulation: True
cropResidue: True
electricityFuel: True
excreta: True
fertiliser: True
freshForage: True
ingredient: False
liveAnimalInput: True
material: False
operation: False
otherChemical: False
pesticideVeterinaryDrug: False
seed: False
soilAmendment: True
transport: False
waste: True
water: True
product: True","[1, 0, 1, 1, 1, 0, 0, 1, 1, 1, 0, 1, 0, 0, 1, 0, 0, 1, 0]","[0, 0, 1, 1, 1, 0, 0, 1, 1, 0, 0, 1, 0, 0, 1, 0, 0, 1, 0]","['True_animalFeed', 'True_water', 'True_liveAnimalInput', 'True_electricityFuel', 'True_transport', 'True_pesticideVeterinaryDrug', 'True_seed', 'True_otherChemical', 'True_animalPopulation', 'True_freshForage', 'True_excreta', 'True_product', 'True_waste', 'True_soilAmendment', 'True_operation', 'True_fertiliser', 'True_material', 'True_ingredient', 'True_cropResidue']",75,microsoft/deberta-v3-base,System Boundary,standardized,rag
76,"Agri-food processor producing meat, beef cattle (liveweight) in brazil. cycle description: meat production. What is in the system boundary? Additional Relevant Context: 
animalFeed: False
animalPopulation: False
cropResidue: False
electricityFuel: False
excreta: False
fertiliser: False
freshForage: False
ingredient: False
liveAnimalInput: False
material: False
operation: False
otherChemical: False
pesticideVeterinaryDrug: False
seed: False
soilAmendment: False
transport: False
waste: False
water: False
product: True","[1, 1, 1, 0, 0, 1, 1, 1, 1, 1, 1, 1, 0, 1, 0, 1, 0, 1, 1]","[1, 1, 1, 0, 1, 1, 1, 1, 1, 1, 1, 0, 0, 1, 0, 1, 0, 1, 1]","['True_animalFeed', 'True_water', 'True_liveAnimalInput', 'True_electricityFuel', 'True_transport', 'True_pesticideVeterinaryDrug', 'True_seed', 'True_otherChemical', 'True_animalPopulation', 'True_freshForage', 'True_excreta', 'True_product', 'True_waste', 'True_soilAmendment', 'True_operation', 'True_fertiliser', 'True_material', 'True_ingredient', 'True_cropResidue']",76,microsoft/deberta-v3-base,System Boundary,standardized,rag
77,"Milk, cow, raw produced in united kingdom. cycle description: control merit cows, in novel home-grown system (all feed grown on fam using legume protein sources, animals housed for one period each day). What is in the system boundary? Additional Relevant Context: 
animalFeed: True
animalPopulation: True
cropResidue: True
electricityFuel: True
excreta: True
fertiliser: True
freshForage: True
ingredient: False
liveAnimalInput: True
material: True
operation: True
otherChemical: True
pesticideVeterinaryDrug: True
seed: True
soilAmendment: True
transport: True
waste: True
water: True
product: True","[1, 0, 1, 1, 0, 0, 1, 1, 1, 0, 0, 0, 0, 0, 0, 1, 0, 1, 1]","[1, 0, 1, 1, 0, 0, 1, 1, 1, 0, 0, 0, 0, 0, 0, 0, 0, 1, 1]","['True_animalFeed', 'True_water', 'True_liveAnimalInput', 'True_electricityFuel', 'True_transport', 'True_pesticideVeterinaryDrug', 'True_seed', 'True_otherChemical', 'True_animalPopulation', 'True_freshForage', 'True_excreta', 'True_product', 'True_waste', 'True_soilAmendment', 'True_operation', 'True_fertiliser', 'True_material', 'True_ingredient', 'True_cropResidue']",77,microsoft/deberta-v3-base,System Boundary,standardized,rag
5,"Broiler chicken produced in russia. cycle description: poultry production under the conditions of the central region in european russia. What is in the system boundary? Additional Relevant Context: animalFeed: True
animalPopulation: True
cropResidue: False
electricityFuel: True
excreta: True
fertiliser: False
freshForage: False
ingredient: True
liveAnimalInput: True
material: True
operation: True
otherChemical: False
pesticideVeterinaryDrug: False
seed: False
soilAmendment: False
transport: True
waste: True
water: True
product: True","[1, 0, 1, 1, 0, 1, 1, 1, 1, 1, 1, 1, 0, 1, 0, 1, 0, 1, 1]","[1, 0, 1, 0, 0, 1, 1, 1, 1, 1, 0, 1, 0, 1, 0, 1, 0, 1, 1]","['True_animalFeed', 'True_water', 'True_liveAnimalInput', 'True_electricityFuel', 'True_transport', 'True_pesticideVeterinaryDrug', 'True_seed', 'True_otherChemical', 'True_animalPopulation', 'True_freshForage', 'True_excreta', 'True_product', 'True_waste', 'True_soilAmendment', 'True_operation', 'True_fertiliser', 'True_material', 'True_ingredient', 'True_cropResidue']",5,microsoft/deberta-v3-large,System Boundary,standardized,rag
13,"Animal housing producing broiler chicken in netherlands. cycle description: broiler production - conventional. site description: conventional. What is in the system boundary? Additional Relevant Context: animalFeed: True
animalPopulation: True
cropResidue: False
electricityFuel: True
excreta: True
fertiliser: True
freshForage: False
ingredient: True
liveAnimalInput: True
material: True
operation: True
otherChemical: True
pesticideVeterinaryDrug: False
seed: False
soilAmendment: False
transport: True
waste: True
water: True
product: True","[1, 1, 1, 1, 0, 0, 1, 1, 1, 1, 1, 1, 0, 1, 0, 1, 0, 1, 1]","[1, 0, 1, 0, 0, 0, 1, 1, 1, 1, 0, 1, 0, 1, 0, 1, 0, 1, 1]","['True_animalFeed', 'True_water', 'True_liveAnimalInput', 'True_electricityFuel', 'True_transport', 'True_pesticideVeterinaryDrug', 'True_seed', 'True_otherChemical', 'True_animalPopulation', 'True_freshForage', 'True_excreta', 'True_product', 'True_waste', 'True_soilAmendment', 'True_operation', 'True_fertiliser', 'True_material', 'True_ingredient', 'True_cropResidue']",13,microsoft/deberta-v3-large,System Boundary,standardized,rag
14,"Animal housing producing meat, dairy cattle (liveweight) in denmark. cycle description: organic dairy. What is in the system boundary? Additional Relevant Context: 
animalFeed: False
animalPopulation: True
cropResidue: True
electricityFuel: False
excreta: True
fertiliser: False
freshForage: True
ingredient: False
liveAnimalInput: True
material: False
operation: False
otherChemical: False
pesticideVeterinaryDrug: False
seed: False
soilAmendment: False
transport: False
waste: True
water: False
product: True","[1, 0, 1, 0, 0, 1, 1, 1, 1, 1, 0, 1, 0, 1, 0, 1, 0, 1, 1]","[1, 0, 1, 0, 0, 0, 1, 1, 1, 1, 0, 1, 0, 1, 0, 1, 0, 1, 1]","['True_animalFeed', 'True_water', 'True_liveAnimalInput', 'True_electricityFuel', 'True_transport', 'True_pesticideVeterinaryDrug', 'True_seed', 'True_otherChemical', 'True_animalPopulation', 'True_freshForage', 'True_excreta', 'True_product', 'True_waste', 'True_soilAmendment', 'True_operation', 'True_fertiliser', 'True_material', 'True_ingredient', 'True_cropResidue']",14,microsoft/deberta-v3-large,System Boundary,standardized,rag
18,"Animal housing producing beef cattle, bull in ireland. site description: animal housing, winter housing and alc. What is in the system boundary? Additional Relevant Context: 
animalFeed: False
animalPopulation: True
cropResidue: False
electricityFuel: True
excreta: False
fertiliser: True
freshForage: True
ingredient: False
liveAnimalInput: True
material: False
operation: False
otherChemical: False
pesticideVeterinaryDrug: False
seed: False
soilAmendment: False
transport: True
waste: False
water: True
product: True","[1, 0, 1, 0, 0, 0, 1, 1, 1, 0, 0, 1, 0, 0, 0, 0, 0, 1, 1]","[1, 0, 1, 0, 0, 0, 0, 1, 1, 1, 0, 0, 0, 0, 0, 0, 0, 1, 1]","['True_animalFeed', 'True_water', 'True_liveAnimalInput', 'True_electricityFuel', 'True_transport', 'True_pesticideVeterinaryDrug', 'True_seed', 'True_otherChemical', 'True_animalPopulation', 'True_freshForage', 'True_excreta', 'True_product', 'True_waste', 'True_soilAmendment', 'True_operation', 'True_fertiliser', 'True_material', 'True_ingredient', 'True_cropResidue']",18,microsoft/deberta-v3-large,System Boundary,standardized,rag
19,"Animal housing producing broiler chicken in malaysia. cycle description: broiler chicken production. site description: 4 animal houses on the farm. this cycle represents one of the housing systems based on the fu. What is in the system boundary? Additional Relevant Context: animalFeed: True
animalPopulation: True
cropResidue: False
electricityFuel: True
excreta: True
fertiliser: False
freshForage: False
ingredient: True
liveAnimalInput: True
material: True
operation: True
otherChemical: True
pesticideVeterinaryDrug: True
seed: False
soilAmendment: False
transport: True
waste: True
water: True
product: True","[1, 1, 1, 1, 0, 0, 1, 1, 1, 1, 1, 1, 1, 1, 0, 1, 0, 1, 1]","[1, 1, 1, 1, 0, 0, 1, 1, 1, 1, 0, 1, 0, 1, 0, 1, 0, 1, 1]","['True_animalFeed', 'True_water', 'True_liveAnimalInput', 'True_electricityFuel', 'True_transport', 'True_pesticideVeterinaryDrug', 'True_seed', 'True_otherChemical', 'True_animalPopulation', 'True_freshForage', 'True_excreta', 'True_product', 'True_waste', 'True_soilAmendment', 'True_operation', 'True_fertiliser', 'True_material', 'True_ingredient', 'True_cropResidue']",19,microsoft/deberta-v3-large,System Boundary,standardized,rag
50,"Permanent pasture producing beef cattle, heifer in brazil. cycle description: beef, fertilized guinea grass (panicum maximum cv. tanzânia) pasture + 75-day finishing period in confinement (scenario 5). site description: cerrado (goiás, mato grosso do sul, mato grosso, tocantins and minas gerais states). What is in the system boundary? Additional Relevant Context: animalFeed: True
animalPopulation: True
cropResidue: True
electricityFuel: True
excreta: True
fertiliser: True
freshForage: True
ingredient: False
liveAnimalInput: True
material: True
operation: True
otherChemical: True
pesticideVeterinaryDrug: True
seed: False
soilAmendment: True
transport: True
waste: True
water: True
product: True","[1, 1, 0, 1, 0, 0, 1, 1, 1, 1, 1, 1, 0, 1, 0, 1, 0, 1, 0]","[1, 0, 0, 1, 0, 0, 1, 1, 1, 0, 1, 1, 0, 1, 0, 1, 0, 1, 0]","['True_animalFeed', 'True_water', 'True_liveAnimalInput', 'True_electricityFuel', 'True_transport', 'True_pesticideVeterinaryDrug', 'True_seed', 'True_otherChemical', 'True_animalPopulation', 'True_freshForage', 'True_excreta', 'True_product', 'True_waste', 'True_soilAmendment', 'True_operation', 'True_fertiliser', 'True_material', 'True_ingredient', 'True_cropResidue']",50,microsoft/deberta-v3-large,System Boundary,standardized,rag
53,"Permanent pasture producing meat, dairy cattle (liveweight) in kenya. cycle description: cows and heifers obtain some feed through grazing but are also stall-fed at other times. What is in the system boundary? Additional Relevant Context: 
animalFeed: True
animalPopulation: True
cropResidue: False
electricityFuel: False
excreta: False
fertiliser: False
freshForage: True
ingredient: False
liveAnimalInput: True
material: False
operation: False
otherChemical: False
pesticideVeterinaryDrug: False
seed: False
soilAmendment: False
transport: False
waste: False
water: False
product: True","[1, 0, 1, 0, 0, 0, 0, 1, 1, 1, 0, 0, 0, 0, 0, 0, 0, 1, 0]","[1, 0, 1, 1, 0, 0, 0, 1, 1, 1, 0, 0, 0, 0, 0, 0, 0, 1, 1]","['True_animalFeed', 'True_water', 'True_liveAnimalInput', 'True_electricityFuel', 'True_transport', 'True_pesticideVeterinaryDrug', 'True_seed', 'True_otherChemical', 'True_animalPopulation', 'True_freshForage', 'True_excreta', 'True_product', 'True_waste', 'True_soilAmendment', 'True_operation', 'True_fertiliser', 'True_material', 'True_ingredient', 'True_cropResidue']",53,microsoft/deberta-v3-large,System Boundary,standardized,rag
75,"Permanent pasture producing beef cattle, steer in ireland. cycle description: 21mo treatment where steers are offered grass silage ad libitum plus 1.5 kg dm of concentrate per head daily over the winter period, turned out to pasture for 175 days, finished at pasture supplemented with 5 kg dm of concentrate per head daily for 60 days and slaughtered at 21 months of age - (this is the finishing period). What is in the system boundary? Additional Relevant Context: 
animalFeed: True
animalPopulation: True
cropResidue: True
electricityFuel: True
excreta: True
fertiliser: True
freshForage: True
ingredient: False
liveAnimalInput: True
material: False
operation: False
otherChemical: False
pesticideVeterinaryDrug: False
seed: False
soilAmendment: True
transport: False
waste: True
water: True
product: True","[1, 0, 1, 1, 1, 0, 0, 1, 1, 1, 0, 1, 0, 0, 1, 0, 0, 1, 0]","[0, 0, 1, 1, 1, 0, 0, 1, 1, 0, 0, 1, 0, 0, 1, 0, 0, 1, 0]","['True_animalFeed', 'True_water', 'True_liveAnimalInput', 'True_electricityFuel', 'True_transport', 'True_pesticideVeterinaryDrug', 'True_seed', 'True_otherChemical', 'True_animalPopulation', 'True_freshForage', 'True_excreta', 'True_product', 'True_waste', 'True_soilAmendment', 'True_operation', 'True_fertiliser', 'True_material', 'True_ingredient', 'True_cropResidue']",75,microsoft/deberta-v3-large,System Boundary,standardized,rag
76,"Agri-food processor producing meat, beef cattle (liveweight) in brazil. cycle description: meat production. What is in the system boundary? Additional Relevant Context: 
animalFeed: False
animalPopulation: False
cropResidue: False
electricityFuel: False
excreta: False
fertiliser: False
freshForage: False
ingredient: False
liveAnimalInput: False
material: False
operation: False
otherChemical: False
pesticideVeterinaryDrug: False
seed: False
soilAmendment: False
transport: False
waste: False
water: False
product: True","[1, 1, 1, 0, 0, 1, 1, 1, 1, 1, 1, 1, 0, 1, 0, 1, 0, 1, 1]","[1, 0, 1, 0, 1, 1, 1, 1, 1, 1, 1, 0, 0, 1, 0, 1, 0, 1, 1]","['True_animalFeed', 'True_water', 'True_liveAnimalInput', 'True_electricityFuel', 'True_transport', 'True_pesticideVeterinaryDrug', 'True_seed', 'True_otherChemical', 'True_animalPopulation', 'True_freshForage', 'True_excreta', 'True_product', 'True_waste', 'True_soilAmendment', 'True_operation', 'True_fertiliser', 'True_material', 'True_ingredient', 'True_cropResidue']",76,microsoft/deberta-v3-large,System Boundary,standardized,rag
5,"Broiler chicken produced in russia. cycle description: poultry production under the conditions of the central region in european russia. What is in the system boundary? Additional Relevant Context: animalFeed: True
animalPopulation: True
cropResidue: False
electricityFuel: True
excreta: True
fertiliser: False
freshForage: False
ingredient: True
liveAnimalInput: True
material: True
operation: True
otherChemical: False
pesticideVeterinaryDrug: False
seed: False
soilAmendment: False
transport: True
waste: True
water: True
product: True","[1, 0, 1, 1, 0, 1, 1, 1, 1, 1, 1, 1, 0, 1, 0, 1, 0, 1, 1]","[1, 0, 1, 1, 0, 0, 1, 1, 1, 1, 0, 1, 0, 1, 0, 1, 0, 1, 1]","['True_animalFeed', 'True_water', 'True_liveAnimalInput', 'True_electricityFuel', 'True_transport', 'True_pesticideVeterinaryDrug', 'True_seed', 'True_otherChemical', 'True_animalPopulation', 'True_freshForage', 'True_excreta', 'True_product', 'True_waste', 'True_soilAmendment', 'True_operation', 'True_fertiliser', 'True_material', 'True_ingredient', 'True_cropResidue']",5,microsoft/deberta-v3-small,System Boundary,standardized,rag
8,"Animal housing producing beef cattle, steer in ireland. cycle description: 24mo treatment where steers are offered grass silage ad libitum plus 1.5 kg dm of concentrate per head daily over the winter period, turned out to pasture for 210 days, and finished indoors on grass silage ad libitum plus 5 kg dm of concentrate per head daily and slaughtered at 24 months of age - (this is the finishing stage). What is in the system boundary? Additional Relevant Context: 
animalFeed: True
animalPopulation: True
cropResidue: True
electricityFuel: True
excreta: True
fertiliser: True
freshForage: True
ingredient: False
liveAnimalInput: True
material: False
operation: False
otherChemical: False
pesticideVeterinaryDrug: False
seed: False
soilAmendment: True
transport: False
waste: True
water: True
product: True","[0, 0, 1, 1, 1, 0, 0, 1, 1, 0, 0, 1, 0, 0, 1, 0, 0, 1, 1]","[0, 0, 1, 1, 1, 0, 0, 1, 1, 0, 0, 1, 0, 0, 1, 0, 0, 1, 0]","['True_animalFeed', 'True_water', 'True_liveAnimalInput', 'True_electricityFuel', 'True_transport', 'True_pesticideVeterinaryDrug', 'True_seed', 'True_otherChemical', 'True_animalPopulation', 'True_freshForage', 'True_excreta', 'True_product', 'True_waste', 'True_soilAmendment', 'True_operation', 'True_fertiliser', 'True_material', 'True_ingredient', 'True_cropResidue']",8,microsoft/deberta-v3-small,System Boundary,standardized,rag
10,"Permanent pasture producing beef cattle, calf (weaned) in spain. cycle description: average annual production data across 6 different organic dehesa cattle farms. cow-calf operation. What is in the system boundary? Additional Relevant Context: animalFeed: False
animalPopulation: True
cropResidue: False
electricityFuel: False
excreta: False
fertiliser: False
freshForage: True
ingredient: False
liveAnimalInput: True
material: False
operation: False
otherChemical: False
pesticideVeterinaryDrug: False
seed: False
soilAmendment: False
transport: True
waste: False
water: False
product: True","[1, 1, 0, 0, 0, 1, 1, 1, 1, 1, 0, 1, 0, 0, 0, 0, 0, 1, 1]","[0, 0, 0, 0, 0, 0, 0, 1, 1, 0, 0, 1, 0, 0, 0, 1, 0, 1, 1]","['True_animalFeed', 'True_water', 'True_liveAnimalInput', 'True_electricityFuel', 'True_transport', 'True_pesticideVeterinaryDrug', 'True_seed', 'True_otherChemical', 'True_animalPopulation', 'True_freshForage', 'True_excreta', 'True_product', 'True_waste', 'True_soilAmendment', 'True_operation', 'True_fertiliser', 'True_material', 'True_ingredient', 'True_cropResidue']",10,microsoft/deberta-v3-small,System Boundary,standardized,rag
13,"Animal housing producing broiler chicken in netherlands. cycle description: broiler production - conventional. site description: conventional. What is in the system boundary? Additional Relevant Context: animalFeed: True
animalPopulation: True
cropResidue: False
electricityFuel: True
excreta: True
fertiliser: True
freshForage: False
ingredient: True
liveAnimalInput: True
material: True
operation: True
otherChemical: True
pesticideVeterinaryDrug: False
seed: False
soilAmendment: False
transport: True
waste: True
water: True
product: True","[1, 1, 1, 1, 0, 0, 1, 1, 1, 1, 1, 1, 0, 1, 0, 1, 0, 1, 1]","[1, 0, 1, 0, 0, 0, 1, 1, 1, 1, 0, 1, 0, 1, 0, 1, 0, 1, 1]","['True_animalFeed', 'True_water', 'True_liveAnimalInput', 'True_electricityFuel', 'True_transport', 'True_pesticideVeterinaryDrug', 'True_seed', 'True_otherChemical', 'True_animalPopulation', 'True_freshForage', 'True_excreta', 'True_product', 'True_waste', 'True_soilAmendment', 'True_operation', 'True_fertiliser', 'True_material', 'True_ingredient', 'True_cropResidue']",13,microsoft/deberta-v3-small,System Boundary,standardized,rag
14,"Animal housing producing meat, dairy cattle (liveweight) in denmark. cycle description: organic dairy. What is in the system boundary? Additional Relevant Context: 
animalFeed: False
animalPopulation: True
cropResidue: True
electricityFuel: False
excreta: True
fertiliser: False
freshForage: True
ingredient: False
liveAnimalInput: True
material: False
operation: False
otherChemical: False
pesticideVeterinaryDrug: False
seed: False
soilAmendment: False
transport: False
waste: True
water: False
product: True","[1, 0, 1, 0, 0, 1, 1, 1, 1, 1, 0, 1, 0, 1, 0, 1, 0, 1, 1]","[1, 0, 1, 0, 0, 0, 1, 1, 1, 1, 0, 1, 0, 1, 0, 1, 0, 1, 1]","['True_animalFeed', 'True_water', 'True_liveAnimalInput', 'True_electricityFuel', 'True_transport', 'True_pesticideVeterinaryDrug', 'True_seed', 'True_otherChemical', 'True_animalPopulation', 'True_freshForage', 'True_excreta', 'True_product', 'True_waste', 'True_soilAmendment', 'True_operation', 'True_fertiliser', 'True_material', 'True_ingredient', 'True_cropResidue']",14,microsoft/deberta-v3-small,System Boundary,standardized,rag
18,"Animal housing producing beef cattle, bull in ireland. site description: animal housing, winter housing and alc. What is in the system boundary? Additional Relevant Context: 
animalFeed: False
animalPopulation: True
cropResidue: False
electricityFuel: True
excreta: False
fertiliser: True
freshForage: True
ingredient: False
liveAnimalInput: True
material: False
operation: False
otherChemical: False
pesticideVeterinaryDrug: False
seed: False
soilAmendment: False
transport: True
waste: False
water: True
product: True","[1, 0, 1, 0, 0, 0, 1, 1, 1, 0, 0, 1, 0, 0, 0, 0, 0, 1, 1]","[1, 0, 1, 0, 0, 0, 0, 1, 1, 1, 0, 1, 0, 0, 0, 0, 0, 1, 1]","['True_animalFeed', 'True_water', 'True_liveAnimalInput', 'True_electricityFuel', 'True_transport', 'True_pesticideVeterinaryDrug', 'True_seed', 'True_otherChemical', 'True_animalPopulation', 'True_freshForage', 'True_excreta', 'True_product', 'True_waste', 'True_soilAmendment', 'True_operation', 'True_fertiliser', 'True_material', 'True_ingredient', 'True_cropResidue']",18,microsoft/deberta-v3-small,System Boundary,standardized,rag
19,"Animal housing producing broiler chicken in malaysia. cycle description: broiler chicken production. site description: 4 animal houses on the farm. this cycle represents one of the housing systems based on the fu. What is in the system boundary? Additional Relevant Context: animalFeed: True
animalPopulation: True
cropResidue: False
electricityFuel: True
excreta: True
fertiliser: False
freshForage: False
ingredient: True
liveAnimalInput: True
material: True
operation: True
otherChemical: True
pesticideVeterinaryDrug: True
seed: False
soilAmendment: False
transport: True
waste: True
water: True
product: True","[1, 1, 1, 1, 0, 0, 1, 1, 1, 1, 1, 1, 1, 1, 0, 1, 0, 1, 1]","[1, 0, 1, 1, 0, 0, 1, 1, 1, 1, 0, 1, 0, 1, 0, 1, 0, 1, 1]","['True_animalFeed', 'True_water', 'True_liveAnimalInput', 'True_electricityFuel', 'True_transport', 'True_pesticideVeterinaryDrug', 'True_seed', 'True_otherChemical', 'True_animalPopulation', 'True_freshForage', 'True_excreta', 'True_product', 'True_waste', 'True_soilAmendment', 'True_operation', 'True_fertiliser', 'True_material', 'True_ingredient', 'True_cropResidue']",19,microsoft/deberta-v3-small,System Boundary,standardized,rag
21,"Permanent pasture producing beef cattle, heifer and steer in united kingdom. cycle description: permanent pasture fields. site description: permanent pasture fields, north wyke farm platform. What is in the system boundary? Additional Relevant Context: animalFeed: False, animalPopulation: True, cropResidue: False, electricityFuel: False, excreta: False, fertiliser: False, freshForage: True, ingredient: False, liveAnimalInput: True, material: False, operation: False, otherChemical: False, pesticideVeterinaryDrug: False, seed: False, soilAmendment: False, transport: False, waste: False, water: False, product: True","[1, 0, 1, 1, 0, 1, 1, 1, 1, 1, 0, 1, 0, 1, 1, 1, 0, 1, 1]","[1, 0, 1, 1, 0, 1, 1, 1, 1, 1, 0, 1, 0, 1, 1, 1, 0, 1, 0]","['True_animalFeed', 'True_water', 'True_liveAnimalInput', 'True_electricityFuel', 'True_transport', 'True_pesticideVeterinaryDrug', 'True_seed', 'True_otherChemical', 'True_animalPopulation', 'True_freshForage', 'True_excreta', 'True_product', 'True_waste', 'True_soilAmendment', 'True_operation', 'True_fertiliser', 'True_material', 'True_ingredient', 'True_cropResidue']",21,microsoft/deberta-v3-small,System Boundary,standardized,rag
51,"Permanent pasture producing beef cattle, steer in brazil. cycle description: scenario 7: natural grass supplemented with protein-energetic mineralised salt. site description: farm in the western frontier region of the state of reio grande do sul in the southern part of brazil. for each cycle, we use the stocking density and the number of animals to calculate how ma ny hectares are used for each cycle. What is in the system boundary? Additional Relevant Context: animalFeed: False
animalPopulation: True
cropResidue: False
electricityFuel: False
excreta: False
fertiliser: False
freshForage: True
ingredient: False
liveAnimalInput: True
material: False
operation: False
otherChemical: False
pesticideVeterinaryDrug: False
seed: False
soilAmendment: False
transport: False
waste: False
water: False
product: True","[0, 0, 0, 0, 0, 0, 0, 1, 1, 0, 0, 1, 1, 0, 0, 1, 0, 1, 1]","[0, 0, 0, 0, 0, 0, 0, 1, 1, 0, 0, 1, 0, 0, 0, 1, 0, 1, 1]","['True_animalFeed', 'True_water', 'True_liveAnimalInput', 'True_electricityFuel', 'True_transport', 'True_pesticideVeterinaryDrug', 'True_seed', 'True_otherChemical', 'True_animalPopulation', 'True_freshForage', 'True_excreta', 'True_product', 'True_waste', 'True_soilAmendment', 'True_operation', 'True_fertiliser', 'True_material', 'True_ingredient', 'True_cropResidue']",51,microsoft/deberta-v3-small,System Boundary,standardized,rag
53,"Permanent pasture producing meat, dairy cattle (liveweight) in kenya. cycle description: cows and heifers obtain some feed through grazing but are also stall-fed at other times. What is in the system boundary? Additional Relevant Context: 
animalFeed: True
animalPopulation: True
cropResidue: False
electricityFuel: False
excreta: False
fertiliser: False
freshForage: True
ingredient: False
liveAnimalInput: True
material: False
operation: False
otherChemical: False
pesticideVeterinaryDrug: False
seed: False
soilAmendment: False
transport: False
waste: False
water: False
product: True","[1, 0, 1, 0, 0, 0, 0, 1, 1, 1, 0, 0, 0, 0, 0, 0, 0, 1, 0]","[1, 0, 1, 1, 0, 0, 0, 1, 1, 1, 0, 1, 0, 0, 0, 1, 0, 1, 1]","['True_animalFeed', 'True_water', 'True_liveAnimalInput', 'True_electricityFuel', 'True_transport', 'True_pesticideVeterinaryDrug', 'True_seed', 'True_otherChemical', 'True_animalPopulation', 'True_freshForage', 'True_excreta', 'True_product', 'True_waste', 'True_soilAmendment', 'True_operation', 'True_fertiliser', 'True_material', 'True_ingredient', 'True_cropResidue']",53,microsoft/deberta-v3-small,System Boundary,standardized,rag
59,"Animal housing producing beef cattle, steer in ireland. cycle description: 24mo treatment where steers are offered grass silage ad libitum plus 1.5 kg dm of concentrate per head daily over the winter period, turned out to pasture for 210 days, and finished indoors on grass silage ad libitum plus 5 kg dm of concentrate per head daily and slaughtered at 24 months of age (24mo) - (this is the winter housing stage). What is in the system boundary? Additional Relevant Context: 
animalFeed: True
animalPopulation: True
cropResidue: True
electricityFuel: True
excreta: True
fertiliser: True
freshForage: True
ingredient: False
liveAnimalInput: True
material: False
operation: False
otherChemical: False
pesticideVeterinaryDrug: False
seed: False
soilAmendment: False
transport: False
waste: True
water: True
product: True","[0, 0, 1, 1, 1, 0, 0, 1, 1, 0, 0, 1, 0, 0, 1, 0, 0, 1, 1]","[0, 0, 1, 1, 1, 0, 0, 1, 1, 0, 0, 1, 0, 0, 1, 0, 0, 1, 0]","['True_animalFeed', 'True_water', 'True_liveAnimalInput', 'True_electricityFuel', 'True_transport', 'True_pesticideVeterinaryDrug', 'True_seed', 'True_otherChemical', 'True_animalPopulation', 'True_freshForage', 'True_excreta', 'True_product', 'True_waste', 'True_soilAmendment', 'True_operation', 'True_fertiliser', 'True_material', 'True_ingredient', 'True_cropResidue']",59,microsoft/deberta-v3-small,System Boundary,standardized,rag
63,"Animal housing producing beef cattle, steer in ireland. cycle description: 21mo treatment where steers are offered grass silage ad libitum plus 1.5 kg dm of concentrate per head daily over the winter period, turned out to pasture for 175 days, finished at pasture supplemented with 5 kg dm of concentrate per head daily for 60 days and slaughtered at 21 months of age - (this is the winter housing period). What is in the system boundary? Additional Relevant Context: 
animalFeed: True
animalPopulation: True
cropResidue: True
electricityFuel: True
excreta: True
fertiliser: True
freshForage: True
ingredient: False
liveAnimalInput: True
material: False
operation: False
otherChemical: False
pesticideVeterinaryDrug: False
seed: False
soilAmendment: False
transport: False
waste: True
water: True
product: True","[0, 0, 1, 1, 1, 0, 0, 1, 1, 0, 0, 1, 0, 0, 1, 0, 0, 1, 1]","[0, 0, 1, 1, 1, 0, 0, 1, 1, 0, 0, 1, 0, 0, 1, 0, 0, 1, 0]","['True_animalFeed', 'True_water', 'True_liveAnimalInput', 'True_electricityFuel', 'True_transport', 'True_pesticideVeterinaryDrug', 'True_seed', 'True_otherChemical', 'True_animalPopulation', 'True_freshForage', 'True_excreta', 'True_product', 'True_waste', 'True_soilAmendment', 'True_operation', 'True_fertiliser', 'True_material', 'True_ingredient', 'True_cropResidue']",63,microsoft/deberta-v3-small,System Boundary,standardized,rag
74,"Permanent pasture producing beef cattle, cow in spain. cycle description: average annual production data across 9 different conventional dehesa cattle farms. cow-calf operation. What is in the system boundary? Additional Relevant Context: animalFeed: False
animalPopulation: True
cropResidue: False
electricityFuel: False
excreta: False
fertiliser: False
freshForage: True
ingredient: False
liveAnimalInput: True
material: False
operation: False
otherChemical: False
pesticideVeterinaryDrug: False
seed: False
soilAmendment: False
transport: True
waste: False
water: False
product: True","[1, 1, 0, 0, 0, 0, 1, 1, 1, 1, 0, 1, 0, 0, 0, 0, 0, 1, 1]","[1, 0, 0, 0, 0, 0, 0, 1, 1, 0, 0, 0, 0, 0, 0, 0, 0, 1, 1]","['True_animalFeed', 'True_water', 'True_liveAnimalInput', 'True_electricityFuel', 'True_transport', 'True_pesticideVeterinaryDrug', 'True_seed', 'True_otherChemical', 'True_animalPopulation', 'True_freshForage', 'True_excreta', 'True_product', 'True_waste', 'True_soilAmendment', 'True_operation', 'True_fertiliser', 'True_material', 'True_ingredient', 'True_cropResidue']",74,microsoft/deberta-v3-small,System Boundary,standardized,rag
75,"Permanent pasture producing beef cattle, steer in ireland. cycle description: 21mo treatment where steers are offered grass silage ad libitum plus 1.5 kg dm of concentrate per head daily over the winter period, turned out to pasture for 175 days, finished at pasture supplemented with 5 kg dm of concentrate per head daily for 60 days and slaughtered at 21 months of age - (this is the finishing period). What is in the system boundary? Additional Relevant Context: 
animalFeed: True
animalPopulation: True
cropResidue: True
electricityFuel: True
excreta: True
fertiliser: True
freshForage: True
ingredient: False
liveAnimalInput: True
material: False
operation: False
otherChemical: False
pesticideVeterinaryDrug: False
seed: False
soilAmendment: True
transport: False
waste: True
water: True
product: True","[1, 0, 1, 1, 1, 0, 0, 1, 1, 1, 0, 1, 0, 0, 1, 0, 0, 1, 0]","[0, 0, 1, 1, 1, 0, 0, 1, 1, 0, 0, 1, 0, 0, 1, 0, 0, 1, 0]","['True_animalFeed', 'True_water', 'True_liveAnimalInput', 'True_electricityFuel', 'True_transport', 'True_pesticideVeterinaryDrug', 'True_seed', 'True_otherChemical', 'True_animalPopulation', 'True_freshForage', 'True_excreta', 'True_product', 'True_waste', 'True_soilAmendment', 'True_operation', 'True_fertiliser', 'True_material', 'True_ingredient', 'True_cropResidue']",75,microsoft/deberta-v3-small,System Boundary,standardized,rag
76,"Agri-food processor producing meat, beef cattle (liveweight) in brazil. cycle description: meat production. What is in the system boundary? Additional Relevant Context: 
animalFeed: False
animalPopulation: False
cropResidue: False
electricityFuel: False
excreta: False
fertiliser: False
freshForage: False
ingredient: False
liveAnimalInput: False
material: False
operation: False
otherChemical: False
pesticideVeterinaryDrug: False
seed: False
soilAmendment: False
transport: False
waste: False
water: False
product: True","[1, 1, 1, 0, 0, 1, 1, 1, 1, 1, 1, 1, 0, 1, 0, 1, 0, 1, 1]","[1, 0, 1, 0, 0, 1, 1, 1, 1, 1, 1, 1, 0, 1, 0, 1, 0, 1, 1]","['True_animalFeed', 'True_water', 'True_liveAnimalInput', 'True_electricityFuel', 'True_transport', 'True_pesticideVeterinaryDrug', 'True_seed', 'True_otherChemical', 'True_animalPopulation', 'True_freshForage', 'True_excreta', 'True_product', 'True_waste', 'True_soilAmendment', 'True_operation', 'True_fertiliser', 'True_material', 'True_ingredient', 'True_cropResidue']",76,microsoft/deberta-v3-small,System Boundary,standardized,rag
77,"Milk, cow, raw produced in united kingdom. cycle description: control merit cows, in novel home-grown system (all feed grown on fam using legume protein sources, animals housed for one period each day). What is in the system boundary? Additional Relevant Context: 
animalFeed: True
animalPopulation: True
cropResidue: True
electricityFuel: True
excreta: True
fertiliser: True
freshForage: True
ingredient: False
liveAnimalInput: True
material: True
operation: True
otherChemical: True
pesticideVeterinaryDrug: True
seed: True
soilAmendment: True
transport: True
waste: True
water: True
product: True","[1, 0, 1, 1, 0, 0, 1, 1, 1, 0, 0, 0, 0, 0, 0, 1, 0, 1, 1]","[1, 0, 1, 1, 0, 0, 1, 1, 1, 0, 0, 0, 0, 1, 0, 0, 0, 1, 1]","['True_animalFeed', 'True_water', 'True_liveAnimalInput', 'True_electricityFuel', 'True_transport', 'True_pesticideVeterinaryDrug', 'True_seed', 'True_otherChemical', 'True_animalPopulation', 'True_freshForage', 'True_excreta', 'True_product', 'True_waste', 'True_soilAmendment', 'True_operation', 'True_fertiliser', 'True_material', 'True_ingredient', 'True_cropResidue']",77,microsoft/deberta-v3-small,System Boundary,standardized,rag
