,model,dataset,dataset_type,RAG,label,precision,count
0,climatebert/distilroberta-base-climate-f,Functional Unit,standardized,no rag,relative,1.0,
1,climatebert/distilroberta-base-climate-f,Functional Unit,standardized,no rag,kg FPCM,1.0,
2,climatebert/distilroberta-base-climate-f,Functional Unit,standardized,no rag,1 ha,1.0,
3,climatebert/distilroberta-base-climate-f,Functional Unit,standardized,no rag,number,1.0,
4,climatebert/distilroberta-base-climate-f,Functional Unit,standardized,no rag,kg liveweight,1.0,
5,climatebert/distilroberta-base-climate-f,Functional Unit,standardized,no rag,kg ready-to-cook weight,1.0,
6,climatebert/distilroberta-base-climate-f,Functional Unit,standardized,no rag,kg cold dressed carcass weight,1.0,
7,climatebert/distilroberta-base-climate-f,Functional Unit,standardized,no rag,kg,1.0,
8,climatebert/distilroberta-base-climate-f,Functional Unit,standardized,no rag,kg cold carcass weight,1.0,
9,ESGBERT/EnvironmentalBERT-base,Functional Unit,standardized,no rag,relative,0.9876543209876543,
10,ESGBERT/EnvironmentalBERT-base,Functional Unit,standardized,no rag,kg FPCM,1.0,
11,ESGBERT/EnvironmentalBERT-base,Functional Unit,standardized,no rag,1 ha,1.0,
12,ESGBERT/EnvironmentalBERT-base,Functional Unit,standardized,no rag,number,1.0,
13,ESGBERT/EnvironmentalBERT-base,Functional Unit,standardized,no rag,kg liveweight,1.0,
14,ESGBERT/EnvironmentalBERT-base,Functional Unit,standardized,no rag,kg ready-to-cook weight,1.0,
15,ESGBERT/EnvironmentalBERT-base,Functional Unit,standardized,no rag,kg cold dressed carcass weight,1.0,
16,ESGBERT/EnvironmentalBERT-base,Functional Unit,standardized,no rag,kg,1.0,
17,ESGBERT/EnvironmentalBERT-base,Functional Unit,standardized,no rag,kg cold carcass weight,1.0,
18,FacebookAI/roberta-large,Functional Unit,standardized,no rag,relative,1.0,
19,FacebookAI/roberta-large,Functional Unit,standardized,no rag,kg FPCM,1.0,
20,FacebookAI/roberta-large,Functional Unit,standardized,no rag,1 ha,1.0,
21,FacebookAI/roberta-large,Functional Unit,standardized,no rag,number,1.0,
22,FacebookAI/roberta-large,Functional Unit,standardized,no rag,kg liveweight,1.0,
23,FacebookAI/roberta-large,Functional Unit,standardized,no rag,kg ready-to-cook weight,1.0,
24,FacebookAI/roberta-large,Functional Unit,standardized,no rag,kg cold dressed carcass weight,1.0,
25,FacebookAI/roberta-large,Functional Unit,standardized,no rag,kg,1.0,
26,FacebookAI/roberta-large,Functional Unit,standardized,no rag,kg cold carcass weight,1.0,
27,google-bert/bert-base-uncased,Functional Unit,standardized,no rag,relative,1.0,
28,google-bert/bert-base-uncased,Functional Unit,standardized,no rag,kg FPCM,1.0,
29,google-bert/bert-base-uncased,Functional Unit,standardized,no rag,1 ha,1.0,
30,google-bert/bert-base-uncased,Functional Unit,standardized,no rag,number,1.0,
31,google-bert/bert-base-uncased,Functional Unit,standardized,no rag,kg liveweight,1.0,
32,google-bert/bert-base-uncased,Functional Unit,standardized,no rag,kg ready-to-cook weight,1.0,
33,google-bert/bert-base-uncased,Functional Unit,standardized,no rag,kg cold dressed carcass weight,1.0,
34,google-bert/bert-base-uncased,Functional Unit,standardized,no rag,kg,1.0,
35,google-bert/bert-base-uncased,Functional Unit,standardized,no rag,kg cold carcass weight,1.0,
36,microsoft/deberta-v3-base,Functional Unit,standardized,no rag,relative,1.0,
37,microsoft/deberta-v3-base,Functional Unit,standardized,no rag,kg FPCM,1.0,
38,microsoft/deberta-v3-base,Functional Unit,standardized,no rag,1 ha,1.0,
39,microsoft/deberta-v3-base,Functional Unit,standardized,no rag,number,1.0,
40,microsoft/deberta-v3-base,Functional Unit,standardized,no rag,kg liveweight,1.0,
41,microsoft/deberta-v3-base,Functional Unit,standardized,no rag,kg ready-to-cook weight,1.0,
42,microsoft/deberta-v3-base,Functional Unit,standardized,no rag,kg cold dressed carcass weight,1.0,
43,microsoft/deberta-v3-base,Functional Unit,standardized,no rag,kg,1.0,
44,microsoft/deberta-v3-base,Functional Unit,standardized,no rag,kg cold carcass weight,1.0,
45,microsoft/deberta-v3-large,Functional Unit,standardized,no rag,relative,1.0,
46,microsoft/deberta-v3-large,Functional Unit,standardized,no rag,kg FPCM,1.0,
47,microsoft/deberta-v3-large,Functional Unit,standardized,no rag,1 ha,1.0,
48,microsoft/deberta-v3-large,Functional Unit,standardized,no rag,number,1.0,
49,microsoft/deberta-v3-large,Functional Unit,standardized,no rag,kg liveweight,1.0,
50,microsoft/deberta-v3-large,Functional Unit,standardized,no rag,kg ready-to-cook weight,1.0,
51,microsoft/deberta-v3-large,Functional Unit,standardized,no rag,kg cold dressed carcass weight,1.0,
52,microsoft/deberta-v3-large,Functional Unit,standardized,no rag,kg,1.0,
53,microsoft/deberta-v3-large,Functional Unit,standardized,no rag,kg cold carcass weight,1.0,
54,microsoft/deberta-v3-small,Functional Unit,standardized,no rag,relative,1.0,
55,microsoft/deberta-v3-small,Functional Unit,standardized,no rag,kg FPCM,1.0,
56,microsoft/deberta-v3-small,Functional Unit,standardized,no rag,1 ha,0.75,
57,microsoft/deberta-v3-small,Functional Unit,standardized,no rag,number,1.0,
58,microsoft/deberta-v3-small,Functional Unit,standardized,no rag,kg liveweight,1.0,
59,microsoft/deberta-v3-small,Functional Unit,standardized,no rag,kg ready-to-cook weight,1.0,
60,microsoft/deberta-v3-small,Functional Unit,standardized,no rag,kg cold dressed carcass weight,1.0,
61,microsoft/deberta-v3-small,Functional Unit,standardized,no rag,kg,1.0,
62,microsoft/deberta-v3-small,Functional Unit,standardized,no rag,kg cold carcass weight,1.0,
63,climatebert/distilroberta-base-climate-f,Product,standardized,no rag,"Meat, beef cattle (cold carcass weight)",1.0,
64,climatebert/distilroberta-base-climate-f,Product,standardized,no rag,"Meat, pig (cold dressed carcass weight)",0.0,
65,climatebert/distilroberta-base-climate-f,Product,standardized,no rag,"Meat, chicken, breast",0.0,
66,climatebert/distilroberta-base-climate-f,Product,standardized,no rag,"Milk, cow, raw (FPCM)",1.0,
67,climatebert/distilroberta-base-climate-f,Product,standardized,no rag,Broiler chicken,1.0,
68,climatebert/distilroberta-base-climate-f,Product,standardized,no rag,Beef cattle,1.0,
69,climatebert/distilroberta-base-climate-f,Product,standardized,no rag,Hides,0.0,
70,climatebert/distilroberta-base-climate-f,Product,standardized,no rag,"Sheep, ewe",1.0,
71,climatebert/distilroberta-base-climate-f,Product,standardized,no rag,"Beef cattle, heifer",1.0,
72,climatebert/distilroberta-base-climate-f,Product,standardized,no rag,"Beef cattle, calf (female, weaned)",1.0,
73,climatebert/distilroberta-base-climate-f,Product,standardized,no rag,"Dairy cattle, calf (weaned)",0.0,
74,climatebert/distilroberta-base-climate-f,Product,standardized,no rag,Cattle,0.0,
75,climatebert/distilroberta-base-climate-f,Product,standardized,no rag,"Wool, sheep (greasy)",1.0,
76,climatebert/distilroberta-base-climate-f,Product,standardized,no rag,"Meat, dairy cattle (liveweight)",1.0,
77,climatebert/distilroberta-base-climate-f,Product,standardized,no rag,"Beef cattle, steer",1.0,
78,climatebert/distilroberta-base-climate-f,Product,standardized,no rag,"Meat, sheep (liveweight)",0.0,
79,climatebert/distilroberta-base-climate-f,Product,standardized,no rag,"Beef cattle, heifer and steer",1.0,
80,climatebert/distilroberta-base-climate-f,Product,standardized,no rag,"Dairy cattle, cow",0.0,
81,climatebert/distilroberta-base-climate-f,Product,standardized,no rag,"Cattle, urine (kg mass)",0.0,
82,climatebert/distilroberta-base-climate-f,Product,standardized,no rag,Dairy cattle,0.0,
83,climatebert/distilroberta-base-climate-f,Product,standardized,no rag,"Layer chicken, hen",0.0,
84,climatebert/distilroberta-base-climate-f,Product,standardized,no rag,"Sheep, lamb (male, unweaned)",1.0,
85,climatebert/distilroberta-base-climate-f,Product,standardized,no rag,"Meat, chicken, wings",0.0,
86,climatebert/distilroberta-base-climate-f,Product,standardized,no rag,Wool,1.0,
87,climatebert/distilroberta-base-climate-f,Product,standardized,no rag,"Eggs, hen, in shell (number)",1.0,
88,climatebert/distilroberta-base-climate-f,Product,standardized,no rag,Pig,1.0,
89,climatebert/distilroberta-base-climate-f,Product,standardized,no rag,"Broiler chicken, hen",1.0,
90,climatebert/distilroberta-base-climate-f,Product,standardized,no rag,"Dairy cattle, calf (male, unweaned)",0.0,
91,climatebert/distilroberta-base-climate-f,Product,standardized,no rag,"Meat, dairy cattle (cold carcass weight)",0.0,
92,climatebert/distilroberta-base-climate-f,Product,standardized,no rag,"Dairy cattle, calf",0.0,
93,climatebert/distilroberta-base-climate-f,Product,standardized,no rag,"Beef cattle, calf (male, weaned)",1.0,
94,climatebert/distilroberta-base-climate-f,Product,standardized,no rag,"Meat, beef cattle (cold dressed carcass weight)",1.0,
95,climatebert/distilroberta-base-climate-f,Product,standardized,no rag,"Eggs, hen, in shell",1.0,
96,climatebert/distilroberta-base-climate-f,Product,standardized,no rag,"Broiler chicken, chick",1.0,
97,climatebert/distilroberta-base-climate-f,Product,standardized,no rag,"Meat, chicken (liveweight)",0.0,
98,climatebert/distilroberta-base-climate-f,Product,standardized,no rag,"Pig, piglet",1.0,
99,climatebert/distilroberta-base-climate-f,Product,standardized,no rag,"Layer chicken, pullet",1.0,
100,climatebert/distilroberta-base-climate-f,Product,standardized,no rag,"Sheep, lamb (female, unweaned)",0.0,
101,climatebert/distilroberta-base-climate-f,Product,standardized,no rag,Milk,1.0,
102,climatebert/distilroberta-base-climate-f,Product,standardized,no rag,"Beef cattle, bull",1.0,
103,climatebert/distilroberta-base-climate-f,Product,standardized,no rag,Eggs,1.0,
104,climatebert/distilroberta-base-climate-f,Product,standardized,no rag,"Sheep, lamb",1.0,
105,climatebert/distilroberta-base-climate-f,Product,standardized,no rag,"Dairy cattle, calf (female, weaned)",0.0,
106,climatebert/distilroberta-base-climate-f,Product,standardized,no rag,"Sheep, ram",1.0,
107,climatebert/distilroberta-base-climate-f,Product,standardized,no rag,"Sheep, lamb (weaned)",1.0,
108,climatebert/distilroberta-base-climate-f,Product,standardized,no rag,"Meat, chicken (cold carcass weight)",0.0,
109,climatebert/distilroberta-base-climate-f,Product,standardized,no rag,"Beef cattle, calf (weaned)",0.0,
110,climatebert/distilroberta-base-climate-f,Product,standardized,no rag,"Meat, chicken, leg",0.0,
111,climatebert/distilroberta-base-climate-f,Product,standardized,no rag,Sheep,1.0,
112,climatebert/distilroberta-base-climate-f,Product,standardized,no rag,Layer chicken,1.0,
113,climatebert/distilroberta-base-climate-f,Product,standardized,no rag,"Beef cattle, cow",1.0,
114,climatebert/distilroberta-base-climate-f,Product,standardized,no rag,Poultry by-product meal,0.0,
115,climatebert/distilroberta-base-climate-f,Product,standardized,no rag,Meat,1.0,
116,climatebert/distilroberta-base-climate-f,Product,standardized,no rag,"Milk, cow, raw",1.0,
117,climatebert/distilroberta-base-climate-f,Product,standardized,no rag,"Hides, dairy cattle, fresh",0.0,
118,climatebert/distilroberta-base-climate-f,Product,standardized,no rag,"Pig, sow",1.0,
119,climatebert/distilroberta-base-climate-f,Product,standardized,no rag,"Meat, beef cattle (liveweight)",1.0,
120,climatebert/distilroberta-base-climate-f,Product,standardized,no rag,"Dairy cattle, heifer",0.0,
121,climatebert/distilroberta-base-climate-f,Product,standardized,no rag,"Meat, sheep (cold carcass weight)",0.0,
122,ESGBERT/EnvironmentalBERT-base,Product,standardized,no rag,"Meat, beef cattle (cold carcass weight)",1.0,
123,ESGBERT/EnvironmentalBERT-base,Product,standardized,no rag,"Meat, pig (cold dressed carcass weight)",0.0,
124,ESGBERT/EnvironmentalBERT-base,Product,standardized,no rag,"Meat, chicken, breast",0.0,
125,ESGBERT/EnvironmentalBERT-base,Product,standardized,no rag,"Milk, cow, raw (FPCM)",1.0,
126,ESGBERT/EnvironmentalBERT-base,Product,standardized,no rag,Broiler chicken,1.0,
127,ESGBERT/EnvironmentalBERT-base,Product,standardized,no rag,Beef cattle,1.0,
128,ESGBERT/EnvironmentalBERT-base,Product,standardized,no rag,Hides,0.0,
129,ESGBERT/EnvironmentalBERT-base,Product,standardized,no rag,"Sheep, ewe",1.0,
130,ESGBERT/EnvironmentalBERT-base,Product,standardized,no rag,"Beef cattle, heifer",1.0,
131,ESGBERT/EnvironmentalBERT-base,Product,standardized,no rag,"Beef cattle, calf (female, weaned)",1.0,
132,ESGBERT/EnvironmentalBERT-base,Product,standardized,no rag,"Dairy cattle, calf (weaned)",0.0,
133,ESGBERT/EnvironmentalBERT-base,Product,standardized,no rag,Cattle,0.0,
134,ESGBERT/EnvironmentalBERT-base,Product,standardized,no rag,"Wool, sheep (greasy)",1.0,
135,ESGBERT/EnvironmentalBERT-base,Product,standardized,no rag,"Meat, dairy cattle (liveweight)",1.0,
136,ESGBERT/EnvironmentalBERT-base,Product,standardized,no rag,"Beef cattle, steer",1.0,
137,ESGBERT/EnvironmentalBERT-base,Product,standardized,no rag,"Meat, sheep (liveweight)",0.0,
138,ESGBERT/EnvironmentalBERT-base,Product,standardized,no rag,"Beef cattle, heifer and steer",1.0,
139,ESGBERT/EnvironmentalBERT-base,Product,standardized,no rag,"Dairy cattle, cow",0.0,
140,ESGBERT/EnvironmentalBERT-base,Product,standardized,no rag,"Cattle, urine (kg mass)",0.0,
141,ESGBERT/EnvironmentalBERT-base,Product,standardized,no rag,Dairy cattle,0.0,
142,ESGBERT/EnvironmentalBERT-base,Product,standardized,no rag,"Layer chicken, hen",0.0,
143,ESGBERT/EnvironmentalBERT-base,Product,standardized,no rag,"Sheep, lamb (male, unweaned)",1.0,
144,ESGBERT/EnvironmentalBERT-base,Product,standardized,no rag,"Meat, chicken, wings",0.0,
145,ESGBERT/EnvironmentalBERT-base,Product,standardized,no rag,Wool,1.0,
146,ESGBERT/EnvironmentalBERT-base,Product,standardized,no rag,"Eggs, hen, in shell (number)",1.0,
147,ESGBERT/EnvironmentalBERT-base,Product,standardized,no rag,Pig,1.0,
148,ESGBERT/EnvironmentalBERT-base,Product,standardized,no rag,"Broiler chicken, hen",1.0,
149,ESGBERT/EnvironmentalBERT-base,Product,standardized,no rag,"Dairy cattle, calf (male, unweaned)",0.0,
150,ESGBERT/EnvironmentalBERT-base,Product,standardized,no rag,"Meat, dairy cattle (cold carcass weight)",0.0,
151,ESGBERT/EnvironmentalBERT-base,Product,standardized,no rag,"Dairy cattle, calf",0.0,
152,ESGBERT/EnvironmentalBERT-base,Product,standardized,no rag,"Beef cattle, calf (male, weaned)",1.0,
153,ESGBERT/EnvironmentalBERT-base,Product,standardized,no rag,"Meat, beef cattle (cold dressed carcass weight)",1.0,
154,ESGBERT/EnvironmentalBERT-base,Product,standardized,no rag,"Eggs, hen, in shell",1.0,
155,ESGBERT/EnvironmentalBERT-base,Product,standardized,no rag,"Broiler chicken, chick",1.0,
156,ESGBERT/EnvironmentalBERT-base,Product,standardized,no rag,"Meat, chicken (liveweight)",0.0,
157,ESGBERT/EnvironmentalBERT-base,Product,standardized,no rag,"Pig, piglet",1.0,
158,ESGBERT/EnvironmentalBERT-base,Product,standardized,no rag,"Layer chicken, pullet",1.0,
159,ESGBERT/EnvironmentalBERT-base,Product,standardized,no rag,"Sheep, lamb (female, unweaned)",0.0,
160,ESGBERT/EnvironmentalBERT-base,Product,standardized,no rag,Milk,1.0,
161,ESGBERT/EnvironmentalBERT-base,Product,standardized,no rag,"Beef cattle, bull",1.0,
162,ESGBERT/EnvironmentalBERT-base,Product,standardized,no rag,Eggs,1.0,
163,ESGBERT/EnvironmentalBERT-base,Product,standardized,no rag,"Sheep, lamb",1.0,
164,ESGBERT/EnvironmentalBERT-base,Product,standardized,no rag,"Dairy cattle, calf (female, weaned)",0.0,
165,ESGBERT/EnvironmentalBERT-base,Product,standardized,no rag,"Sheep, ram",1.0,
166,ESGBERT/EnvironmentalBERT-base,Product,standardized,no rag,"Sheep, lamb (weaned)",1.0,
167,ESGBERT/EnvironmentalBERT-base,Product,standardized,no rag,"Meat, chicken (cold carcass weight)",0.0,
168,ESGBERT/EnvironmentalBERT-base,Product,standardized,no rag,"Beef cattle, calf (weaned)",0.0,
169,ESGBERT/EnvironmentalBERT-base,Product,standardized,no rag,"Meat, chicken, leg",1.0,
170,ESGBERT/EnvironmentalBERT-base,Product,standardized,no rag,Sheep,1.0,
171,ESGBERT/EnvironmentalBERT-base,Product,standardized,no rag,Layer chicken,1.0,
172,ESGBERT/EnvironmentalBERT-base,Product,standardized,no rag,"Beef cattle, cow",1.0,
173,ESGBERT/EnvironmentalBERT-base,Product,standardized,no rag,Poultry by-product meal,0.0,
174,ESGBERT/EnvironmentalBERT-base,Product,standardized,no rag,Meat,1.0,
175,ESGBERT/EnvironmentalBERT-base,Product,standardized,no rag,"Milk, cow, raw",1.0,
176,ESGBERT/EnvironmentalBERT-base,Product,standardized,no rag,"Hides, dairy cattle, fresh",0.0,
177,ESGBERT/EnvironmentalBERT-base,Product,standardized,no rag,"Pig, sow",1.0,
178,ESGBERT/EnvironmentalBERT-base,Product,standardized,no rag,"Meat, beef cattle (liveweight)",1.0,
179,ESGBERT/EnvironmentalBERT-base,Product,standardized,no rag,"Dairy cattle, heifer",0.0,
180,ESGBERT/EnvironmentalBERT-base,Product,standardized,no rag,"Meat, sheep (cold carcass weight)",0.0,
181,FacebookAI/roberta-large,Product,standardized,no rag,"Meat, beef cattle (cold carcass weight)",1.0,
182,FacebookAI/roberta-large,Product,standardized,no rag,"Meat, pig (cold dressed carcass weight)",0.0,
183,FacebookAI/roberta-large,Product,standardized,no rag,"Meat, chicken, breast",0.0,
184,FacebookAI/roberta-large,Product,standardized,no rag,"Milk, cow, raw (FPCM)",1.0,
185,FacebookAI/roberta-large,Product,standardized,no rag,Broiler chicken,1.0,
186,FacebookAI/roberta-large,Product,standardized,no rag,Beef cattle,1.0,
187,FacebookAI/roberta-large,Product,standardized,no rag,Hides,0.0,
188,FacebookAI/roberta-large,Product,standardized,no rag,"Sheep, ewe",1.0,
189,FacebookAI/roberta-large,Product,standardized,no rag,"Beef cattle, heifer",1.0,
190,FacebookAI/roberta-large,Product,standardized,no rag,"Beef cattle, calf (female, weaned)",1.0,
191,FacebookAI/roberta-large,Product,standardized,no rag,"Dairy cattle, calf (weaned)",0.0,
192,FacebookAI/roberta-large,Product,standardized,no rag,Cattle,0.0,
193,FacebookAI/roberta-large,Product,standardized,no rag,"Wool, sheep (greasy)",1.0,
194,FacebookAI/roberta-large,Product,standardized,no rag,"Meat, dairy cattle (liveweight)",1.0,
195,FacebookAI/roberta-large,Product,standardized,no rag,"Beef cattle, steer",1.0,
196,FacebookAI/roberta-large,Product,standardized,no rag,"Meat, sheep (liveweight)",0.0,
197,FacebookAI/roberta-large,Product,standardized,no rag,"Beef cattle, heifer and steer",1.0,
198,FacebookAI/roberta-large,Product,standardized,no rag,"Dairy cattle, cow",0.0,
199,FacebookAI/roberta-large,Product,standardized,no rag,"Cattle, urine (kg mass)",0.0,
200,FacebookAI/roberta-large,Product,standardized,no rag,Dairy cattle,0.0,
201,FacebookAI/roberta-large,Product,standardized,no rag,"Layer chicken, hen",0.0,
202,FacebookAI/roberta-large,Product,standardized,no rag,"Sheep, lamb (male, unweaned)",1.0,
203,FacebookAI/roberta-large,Product,standardized,no rag,"Meat, chicken, wings",0.0,
204,FacebookAI/roberta-large,Product,standardized,no rag,Wool,1.0,
205,FacebookAI/roberta-large,Product,standardized,no rag,"Eggs, hen, in shell (number)",1.0,
206,FacebookAI/roberta-large,Product,standardized,no rag,Pig,1.0,
207,FacebookAI/roberta-large,Product,standardized,no rag,"Broiler chicken, hen",1.0,
208,FacebookAI/roberta-large,Product,standardized,no rag,"Dairy cattle, calf (male, unweaned)",0.0,
209,FacebookAI/roberta-large,Product,standardized,no rag,"Meat, dairy cattle (cold carcass weight)",0.0,
210,FacebookAI/roberta-large,Product,standardized,no rag,"Dairy cattle, calf",0.0,
211,FacebookAI/roberta-large,Product,standardized,no rag,"Beef cattle, calf (male, weaned)",1.0,
212,FacebookAI/roberta-large,Product,standardized,no rag,"Meat, beef cattle (cold dressed carcass weight)",1.0,
213,FacebookAI/roberta-large,Product,standardized,no rag,"Eggs, hen, in shell",1.0,
214,FacebookAI/roberta-large,Product,standardized,no rag,"Broiler chicken, chick",1.0,
215,FacebookAI/roberta-large,Product,standardized,no rag,"Meat, chicken (liveweight)",0.0,
216,FacebookAI/roberta-large,Product,standardized,no rag,"Pig, piglet",1.0,
217,FacebookAI/roberta-large,Product,standardized,no rag,"Layer chicken, pullet",1.0,
218,FacebookAI/roberta-large,Product,standardized,no rag,"Sheep, lamb (female, unweaned)",0.0,
219,FacebookAI/roberta-large,Product,standardized,no rag,Milk,1.0,
220,FacebookAI/roberta-large,Product,standardized,no rag,"Beef cattle, bull",1.0,
221,FacebookAI/roberta-large,Product,standardized,no rag,Eggs,1.0,
222,FacebookAI/roberta-large,Product,standardized,no rag,"Sheep, lamb",1.0,
223,FacebookAI/roberta-large,Product,standardized,no rag,"Dairy cattle, calf (female, weaned)",0.0,
224,FacebookAI/roberta-large,Product,standardized,no rag,"Sheep, ram",1.0,
225,FacebookAI/roberta-large,Product,standardized,no rag,"Sheep, lamb (weaned)",1.0,
226,FacebookAI/roberta-large,Product,standardized,no rag,"Meat, chicken (cold carcass weight)",0.0,
227,FacebookAI/roberta-large,Product,standardized,no rag,"Beef cattle, calf (weaned)",1.0,
228,FacebookAI/roberta-large,Product,standardized,no rag,"Meat, chicken, leg",1.0,
229,FacebookAI/roberta-large,Product,standardized,no rag,Sheep,1.0,
230,FacebookAI/roberta-large,Product,standardized,no rag,Layer chicken,1.0,
231,FacebookAI/roberta-large,Product,standardized,no rag,"Beef cattle, cow",1.0,
232,FacebookAI/roberta-large,Product,standardized,no rag,Poultry by-product meal,0.0,
233,FacebookAI/roberta-large,Product,standardized,no rag,Meat,1.0,
234,FacebookAI/roberta-large,Product,standardized,no rag,"Milk, cow, raw",1.0,
235,FacebookAI/roberta-large,Product,standardized,no rag,"Hides, dairy cattle, fresh",0.0,
236,FacebookAI/roberta-large,Product,standardized,no rag,"Pig, sow",1.0,
237,FacebookAI/roberta-large,Product,standardized,no rag,"Meat, beef cattle (liveweight)",1.0,
238,FacebookAI/roberta-large,Product,standardized,no rag,"Dairy cattle, heifer",0.0,
239,FacebookAI/roberta-large,Product,standardized,no rag,"Meat, sheep (cold carcass weight)",0.0,
240,google-bert/bert-base-uncased,Product,standardized,no rag,"Meat, beef cattle (cold carcass weight)",1.0,
241,google-bert/bert-base-uncased,Product,standardized,no rag,"Meat, pig (cold dressed carcass weight)",0.0,
242,google-bert/bert-base-uncased,Product,standardized,no rag,"Meat, chicken, breast",0.0,
243,google-bert/bert-base-uncased,Product,standardized,no rag,"Milk, cow, raw (FPCM)",1.0,
244,google-bert/bert-base-uncased,Product,standardized,no rag,Broiler chicken,1.0,
245,google-bert/bert-base-uncased,Product,standardized,no rag,Beef cattle,1.0,
246,google-bert/bert-base-uncased,Product,standardized,no rag,Hides,0.0,
247,google-bert/bert-base-uncased,Product,standardized,no rag,"Sheep, ewe",1.0,
248,google-bert/bert-base-uncased,Product,standardized,no rag,"Beef cattle, heifer",1.0,
249,google-bert/bert-base-uncased,Product,standardized,no rag,"Beef cattle, calf (female, weaned)",1.0,
250,google-bert/bert-base-uncased,Product,standardized,no rag,"Dairy cattle, calf (weaned)",0.0,
251,google-bert/bert-base-uncased,Product,standardized,no rag,Cattle,0.0,
252,google-bert/bert-base-uncased,Product,standardized,no rag,"Wool, sheep (greasy)",1.0,
253,google-bert/bert-base-uncased,Product,standardized,no rag,"Meat, dairy cattle (liveweight)",1.0,
254,google-bert/bert-base-uncased,Product,standardized,no rag,"Beef cattle, steer",1.0,
255,google-bert/bert-base-uncased,Product,standardized,no rag,"Meat, sheep (liveweight)",0.0,
256,google-bert/bert-base-uncased,Product,standardized,no rag,"Beef cattle, heifer and steer",1.0,
257,google-bert/bert-base-uncased,Product,standardized,no rag,"Dairy cattle, cow",0.0,
258,google-bert/bert-base-uncased,Product,standardized,no rag,"Cattle, urine (kg mass)",0.0,
259,google-bert/bert-base-uncased,Product,standardized,no rag,Dairy cattle,0.0,
260,google-bert/bert-base-uncased,Product,standardized,no rag,"Layer chicken, hen",0.0,
261,google-bert/bert-base-uncased,Product,standardized,no rag,"Sheep, lamb (male, unweaned)",1.0,
262,google-bert/bert-base-uncased,Product,standardized,no rag,"Meat, chicken, wings",0.0,
263,google-bert/bert-base-uncased,Product,standardized,no rag,Wool,1.0,
264,google-bert/bert-base-uncased,Product,standardized,no rag,"Eggs, hen, in shell (number)",1.0,
265,google-bert/bert-base-uncased,Product,standardized,no rag,Pig,1.0,
266,google-bert/bert-base-uncased,Product,standardized,no rag,"Broiler chicken, hen",1.0,
267,google-bert/bert-base-uncased,Product,standardized,no rag,"Dairy cattle, calf (male, unweaned)",0.0,
268,google-bert/bert-base-uncased,Product,standardized,no rag,"Meat, dairy cattle (cold carcass weight)",0.0,
269,google-bert/bert-base-uncased,Product,standardized,no rag,"Dairy cattle, calf",0.0,
270,google-bert/bert-base-uncased,Product,standardized,no rag,"Beef cattle, calf (male, weaned)",1.0,
271,google-bert/bert-base-uncased,Product,standardized,no rag,"Meat, beef cattle (cold dressed carcass weight)",1.0,
272,google-bert/bert-base-uncased,Product,standardized,no rag,"Eggs, hen, in shell",1.0,
273,google-bert/bert-base-uncased,Product,standardized,no rag,"Broiler chicken, chick",1.0,
274,google-bert/bert-base-uncased,Product,standardized,no rag,"Meat, chicken (liveweight)",0.0,
275,google-bert/bert-base-uncased,Product,standardized,no rag,"Pig, piglet",1.0,
276,google-bert/bert-base-uncased,Product,standardized,no rag,"Layer chicken, pullet",1.0,
277,google-bert/bert-base-uncased,Product,standardized,no rag,"Sheep, lamb (female, unweaned)",0.0,
278,google-bert/bert-base-uncased,Product,standardized,no rag,Milk,1.0,
279,google-bert/bert-base-uncased,Product,standardized,no rag,"Beef cattle, bull",1.0,
280,google-bert/bert-base-uncased,Product,standardized,no rag,Eggs,1.0,
281,google-bert/bert-base-uncased,Product,standardized,no rag,"Sheep, lamb",1.0,
282,google-bert/bert-base-uncased,Product,standardized,no rag,"Dairy cattle, calf (female, weaned)",0.0,
283,google-bert/bert-base-uncased,Product,standardized,no rag,"Sheep, ram",1.0,
284,google-bert/bert-base-uncased,Product,standardized,no rag,"Sheep, lamb (weaned)",1.0,
285,google-bert/bert-base-uncased,Product,standardized,no rag,"Meat, chicken (cold carcass weight)",0.0,
286,google-bert/bert-base-uncased,Product,standardized,no rag,"Beef cattle, calf (weaned)",0.0,
287,google-bert/bert-base-uncased,Product,standardized,no rag,"Meat, chicken, leg",0.0,
288,google-bert/bert-base-uncased,Product,standardized,no rag,Sheep,1.0,
289,google-bert/bert-base-uncased,Product,standardized,no rag,Layer chicken,1.0,
290,google-bert/bert-base-uncased,Product,standardized,no rag,"Beef cattle, cow",1.0,
291,google-bert/bert-base-uncased,Product,standardized,no rag,Poultry by-product meal,0.0,
292,google-bert/bert-base-uncased,Product,standardized,no rag,Meat,1.0,
293,google-bert/bert-base-uncased,Product,standardized,no rag,"Milk, cow, raw",1.0,
294,google-bert/bert-base-uncased,Product,standardized,no rag,"Hides, dairy cattle, fresh",0.0,
295,google-bert/bert-base-uncased,Product,standardized,no rag,"Pig, sow",1.0,
296,google-bert/bert-base-uncased,Product,standardized,no rag,"Meat, beef cattle (liveweight)",0.0,
297,google-bert/bert-base-uncased,Product,standardized,no rag,"Dairy cattle, heifer",0.0,
298,google-bert/bert-base-uncased,Product,standardized,no rag,"Meat, sheep (cold carcass weight)",0.0,
299,microsoft/deberta-v3-base,Product,standardized,no rag,"Meat, beef cattle (cold carcass weight)",1.0,
300,microsoft/deberta-v3-base,Product,standardized,no rag,"Meat, pig (cold dressed carcass weight)",0.0,
301,microsoft/deberta-v3-base,Product,standardized,no rag,"Meat, chicken, breast",0.0,
302,microsoft/deberta-v3-base,Product,standardized,no rag,"Milk, cow, raw (FPCM)",1.0,
303,microsoft/deberta-v3-base,Product,standardized,no rag,Broiler chicken,1.0,
304,microsoft/deberta-v3-base,Product,standardized,no rag,Beef cattle,1.0,
305,microsoft/deberta-v3-base,Product,standardized,no rag,Hides,0.0,
306,microsoft/deberta-v3-base,Product,standardized,no rag,"Sheep, ewe",1.0,
307,microsoft/deberta-v3-base,Product,standardized,no rag,"Beef cattle, heifer",1.0,
308,microsoft/deberta-v3-base,Product,standardized,no rag,"Beef cattle, calf (female, weaned)",1.0,
309,microsoft/deberta-v3-base,Product,standardized,no rag,"Dairy cattle, calf (weaned)",0.0,
310,microsoft/deberta-v3-base,Product,standardized,no rag,Cattle,0.0,
311,microsoft/deberta-v3-base,Product,standardized,no rag,"Wool, sheep (greasy)",1.0,
312,microsoft/deberta-v3-base,Product,standardized,no rag,"Meat, dairy cattle (liveweight)",1.0,
313,microsoft/deberta-v3-base,Product,standardized,no rag,"Beef cattle, steer",1.0,
314,microsoft/deberta-v3-base,Product,standardized,no rag,"Meat, sheep (liveweight)",0.0,
315,microsoft/deberta-v3-base,Product,standardized,no rag,"Beef cattle, heifer and steer",0.0,
316,microsoft/deberta-v3-base,Product,standardized,no rag,"Dairy cattle, cow",0.0,
317,microsoft/deberta-v3-base,Product,standardized,no rag,"Cattle, urine (kg mass)",0.0,
318,microsoft/deberta-v3-base,Product,standardized,no rag,Dairy cattle,0.0,
319,microsoft/deberta-v3-base,Product,standardized,no rag,"Layer chicken, hen",0.0,
320,microsoft/deberta-v3-base,Product,standardized,no rag,"Sheep, lamb (male, unweaned)",1.0,
321,microsoft/deberta-v3-base,Product,standardized,no rag,"Meat, chicken, wings",0.0,
322,microsoft/deberta-v3-base,Product,standardized,no rag,Wool,1.0,
323,microsoft/deberta-v3-base,Product,standardized,no rag,"Eggs, hen, in shell (number)",1.0,
324,microsoft/deberta-v3-base,Product,standardized,no rag,Pig,1.0,
325,microsoft/deberta-v3-base,Product,standardized,no rag,"Broiler chicken, hen",1.0,
326,microsoft/deberta-v3-base,Product,standardized,no rag,"Dairy cattle, calf (male, unweaned)",0.0,
327,microsoft/deberta-v3-base,Product,standardized,no rag,"Meat, dairy cattle (cold carcass weight)",0.0,
328,microsoft/deberta-v3-base,Product,standardized,no rag,"Dairy cattle, calf",0.0,
329,microsoft/deberta-v3-base,Product,standardized,no rag,"Beef cattle, calf (male, weaned)",1.0,
330,microsoft/deberta-v3-base,Product,standardized,no rag,"Meat, beef cattle (cold dressed carcass weight)",1.0,
331,microsoft/deberta-v3-base,Product,standardized,no rag,"Eggs, hen, in shell",1.0,
332,microsoft/deberta-v3-base,Product,standardized,no rag,"Broiler chicken, chick",1.0,
333,microsoft/deberta-v3-base,Product,standardized,no rag,"Meat, chicken (liveweight)",0.0,
334,microsoft/deberta-v3-base,Product,standardized,no rag,"Pig, piglet",1.0,
335,microsoft/deberta-v3-base,Product,standardized,no rag,"Layer chicken, pullet",1.0,
336,microsoft/deberta-v3-base,Product,standardized,no rag,"Sheep, lamb (female, unweaned)",0.0,
337,microsoft/deberta-v3-base,Product,standardized,no rag,Milk,1.0,
338,microsoft/deberta-v3-base,Product,standardized,no rag,"Beef cattle, bull",1.0,
339,microsoft/deberta-v3-base,Product,standardized,no rag,Eggs,1.0,
340,microsoft/deberta-v3-base,Product,standardized,no rag,"Sheep, lamb",1.0,
341,microsoft/deberta-v3-base,Product,standardized,no rag,"Dairy cattle, calf (female, weaned)",0.0,
342,microsoft/deberta-v3-base,Product,standardized,no rag,"Sheep, ram",1.0,
343,microsoft/deberta-v3-base,Product,standardized,no rag,"Sheep, lamb (weaned)",1.0,
344,microsoft/deberta-v3-base,Product,standardized,no rag,"Meat, chicken (cold carcass weight)",0.0,
345,microsoft/deberta-v3-base,Product,standardized,no rag,"Beef cattle, calf (weaned)",0.0,
346,microsoft/deberta-v3-base,Product,standardized,no rag,"Meat, chicken, leg",0.0,
347,microsoft/deberta-v3-base,Product,standardized,no rag,Sheep,1.0,
348,microsoft/deberta-v3-base,Product,standardized,no rag,Layer chicken,1.0,
349,microsoft/deberta-v3-base,Product,standardized,no rag,"Beef cattle, cow",1.0,
350,microsoft/deberta-v3-base,Product,standardized,no rag,Poultry by-product meal,0.0,
351,microsoft/deberta-v3-base,Product,standardized,no rag,Meat,1.0,
352,microsoft/deberta-v3-base,Product,standardized,no rag,"Milk, cow, raw",1.0,
353,microsoft/deberta-v3-base,Product,standardized,no rag,"Hides, dairy cattle, fresh",0.0,
354,microsoft/deberta-v3-base,Product,standardized,no rag,"Pig, sow",1.0,
355,microsoft/deberta-v3-base,Product,standardized,no rag,"Meat, beef cattle (liveweight)",1.0,
356,microsoft/deberta-v3-base,Product,standardized,no rag,"Dairy cattle, heifer",0.0,
357,microsoft/deberta-v3-base,Product,standardized,no rag,"Meat, sheep (cold carcass weight)",0.0,
358,microsoft/deberta-v3-large,Product,standardized,no rag,"Meat, beef cattle (cold carcass weight)",1.0,
359,microsoft/deberta-v3-large,Product,standardized,no rag,"Meat, pig (cold dressed carcass weight)",0.0,
360,microsoft/deberta-v3-large,Product,standardized,no rag,"Meat, chicken, breast",0.0,
361,microsoft/deberta-v3-large,Product,standardized,no rag,"Milk, cow, raw (FPCM)",1.0,
362,microsoft/deberta-v3-large,Product,standardized,no rag,Broiler chicken,1.0,
363,microsoft/deberta-v3-large,Product,standardized,no rag,Beef cattle,1.0,
364,microsoft/deberta-v3-large,Product,standardized,no rag,Hides,0.0,
365,microsoft/deberta-v3-large,Product,standardized,no rag,"Sheep, ewe",1.0,
366,microsoft/deberta-v3-large,Product,standardized,no rag,"Beef cattle, heifer",1.0,
367,microsoft/deberta-v3-large,Product,standardized,no rag,"Beef cattle, calf (female, weaned)",1.0,
368,microsoft/deberta-v3-large,Product,standardized,no rag,"Dairy cattle, calf (weaned)",0.0,
369,microsoft/deberta-v3-large,Product,standardized,no rag,Cattle,0.0,
370,microsoft/deberta-v3-large,Product,standardized,no rag,"Wool, sheep (greasy)",1.0,
371,microsoft/deberta-v3-large,Product,standardized,no rag,"Meat, dairy cattle (liveweight)",1.0,
372,microsoft/deberta-v3-large,Product,standardized,no rag,"Beef cattle, steer",1.0,
373,microsoft/deberta-v3-large,Product,standardized,no rag,"Meat, sheep (liveweight)",0.0,
374,microsoft/deberta-v3-large,Product,standardized,no rag,"Beef cattle, heifer and steer",1.0,
375,microsoft/deberta-v3-large,Product,standardized,no rag,"Dairy cattle, cow",0.0,
376,microsoft/deberta-v3-large,Product,standardized,no rag,"Cattle, urine (kg mass)",0.0,
377,microsoft/deberta-v3-large,Product,standardized,no rag,Dairy cattle,0.0,
378,microsoft/deberta-v3-large,Product,standardized,no rag,"Layer chicken, hen",0.0,
379,microsoft/deberta-v3-large,Product,standardized,no rag,"Sheep, lamb (male, unweaned)",1.0,
380,microsoft/deberta-v3-large,Product,standardized,no rag,"Meat, chicken, wings",0.0,
381,microsoft/deberta-v3-large,Product,standardized,no rag,Wool,1.0,
382,microsoft/deberta-v3-large,Product,standardized,no rag,"Eggs, hen, in shell (number)",1.0,
383,microsoft/deberta-v3-large,Product,standardized,no rag,Pig,1.0,
384,microsoft/deberta-v3-large,Product,standardized,no rag,"Broiler chicken, hen",1.0,
385,microsoft/deberta-v3-large,Product,standardized,no rag,"Dairy cattle, calf (male, unweaned)",0.0,
386,microsoft/deberta-v3-large,Product,standardized,no rag,"Meat, dairy cattle (cold carcass weight)",0.0,
387,microsoft/deberta-v3-large,Product,standardized,no rag,"Dairy cattle, calf",0.0,
388,microsoft/deberta-v3-large,Product,standardized,no rag,"Beef cattle, calf (male, weaned)",1.0,
389,microsoft/deberta-v3-large,Product,standardized,no rag,"Meat, beef cattle (cold dressed carcass weight)",1.0,
390,microsoft/deberta-v3-large,Product,standardized,no rag,"Eggs, hen, in shell",1.0,
391,microsoft/deberta-v3-large,Product,standardized,no rag,"Broiler chicken, chick",1.0,
392,microsoft/deberta-v3-large,Product,standardized,no rag,"Meat, chicken (liveweight)",0.0,
393,microsoft/deberta-v3-large,Product,standardized,no rag,"Pig, piglet",1.0,
394,microsoft/deberta-v3-large,Product,standardized,no rag,"Layer chicken, pullet",1.0,
395,microsoft/deberta-v3-large,Product,standardized,no rag,"Sheep, lamb (female, unweaned)",0.0,
396,microsoft/deberta-v3-large,Product,standardized,no rag,Milk,1.0,
397,microsoft/deberta-v3-large,Product,standardized,no rag,"Beef cattle, bull",1.0,
398,microsoft/deberta-v3-large,Product,standardized,no rag,Eggs,1.0,
399,microsoft/deberta-v3-large,Product,standardized,no rag,"Sheep, lamb",1.0,
400,microsoft/deberta-v3-large,Product,standardized,no rag,"Dairy cattle, calf (female, weaned)",0.0,
401,microsoft/deberta-v3-large,Product,standardized,no rag,"Sheep, ram",1.0,
402,microsoft/deberta-v3-large,Product,standardized,no rag,"Sheep, lamb (weaned)",1.0,
403,microsoft/deberta-v3-large,Product,standardized,no rag,"Meat, chicken (cold carcass weight)",0.0,
404,microsoft/deberta-v3-large,Product,standardized,no rag,"Beef cattle, calf (weaned)",1.0,
405,microsoft/deberta-v3-large,Product,standardized,no rag,"Meat, chicken, leg",1.0,
406,microsoft/deberta-v3-large,Product,standardized,no rag,Sheep,1.0,
407,microsoft/deberta-v3-large,Product,standardized,no rag,Layer chicken,1.0,
408,microsoft/deberta-v3-large,Product,standardized,no rag,"Beef cattle, cow",1.0,
409,microsoft/deberta-v3-large,Product,standardized,no rag,Poultry by-product meal,0.0,
410,microsoft/deberta-v3-large,Product,standardized,no rag,Meat,1.0,
411,microsoft/deberta-v3-large,Product,standardized,no rag,"Milk, cow, raw",1.0,
412,microsoft/deberta-v3-large,Product,standardized,no rag,"Hides, dairy cattle, fresh",0.0,
413,microsoft/deberta-v3-large,Product,standardized,no rag,"Pig, sow",1.0,
414,microsoft/deberta-v3-large,Product,standardized,no rag,"Meat, beef cattle (liveweight)",1.0,
415,microsoft/deberta-v3-large,Product,standardized,no rag,"Dairy cattle, heifer",0.0,
416,microsoft/deberta-v3-large,Product,standardized,no rag,"Meat, sheep (cold carcass weight)",0.0,
417,microsoft/deberta-v3-small,Product,standardized,no rag,"Meat, beef cattle (cold carcass weight)",1.0,
418,microsoft/deberta-v3-small,Product,standardized,no rag,"Meat, pig (cold dressed carcass weight)",0.0,
419,microsoft/deberta-v3-small,Product,standardized,no rag,"Meat, chicken, breast",0.0,
420,microsoft/deberta-v3-small,Product,standardized,no rag,"Milk, cow, raw (FPCM)",1.0,
421,microsoft/deberta-v3-small,Product,standardized,no rag,Broiler chicken,1.0,
422,microsoft/deberta-v3-small,Product,standardized,no rag,Beef cattle,1.0,
423,microsoft/deberta-v3-small,Product,standardized,no rag,Hides,0.0,
424,microsoft/deberta-v3-small,Product,standardized,no rag,"Sheep, ewe",1.0,
425,microsoft/deberta-v3-small,Product,standardized,no rag,"Beef cattle, heifer",1.0,
426,microsoft/deberta-v3-small,Product,standardized,no rag,"Beef cattle, calf (female, weaned)",1.0,
427,microsoft/deberta-v3-small,Product,standardized,no rag,"Dairy cattle, calf (weaned)",0.0,
428,microsoft/deberta-v3-small,Product,standardized,no rag,Cattle,0.0,
429,microsoft/deberta-v3-small,Product,standardized,no rag,"Wool, sheep (greasy)",1.0,
430,microsoft/deberta-v3-small,Product,standardized,no rag,"Meat, dairy cattle (liveweight)",0.6666666666666666,
431,microsoft/deberta-v3-small,Product,standardized,no rag,"Beef cattle, steer",1.0,
432,microsoft/deberta-v3-small,Product,standardized,no rag,"Meat, sheep (liveweight)",0.0,
433,microsoft/deberta-v3-small,Product,standardized,no rag,"Beef cattle, heifer and steer",1.0,
434,microsoft/deberta-v3-small,Product,standardized,no rag,"Dairy cattle, cow",0.0,
435,microsoft/deberta-v3-small,Product,standardized,no rag,"Cattle, urine (kg mass)",0.0,
436,microsoft/deberta-v3-small,Product,standardized,no rag,Dairy cattle,0.0,
437,microsoft/deberta-v3-small,Product,standardized,no rag,"Layer chicken, hen",0.0,
438,microsoft/deberta-v3-small,Product,standardized,no rag,"Sheep, lamb (male, unweaned)",0.0,
439,microsoft/deberta-v3-small,Product,standardized,no rag,"Meat, chicken, wings",0.0,
440,microsoft/deberta-v3-small,Product,standardized,no rag,Wool,1.0,
441,microsoft/deberta-v3-small,Product,standardized,no rag,"Eggs, hen, in shell (number)",1.0,
442,microsoft/deberta-v3-small,Product,standardized,no rag,Pig,1.0,
443,microsoft/deberta-v3-small,Product,standardized,no rag,"Broiler chicken, hen",1.0,
444,microsoft/deberta-v3-small,Product,standardized,no rag,"Dairy cattle, calf (male, unweaned)",0.0,
445,microsoft/deberta-v3-small,Product,standardized,no rag,"Meat, dairy cattle (cold carcass weight)",0.0,
446,microsoft/deberta-v3-small,Product,standardized,no rag,"Dairy cattle, calf",0.0,
447,microsoft/deberta-v3-small,Product,standardized,no rag,"Beef cattle, calf (male, weaned)",1.0,
448,microsoft/deberta-v3-small,Product,standardized,no rag,"Meat, beef cattle (cold dressed carcass weight)",1.0,
449,microsoft/deberta-v3-small,Product,standardized,no rag,"Eggs, hen, in shell",1.0,
450,microsoft/deberta-v3-small,Product,standardized,no rag,"Broiler chicken, chick",1.0,
451,microsoft/deberta-v3-small,Product,standardized,no rag,"Meat, chicken (liveweight)",0.0,
452,microsoft/deberta-v3-small,Product,standardized,no rag,"Pig, piglet",1.0,
453,microsoft/deberta-v3-small,Product,standardized,no rag,"Layer chicken, pullet",1.0,
454,microsoft/deberta-v3-small,Product,standardized,no rag,"Sheep, lamb (female, unweaned)",0.0,
455,microsoft/deberta-v3-small,Product,standardized,no rag,Milk,1.0,
456,microsoft/deberta-v3-small,Product,standardized,no rag,"Beef cattle, bull",1.0,
457,microsoft/deberta-v3-small,Product,standardized,no rag,Eggs,1.0,
458,microsoft/deberta-v3-small,Product,standardized,no rag,"Sheep, lamb",1.0,
459,microsoft/deberta-v3-small,Product,standardized,no rag,"Dairy cattle, calf (female, weaned)",0.0,
460,microsoft/deberta-v3-small,Product,standardized,no rag,"Sheep, ram",1.0,
461,microsoft/deberta-v3-small,Product,standardized,no rag,"Sheep, lamb (weaned)",1.0,
462,microsoft/deberta-v3-small,Product,standardized,no rag,"Meat, chicken (cold carcass weight)",0.0,
463,microsoft/deberta-v3-small,Product,standardized,no rag,"Beef cattle, calf (weaned)",0.0,
464,microsoft/deberta-v3-small,Product,standardized,no rag,"Meat, chicken, leg",0.0,
465,microsoft/deberta-v3-small,Product,standardized,no rag,Sheep,1.0,
466,microsoft/deberta-v3-small,Product,standardized,no rag,Layer chicken,1.0,
467,microsoft/deberta-v3-small,Product,standardized,no rag,"Beef cattle, cow",1.0,
468,microsoft/deberta-v3-small,Product,standardized,no rag,Poultry by-product meal,0.0,
469,microsoft/deberta-v3-small,Product,standardized,no rag,Meat,1.0,
470,microsoft/deberta-v3-small,Product,standardized,no rag,"Milk, cow, raw",1.0,
471,microsoft/deberta-v3-small,Product,standardized,no rag,"Hides, dairy cattle, fresh",0.0,
472,microsoft/deberta-v3-small,Product,standardized,no rag,"Pig, sow",1.0,
473,microsoft/deberta-v3-small,Product,standardized,no rag,"Meat, beef cattle (liveweight)",0.0,
474,microsoft/deberta-v3-small,Product,standardized,no rag,"Dairy cattle, heifer",0.0,
475,microsoft/deberta-v3-small,Product,standardized,no rag,"Meat, sheep (cold carcass weight)",0.0,
476,climatebert/distilroberta-base-climate-f,System Boundary,standardized,no rag,True_animalFeed,1.0,
477,climatebert/distilroberta-base-climate-f,System Boundary,standardized,no rag,True_water,0.9411764705882353,
478,climatebert/distilroberta-base-climate-f,System Boundary,standardized,no rag,True_liveAnimalInput,1.0,
479,climatebert/distilroberta-base-climate-f,System Boundary,standardized,no rag,True_electricityFuel,1.0,
480,climatebert/distilroberta-base-climate-f,System Boundary,standardized,no rag,True_transport,0.875,
481,climatebert/distilroberta-base-climate-f,System Boundary,standardized,no rag,True_pesticideVeterinaryDrug,0.975609756097561,
482,climatebert/distilroberta-base-climate-f,System Boundary,standardized,no rag,True_seed,1.0,
483,climatebert/distilroberta-base-climate-f,System Boundary,standardized,no rag,True_otherChemical,1.0,
484,climatebert/distilroberta-base-climate-f,System Boundary,standardized,no rag,True_animalPopulation,1.0,
485,climatebert/distilroberta-base-climate-f,System Boundary,standardized,no rag,True_freshForage,0.9733333333333334,
486,climatebert/distilroberta-base-climate-f,System Boundary,standardized,no rag,True_excreta,0.9375,
487,climatebert/distilroberta-base-climate-f,System Boundary,standardized,no rag,True_product,1.0,
488,climatebert/distilroberta-base-climate-f,System Boundary,standardized,no rag,True_waste,1.0,
489,climatebert/distilroberta-base-climate-f,System Boundary,standardized,no rag,True_soilAmendment,1.0,
490,climatebert/distilroberta-base-climate-f,System Boundary,standardized,no rag,True_operation,1.0,
491,climatebert/distilroberta-base-climate-f,System Boundary,standardized,no rag,True_fertiliser,0.9733333333333334,
492,climatebert/distilroberta-base-climate-f,System Boundary,standardized,no rag,True_material,0.0,
493,climatebert/distilroberta-base-climate-f,System Boundary,standardized,no rag,True_ingredient,1.0,
494,climatebert/distilroberta-base-climate-f,System Boundary,standardized,no rag,True_cropResidue,1.0,
495,ESGBERT/EnvironmentalBERT-base,System Boundary,standardized,no rag,True_animalFeed,1.0,
496,ESGBERT/EnvironmentalBERT-base,System Boundary,standardized,no rag,True_water,0.9375,
497,ESGBERT/EnvironmentalBERT-base,System Boundary,standardized,no rag,True_liveAnimalInput,0.9866666666666667,
498,ESGBERT/EnvironmentalBERT-base,System Boundary,standardized,no rag,True_electricityFuel,1.0,
499,ESGBERT/EnvironmentalBERT-base,System Boundary,standardized,no rag,True_transport,0.875,
500,ESGBERT/EnvironmentalBERT-base,System Boundary,standardized,no rag,True_pesticideVeterinaryDrug,1.0,
501,ESGBERT/EnvironmentalBERT-base,System Boundary,standardized,no rag,True_seed,0.9863013698630136,
502,ESGBERT/EnvironmentalBERT-base,System Boundary,standardized,no rag,True_otherChemical,1.0,
503,ESGBERT/EnvironmentalBERT-base,System Boundary,standardized,no rag,True_animalPopulation,1.0,
504,ESGBERT/EnvironmentalBERT-base,System Boundary,standardized,no rag,True_freshForage,0.9861111111111112,
505,ESGBERT/EnvironmentalBERT-base,System Boundary,standardized,no rag,True_excreta,1.0,
506,ESGBERT/EnvironmentalBERT-base,System Boundary,standardized,no rag,True_product,1.0,
507,ESGBERT/EnvironmentalBERT-base,System Boundary,standardized,no rag,True_waste,1.0,
508,ESGBERT/EnvironmentalBERT-base,System Boundary,standardized,no rag,True_soilAmendment,1.0,
509,ESGBERT/EnvironmentalBERT-base,System Boundary,standardized,no rag,True_operation,1.0,
510,ESGBERT/EnvironmentalBERT-base,System Boundary,standardized,no rag,True_fertiliser,0.9864864864864865,
511,ESGBERT/EnvironmentalBERT-base,System Boundary,standardized,no rag,True_material,0.0,
512,ESGBERT/EnvironmentalBERT-base,System Boundary,standardized,no rag,True_ingredient,1.0,
513,ESGBERT/EnvironmentalBERT-base,System Boundary,standardized,no rag,True_cropResidue,0.9574468085106383,
514,FacebookAI/roberta-large,System Boundary,standardized,no rag,True_animalFeed,1.0,
515,FacebookAI/roberta-large,System Boundary,standardized,no rag,True_water,1.0,
516,FacebookAI/roberta-large,System Boundary,standardized,no rag,True_liveAnimalInput,0.9868421052631579,
517,FacebookAI/roberta-large,System Boundary,standardized,no rag,True_electricityFuel,1.0,
518,FacebookAI/roberta-large,System Boundary,standardized,no rag,True_transport,0.875,
519,FacebookAI/roberta-large,System Boundary,standardized,no rag,True_pesticideVeterinaryDrug,0.9523809523809523,
520,FacebookAI/roberta-large,System Boundary,standardized,no rag,True_seed,1.0,
521,FacebookAI/roberta-large,System Boundary,standardized,no rag,True_otherChemical,1.0,
522,FacebookAI/roberta-large,System Boundary,standardized,no rag,True_animalPopulation,1.0,
523,FacebookAI/roberta-large,System Boundary,standardized,no rag,True_freshForage,0.9863013698630136,
524,FacebookAI/roberta-large,System Boundary,standardized,no rag,True_excreta,1.0,
525,FacebookAI/roberta-large,System Boundary,standardized,no rag,True_product,1.0,
526,FacebookAI/roberta-large,System Boundary,standardized,no rag,True_waste,1.0,
527,FacebookAI/roberta-large,System Boundary,standardized,no rag,True_soilAmendment,1.0,
528,FacebookAI/roberta-large,System Boundary,standardized,no rag,True_operation,1.0,
529,FacebookAI/roberta-large,System Boundary,standardized,no rag,True_fertiliser,1.0,
530,FacebookAI/roberta-large,System Boundary,standardized,no rag,True_material,0.0,
531,FacebookAI/roberta-large,System Boundary,standardized,no rag,True_ingredient,1.0,
532,FacebookAI/roberta-large,System Boundary,standardized,no rag,True_cropResidue,0.9574468085106383,
533,google-bert/bert-base-uncased,System Boundary,standardized,no rag,True_animalFeed,1.0,
534,google-bert/bert-base-uncased,System Boundary,standardized,no rag,True_water,0.9411764705882353,
535,google-bert/bert-base-uncased,System Boundary,standardized,no rag,True_liveAnimalInput,1.0,
536,google-bert/bert-base-uncased,System Boundary,standardized,no rag,True_electricityFuel,1.0,
537,google-bert/bert-base-uncased,System Boundary,standardized,no rag,True_transport,1.0,
538,google-bert/bert-base-uncased,System Boundary,standardized,no rag,True_pesticideVeterinaryDrug,1.0,
539,google-bert/bert-base-uncased,System Boundary,standardized,no rag,True_seed,1.0,
540,google-bert/bert-base-uncased,System Boundary,standardized,no rag,True_otherChemical,1.0,
541,google-bert/bert-base-uncased,System Boundary,standardized,no rag,True_animalPopulation,1.0,
542,google-bert/bert-base-uncased,System Boundary,standardized,no rag,True_freshForage,0.9863013698630136,
543,google-bert/bert-base-uncased,System Boundary,standardized,no rag,True_excreta,1.0,
544,google-bert/bert-base-uncased,System Boundary,standardized,no rag,True_product,1.0,
545,google-bert/bert-base-uncased,System Boundary,standardized,no rag,True_waste,1.0,
546,google-bert/bert-base-uncased,System Boundary,standardized,no rag,True_soilAmendment,1.0,
547,google-bert/bert-base-uncased,System Boundary,standardized,no rag,True_operation,1.0,
548,google-bert/bert-base-uncased,System Boundary,standardized,no rag,True_fertiliser,0.9864864864864865,
549,google-bert/bert-base-uncased,System Boundary,standardized,no rag,True_material,0.0,
550,google-bert/bert-base-uncased,System Boundary,standardized,no rag,True_ingredient,1.0,
551,google-bert/bert-base-uncased,System Boundary,standardized,no rag,True_cropResidue,0.9787234042553191,
552,microsoft/deberta-v3-base,System Boundary,standardized,no rag,True_animalFeed,1.0,
553,microsoft/deberta-v3-base,System Boundary,standardized,no rag,True_water,1.0,
554,microsoft/deberta-v3-base,System Boundary,standardized,no rag,True_liveAnimalInput,1.0,
555,microsoft/deberta-v3-base,System Boundary,standardized,no rag,True_electricityFuel,1.0,
556,microsoft/deberta-v3-base,System Boundary,standardized,no rag,True_transport,0.875,
557,microsoft/deberta-v3-base,System Boundary,standardized,no rag,True_pesticideVeterinaryDrug,1.0,
558,microsoft/deberta-v3-base,System Boundary,standardized,no rag,True_seed,1.0,
559,microsoft/deberta-v3-base,System Boundary,standardized,no rag,True_otherChemical,1.0,
560,microsoft/deberta-v3-base,System Boundary,standardized,no rag,True_animalPopulation,1.0,
561,microsoft/deberta-v3-base,System Boundary,standardized,no rag,True_freshForage,0.9605263157894737,
562,microsoft/deberta-v3-base,System Boundary,standardized,no rag,True_excreta,1.0,
563,microsoft/deberta-v3-base,System Boundary,standardized,no rag,True_product,0.9868421052631579,
564,microsoft/deberta-v3-base,System Boundary,standardized,no rag,True_waste,1.0,
565,microsoft/deberta-v3-base,System Boundary,standardized,no rag,True_soilAmendment,0.9594594594594594,
566,microsoft/deberta-v3-base,System Boundary,standardized,no rag,True_operation,1.0,
567,microsoft/deberta-v3-base,System Boundary,standardized,no rag,True_fertiliser,0.96,
568,microsoft/deberta-v3-base,System Boundary,standardized,no rag,True_material,0.0,
569,microsoft/deberta-v3-base,System Boundary,standardized,no rag,True_ingredient,1.0,
570,microsoft/deberta-v3-base,System Boundary,standardized,no rag,True_cropResidue,0.9782608695652174,
571,microsoft/deberta-v3-large,System Boundary,standardized,no rag,True_animalFeed,1.0,
572,microsoft/deberta-v3-large,System Boundary,standardized,no rag,True_water,1.0,
573,microsoft/deberta-v3-large,System Boundary,standardized,no rag,True_liveAnimalInput,1.0,
574,microsoft/deberta-v3-large,System Boundary,standardized,no rag,True_electricityFuel,1.0,
575,microsoft/deberta-v3-large,System Boundary,standardized,no rag,True_transport,0.875,
576,microsoft/deberta-v3-large,System Boundary,standardized,no rag,True_pesticideVeterinaryDrug,0.9761904761904762,
577,microsoft/deberta-v3-large,System Boundary,standardized,no rag,True_seed,1.0,
578,microsoft/deberta-v3-large,System Boundary,standardized,no rag,True_otherChemical,1.0,
579,microsoft/deberta-v3-large,System Boundary,standardized,no rag,True_animalPopulation,1.0,
580,microsoft/deberta-v3-large,System Boundary,standardized,no rag,True_freshForage,0.9863013698630136,
581,microsoft/deberta-v3-large,System Boundary,standardized,no rag,True_excreta,1.0,
582,microsoft/deberta-v3-large,System Boundary,standardized,no rag,True_product,1.0,
583,microsoft/deberta-v3-large,System Boundary,standardized,no rag,True_waste,1.0,
584,microsoft/deberta-v3-large,System Boundary,standardized,no rag,True_soilAmendment,1.0,
585,microsoft/deberta-v3-large,System Boundary,standardized,no rag,True_operation,1.0,
586,microsoft/deberta-v3-large,System Boundary,standardized,no rag,True_fertiliser,1.0,
587,microsoft/deberta-v3-large,System Boundary,standardized,no rag,True_material,0.0,
588,microsoft/deberta-v3-large,System Boundary,standardized,no rag,True_ingredient,1.0,
589,microsoft/deberta-v3-large,System Boundary,standardized,no rag,True_cropResidue,0.9795918367346939,
590,microsoft/deberta-v3-small,System Boundary,standardized,no rag,True_animalFeed,1.0,
591,microsoft/deberta-v3-small,System Boundary,standardized,no rag,True_water,0.9230769230769231,
592,microsoft/deberta-v3-small,System Boundary,standardized,no rag,True_liveAnimalInput,1.0,
593,microsoft/deberta-v3-small,System Boundary,standardized,no rag,True_electricityFuel,0.9795918367346939,
594,microsoft/deberta-v3-small,System Boundary,standardized,no rag,True_transport,1.0,
595,microsoft/deberta-v3-small,System Boundary,standardized,no rag,True_pesticideVeterinaryDrug,1.0,
596,microsoft/deberta-v3-small,System Boundary,standardized,no rag,True_seed,0.9857142857142858,
597,microsoft/deberta-v3-small,System Boundary,standardized,no rag,True_otherChemical,1.0,
598,microsoft/deberta-v3-small,System Boundary,standardized,no rag,True_animalPopulation,1.0,
599,microsoft/deberta-v3-small,System Boundary,standardized,no rag,True_freshForage,0.972972972972973,
600,microsoft/deberta-v3-small,System Boundary,standardized,no rag,True_excreta,1.0,
601,microsoft/deberta-v3-small,System Boundary,standardized,no rag,True_product,0.9868421052631579,
602,microsoft/deberta-v3-small,System Boundary,standardized,no rag,True_waste,1.0,
603,microsoft/deberta-v3-small,System Boundary,standardized,no rag,True_soilAmendment,0.9861111111111112,
604,microsoft/deberta-v3-small,System Boundary,standardized,no rag,True_operation,1.0,
605,microsoft/deberta-v3-small,System Boundary,standardized,no rag,True_fertiliser,0.9861111111111112,
606,microsoft/deberta-v3-small,System Boundary,standardized,no rag,True_material,0.0,
607,microsoft/deberta-v3-small,System Boundary,standardized,no rag,True_ingredient,1.0,
608,microsoft/deberta-v3-small,System Boundary,standardized,no rag,True_cropResidue,0.9782608695652174,
609,climatebert/distilroberta-base-climate-f,Functional Unit,standardized,rag,relative,0.9876543209876543,610.0
610,climatebert/distilroberta-base-climate-f,Functional Unit,standardized,rag,relative,0.9876543209876543,631.0
611,climatebert/distilroberta-base-climate-f,Functional Unit,standardized,rag,kg FPCM,1.0,30.0
612,climatebert/distilroberta-base-climate-f,Functional Unit,standardized,rag,kg FPCM,1.0,35.0
613,climatebert/distilroberta-base-climate-f,Functional Unit,standardized,rag,1 ha,1.0,46.0
614,climatebert/distilroberta-base-climate-f,Functional Unit,standardized,rag,1 ha,1.0,49.0
615,climatebert/distilroberta-base-climate-f,Functional Unit,standardized,rag,number,1.0,495.0
616,climatebert/distilroberta-base-climate-f,Functional Unit,standardized,rag,number,1.0,500.0
617,climatebert/distilroberta-base-climate-f,Functional Unit,standardized,rag,kg liveweight,1.0,33.0
618,climatebert/distilroberta-base-climate-f,Functional Unit,standardized,rag,kg liveweight,1.0,36.0
619,climatebert/distilroberta-base-climate-f,Functional Unit,standardized,rag,kg ready-to-cook weight,1.0,8.0
620,climatebert/distilroberta-base-climate-f,Functional Unit,standardized,rag,kg ready-to-cook weight,1.0,9.0
621,climatebert/distilroberta-base-climate-f,Functional Unit,standardized,rag,kg cold dressed carcass weight,1.0,26.0
622,climatebert/distilroberta-base-climate-f,Functional Unit,standardized,rag,kg cold dressed carcass weight,1.0,26.0
623,climatebert/distilroberta-base-climate-f,Functional Unit,standardized,rag,kg,1.0,45.0
624,climatebert/distilroberta-base-climate-f,Functional Unit,standardized,rag,kg,1.0,51.0
625,climatebert/distilroberta-base-climate-f,Functional Unit,standardized,rag,kg cold carcass weight,1.0,19.0
626,climatebert/distilroberta-base-climate-f,Functional Unit,standardized,rag,kg cold carcass weight,1.0,23.0
627,ESGBERT/EnvironmentalBERT-base,Functional Unit,standardized,rag,relative,1.0,610.0
628,ESGBERT/EnvironmentalBERT-base,Functional Unit,standardized,rag,relative,1.0,631.0
629,ESGBERT/EnvironmentalBERT-base,Functional Unit,standardized,rag,kg FPCM,1.0,30.0
630,ESGBERT/EnvironmentalBERT-base,Functional Unit,standardized,rag,kg FPCM,1.0,35.0
631,ESGBERT/EnvironmentalBERT-base,Functional Unit,standardized,rag,1 ha,1.0,46.0
632,ESGBERT/EnvironmentalBERT-base,Functional Unit,standardized,rag,1 ha,1.0,49.0
633,ESGBERT/EnvironmentalBERT-base,Functional Unit,standardized,rag,number,1.0,495.0
634,ESGBERT/EnvironmentalBERT-base,Functional Unit,standardized,rag,number,1.0,500.0
635,ESGBERT/EnvironmentalBERT-base,Functional Unit,standardized,rag,kg liveweight,1.0,33.0
636,ESGBERT/EnvironmentalBERT-base,Functional Unit,standardized,rag,kg liveweight,1.0,36.0
637,ESGBERT/EnvironmentalBERT-base,Functional Unit,standardized,rag,kg ready-to-cook weight,1.0,8.0
638,ESGBERT/EnvironmentalBERT-base,Functional Unit,standardized,rag,kg ready-to-cook weight,1.0,9.0
639,ESGBERT/EnvironmentalBERT-base,Functional Unit,standardized,rag,kg cold dressed carcass weight,1.0,26.0
640,ESGBERT/EnvironmentalBERT-base,Functional Unit,standardized,rag,kg cold dressed carcass weight,1.0,26.0
641,ESGBERT/EnvironmentalBERT-base,Functional Unit,standardized,rag,kg,1.0,45.0
642,ESGBERT/EnvironmentalBERT-base,Functional Unit,standardized,rag,kg,1.0,51.0
643,ESGBERT/EnvironmentalBERT-base,Functional Unit,standardized,rag,kg cold carcass weight,1.0,19.0
644,ESGBERT/EnvironmentalBERT-base,Functional Unit,standardized,rag,kg cold carcass weight,1.0,23.0
645,FacebookAI/roberta-large,Functional Unit,standardized,rag,relative,0.9876543209876543,610.0
646,FacebookAI/roberta-large,Functional Unit,standardized,rag,relative,0.9876543209876543,631.0
647,FacebookAI/roberta-large,Functional Unit,standardized,rag,kg FPCM,1.0,30.0
648,FacebookAI/roberta-large,Functional Unit,standardized,rag,kg FPCM,1.0,35.0
649,FacebookAI/roberta-large,Functional Unit,standardized,rag,1 ha,1.0,46.0
650,FacebookAI/roberta-large,Functional Unit,standardized,rag,1 ha,1.0,49.0
651,FacebookAI/roberta-large,Functional Unit,standardized,rag,number,1.0,495.0
652,FacebookAI/roberta-large,Functional Unit,standardized,rag,number,1.0,500.0
653,FacebookAI/roberta-large,Functional Unit,standardized,rag,kg liveweight,1.0,33.0
654,FacebookAI/roberta-large,Functional Unit,standardized,rag,kg liveweight,1.0,36.0
655,FacebookAI/roberta-large,Functional Unit,standardized,rag,kg ready-to-cook weight,1.0,8.0
656,FacebookAI/roberta-large,Functional Unit,standardized,rag,kg ready-to-cook weight,1.0,9.0
657,FacebookAI/roberta-large,Functional Unit,standardized,rag,kg cold dressed carcass weight,1.0,26.0
658,FacebookAI/roberta-large,Functional Unit,standardized,rag,kg cold dressed carcass weight,1.0,26.0
659,FacebookAI/roberta-large,Functional Unit,standardized,rag,kg,1.0,45.0
660,FacebookAI/roberta-large,Functional Unit,standardized,rag,kg,1.0,51.0
661,FacebookAI/roberta-large,Functional Unit,standardized,rag,kg cold carcass weight,1.0,19.0
662,FacebookAI/roberta-large,Functional Unit,standardized,rag,kg cold carcass weight,1.0,23.0
663,google-bert/bert-base-uncased,Functional Unit,standardized,rag,relative,1.0,610.0
664,google-bert/bert-base-uncased,Functional Unit,standardized,rag,relative,1.0,631.0
665,google-bert/bert-base-uncased,Functional Unit,standardized,rag,kg FPCM,1.0,30.0
666,google-bert/bert-base-uncased,Functional Unit,standardized,rag,kg FPCM,1.0,35.0
667,google-bert/bert-base-uncased,Functional Unit,standardized,rag,1 ha,1.0,46.0
668,google-bert/bert-base-uncased,Functional Unit,standardized,rag,1 ha,1.0,49.0
669,google-bert/bert-base-uncased,Functional Unit,standardized,rag,number,1.0,495.0
670,google-bert/bert-base-uncased,Functional Unit,standardized,rag,number,1.0,500.0
671,google-bert/bert-base-uncased,Functional Unit,standardized,rag,kg liveweight,1.0,33.0
672,google-bert/bert-base-uncased,Functional Unit,standardized,rag,kg liveweight,1.0,36.0
673,google-bert/bert-base-uncased,Functional Unit,standardized,rag,kg ready-to-cook weight,1.0,8.0
674,google-bert/bert-base-uncased,Functional Unit,standardized,rag,kg ready-to-cook weight,1.0,9.0
675,google-bert/bert-base-uncased,Functional Unit,standardized,rag,kg cold dressed carcass weight,1.0,26.0
676,google-bert/bert-base-uncased,Functional Unit,standardized,rag,kg cold dressed carcass weight,1.0,26.0
677,google-bert/bert-base-uncased,Functional Unit,standardized,rag,kg,1.0,45.0
678,google-bert/bert-base-uncased,Functional Unit,standardized,rag,kg,1.0,51.0
679,google-bert/bert-base-uncased,Functional Unit,standardized,rag,kg cold carcass weight,1.0,19.0
680,google-bert/bert-base-uncased,Functional Unit,standardized,rag,kg cold carcass weight,1.0,23.0
681,microsoft/deberta-v3-base,Functional Unit,standardized,rag,relative,1.0,610.0
682,microsoft/deberta-v3-base,Functional Unit,standardized,rag,relative,1.0,631.0
683,microsoft/deberta-v3-base,Functional Unit,standardized,rag,kg FPCM,1.0,30.0
684,microsoft/deberta-v3-base,Functional Unit,standardized,rag,kg FPCM,1.0,35.0
685,microsoft/deberta-v3-base,Functional Unit,standardized,rag,1 ha,1.0,46.0
686,microsoft/deberta-v3-base,Functional Unit,standardized,rag,1 ha,1.0,49.0
687,microsoft/deberta-v3-base,Functional Unit,standardized,rag,number,1.0,495.0
688,microsoft/deberta-v3-base,Functional Unit,standardized,rag,number,1.0,500.0
689,microsoft/deberta-v3-base,Functional Unit,standardized,rag,kg liveweight,1.0,33.0
690,microsoft/deberta-v3-base,Functional Unit,standardized,rag,kg liveweight,1.0,36.0
691,microsoft/deberta-v3-base,Functional Unit,standardized,rag,kg ready-to-cook weight,1.0,8.0
692,microsoft/deberta-v3-base,Functional Unit,standardized,rag,kg ready-to-cook weight,1.0,9.0
693,microsoft/deberta-v3-base,Functional Unit,standardized,rag,kg cold dressed carcass weight,1.0,26.0
694,microsoft/deberta-v3-base,Functional Unit,standardized,rag,kg cold dressed carcass weight,1.0,26.0
695,microsoft/deberta-v3-base,Functional Unit,standardized,rag,kg,1.0,45.0
696,microsoft/deberta-v3-base,Functional Unit,standardized,rag,kg,1.0,51.0
697,microsoft/deberta-v3-base,Functional Unit,standardized,rag,kg cold carcass weight,1.0,19.0
698,microsoft/deberta-v3-base,Functional Unit,standardized,rag,kg cold carcass weight,1.0,23.0
699,microsoft/deberta-v3-large,Functional Unit,standardized,rag,relative,1.0,610.0
700,microsoft/deberta-v3-large,Functional Unit,standardized,rag,relative,1.0,631.0
701,microsoft/deberta-v3-large,Functional Unit,standardized,rag,kg FPCM,1.0,30.0
702,microsoft/deberta-v3-large,Functional Unit,standardized,rag,kg FPCM,1.0,35.0
703,microsoft/deberta-v3-large,Functional Unit,standardized,rag,1 ha,1.0,46.0
704,microsoft/deberta-v3-large,Functional Unit,standardized,rag,1 ha,1.0,49.0
705,microsoft/deberta-v3-large,Functional Unit,standardized,rag,number,1.0,495.0
706,microsoft/deberta-v3-large,Functional Unit,standardized,rag,number,1.0,500.0
707,microsoft/deberta-v3-large,Functional Unit,standardized,rag,kg liveweight,1.0,33.0
708,microsoft/deberta-v3-large,Functional Unit,standardized,rag,kg liveweight,1.0,36.0
709,microsoft/deberta-v3-large,Functional Unit,standardized,rag,kg ready-to-cook weight,1.0,8.0
710,microsoft/deberta-v3-large,Functional Unit,standardized,rag,kg ready-to-cook weight,1.0,9.0
711,microsoft/deberta-v3-large,Functional Unit,standardized,rag,kg cold dressed carcass weight,1.0,26.0
712,microsoft/deberta-v3-large,Functional Unit,standardized,rag,kg cold dressed carcass weight,1.0,26.0
713,microsoft/deberta-v3-large,Functional Unit,standardized,rag,kg,1.0,45.0
714,microsoft/deberta-v3-large,Functional Unit,standardized,rag,kg,1.0,51.0
715,microsoft/deberta-v3-large,Functional Unit,standardized,rag,kg cold carcass weight,1.0,19.0
716,microsoft/deberta-v3-large,Functional Unit,standardized,rag,kg cold carcass weight,1.0,23.0
717,microsoft/deberta-v3-small,Functional Unit,standardized,rag,relative,1.0,610.0
718,microsoft/deberta-v3-small,Functional Unit,standardized,rag,relative,1.0,631.0
719,microsoft/deberta-v3-small,Functional Unit,standardized,rag,kg FPCM,1.0,30.0
720,microsoft/deberta-v3-small,Functional Unit,standardized,rag,kg FPCM,1.0,35.0
721,microsoft/deberta-v3-small,Functional Unit,standardized,rag,1 ha,1.0,46.0
722,microsoft/deberta-v3-small,Functional Unit,standardized,rag,1 ha,1.0,49.0
723,microsoft/deberta-v3-small,Functional Unit,standardized,rag,number,1.0,495.0
724,microsoft/deberta-v3-small,Functional Unit,standardized,rag,number,1.0,500.0
725,microsoft/deberta-v3-small,Functional Unit,standardized,rag,kg liveweight,1.0,33.0
726,microsoft/deberta-v3-small,Functional Unit,standardized,rag,kg liveweight,1.0,36.0
727,microsoft/deberta-v3-small,Functional Unit,standardized,rag,kg ready-to-cook weight,1.0,8.0
728,microsoft/deberta-v3-small,Functional Unit,standardized,rag,kg ready-to-cook weight,1.0,9.0
729,microsoft/deberta-v3-small,Functional Unit,standardized,rag,kg cold dressed carcass weight,1.0,26.0
730,microsoft/deberta-v3-small,Functional Unit,standardized,rag,kg cold dressed carcass weight,1.0,26.0
731,microsoft/deberta-v3-small,Functional Unit,standardized,rag,kg,1.0,45.0
732,microsoft/deberta-v3-small,Functional Unit,standardized,rag,kg,1.0,51.0
733,microsoft/deberta-v3-small,Functional Unit,standardized,rag,kg cold carcass weight,1.0,19.0
734,microsoft/deberta-v3-small,Functional Unit,standardized,rag,kg cold carcass weight,1.0,23.0
735,climatebert/distilroberta-base-climate-f,Product,standardized,rag,"Meat, beef cattle (cold carcass weight)",1.0,9.0
736,climatebert/distilroberta-base-climate-f,Product,standardized,rag,"Meat, beef cattle (cold carcass weight)",1.0,12.0
737,climatebert/distilroberta-base-climate-f,Product,standardized,rag,"Meat, pig (cold dressed carcass weight)",0.0,19.0
738,climatebert/distilroberta-base-climate-f,Product,standardized,rag,"Meat, pig (cold dressed carcass weight)",0.0,19.0
739,climatebert/distilroberta-base-climate-f,Product,standardized,rag,"Meat, chicken, breast",0.0,3.0
740,climatebert/distilroberta-base-climate-f,Product,standardized,rag,"Meat, chicken, breast",0.0,4.0
741,climatebert/distilroberta-base-climate-f,Product,standardized,rag,"Milk, cow, raw (FPCM)",1.0,30.0
742,climatebert/distilroberta-base-climate-f,Product,standardized,rag,"Milk, cow, raw (FPCM)",1.0,35.0
743,climatebert/distilroberta-base-climate-f,Product,standardized,rag,Broiler chicken,1.0,25.0
744,climatebert/distilroberta-base-climate-f,Product,standardized,rag,Broiler chicken,1.0,32.0
745,climatebert/distilroberta-base-climate-f,Product,standardized,rag,Beef cattle,1.0,187.0
746,climatebert/distilroberta-base-climate-f,Product,standardized,rag,Beef cattle,1.0,181.0
747,climatebert/distilroberta-base-climate-f,Product,standardized,rag,Hides,0.0,1.0
748,climatebert/distilroberta-base-climate-f,Product,standardized,rag,Hides,0.0,1.0
749,climatebert/distilroberta-base-climate-f,Product,standardized,rag,"Sheep, ewe",1.0,42.0
750,climatebert/distilroberta-base-climate-f,Product,standardized,rag,"Sheep, ewe",1.0,38.0
751,climatebert/distilroberta-base-climate-f,Product,standardized,rag,"Beef cattle, heifer",1.0,47.0
752,climatebert/distilroberta-base-climate-f,Product,standardized,rag,"Beef cattle, heifer",1.0,43.0
753,climatebert/distilroberta-base-climate-f,Product,standardized,rag,"Beef cattle, calf (female, weaned)",1.0,20.0
754,climatebert/distilroberta-base-climate-f,Product,standardized,rag,"Beef cattle, calf (female, weaned)",1.0,24.0
755,climatebert/distilroberta-base-climate-f,Product,standardized,rag,"Dairy cattle, calf (weaned)",0.0,5.0
756,climatebert/distilroberta-base-climate-f,Product,standardized,rag,"Dairy cattle, calf (weaned)",0.0,4.0
757,climatebert/distilroberta-base-climate-f,Product,standardized,rag,Cattle,0.0,6.0
758,climatebert/distilroberta-base-climate-f,Product,standardized,rag,Cattle,0.0,5.0
759,climatebert/distilroberta-base-climate-f,Product,standardized,rag,"Wool, sheep (greasy)",1.0,17.0
760,climatebert/distilroberta-base-climate-f,Product,standardized,rag,"Wool, sheep (greasy)",1.0,15.0
761,climatebert/distilroberta-base-climate-f,Product,standardized,rag,"Meat, dairy cattle (liveweight)",1.0,21.0
762,climatebert/distilroberta-base-climate-f,Product,standardized,rag,"Meat, dairy cattle (liveweight)",1.0,17.0
763,climatebert/distilroberta-base-climate-f,Product,standardized,rag,"Beef cattle, steer",1.0,53.0
764,climatebert/distilroberta-base-climate-f,Product,standardized,rag,"Beef cattle, steer",1.0,49.0
765,climatebert/distilroberta-base-climate-f,Product,standardized,rag,"Meat, sheep (liveweight)",0.0,5.0
766,climatebert/distilroberta-base-climate-f,Product,standardized,rag,"Meat, sheep (liveweight)",0.0,5.0
767,climatebert/distilroberta-base-climate-f,Product,standardized,rag,"Beef cattle, heifer and steer",1.0,3.0
768,climatebert/distilroberta-base-climate-f,Product,standardized,rag,"Beef cattle, heifer and steer",1.0,3.0
769,climatebert/distilroberta-base-climate-f,Product,standardized,rag,"Dairy cattle, cow",0.0,17.0
770,climatebert/distilroberta-base-climate-f,Product,standardized,rag,"Dairy cattle, cow",0.0,14.0
771,climatebert/distilroberta-base-climate-f,Product,standardized,rag,"Cattle, urine (kg mass)",0.0,6.0
772,climatebert/distilroberta-base-climate-f,Product,standardized,rag,"Cattle, urine (kg mass)",0.0,5.0
773,climatebert/distilroberta-base-climate-f,Product,standardized,rag,Dairy cattle,0.0,33.0
774,climatebert/distilroberta-base-climate-f,Product,standardized,rag,Dairy cattle,0.0,29.0
775,climatebert/distilroberta-base-climate-f,Product,standardized,rag,"Layer chicken, hen",0.0,8.0
776,climatebert/distilroberta-base-climate-f,Product,standardized,rag,"Layer chicken, hen",0.0,6.0
777,climatebert/distilroberta-base-climate-f,Product,standardized,rag,"Sheep, lamb (male, unweaned)",1.0,3.0
778,climatebert/distilroberta-base-climate-f,Product,standardized,rag,"Sheep, lamb (male, unweaned)",1.0,4.0
779,climatebert/distilroberta-base-climate-f,Product,standardized,rag,"Meat, chicken, wings",0.0,4.0
780,climatebert/distilroberta-base-climate-f,Product,standardized,rag,"Meat, chicken, wings",0.0,3.0
781,climatebert/distilroberta-base-climate-f,Product,standardized,rag,Wool,1.0,17.0
782,climatebert/distilroberta-base-climate-f,Product,standardized,rag,Wool,1.0,15.0
783,climatebert/distilroberta-base-climate-f,Product,standardized,rag,"Eggs, hen, in shell (number)",1.0,12.0
784,climatebert/distilroberta-base-climate-f,Product,standardized,rag,"Eggs, hen, in shell (number)",1.0,15.0
785,climatebert/distilroberta-base-climate-f,Product,standardized,rag,Pig,1.0,78.0
786,climatebert/distilroberta-base-climate-f,Product,standardized,rag,Pig,1.0,93.0
787,climatebert/distilroberta-base-climate-f,Product,standardized,rag,"Broiler chicken, hen",1.0,5.0
788,climatebert/distilroberta-base-climate-f,Product,standardized,rag,"Broiler chicken, hen",1.0,5.0
789,climatebert/distilroberta-base-climate-f,Product,standardized,rag,"Dairy cattle, calf (male, unweaned)",0.0,3.0
790,climatebert/distilroberta-base-climate-f,Product,standardized,rag,"Dairy cattle, calf (male, unweaned)",0.0,3.0
791,climatebert/distilroberta-base-climate-f,Product,standardized,rag,"Meat, dairy cattle (cold carcass weight)",0.0,2.0
792,climatebert/distilroberta-base-climate-f,Product,standardized,rag,"Meat, dairy cattle (cold carcass weight)",0.0,2.0
793,climatebert/distilroberta-base-climate-f,Product,standardized,rag,"Dairy cattle, calf",0.0,1.0
794,climatebert/distilroberta-base-climate-f,Product,standardized,rag,"Dairy cattle, calf",0.0,1.0
795,climatebert/distilroberta-base-climate-f,Product,standardized,rag,"Beef cattle, calf (male, weaned)",1.0,32.0
796,climatebert/distilroberta-base-climate-f,Product,standardized,rag,"Beef cattle, calf (male, weaned)",1.0,28.0
797,climatebert/distilroberta-base-climate-f,Product,standardized,rag,"Meat, beef cattle (cold dressed carcass weight)",1.0,7.0
798,climatebert/distilroberta-base-climate-f,Product,standardized,rag,"Meat, beef cattle (cold dressed carcass weight)",1.0,7.0
799,climatebert/distilroberta-base-climate-f,Product,standardized,rag,"Eggs, hen, in shell",1.0,8.0
800,climatebert/distilroberta-base-climate-f,Product,standardized,rag,"Eggs, hen, in shell",1.0,14.0
801,climatebert/distilroberta-base-climate-f,Product,standardized,rag,"Broiler chicken, chick",1.0,4.0
802,climatebert/distilroberta-base-climate-f,Product,standardized,rag,"Broiler chicken, chick",1.0,10.0
803,climatebert/distilroberta-base-climate-f,Product,standardized,rag,"Meat, chicken (liveweight)",0.0,4.0
804,climatebert/distilroberta-base-climate-f,Product,standardized,rag,"Meat, chicken (liveweight)",0.0,9.0
805,climatebert/distilroberta-base-climate-f,Product,standardized,rag,"Pig, piglet",1.0,20.0
806,climatebert/distilroberta-base-climate-f,Product,standardized,rag,"Pig, piglet",1.0,26.0
807,climatebert/distilroberta-base-climate-f,Product,standardized,rag,"Layer chicken, pullet",1.0,5.0
808,climatebert/distilroberta-base-climate-f,Product,standardized,rag,"Layer chicken, pullet",1.0,5.0
809,climatebert/distilroberta-base-climate-f,Product,standardized,rag,"Sheep, lamb (female, unweaned)",0.0,4.0
810,climatebert/distilroberta-base-climate-f,Product,standardized,rag,"Sheep, lamb (female, unweaned)",0.0,4.0
811,climatebert/distilroberta-base-climate-f,Product,standardized,rag,Milk,1.0,42.0
812,climatebert/distilroberta-base-climate-f,Product,standardized,rag,Milk,1.0,50.0
813,climatebert/distilroberta-base-climate-f,Product,standardized,rag,"Beef cattle, bull",1.0,16.0
814,climatebert/distilroberta-base-climate-f,Product,standardized,rag,"Beef cattle, bull",1.0,19.0
815,climatebert/distilroberta-base-climate-f,Product,standardized,rag,Eggs,1.0,20.0
816,climatebert/distilroberta-base-climate-f,Product,standardized,rag,Eggs,1.0,29.0
817,climatebert/distilroberta-base-climate-f,Product,standardized,rag,"Sheep, lamb",1.0,37.0
818,climatebert/distilroberta-base-climate-f,Product,standardized,rag,"Sheep, lamb",1.0,36.0
819,climatebert/distilroberta-base-climate-f,Product,standardized,rag,"Dairy cattle, calf (female, weaned)",0.0,1.0
820,climatebert/distilroberta-base-climate-f,Product,standardized,rag,"Dairy cattle, calf (female, weaned)",0.0,1.0
821,climatebert/distilroberta-base-climate-f,Product,standardized,rag,"Sheep, ram",1.0,25.0
822,climatebert/distilroberta-base-climate-f,Product,standardized,rag,"Sheep, ram",1.0,27.0
823,climatebert/distilroberta-base-climate-f,Product,standardized,rag,"Sheep, lamb (weaned)",1.0,30.0
824,climatebert/distilroberta-base-climate-f,Product,standardized,rag,"Sheep, lamb (weaned)",1.0,22.0
825,climatebert/distilroberta-base-climate-f,Product,standardized,rag,"Meat, chicken (cold carcass weight)",0.0,5.0
826,climatebert/distilroberta-base-climate-f,Product,standardized,rag,"Meat, chicken (cold carcass weight)",0.0,5.0
827,climatebert/distilroberta-base-climate-f,Product,standardized,rag,"Beef cattle, calf (weaned)",0.0,1.0
828,climatebert/distilroberta-base-climate-f,Product,standardized,rag,"Beef cattle, calf (weaned)",0.0,1.0
829,climatebert/distilroberta-base-climate-f,Product,standardized,rag,"Meat, chicken, leg",1.0,1.0
830,climatebert/distilroberta-base-climate-f,Product,standardized,rag,"Meat, chicken, leg",1.0,2.0
831,climatebert/distilroberta-base-climate-f,Product,standardized,rag,Sheep,1.0,142.0
832,climatebert/distilroberta-base-climate-f,Product,standardized,rag,Sheep,1.0,133.0
833,climatebert/distilroberta-base-climate-f,Product,standardized,rag,Layer chicken,1.0,18.0
834,climatebert/distilroberta-base-climate-f,Product,standardized,rag,Layer chicken,1.0,17.0
835,climatebert/distilroberta-base-climate-f,Product,standardized,rag,"Beef cattle, cow",1.0,12.0
836,climatebert/distilroberta-base-climate-f,Product,standardized,rag,"Beef cattle, cow",1.0,10.0
837,climatebert/distilroberta-base-climate-f,Product,standardized,rag,Poultry by-product meal,0.0,1.0
838,climatebert/distilroberta-base-climate-f,Product,standardized,rag,Meat,1.0,86.0
839,climatebert/distilroberta-base-climate-f,Product,standardized,rag,Meat,1.0,94.0
840,climatebert/distilroberta-base-climate-f,Product,standardized,rag,"Milk, cow, raw",1.0,12.0
841,climatebert/distilroberta-base-climate-f,Product,standardized,rag,"Milk, cow, raw",1.0,15.0
842,climatebert/distilroberta-base-climate-f,Product,standardized,rag,"Hides, dairy cattle, fresh",0.0,1.0
843,climatebert/distilroberta-base-climate-f,Product,standardized,rag,"Hides, dairy cattle, fresh",0.0,1.0
844,climatebert/distilroberta-base-climate-f,Product,standardized,rag,"Pig, sow",1.0,19.0
845,climatebert/distilroberta-base-climate-f,Product,standardized,rag,"Pig, sow",1.0,18.0
846,climatebert/distilroberta-base-climate-f,Product,standardized,rag,"Meat, beef cattle (liveweight)",1.0,3.0
847,climatebert/distilroberta-base-climate-f,Product,standardized,rag,"Meat, beef cattle (liveweight)",1.0,5.0
848,climatebert/distilroberta-base-climate-f,Product,standardized,rag,"Dairy cattle, heifer",0.0,6.0
849,climatebert/distilroberta-base-climate-f,Product,standardized,rag,"Dairy cattle, heifer",0.0,6.0
850,climatebert/distilroberta-base-climate-f,Product,standardized,rag,"Meat, sheep (cold carcass weight)",0.0,3.0
851,climatebert/distilroberta-base-climate-f,Product,standardized,rag,"Meat, sheep (cold carcass weight)",0.0,3.0
852,ESGBERT/EnvironmentalBERT-base,Product,standardized,rag,"Meat, beef cattle (cold carcass weight)",1.0,9.0
853,ESGBERT/EnvironmentalBERT-base,Product,standardized,rag,"Meat, beef cattle (cold carcass weight)",1.0,12.0
854,ESGBERT/EnvironmentalBERT-base,Product,standardized,rag,"Meat, pig (cold dressed carcass weight)",0.0,19.0
855,ESGBERT/EnvironmentalBERT-base,Product,standardized,rag,"Meat, pig (cold dressed carcass weight)",0.0,19.0
856,ESGBERT/EnvironmentalBERT-base,Product,standardized,rag,"Meat, chicken, breast",0.0,3.0
857,ESGBERT/EnvironmentalBERT-base,Product,standardized,rag,"Meat, chicken, breast",0.0,4.0
858,ESGBERT/EnvironmentalBERT-base,Product,standardized,rag,"Milk, cow, raw (FPCM)",1.0,30.0
859,ESGBERT/EnvironmentalBERT-base,Product,standardized,rag,"Milk, cow, raw (FPCM)",1.0,35.0
860,ESGBERT/EnvironmentalBERT-base,Product,standardized,rag,Broiler chicken,1.0,25.0
861,ESGBERT/EnvironmentalBERT-base,Product,standardized,rag,Broiler chicken,1.0,32.0
862,ESGBERT/EnvironmentalBERT-base,Product,standardized,rag,Beef cattle,1.0,187.0
863,ESGBERT/EnvironmentalBERT-base,Product,standardized,rag,Beef cattle,1.0,181.0
864,ESGBERT/EnvironmentalBERT-base,Product,standardized,rag,Hides,0.0,1.0
865,ESGBERT/EnvironmentalBERT-base,Product,standardized,rag,Hides,0.0,1.0
866,ESGBERT/EnvironmentalBERT-base,Product,standardized,rag,"Sheep, ewe",1.0,42.0
867,ESGBERT/EnvironmentalBERT-base,Product,standardized,rag,"Sheep, ewe",1.0,38.0
868,ESGBERT/EnvironmentalBERT-base,Product,standardized,rag,"Beef cattle, heifer",1.0,47.0
869,ESGBERT/EnvironmentalBERT-base,Product,standardized,rag,"Beef cattle, heifer",1.0,43.0
870,ESGBERT/EnvironmentalBERT-base,Product,standardized,rag,"Beef cattle, calf (female, weaned)",1.0,20.0
871,ESGBERT/EnvironmentalBERT-base,Product,standardized,rag,"Beef cattle, calf (female, weaned)",1.0,24.0
872,ESGBERT/EnvironmentalBERT-base,Product,standardized,rag,"Dairy cattle, calf (weaned)",0.0,5.0
873,ESGBERT/EnvironmentalBERT-base,Product,standardized,rag,"Dairy cattle, calf (weaned)",0.0,4.0
874,ESGBERT/EnvironmentalBERT-base,Product,standardized,rag,Cattle,0.0,6.0
875,ESGBERT/EnvironmentalBERT-base,Product,standardized,rag,Cattle,0.0,5.0
876,ESGBERT/EnvironmentalBERT-base,Product,standardized,rag,"Wool, sheep (greasy)",1.0,17.0
877,ESGBERT/EnvironmentalBERT-base,Product,standardized,rag,"Wool, sheep (greasy)",1.0,15.0
878,ESGBERT/EnvironmentalBERT-base,Product,standardized,rag,"Meat, dairy cattle (liveweight)",1.0,21.0
879,ESGBERT/EnvironmentalBERT-base,Product,standardized,rag,"Meat, dairy cattle (liveweight)",1.0,17.0
880,ESGBERT/EnvironmentalBERT-base,Product,standardized,rag,"Beef cattle, steer",1.0,53.0
881,ESGBERT/EnvironmentalBERT-base,Product,standardized,rag,"Beef cattle, steer",1.0,49.0
882,ESGBERT/EnvironmentalBERT-base,Product,standardized,rag,"Meat, sheep (liveweight)",0.0,5.0
883,ESGBERT/EnvironmentalBERT-base,Product,standardized,rag,"Meat, sheep (liveweight)",0.0,5.0
884,ESGBERT/EnvironmentalBERT-base,Product,standardized,rag,"Beef cattle, heifer and steer",1.0,3.0
885,ESGBERT/EnvironmentalBERT-base,Product,standardized,rag,"Beef cattle, heifer and steer",1.0,3.0
886,ESGBERT/EnvironmentalBERT-base,Product,standardized,rag,"Dairy cattle, cow",0.0,17.0
887,ESGBERT/EnvironmentalBERT-base,Product,standardized,rag,"Dairy cattle, cow",0.0,14.0
888,ESGBERT/EnvironmentalBERT-base,Product,standardized,rag,"Cattle, urine (kg mass)",0.0,6.0
889,ESGBERT/EnvironmentalBERT-base,Product,standardized,rag,"Cattle, urine (kg mass)",0.0,5.0
890,ESGBERT/EnvironmentalBERT-base,Product,standardized,rag,Dairy cattle,0.0,33.0
891,ESGBERT/EnvironmentalBERT-base,Product,standardized,rag,Dairy cattle,0.0,29.0
892,ESGBERT/EnvironmentalBERT-base,Product,standardized,rag,"Layer chicken, hen",0.0,8.0
893,ESGBERT/EnvironmentalBERT-base,Product,standardized,rag,"Layer chicken, hen",0.0,6.0
894,ESGBERT/EnvironmentalBERT-base,Product,standardized,rag,"Sheep, lamb (male, unweaned)",1.0,3.0
895,ESGBERT/EnvironmentalBERT-base,Product,standardized,rag,"Sheep, lamb (male, unweaned)",1.0,4.0
896,ESGBERT/EnvironmentalBERT-base,Product,standardized,rag,"Meat, chicken, wings",0.0,4.0
897,ESGBERT/EnvironmentalBERT-base,Product,standardized,rag,"Meat, chicken, wings",0.0,3.0
898,ESGBERT/EnvironmentalBERT-base,Product,standardized,rag,Wool,1.0,17.0
899,ESGBERT/EnvironmentalBERT-base,Product,standardized,rag,Wool,1.0,15.0
900,ESGBERT/EnvironmentalBERT-base,Product,standardized,rag,"Eggs, hen, in shell (number)",1.0,12.0
901,ESGBERT/EnvironmentalBERT-base,Product,standardized,rag,"Eggs, hen, in shell (number)",1.0,15.0
902,ESGBERT/EnvironmentalBERT-base,Product,standardized,rag,Pig,1.0,78.0
903,ESGBERT/EnvironmentalBERT-base,Product,standardized,rag,Pig,1.0,93.0
904,ESGBERT/EnvironmentalBERT-base,Product,standardized,rag,"Broiler chicken, hen",1.0,5.0
905,ESGBERT/EnvironmentalBERT-base,Product,standardized,rag,"Broiler chicken, hen",1.0,5.0
906,ESGBERT/EnvironmentalBERT-base,Product,standardized,rag,"Dairy cattle, calf (male, unweaned)",0.0,3.0
907,ESGBERT/EnvironmentalBERT-base,Product,standardized,rag,"Dairy cattle, calf (male, unweaned)",0.0,3.0
908,ESGBERT/EnvironmentalBERT-base,Product,standardized,rag,"Meat, dairy cattle (cold carcass weight)",0.0,2.0
909,ESGBERT/EnvironmentalBERT-base,Product,standardized,rag,"Meat, dairy cattle (cold carcass weight)",0.0,2.0
910,ESGBERT/EnvironmentalBERT-base,Product,standardized,rag,"Dairy cattle, calf",0.0,1.0
911,ESGBERT/EnvironmentalBERT-base,Product,standardized,rag,"Dairy cattle, calf",0.0,1.0
912,ESGBERT/EnvironmentalBERT-base,Product,standardized,rag,"Beef cattle, calf (male, weaned)",1.0,32.0
913,ESGBERT/EnvironmentalBERT-base,Product,standardized,rag,"Beef cattle, calf (male, weaned)",1.0,28.0
914,ESGBERT/EnvironmentalBERT-base,Product,standardized,rag,"Meat, beef cattle (cold dressed carcass weight)",1.0,7.0
915,ESGBERT/EnvironmentalBERT-base,Product,standardized,rag,"Meat, beef cattle (cold dressed carcass weight)",1.0,7.0
916,ESGBERT/EnvironmentalBERT-base,Product,standardized,rag,"Eggs, hen, in shell",1.0,8.0
917,ESGBERT/EnvironmentalBERT-base,Product,standardized,rag,"Eggs, hen, in shell",1.0,14.0
918,ESGBERT/EnvironmentalBERT-base,Product,standardized,rag,"Broiler chicken, chick",1.0,4.0
919,ESGBERT/EnvironmentalBERT-base,Product,standardized,rag,"Broiler chicken, chick",1.0,10.0
920,ESGBERT/EnvironmentalBERT-base,Product,standardized,rag,"Meat, chicken (liveweight)",0.0,4.0
921,ESGBERT/EnvironmentalBERT-base,Product,standardized,rag,"Meat, chicken (liveweight)",0.0,9.0
922,ESGBERT/EnvironmentalBERT-base,Product,standardized,rag,"Pig, piglet",1.0,20.0
923,ESGBERT/EnvironmentalBERT-base,Product,standardized,rag,"Pig, piglet",1.0,26.0
924,ESGBERT/EnvironmentalBERT-base,Product,standardized,rag,"Layer chicken, pullet",1.0,5.0
925,ESGBERT/EnvironmentalBERT-base,Product,standardized,rag,"Layer chicken, pullet",1.0,5.0
926,ESGBERT/EnvironmentalBERT-base,Product,standardized,rag,"Sheep, lamb (female, unweaned)",0.0,4.0
927,ESGBERT/EnvironmentalBERT-base,Product,standardized,rag,"Sheep, lamb (female, unweaned)",0.0,4.0
928,ESGBERT/EnvironmentalBERT-base,Product,standardized,rag,Milk,1.0,42.0
929,ESGBERT/EnvironmentalBERT-base,Product,standardized,rag,Milk,1.0,50.0
930,ESGBERT/EnvironmentalBERT-base,Product,standardized,rag,"Beef cattle, bull",1.0,16.0
931,ESGBERT/EnvironmentalBERT-base,Product,standardized,rag,"Beef cattle, bull",1.0,19.0
932,ESGBERT/EnvironmentalBERT-base,Product,standardized,rag,Eggs,1.0,20.0
933,ESGBERT/EnvironmentalBERT-base,Product,standardized,rag,Eggs,1.0,29.0
934,ESGBERT/EnvironmentalBERT-base,Product,standardized,rag,"Sheep, lamb",1.0,37.0
935,ESGBERT/EnvironmentalBERT-base,Product,standardized,rag,"Sheep, lamb",1.0,36.0
936,ESGBERT/EnvironmentalBERT-base,Product,standardized,rag,"Dairy cattle, calf (female, weaned)",0.0,1.0
937,ESGBERT/EnvironmentalBERT-base,Product,standardized,rag,"Dairy cattle, calf (female, weaned)",0.0,1.0
938,ESGBERT/EnvironmentalBERT-base,Product,standardized,rag,"Sheep, ram",1.0,25.0
939,ESGBERT/EnvironmentalBERT-base,Product,standardized,rag,"Sheep, ram",1.0,27.0
940,ESGBERT/EnvironmentalBERT-base,Product,standardized,rag,"Sheep, lamb (weaned)",1.0,30.0
941,ESGBERT/EnvironmentalBERT-base,Product,standardized,rag,"Sheep, lamb (weaned)",1.0,22.0
942,ESGBERT/EnvironmentalBERT-base,Product,standardized,rag,"Meat, chicken (cold carcass weight)",0.0,5.0
943,ESGBERT/EnvironmentalBERT-base,Product,standardized,rag,"Meat, chicken (cold carcass weight)",0.0,5.0
944,ESGBERT/EnvironmentalBERT-base,Product,standardized,rag,"Beef cattle, calf (weaned)",0.0,1.0
945,ESGBERT/EnvironmentalBERT-base,Product,standardized,rag,"Beef cattle, calf (weaned)",0.0,1.0
946,ESGBERT/EnvironmentalBERT-base,Product,standardized,rag,"Meat, chicken, leg",0.0,1.0
947,ESGBERT/EnvironmentalBERT-base,Product,standardized,rag,"Meat, chicken, leg",0.0,2.0
948,ESGBERT/EnvironmentalBERT-base,Product,standardized,rag,Sheep,1.0,142.0
949,ESGBERT/EnvironmentalBERT-base,Product,standardized,rag,Sheep,1.0,133.0
950,ESGBERT/EnvironmentalBERT-base,Product,standardized,rag,Layer chicken,1.0,18.0
951,ESGBERT/EnvironmentalBERT-base,Product,standardized,rag,Layer chicken,1.0,17.0
952,ESGBERT/EnvironmentalBERT-base,Product,standardized,rag,"Beef cattle, cow",1.0,12.0
953,ESGBERT/EnvironmentalBERT-base,Product,standardized,rag,"Beef cattle, cow",1.0,10.0
954,ESGBERT/EnvironmentalBERT-base,Product,standardized,rag,Poultry by-product meal,0.0,1.0
955,ESGBERT/EnvironmentalBERT-base,Product,standardized,rag,Meat,1.0,86.0
956,ESGBERT/EnvironmentalBERT-base,Product,standardized,rag,Meat,1.0,94.0
957,ESGBERT/EnvironmentalBERT-base,Product,standardized,rag,"Milk, cow, raw",1.0,12.0
958,ESGBERT/EnvironmentalBERT-base,Product,standardized,rag,"Milk, cow, raw",1.0,15.0
959,ESGBERT/EnvironmentalBERT-base,Product,standardized,rag,"Hides, dairy cattle, fresh",0.0,1.0
960,ESGBERT/EnvironmentalBERT-base,Product,standardized,rag,"Hides, dairy cattle, fresh",0.0,1.0
961,ESGBERT/EnvironmentalBERT-base,Product,standardized,rag,"Pig, sow",1.0,19.0
962,ESGBERT/EnvironmentalBERT-base,Product,standardized,rag,"Pig, sow",1.0,18.0
963,ESGBERT/EnvironmentalBERT-base,Product,standardized,rag,"Meat, beef cattle (liveweight)",1.0,3.0
964,ESGBERT/EnvironmentalBERT-base,Product,standardized,rag,"Meat, beef cattle (liveweight)",1.0,5.0
965,ESGBERT/EnvironmentalBERT-base,Product,standardized,rag,"Dairy cattle, heifer",0.0,6.0
966,ESGBERT/EnvironmentalBERT-base,Product,standardized,rag,"Dairy cattle, heifer",0.0,6.0
967,ESGBERT/EnvironmentalBERT-base,Product,standardized,rag,"Meat, sheep (cold carcass weight)",0.0,3.0
968,ESGBERT/EnvironmentalBERT-base,Product,standardized,rag,"Meat, sheep (cold carcass weight)",0.0,3.0
969,FacebookAI/roberta-large,Product,standardized,rag,"Meat, beef cattle (cold carcass weight)",1.0,9.0
970,FacebookAI/roberta-large,Product,standardized,rag,"Meat, beef cattle (cold carcass weight)",1.0,12.0
971,FacebookAI/roberta-large,Product,standardized,rag,"Meat, pig (cold dressed carcass weight)",0.0,19.0
972,FacebookAI/roberta-large,Product,standardized,rag,"Meat, pig (cold dressed carcass weight)",0.0,19.0
973,FacebookAI/roberta-large,Product,standardized,rag,"Meat, chicken, breast",0.0,3.0
974,FacebookAI/roberta-large,Product,standardized,rag,"Meat, chicken, breast",0.0,4.0
975,FacebookAI/roberta-large,Product,standardized,rag,"Milk, cow, raw (FPCM)",1.0,30.0
976,FacebookAI/roberta-large,Product,standardized,rag,"Milk, cow, raw (FPCM)",1.0,35.0
977,FacebookAI/roberta-large,Product,standardized,rag,Broiler chicken,1.0,25.0
978,FacebookAI/roberta-large,Product,standardized,rag,Broiler chicken,1.0,32.0
979,FacebookAI/roberta-large,Product,standardized,rag,Beef cattle,1.0,187.0
980,FacebookAI/roberta-large,Product,standardized,rag,Beef cattle,1.0,181.0
981,FacebookAI/roberta-large,Product,standardized,rag,Hides,0.0,1.0
982,FacebookAI/roberta-large,Product,standardized,rag,Hides,0.0,1.0
983,FacebookAI/roberta-large,Product,standardized,rag,"Sheep, ewe",1.0,42.0
984,FacebookAI/roberta-large,Product,standardized,rag,"Sheep, ewe",1.0,38.0
985,FacebookAI/roberta-large,Product,standardized,rag,"Beef cattle, heifer",1.0,47.0
986,FacebookAI/roberta-large,Product,standardized,rag,"Beef cattle, heifer",1.0,43.0
987,FacebookAI/roberta-large,Product,standardized,rag,"Beef cattle, calf (female, weaned)",1.0,20.0
988,FacebookAI/roberta-large,Product,standardized,rag,"Beef cattle, calf (female, weaned)",1.0,24.0
989,FacebookAI/roberta-large,Product,standardized,rag,"Dairy cattle, calf (weaned)",0.0,5.0
990,FacebookAI/roberta-large,Product,standardized,rag,"Dairy cattle, calf (weaned)",0.0,4.0
991,FacebookAI/roberta-large,Product,standardized,rag,Cattle,0.0,6.0
992,FacebookAI/roberta-large,Product,standardized,rag,Cattle,0.0,5.0
993,FacebookAI/roberta-large,Product,standardized,rag,"Wool, sheep (greasy)",1.0,17.0
994,FacebookAI/roberta-large,Product,standardized,rag,"Wool, sheep (greasy)",1.0,15.0
995,FacebookAI/roberta-large,Product,standardized,rag,"Meat, dairy cattle (liveweight)",1.0,21.0
996,FacebookAI/roberta-large,Product,standardized,rag,"Meat, dairy cattle (liveweight)",1.0,17.0
997,FacebookAI/roberta-large,Product,standardized,rag,"Beef cattle, steer",1.0,53.0
998,FacebookAI/roberta-large,Product,standardized,rag,"Beef cattle, steer",1.0,49.0
999,FacebookAI/roberta-large,Product,standardized,rag,"Meat, sheep (liveweight)",0.0,5.0
1000,FacebookAI/roberta-large,Product,standardized,rag,"Meat, sheep (liveweight)",0.0,5.0
1001,FacebookAI/roberta-large,Product,standardized,rag,"Beef cattle, heifer and steer",1.0,3.0
1002,FacebookAI/roberta-large,Product,standardized,rag,"Beef cattle, heifer and steer",1.0,3.0
1003,FacebookAI/roberta-large,Product,standardized,rag,"Dairy cattle, cow",0.0,17.0
1004,FacebookAI/roberta-large,Product,standardized,rag,"Dairy cattle, cow",0.0,14.0
1005,FacebookAI/roberta-large,Product,standardized,rag,"Cattle, urine (kg mass)",0.0,6.0
1006,FacebookAI/roberta-large,Product,standardized,rag,"Cattle, urine (kg mass)",0.0,5.0
1007,FacebookAI/roberta-large,Product,standardized,rag,Dairy cattle,0.0,33.0
1008,FacebookAI/roberta-large,Product,standardized,rag,Dairy cattle,0.0,29.0
1009,FacebookAI/roberta-large,Product,standardized,rag,"Layer chicken, hen",0.0,8.0
1010,FacebookAI/roberta-large,Product,standardized,rag,"Layer chicken, hen",0.0,6.0
1011,FacebookAI/roberta-large,Product,standardized,rag,"Sheep, lamb (male, unweaned)",1.0,3.0
1012,FacebookAI/roberta-large,Product,standardized,rag,"Sheep, lamb (male, unweaned)",1.0,4.0
1013,FacebookAI/roberta-large,Product,standardized,rag,"Meat, chicken, wings",0.0,4.0
1014,FacebookAI/roberta-large,Product,standardized,rag,"Meat, chicken, wings",0.0,3.0
1015,FacebookAI/roberta-large,Product,standardized,rag,Wool,1.0,17.0
1016,FacebookAI/roberta-large,Product,standardized,rag,Wool,1.0,15.0
1017,FacebookAI/roberta-large,Product,standardized,rag,"Eggs, hen, in shell (number)",1.0,12.0
1018,FacebookAI/roberta-large,Product,standardized,rag,"Eggs, hen, in shell (number)",1.0,15.0
1019,FacebookAI/roberta-large,Product,standardized,rag,Pig,1.0,78.0
1020,FacebookAI/roberta-large,Product,standardized,rag,Pig,1.0,93.0
1021,FacebookAI/roberta-large,Product,standardized,rag,"Broiler chicken, hen",1.0,5.0
1022,FacebookAI/roberta-large,Product,standardized,rag,"Broiler chicken, hen",1.0,5.0
1023,FacebookAI/roberta-large,Product,standardized,rag,"Dairy cattle, calf (male, unweaned)",0.0,3.0
1024,FacebookAI/roberta-large,Product,standardized,rag,"Dairy cattle, calf (male, unweaned)",0.0,3.0
1025,FacebookAI/roberta-large,Product,standardized,rag,"Meat, dairy cattle (cold carcass weight)",0.0,2.0
1026,FacebookAI/roberta-large,Product,standardized,rag,"Meat, dairy cattle (cold carcass weight)",0.0,2.0
1027,FacebookAI/roberta-large,Product,standardized,rag,"Dairy cattle, calf",0.0,1.0
1028,FacebookAI/roberta-large,Product,standardized,rag,"Dairy cattle, calf",0.0,1.0
1029,FacebookAI/roberta-large,Product,standardized,rag,"Beef cattle, calf (male, weaned)",1.0,32.0
1030,FacebookAI/roberta-large,Product,standardized,rag,"Beef cattle, calf (male, weaned)",1.0,28.0
1031,FacebookAI/roberta-large,Product,standardized,rag,"Meat, beef cattle (cold dressed carcass weight)",1.0,7.0
1032,FacebookAI/roberta-large,Product,standardized,rag,"Meat, beef cattle (cold dressed carcass weight)",1.0,7.0
1033,FacebookAI/roberta-large,Product,standardized,rag,"Eggs, hen, in shell",1.0,8.0
1034,FacebookAI/roberta-large,Product,standardized,rag,"Eggs, hen, in shell",1.0,14.0
1035,FacebookAI/roberta-large,Product,standardized,rag,"Broiler chicken, chick",1.0,4.0
1036,FacebookAI/roberta-large,Product,standardized,rag,"Broiler chicken, chick",1.0,10.0
1037,FacebookAI/roberta-large,Product,standardized,rag,"Meat, chicken (liveweight)",0.0,4.0
1038,FacebookAI/roberta-large,Product,standardized,rag,"Meat, chicken (liveweight)",0.0,9.0
1039,FacebookAI/roberta-large,Product,standardized,rag,"Pig, piglet",1.0,20.0
1040,FacebookAI/roberta-large,Product,standardized,rag,"Pig, piglet",1.0,26.0
1041,FacebookAI/roberta-large,Product,standardized,rag,"Layer chicken, pullet",1.0,5.0
1042,FacebookAI/roberta-large,Product,standardized,rag,"Layer chicken, pullet",1.0,5.0
1043,FacebookAI/roberta-large,Product,standardized,rag,"Sheep, lamb (female, unweaned)",0.0,4.0
1044,FacebookAI/roberta-large,Product,standardized,rag,"Sheep, lamb (female, unweaned)",0.0,4.0
1045,FacebookAI/roberta-large,Product,standardized,rag,Milk,1.0,42.0
1046,FacebookAI/roberta-large,Product,standardized,rag,Milk,1.0,50.0
1047,FacebookAI/roberta-large,Product,standardized,rag,"Beef cattle, bull",1.0,16.0
1048,FacebookAI/roberta-large,Product,standardized,rag,"Beef cattle, bull",1.0,19.0
1049,FacebookAI/roberta-large,Product,standardized,rag,Eggs,1.0,20.0
1050,FacebookAI/roberta-large,Product,standardized,rag,Eggs,1.0,29.0
1051,FacebookAI/roberta-large,Product,standardized,rag,"Sheep, lamb",1.0,37.0
1052,FacebookAI/roberta-large,Product,standardized,rag,"Sheep, lamb",1.0,36.0
1053,FacebookAI/roberta-large,Product,standardized,rag,"Dairy cattle, calf (female, weaned)",0.0,1.0
1054,FacebookAI/roberta-large,Product,standardized,rag,"Dairy cattle, calf (female, weaned)",0.0,1.0
1055,FacebookAI/roberta-large,Product,standardized,rag,"Sheep, ram",1.0,25.0
1056,FacebookAI/roberta-large,Product,standardized,rag,"Sheep, ram",1.0,27.0
1057,FacebookAI/roberta-large,Product,standardized,rag,"Sheep, lamb (weaned)",1.0,30.0
1058,FacebookAI/roberta-large,Product,standardized,rag,"Sheep, lamb (weaned)",1.0,22.0
1059,FacebookAI/roberta-large,Product,standardized,rag,"Meat, chicken (cold carcass weight)",0.0,5.0
1060,FacebookAI/roberta-large,Product,standardized,rag,"Meat, chicken (cold carcass weight)",0.0,5.0
1061,FacebookAI/roberta-large,Product,standardized,rag,"Beef cattle, calf (weaned)",1.0,1.0
1062,FacebookAI/roberta-large,Product,standardized,rag,"Beef cattle, calf (weaned)",1.0,1.0
1063,FacebookAI/roberta-large,Product,standardized,rag,"Meat, chicken, leg",1.0,1.0
1064,FacebookAI/roberta-large,Product,standardized,rag,"Meat, chicken, leg",1.0,2.0
1065,FacebookAI/roberta-large,Product,standardized,rag,Sheep,1.0,142.0
1066,FacebookAI/roberta-large,Product,standardized,rag,Sheep,1.0,133.0
1067,FacebookAI/roberta-large,Product,standardized,rag,Layer chicken,1.0,18.0
1068,FacebookAI/roberta-large,Product,standardized,rag,Layer chicken,1.0,17.0
1069,FacebookAI/roberta-large,Product,standardized,rag,"Beef cattle, cow",1.0,12.0
1070,FacebookAI/roberta-large,Product,standardized,rag,"Beef cattle, cow",1.0,10.0
1071,FacebookAI/roberta-large,Product,standardized,rag,Poultry by-product meal,0.0,1.0
1072,FacebookAI/roberta-large,Product,standardized,rag,Meat,1.0,86.0
1073,FacebookAI/roberta-large,Product,standardized,rag,Meat,1.0,94.0
1074,FacebookAI/roberta-large,Product,standardized,rag,"Milk, cow, raw",1.0,12.0
1075,FacebookAI/roberta-large,Product,standardized,rag,"Milk, cow, raw",1.0,15.0
1076,FacebookAI/roberta-large,Product,standardized,rag,"Hides, dairy cattle, fresh",0.0,1.0
1077,FacebookAI/roberta-large,Product,standardized,rag,"Hides, dairy cattle, fresh",0.0,1.0
1078,FacebookAI/roberta-large,Product,standardized,rag,"Pig, sow",1.0,19.0
1079,FacebookAI/roberta-large,Product,standardized,rag,"Pig, sow",1.0,18.0
1080,FacebookAI/roberta-large,Product,standardized,rag,"Meat, beef cattle (liveweight)",1.0,3.0
1081,FacebookAI/roberta-large,Product,standardized,rag,"Meat, beef cattle (liveweight)",1.0,5.0
1082,FacebookAI/roberta-large,Product,standardized,rag,"Dairy cattle, heifer",0.0,6.0
1083,FacebookAI/roberta-large,Product,standardized,rag,"Dairy cattle, heifer",0.0,6.0
1084,FacebookAI/roberta-large,Product,standardized,rag,"Meat, sheep (cold carcass weight)",0.0,3.0
1085,FacebookAI/roberta-large,Product,standardized,rag,"Meat, sheep (cold carcass weight)",0.0,3.0
1086,google-bert/bert-base-uncased,Product,standardized,rag,"Meat, beef cattle (cold carcass weight)",1.0,9.0
1087,google-bert/bert-base-uncased,Product,standardized,rag,"Meat, beef cattle (cold carcass weight)",1.0,12.0
1088,google-bert/bert-base-uncased,Product,standardized,rag,"Meat, pig (cold dressed carcass weight)",0.0,19.0
1089,google-bert/bert-base-uncased,Product,standardized,rag,"Meat, pig (cold dressed carcass weight)",0.0,19.0
1090,google-bert/bert-base-uncased,Product,standardized,rag,"Meat, chicken, breast",0.0,3.0
1091,google-bert/bert-base-uncased,Product,standardized,rag,"Meat, chicken, breast",0.0,4.0
1092,google-bert/bert-base-uncased,Product,standardized,rag,"Milk, cow, raw (FPCM)",1.0,30.0
1093,google-bert/bert-base-uncased,Product,standardized,rag,"Milk, cow, raw (FPCM)",1.0,35.0
1094,google-bert/bert-base-uncased,Product,standardized,rag,Broiler chicken,1.0,25.0
1095,google-bert/bert-base-uncased,Product,standardized,rag,Broiler chicken,1.0,32.0
1096,google-bert/bert-base-uncased,Product,standardized,rag,Beef cattle,1.0,187.0
1097,google-bert/bert-base-uncased,Product,standardized,rag,Beef cattle,1.0,181.0
1098,google-bert/bert-base-uncased,Product,standardized,rag,Hides,0.0,1.0
1099,google-bert/bert-base-uncased,Product,standardized,rag,Hides,0.0,1.0
1100,google-bert/bert-base-uncased,Product,standardized,rag,"Sheep, ewe",0.6,42.0
1101,google-bert/bert-base-uncased,Product,standardized,rag,"Sheep, ewe",0.6,38.0
1102,google-bert/bert-base-uncased,Product,standardized,rag,"Beef cattle, heifer",1.0,47.0
1103,google-bert/bert-base-uncased,Product,standardized,rag,"Beef cattle, heifer",1.0,43.0
1104,google-bert/bert-base-uncased,Product,standardized,rag,"Beef cattle, calf (female, weaned)",1.0,20.0
1105,google-bert/bert-base-uncased,Product,standardized,rag,"Beef cattle, calf (female, weaned)",1.0,24.0
1106,google-bert/bert-base-uncased,Product,standardized,rag,"Dairy cattle, calf (weaned)",0.0,5.0
1107,google-bert/bert-base-uncased,Product,standardized,rag,"Dairy cattle, calf (weaned)",0.0,4.0
1108,google-bert/bert-base-uncased,Product,standardized,rag,Cattle,0.0,6.0
1109,google-bert/bert-base-uncased,Product,standardized,rag,Cattle,0.0,5.0
1110,google-bert/bert-base-uncased,Product,standardized,rag,"Wool, sheep (greasy)",1.0,17.0
1111,google-bert/bert-base-uncased,Product,standardized,rag,"Wool, sheep (greasy)",1.0,15.0
1112,google-bert/bert-base-uncased,Product,standardized,rag,"Meat, dairy cattle (liveweight)",1.0,21.0
1113,google-bert/bert-base-uncased,Product,standardized,rag,"Meat, dairy cattle (liveweight)",1.0,17.0
1114,google-bert/bert-base-uncased,Product,standardized,rag,"Beef cattle, steer",1.0,53.0
1115,google-bert/bert-base-uncased,Product,standardized,rag,"Beef cattle, steer",1.0,49.0
1116,google-bert/bert-base-uncased,Product,standardized,rag,"Meat, sheep (liveweight)",0.0,5.0
1117,google-bert/bert-base-uncased,Product,standardized,rag,"Meat, sheep (liveweight)",0.0,5.0
1118,google-bert/bert-base-uncased,Product,standardized,rag,"Beef cattle, heifer and steer",1.0,3.0
1119,google-bert/bert-base-uncased,Product,standardized,rag,"Beef cattle, heifer and steer",1.0,3.0
1120,google-bert/bert-base-uncased,Product,standardized,rag,"Dairy cattle, cow",0.0,17.0
1121,google-bert/bert-base-uncased,Product,standardized,rag,"Dairy cattle, cow",0.0,14.0
1122,google-bert/bert-base-uncased,Product,standardized,rag,"Cattle, urine (kg mass)",0.0,6.0
1123,google-bert/bert-base-uncased,Product,standardized,rag,"Cattle, urine (kg mass)",0.0,5.0
1124,google-bert/bert-base-uncased,Product,standardized,rag,Dairy cattle,0.0,33.0
1125,google-bert/bert-base-uncased,Product,standardized,rag,Dairy cattle,0.0,29.0
1126,google-bert/bert-base-uncased,Product,standardized,rag,"Layer chicken, hen",0.0,8.0
1127,google-bert/bert-base-uncased,Product,standardized,rag,"Layer chicken, hen",0.0,6.0
1128,google-bert/bert-base-uncased,Product,standardized,rag,"Sheep, lamb (male, unweaned)",1.0,3.0
1129,google-bert/bert-base-uncased,Product,standardized,rag,"Sheep, lamb (male, unweaned)",1.0,4.0
1130,google-bert/bert-base-uncased,Product,standardized,rag,"Meat, chicken, wings",0.0,4.0
1131,google-bert/bert-base-uncased,Product,standardized,rag,"Meat, chicken, wings",0.0,3.0
1132,google-bert/bert-base-uncased,Product,standardized,rag,Wool,1.0,17.0
1133,google-bert/bert-base-uncased,Product,standardized,rag,Wool,1.0,15.0
1134,google-bert/bert-base-uncased,Product,standardized,rag,"Eggs, hen, in shell (number)",1.0,12.0
1135,google-bert/bert-base-uncased,Product,standardized,rag,"Eggs, hen, in shell (number)",1.0,15.0
1136,google-bert/bert-base-uncased,Product,standardized,rag,Pig,1.0,78.0
1137,google-bert/bert-base-uncased,Product,standardized,rag,Pig,1.0,93.0
1138,google-bert/bert-base-uncased,Product,standardized,rag,"Broiler chicken, hen",1.0,5.0
1139,google-bert/bert-base-uncased,Product,standardized,rag,"Broiler chicken, hen",1.0,5.0
1140,google-bert/bert-base-uncased,Product,standardized,rag,"Dairy cattle, calf (male, unweaned)",0.0,3.0
1141,google-bert/bert-base-uncased,Product,standardized,rag,"Dairy cattle, calf (male, unweaned)",0.0,3.0
1142,google-bert/bert-base-uncased,Product,standardized,rag,"Meat, dairy cattle (cold carcass weight)",0.0,2.0
1143,google-bert/bert-base-uncased,Product,standardized,rag,"Meat, dairy cattle (cold carcass weight)",0.0,2.0
1144,google-bert/bert-base-uncased,Product,standardized,rag,"Dairy cattle, calf",0.0,1.0
1145,google-bert/bert-base-uncased,Product,standardized,rag,"Dairy cattle, calf",0.0,1.0
1146,google-bert/bert-base-uncased,Product,standardized,rag,"Beef cattle, calf (male, weaned)",1.0,32.0
1147,google-bert/bert-base-uncased,Product,standardized,rag,"Beef cattle, calf (male, weaned)",1.0,28.0
1148,google-bert/bert-base-uncased,Product,standardized,rag,"Meat, beef cattle (cold dressed carcass weight)",1.0,7.0
1149,google-bert/bert-base-uncased,Product,standardized,rag,"Meat, beef cattle (cold dressed carcass weight)",1.0,7.0
1150,google-bert/bert-base-uncased,Product,standardized,rag,"Eggs, hen, in shell",1.0,8.0
1151,google-bert/bert-base-uncased,Product,standardized,rag,"Eggs, hen, in shell",1.0,14.0
1152,google-bert/bert-base-uncased,Product,standardized,rag,"Broiler chicken, chick",1.0,4.0
1153,google-bert/bert-base-uncased,Product,standardized,rag,"Broiler chicken, chick",1.0,10.0
1154,google-bert/bert-base-uncased,Product,standardized,rag,"Meat, chicken (liveweight)",0.0,4.0
1155,google-bert/bert-base-uncased,Product,standardized,rag,"Meat, chicken (liveweight)",0.0,9.0
1156,google-bert/bert-base-uncased,Product,standardized,rag,"Pig, piglet",1.0,20.0
1157,google-bert/bert-base-uncased,Product,standardized,rag,"Pig, piglet",1.0,26.0
1158,google-bert/bert-base-uncased,Product,standardized,rag,"Layer chicken, pullet",1.0,5.0
1159,google-bert/bert-base-uncased,Product,standardized,rag,"Layer chicken, pullet",1.0,5.0
1160,google-bert/bert-base-uncased,Product,standardized,rag,"Sheep, lamb (female, unweaned)",0.0,4.0
1161,google-bert/bert-base-uncased,Product,standardized,rag,"Sheep, lamb (female, unweaned)",0.0,4.0
1162,google-bert/bert-base-uncased,Product,standardized,rag,Milk,1.0,42.0
1163,google-bert/bert-base-uncased,Product,standardized,rag,Milk,1.0,50.0
1164,google-bert/bert-base-uncased,Product,standardized,rag,"Beef cattle, bull",1.0,16.0
1165,google-bert/bert-base-uncased,Product,standardized,rag,"Beef cattle, bull",1.0,19.0
1166,google-bert/bert-base-uncased,Product,standardized,rag,Eggs,1.0,20.0
1167,google-bert/bert-base-uncased,Product,standardized,rag,Eggs,1.0,29.0
1168,google-bert/bert-base-uncased,Product,standardized,rag,"Sheep, lamb",1.0,37.0
1169,google-bert/bert-base-uncased,Product,standardized,rag,"Sheep, lamb",1.0,36.0
1170,google-bert/bert-base-uncased,Product,standardized,rag,"Dairy cattle, calf (female, weaned)",0.0,1.0
1171,google-bert/bert-base-uncased,Product,standardized,rag,"Dairy cattle, calf (female, weaned)",0.0,1.0
1172,google-bert/bert-base-uncased,Product,standardized,rag,"Sheep, ram",1.0,25.0
1173,google-bert/bert-base-uncased,Product,standardized,rag,"Sheep, ram",1.0,27.0
1174,google-bert/bert-base-uncased,Product,standardized,rag,"Sheep, lamb (weaned)",1.0,30.0
1175,google-bert/bert-base-uncased,Product,standardized,rag,"Sheep, lamb (weaned)",1.0,22.0
1176,google-bert/bert-base-uncased,Product,standardized,rag,"Meat, chicken (cold carcass weight)",0.0,5.0
1177,google-bert/bert-base-uncased,Product,standardized,rag,"Meat, chicken (cold carcass weight)",0.0,5.0
1178,google-bert/bert-base-uncased,Product,standardized,rag,"Beef cattle, calf (weaned)",0.0,1.0
1179,google-bert/bert-base-uncased,Product,standardized,rag,"Beef cattle, calf (weaned)",0.0,1.0
1180,google-bert/bert-base-uncased,Product,standardized,rag,"Meat, chicken, leg",0.0,1.0
1181,google-bert/bert-base-uncased,Product,standardized,rag,"Meat, chicken, leg",0.0,2.0
1182,google-bert/bert-base-uncased,Product,standardized,rag,Sheep,1.0,142.0
1183,google-bert/bert-base-uncased,Product,standardized,rag,Sheep,1.0,133.0
1184,google-bert/bert-base-uncased,Product,standardized,rag,Layer chicken,1.0,18.0
1185,google-bert/bert-base-uncased,Product,standardized,rag,Layer chicken,1.0,17.0
1186,google-bert/bert-base-uncased,Product,standardized,rag,"Beef cattle, cow",1.0,12.0
1187,google-bert/bert-base-uncased,Product,standardized,rag,"Beef cattle, cow",1.0,10.0
1188,google-bert/bert-base-uncased,Product,standardized,rag,Poultry by-product meal,0.0,1.0
1189,google-bert/bert-base-uncased,Product,standardized,rag,Meat,1.0,86.0
1190,google-bert/bert-base-uncased,Product,standardized,rag,Meat,1.0,94.0
1191,google-bert/bert-base-uncased,Product,standardized,rag,"Milk, cow, raw",1.0,12.0
1192,google-bert/bert-base-uncased,Product,standardized,rag,"Milk, cow, raw",1.0,15.0
1193,google-bert/bert-base-uncased,Product,standardized,rag,"Hides, dairy cattle, fresh",0.0,1.0
1194,google-bert/bert-base-uncased,Product,standardized,rag,"Hides, dairy cattle, fresh",0.0,1.0
1195,google-bert/bert-base-uncased,Product,standardized,rag,"Pig, sow",1.0,19.0
1196,google-bert/bert-base-uncased,Product,standardized,rag,"Pig, sow",1.0,18.0
1197,google-bert/bert-base-uncased,Product,standardized,rag,"Meat, beef cattle (liveweight)",0.0,3.0
1198,google-bert/bert-base-uncased,Product,standardized,rag,"Meat, beef cattle (liveweight)",0.0,5.0
1199,google-bert/bert-base-uncased,Product,standardized,rag,"Dairy cattle, heifer",0.0,6.0
1200,google-bert/bert-base-uncased,Product,standardized,rag,"Dairy cattle, heifer",0.0,6.0
1201,google-bert/bert-base-uncased,Product,standardized,rag,"Meat, sheep (cold carcass weight)",0.0,3.0
1202,google-bert/bert-base-uncased,Product,standardized,rag,"Meat, sheep (cold carcass weight)",0.0,3.0
1203,microsoft/deberta-v3-base,Product,standardized,rag,"Meat, beef cattle (cold carcass weight)",1.0,9.0
1204,microsoft/deberta-v3-base,Product,standardized,rag,"Meat, beef cattle (cold carcass weight)",1.0,12.0
1205,microsoft/deberta-v3-base,Product,standardized,rag,"Meat, pig (cold dressed carcass weight)",0.0,19.0
1206,microsoft/deberta-v3-base,Product,standardized,rag,"Meat, pig (cold dressed carcass weight)",0.0,19.0
1207,microsoft/deberta-v3-base,Product,standardized,rag,"Meat, chicken, breast",0.0,3.0
1208,microsoft/deberta-v3-base,Product,standardized,rag,"Meat, chicken, breast",0.0,4.0
1209,microsoft/deberta-v3-base,Product,standardized,rag,"Milk, cow, raw (FPCM)",1.0,30.0
1210,microsoft/deberta-v3-base,Product,standardized,rag,"Milk, cow, raw (FPCM)",1.0,35.0
1211,microsoft/deberta-v3-base,Product,standardized,rag,Broiler chicken,1.0,25.0
1212,microsoft/deberta-v3-base,Product,standardized,rag,Broiler chicken,1.0,32.0
1213,microsoft/deberta-v3-base,Product,standardized,rag,Beef cattle,1.0,187.0
1214,microsoft/deberta-v3-base,Product,standardized,rag,Beef cattle,1.0,181.0
1215,microsoft/deberta-v3-base,Product,standardized,rag,Hides,0.0,1.0
1216,microsoft/deberta-v3-base,Product,standardized,rag,Hides,0.0,1.0
1217,microsoft/deberta-v3-base,Product,standardized,rag,"Sheep, ewe",1.0,42.0
1218,microsoft/deberta-v3-base,Product,standardized,rag,"Sheep, ewe",1.0,38.0
1219,microsoft/deberta-v3-base,Product,standardized,rag,"Beef cattle, heifer",1.0,47.0
1220,microsoft/deberta-v3-base,Product,standardized,rag,"Beef cattle, heifer",1.0,43.0
1221,microsoft/deberta-v3-base,Product,standardized,rag,"Beef cattle, calf (female, weaned)",1.0,20.0
1222,microsoft/deberta-v3-base,Product,standardized,rag,"Beef cattle, calf (female, weaned)",1.0,24.0
1223,microsoft/deberta-v3-base,Product,standardized,rag,"Dairy cattle, calf (weaned)",0.0,5.0
1224,microsoft/deberta-v3-base,Product,standardized,rag,"Dairy cattle, calf (weaned)",0.0,4.0
1225,microsoft/deberta-v3-base,Product,standardized,rag,Cattle,0.0,6.0
1226,microsoft/deberta-v3-base,Product,standardized,rag,Cattle,0.0,5.0
1227,microsoft/deberta-v3-base,Product,standardized,rag,"Wool, sheep (greasy)",1.0,17.0
1228,microsoft/deberta-v3-base,Product,standardized,rag,"Wool, sheep (greasy)",1.0,15.0
1229,microsoft/deberta-v3-base,Product,standardized,rag,"Meat, dairy cattle (liveweight)",1.0,21.0
1230,microsoft/deberta-v3-base,Product,standardized,rag,"Meat, dairy cattle (liveweight)",1.0,17.0
1231,microsoft/deberta-v3-base,Product,standardized,rag,"Beef cattle, steer",1.0,53.0
1232,microsoft/deberta-v3-base,Product,standardized,rag,"Beef cattle, steer",1.0,49.0
1233,microsoft/deberta-v3-base,Product,standardized,rag,"Meat, sheep (liveweight)",0.0,5.0
1234,microsoft/deberta-v3-base,Product,standardized,rag,"Meat, sheep (liveweight)",0.0,5.0
1235,microsoft/deberta-v3-base,Product,standardized,rag,"Beef cattle, heifer and steer",1.0,3.0
1236,microsoft/deberta-v3-base,Product,standardized,rag,"Beef cattle, heifer and steer",1.0,3.0
1237,microsoft/deberta-v3-base,Product,standardized,rag,"Dairy cattle, cow",0.0,17.0
1238,microsoft/deberta-v3-base,Product,standardized,rag,"Dairy cattle, cow",0.0,14.0
1239,microsoft/deberta-v3-base,Product,standardized,rag,"Cattle, urine (kg mass)",0.0,6.0
1240,microsoft/deberta-v3-base,Product,standardized,rag,"Cattle, urine (kg mass)",0.0,5.0
1241,microsoft/deberta-v3-base,Product,standardized,rag,Dairy cattle,0.0,33.0
1242,microsoft/deberta-v3-base,Product,standardized,rag,Dairy cattle,0.0,29.0
1243,microsoft/deberta-v3-base,Product,standardized,rag,"Layer chicken, hen",0.0,8.0
1244,microsoft/deberta-v3-base,Product,standardized,rag,"Layer chicken, hen",0.0,6.0
1245,microsoft/deberta-v3-base,Product,standardized,rag,"Sheep, lamb (male, unweaned)",1.0,3.0
1246,microsoft/deberta-v3-base,Product,standardized,rag,"Sheep, lamb (male, unweaned)",1.0,4.0
1247,microsoft/deberta-v3-base,Product,standardized,rag,"Meat, chicken, wings",0.0,4.0
1248,microsoft/deberta-v3-base,Product,standardized,rag,"Meat, chicken, wings",0.0,3.0
1249,microsoft/deberta-v3-base,Product,standardized,rag,Wool,1.0,17.0
1250,microsoft/deberta-v3-base,Product,standardized,rag,Wool,1.0,15.0
1251,microsoft/deberta-v3-base,Product,standardized,rag,"Eggs, hen, in shell (number)",1.0,12.0
1252,microsoft/deberta-v3-base,Product,standardized,rag,"Eggs, hen, in shell (number)",1.0,15.0
1253,microsoft/deberta-v3-base,Product,standardized,rag,Pig,1.0,78.0
1254,microsoft/deberta-v3-base,Product,standardized,rag,Pig,1.0,93.0
1255,microsoft/deberta-v3-base,Product,standardized,rag,"Broiler chicken, hen",1.0,5.0
1256,microsoft/deberta-v3-base,Product,standardized,rag,"Broiler chicken, hen",1.0,5.0
1257,microsoft/deberta-v3-base,Product,standardized,rag,"Dairy cattle, calf (male, unweaned)",0.0,3.0
1258,microsoft/deberta-v3-base,Product,standardized,rag,"Dairy cattle, calf (male, unweaned)",0.0,3.0
1259,microsoft/deberta-v3-base,Product,standardized,rag,"Meat, dairy cattle (cold carcass weight)",0.0,2.0
1260,microsoft/deberta-v3-base,Product,standardized,rag,"Meat, dairy cattle (cold carcass weight)",0.0,2.0
1261,microsoft/deberta-v3-base,Product,standardized,rag,"Dairy cattle, calf",0.0,1.0
1262,microsoft/deberta-v3-base,Product,standardized,rag,"Dairy cattle, calf",0.0,1.0
1263,microsoft/deberta-v3-base,Product,standardized,rag,"Beef cattle, calf (male, weaned)",1.0,32.0
1264,microsoft/deberta-v3-base,Product,standardized,rag,"Beef cattle, calf (male, weaned)",1.0,28.0
1265,microsoft/deberta-v3-base,Product,standardized,rag,"Meat, beef cattle (cold dressed carcass weight)",1.0,7.0
1266,microsoft/deberta-v3-base,Product,standardized,rag,"Meat, beef cattle (cold dressed carcass weight)",1.0,7.0
1267,microsoft/deberta-v3-base,Product,standardized,rag,"Eggs, hen, in shell",1.0,8.0
1268,microsoft/deberta-v3-base,Product,standardized,rag,"Eggs, hen, in shell",1.0,14.0
1269,microsoft/deberta-v3-base,Product,standardized,rag,"Broiler chicken, chick",1.0,4.0
1270,microsoft/deberta-v3-base,Product,standardized,rag,"Broiler chicken, chick",1.0,10.0
1271,microsoft/deberta-v3-base,Product,standardized,rag,"Meat, chicken (liveweight)",0.0,4.0
1272,microsoft/deberta-v3-base,Product,standardized,rag,"Meat, chicken (liveweight)",0.0,9.0
1273,microsoft/deberta-v3-base,Product,standardized,rag,"Pig, piglet",1.0,20.0
1274,microsoft/deberta-v3-base,Product,standardized,rag,"Pig, piglet",1.0,26.0
1275,microsoft/deberta-v3-base,Product,standardized,rag,"Layer chicken, pullet",1.0,5.0
1276,microsoft/deberta-v3-base,Product,standardized,rag,"Layer chicken, pullet",1.0,5.0
1277,microsoft/deberta-v3-base,Product,standardized,rag,"Sheep, lamb (female, unweaned)",0.0,4.0
1278,microsoft/deberta-v3-base,Product,standardized,rag,"Sheep, lamb (female, unweaned)",0.0,4.0
1279,microsoft/deberta-v3-base,Product,standardized,rag,Milk,1.0,42.0
1280,microsoft/deberta-v3-base,Product,standardized,rag,Milk,1.0,50.0
1281,microsoft/deberta-v3-base,Product,standardized,rag,"Beef cattle, bull",1.0,16.0
1282,microsoft/deberta-v3-base,Product,standardized,rag,"Beef cattle, bull",1.0,19.0
1283,microsoft/deberta-v3-base,Product,standardized,rag,Eggs,1.0,20.0
1284,microsoft/deberta-v3-base,Product,standardized,rag,Eggs,1.0,29.0
1285,microsoft/deberta-v3-base,Product,standardized,rag,"Sheep, lamb",1.0,37.0
1286,microsoft/deberta-v3-base,Product,standardized,rag,"Sheep, lamb",1.0,36.0
1287,microsoft/deberta-v3-base,Product,standardized,rag,"Dairy cattle, calf (female, weaned)",0.0,1.0
1288,microsoft/deberta-v3-base,Product,standardized,rag,"Dairy cattle, calf (female, weaned)",0.0,1.0
1289,microsoft/deberta-v3-base,Product,standardized,rag,"Sheep, ram",1.0,25.0
1290,microsoft/deberta-v3-base,Product,standardized,rag,"Sheep, ram",1.0,27.0
1291,microsoft/deberta-v3-base,Product,standardized,rag,"Sheep, lamb (weaned)",1.0,30.0
1292,microsoft/deberta-v3-base,Product,standardized,rag,"Sheep, lamb (weaned)",1.0,22.0
1293,microsoft/deberta-v3-base,Product,standardized,rag,"Meat, chicken (cold carcass weight)",0.0,5.0
1294,microsoft/deberta-v3-base,Product,standardized,rag,"Meat, chicken (cold carcass weight)",0.0,5.0
1295,microsoft/deberta-v3-base,Product,standardized,rag,"Beef cattle, calf (weaned)",0.0,1.0
1296,microsoft/deberta-v3-base,Product,standardized,rag,"Beef cattle, calf (weaned)",0.0,1.0
1297,microsoft/deberta-v3-base,Product,standardized,rag,"Meat, chicken, leg",0.0,1.0
1298,microsoft/deberta-v3-base,Product,standardized,rag,"Meat, chicken, leg",0.0,2.0
1299,microsoft/deberta-v3-base,Product,standardized,rag,Sheep,1.0,142.0
1300,microsoft/deberta-v3-base,Product,standardized,rag,Sheep,1.0,133.0
1301,microsoft/deberta-v3-base,Product,standardized,rag,Layer chicken,1.0,18.0
1302,microsoft/deberta-v3-base,Product,standardized,rag,Layer chicken,1.0,17.0
1303,microsoft/deberta-v3-base,Product,standardized,rag,"Beef cattle, cow",1.0,12.0
1304,microsoft/deberta-v3-base,Product,standardized,rag,"Beef cattle, cow",1.0,10.0
1305,microsoft/deberta-v3-base,Product,standardized,rag,Poultry by-product meal,0.0,1.0
1306,microsoft/deberta-v3-base,Product,standardized,rag,Meat,1.0,86.0
1307,microsoft/deberta-v3-base,Product,standardized,rag,Meat,1.0,94.0
1308,microsoft/deberta-v3-base,Product,standardized,rag,"Milk, cow, raw",1.0,12.0
1309,microsoft/deberta-v3-base,Product,standardized,rag,"Milk, cow, raw",1.0,15.0
1310,microsoft/deberta-v3-base,Product,standardized,rag,"Hides, dairy cattle, fresh",0.0,1.0
1311,microsoft/deberta-v3-base,Product,standardized,rag,"Hides, dairy cattle, fresh",0.0,1.0
1312,microsoft/deberta-v3-base,Product,standardized,rag,"Pig, sow",1.0,19.0
1313,microsoft/deberta-v3-base,Product,standardized,rag,"Pig, sow",1.0,18.0
1314,microsoft/deberta-v3-base,Product,standardized,rag,"Meat, beef cattle (liveweight)",0.0,3.0
1315,microsoft/deberta-v3-base,Product,standardized,rag,"Meat, beef cattle (liveweight)",0.0,5.0
1316,microsoft/deberta-v3-base,Product,standardized,rag,"Dairy cattle, heifer",0.0,6.0
1317,microsoft/deberta-v3-base,Product,standardized,rag,"Dairy cattle, heifer",0.0,6.0
1318,microsoft/deberta-v3-base,Product,standardized,rag,"Meat, sheep (cold carcass weight)",0.0,3.0
1319,microsoft/deberta-v3-base,Product,standardized,rag,"Meat, sheep (cold carcass weight)",0.0,3.0
1320,microsoft/deberta-v3-large,Product,standardized,rag,"Meat, beef cattle (cold carcass weight)",1.0,9.0
1321,microsoft/deberta-v3-large,Product,standardized,rag,"Meat, beef cattle (cold carcass weight)",1.0,12.0
1322,microsoft/deberta-v3-large,Product,standardized,rag,"Meat, pig (cold dressed carcass weight)",0.0,19.0
1323,microsoft/deberta-v3-large,Product,standardized,rag,"Meat, pig (cold dressed carcass weight)",0.0,19.0
1324,microsoft/deberta-v3-large,Product,standardized,rag,"Meat, chicken, breast",0.0,3.0
1325,microsoft/deberta-v3-large,Product,standardized,rag,"Meat, chicken, breast",0.0,4.0
1326,microsoft/deberta-v3-large,Product,standardized,rag,"Milk, cow, raw (FPCM)",1.0,30.0
1327,microsoft/deberta-v3-large,Product,standardized,rag,"Milk, cow, raw (FPCM)",1.0,35.0
1328,microsoft/deberta-v3-large,Product,standardized,rag,Broiler chicken,1.0,25.0
1329,microsoft/deberta-v3-large,Product,standardized,rag,Broiler chicken,1.0,32.0
1330,microsoft/deberta-v3-large,Product,standardized,rag,Beef cattle,1.0,187.0
1331,microsoft/deberta-v3-large,Product,standardized,rag,Beef cattle,1.0,181.0
1332,microsoft/deberta-v3-large,Product,standardized,rag,Hides,0.0,1.0
1333,microsoft/deberta-v3-large,Product,standardized,rag,Hides,0.0,1.0
1334,microsoft/deberta-v3-large,Product,standardized,rag,"Sheep, ewe",1.0,42.0
1335,microsoft/deberta-v3-large,Product,standardized,rag,"Sheep, ewe",1.0,38.0
1336,microsoft/deberta-v3-large,Product,standardized,rag,"Beef cattle, heifer",1.0,47.0
1337,microsoft/deberta-v3-large,Product,standardized,rag,"Beef cattle, heifer",1.0,43.0
1338,microsoft/deberta-v3-large,Product,standardized,rag,"Beef cattle, calf (female, weaned)",1.0,20.0
1339,microsoft/deberta-v3-large,Product,standardized,rag,"Beef cattle, calf (female, weaned)",1.0,24.0
1340,microsoft/deberta-v3-large,Product,standardized,rag,"Dairy cattle, calf (weaned)",0.0,5.0
1341,microsoft/deberta-v3-large,Product,standardized,rag,"Dairy cattle, calf (weaned)",0.0,4.0
1342,microsoft/deberta-v3-large,Product,standardized,rag,Cattle,0.0,6.0
1343,microsoft/deberta-v3-large,Product,standardized,rag,Cattle,0.0,5.0
1344,microsoft/deberta-v3-large,Product,standardized,rag,"Wool, sheep (greasy)",1.0,17.0
1345,microsoft/deberta-v3-large,Product,standardized,rag,"Wool, sheep (greasy)",1.0,15.0
1346,microsoft/deberta-v3-large,Product,standardized,rag,"Meat, dairy cattle (liveweight)",1.0,21.0
1347,microsoft/deberta-v3-large,Product,standardized,rag,"Meat, dairy cattle (liveweight)",1.0,17.0
1348,microsoft/deberta-v3-large,Product,standardized,rag,"Beef cattle, steer",1.0,53.0
1349,microsoft/deberta-v3-large,Product,standardized,rag,"Beef cattle, steer",1.0,49.0
1350,microsoft/deberta-v3-large,Product,standardized,rag,"Meat, sheep (liveweight)",0.0,5.0
1351,microsoft/deberta-v3-large,Product,standardized,rag,"Meat, sheep (liveweight)",0.0,5.0
1352,microsoft/deberta-v3-large,Product,standardized,rag,"Beef cattle, heifer and steer",1.0,3.0
1353,microsoft/deberta-v3-large,Product,standardized,rag,"Beef cattle, heifer and steer",1.0,3.0
1354,microsoft/deberta-v3-large,Product,standardized,rag,"Dairy cattle, cow",0.0,17.0
1355,microsoft/deberta-v3-large,Product,standardized,rag,"Dairy cattle, cow",0.0,14.0
1356,microsoft/deberta-v3-large,Product,standardized,rag,"Cattle, urine (kg mass)",0.0,6.0
1357,microsoft/deberta-v3-large,Product,standardized,rag,"Cattle, urine (kg mass)",0.0,5.0
1358,microsoft/deberta-v3-large,Product,standardized,rag,Dairy cattle,0.0,33.0
1359,microsoft/deberta-v3-large,Product,standardized,rag,Dairy cattle,0.0,29.0
1360,microsoft/deberta-v3-large,Product,standardized,rag,"Layer chicken, hen",0.0,8.0
1361,microsoft/deberta-v3-large,Product,standardized,rag,"Layer chicken, hen",0.0,6.0
1362,microsoft/deberta-v3-large,Product,standardized,rag,"Sheep, lamb (male, unweaned)",1.0,3.0
1363,microsoft/deberta-v3-large,Product,standardized,rag,"Sheep, lamb (male, unweaned)",1.0,4.0
1364,microsoft/deberta-v3-large,Product,standardized,rag,"Meat, chicken, wings",0.0,4.0
1365,microsoft/deberta-v3-large,Product,standardized,rag,"Meat, chicken, wings",0.0,3.0
1366,microsoft/deberta-v3-large,Product,standardized,rag,Wool,1.0,17.0
1367,microsoft/deberta-v3-large,Product,standardized,rag,Wool,1.0,15.0
1368,microsoft/deberta-v3-large,Product,standardized,rag,"Eggs, hen, in shell (number)",1.0,12.0
1369,microsoft/deberta-v3-large,Product,standardized,rag,"Eggs, hen, in shell (number)",1.0,15.0
1370,microsoft/deberta-v3-large,Product,standardized,rag,Pig,1.0,78.0
1371,microsoft/deberta-v3-large,Product,standardized,rag,Pig,1.0,93.0
1372,microsoft/deberta-v3-large,Product,standardized,rag,"Broiler chicken, hen",1.0,5.0
1373,microsoft/deberta-v3-large,Product,standardized,rag,"Broiler chicken, hen",1.0,5.0
1374,microsoft/deberta-v3-large,Product,standardized,rag,"Dairy cattle, calf (male, unweaned)",0.0,3.0
1375,microsoft/deberta-v3-large,Product,standardized,rag,"Dairy cattle, calf (male, unweaned)",0.0,3.0
1376,microsoft/deberta-v3-large,Product,standardized,rag,"Meat, dairy cattle (cold carcass weight)",0.0,2.0
1377,microsoft/deberta-v3-large,Product,standardized,rag,"Meat, dairy cattle (cold carcass weight)",0.0,2.0
1378,microsoft/deberta-v3-large,Product,standardized,rag,"Dairy cattle, calf",0.0,1.0
1379,microsoft/deberta-v3-large,Product,standardized,rag,"Dairy cattle, calf",0.0,1.0
1380,microsoft/deberta-v3-large,Product,standardized,rag,"Beef cattle, calf (male, weaned)",1.0,32.0
1381,microsoft/deberta-v3-large,Product,standardized,rag,"Beef cattle, calf (male, weaned)",1.0,28.0
1382,microsoft/deberta-v3-large,Product,standardized,rag,"Meat, beef cattle (cold dressed carcass weight)",1.0,7.0
1383,microsoft/deberta-v3-large,Product,standardized,rag,"Meat, beef cattle (cold dressed carcass weight)",1.0,7.0
1384,microsoft/deberta-v3-large,Product,standardized,rag,"Eggs, hen, in shell",1.0,8.0
1385,microsoft/deberta-v3-large,Product,standardized,rag,"Eggs, hen, in shell",1.0,14.0
1386,microsoft/deberta-v3-large,Product,standardized,rag,"Broiler chicken, chick",1.0,4.0
1387,microsoft/deberta-v3-large,Product,standardized,rag,"Broiler chicken, chick",1.0,10.0
1388,microsoft/deberta-v3-large,Product,standardized,rag,"Meat, chicken (liveweight)",0.0,4.0
1389,microsoft/deberta-v3-large,Product,standardized,rag,"Meat, chicken (liveweight)",0.0,9.0
1390,microsoft/deberta-v3-large,Product,standardized,rag,"Pig, piglet",1.0,20.0
1391,microsoft/deberta-v3-large,Product,standardized,rag,"Pig, piglet",1.0,26.0
1392,microsoft/deberta-v3-large,Product,standardized,rag,"Layer chicken, pullet",1.0,5.0
1393,microsoft/deberta-v3-large,Product,standardized,rag,"Layer chicken, pullet",1.0,5.0
1394,microsoft/deberta-v3-large,Product,standardized,rag,"Sheep, lamb (female, unweaned)",0.0,4.0
1395,microsoft/deberta-v3-large,Product,standardized,rag,"Sheep, lamb (female, unweaned)",0.0,4.0
1396,microsoft/deberta-v3-large,Product,standardized,rag,Milk,1.0,42.0
1397,microsoft/deberta-v3-large,Product,standardized,rag,Milk,1.0,50.0
1398,microsoft/deberta-v3-large,Product,standardized,rag,"Beef cattle, bull",1.0,16.0
1399,microsoft/deberta-v3-large,Product,standardized,rag,"Beef cattle, bull",1.0,19.0
1400,microsoft/deberta-v3-large,Product,standardized,rag,Eggs,1.0,20.0
1401,microsoft/deberta-v3-large,Product,standardized,rag,Eggs,1.0,29.0
1402,microsoft/deberta-v3-large,Product,standardized,rag,"Sheep, lamb",1.0,37.0
1403,microsoft/deberta-v3-large,Product,standardized,rag,"Sheep, lamb",1.0,36.0
1404,microsoft/deberta-v3-large,Product,standardized,rag,"Dairy cattle, calf (female, weaned)",0.0,1.0
1405,microsoft/deberta-v3-large,Product,standardized,rag,"Dairy cattle, calf (female, weaned)",0.0,1.0
1406,microsoft/deberta-v3-large,Product,standardized,rag,"Sheep, ram",1.0,25.0
1407,microsoft/deberta-v3-large,Product,standardized,rag,"Sheep, ram",1.0,27.0
1408,microsoft/deberta-v3-large,Product,standardized,rag,"Sheep, lamb (weaned)",1.0,30.0
1409,microsoft/deberta-v3-large,Product,standardized,rag,"Sheep, lamb (weaned)",1.0,22.0
1410,microsoft/deberta-v3-large,Product,standardized,rag,"Meat, chicken (cold carcass weight)",0.0,5.0
1411,microsoft/deberta-v3-large,Product,standardized,rag,"Meat, chicken (cold carcass weight)",0.0,5.0
1412,microsoft/deberta-v3-large,Product,standardized,rag,"Beef cattle, calf (weaned)",1.0,1.0
1413,microsoft/deberta-v3-large,Product,standardized,rag,"Beef cattle, calf (weaned)",1.0,1.0
1414,microsoft/deberta-v3-large,Product,standardized,rag,"Meat, chicken, leg",1.0,1.0
1415,microsoft/deberta-v3-large,Product,standardized,rag,"Meat, chicken, leg",1.0,2.0
1416,microsoft/deberta-v3-large,Product,standardized,rag,Sheep,1.0,142.0
1417,microsoft/deberta-v3-large,Product,standardized,rag,Sheep,1.0,133.0
1418,microsoft/deberta-v3-large,Product,standardized,rag,Layer chicken,1.0,18.0
1419,microsoft/deberta-v3-large,Product,standardized,rag,Layer chicken,1.0,17.0
1420,microsoft/deberta-v3-large,Product,standardized,rag,"Beef cattle, cow",1.0,12.0
1421,microsoft/deberta-v3-large,Product,standardized,rag,"Beef cattle, cow",1.0,10.0
1422,microsoft/deberta-v3-large,Product,standardized,rag,Poultry by-product meal,0.0,1.0
1423,microsoft/deberta-v3-large,Product,standardized,rag,Meat,1.0,86.0
1424,microsoft/deberta-v3-large,Product,standardized,rag,Meat,1.0,94.0
1425,microsoft/deberta-v3-large,Product,standardized,rag,"Milk, cow, raw",1.0,12.0
1426,microsoft/deberta-v3-large,Product,standardized,rag,"Milk, cow, raw",1.0,15.0
1427,microsoft/deberta-v3-large,Product,standardized,rag,"Hides, dairy cattle, fresh",0.0,1.0
1428,microsoft/deberta-v3-large,Product,standardized,rag,"Hides, dairy cattle, fresh",0.0,1.0
1429,microsoft/deberta-v3-large,Product,standardized,rag,"Pig, sow",1.0,19.0
1430,microsoft/deberta-v3-large,Product,standardized,rag,"Pig, sow",1.0,18.0
1431,microsoft/deberta-v3-large,Product,standardized,rag,"Meat, beef cattle (liveweight)",1.0,3.0
1432,microsoft/deberta-v3-large,Product,standardized,rag,"Meat, beef cattle (liveweight)",1.0,5.0
1433,microsoft/deberta-v3-large,Product,standardized,rag,"Dairy cattle, heifer",0.0,6.0
1434,microsoft/deberta-v3-large,Product,standardized,rag,"Dairy cattle, heifer",0.0,6.0
1435,microsoft/deberta-v3-large,Product,standardized,rag,"Meat, sheep (cold carcass weight)",0.0,3.0
1436,microsoft/deberta-v3-large,Product,standardized,rag,"Meat, sheep (cold carcass weight)",0.0,3.0
1437,microsoft/deberta-v3-small,Product,standardized,rag,"Meat, beef cattle (cold carcass weight)",1.0,9.0
1438,microsoft/deberta-v3-small,Product,standardized,rag,"Meat, beef cattle (cold carcass weight)",1.0,12.0
1439,microsoft/deberta-v3-small,Product,standardized,rag,"Meat, pig (cold dressed carcass weight)",0.0,19.0
1440,microsoft/deberta-v3-small,Product,standardized,rag,"Meat, pig (cold dressed carcass weight)",0.0,19.0
1441,microsoft/deberta-v3-small,Product,standardized,rag,"Meat, chicken, breast",0.0,3.0
1442,microsoft/deberta-v3-small,Product,standardized,rag,"Meat, chicken, breast",0.0,4.0
1443,microsoft/deberta-v3-small,Product,standardized,rag,"Milk, cow, raw (FPCM)",1.0,30.0
1444,microsoft/deberta-v3-small,Product,standardized,rag,"Milk, cow, raw (FPCM)",1.0,35.0
1445,microsoft/deberta-v3-small,Product,standardized,rag,Broiler chicken,1.0,25.0
1446,microsoft/deberta-v3-small,Product,standardized,rag,Broiler chicken,1.0,32.0
1447,microsoft/deberta-v3-small,Product,standardized,rag,Beef cattle,1.0,187.0
1448,microsoft/deberta-v3-small,Product,standardized,rag,Beef cattle,1.0,181.0
1449,microsoft/deberta-v3-small,Product,standardized,rag,Hides,0.0,1.0
1450,microsoft/deberta-v3-small,Product,standardized,rag,Hides,0.0,1.0
1451,microsoft/deberta-v3-small,Product,standardized,rag,"Sheep, ewe",1.0,42.0
1452,microsoft/deberta-v3-small,Product,standardized,rag,"Sheep, ewe",1.0,38.0
1453,microsoft/deberta-v3-small,Product,standardized,rag,"Beef cattle, heifer",0.8571428571428571,47.0
1454,microsoft/deberta-v3-small,Product,standardized,rag,"Beef cattle, heifer",0.8571428571428571,43.0
1455,microsoft/deberta-v3-small,Product,standardized,rag,"Beef cattle, calf (female, weaned)",1.0,20.0
1456,microsoft/deberta-v3-small,Product,standardized,rag,"Beef cattle, calf (female, weaned)",1.0,24.0
1457,microsoft/deberta-v3-small,Product,standardized,rag,"Dairy cattle, calf (weaned)",0.0,5.0
1458,microsoft/deberta-v3-small,Product,standardized,rag,"Dairy cattle, calf (weaned)",0.0,4.0
1459,microsoft/deberta-v3-small,Product,standardized,rag,Cattle,0.0,6.0
1460,microsoft/deberta-v3-small,Product,standardized,rag,Cattle,0.0,5.0
1461,microsoft/deberta-v3-small,Product,standardized,rag,"Wool, sheep (greasy)",1.0,17.0
1462,microsoft/deberta-v3-small,Product,standardized,rag,"Wool, sheep (greasy)",1.0,15.0
1463,microsoft/deberta-v3-small,Product,standardized,rag,"Meat, dairy cattle (liveweight)",1.0,21.0
1464,microsoft/deberta-v3-small,Product,standardized,rag,"Meat, dairy cattle (liveweight)",1.0,17.0
1465,microsoft/deberta-v3-small,Product,standardized,rag,"Beef cattle, steer",1.0,53.0
1466,microsoft/deberta-v3-small,Product,standardized,rag,"Beef cattle, steer",1.0,49.0
1467,microsoft/deberta-v3-small,Product,standardized,rag,"Meat, sheep (liveweight)",0.0,5.0
1468,microsoft/deberta-v3-small,Product,standardized,rag,"Meat, sheep (liveweight)",0.0,5.0
1469,microsoft/deberta-v3-small,Product,standardized,rag,"Beef cattle, heifer and steer",0.0,3.0
1470,microsoft/deberta-v3-small,Product,standardized,rag,"Beef cattle, heifer and steer",0.0,3.0
1471,microsoft/deberta-v3-small,Product,standardized,rag,"Dairy cattle, cow",0.0,17.0
1472,microsoft/deberta-v3-small,Product,standardized,rag,"Dairy cattle, cow",0.0,14.0
1473,microsoft/deberta-v3-small,Product,standardized,rag,"Cattle, urine (kg mass)",0.0,6.0
1474,microsoft/deberta-v3-small,Product,standardized,rag,"Cattle, urine (kg mass)",0.0,5.0
1475,microsoft/deberta-v3-small,Product,standardized,rag,Dairy cattle,0.0,33.0
1476,microsoft/deberta-v3-small,Product,standardized,rag,Dairy cattle,0.0,29.0
1477,microsoft/deberta-v3-small,Product,standardized,rag,"Layer chicken, hen",0.0,8.0
1478,microsoft/deberta-v3-small,Product,standardized,rag,"Layer chicken, hen",0.0,6.0
1479,microsoft/deberta-v3-small,Product,standardized,rag,"Sheep, lamb (male, unweaned)",0.0,3.0
1480,microsoft/deberta-v3-small,Product,standardized,rag,"Sheep, lamb (male, unweaned)",0.0,4.0
1481,microsoft/deberta-v3-small,Product,standardized,rag,"Meat, chicken, wings",0.0,4.0
1482,microsoft/deberta-v3-small,Product,standardized,rag,"Meat, chicken, wings",0.0,3.0
1483,microsoft/deberta-v3-small,Product,standardized,rag,Wool,1.0,17.0
1484,microsoft/deberta-v3-small,Product,standardized,rag,Wool,1.0,15.0
1485,microsoft/deberta-v3-small,Product,standardized,rag,"Eggs, hen, in shell (number)",1.0,12.0
1486,microsoft/deberta-v3-small,Product,standardized,rag,"Eggs, hen, in shell (number)",1.0,15.0
1487,microsoft/deberta-v3-small,Product,standardized,rag,Pig,1.0,78.0
1488,microsoft/deberta-v3-small,Product,standardized,rag,Pig,1.0,93.0
1489,microsoft/deberta-v3-small,Product,standardized,rag,"Broiler chicken, hen",0.0,5.0
1490,microsoft/deberta-v3-small,Product,standardized,rag,"Broiler chicken, hen",0.0,5.0
1491,microsoft/deberta-v3-small,Product,standardized,rag,"Dairy cattle, calf (male, unweaned)",0.0,3.0
1492,microsoft/deberta-v3-small,Product,standardized,rag,"Dairy cattle, calf (male, unweaned)",0.0,3.0
1493,microsoft/deberta-v3-small,Product,standardized,rag,"Meat, dairy cattle (cold carcass weight)",0.0,2.0
1494,microsoft/deberta-v3-small,Product,standardized,rag,"Meat, dairy cattle (cold carcass weight)",0.0,2.0
1495,microsoft/deberta-v3-small,Product,standardized,rag,"Dairy cattle, calf",0.0,1.0
1496,microsoft/deberta-v3-small,Product,standardized,rag,"Dairy cattle, calf",0.0,1.0
1497,microsoft/deberta-v3-small,Product,standardized,rag,"Beef cattle, calf (male, weaned)",1.0,32.0
1498,microsoft/deberta-v3-small,Product,standardized,rag,"Beef cattle, calf (male, weaned)",1.0,28.0
1499,microsoft/deberta-v3-small,Product,standardized,rag,"Meat, beef cattle (cold dressed carcass weight)",0.0,7.0
1500,microsoft/deberta-v3-small,Product,standardized,rag,"Meat, beef cattle (cold dressed carcass weight)",0.0,7.0
1501,microsoft/deberta-v3-small,Product,standardized,rag,"Eggs, hen, in shell",1.0,8.0
1502,microsoft/deberta-v3-small,Product,standardized,rag,"Eggs, hen, in shell",1.0,14.0
1503,microsoft/deberta-v3-small,Product,standardized,rag,"Broiler chicken, chick",0.0,4.0
1504,microsoft/deberta-v3-small,Product,standardized,rag,"Broiler chicken, chick",0.0,10.0
1505,microsoft/deberta-v3-small,Product,standardized,rag,"Meat, chicken (liveweight)",0.0,4.0
1506,microsoft/deberta-v3-small,Product,standardized,rag,"Meat, chicken (liveweight)",0.0,9.0
1507,microsoft/deberta-v3-small,Product,standardized,rag,"Pig, piglet",1.0,20.0
1508,microsoft/deberta-v3-small,Product,standardized,rag,"Pig, piglet",1.0,26.0
1509,microsoft/deberta-v3-small,Product,standardized,rag,"Layer chicken, pullet",1.0,5.0
1510,microsoft/deberta-v3-small,Product,standardized,rag,"Layer chicken, pullet",1.0,5.0
1511,microsoft/deberta-v3-small,Product,standardized,rag,"Sheep, lamb (female, unweaned)",0.0,4.0
1512,microsoft/deberta-v3-small,Product,standardized,rag,"Sheep, lamb (female, unweaned)",0.0,4.0
1513,microsoft/deberta-v3-small,Product,standardized,rag,Milk,1.0,42.0
1514,microsoft/deberta-v3-small,Product,standardized,rag,Milk,1.0,50.0
1515,microsoft/deberta-v3-small,Product,standardized,rag,"Beef cattle, bull",1.0,16.0
1516,microsoft/deberta-v3-small,Product,standardized,rag,"Beef cattle, bull",1.0,19.0
1517,microsoft/deberta-v3-small,Product,standardized,rag,Eggs,1.0,20.0
1518,microsoft/deberta-v3-small,Product,standardized,rag,Eggs,1.0,29.0
1519,microsoft/deberta-v3-small,Product,standardized,rag,"Sheep, lamb",1.0,37.0
1520,microsoft/deberta-v3-small,Product,standardized,rag,"Sheep, lamb",1.0,36.0
1521,microsoft/deberta-v3-small,Product,standardized,rag,"Dairy cattle, calf (female, weaned)",0.0,1.0
1522,microsoft/deberta-v3-small,Product,standardized,rag,"Dairy cattle, calf (female, weaned)",0.0,1.0
1523,microsoft/deberta-v3-small,Product,standardized,rag,"Sheep, ram",0.7142857142857143,25.0
1524,microsoft/deberta-v3-small,Product,standardized,rag,"Sheep, ram",0.7142857142857143,27.0
1525,microsoft/deberta-v3-small,Product,standardized,rag,"Sheep, lamb (weaned)",1.0,30.0
1526,microsoft/deberta-v3-small,Product,standardized,rag,"Sheep, lamb (weaned)",1.0,22.0
1527,microsoft/deberta-v3-small,Product,standardized,rag,"Meat, chicken (cold carcass weight)",0.0,5.0
1528,microsoft/deberta-v3-small,Product,standardized,rag,"Meat, chicken (cold carcass weight)",0.0,5.0
1529,microsoft/deberta-v3-small,Product,standardized,rag,"Beef cattle, calf (weaned)",0.0,1.0
1530,microsoft/deberta-v3-small,Product,standardized,rag,"Beef cattle, calf (weaned)",0.0,1.0
1531,microsoft/deberta-v3-small,Product,standardized,rag,"Meat, chicken, leg",0.0,1.0
1532,microsoft/deberta-v3-small,Product,standardized,rag,"Meat, chicken, leg",0.0,2.0
1533,microsoft/deberta-v3-small,Product,standardized,rag,Sheep,1.0,142.0
1534,microsoft/deberta-v3-small,Product,standardized,rag,Sheep,1.0,133.0
1535,microsoft/deberta-v3-small,Product,standardized,rag,Layer chicken,1.0,18.0
1536,microsoft/deberta-v3-small,Product,standardized,rag,Layer chicken,1.0,17.0
1537,microsoft/deberta-v3-small,Product,standardized,rag,"Beef cattle, cow",1.0,12.0
1538,microsoft/deberta-v3-small,Product,standardized,rag,"Beef cattle, cow",1.0,10.0
1539,microsoft/deberta-v3-small,Product,standardized,rag,Poultry by-product meal,0.0,1.0
1540,microsoft/deberta-v3-small,Product,standardized,rag,Meat,1.0,86.0
1541,microsoft/deberta-v3-small,Product,standardized,rag,Meat,1.0,94.0
1542,microsoft/deberta-v3-small,Product,standardized,rag,"Milk, cow, raw",1.0,12.0
1543,microsoft/deberta-v3-small,Product,standardized,rag,"Milk, cow, raw",1.0,15.0
1544,microsoft/deberta-v3-small,Product,standardized,rag,"Hides, dairy cattle, fresh",0.0,1.0
1545,microsoft/deberta-v3-small,Product,standardized,rag,"Hides, dairy cattle, fresh",0.0,1.0
1546,microsoft/deberta-v3-small,Product,standardized,rag,"Pig, sow",1.0,19.0
1547,microsoft/deberta-v3-small,Product,standardized,rag,"Pig, sow",1.0,18.0
1548,microsoft/deberta-v3-small,Product,standardized,rag,"Meat, beef cattle (liveweight)",0.0,3.0
1549,microsoft/deberta-v3-small,Product,standardized,rag,"Meat, beef cattle (liveweight)",0.0,5.0
1550,microsoft/deberta-v3-small,Product,standardized,rag,"Dairy cattle, heifer",0.0,6.0
1551,microsoft/deberta-v3-small,Product,standardized,rag,"Dairy cattle, heifer",0.0,6.0
1552,microsoft/deberta-v3-small,Product,standardized,rag,"Meat, sheep (cold carcass weight)",0.0,3.0
1553,microsoft/deberta-v3-small,Product,standardized,rag,"Meat, sheep (cold carcass weight)",0.0,3.0
1554,climatebert/distilroberta-base-climate-f,System Boundary,standardized,rag,True_animalFeed,1.0,611.0
1555,climatebert/distilroberta-base-climate-f,System Boundary,standardized,rag,True_animalFeed,1.0,628.0
1556,climatebert/distilroberta-base-climate-f,System Boundary,standardized,rag,True_water,1.0,141.0
1557,climatebert/distilroberta-base-climate-f,System Boundary,standardized,rag,True_water,1.0,157.0
1558,climatebert/distilroberta-base-climate-f,System Boundary,standardized,rag,True_liveAnimalInput,1.0,582.0
1559,climatebert/distilroberta-base-climate-f,System Boundary,standardized,rag,True_liveAnimalInput,1.0,613.0
1560,climatebert/distilroberta-base-climate-f,System Boundary,standardized,rag,True_electricityFuel,1.0,452.0
1561,climatebert/distilroberta-base-climate-f,System Boundary,standardized,rag,True_electricityFuel,1.0,440.0
1562,climatebert/distilroberta-base-climate-f,System Boundary,standardized,rag,True_transport,0.875,37.0
1563,climatebert/distilroberta-base-climate-f,System Boundary,standardized,rag,True_transport,0.875,44.0
1564,climatebert/distilroberta-base-climate-f,System Boundary,standardized,rag,True_pesticideVeterinaryDrug,1.0,336.0
1565,climatebert/distilroberta-base-climate-f,System Boundary,standardized,rag,True_pesticideVeterinaryDrug,1.0,328.0
1566,climatebert/distilroberta-base-climate-f,System Boundary,standardized,rag,True_seed,1.0,587.0
1567,climatebert/distilroberta-base-climate-f,System Boundary,standardized,rag,True_seed,1.0,602.0
1568,climatebert/distilroberta-base-climate-f,System Boundary,standardized,rag,True_otherChemical,1.0,595.0
1569,climatebert/distilroberta-base-climate-f,System Boundary,standardized,rag,True_otherChemical,1.0,615.0
1570,climatebert/distilroberta-base-climate-f,System Boundary,standardized,rag,True_animalPopulation,1.0,620.0
1571,climatebert/distilroberta-base-climate-f,System Boundary,standardized,rag,True_animalPopulation,1.0,637.0
1572,climatebert/distilroberta-base-climate-f,System Boundary,standardized,rag,True_freshForage,0.972972972972973,574.0
1573,climatebert/distilroberta-base-climate-f,System Boundary,standardized,rag,True_freshForage,0.972972972972973,358.0
1574,climatebert/distilroberta-base-climate-f,System Boundary,standardized,rag,True_excreta,1.0,146.0
1575,climatebert/distilroberta-base-climate-f,System Boundary,standardized,rag,True_excreta,1.0,161.0
1576,climatebert/distilroberta-base-climate-f,System Boundary,standardized,rag,True_product,1.0,611.0
1577,climatebert/distilroberta-base-climate-f,System Boundary,standardized,rag,True_product,1.0,632.0
1578,climatebert/distilroberta-base-climate-f,System Boundary,standardized,rag,True_waste,1.0,68.0
1579,climatebert/distilroberta-base-climate-f,System Boundary,standardized,rag,True_waste,1.0,68.0
1580,climatebert/distilroberta-base-climate-f,System Boundary,standardized,rag,True_soilAmendment,0.9861111111111112,606.0
1581,climatebert/distilroberta-base-climate-f,System Boundary,standardized,rag,True_soilAmendment,0.9861111111111112,622.0
1582,climatebert/distilroberta-base-climate-f,System Boundary,standardized,rag,True_operation,1.0,239.0
1583,climatebert/distilroberta-base-climate-f,System Boundary,standardized,rag,True_operation,1.0,225.0
1584,climatebert/distilroberta-base-climate-f,System Boundary,standardized,rag,True_fertiliser,1.0,615.0
1585,climatebert/distilroberta-base-climate-f,System Boundary,standardized,rag,True_fertiliser,1.0,632.0
1586,climatebert/distilroberta-base-climate-f,System Boundary,standardized,rag,True_material,0.0,5.0
1587,climatebert/distilroberta-base-climate-f,System Boundary,standardized,rag,True_material,0.0,9.0
1588,climatebert/distilroberta-base-climate-f,System Boundary,standardized,rag,True_ingredient,1.0,654.0
1589,climatebert/distilroberta-base-climate-f,System Boundary,standardized,rag,True_ingredient,1.0,678.0
1590,climatebert/distilroberta-base-climate-f,System Boundary,standardized,rag,True_cropResidue,1.0,400.0
1591,climatebert/distilroberta-base-climate-f,System Boundary,standardized,rag,True_cropResidue,1.0,436.0
1592,ESGBERT/EnvironmentalBERT-base,System Boundary,standardized,rag,True_animalFeed,1.0,611.0
1593,ESGBERT/EnvironmentalBERT-base,System Boundary,standardized,rag,True_animalFeed,1.0,628.0
1594,ESGBERT/EnvironmentalBERT-base,System Boundary,standardized,rag,True_water,1.0,141.0
1595,ESGBERT/EnvironmentalBERT-base,System Boundary,standardized,rag,True_water,1.0,157.0
1596,ESGBERT/EnvironmentalBERT-base,System Boundary,standardized,rag,True_liveAnimalInput,1.0,582.0
1597,ESGBERT/EnvironmentalBERT-base,System Boundary,standardized,rag,True_liveAnimalInput,1.0,613.0
1598,ESGBERT/EnvironmentalBERT-base,System Boundary,standardized,rag,True_electricityFuel,1.0,452.0
1599,ESGBERT/EnvironmentalBERT-base,System Boundary,standardized,rag,True_electricityFuel,1.0,440.0
1600,ESGBERT/EnvironmentalBERT-base,System Boundary,standardized,rag,True_transport,0.875,37.0
1601,ESGBERT/EnvironmentalBERT-base,System Boundary,standardized,rag,True_transport,0.875,44.0
1602,ESGBERT/EnvironmentalBERT-base,System Boundary,standardized,rag,True_pesticideVeterinaryDrug,1.0,336.0
1603,ESGBERT/EnvironmentalBERT-base,System Boundary,standardized,rag,True_pesticideVeterinaryDrug,1.0,328.0
1604,ESGBERT/EnvironmentalBERT-base,System Boundary,standardized,rag,True_seed,1.0,587.0
1605,ESGBERT/EnvironmentalBERT-base,System Boundary,standardized,rag,True_seed,1.0,602.0
1606,ESGBERT/EnvironmentalBERT-base,System Boundary,standardized,rag,True_otherChemical,1.0,595.0
1607,ESGBERT/EnvironmentalBERT-base,System Boundary,standardized,rag,True_otherChemical,1.0,615.0
1608,ESGBERT/EnvironmentalBERT-base,System Boundary,standardized,rag,True_animalPopulation,1.0,620.0
1609,ESGBERT/EnvironmentalBERT-base,System Boundary,standardized,rag,True_animalPopulation,1.0,637.0
1610,ESGBERT/EnvironmentalBERT-base,System Boundary,standardized,rag,True_freshForage,0.9861111111111112,574.0
1611,ESGBERT/EnvironmentalBERT-base,System Boundary,standardized,rag,True_freshForage,0.9861111111111112,358.0
1612,ESGBERT/EnvironmentalBERT-base,System Boundary,standardized,rag,True_excreta,1.0,146.0
1613,ESGBERT/EnvironmentalBERT-base,System Boundary,standardized,rag,True_excreta,1.0,161.0
1614,ESGBERT/EnvironmentalBERT-base,System Boundary,standardized,rag,True_product,1.0,611.0
1615,ESGBERT/EnvironmentalBERT-base,System Boundary,standardized,rag,True_product,1.0,632.0
1616,ESGBERT/EnvironmentalBERT-base,System Boundary,standardized,rag,True_waste,1.0,68.0
1617,ESGBERT/EnvironmentalBERT-base,System Boundary,standardized,rag,True_waste,1.0,68.0
1618,ESGBERT/EnvironmentalBERT-base,System Boundary,standardized,rag,True_soilAmendment,1.0,606.0
1619,ESGBERT/EnvironmentalBERT-base,System Boundary,standardized,rag,True_soilAmendment,1.0,622.0
1620,ESGBERT/EnvironmentalBERT-base,System Boundary,standardized,rag,True_operation,1.0,239.0
1621,ESGBERT/EnvironmentalBERT-base,System Boundary,standardized,rag,True_operation,1.0,225.0
1622,ESGBERT/EnvironmentalBERT-base,System Boundary,standardized,rag,True_fertiliser,1.0,615.0
1623,ESGBERT/EnvironmentalBERT-base,System Boundary,standardized,rag,True_fertiliser,1.0,632.0
1624,ESGBERT/EnvironmentalBERT-base,System Boundary,standardized,rag,True_material,0.0,5.0
1625,ESGBERT/EnvironmentalBERT-base,System Boundary,standardized,rag,True_material,0.0,9.0
1626,ESGBERT/EnvironmentalBERT-base,System Boundary,standardized,rag,True_ingredient,1.0,654.0
1627,ESGBERT/EnvironmentalBERT-base,System Boundary,standardized,rag,True_ingredient,1.0,678.0
1628,ESGBERT/EnvironmentalBERT-base,System Boundary,standardized,rag,True_cropResidue,1.0,400.0
1629,ESGBERT/EnvironmentalBERT-base,System Boundary,standardized,rag,True_cropResidue,1.0,436.0
1630,FacebookAI/roberta-large,System Boundary,standardized,rag,True_animalFeed,1.0,611.0
1631,FacebookAI/roberta-large,System Boundary,standardized,rag,True_animalFeed,1.0,628.0
1632,FacebookAI/roberta-large,System Boundary,standardized,rag,True_water,0.875,141.0
1633,FacebookAI/roberta-large,System Boundary,standardized,rag,True_water,0.875,157.0
1634,FacebookAI/roberta-large,System Boundary,standardized,rag,True_liveAnimalInput,0.9868421052631579,582.0
1635,FacebookAI/roberta-large,System Boundary,standardized,rag,True_liveAnimalInput,0.9868421052631579,613.0
1636,FacebookAI/roberta-large,System Boundary,standardized,rag,True_electricityFuel,1.0,452.0
1637,FacebookAI/roberta-large,System Boundary,standardized,rag,True_electricityFuel,1.0,440.0
1638,FacebookAI/roberta-large,System Boundary,standardized,rag,True_transport,0.875,37.0
1639,FacebookAI/roberta-large,System Boundary,standardized,rag,True_transport,0.875,44.0
1640,FacebookAI/roberta-large,System Boundary,standardized,rag,True_pesticideVeterinaryDrug,0.9743589743589743,336.0
1641,FacebookAI/roberta-large,System Boundary,standardized,rag,True_pesticideVeterinaryDrug,0.9743589743589743,328.0
1642,FacebookAI/roberta-large,System Boundary,standardized,rag,True_seed,1.0,587.0
1643,FacebookAI/roberta-large,System Boundary,standardized,rag,True_seed,1.0,602.0
1644,FacebookAI/roberta-large,System Boundary,standardized,rag,True_otherChemical,1.0,595.0
1645,FacebookAI/roberta-large,System Boundary,standardized,rag,True_otherChemical,1.0,615.0
1646,FacebookAI/roberta-large,System Boundary,standardized,rag,True_animalPopulation,1.0,620.0
1647,FacebookAI/roberta-large,System Boundary,standardized,rag,True_animalPopulation,1.0,637.0
1648,FacebookAI/roberta-large,System Boundary,standardized,rag,True_freshForage,0.9863013698630136,574.0
1649,FacebookAI/roberta-large,System Boundary,standardized,rag,True_freshForage,0.9863013698630136,358.0
1650,FacebookAI/roberta-large,System Boundary,standardized,rag,True_excreta,1.0,146.0
1651,FacebookAI/roberta-large,System Boundary,standardized,rag,True_excreta,1.0,161.0
1652,FacebookAI/roberta-large,System Boundary,standardized,rag,True_product,1.0,611.0
1653,FacebookAI/roberta-large,System Boundary,standardized,rag,True_product,1.0,632.0
1654,FacebookAI/roberta-large,System Boundary,standardized,rag,True_waste,1.0,68.0
1655,FacebookAI/roberta-large,System Boundary,standardized,rag,True_waste,1.0,68.0
1656,FacebookAI/roberta-large,System Boundary,standardized,rag,True_soilAmendment,1.0,606.0
1657,FacebookAI/roberta-large,System Boundary,standardized,rag,True_soilAmendment,1.0,622.0
1658,FacebookAI/roberta-large,System Boundary,standardized,rag,True_operation,1.0,239.0
1659,FacebookAI/roberta-large,System Boundary,standardized,rag,True_operation,1.0,225.0
1660,FacebookAI/roberta-large,System Boundary,standardized,rag,True_fertiliser,1.0,615.0
1661,FacebookAI/roberta-large,System Boundary,standardized,rag,True_fertiliser,1.0,632.0
1662,FacebookAI/roberta-large,System Boundary,standardized,rag,True_material,0.0,5.0
1663,FacebookAI/roberta-large,System Boundary,standardized,rag,True_material,0.0,9.0
1664,FacebookAI/roberta-large,System Boundary,standardized,rag,True_ingredient,1.0,654.0
1665,FacebookAI/roberta-large,System Boundary,standardized,rag,True_ingredient,1.0,678.0
1666,FacebookAI/roberta-large,System Boundary,standardized,rag,True_cropResidue,0.9583333333333334,400.0
1667,FacebookAI/roberta-large,System Boundary,standardized,rag,True_cropResidue,0.9583333333333334,436.0
1668,google-bert/bert-base-uncased,System Boundary,standardized,rag,True_animalFeed,1.0,611.0
1669,google-bert/bert-base-uncased,System Boundary,standardized,rag,True_animalFeed,1.0,628.0
1670,google-bert/bert-base-uncased,System Boundary,standardized,rag,True_water,1.0,141.0
1671,google-bert/bert-base-uncased,System Boundary,standardized,rag,True_water,1.0,157.0
1672,google-bert/bert-base-uncased,System Boundary,standardized,rag,True_liveAnimalInput,0.9866666666666667,582.0
1673,google-bert/bert-base-uncased,System Boundary,standardized,rag,True_liveAnimalInput,0.9866666666666667,613.0
1674,google-bert/bert-base-uncased,System Boundary,standardized,rag,True_electricityFuel,0.9807692307692307,452.0
1675,google-bert/bert-base-uncased,System Boundary,standardized,rag,True_electricityFuel,0.9807692307692307,440.0
1676,google-bert/bert-base-uncased,System Boundary,standardized,rag,True_transport,0.875,37.0
1677,google-bert/bert-base-uncased,System Boundary,standardized,rag,True_transport,0.875,44.0
1678,google-bert/bert-base-uncased,System Boundary,standardized,rag,True_pesticideVeterinaryDrug,1.0,336.0
1679,google-bert/bert-base-uncased,System Boundary,standardized,rag,True_pesticideVeterinaryDrug,1.0,328.0
1680,google-bert/bert-base-uncased,System Boundary,standardized,rag,True_seed,1.0,587.0
1681,google-bert/bert-base-uncased,System Boundary,standardized,rag,True_seed,1.0,602.0
1682,google-bert/bert-base-uncased,System Boundary,standardized,rag,True_otherChemical,1.0,595.0
1683,google-bert/bert-base-uncased,System Boundary,standardized,rag,True_otherChemical,1.0,615.0
1684,google-bert/bert-base-uncased,System Boundary,standardized,rag,True_animalPopulation,1.0,620.0
1685,google-bert/bert-base-uncased,System Boundary,standardized,rag,True_animalPopulation,1.0,637.0
1686,google-bert/bert-base-uncased,System Boundary,standardized,rag,True_freshForage,0.972972972972973,574.0
1687,google-bert/bert-base-uncased,System Boundary,standardized,rag,True_freshForage,0.972972972972973,358.0
1688,google-bert/bert-base-uncased,System Boundary,standardized,rag,True_excreta,1.0,146.0
1689,google-bert/bert-base-uncased,System Boundary,standardized,rag,True_excreta,1.0,161.0
1690,google-bert/bert-base-uncased,System Boundary,standardized,rag,True_product,1.0,611.0
1691,google-bert/bert-base-uncased,System Boundary,standardized,rag,True_product,1.0,632.0
1692,google-bert/bert-base-uncased,System Boundary,standardized,rag,True_waste,1.0,68.0
1693,google-bert/bert-base-uncased,System Boundary,standardized,rag,True_waste,1.0,68.0
1694,google-bert/bert-base-uncased,System Boundary,standardized,rag,True_soilAmendment,0.9861111111111112,606.0
1695,google-bert/bert-base-uncased,System Boundary,standardized,rag,True_soilAmendment,0.9861111111111112,622.0
1696,google-bert/bert-base-uncased,System Boundary,standardized,rag,True_operation,1.0,239.0
1697,google-bert/bert-base-uncased,System Boundary,standardized,rag,True_operation,1.0,225.0
1698,google-bert/bert-base-uncased,System Boundary,standardized,rag,True_fertiliser,1.0,615.0
1699,google-bert/bert-base-uncased,System Boundary,standardized,rag,True_fertiliser,1.0,632.0
1700,google-bert/bert-base-uncased,System Boundary,standardized,rag,True_material,0.0,5.0
1701,google-bert/bert-base-uncased,System Boundary,standardized,rag,True_material,0.0,9.0
1702,google-bert/bert-base-uncased,System Boundary,standardized,rag,True_ingredient,1.0,654.0
1703,google-bert/bert-base-uncased,System Boundary,standardized,rag,True_ingredient,1.0,678.0
1704,google-bert/bert-base-uncased,System Boundary,standardized,rag,True_cropResidue,0.9583333333333334,400.0
1705,google-bert/bert-base-uncased,System Boundary,standardized,rag,True_cropResidue,0.9583333333333334,436.0
1706,microsoft/deberta-v3-base,System Boundary,standardized,rag,True_animalFeed,1.0,611.0
1707,microsoft/deberta-v3-base,System Boundary,standardized,rag,True_animalFeed,1.0,628.0
1708,microsoft/deberta-v3-base,System Boundary,standardized,rag,True_water,0.8666666666666667,141.0
1709,microsoft/deberta-v3-base,System Boundary,standardized,rag,True_water,0.8666666666666667,157.0
1710,microsoft/deberta-v3-base,System Boundary,standardized,rag,True_liveAnimalInput,1.0,582.0
1711,microsoft/deberta-v3-base,System Boundary,standardized,rag,True_liveAnimalInput,1.0,613.0
1712,microsoft/deberta-v3-base,System Boundary,standardized,rag,True_electricityFuel,1.0,452.0
1713,microsoft/deberta-v3-base,System Boundary,standardized,rag,True_electricityFuel,1.0,440.0
1714,microsoft/deberta-v3-base,System Boundary,standardized,rag,True_transport,0.8333333333333334,37.0
1715,microsoft/deberta-v3-base,System Boundary,standardized,rag,True_transport,0.8333333333333334,44.0
1716,microsoft/deberta-v3-base,System Boundary,standardized,rag,True_pesticideVeterinaryDrug,1.0,336.0
1717,microsoft/deberta-v3-base,System Boundary,standardized,rag,True_pesticideVeterinaryDrug,1.0,328.0
1718,microsoft/deberta-v3-base,System Boundary,standardized,rag,True_seed,0.9861111111111112,587.0
1719,microsoft/deberta-v3-base,System Boundary,standardized,rag,True_seed,0.9861111111111112,602.0
1720,microsoft/deberta-v3-base,System Boundary,standardized,rag,True_otherChemical,1.0,595.0
1721,microsoft/deberta-v3-base,System Boundary,standardized,rag,True_otherChemical,1.0,615.0
1722,microsoft/deberta-v3-base,System Boundary,standardized,rag,True_animalPopulation,1.0,620.0
1723,microsoft/deberta-v3-base,System Boundary,standardized,rag,True_animalPopulation,1.0,637.0
1724,microsoft/deberta-v3-base,System Boundary,standardized,rag,True_freshForage,0.9863013698630136,574.0
1725,microsoft/deberta-v3-base,System Boundary,standardized,rag,True_freshForage,0.9863013698630136,358.0
1726,microsoft/deberta-v3-base,System Boundary,standardized,rag,True_excreta,1.0,146.0
1727,microsoft/deberta-v3-base,System Boundary,standardized,rag,True_excreta,1.0,161.0
1728,microsoft/deberta-v3-base,System Boundary,standardized,rag,True_product,0.9863013698630136,611.0
1729,microsoft/deberta-v3-base,System Boundary,standardized,rag,True_product,0.9863013698630136,632.0
1730,microsoft/deberta-v3-base,System Boundary,standardized,rag,True_waste,1.0,68.0
1731,microsoft/deberta-v3-base,System Boundary,standardized,rag,True_waste,1.0,68.0
1732,microsoft/deberta-v3-base,System Boundary,standardized,rag,True_soilAmendment,0.9861111111111112,606.0
1733,microsoft/deberta-v3-base,System Boundary,standardized,rag,True_soilAmendment,0.9861111111111112,622.0
1734,microsoft/deberta-v3-base,System Boundary,standardized,rag,True_operation,1.0,239.0
1735,microsoft/deberta-v3-base,System Boundary,standardized,rag,True_operation,1.0,225.0
1736,microsoft/deberta-v3-base,System Boundary,standardized,rag,True_fertiliser,0.9861111111111112,615.0
1737,microsoft/deberta-v3-base,System Boundary,standardized,rag,True_fertiliser,0.9861111111111112,632.0
1738,microsoft/deberta-v3-base,System Boundary,standardized,rag,True_material,0.0,5.0
1739,microsoft/deberta-v3-base,System Boundary,standardized,rag,True_material,0.0,9.0
1740,microsoft/deberta-v3-base,System Boundary,standardized,rag,True_ingredient,1.0,654.0
1741,microsoft/deberta-v3-base,System Boundary,standardized,rag,True_ingredient,1.0,678.0
1742,microsoft/deberta-v3-base,System Boundary,standardized,rag,True_cropResidue,0.9574468085106383,400.0
1743,microsoft/deberta-v3-base,System Boundary,standardized,rag,True_cropResidue,0.9574468085106383,436.0
1744,microsoft/deberta-v3-large,System Boundary,standardized,rag,True_animalFeed,1.0,611.0
1745,microsoft/deberta-v3-large,System Boundary,standardized,rag,True_animalFeed,1.0,628.0
1746,microsoft/deberta-v3-large,System Boundary,standardized,rag,True_water,1.0,141.0
1747,microsoft/deberta-v3-large,System Boundary,standardized,rag,True_water,1.0,157.0
1748,microsoft/deberta-v3-large,System Boundary,standardized,rag,True_liveAnimalInput,1.0,582.0
1749,microsoft/deberta-v3-large,System Boundary,standardized,rag,True_liveAnimalInput,1.0,613.0
1750,microsoft/deberta-v3-large,System Boundary,standardized,rag,True_electricityFuel,0.9803921568627451,452.0
1751,microsoft/deberta-v3-large,System Boundary,standardized,rag,True_electricityFuel,0.9803921568627451,440.0
1752,microsoft/deberta-v3-large,System Boundary,standardized,rag,True_transport,0.875,37.0
1753,microsoft/deberta-v3-large,System Boundary,standardized,rag,True_transport,0.875,44.0
1754,microsoft/deberta-v3-large,System Boundary,standardized,rag,True_pesticideVeterinaryDrug,1.0,336.0
1755,microsoft/deberta-v3-large,System Boundary,standardized,rag,True_pesticideVeterinaryDrug,1.0,328.0
1756,microsoft/deberta-v3-large,System Boundary,standardized,rag,True_seed,1.0,587.0
1757,microsoft/deberta-v3-large,System Boundary,standardized,rag,True_seed,1.0,602.0
1758,microsoft/deberta-v3-large,System Boundary,standardized,rag,True_otherChemical,1.0,595.0
1759,microsoft/deberta-v3-large,System Boundary,standardized,rag,True_otherChemical,1.0,615.0
1760,microsoft/deberta-v3-large,System Boundary,standardized,rag,True_animalPopulation,1.0,620.0
1761,microsoft/deberta-v3-large,System Boundary,standardized,rag,True_animalPopulation,1.0,637.0
1762,microsoft/deberta-v3-large,System Boundary,standardized,rag,True_freshForage,0.9863013698630136,574.0
1763,microsoft/deberta-v3-large,System Boundary,standardized,rag,True_freshForage,0.9863013698630136,358.0
1764,microsoft/deberta-v3-large,System Boundary,standardized,rag,True_excreta,1.0,146.0
1765,microsoft/deberta-v3-large,System Boundary,standardized,rag,True_excreta,1.0,161.0
1766,microsoft/deberta-v3-large,System Boundary,standardized,rag,True_product,1.0,611.0
1767,microsoft/deberta-v3-large,System Boundary,standardized,rag,True_product,1.0,632.0
1768,microsoft/deberta-v3-large,System Boundary,standardized,rag,True_waste,1.0,68.0
1769,microsoft/deberta-v3-large,System Boundary,standardized,rag,True_waste,1.0,68.0
1770,microsoft/deberta-v3-large,System Boundary,standardized,rag,True_soilAmendment,1.0,606.0
1771,microsoft/deberta-v3-large,System Boundary,standardized,rag,True_soilAmendment,1.0,622.0
1772,microsoft/deberta-v3-large,System Boundary,standardized,rag,True_operation,1.0,239.0
1773,microsoft/deberta-v3-large,System Boundary,standardized,rag,True_operation,1.0,225.0
1774,microsoft/deberta-v3-large,System Boundary,standardized,rag,True_fertiliser,1.0,615.0
1775,microsoft/deberta-v3-large,System Boundary,standardized,rag,True_fertiliser,1.0,632.0
1776,microsoft/deberta-v3-large,System Boundary,standardized,rag,True_material,0.0,5.0
1777,microsoft/deberta-v3-large,System Boundary,standardized,rag,True_material,0.0,9.0
1778,microsoft/deberta-v3-large,System Boundary,standardized,rag,True_ingredient,1.0,654.0
1779,microsoft/deberta-v3-large,System Boundary,standardized,rag,True_ingredient,1.0,678.0
1780,microsoft/deberta-v3-large,System Boundary,standardized,rag,True_cropResidue,0.98,400.0
1781,microsoft/deberta-v3-large,System Boundary,standardized,rag,True_cropResidue,0.98,436.0
1782,microsoft/deberta-v3-small,System Boundary,standardized,rag,True_animalFeed,1.0,611.0
1783,microsoft/deberta-v3-small,System Boundary,standardized,rag,True_animalFeed,1.0,628.0
1784,microsoft/deberta-v3-small,System Boundary,standardized,rag,True_water,1.0,141.0
1785,microsoft/deberta-v3-small,System Boundary,standardized,rag,True_water,1.0,157.0
1786,microsoft/deberta-v3-small,System Boundary,standardized,rag,True_liveAnimalInput,1.0,582.0
1787,microsoft/deberta-v3-small,System Boundary,standardized,rag,True_liveAnimalInput,1.0,613.0
1788,microsoft/deberta-v3-small,System Boundary,standardized,rag,True_electricityFuel,0.9807692307692307,452.0
1789,microsoft/deberta-v3-small,System Boundary,standardized,rag,True_electricityFuel,0.9807692307692307,440.0
1790,microsoft/deberta-v3-small,System Boundary,standardized,rag,True_transport,1.0,37.0
1791,microsoft/deberta-v3-small,System Boundary,standardized,rag,True_transport,1.0,44.0
1792,microsoft/deberta-v3-small,System Boundary,standardized,rag,True_pesticideVeterinaryDrug,1.0,336.0
1793,microsoft/deberta-v3-small,System Boundary,standardized,rag,True_pesticideVeterinaryDrug,1.0,328.0
1794,microsoft/deberta-v3-small,System Boundary,standardized,rag,True_seed,1.0,587.0
1795,microsoft/deberta-v3-small,System Boundary,standardized,rag,True_seed,1.0,602.0
1796,microsoft/deberta-v3-small,System Boundary,standardized,rag,True_otherChemical,1.0,595.0
1797,microsoft/deberta-v3-small,System Boundary,standardized,rag,True_otherChemical,1.0,615.0
1798,microsoft/deberta-v3-small,System Boundary,standardized,rag,True_animalPopulation,1.0,620.0
1799,microsoft/deberta-v3-small,System Boundary,standardized,rag,True_animalPopulation,1.0,637.0
1800,microsoft/deberta-v3-small,System Boundary,standardized,rag,True_freshForage,0.9861111111111112,574.0
1801,microsoft/deberta-v3-small,System Boundary,standardized,rag,True_freshForage,0.9861111111111112,358.0
1802,microsoft/deberta-v3-small,System Boundary,standardized,rag,True_excreta,1.0,146.0
1803,microsoft/deberta-v3-small,System Boundary,standardized,rag,True_excreta,1.0,161.0
1804,microsoft/deberta-v3-small,System Boundary,standardized,rag,True_product,0.9868421052631579,611.0
1805,microsoft/deberta-v3-small,System Boundary,standardized,rag,True_product,0.9868421052631579,632.0
1806,microsoft/deberta-v3-small,System Boundary,standardized,rag,True_waste,1.0,68.0
1807,microsoft/deberta-v3-small,System Boundary,standardized,rag,True_waste,1.0,68.0
1808,microsoft/deberta-v3-small,System Boundary,standardized,rag,True_soilAmendment,0.9861111111111112,606.0
1809,microsoft/deberta-v3-small,System Boundary,standardized,rag,True_soilAmendment,0.9861111111111112,622.0
1810,microsoft/deberta-v3-small,System Boundary,standardized,rag,True_operation,1.0,239.0
1811,microsoft/deberta-v3-small,System Boundary,standardized,rag,True_operation,1.0,225.0
1812,microsoft/deberta-v3-small,System Boundary,standardized,rag,True_fertiliser,0.972972972972973,615.0
1813,microsoft/deberta-v3-small,System Boundary,standardized,rag,True_fertiliser,0.972972972972973,632.0
1814,microsoft/deberta-v3-small,System Boundary,standardized,rag,True_material,0.0,5.0
1815,microsoft/deberta-v3-small,System Boundary,standardized,rag,True_material,0.0,9.0
1816,microsoft/deberta-v3-small,System Boundary,standardized,rag,True_ingredient,1.0,654.0
1817,microsoft/deberta-v3-small,System Boundary,standardized,rag,True_ingredient,1.0,678.0
1818,microsoft/deberta-v3-small,System Boundary,standardized,rag,True_cropResidue,0.9782608695652174,400.0
1819,microsoft/deberta-v3-small,System Boundary,standardized,rag,True_cropResidue,0.9782608695652174,436.0
