,model,dataset,dataset_type,RAG,label,precision,count
0,climatebert/distilroberta-base-climate-f,Allocation,original,no rag,economic,0.9836065573770492,463.0
1,climatebert/distilroberta-base-climate-f,Allocation,original,no rag,energy,0.0,
2,climatebert/distilroberta-base-climate-f,Allocation,original,no rag,none required,0.625,122.0
3,climatebert/distilroberta-base-climate-f,Allocation,original,no rag,none,0.6666666666666666,67.0
4,climatebert/distilroberta-base-climate-f,Allocation,original,no rag,mass,0.0,7.0
5,climatebert/distilroberta-base-climate-f,Allocation,original,no rag,biophysical,0.0,21.0
6,ESGBERT/EnvironmentalBERT-base,Allocation,original,no rag,economic,0.9836065573770492,463.0
7,ESGBERT/EnvironmentalBERT-base,Allocation,original,no rag,energy,0.0,
8,ESGBERT/EnvironmentalBERT-base,Allocation,original,no rag,none required,0.5454545454545454,122.0
9,ESGBERT/EnvironmentalBERT-base,Allocation,original,no rag,none,0.0,67.0
10,ESGBERT/EnvironmentalBERT-base,Allocation,original,no rag,mass,0.0,7.0
11,ESGBERT/EnvironmentalBERT-base,Allocation,original,no rag,biophysical,0.0,21.0
12,FacebookAI/roberta-large,Allocation,original,no rag,economic,0.9696969696969697,463.0
13,FacebookAI/roberta-large,Allocation,original,no rag,energy,0.0,
14,FacebookAI/roberta-large,Allocation,original,no rag,none required,0.5454545454545454,122.0
15,FacebookAI/roberta-large,Allocation,original,no rag,none,0.8,67.0
16,FacebookAI/roberta-large,Allocation,original,no rag,mass,0.0,7.0
17,FacebookAI/roberta-large,Allocation,original,no rag,biophysical,0.0,21.0
18,google-bert/bert-base-uncased,Allocation,original,no rag,economic,0.9705882352941176,463.0
19,google-bert/bert-base-uncased,Allocation,original,no rag,energy,0.0,
20,google-bert/bert-base-uncased,Allocation,original,no rag,none required,0.75,122.0
21,google-bert/bert-base-uncased,Allocation,original,no rag,none,1.0,67.0
22,google-bert/bert-base-uncased,Allocation,original,no rag,mass,0.0,7.0
23,google-bert/bert-base-uncased,Allocation,original,no rag,biophysical,1.0,21.0
24,microsoft/deberta-v3-base,Allocation,original,no rag,economic,0.9855072463768116,463.0
25,microsoft/deberta-v3-base,Allocation,original,no rag,energy,0.0,
26,microsoft/deberta-v3-base,Allocation,original,no rag,none required,1.0,122.0
27,microsoft/deberta-v3-base,Allocation,original,no rag,none,1.0,67.0
28,microsoft/deberta-v3-base,Allocation,original,no rag,mass,0.0,7.0
29,microsoft/deberta-v3-base,Allocation,original,no rag,biophysical,1.0,21.0
30,microsoft/deberta-v3-large,Allocation,original,no rag,economic,0.9696969696969697,463.0
31,microsoft/deberta-v3-large,Allocation,original,no rag,energy,0.0,
32,microsoft/deberta-v3-large,Allocation,original,no rag,none required,0.6363636363636364,122.0
33,microsoft/deberta-v3-large,Allocation,original,no rag,none,1.0,67.0
34,microsoft/deberta-v3-large,Allocation,original,no rag,mass,0.0,7.0
35,microsoft/deberta-v3-large,Allocation,original,no rag,biophysical,1.0,21.0
36,microsoft/deberta-v3-small,Allocation,original,no rag,economic,0.9393939393939394,463.0
37,microsoft/deberta-v3-small,Allocation,original,no rag,energy,0.0,
38,microsoft/deberta-v3-small,Allocation,original,no rag,none required,0.0,122.0
39,microsoft/deberta-v3-small,Allocation,original,no rag,none,0.0,67.0
40,microsoft/deberta-v3-small,Allocation,original,no rag,mass,0.0,7.0
41,microsoft/deberta-v3-small,Allocation,original,no rag,biophysical,0.0,21.0
42,climatebert/distilroberta-base-climate-f,Functional Unit,original,no rag,relative,1.0,631.0
43,climatebert/distilroberta-base-climate-f,Functional Unit,original,no rag,kg FPCM,1.0,35.0
44,climatebert/distilroberta-base-climate-f,Functional Unit,original,no rag,1 ha,1.0,49.0
45,climatebert/distilroberta-base-climate-f,Functional Unit,original,no rag,number,1.0,500.0
46,climatebert/distilroberta-base-climate-f,Functional Unit,original,no rag,kg liveweight,1.0,36.0
47,climatebert/distilroberta-base-climate-f,Functional Unit,original,no rag,kg ready-to-cook weight,1.0,9.0
48,climatebert/distilroberta-base-climate-f,Functional Unit,original,no rag,kg cold dressed carcass weight,1.0,26.0
49,climatebert/distilroberta-base-climate-f,Functional Unit,original,no rag,kg,1.0,51.0
50,climatebert/distilroberta-base-climate-f,Functional Unit,original,no rag,kg cold carcass weight,0.0,23.0
51,ESGBERT/EnvironmentalBERT-base,Functional Unit,original,no rag,relative,1.0,631.0
52,ESGBERT/EnvironmentalBERT-base,Functional Unit,original,no rag,kg FPCM,1.0,35.0
53,ESGBERT/EnvironmentalBERT-base,Functional Unit,original,no rag,1 ha,1.0,49.0
54,ESGBERT/EnvironmentalBERT-base,Functional Unit,original,no rag,number,1.0,500.0
55,ESGBERT/EnvironmentalBERT-base,Functional Unit,original,no rag,kg liveweight,1.0,36.0
56,ESGBERT/EnvironmentalBERT-base,Functional Unit,original,no rag,kg ready-to-cook weight,1.0,9.0
57,ESGBERT/EnvironmentalBERT-base,Functional Unit,original,no rag,kg cold dressed carcass weight,1.0,26.0
58,ESGBERT/EnvironmentalBERT-base,Functional Unit,original,no rag,kg,1.0,51.0
59,ESGBERT/EnvironmentalBERT-base,Functional Unit,original,no rag,kg cold carcass weight,0.0,23.0
60,FacebookAI/roberta-large,Functional Unit,original,no rag,relative,1.0,631.0
61,FacebookAI/roberta-large,Functional Unit,original,no rag,kg FPCM,1.0,35.0
62,FacebookAI/roberta-large,Functional Unit,original,no rag,1 ha,1.0,49.0
63,FacebookAI/roberta-large,Functional Unit,original,no rag,number,1.0,500.0
64,FacebookAI/roberta-large,Functional Unit,original,no rag,kg liveweight,1.0,36.0
65,FacebookAI/roberta-large,Functional Unit,original,no rag,kg ready-to-cook weight,1.0,9.0
66,FacebookAI/roberta-large,Functional Unit,original,no rag,kg cold dressed carcass weight,1.0,26.0
67,FacebookAI/roberta-large,Functional Unit,original,no rag,kg,1.0,51.0
68,FacebookAI/roberta-large,Functional Unit,original,no rag,kg cold carcass weight,0.0,23.0
69,google-bert/bert-base-uncased,Functional Unit,original,no rag,relative,1.0,631.0
70,google-bert/bert-base-uncased,Functional Unit,original,no rag,kg FPCM,1.0,35.0
71,google-bert/bert-base-uncased,Functional Unit,original,no rag,1 ha,1.0,49.0
72,google-bert/bert-base-uncased,Functional Unit,original,no rag,number,1.0,500.0
73,google-bert/bert-base-uncased,Functional Unit,original,no rag,kg liveweight,1.0,36.0
74,google-bert/bert-base-uncased,Functional Unit,original,no rag,kg ready-to-cook weight,0.75,9.0
75,google-bert/bert-base-uncased,Functional Unit,original,no rag,kg cold dressed carcass weight,1.0,26.0
76,google-bert/bert-base-uncased,Functional Unit,original,no rag,kg,1.0,51.0
77,google-bert/bert-base-uncased,Functional Unit,original,no rag,kg cold carcass weight,0.0,23.0
78,microsoft/deberta-v3-base,Functional Unit,original,no rag,relative,1.0,631.0
79,microsoft/deberta-v3-base,Functional Unit,original,no rag,kg FPCM,1.0,35.0
80,microsoft/deberta-v3-base,Functional Unit,original,no rag,1 ha,1.0,49.0
81,microsoft/deberta-v3-base,Functional Unit,original,no rag,number,1.0,500.0
82,microsoft/deberta-v3-base,Functional Unit,original,no rag,kg liveweight,1.0,36.0
83,microsoft/deberta-v3-base,Functional Unit,original,no rag,kg ready-to-cook weight,1.0,9.0
84,microsoft/deberta-v3-base,Functional Unit,original,no rag,kg cold dressed carcass weight,1.0,26.0
85,microsoft/deberta-v3-base,Functional Unit,original,no rag,kg,1.0,51.0
86,microsoft/deberta-v3-base,Functional Unit,original,no rag,kg cold carcass weight,0.0,23.0
87,microsoft/deberta-v3-large,Functional Unit,original,no rag,relative,1.0,631.0
88,microsoft/deberta-v3-large,Functional Unit,original,no rag,kg FPCM,1.0,35.0
89,microsoft/deberta-v3-large,Functional Unit,original,no rag,1 ha,1.0,49.0
90,microsoft/deberta-v3-large,Functional Unit,original,no rag,number,1.0,500.0
91,microsoft/deberta-v3-large,Functional Unit,original,no rag,kg liveweight,0.8571428571428571,36.0
92,microsoft/deberta-v3-large,Functional Unit,original,no rag,kg ready-to-cook weight,0.0,9.0
93,microsoft/deberta-v3-large,Functional Unit,original,no rag,kg cold dressed carcass weight,0.0,26.0
94,microsoft/deberta-v3-large,Functional Unit,original,no rag,kg,1.0,51.0
95,microsoft/deberta-v3-large,Functional Unit,original,no rag,kg cold carcass weight,0.0,23.0
96,microsoft/deberta-v3-small,Functional Unit,original,no rag,relative,1.0,631.0
97,microsoft/deberta-v3-small,Functional Unit,original,no rag,kg FPCM,1.0,35.0
98,microsoft/deberta-v3-small,Functional Unit,original,no rag,1 ha,1.0,49.0
99,microsoft/deberta-v3-small,Functional Unit,original,no rag,number,1.0,500.0
100,microsoft/deberta-v3-small,Functional Unit,original,no rag,kg liveweight,1.0,36.0
101,microsoft/deberta-v3-small,Functional Unit,original,no rag,kg ready-to-cook weight,0.75,9.0
102,microsoft/deberta-v3-small,Functional Unit,original,no rag,kg cold dressed carcass weight,1.0,26.0
103,microsoft/deberta-v3-small,Functional Unit,original,no rag,kg,1.0,51.0
104,microsoft/deberta-v3-small,Functional Unit,original,no rag,kg cold carcass weight,0.0,23.0
105,climatebert/distilroberta-base-climate-f,fn,original,no rag,relative,1.0,
106,climatebert/distilroberta-base-climate-f,fn,original,no rag,kg FPCM,1.0,
107,climatebert/distilroberta-base-climate-f,fn,original,no rag,1 ha,1.0,
108,climatebert/distilroberta-base-climate-f,fn,original,no rag,number,1.0,
109,climatebert/distilroberta-base-climate-f,fn,original,no rag,kg liveweight,1.0,
110,climatebert/distilroberta-base-climate-f,fn,original,no rag,kg ready-to-cook weight,1.0,
111,climatebert/distilroberta-base-climate-f,fn,original,no rag,kg cold dressed carcass weight,1.0,
112,climatebert/distilroberta-base-climate-f,fn,original,no rag,kg,1.0,
113,climatebert/distilroberta-base-climate-f,fn,original,no rag,kg cold carcass weight,0.0,
114,ESGBERT/EnvironmentalBERT-base,fn,original,no rag,relative,1.0,
115,ESGBERT/EnvironmentalBERT-base,fn,original,no rag,kg FPCM,1.0,
116,ESGBERT/EnvironmentalBERT-base,fn,original,no rag,1 ha,1.0,
117,ESGBERT/EnvironmentalBERT-base,fn,original,no rag,number,1.0,
118,ESGBERT/EnvironmentalBERT-base,fn,original,no rag,kg liveweight,1.0,
119,ESGBERT/EnvironmentalBERT-base,fn,original,no rag,kg ready-to-cook weight,1.0,
120,ESGBERT/EnvironmentalBERT-base,fn,original,no rag,kg cold dressed carcass weight,1.0,
121,ESGBERT/EnvironmentalBERT-base,fn,original,no rag,kg,1.0,
122,ESGBERT/EnvironmentalBERT-base,fn,original,no rag,kg cold carcass weight,0.0,
123,FacebookAI/roberta-large,fn,original,no rag,relative,1.0,
124,FacebookAI/roberta-large,fn,original,no rag,kg FPCM,1.0,
125,FacebookAI/roberta-large,fn,original,no rag,1 ha,1.0,
126,FacebookAI/roberta-large,fn,original,no rag,number,1.0,
127,FacebookAI/roberta-large,fn,original,no rag,kg liveweight,1.0,
128,FacebookAI/roberta-large,fn,original,no rag,kg ready-to-cook weight,1.0,
129,FacebookAI/roberta-large,fn,original,no rag,kg cold dressed carcass weight,1.0,
130,FacebookAI/roberta-large,fn,original,no rag,kg,1.0,
131,FacebookAI/roberta-large,fn,original,no rag,kg cold carcass weight,0.0,
132,google-bert/bert-base-uncased,fn,original,no rag,relative,1.0,
133,google-bert/bert-base-uncased,fn,original,no rag,kg FPCM,1.0,
134,google-bert/bert-base-uncased,fn,original,no rag,1 ha,1.0,
135,google-bert/bert-base-uncased,fn,original,no rag,number,1.0,
136,google-bert/bert-base-uncased,fn,original,no rag,kg liveweight,1.0,
137,google-bert/bert-base-uncased,fn,original,no rag,kg ready-to-cook weight,1.0,
138,google-bert/bert-base-uncased,fn,original,no rag,kg cold dressed carcass weight,1.0,
139,google-bert/bert-base-uncased,fn,original,no rag,kg,1.0,
140,google-bert/bert-base-uncased,fn,original,no rag,kg cold carcass weight,0.0,
141,microsoft/deberta-v3-base,fn,original,no rag,relative,1.0,
142,microsoft/deberta-v3-base,fn,original,no rag,kg FPCM,1.0,
143,microsoft/deberta-v3-base,fn,original,no rag,1 ha,1.0,
144,microsoft/deberta-v3-base,fn,original,no rag,number,1.0,
145,microsoft/deberta-v3-base,fn,original,no rag,kg liveweight,1.0,
146,microsoft/deberta-v3-base,fn,original,no rag,kg ready-to-cook weight,1.0,
147,microsoft/deberta-v3-base,fn,original,no rag,kg cold dressed carcass weight,1.0,
148,microsoft/deberta-v3-base,fn,original,no rag,kg,1.0,
149,microsoft/deberta-v3-base,fn,original,no rag,kg cold carcass weight,0.0,
150,microsoft/deberta-v3-large,fn,original,no rag,relative,1.0,
151,microsoft/deberta-v3-large,fn,original,no rag,kg FPCM,1.0,
152,microsoft/deberta-v3-large,fn,original,no rag,1 ha,1.0,
153,microsoft/deberta-v3-large,fn,original,no rag,number,1.0,
154,microsoft/deberta-v3-large,fn,original,no rag,kg liveweight,1.0,
155,microsoft/deberta-v3-large,fn,original,no rag,kg ready-to-cook weight,1.0,
156,microsoft/deberta-v3-large,fn,original,no rag,kg cold dressed carcass weight,1.0,
157,microsoft/deberta-v3-large,fn,original,no rag,kg,1.0,
158,microsoft/deberta-v3-large,fn,original,no rag,kg cold carcass weight,0.0,
159,microsoft/deberta-v3-small,fn,original,no rag,relative,1.0,
160,microsoft/deberta-v3-small,fn,original,no rag,kg FPCM,1.0,
161,microsoft/deberta-v3-small,fn,original,no rag,1 ha,1.0,
162,microsoft/deberta-v3-small,fn,original,no rag,number,1.0,
163,microsoft/deberta-v3-small,fn,original,no rag,kg liveweight,1.0,
164,microsoft/deberta-v3-small,fn,original,no rag,kg ready-to-cook weight,1.0,
165,microsoft/deberta-v3-small,fn,original,no rag,kg cold dressed carcass weight,1.0,
166,microsoft/deberta-v3-small,fn,original,no rag,kg,1.0,
167,microsoft/deberta-v3-small,fn,original,no rag,kg cold carcass weight,0.0,
168,climatebert/distilroberta-base-climate-f,Product,original,no rag,"Meat, beef cattle (cold carcass weight)",0.0,12.0
169,climatebert/distilroberta-base-climate-f,Product,original,no rag,"Dairy cattle, heifer",1.0,6.0
170,climatebert/distilroberta-base-climate-f,Product,original,no rag,"Meat, pig (cold dressed carcass weight)",1.0,19.0
171,climatebert/distilroberta-base-climate-f,Product,original,no rag,"Meat, chicken, breast",0.0,4.0
172,climatebert/distilroberta-base-climate-f,Product,original,no rag,"Milk, cow, raw (FPCM)",1.0,35.0
173,climatebert/distilroberta-base-climate-f,Product,original,no rag,Broiler chicken,1.0,32.0
174,climatebert/distilroberta-base-climate-f,Product,original,no rag,Beef cattle,1.0,181.0
175,climatebert/distilroberta-base-climate-f,Product,original,no rag,Hides,0.0,1.0
176,climatebert/distilroberta-base-climate-f,Product,original,no rag,"Sheep, ewe",1.0,38.0
177,climatebert/distilroberta-base-climate-f,Product,original,no rag,"Beef cattle, heifer",1.0,43.0
178,climatebert/distilroberta-base-climate-f,Product,original,no rag,"Beef cattle, calf (female, weaned)",1.0,24.0
179,climatebert/distilroberta-base-climate-f,Product,original,no rag,"Dairy cattle, calf (weaned)",1.0,4.0
180,climatebert/distilroberta-base-climate-f,Product,original,no rag,Cattle,1.0,5.0
181,climatebert/distilroberta-base-climate-f,Product,original,no rag,"Wool, sheep (greasy)",1.0,15.0
182,climatebert/distilroberta-base-climate-f,Product,original,no rag,"Meat, dairy cattle (liveweight)",1.0,17.0
183,climatebert/distilroberta-base-climate-f,Product,original,no rag,"Beef cattle, steer",1.0,49.0
184,climatebert/distilroberta-base-climate-f,Product,original,no rag,"Meat, sheep (liveweight)",0.0,5.0
185,climatebert/distilroberta-base-climate-f,Product,original,no rag,"Beef cattle, heifer and steer",1.0,3.0
186,climatebert/distilroberta-base-climate-f,Product,original,no rag,"Dairy cattle, cow",1.0,14.0
187,climatebert/distilroberta-base-climate-f,Product,original,no rag,"Cattle, urine (kg mass)",1.0,5.0
188,climatebert/distilroberta-base-climate-f,Product,original,no rag,"Meat, pig (cold carcass weight)",0.0,1.0
189,climatebert/distilroberta-base-climate-f,Product,original,no rag,Offal,0.0,1.0
190,climatebert/distilroberta-base-climate-f,Product,original,no rag,Dairy cattle,1.0,29.0
191,climatebert/distilroberta-base-climate-f,Product,original,no rag,"Layer chicken, hen",1.0,6.0
192,climatebert/distilroberta-base-climate-f,Product,original,no rag,"Sheep, lamb (male, unweaned)",0.0,4.0
193,climatebert/distilroberta-base-climate-f,Product,original,no rag,"Meat, chicken, wings",1.0,3.0
194,climatebert/distilroberta-base-climate-f,Product,original,no rag,Wool,1.0,15.0
195,climatebert/distilroberta-base-climate-f,Product,original,no rag,"Eggs, hen, in shell (number)",1.0,15.0
196,climatebert/distilroberta-base-climate-f,Product,original,no rag,Pig,1.0,93.0
197,climatebert/distilroberta-base-climate-f,Product,original,no rag,"Broiler chicken, hen",0.0,5.0
198,climatebert/distilroberta-base-climate-f,Product,original,no rag,"Dairy cattle, calf (male, unweaned)",0.0,3.0
199,climatebert/distilroberta-base-climate-f,Product,original,no rag,"Meat, dairy cattle (cold carcass weight)",0.0,2.0
200,climatebert/distilroberta-base-climate-f,Product,original,no rag,"Dairy cattle, calf",0.0,1.0
201,climatebert/distilroberta-base-climate-f,Product,original,no rag,"Beef cattle, calf (male, weaned)",1.0,28.0
202,climatebert/distilroberta-base-climate-f,Product,original,no rag,"Meat, beef cattle (cold dressed carcass weight)",1.0,7.0
203,climatebert/distilroberta-base-climate-f,Product,original,no rag,"Eggs, hen, in shell",1.0,14.0
204,climatebert/distilroberta-base-climate-f,Product,original,no rag,"Broiler chicken, chick",0.0,10.0
205,climatebert/distilroberta-base-climate-f,Product,original,no rag,"Meat, chicken (liveweight)",0.0,9.0
206,climatebert/distilroberta-base-climate-f,Product,original,no rag,"Pig, piglet",1.0,26.0
207,climatebert/distilroberta-base-climate-f,Product,original,no rag,"Layer chicken, pullet",1.0,5.0
208,climatebert/distilroberta-base-climate-f,Product,original,no rag,"Sheep, lamb (female, unweaned)",0.0,4.0
209,climatebert/distilroberta-base-climate-f,Product,original,no rag,Milk,1.0,50.0
210,climatebert/distilroberta-base-climate-f,Product,original,no rag,"Beef cattle, bull",0.0,19.0
211,climatebert/distilroberta-base-climate-f,Product,original,no rag,Eggs,1.0,29.0
212,climatebert/distilroberta-base-climate-f,Product,original,no rag,"Sheep, lamb",1.0,36.0
213,climatebert/distilroberta-base-climate-f,Product,original,no rag,"Dairy cattle, calf (female, weaned)",0.0,1.0
214,climatebert/distilroberta-base-climate-f,Product,original,no rag,"Sheep, ram",1.0,27.0
215,climatebert/distilroberta-base-climate-f,Product,original,no rag,"Sheep, lamb (weaned)",1.0,22.0
216,climatebert/distilroberta-base-climate-f,Product,original,no rag,"Beef cattle, calf (weaned)",0.0,1.0
217,climatebert/distilroberta-base-climate-f,Product,original,no rag,"Meat, chicken, leg",1.0,2.0
218,climatebert/distilroberta-base-climate-f,Product,original,no rag,Sheep,1.0,133.0
219,climatebert/distilroberta-base-climate-f,Product,original,no rag,Layer chicken,1.0,17.0
220,climatebert/distilroberta-base-climate-f,Product,original,no rag,"Beef cattle, cow",1.0,10.0
221,climatebert/distilroberta-base-climate-f,Product,original,no rag,"Offal, pigs",0.0,1.0
222,climatebert/distilroberta-base-climate-f,Product,original,no rag,Poultry by-product meal,0.0,
223,climatebert/distilroberta-base-climate-f,Product,original,no rag,Meat,0.9230769230769231,94.0
224,climatebert/distilroberta-base-climate-f,Product,original,no rag,"Milk, cow, raw",0.0,15.0
225,climatebert/distilroberta-base-climate-f,Product,original,no rag,"Hides, dairy cattle, fresh",0.0,1.0
226,climatebert/distilroberta-base-climate-f,Product,original,no rag,"Pig, sow",1.0,18.0
227,climatebert/distilroberta-base-climate-f,Product,original,no rag,"Meat, beef cattle (liveweight)",1.0,5.0
228,climatebert/distilroberta-base-climate-f,Product,original,no rag,"Meat, chicken (cold carcass weight)",0.0,5.0
229,climatebert/distilroberta-base-climate-f,Product,original,no rag,"Meat, sheep (cold carcass weight)",0.0,3.0
230,ESGBERT/EnvironmentalBERT-base,Product,original,no rag,"Meat, beef cattle (cold carcass weight)",0.0,12.0
231,ESGBERT/EnvironmentalBERT-base,Product,original,no rag,"Dairy cattle, heifer",1.0,6.0
232,ESGBERT/EnvironmentalBERT-base,Product,original,no rag,"Meat, pig (cold dressed carcass weight)",1.0,19.0
233,ESGBERT/EnvironmentalBERT-base,Product,original,no rag,"Meat, chicken, breast",0.0,4.0
234,ESGBERT/EnvironmentalBERT-base,Product,original,no rag,"Milk, cow, raw (FPCM)",1.0,35.0
235,ESGBERT/EnvironmentalBERT-base,Product,original,no rag,Broiler chicken,1.0,32.0
236,ESGBERT/EnvironmentalBERT-base,Product,original,no rag,Beef cattle,1.0,181.0
237,ESGBERT/EnvironmentalBERT-base,Product,original,no rag,Hides,0.0,1.0
238,ESGBERT/EnvironmentalBERT-base,Product,original,no rag,"Sheep, ewe",1.0,38.0
239,ESGBERT/EnvironmentalBERT-base,Product,original,no rag,"Beef cattle, heifer",1.0,43.0
240,ESGBERT/EnvironmentalBERT-base,Product,original,no rag,"Beef cattle, calf (female, weaned)",1.0,24.0
241,ESGBERT/EnvironmentalBERT-base,Product,original,no rag,"Dairy cattle, calf (weaned)",1.0,4.0
242,ESGBERT/EnvironmentalBERT-base,Product,original,no rag,Cattle,1.0,5.0
243,ESGBERT/EnvironmentalBERT-base,Product,original,no rag,"Wool, sheep (greasy)",1.0,15.0
244,ESGBERT/EnvironmentalBERT-base,Product,original,no rag,"Meat, dairy cattle (liveweight)",1.0,17.0
245,ESGBERT/EnvironmentalBERT-base,Product,original,no rag,"Beef cattle, steer",1.0,49.0
246,ESGBERT/EnvironmentalBERT-base,Product,original,no rag,"Meat, sheep (liveweight)",0.0,5.0
247,ESGBERT/EnvironmentalBERT-base,Product,original,no rag,"Beef cattle, heifer and steer",1.0,3.0
248,ESGBERT/EnvironmentalBERT-base,Product,original,no rag,"Dairy cattle, cow",1.0,14.0
249,ESGBERT/EnvironmentalBERT-base,Product,original,no rag,"Cattle, urine (kg mass)",1.0,5.0
250,ESGBERT/EnvironmentalBERT-base,Product,original,no rag,"Meat, pig (cold carcass weight)",0.0,1.0
251,ESGBERT/EnvironmentalBERT-base,Product,original,no rag,Offal,0.0,1.0
252,ESGBERT/EnvironmentalBERT-base,Product,original,no rag,Dairy cattle,1.0,29.0
253,ESGBERT/EnvironmentalBERT-base,Product,original,no rag,"Layer chicken, hen",1.0,6.0
254,ESGBERT/EnvironmentalBERT-base,Product,original,no rag,"Sheep, lamb (male, unweaned)",0.0,4.0
255,ESGBERT/EnvironmentalBERT-base,Product,original,no rag,"Meat, chicken, wings",1.0,3.0
256,ESGBERT/EnvironmentalBERT-base,Product,original,no rag,Wool,1.0,15.0
257,ESGBERT/EnvironmentalBERT-base,Product,original,no rag,"Eggs, hen, in shell (number)",1.0,15.0
258,ESGBERT/EnvironmentalBERT-base,Product,original,no rag,Pig,1.0,93.0
259,ESGBERT/EnvironmentalBERT-base,Product,original,no rag,"Broiler chicken, hen",0.0,5.0
260,ESGBERT/EnvironmentalBERT-base,Product,original,no rag,"Dairy cattle, calf (male, unweaned)",0.0,3.0
261,ESGBERT/EnvironmentalBERT-base,Product,original,no rag,"Meat, dairy cattle (cold carcass weight)",0.0,2.0
262,ESGBERT/EnvironmentalBERT-base,Product,original,no rag,"Dairy cattle, calf",0.0,1.0
263,ESGBERT/EnvironmentalBERT-base,Product,original,no rag,"Beef cattle, calf (male, weaned)",1.0,28.0
264,ESGBERT/EnvironmentalBERT-base,Product,original,no rag,"Meat, beef cattle (cold dressed carcass weight)",1.0,7.0
265,ESGBERT/EnvironmentalBERT-base,Product,original,no rag,"Eggs, hen, in shell",1.0,14.0
266,ESGBERT/EnvironmentalBERT-base,Product,original,no rag,"Broiler chicken, chick",0.0,10.0
267,ESGBERT/EnvironmentalBERT-base,Product,original,no rag,"Meat, chicken (liveweight)",0.0,9.0
268,ESGBERT/EnvironmentalBERT-base,Product,original,no rag,"Pig, piglet",1.0,26.0
269,ESGBERT/EnvironmentalBERT-base,Product,original,no rag,"Layer chicken, pullet",1.0,5.0
270,ESGBERT/EnvironmentalBERT-base,Product,original,no rag,"Sheep, lamb (female, unweaned)",0.0,4.0
271,ESGBERT/EnvironmentalBERT-base,Product,original,no rag,Milk,1.0,50.0
272,ESGBERT/EnvironmentalBERT-base,Product,original,no rag,"Beef cattle, bull",0.0,19.0
273,ESGBERT/EnvironmentalBERT-base,Product,original,no rag,Eggs,1.0,29.0
274,ESGBERT/EnvironmentalBERT-base,Product,original,no rag,"Sheep, lamb",1.0,36.0
275,ESGBERT/EnvironmentalBERT-base,Product,original,no rag,"Dairy cattle, calf (female, weaned)",0.0,1.0
276,ESGBERT/EnvironmentalBERT-base,Product,original,no rag,"Sheep, ram",1.0,27.0
277,ESGBERT/EnvironmentalBERT-base,Product,original,no rag,"Sheep, lamb (weaned)",1.0,22.0
278,ESGBERT/EnvironmentalBERT-base,Product,original,no rag,"Beef cattle, calf (weaned)",0.0,1.0
279,ESGBERT/EnvironmentalBERT-base,Product,original,no rag,"Meat, chicken, leg",1.0,2.0
280,ESGBERT/EnvironmentalBERT-base,Product,original,no rag,Sheep,1.0,133.0
281,ESGBERT/EnvironmentalBERT-base,Product,original,no rag,Layer chicken,1.0,17.0
282,ESGBERT/EnvironmentalBERT-base,Product,original,no rag,"Beef cattle, cow",1.0,10.0
283,ESGBERT/EnvironmentalBERT-base,Product,original,no rag,"Offal, pigs",0.0,1.0
284,ESGBERT/EnvironmentalBERT-base,Product,original,no rag,Poultry by-product meal,0.0,
285,ESGBERT/EnvironmentalBERT-base,Product,original,no rag,Meat,0.9230769230769231,94.0
286,ESGBERT/EnvironmentalBERT-base,Product,original,no rag,"Milk, cow, raw",0.0,15.0
287,ESGBERT/EnvironmentalBERT-base,Product,original,no rag,"Hides, dairy cattle, fresh",0.0,1.0
288,ESGBERT/EnvironmentalBERT-base,Product,original,no rag,"Pig, sow",1.0,18.0
289,ESGBERT/EnvironmentalBERT-base,Product,original,no rag,"Meat, beef cattle (liveweight)",1.0,5.0
290,ESGBERT/EnvironmentalBERT-base,Product,original,no rag,"Meat, chicken (cold carcass weight)",0.0,5.0
291,ESGBERT/EnvironmentalBERT-base,Product,original,no rag,"Meat, sheep (cold carcass weight)",0.0,3.0
292,FacebookAI/roberta-large,Product,original,no rag,"Meat, beef cattle (cold carcass weight)",0.0,12.0
293,FacebookAI/roberta-large,Product,original,no rag,"Dairy cattle, heifer",1.0,6.0
294,FacebookAI/roberta-large,Product,original,no rag,"Meat, pig (cold dressed carcass weight)",1.0,19.0
295,FacebookAI/roberta-large,Product,original,no rag,"Meat, chicken, breast",0.0,4.0
296,FacebookAI/roberta-large,Product,original,no rag,"Milk, cow, raw (FPCM)",1.0,35.0
297,FacebookAI/roberta-large,Product,original,no rag,Broiler chicken,1.0,32.0
298,FacebookAI/roberta-large,Product,original,no rag,Beef cattle,1.0,181.0
299,FacebookAI/roberta-large,Product,original,no rag,Hides,0.0,1.0
300,FacebookAI/roberta-large,Product,original,no rag,"Sheep, ewe",1.0,38.0
301,FacebookAI/roberta-large,Product,original,no rag,"Beef cattle, heifer",1.0,43.0
302,FacebookAI/roberta-large,Product,original,no rag,"Beef cattle, calf (female, weaned)",1.0,24.0
303,FacebookAI/roberta-large,Product,original,no rag,"Dairy cattle, calf (weaned)",1.0,4.0
304,FacebookAI/roberta-large,Product,original,no rag,Cattle,1.0,5.0
305,FacebookAI/roberta-large,Product,original,no rag,"Wool, sheep (greasy)",1.0,15.0
306,FacebookAI/roberta-large,Product,original,no rag,"Meat, dairy cattle (liveweight)",1.0,17.0
307,FacebookAI/roberta-large,Product,original,no rag,"Beef cattle, steer",1.0,49.0
308,FacebookAI/roberta-large,Product,original,no rag,"Meat, sheep (liveweight)",0.0,5.0
309,FacebookAI/roberta-large,Product,original,no rag,"Beef cattle, heifer and steer",1.0,3.0
310,FacebookAI/roberta-large,Product,original,no rag,"Dairy cattle, cow",1.0,14.0
311,FacebookAI/roberta-large,Product,original,no rag,"Cattle, urine (kg mass)",1.0,5.0
312,FacebookAI/roberta-large,Product,original,no rag,"Meat, pig (cold carcass weight)",0.0,1.0
313,FacebookAI/roberta-large,Product,original,no rag,Offal,0.0,1.0
314,FacebookAI/roberta-large,Product,original,no rag,Dairy cattle,1.0,29.0
315,FacebookAI/roberta-large,Product,original,no rag,"Layer chicken, hen",1.0,6.0
316,FacebookAI/roberta-large,Product,original,no rag,"Sheep, lamb (male, unweaned)",0.0,4.0
317,FacebookAI/roberta-large,Product,original,no rag,"Meat, chicken, wings",1.0,3.0
318,FacebookAI/roberta-large,Product,original,no rag,Wool,1.0,15.0
319,FacebookAI/roberta-large,Product,original,no rag,"Eggs, hen, in shell (number)",1.0,15.0
320,FacebookAI/roberta-large,Product,original,no rag,Pig,1.0,93.0
321,FacebookAI/roberta-large,Product,original,no rag,"Broiler chicken, hen",0.0,5.0
322,FacebookAI/roberta-large,Product,original,no rag,"Dairy cattle, calf (male, unweaned)",0.0,3.0
323,FacebookAI/roberta-large,Product,original,no rag,"Meat, dairy cattle (cold carcass weight)",0.0,2.0
324,FacebookAI/roberta-large,Product,original,no rag,"Dairy cattle, calf",0.0,1.0
325,FacebookAI/roberta-large,Product,original,no rag,"Beef cattle, calf (male, weaned)",1.0,28.0
326,FacebookAI/roberta-large,Product,original,no rag,"Meat, beef cattle (cold dressed carcass weight)",1.0,7.0
327,FacebookAI/roberta-large,Product,original,no rag,"Eggs, hen, in shell",1.0,14.0
328,FacebookAI/roberta-large,Product,original,no rag,"Broiler chicken, chick",0.0,10.0
329,FacebookAI/roberta-large,Product,original,no rag,"Meat, chicken (liveweight)",0.0,9.0
330,FacebookAI/roberta-large,Product,original,no rag,"Pig, piglet",1.0,26.0
331,FacebookAI/roberta-large,Product,original,no rag,"Layer chicken, pullet",1.0,5.0
332,FacebookAI/roberta-large,Product,original,no rag,"Sheep, lamb (female, unweaned)",0.0,4.0
333,FacebookAI/roberta-large,Product,original,no rag,Milk,1.0,50.0
334,FacebookAI/roberta-large,Product,original,no rag,"Beef cattle, bull",0.0,19.0
335,FacebookAI/roberta-large,Product,original,no rag,Eggs,1.0,29.0
336,FacebookAI/roberta-large,Product,original,no rag,"Sheep, lamb",1.0,36.0
337,FacebookAI/roberta-large,Product,original,no rag,"Dairy cattle, calf (female, weaned)",0.0,1.0
338,FacebookAI/roberta-large,Product,original,no rag,"Sheep, ram",1.0,27.0
339,FacebookAI/roberta-large,Product,original,no rag,"Sheep, lamb (weaned)",1.0,22.0
340,FacebookAI/roberta-large,Product,original,no rag,"Beef cattle, calf (weaned)",0.0,1.0
341,FacebookAI/roberta-large,Product,original,no rag,"Meat, chicken, leg",1.0,2.0
342,FacebookAI/roberta-large,Product,original,no rag,Sheep,1.0,133.0
343,FacebookAI/roberta-large,Product,original,no rag,Layer chicken,1.0,17.0
344,FacebookAI/roberta-large,Product,original,no rag,"Beef cattle, cow",1.0,10.0
345,FacebookAI/roberta-large,Product,original,no rag,"Offal, pigs",0.0,1.0
346,FacebookAI/roberta-large,Product,original,no rag,Poultry by-product meal,0.0,
347,FacebookAI/roberta-large,Product,original,no rag,Meat,0.9230769230769231,94.0
348,FacebookAI/roberta-large,Product,original,no rag,"Milk, cow, raw",0.0,15.0
349,FacebookAI/roberta-large,Product,original,no rag,"Hides, dairy cattle, fresh",0.0,1.0
350,FacebookAI/roberta-large,Product,original,no rag,"Pig, sow",1.0,18.0
351,FacebookAI/roberta-large,Product,original,no rag,"Meat, beef cattle (liveweight)",1.0,5.0
352,FacebookAI/roberta-large,Product,original,no rag,"Meat, chicken (cold carcass weight)",0.0,5.0
353,FacebookAI/roberta-large,Product,original,no rag,"Meat, sheep (cold carcass weight)",0.0,3.0
354,google-bert/bert-base-uncased,Product,original,no rag,"Meat, beef cattle (cold carcass weight)",0.0,12.0
355,google-bert/bert-base-uncased,Product,original,no rag,"Dairy cattle, heifer",1.0,6.0
356,google-bert/bert-base-uncased,Product,original,no rag,"Meat, pig (cold dressed carcass weight)",1.0,19.0
357,google-bert/bert-base-uncased,Product,original,no rag,"Meat, chicken, breast",0.0,4.0
358,google-bert/bert-base-uncased,Product,original,no rag,"Milk, cow, raw (FPCM)",1.0,35.0
359,google-bert/bert-base-uncased,Product,original,no rag,Broiler chicken,1.0,32.0
360,google-bert/bert-base-uncased,Product,original,no rag,Beef cattle,1.0,181.0
361,google-bert/bert-base-uncased,Product,original,no rag,Hides,0.0,1.0
362,google-bert/bert-base-uncased,Product,original,no rag,"Sheep, ewe",1.0,38.0
363,google-bert/bert-base-uncased,Product,original,no rag,"Beef cattle, heifer",1.0,43.0
364,google-bert/bert-base-uncased,Product,original,no rag,"Beef cattle, calf (female, weaned)",1.0,24.0
365,google-bert/bert-base-uncased,Product,original,no rag,"Dairy cattle, calf (weaned)",1.0,4.0
366,google-bert/bert-base-uncased,Product,original,no rag,Cattle,1.0,5.0
367,google-bert/bert-base-uncased,Product,original,no rag,"Wool, sheep (greasy)",1.0,15.0
368,google-bert/bert-base-uncased,Product,original,no rag,"Meat, dairy cattle (liveweight)",1.0,17.0
369,google-bert/bert-base-uncased,Product,original,no rag,"Beef cattle, steer",1.0,49.0
370,google-bert/bert-base-uncased,Product,original,no rag,"Meat, sheep (liveweight)",0.0,5.0
371,google-bert/bert-base-uncased,Product,original,no rag,"Beef cattle, heifer and steer",1.0,3.0
372,google-bert/bert-base-uncased,Product,original,no rag,"Dairy cattle, cow",1.0,14.0
373,google-bert/bert-base-uncased,Product,original,no rag,"Cattle, urine (kg mass)",1.0,5.0
374,google-bert/bert-base-uncased,Product,original,no rag,"Meat, pig (cold carcass weight)",0.0,1.0
375,google-bert/bert-base-uncased,Product,original,no rag,Offal,0.0,1.0
376,google-bert/bert-base-uncased,Product,original,no rag,Dairy cattle,1.0,29.0
377,google-bert/bert-base-uncased,Product,original,no rag,"Layer chicken, hen",1.0,6.0
378,google-bert/bert-base-uncased,Product,original,no rag,"Sheep, lamb (male, unweaned)",0.0,4.0
379,google-bert/bert-base-uncased,Product,original,no rag,"Meat, chicken, wings",1.0,3.0
380,google-bert/bert-base-uncased,Product,original,no rag,Wool,1.0,15.0
381,google-bert/bert-base-uncased,Product,original,no rag,"Eggs, hen, in shell (number)",1.0,15.0
382,google-bert/bert-base-uncased,Product,original,no rag,Pig,1.0,93.0
383,google-bert/bert-base-uncased,Product,original,no rag,"Broiler chicken, hen",0.0,5.0
384,google-bert/bert-base-uncased,Product,original,no rag,"Dairy cattle, calf (male, unweaned)",0.0,3.0
385,google-bert/bert-base-uncased,Product,original,no rag,"Meat, dairy cattle (cold carcass weight)",0.0,2.0
386,google-bert/bert-base-uncased,Product,original,no rag,"Dairy cattle, calf",0.0,1.0
387,google-bert/bert-base-uncased,Product,original,no rag,"Beef cattle, calf (male, weaned)",1.0,28.0
388,google-bert/bert-base-uncased,Product,original,no rag,"Meat, beef cattle (cold dressed carcass weight)",1.0,7.0
389,google-bert/bert-base-uncased,Product,original,no rag,"Eggs, hen, in shell",1.0,14.0
390,google-bert/bert-base-uncased,Product,original,no rag,"Broiler chicken, chick",0.0,10.0
391,google-bert/bert-base-uncased,Product,original,no rag,"Meat, chicken (liveweight)",0.0,9.0
392,google-bert/bert-base-uncased,Product,original,no rag,"Pig, piglet",1.0,26.0
393,google-bert/bert-base-uncased,Product,original,no rag,"Layer chicken, pullet",1.0,5.0
394,google-bert/bert-base-uncased,Product,original,no rag,"Sheep, lamb (female, unweaned)",0.0,4.0
395,google-bert/bert-base-uncased,Product,original,no rag,Milk,1.0,50.0
396,google-bert/bert-base-uncased,Product,original,no rag,"Beef cattle, bull",0.0,19.0
397,google-bert/bert-base-uncased,Product,original,no rag,Eggs,1.0,29.0
398,google-bert/bert-base-uncased,Product,original,no rag,"Sheep, lamb",1.0,36.0
399,google-bert/bert-base-uncased,Product,original,no rag,"Dairy cattle, calf (female, weaned)",0.0,1.0
400,google-bert/bert-base-uncased,Product,original,no rag,"Sheep, ram",1.0,27.0
401,google-bert/bert-base-uncased,Product,original,no rag,"Sheep, lamb (weaned)",1.0,22.0
402,google-bert/bert-base-uncased,Product,original,no rag,"Beef cattle, calf (weaned)",0.0,1.0
403,google-bert/bert-base-uncased,Product,original,no rag,"Meat, chicken, leg",1.0,2.0
404,google-bert/bert-base-uncased,Product,original,no rag,Sheep,1.0,133.0
405,google-bert/bert-base-uncased,Product,original,no rag,Layer chicken,1.0,17.0
406,google-bert/bert-base-uncased,Product,original,no rag,"Beef cattle, cow",1.0,10.0
407,google-bert/bert-base-uncased,Product,original,no rag,"Offal, pigs",0.0,1.0
408,google-bert/bert-base-uncased,Product,original,no rag,Poultry by-product meal,0.0,
409,google-bert/bert-base-uncased,Product,original,no rag,Meat,0.9230769230769231,94.0
410,google-bert/bert-base-uncased,Product,original,no rag,"Milk, cow, raw",0.0,15.0
411,google-bert/bert-base-uncased,Product,original,no rag,"Hides, dairy cattle, fresh",0.0,1.0
412,google-bert/bert-base-uncased,Product,original,no rag,"Pig, sow",1.0,18.0
413,google-bert/bert-base-uncased,Product,original,no rag,"Meat, beef cattle (liveweight)",1.0,5.0
414,google-bert/bert-base-uncased,Product,original,no rag,"Meat, chicken (cold carcass weight)",0.0,5.0
415,google-bert/bert-base-uncased,Product,original,no rag,"Meat, sheep (cold carcass weight)",0.0,3.0
416,microsoft/deberta-v3-base,Product,original,no rag,"Meat, beef cattle (cold carcass weight)",0.0,12.0
417,microsoft/deberta-v3-base,Product,original,no rag,"Dairy cattle, heifer",1.0,6.0
418,microsoft/deberta-v3-base,Product,original,no rag,"Meat, pig (cold dressed carcass weight)",0.6666666666666666,19.0
419,microsoft/deberta-v3-base,Product,original,no rag,"Meat, chicken, breast",0.0,4.0
420,microsoft/deberta-v3-base,Product,original,no rag,"Milk, cow, raw (FPCM)",1.0,35.0
421,microsoft/deberta-v3-base,Product,original,no rag,Broiler chicken,1.0,32.0
422,microsoft/deberta-v3-base,Product,original,no rag,Beef cattle,1.0,181.0
423,microsoft/deberta-v3-base,Product,original,no rag,Hides,0.0,1.0
424,microsoft/deberta-v3-base,Product,original,no rag,"Sheep, ewe",1.0,38.0
425,microsoft/deberta-v3-base,Product,original,no rag,"Beef cattle, heifer",1.0,43.0
426,microsoft/deberta-v3-base,Product,original,no rag,"Beef cattle, calf (female, weaned)",1.0,24.0
427,microsoft/deberta-v3-base,Product,original,no rag,"Dairy cattle, calf (weaned)",1.0,4.0
428,microsoft/deberta-v3-base,Product,original,no rag,Cattle,1.0,5.0
429,microsoft/deberta-v3-base,Product,original,no rag,"Wool, sheep (greasy)",1.0,15.0
430,microsoft/deberta-v3-base,Product,original,no rag,"Meat, dairy cattle (liveweight)",1.0,17.0
431,microsoft/deberta-v3-base,Product,original,no rag,"Beef cattle, steer",1.0,49.0
432,microsoft/deberta-v3-base,Product,original,no rag,"Meat, sheep (liveweight)",0.0,5.0
433,microsoft/deberta-v3-base,Product,original,no rag,"Beef cattle, heifer and steer",1.0,3.0
434,microsoft/deberta-v3-base,Product,original,no rag,"Dairy cattle, cow",1.0,14.0
435,microsoft/deberta-v3-base,Product,original,no rag,"Cattle, urine (kg mass)",1.0,5.0
436,microsoft/deberta-v3-base,Product,original,no rag,"Meat, pig (cold carcass weight)",0.0,1.0
437,microsoft/deberta-v3-base,Product,original,no rag,Offal,0.0,1.0
438,microsoft/deberta-v3-base,Product,original,no rag,Dairy cattle,1.0,29.0
439,microsoft/deberta-v3-base,Product,original,no rag,"Layer chicken, hen",1.0,6.0
440,microsoft/deberta-v3-base,Product,original,no rag,"Sheep, lamb (male, unweaned)",0.0,4.0
441,microsoft/deberta-v3-base,Product,original,no rag,"Meat, chicken, wings",1.0,3.0
442,microsoft/deberta-v3-base,Product,original,no rag,Wool,1.0,15.0
443,microsoft/deberta-v3-base,Product,original,no rag,"Eggs, hen, in shell (number)",1.0,15.0
444,microsoft/deberta-v3-base,Product,original,no rag,Pig,1.0,93.0
445,microsoft/deberta-v3-base,Product,original,no rag,"Broiler chicken, hen",0.0,5.0
446,microsoft/deberta-v3-base,Product,original,no rag,"Dairy cattle, calf (male, unweaned)",0.0,3.0
447,microsoft/deberta-v3-base,Product,original,no rag,"Meat, dairy cattle (cold carcass weight)",0.0,2.0
448,microsoft/deberta-v3-base,Product,original,no rag,"Dairy cattle, calf",0.0,1.0
449,microsoft/deberta-v3-base,Product,original,no rag,"Beef cattle, calf (male, weaned)",1.0,28.0
450,microsoft/deberta-v3-base,Product,original,no rag,"Meat, beef cattle (cold dressed carcass weight)",1.0,7.0
451,microsoft/deberta-v3-base,Product,original,no rag,"Eggs, hen, in shell",1.0,14.0
452,microsoft/deberta-v3-base,Product,original,no rag,"Broiler chicken, chick",0.0,10.0
453,microsoft/deberta-v3-base,Product,original,no rag,"Meat, chicken (liveweight)",0.0,9.0
454,microsoft/deberta-v3-base,Product,original,no rag,"Pig, piglet",1.0,26.0
455,microsoft/deberta-v3-base,Product,original,no rag,"Layer chicken, pullet",1.0,5.0
456,microsoft/deberta-v3-base,Product,original,no rag,"Sheep, lamb (female, unweaned)",0.0,4.0
457,microsoft/deberta-v3-base,Product,original,no rag,Milk,1.0,50.0
458,microsoft/deberta-v3-base,Product,original,no rag,"Beef cattle, bull",0.0,19.0
459,microsoft/deberta-v3-base,Product,original,no rag,Eggs,1.0,29.0
460,microsoft/deberta-v3-base,Product,original,no rag,"Sheep, lamb",1.0,36.0
461,microsoft/deberta-v3-base,Product,original,no rag,"Dairy cattle, calf (female, weaned)",0.0,1.0
462,microsoft/deberta-v3-base,Product,original,no rag,"Sheep, ram",1.0,27.0
463,microsoft/deberta-v3-base,Product,original,no rag,"Sheep, lamb (weaned)",1.0,22.0
464,microsoft/deberta-v3-base,Product,original,no rag,"Beef cattle, calf (weaned)",0.0,1.0
465,microsoft/deberta-v3-base,Product,original,no rag,"Meat, chicken, leg",0.0,2.0
466,microsoft/deberta-v3-base,Product,original,no rag,Sheep,1.0,133.0
467,microsoft/deberta-v3-base,Product,original,no rag,Layer chicken,1.0,17.0
468,microsoft/deberta-v3-base,Product,original,no rag,"Beef cattle, cow",1.0,10.0
469,microsoft/deberta-v3-base,Product,original,no rag,"Offal, pigs",0.0,1.0
470,microsoft/deberta-v3-base,Product,original,no rag,Poultry by-product meal,0.0,
471,microsoft/deberta-v3-base,Product,original,no rag,Meat,0.9230769230769231,94.0
472,microsoft/deberta-v3-base,Product,original,no rag,"Milk, cow, raw",0.0,15.0
473,microsoft/deberta-v3-base,Product,original,no rag,"Hides, dairy cattle, fresh",0.0,1.0
474,microsoft/deberta-v3-base,Product,original,no rag,"Pig, sow",1.0,18.0
475,microsoft/deberta-v3-base,Product,original,no rag,"Meat, beef cattle (liveweight)",1.0,5.0
476,microsoft/deberta-v3-base,Product,original,no rag,"Meat, chicken (cold carcass weight)",0.0,5.0
477,microsoft/deberta-v3-base,Product,original,no rag,"Meat, sheep (cold carcass weight)",0.0,3.0
478,microsoft/deberta-v3-large,Product,original,no rag,"Meat, beef cattle (cold carcass weight)",0.0,12.0
479,microsoft/deberta-v3-large,Product,original,no rag,"Dairy cattle, heifer",1.0,6.0
480,microsoft/deberta-v3-large,Product,original,no rag,"Meat, pig (cold dressed carcass weight)",1.0,19.0
481,microsoft/deberta-v3-large,Product,original,no rag,"Meat, chicken, breast",0.0,4.0
482,microsoft/deberta-v3-large,Product,original,no rag,"Milk, cow, raw (FPCM)",1.0,35.0
483,microsoft/deberta-v3-large,Product,original,no rag,Broiler chicken,1.0,32.0
484,microsoft/deberta-v3-large,Product,original,no rag,Beef cattle,1.0,181.0
485,microsoft/deberta-v3-large,Product,original,no rag,Hides,0.0,1.0
486,microsoft/deberta-v3-large,Product,original,no rag,"Sheep, ewe",1.0,38.0
487,microsoft/deberta-v3-large,Product,original,no rag,"Beef cattle, heifer",1.0,43.0
488,microsoft/deberta-v3-large,Product,original,no rag,"Beef cattle, calf (female, weaned)",1.0,24.0
489,microsoft/deberta-v3-large,Product,original,no rag,"Dairy cattle, calf (weaned)",1.0,4.0
490,microsoft/deberta-v3-large,Product,original,no rag,Cattle,1.0,5.0
491,microsoft/deberta-v3-large,Product,original,no rag,"Wool, sheep (greasy)",1.0,15.0
492,microsoft/deberta-v3-large,Product,original,no rag,"Meat, dairy cattle (liveweight)",1.0,17.0
493,microsoft/deberta-v3-large,Product,original,no rag,"Beef cattle, steer",1.0,49.0
494,microsoft/deberta-v3-large,Product,original,no rag,"Meat, sheep (liveweight)",0.0,5.0
495,microsoft/deberta-v3-large,Product,original,no rag,"Beef cattle, heifer and steer",1.0,3.0
496,microsoft/deberta-v3-large,Product,original,no rag,"Dairy cattle, cow",1.0,14.0
497,microsoft/deberta-v3-large,Product,original,no rag,"Cattle, urine (kg mass)",1.0,5.0
498,microsoft/deberta-v3-large,Product,original,no rag,"Meat, pig (cold carcass weight)",0.0,1.0
499,microsoft/deberta-v3-large,Product,original,no rag,Offal,0.0,1.0
500,microsoft/deberta-v3-large,Product,original,no rag,Dairy cattle,1.0,29.0
501,microsoft/deberta-v3-large,Product,original,no rag,"Layer chicken, hen",1.0,6.0
502,microsoft/deberta-v3-large,Product,original,no rag,"Sheep, lamb (male, unweaned)",0.0,4.0
503,microsoft/deberta-v3-large,Product,original,no rag,"Meat, chicken, wings",1.0,3.0
504,microsoft/deberta-v3-large,Product,original,no rag,Wool,1.0,15.0
505,microsoft/deberta-v3-large,Product,original,no rag,"Eggs, hen, in shell (number)",1.0,15.0
506,microsoft/deberta-v3-large,Product,original,no rag,Pig,1.0,93.0
507,microsoft/deberta-v3-large,Product,original,no rag,"Broiler chicken, hen",0.0,5.0
508,microsoft/deberta-v3-large,Product,original,no rag,"Dairy cattle, calf (male, unweaned)",0.0,3.0
509,microsoft/deberta-v3-large,Product,original,no rag,"Meat, dairy cattle (cold carcass weight)",0.0,2.0
510,microsoft/deberta-v3-large,Product,original,no rag,"Dairy cattle, calf",0.0,1.0
511,microsoft/deberta-v3-large,Product,original,no rag,"Beef cattle, calf (male, weaned)",1.0,28.0
512,microsoft/deberta-v3-large,Product,original,no rag,"Meat, beef cattle (cold dressed carcass weight)",1.0,7.0
513,microsoft/deberta-v3-large,Product,original,no rag,"Eggs, hen, in shell",1.0,14.0
514,microsoft/deberta-v3-large,Product,original,no rag,"Broiler chicken, chick",0.0,10.0
515,microsoft/deberta-v3-large,Product,original,no rag,"Meat, chicken (liveweight)",0.0,9.0
516,microsoft/deberta-v3-large,Product,original,no rag,"Pig, piglet",1.0,26.0
517,microsoft/deberta-v3-large,Product,original,no rag,"Layer chicken, pullet",1.0,5.0
518,microsoft/deberta-v3-large,Product,original,no rag,"Sheep, lamb (female, unweaned)",0.0,4.0
519,microsoft/deberta-v3-large,Product,original,no rag,Milk,1.0,50.0
520,microsoft/deberta-v3-large,Product,original,no rag,"Beef cattle, bull",0.0,19.0
521,microsoft/deberta-v3-large,Product,original,no rag,Eggs,1.0,29.0
522,microsoft/deberta-v3-large,Product,original,no rag,"Sheep, lamb",1.0,36.0
523,microsoft/deberta-v3-large,Product,original,no rag,"Dairy cattle, calf (female, weaned)",0.0,1.0
524,microsoft/deberta-v3-large,Product,original,no rag,"Sheep, ram",1.0,27.0
525,microsoft/deberta-v3-large,Product,original,no rag,"Sheep, lamb (weaned)",1.0,22.0
526,microsoft/deberta-v3-large,Product,original,no rag,"Beef cattle, calf (weaned)",0.0,1.0
527,microsoft/deberta-v3-large,Product,original,no rag,"Meat, chicken, leg",1.0,2.0
528,microsoft/deberta-v3-large,Product,original,no rag,Sheep,1.0,133.0
529,microsoft/deberta-v3-large,Product,original,no rag,Layer chicken,1.0,17.0
530,microsoft/deberta-v3-large,Product,original,no rag,"Beef cattle, cow",1.0,10.0
531,microsoft/deberta-v3-large,Product,original,no rag,"Offal, pigs",0.0,1.0
532,microsoft/deberta-v3-large,Product,original,no rag,Poultry by-product meal,0.0,
533,microsoft/deberta-v3-large,Product,original,no rag,Meat,0.9230769230769231,94.0
534,microsoft/deberta-v3-large,Product,original,no rag,"Milk, cow, raw",0.0,15.0
535,microsoft/deberta-v3-large,Product,original,no rag,"Hides, dairy cattle, fresh",0.0,1.0
536,microsoft/deberta-v3-large,Product,original,no rag,"Pig, sow",1.0,18.0
537,microsoft/deberta-v3-large,Product,original,no rag,"Meat, beef cattle (liveweight)",1.0,5.0
538,microsoft/deberta-v3-large,Product,original,no rag,"Meat, chicken (cold carcass weight)",0.0,5.0
539,microsoft/deberta-v3-large,Product,original,no rag,"Meat, sheep (cold carcass weight)",0.0,3.0
540,microsoft/deberta-v3-small,Product,original,no rag,"Meat, beef cattle (cold carcass weight)",0.0,12.0
541,microsoft/deberta-v3-small,Product,original,no rag,"Dairy cattle, heifer",1.0,6.0
542,microsoft/deberta-v3-small,Product,original,no rag,"Meat, pig (cold dressed carcass weight)",1.0,19.0
543,microsoft/deberta-v3-small,Product,original,no rag,"Meat, chicken, breast",0.0,4.0
544,microsoft/deberta-v3-small,Product,original,no rag,"Milk, cow, raw (FPCM)",1.0,35.0
545,microsoft/deberta-v3-small,Product,original,no rag,Broiler chicken,1.0,32.0
546,microsoft/deberta-v3-small,Product,original,no rag,Beef cattle,1.0,181.0
547,microsoft/deberta-v3-small,Product,original,no rag,Hides,0.0,1.0
548,microsoft/deberta-v3-small,Product,original,no rag,"Sheep, ewe",1.0,38.0
549,microsoft/deberta-v3-small,Product,original,no rag,"Beef cattle, heifer",1.0,43.0
550,microsoft/deberta-v3-small,Product,original,no rag,"Beef cattle, calf (female, weaned)",1.0,24.0
551,microsoft/deberta-v3-small,Product,original,no rag,"Dairy cattle, calf (weaned)",1.0,4.0
552,microsoft/deberta-v3-small,Product,original,no rag,Cattle,1.0,5.0
553,microsoft/deberta-v3-small,Product,original,no rag,"Wool, sheep (greasy)",1.0,15.0
554,microsoft/deberta-v3-small,Product,original,no rag,"Meat, dairy cattle (liveweight)",1.0,17.0
555,microsoft/deberta-v3-small,Product,original,no rag,"Beef cattle, steer",1.0,49.0
556,microsoft/deberta-v3-small,Product,original,no rag,"Meat, sheep (liveweight)",0.0,5.0
557,microsoft/deberta-v3-small,Product,original,no rag,"Beef cattle, heifer and steer",0.0,3.0
558,microsoft/deberta-v3-small,Product,original,no rag,"Dairy cattle, cow",1.0,14.0
559,microsoft/deberta-v3-small,Product,original,no rag,"Cattle, urine (kg mass)",1.0,5.0
560,microsoft/deberta-v3-small,Product,original,no rag,"Meat, pig (cold carcass weight)",0.0,1.0
561,microsoft/deberta-v3-small,Product,original,no rag,Offal,0.0,1.0
562,microsoft/deberta-v3-small,Product,original,no rag,Dairy cattle,1.0,29.0
563,microsoft/deberta-v3-small,Product,original,no rag,"Layer chicken, hen",1.0,6.0
564,microsoft/deberta-v3-small,Product,original,no rag,"Sheep, lamb (male, unweaned)",0.0,4.0
565,microsoft/deberta-v3-small,Product,original,no rag,"Meat, chicken, wings",1.0,3.0
566,microsoft/deberta-v3-small,Product,original,no rag,Wool,1.0,15.0
567,microsoft/deberta-v3-small,Product,original,no rag,"Eggs, hen, in shell (number)",1.0,15.0
568,microsoft/deberta-v3-small,Product,original,no rag,Pig,1.0,93.0
569,microsoft/deberta-v3-small,Product,original,no rag,"Broiler chicken, hen",0.0,5.0
570,microsoft/deberta-v3-small,Product,original,no rag,"Dairy cattle, calf (male, unweaned)",0.0,3.0
571,microsoft/deberta-v3-small,Product,original,no rag,"Meat, dairy cattle (cold carcass weight)",0.0,2.0
572,microsoft/deberta-v3-small,Product,original,no rag,"Dairy cattle, calf",0.0,1.0
573,microsoft/deberta-v3-small,Product,original,no rag,"Beef cattle, calf (male, weaned)",1.0,28.0
574,microsoft/deberta-v3-small,Product,original,no rag,"Meat, beef cattle (cold dressed carcass weight)",1.0,7.0
575,microsoft/deberta-v3-small,Product,original,no rag,"Eggs, hen, in shell",1.0,14.0
576,microsoft/deberta-v3-small,Product,original,no rag,"Broiler chicken, chick",0.0,10.0
577,microsoft/deberta-v3-small,Product,original,no rag,"Meat, chicken (liveweight)",0.0,9.0
578,microsoft/deberta-v3-small,Product,original,no rag,"Pig, piglet",1.0,26.0
579,microsoft/deberta-v3-small,Product,original,no rag,"Layer chicken, pullet",1.0,5.0
580,microsoft/deberta-v3-small,Product,original,no rag,"Sheep, lamb (female, unweaned)",0.0,4.0
581,microsoft/deberta-v3-small,Product,original,no rag,Milk,1.0,50.0
582,microsoft/deberta-v3-small,Product,original,no rag,"Beef cattle, bull",0.0,19.0
583,microsoft/deberta-v3-small,Product,original,no rag,Eggs,1.0,29.0
584,microsoft/deberta-v3-small,Product,original,no rag,"Sheep, lamb",1.0,36.0
585,microsoft/deberta-v3-small,Product,original,no rag,"Dairy cattle, calf (female, weaned)",0.0,1.0
586,microsoft/deberta-v3-small,Product,original,no rag,"Sheep, ram",1.0,27.0
587,microsoft/deberta-v3-small,Product,original,no rag,"Sheep, lamb (weaned)",1.0,22.0
588,microsoft/deberta-v3-small,Product,original,no rag,"Beef cattle, calf (weaned)",0.0,1.0
589,microsoft/deberta-v3-small,Product,original,no rag,"Meat, chicken, leg",0.0,2.0
590,microsoft/deberta-v3-small,Product,original,no rag,Sheep,1.0,133.0
591,microsoft/deberta-v3-small,Product,original,no rag,Layer chicken,1.0,17.0
592,microsoft/deberta-v3-small,Product,original,no rag,"Beef cattle, cow",1.0,10.0
593,microsoft/deberta-v3-small,Product,original,no rag,"Offal, pigs",0.0,1.0
594,microsoft/deberta-v3-small,Product,original,no rag,Poultry by-product meal,0.0,
595,microsoft/deberta-v3-small,Product,original,no rag,Meat,0.9230769230769231,94.0
596,microsoft/deberta-v3-small,Product,original,no rag,"Milk, cow, raw",0.0,15.0
597,microsoft/deberta-v3-small,Product,original,no rag,"Hides, dairy cattle, fresh",0.0,1.0
598,microsoft/deberta-v3-small,Product,original,no rag,"Pig, sow",1.0,18.0
599,microsoft/deberta-v3-small,Product,original,no rag,"Meat, beef cattle (liveweight)",1.0,5.0
600,microsoft/deberta-v3-small,Product,original,no rag,"Meat, chicken (cold carcass weight)",0.0,5.0
601,microsoft/deberta-v3-small,Product,original,no rag,"Meat, sheep (cold carcass weight)",0.0,3.0
602,climatebert/distilroberta-base-climate-f,System Boundary,original,no rag,True_animalFeed,1.0,628.0
603,climatebert/distilroberta-base-climate-f,System Boundary,original,no rag,True_water,0.9411764705882353,157.0
604,climatebert/distilroberta-base-climate-f,System Boundary,original,no rag,True_liveAnimalInput,0.9861111111111112,613.0
605,climatebert/distilroberta-base-climate-f,System Boundary,original,no rag,True_electricityFuel,0.9666666666666667,440.0
606,climatebert/distilroberta-base-climate-f,System Boundary,original,no rag,True_transport,1.0,44.0
607,climatebert/distilroberta-base-climate-f,System Boundary,original,no rag,True_pesticideVeterinaryDrug,0.9583333333333334,328.0
608,climatebert/distilroberta-base-climate-f,System Boundary,original,no rag,True_seed,0.9871794871794872,602.0
609,climatebert/distilroberta-base-climate-f,System Boundary,original,no rag,True_otherChemical,1.0,615.0
610,climatebert/distilroberta-base-climate-f,System Boundary,original,no rag,True_animalPopulation,1.0,637.0
611,climatebert/distilroberta-base-climate-f,System Boundary,original,no rag,True_freshForage,1.0,358.0
612,climatebert/distilroberta-base-climate-f,System Boundary,original,no rag,True_excreta,1.0,161.0
613,climatebert/distilroberta-base-climate-f,System Boundary,original,no rag,True_product,1.0,632.0
614,climatebert/distilroberta-base-climate-f,System Boundary,original,no rag,True_waste,1.0,68.0
615,climatebert/distilroberta-base-climate-f,System Boundary,original,no rag,True_soilAmendment,1.0,622.0
616,climatebert/distilroberta-base-climate-f,System Boundary,original,no rag,True_operation,1.0,225.0
617,climatebert/distilroberta-base-climate-f,System Boundary,original,no rag,True_fertiliser,1.0,632.0
618,climatebert/distilroberta-base-climate-f,System Boundary,original,no rag,True_material,1.0,9.0
619,climatebert/distilroberta-base-climate-f,System Boundary,original,no rag,True_ingredient,1.0,678.0
620,climatebert/distilroberta-base-climate-f,System Boundary,original,no rag,True_cropResidue,1.0,436.0
621,ESGBERT/EnvironmentalBERT-base,System Boundary,original,no rag,True_animalFeed,1.0,628.0
622,ESGBERT/EnvironmentalBERT-base,System Boundary,original,no rag,True_water,0.9285714285714286,157.0
623,ESGBERT/EnvironmentalBERT-base,System Boundary,original,no rag,True_liveAnimalInput,0.9861111111111112,613.0
624,ESGBERT/EnvironmentalBERT-base,System Boundary,original,no rag,True_electricityFuel,0.9661016949152542,440.0
625,ESGBERT/EnvironmentalBERT-base,System Boundary,original,no rag,True_transport,0.0,44.0
626,ESGBERT/EnvironmentalBERT-base,System Boundary,original,no rag,True_pesticideVeterinaryDrug,0.94,328.0
627,ESGBERT/EnvironmentalBERT-base,System Boundary,original,no rag,True_seed,1.0,602.0
628,ESGBERT/EnvironmentalBERT-base,System Boundary,original,no rag,True_otherChemical,1.0,615.0
629,ESGBERT/EnvironmentalBERT-base,System Boundary,original,no rag,True_animalPopulation,1.0,637.0
630,ESGBERT/EnvironmentalBERT-base,System Boundary,original,no rag,True_freshForage,1.0,358.0
631,ESGBERT/EnvironmentalBERT-base,System Boundary,original,no rag,True_excreta,1.0,161.0
632,ESGBERT/EnvironmentalBERT-base,System Boundary,original,no rag,True_product,0.9882352941176471,632.0
633,ESGBERT/EnvironmentalBERT-base,System Boundary,original,no rag,True_waste,1.0,68.0
634,ESGBERT/EnvironmentalBERT-base,System Boundary,original,no rag,True_soilAmendment,1.0,622.0
635,ESGBERT/EnvironmentalBERT-base,System Boundary,original,no rag,True_operation,1.0,225.0
636,ESGBERT/EnvironmentalBERT-base,System Boundary,original,no rag,True_fertiliser,0.9880952380952381,632.0
637,ESGBERT/EnvironmentalBERT-base,System Boundary,original,no rag,True_material,1.0,9.0
638,ESGBERT/EnvironmentalBERT-base,System Boundary,original,no rag,True_ingredient,1.0,678.0
639,ESGBERT/EnvironmentalBERT-base,System Boundary,original,no rag,True_cropResidue,1.0,436.0
640,FacebookAI/roberta-large,System Boundary,original,no rag,True_animalFeed,1.0,628.0
641,FacebookAI/roberta-large,System Boundary,original,no rag,True_water,0.9285714285714286,157.0
642,FacebookAI/roberta-large,System Boundary,original,no rag,True_liveAnimalInput,0.9861111111111112,613.0
643,FacebookAI/roberta-large,System Boundary,original,no rag,True_electricityFuel,0.9661016949152542,440.0
644,FacebookAI/roberta-large,System Boundary,original,no rag,True_transport,1.0,44.0
645,FacebookAI/roberta-large,System Boundary,original,no rag,True_pesticideVeterinaryDrug,0.9791666666666666,328.0
646,FacebookAI/roberta-large,System Boundary,original,no rag,True_seed,1.0,602.0
647,FacebookAI/roberta-large,System Boundary,original,no rag,True_otherChemical,1.0,615.0
648,FacebookAI/roberta-large,System Boundary,original,no rag,True_animalPopulation,1.0,637.0
649,FacebookAI/roberta-large,System Boundary,original,no rag,True_freshForage,1.0,358.0
650,FacebookAI/roberta-large,System Boundary,original,no rag,True_excreta,0.9047619047619048,161.0
651,FacebookAI/roberta-large,System Boundary,original,no rag,True_product,1.0,632.0
652,FacebookAI/roberta-large,System Boundary,original,no rag,True_waste,0.8461538461538461,68.0
653,FacebookAI/roberta-large,System Boundary,original,no rag,True_soilAmendment,1.0,622.0
654,FacebookAI/roberta-large,System Boundary,original,no rag,True_operation,1.0,225.0
655,FacebookAI/roberta-large,System Boundary,original,no rag,True_fertiliser,1.0,632.0
656,FacebookAI/roberta-large,System Boundary,original,no rag,True_material,1.0,9.0
657,FacebookAI/roberta-large,System Boundary,original,no rag,True_ingredient,1.0,678.0
658,FacebookAI/roberta-large,System Boundary,original,no rag,True_cropResidue,1.0,436.0
659,google-bert/bert-base-uncased,System Boundary,original,no rag,True_animalFeed,1.0,628.0
660,google-bert/bert-base-uncased,System Boundary,original,no rag,True_water,0.9333333333333333,157.0
661,google-bert/bert-base-uncased,System Boundary,original,no rag,True_liveAnimalInput,0.9857142857142858,613.0
662,google-bert/bert-base-uncased,System Boundary,original,no rag,True_electricityFuel,0.9661016949152542,440.0
663,google-bert/bert-base-uncased,System Boundary,original,no rag,True_transport,1.0,44.0
664,google-bert/bert-base-uncased,System Boundary,original,no rag,True_pesticideVeterinaryDrug,0.94,328.0
665,google-bert/bert-base-uncased,System Boundary,original,no rag,True_seed,1.0,602.0
666,google-bert/bert-base-uncased,System Boundary,original,no rag,True_otherChemical,1.0,615.0
667,google-bert/bert-base-uncased,System Boundary,original,no rag,True_animalPopulation,1.0,637.0
668,google-bert/bert-base-uncased,System Boundary,original,no rag,True_freshForage,1.0,358.0
669,google-bert/bert-base-uncased,System Boundary,original,no rag,True_excreta,1.0,161.0
670,google-bert/bert-base-uncased,System Boundary,original,no rag,True_product,1.0,632.0
671,google-bert/bert-base-uncased,System Boundary,original,no rag,True_waste,1.0,68.0
672,google-bert/bert-base-uncased,System Boundary,original,no rag,True_soilAmendment,1.0,622.0
673,google-bert/bert-base-uncased,System Boundary,original,no rag,True_operation,1.0,225.0
674,google-bert/bert-base-uncased,System Boundary,original,no rag,True_fertiliser,1.0,632.0
675,google-bert/bert-base-uncased,System Boundary,original,no rag,True_material,1.0,9.0
676,google-bert/bert-base-uncased,System Boundary,original,no rag,True_ingredient,1.0,678.0
677,google-bert/bert-base-uncased,System Boundary,original,no rag,True_cropResidue,1.0,436.0
678,microsoft/deberta-v3-base,System Boundary,original,no rag,True_animalFeed,1.0,628.0
679,microsoft/deberta-v3-base,System Boundary,original,no rag,True_water,0.9230769230769231,157.0
680,microsoft/deberta-v3-base,System Boundary,original,no rag,True_liveAnimalInput,0.9857142857142858,613.0
681,microsoft/deberta-v3-base,System Boundary,original,no rag,True_electricityFuel,0.9655172413793104,440.0
682,microsoft/deberta-v3-base,System Boundary,original,no rag,True_transport,1.0,44.0
683,microsoft/deberta-v3-base,System Boundary,original,no rag,True_pesticideVeterinaryDrug,0.9387755102040817,328.0
684,microsoft/deberta-v3-base,System Boundary,original,no rag,True_seed,0.9753086419753086,602.0
685,microsoft/deberta-v3-base,System Boundary,original,no rag,True_otherChemical,0.9875,615.0
686,microsoft/deberta-v3-base,System Boundary,original,no rag,True_animalPopulation,1.0,637.0
687,microsoft/deberta-v3-base,System Boundary,original,no rag,True_freshForage,1.0,358.0
688,microsoft/deberta-v3-base,System Boundary,original,no rag,True_excreta,1.0,161.0
689,microsoft/deberta-v3-base,System Boundary,original,no rag,True_product,1.0,632.0
690,microsoft/deberta-v3-base,System Boundary,original,no rag,True_waste,0.8461538461538461,68.0
691,microsoft/deberta-v3-base,System Boundary,original,no rag,True_soilAmendment,1.0,622.0
692,microsoft/deberta-v3-base,System Boundary,original,no rag,True_operation,1.0,225.0
693,microsoft/deberta-v3-base,System Boundary,original,no rag,True_fertiliser,0.9764705882352941,632.0
694,microsoft/deberta-v3-base,System Boundary,original,no rag,True_material,1.0,9.0
695,microsoft/deberta-v3-base,System Boundary,original,no rag,True_ingredient,1.0,678.0
696,microsoft/deberta-v3-base,System Boundary,original,no rag,True_cropResidue,1.0,436.0
697,microsoft/deberta-v3-large,System Boundary,original,no rag,True_animalFeed,1.0,628.0
698,microsoft/deberta-v3-large,System Boundary,original,no rag,True_water,0.8888888888888888,157.0
699,microsoft/deberta-v3-large,System Boundary,original,no rag,True_liveAnimalInput,0.9863013698630136,613.0
700,microsoft/deberta-v3-large,System Boundary,original,no rag,True_electricityFuel,0.9661016949152542,440.0
701,microsoft/deberta-v3-large,System Boundary,original,no rag,True_transport,1.0,44.0
702,microsoft/deberta-v3-large,System Boundary,original,no rag,True_pesticideVeterinaryDrug,0.94,328.0
703,microsoft/deberta-v3-large,System Boundary,original,no rag,True_seed,1.0,602.0
704,microsoft/deberta-v3-large,System Boundary,original,no rag,True_otherChemical,0.9875,615.0
705,microsoft/deberta-v3-large,System Boundary,original,no rag,True_animalPopulation,1.0,637.0
706,microsoft/deberta-v3-large,System Boundary,original,no rag,True_freshForage,1.0,358.0
707,microsoft/deberta-v3-large,System Boundary,original,no rag,True_excreta,0.9047619047619048,161.0
708,microsoft/deberta-v3-large,System Boundary,original,no rag,True_product,1.0,632.0
709,microsoft/deberta-v3-large,System Boundary,original,no rag,True_waste,1.0,68.0
710,microsoft/deberta-v3-large,System Boundary,original,no rag,True_soilAmendment,1.0,622.0
711,microsoft/deberta-v3-large,System Boundary,original,no rag,True_operation,1.0,225.0
712,microsoft/deberta-v3-large,System Boundary,original,no rag,True_fertiliser,1.0,632.0
713,microsoft/deberta-v3-large,System Boundary,original,no rag,True_material,1.0,9.0
714,microsoft/deberta-v3-large,System Boundary,original,no rag,True_ingredient,1.0,678.0
715,microsoft/deberta-v3-large,System Boundary,original,no rag,True_cropResidue,1.0,436.0
716,microsoft/deberta-v3-small,System Boundary,original,no rag,True_animalFeed,1.0,628.0
717,microsoft/deberta-v3-small,System Boundary,original,no rag,True_water,0.8125,157.0
718,microsoft/deberta-v3-small,System Boundary,original,no rag,True_liveAnimalInput,0.9857142857142858,613.0
719,microsoft/deberta-v3-small,System Boundary,original,no rag,True_electricityFuel,0.9322033898305084,440.0
720,microsoft/deberta-v3-small,System Boundary,original,no rag,True_transport,0.0,44.0
721,microsoft/deberta-v3-small,System Boundary,original,no rag,True_pesticideVeterinaryDrug,0.92,328.0
722,microsoft/deberta-v3-small,System Boundary,original,no rag,True_seed,0.9875,602.0
723,microsoft/deberta-v3-small,System Boundary,original,no rag,True_otherChemical,0.9875,615.0
724,microsoft/deberta-v3-small,System Boundary,original,no rag,True_animalPopulation,1.0,637.0
725,microsoft/deberta-v3-small,System Boundary,original,no rag,True_freshForage,1.0,358.0
726,microsoft/deberta-v3-small,System Boundary,original,no rag,True_excreta,0.9047619047619048,161.0
727,microsoft/deberta-v3-small,System Boundary,original,no rag,True_product,1.0,632.0
728,microsoft/deberta-v3-small,System Boundary,original,no rag,True_waste,1.0,68.0
729,microsoft/deberta-v3-small,System Boundary,original,no rag,True_soilAmendment,0.9759036144578314,622.0
730,microsoft/deberta-v3-small,System Boundary,original,no rag,True_operation,1.0,225.0
731,microsoft/deberta-v3-small,System Boundary,original,no rag,True_fertiliser,0.9880952380952381,632.0
732,microsoft/deberta-v3-small,System Boundary,original,no rag,True_material,1.0,9.0
733,microsoft/deberta-v3-small,System Boundary,original,no rag,True_ingredient,1.0,678.0
734,microsoft/deberta-v3-small,System Boundary,original,no rag,True_cropResidue,1.0,436.0
735,climatebert/distilroberta-base-climate-f,Allocation,original,rag,economic,0.9692307692307692,463.0
736,climatebert/distilroberta-base-climate-f,Allocation,original,rag,energy,0.0,
737,climatebert/distilroberta-base-climate-f,Allocation,original,rag,none required,0.75,122.0
738,climatebert/distilroberta-base-climate-f,Allocation,original,rag,none,1.0,67.0
739,climatebert/distilroberta-base-climate-f,Allocation,original,rag,mass,0.0,7.0
740,climatebert/distilroberta-base-climate-f,Allocation,original,rag,biophysical,0.0,21.0
741,ESGBERT/EnvironmentalBERT-base,Allocation,original,rag,economic,0.9848484848484849,463.0
742,ESGBERT/EnvironmentalBERT-base,Allocation,original,rag,energy,0.0,
743,ESGBERT/EnvironmentalBERT-base,Allocation,original,rag,none required,0.75,122.0
744,ESGBERT/EnvironmentalBERT-base,Allocation,original,rag,none,0.875,67.0
745,ESGBERT/EnvironmentalBERT-base,Allocation,original,rag,mass,0.0,7.0
746,ESGBERT/EnvironmentalBERT-base,Allocation,original,rag,biophysical,0.0,21.0
747,FacebookAI/roberta-large,Allocation,original,rag,economic,0.9846153846153847,463.0
748,FacebookAI/roberta-large,Allocation,original,rag,energy,0.0,
749,FacebookAI/roberta-large,Allocation,original,rag,none required,0.75,122.0
750,FacebookAI/roberta-large,Allocation,original,rag,none,0.8888888888888888,67.0
751,FacebookAI/roberta-large,Allocation,original,rag,mass,0.0,7.0
752,FacebookAI/roberta-large,Allocation,original,rag,biophysical,0.6666666666666666,21.0
753,google-bert/bert-base-uncased,Allocation,original,rag,economic,0.9705882352941176,463.0
754,google-bert/bert-base-uncased,Allocation,original,rag,energy,0.0,
755,google-bert/bert-base-uncased,Allocation,original,rag,none required,0.75,122.0
756,google-bert/bert-base-uncased,Allocation,original,rag,none,1.0,67.0
757,google-bert/bert-base-uncased,Allocation,original,rag,mass,0.0,7.0
758,google-bert/bert-base-uncased,Allocation,original,rag,biophysical,1.0,21.0
759,microsoft/deberta-v3-base,Allocation,original,rag,economic,0.9836065573770492,463.0
760,microsoft/deberta-v3-base,Allocation,original,rag,energy,0.0,
761,microsoft/deberta-v3-base,Allocation,original,rag,none required,0.5384615384615384,122.0
762,microsoft/deberta-v3-base,Allocation,original,rag,none,0.875,67.0
763,microsoft/deberta-v3-base,Allocation,original,rag,mass,0.0,7.0
764,microsoft/deberta-v3-base,Allocation,original,rag,biophysical,0.0,21.0
765,microsoft/deberta-v3-large,Allocation,original,rag,economic,0.9571428571428572,463.0
766,microsoft/deberta-v3-large,Allocation,original,rag,energy,0.0,
767,microsoft/deberta-v3-large,Allocation,original,rag,none required,0.875,122.0
768,microsoft/deberta-v3-large,Allocation,original,rag,none,1.0,67.0
769,microsoft/deberta-v3-large,Allocation,original,rag,mass,0.0,7.0
770,microsoft/deberta-v3-large,Allocation,original,rag,biophysical,0.0,21.0
771,microsoft/deberta-v3-small,Allocation,original,rag,economic,0.9848484848484849,463.0
772,microsoft/deberta-v3-small,Allocation,original,rag,energy,0.0,
773,microsoft/deberta-v3-small,Allocation,original,rag,none required,0.875,122.0
774,microsoft/deberta-v3-small,Allocation,original,rag,none,0.7777777777777778,67.0
775,microsoft/deberta-v3-small,Allocation,original,rag,mass,0.0,7.0
776,microsoft/deberta-v3-small,Allocation,original,rag,biophysical,0.0,21.0
777,climatebert/distilroberta-base-climate-f,Functional Unit,original,rag,relative,1.0,631.0
778,climatebert/distilroberta-base-climate-f,Functional Unit,original,rag,kg FPCM,1.0,35.0
779,climatebert/distilroberta-base-climate-f,Functional Unit,original,rag,1 ha,1.0,49.0
780,climatebert/distilroberta-base-climate-f,Functional Unit,original,rag,number,1.0,500.0
781,climatebert/distilroberta-base-climate-f,Functional Unit,original,rag,kg liveweight,1.0,36.0
782,climatebert/distilroberta-base-climate-f,Functional Unit,original,rag,kg ready-to-cook weight,0.75,9.0
783,climatebert/distilroberta-base-climate-f,Functional Unit,original,rag,kg cold dressed carcass weight,1.0,26.0
784,climatebert/distilroberta-base-climate-f,Functional Unit,original,rag,kg,1.0,51.0
785,climatebert/distilroberta-base-climate-f,Functional Unit,original,rag,kg cold carcass weight,0.0,23.0
786,ESGBERT/EnvironmentalBERT-base,Functional Unit,original,rag,relative,1.0,631.0
787,ESGBERT/EnvironmentalBERT-base,Functional Unit,original,rag,kg FPCM,1.0,35.0
788,ESGBERT/EnvironmentalBERT-base,Functional Unit,original,rag,1 ha,1.0,49.0
789,ESGBERT/EnvironmentalBERT-base,Functional Unit,original,rag,number,1.0,500.0
790,ESGBERT/EnvironmentalBERT-base,Functional Unit,original,rag,kg liveweight,1.0,36.0
791,ESGBERT/EnvironmentalBERT-base,Functional Unit,original,rag,kg ready-to-cook weight,0.75,9.0
792,ESGBERT/EnvironmentalBERT-base,Functional Unit,original,rag,kg cold dressed carcass weight,1.0,26.0
793,ESGBERT/EnvironmentalBERT-base,Functional Unit,original,rag,kg,1.0,51.0
794,ESGBERT/EnvironmentalBERT-base,Functional Unit,original,rag,kg cold carcass weight,0.0,23.0
795,FacebookAI/roberta-large,Functional Unit,original,rag,relative,1.0,631.0
796,FacebookAI/roberta-large,Functional Unit,original,rag,kg FPCM,1.0,35.0
797,FacebookAI/roberta-large,Functional Unit,original,rag,1 ha,1.0,49.0
798,FacebookAI/roberta-large,Functional Unit,original,rag,number,1.0,500.0
799,FacebookAI/roberta-large,Functional Unit,original,rag,kg liveweight,1.0,36.0
800,FacebookAI/roberta-large,Functional Unit,original,rag,kg ready-to-cook weight,1.0,9.0
801,FacebookAI/roberta-large,Functional Unit,original,rag,kg cold dressed carcass weight,1.0,26.0
802,FacebookAI/roberta-large,Functional Unit,original,rag,kg,1.0,51.0
803,FacebookAI/roberta-large,Functional Unit,original,rag,kg cold carcass weight,0.0,23.0
804,google-bert/bert-base-uncased,Functional Unit,original,rag,relative,1.0,631.0
805,google-bert/bert-base-uncased,Functional Unit,original,rag,kg FPCM,1.0,35.0
806,google-bert/bert-base-uncased,Functional Unit,original,rag,1 ha,1.0,49.0
807,google-bert/bert-base-uncased,Functional Unit,original,rag,number,0.9850746268656716,500.0
808,google-bert/bert-base-uncased,Functional Unit,original,rag,kg liveweight,1.0,36.0
809,google-bert/bert-base-uncased,Functional Unit,original,rag,kg ready-to-cook weight,1.0,9.0
810,google-bert/bert-base-uncased,Functional Unit,original,rag,kg cold dressed carcass weight,1.0,26.0
811,google-bert/bert-base-uncased,Functional Unit,original,rag,kg,1.0,51.0
812,google-bert/bert-base-uncased,Functional Unit,original,rag,kg cold carcass weight,0.0,23.0
813,microsoft/deberta-v3-base,Functional Unit,original,rag,relative,1.0,631.0
814,microsoft/deberta-v3-base,Functional Unit,original,rag,kg FPCM,1.0,35.0
815,microsoft/deberta-v3-base,Functional Unit,original,rag,1 ha,1.0,49.0
816,microsoft/deberta-v3-base,Functional Unit,original,rag,number,1.0,500.0
817,microsoft/deberta-v3-base,Functional Unit,original,rag,kg liveweight,1.0,36.0
818,microsoft/deberta-v3-base,Functional Unit,original,rag,kg ready-to-cook weight,0.75,9.0
819,microsoft/deberta-v3-base,Functional Unit,original,rag,kg cold dressed carcass weight,1.0,26.0
820,microsoft/deberta-v3-base,Functional Unit,original,rag,kg,1.0,51.0
821,microsoft/deberta-v3-base,Functional Unit,original,rag,kg cold carcass weight,0.0,23.0
822,microsoft/deberta-v3-large,Functional Unit,original,rag,relative,1.0,631.0
823,microsoft/deberta-v3-large,Functional Unit,original,rag,kg FPCM,1.0,35.0
824,microsoft/deberta-v3-large,Functional Unit,original,rag,1 ha,1.0,49.0
825,microsoft/deberta-v3-large,Functional Unit,original,rag,number,1.0,500.0
826,microsoft/deberta-v3-large,Functional Unit,original,rag,kg liveweight,1.0,36.0
827,microsoft/deberta-v3-large,Functional Unit,original,rag,kg ready-to-cook weight,1.0,9.0
828,microsoft/deberta-v3-large,Functional Unit,original,rag,kg cold dressed carcass weight,1.0,26.0
829,microsoft/deberta-v3-large,Functional Unit,original,rag,kg,1.0,51.0
830,microsoft/deberta-v3-large,Functional Unit,original,rag,kg cold carcass weight,0.0,23.0
831,microsoft/deberta-v3-small,Functional Unit,original,rag,relative,1.0,631.0
832,microsoft/deberta-v3-small,Functional Unit,original,rag,kg FPCM,1.0,35.0
833,microsoft/deberta-v3-small,Functional Unit,original,rag,1 ha,1.0,49.0
834,microsoft/deberta-v3-small,Functional Unit,original,rag,number,1.0,500.0
835,microsoft/deberta-v3-small,Functional Unit,original,rag,kg liveweight,1.0,36.0
836,microsoft/deberta-v3-small,Functional Unit,original,rag,kg ready-to-cook weight,0.75,9.0
837,microsoft/deberta-v3-small,Functional Unit,original,rag,kg cold dressed carcass weight,1.0,26.0
838,microsoft/deberta-v3-small,Functional Unit,original,rag,kg,1.0,51.0
839,microsoft/deberta-v3-small,Functional Unit,original,rag,kg cold carcass weight,0.0,23.0
840,climatebert/distilroberta-base-climate-f,Functional Unitn-retrieved-10,original,rag,relative,1.0,
841,climatebert/distilroberta-base-climate-f,Functional Unitn-retrieved-10,original,rag,kg FPCM,1.0,
842,climatebert/distilroberta-base-climate-f,Functional Unitn-retrieved-10,original,rag,1 ha,1.0,
843,climatebert/distilroberta-base-climate-f,Functional Unitn-retrieved-10,original,rag,number,1.0,
844,climatebert/distilroberta-base-climate-f,Functional Unitn-retrieved-10,original,rag,kg liveweight,1.0,
845,climatebert/distilroberta-base-climate-f,Functional Unitn-retrieved-10,original,rag,kg ready-to-cook weight,0.75,
846,climatebert/distilroberta-base-climate-f,Functional Unitn-retrieved-10,original,rag,kg cold dressed carcass weight,1.0,
847,climatebert/distilroberta-base-climate-f,Functional Unitn-retrieved-10,original,rag,kg,1.0,
848,climatebert/distilroberta-base-climate-f,Functional Unitn-retrieved-10,original,rag,kg cold carcass weight,0.0,
849,ESGBERT/EnvironmentalBERT-base,Functional Unitn-retrieved-10,original,rag,relative,1.0,
850,ESGBERT/EnvironmentalBERT-base,Functional Unitn-retrieved-10,original,rag,kg FPCM,1.0,
851,ESGBERT/EnvironmentalBERT-base,Functional Unitn-retrieved-10,original,rag,1 ha,1.0,
852,ESGBERT/EnvironmentalBERT-base,Functional Unitn-retrieved-10,original,rag,number,1.0,
853,ESGBERT/EnvironmentalBERT-base,Functional Unitn-retrieved-10,original,rag,kg liveweight,1.0,
854,ESGBERT/EnvironmentalBERT-base,Functional Unitn-retrieved-10,original,rag,kg ready-to-cook weight,0.75,
855,ESGBERT/EnvironmentalBERT-base,Functional Unitn-retrieved-10,original,rag,kg cold dressed carcass weight,1.0,
856,ESGBERT/EnvironmentalBERT-base,Functional Unitn-retrieved-10,original,rag,kg,1.0,
857,ESGBERT/EnvironmentalBERT-base,Functional Unitn-retrieved-10,original,rag,kg cold carcass weight,0.0,
858,FacebookAI/roberta-large,Functional Unitn-retrieved-10,original,rag,relative,1.0,
859,FacebookAI/roberta-large,Functional Unitn-retrieved-10,original,rag,kg FPCM,1.0,
860,FacebookAI/roberta-large,Functional Unitn-retrieved-10,original,rag,1 ha,1.0,
861,FacebookAI/roberta-large,Functional Unitn-retrieved-10,original,rag,number,1.0,
862,FacebookAI/roberta-large,Functional Unitn-retrieved-10,original,rag,kg liveweight,1.0,
863,FacebookAI/roberta-large,Functional Unitn-retrieved-10,original,rag,kg ready-to-cook weight,1.0,
864,FacebookAI/roberta-large,Functional Unitn-retrieved-10,original,rag,kg cold dressed carcass weight,1.0,
865,FacebookAI/roberta-large,Functional Unitn-retrieved-10,original,rag,kg,1.0,
866,FacebookAI/roberta-large,Functional Unitn-retrieved-10,original,rag,kg cold carcass weight,0.0,
867,google-bert/bert-base-uncased,Functional Unitn-retrieved-10,original,rag,relative,1.0,
868,google-bert/bert-base-uncased,Functional Unitn-retrieved-10,original,rag,kg FPCM,1.0,
869,google-bert/bert-base-uncased,Functional Unitn-retrieved-10,original,rag,1 ha,1.0,
870,google-bert/bert-base-uncased,Functional Unitn-retrieved-10,original,rag,number,1.0,
871,google-bert/bert-base-uncased,Functional Unitn-retrieved-10,original,rag,kg liveweight,1.0,
872,google-bert/bert-base-uncased,Functional Unitn-retrieved-10,original,rag,kg ready-to-cook weight,0.75,
873,google-bert/bert-base-uncased,Functional Unitn-retrieved-10,original,rag,kg cold dressed carcass weight,1.0,
874,google-bert/bert-base-uncased,Functional Unitn-retrieved-10,original,rag,kg,1.0,
875,google-bert/bert-base-uncased,Functional Unitn-retrieved-10,original,rag,kg cold carcass weight,0.0,
876,microsoft/deberta-v3-base,Functional Unitn-retrieved-10,original,rag,relative,1.0,
877,microsoft/deberta-v3-base,Functional Unitn-retrieved-10,original,rag,kg FPCM,1.0,
878,microsoft/deberta-v3-base,Functional Unitn-retrieved-10,original,rag,1 ha,1.0,
879,microsoft/deberta-v3-base,Functional Unitn-retrieved-10,original,rag,number,1.0,
880,microsoft/deberta-v3-base,Functional Unitn-retrieved-10,original,rag,kg liveweight,1.0,
881,microsoft/deberta-v3-base,Functional Unitn-retrieved-10,original,rag,kg ready-to-cook weight,1.0,
882,microsoft/deberta-v3-base,Functional Unitn-retrieved-10,original,rag,kg cold dressed carcass weight,1.0,
883,microsoft/deberta-v3-base,Functional Unitn-retrieved-10,original,rag,kg,1.0,
884,microsoft/deberta-v3-base,Functional Unitn-retrieved-10,original,rag,kg cold carcass weight,0.0,
885,microsoft/deberta-v3-large,Functional Unitn-retrieved-10,original,rag,relative,1.0,
886,microsoft/deberta-v3-large,Functional Unitn-retrieved-10,original,rag,kg FPCM,1.0,
887,microsoft/deberta-v3-large,Functional Unitn-retrieved-10,original,rag,1 ha,1.0,
888,microsoft/deberta-v3-large,Functional Unitn-retrieved-10,original,rag,number,1.0,
889,microsoft/deberta-v3-large,Functional Unitn-retrieved-10,original,rag,kg liveweight,1.0,
890,microsoft/deberta-v3-large,Functional Unitn-retrieved-10,original,rag,kg ready-to-cook weight,0.75,
891,microsoft/deberta-v3-large,Functional Unitn-retrieved-10,original,rag,kg cold dressed carcass weight,1.0,
892,microsoft/deberta-v3-large,Functional Unitn-retrieved-10,original,rag,kg,1.0,
893,microsoft/deberta-v3-large,Functional Unitn-retrieved-10,original,rag,kg cold carcass weight,0.0,
894,microsoft/deberta-v3-small,Functional Unitn-retrieved-10,original,rag,relative,1.0,
895,microsoft/deberta-v3-small,Functional Unitn-retrieved-10,original,rag,kg FPCM,1.0,
896,microsoft/deberta-v3-small,Functional Unitn-retrieved-10,original,rag,1 ha,1.0,
897,microsoft/deberta-v3-small,Functional Unitn-retrieved-10,original,rag,number,1.0,
898,microsoft/deberta-v3-small,Functional Unitn-retrieved-10,original,rag,kg liveweight,1.0,
899,microsoft/deberta-v3-small,Functional Unitn-retrieved-10,original,rag,kg ready-to-cook weight,0.75,
900,microsoft/deberta-v3-small,Functional Unitn-retrieved-10,original,rag,kg cold dressed carcass weight,1.0,
901,microsoft/deberta-v3-small,Functional Unitn-retrieved-10,original,rag,kg,1.0,
902,microsoft/deberta-v3-small,Functional Unitn-retrieved-10,original,rag,kg cold carcass weight,0.0,
903,climatebert/distilroberta-base-climate-f,Functional Unitn-retrieved-20,original,rag,relative,1.0,
904,climatebert/distilroberta-base-climate-f,Functional Unitn-retrieved-20,original,rag,kg FPCM,1.0,
905,climatebert/distilroberta-base-climate-f,Functional Unitn-retrieved-20,original,rag,1 ha,1.0,
906,climatebert/distilroberta-base-climate-f,Functional Unitn-retrieved-20,original,rag,number,1.0,
907,climatebert/distilroberta-base-climate-f,Functional Unitn-retrieved-20,original,rag,kg liveweight,1.0,
908,climatebert/distilroberta-base-climate-f,Functional Unitn-retrieved-20,original,rag,kg ready-to-cook weight,0.0,
909,climatebert/distilroberta-base-climate-f,Functional Unitn-retrieved-20,original,rag,kg cold dressed carcass weight,1.0,
910,climatebert/distilroberta-base-climate-f,Functional Unitn-retrieved-20,original,rag,kg,1.0,
911,climatebert/distilroberta-base-climate-f,Functional Unitn-retrieved-20,original,rag,kg cold carcass weight,0.0,
912,ESGBERT/EnvironmentalBERT-base,Functional Unitn-retrieved-20,original,rag,relative,1.0,
913,ESGBERT/EnvironmentalBERT-base,Functional Unitn-retrieved-20,original,rag,kg FPCM,1.0,
914,ESGBERT/EnvironmentalBERT-base,Functional Unitn-retrieved-20,original,rag,1 ha,1.0,
915,ESGBERT/EnvironmentalBERT-base,Functional Unitn-retrieved-20,original,rag,number,1.0,
916,ESGBERT/EnvironmentalBERT-base,Functional Unitn-retrieved-20,original,rag,kg liveweight,1.0,
917,ESGBERT/EnvironmentalBERT-base,Functional Unitn-retrieved-20,original,rag,kg ready-to-cook weight,0.0,
918,ESGBERT/EnvironmentalBERT-base,Functional Unitn-retrieved-20,original,rag,kg cold dressed carcass weight,1.0,
919,ESGBERT/EnvironmentalBERT-base,Functional Unitn-retrieved-20,original,rag,kg,1.0,
920,ESGBERT/EnvironmentalBERT-base,Functional Unitn-retrieved-20,original,rag,kg cold carcass weight,0.0,
921,FacebookAI/roberta-large,Functional Unitn-retrieved-20,original,rag,relative,1.0,
922,FacebookAI/roberta-large,Functional Unitn-retrieved-20,original,rag,kg FPCM,1.0,
923,FacebookAI/roberta-large,Functional Unitn-retrieved-20,original,rag,1 ha,1.0,
924,FacebookAI/roberta-large,Functional Unitn-retrieved-20,original,rag,number,1.0,
925,FacebookAI/roberta-large,Functional Unitn-retrieved-20,original,rag,kg liveweight,1.0,
926,FacebookAI/roberta-large,Functional Unitn-retrieved-20,original,rag,kg ready-to-cook weight,1.0,
927,FacebookAI/roberta-large,Functional Unitn-retrieved-20,original,rag,kg cold dressed carcass weight,1.0,
928,FacebookAI/roberta-large,Functional Unitn-retrieved-20,original,rag,kg,1.0,
929,FacebookAI/roberta-large,Functional Unitn-retrieved-20,original,rag,kg cold carcass weight,0.0,
930,google-bert/bert-base-uncased,Functional Unitn-retrieved-20,original,rag,relative,1.0,
931,google-bert/bert-base-uncased,Functional Unitn-retrieved-20,original,rag,kg FPCM,1.0,
932,google-bert/bert-base-uncased,Functional Unitn-retrieved-20,original,rag,1 ha,1.0,
933,google-bert/bert-base-uncased,Functional Unitn-retrieved-20,original,rag,number,1.0,
934,google-bert/bert-base-uncased,Functional Unitn-retrieved-20,original,rag,kg liveweight,1.0,
935,google-bert/bert-base-uncased,Functional Unitn-retrieved-20,original,rag,kg ready-to-cook weight,0.75,
936,google-bert/bert-base-uncased,Functional Unitn-retrieved-20,original,rag,kg cold dressed carcass weight,1.0,
937,google-bert/bert-base-uncased,Functional Unitn-retrieved-20,original,rag,kg,1.0,
938,google-bert/bert-base-uncased,Functional Unitn-retrieved-20,original,rag,kg cold carcass weight,0.0,
939,microsoft/deberta-v3-base,Functional Unitn-retrieved-20,original,rag,relative,1.0,
940,microsoft/deberta-v3-base,Functional Unitn-retrieved-20,original,rag,kg FPCM,1.0,
941,microsoft/deberta-v3-base,Functional Unitn-retrieved-20,original,rag,1 ha,1.0,
942,microsoft/deberta-v3-base,Functional Unitn-retrieved-20,original,rag,number,1.0,
943,microsoft/deberta-v3-base,Functional Unitn-retrieved-20,original,rag,kg liveweight,1.0,
944,microsoft/deberta-v3-base,Functional Unitn-retrieved-20,original,rag,kg ready-to-cook weight,1.0,
945,microsoft/deberta-v3-base,Functional Unitn-retrieved-20,original,rag,kg cold dressed carcass weight,1.0,
946,microsoft/deberta-v3-base,Functional Unitn-retrieved-20,original,rag,kg,1.0,
947,microsoft/deberta-v3-base,Functional Unitn-retrieved-20,original,rag,kg cold carcass weight,0.0,
948,microsoft/deberta-v3-large,Functional Unitn-retrieved-20,original,rag,relative,1.0,
949,microsoft/deberta-v3-large,Functional Unitn-retrieved-20,original,rag,kg FPCM,1.0,
950,microsoft/deberta-v3-large,Functional Unitn-retrieved-20,original,rag,1 ha,1.0,
951,microsoft/deberta-v3-large,Functional Unitn-retrieved-20,original,rag,number,1.0,
952,microsoft/deberta-v3-large,Functional Unitn-retrieved-20,original,rag,kg liveweight,1.0,
953,microsoft/deberta-v3-large,Functional Unitn-retrieved-20,original,rag,kg ready-to-cook weight,0.75,
954,microsoft/deberta-v3-large,Functional Unitn-retrieved-20,original,rag,kg cold dressed carcass weight,1.0,
955,microsoft/deberta-v3-large,Functional Unitn-retrieved-20,original,rag,kg,1.0,
956,microsoft/deberta-v3-large,Functional Unitn-retrieved-20,original,rag,kg cold carcass weight,0.0,
957,microsoft/deberta-v3-small,Functional Unitn-retrieved-20,original,rag,relative,1.0,
958,microsoft/deberta-v3-small,Functional Unitn-retrieved-20,original,rag,kg FPCM,1.0,
959,microsoft/deberta-v3-small,Functional Unitn-retrieved-20,original,rag,1 ha,1.0,
960,microsoft/deberta-v3-small,Functional Unitn-retrieved-20,original,rag,number,1.0,
961,microsoft/deberta-v3-small,Functional Unitn-retrieved-20,original,rag,kg liveweight,1.0,
962,microsoft/deberta-v3-small,Functional Unitn-retrieved-20,original,rag,kg ready-to-cook weight,1.0,
963,microsoft/deberta-v3-small,Functional Unitn-retrieved-20,original,rag,kg cold dressed carcass weight,1.0,
964,microsoft/deberta-v3-small,Functional Unitn-retrieved-20,original,rag,kg,1.0,
965,microsoft/deberta-v3-small,Functional Unitn-retrieved-20,original,rag,kg cold carcass weight,0.0,
966,climatebert/distilroberta-base-climate-f,Functional Unitn-top-1,original,rag,relative,1.0,
967,climatebert/distilroberta-base-climate-f,Functional Unitn-top-1,original,rag,kg FPCM,1.0,
968,climatebert/distilroberta-base-climate-f,Functional Unitn-top-1,original,rag,1 ha,1.0,
969,climatebert/distilroberta-base-climate-f,Functional Unitn-top-1,original,rag,number,1.0,
970,climatebert/distilroberta-base-climate-f,Functional Unitn-top-1,original,rag,kg liveweight,1.0,
971,climatebert/distilroberta-base-climate-f,Functional Unitn-top-1,original,rag,kg ready-to-cook weight,0.75,
972,climatebert/distilroberta-base-climate-f,Functional Unitn-top-1,original,rag,kg cold dressed carcass weight,1.0,
973,climatebert/distilroberta-base-climate-f,Functional Unitn-top-1,original,rag,kg,1.0,
974,climatebert/distilroberta-base-climate-f,Functional Unitn-top-1,original,rag,kg cold carcass weight,0.0,
975,ESGBERT/EnvironmentalBERT-base,Functional Unitn-top-1,original,rag,relative,1.0,
976,ESGBERT/EnvironmentalBERT-base,Functional Unitn-top-1,original,rag,kg FPCM,1.0,
977,ESGBERT/EnvironmentalBERT-base,Functional Unitn-top-1,original,rag,1 ha,1.0,
978,ESGBERT/EnvironmentalBERT-base,Functional Unitn-top-1,original,rag,number,1.0,
979,ESGBERT/EnvironmentalBERT-base,Functional Unitn-top-1,original,rag,kg liveweight,1.0,
980,ESGBERT/EnvironmentalBERT-base,Functional Unitn-top-1,original,rag,kg ready-to-cook weight,0.75,
981,ESGBERT/EnvironmentalBERT-base,Functional Unitn-top-1,original,rag,kg cold dressed carcass weight,1.0,
982,ESGBERT/EnvironmentalBERT-base,Functional Unitn-top-1,original,rag,kg,1.0,
983,ESGBERT/EnvironmentalBERT-base,Functional Unitn-top-1,original,rag,kg cold carcass weight,0.0,
984,FacebookAI/roberta-large,Functional Unitn-top-1,original,rag,relative,1.0,
985,FacebookAI/roberta-large,Functional Unitn-top-1,original,rag,kg FPCM,1.0,
986,FacebookAI/roberta-large,Functional Unitn-top-1,original,rag,1 ha,1.0,
987,FacebookAI/roberta-large,Functional Unitn-top-1,original,rag,number,1.0,
988,FacebookAI/roberta-large,Functional Unitn-top-1,original,rag,kg liveweight,1.0,
989,FacebookAI/roberta-large,Functional Unitn-top-1,original,rag,kg ready-to-cook weight,0.75,
990,FacebookAI/roberta-large,Functional Unitn-top-1,original,rag,kg cold dressed carcass weight,1.0,
991,FacebookAI/roberta-large,Functional Unitn-top-1,original,rag,kg,1.0,
992,FacebookAI/roberta-large,Functional Unitn-top-1,original,rag,kg cold carcass weight,0.0,
993,google-bert/bert-base-uncased,Functional Unitn-top-1,original,rag,relative,1.0,
994,google-bert/bert-base-uncased,Functional Unitn-top-1,original,rag,kg FPCM,1.0,
995,google-bert/bert-base-uncased,Functional Unitn-top-1,original,rag,1 ha,1.0,
996,google-bert/bert-base-uncased,Functional Unitn-top-1,original,rag,number,1.0,
997,google-bert/bert-base-uncased,Functional Unitn-top-1,original,rag,kg liveweight,1.0,
998,google-bert/bert-base-uncased,Functional Unitn-top-1,original,rag,kg ready-to-cook weight,0.75,
999,google-bert/bert-base-uncased,Functional Unitn-top-1,original,rag,kg cold dressed carcass weight,1.0,
1000,google-bert/bert-base-uncased,Functional Unitn-top-1,original,rag,kg,1.0,
1001,google-bert/bert-base-uncased,Functional Unitn-top-1,original,rag,kg cold carcass weight,0.0,
1002,microsoft/deberta-v3-base,Functional Unitn-top-1,original,rag,relative,1.0,
1003,microsoft/deberta-v3-base,Functional Unitn-top-1,original,rag,kg FPCM,1.0,
1004,microsoft/deberta-v3-base,Functional Unitn-top-1,original,rag,1 ha,1.0,
1005,microsoft/deberta-v3-base,Functional Unitn-top-1,original,rag,number,0.9850746268656716,
1006,microsoft/deberta-v3-base,Functional Unitn-top-1,original,rag,kg liveweight,1.0,
1007,microsoft/deberta-v3-base,Functional Unitn-top-1,original,rag,kg ready-to-cook weight,1.0,
1008,microsoft/deberta-v3-base,Functional Unitn-top-1,original,rag,kg cold dressed carcass weight,1.0,
1009,microsoft/deberta-v3-base,Functional Unitn-top-1,original,rag,kg,1.0,
1010,microsoft/deberta-v3-base,Functional Unitn-top-1,original,rag,kg cold carcass weight,0.0,
1011,microsoft/deberta-v3-large,Functional Unitn-top-1,original,rag,relative,1.0,
1012,microsoft/deberta-v3-large,Functional Unitn-top-1,original,rag,kg FPCM,1.0,
1013,microsoft/deberta-v3-large,Functional Unitn-top-1,original,rag,1 ha,1.0,
1014,microsoft/deberta-v3-large,Functional Unitn-top-1,original,rag,number,1.0,
1015,microsoft/deberta-v3-large,Functional Unitn-top-1,original,rag,kg liveweight,1.0,
1016,microsoft/deberta-v3-large,Functional Unitn-top-1,original,rag,kg ready-to-cook weight,0.75,
1017,microsoft/deberta-v3-large,Functional Unitn-top-1,original,rag,kg cold dressed carcass weight,1.0,
1018,microsoft/deberta-v3-large,Functional Unitn-top-1,original,rag,kg,1.0,
1019,microsoft/deberta-v3-large,Functional Unitn-top-1,original,rag,kg cold carcass weight,0.0,
1020,microsoft/deberta-v3-small,Functional Unitn-top-1,original,rag,relative,1.0,
1021,microsoft/deberta-v3-small,Functional Unitn-top-1,original,rag,kg FPCM,1.0,
1022,microsoft/deberta-v3-small,Functional Unitn-top-1,original,rag,1 ha,0.75,
1023,microsoft/deberta-v3-small,Functional Unitn-top-1,original,rag,number,1.0,
1024,microsoft/deberta-v3-small,Functional Unitn-top-1,original,rag,kg liveweight,1.0,
1025,microsoft/deberta-v3-small,Functional Unitn-top-1,original,rag,kg ready-to-cook weight,0.75,
1026,microsoft/deberta-v3-small,Functional Unitn-top-1,original,rag,kg cold dressed carcass weight,1.0,
1027,microsoft/deberta-v3-small,Functional Unitn-top-1,original,rag,kg,1.0,
1028,microsoft/deberta-v3-small,Functional Unitn-top-1,original,rag,kg cold carcass weight,0.0,
1029,climatebert/distilroberta-base-climate-f,Functional Unitn-top-5,original,rag,relative,1.0,
1030,climatebert/distilroberta-base-climate-f,Functional Unitn-top-5,original,rag,kg FPCM,1.0,
1031,climatebert/distilroberta-base-climate-f,Functional Unitn-top-5,original,rag,1 ha,1.0,
1032,climatebert/distilroberta-base-climate-f,Functional Unitn-top-5,original,rag,number,1.0,
1033,climatebert/distilroberta-base-climate-f,Functional Unitn-top-5,original,rag,kg liveweight,1.0,
1034,climatebert/distilroberta-base-climate-f,Functional Unitn-top-5,original,rag,kg ready-to-cook weight,0.75,
1035,climatebert/distilroberta-base-climate-f,Functional Unitn-top-5,original,rag,kg cold dressed carcass weight,1.0,
1036,climatebert/distilroberta-base-climate-f,Functional Unitn-top-5,original,rag,kg,1.0,
1037,climatebert/distilroberta-base-climate-f,Functional Unitn-top-5,original,rag,kg cold carcass weight,0.0,
1038,ESGBERT/EnvironmentalBERT-base,Functional Unitn-top-5,original,rag,relative,1.0,
1039,ESGBERT/EnvironmentalBERT-base,Functional Unitn-top-5,original,rag,kg FPCM,1.0,
1040,ESGBERT/EnvironmentalBERT-base,Functional Unitn-top-5,original,rag,1 ha,1.0,
1041,ESGBERT/EnvironmentalBERT-base,Functional Unitn-top-5,original,rag,number,1.0,
1042,ESGBERT/EnvironmentalBERT-base,Functional Unitn-top-5,original,rag,kg liveweight,1.0,
1043,ESGBERT/EnvironmentalBERT-base,Functional Unitn-top-5,original,rag,kg ready-to-cook weight,0.75,
1044,ESGBERT/EnvironmentalBERT-base,Functional Unitn-top-5,original,rag,kg cold dressed carcass weight,1.0,
1045,ESGBERT/EnvironmentalBERT-base,Functional Unitn-top-5,original,rag,kg,1.0,
1046,ESGBERT/EnvironmentalBERT-base,Functional Unitn-top-5,original,rag,kg cold carcass weight,0.0,
1047,FacebookAI/roberta-large,Functional Unitn-top-5,original,rag,relative,1.0,
1048,FacebookAI/roberta-large,Functional Unitn-top-5,original,rag,kg FPCM,1.0,
1049,FacebookAI/roberta-large,Functional Unitn-top-5,original,rag,1 ha,1.0,
1050,FacebookAI/roberta-large,Functional Unitn-top-5,original,rag,number,1.0,
1051,FacebookAI/roberta-large,Functional Unitn-top-5,original,rag,kg liveweight,1.0,
1052,FacebookAI/roberta-large,Functional Unitn-top-5,original,rag,kg ready-to-cook weight,0.75,
1053,FacebookAI/roberta-large,Functional Unitn-top-5,original,rag,kg cold dressed carcass weight,1.0,
1054,FacebookAI/roberta-large,Functional Unitn-top-5,original,rag,kg,1.0,
1055,FacebookAI/roberta-large,Functional Unitn-top-5,original,rag,kg cold carcass weight,0.0,
1056,google-bert/bert-base-uncased,Functional Unitn-top-5,original,rag,relative,1.0,
1057,google-bert/bert-base-uncased,Functional Unitn-top-5,original,rag,kg FPCM,1.0,
1058,google-bert/bert-base-uncased,Functional Unitn-top-5,original,rag,1 ha,1.0,
1059,google-bert/bert-base-uncased,Functional Unitn-top-5,original,rag,number,1.0,
1060,google-bert/bert-base-uncased,Functional Unitn-top-5,original,rag,kg liveweight,1.0,
1061,google-bert/bert-base-uncased,Functional Unitn-top-5,original,rag,kg ready-to-cook weight,0.75,
1062,google-bert/bert-base-uncased,Functional Unitn-top-5,original,rag,kg cold dressed carcass weight,1.0,
1063,google-bert/bert-base-uncased,Functional Unitn-top-5,original,rag,kg,1.0,
1064,google-bert/bert-base-uncased,Functional Unitn-top-5,original,rag,kg cold carcass weight,0.0,
1065,microsoft/deberta-v3-base,Functional Unitn-top-5,original,rag,relative,1.0,
1066,microsoft/deberta-v3-base,Functional Unitn-top-5,original,rag,kg FPCM,1.0,
1067,microsoft/deberta-v3-base,Functional Unitn-top-5,original,rag,1 ha,1.0,
1068,microsoft/deberta-v3-base,Functional Unitn-top-5,original,rag,number,1.0,
1069,microsoft/deberta-v3-base,Functional Unitn-top-5,original,rag,kg liveweight,1.0,
1070,microsoft/deberta-v3-base,Functional Unitn-top-5,original,rag,kg ready-to-cook weight,0.75,
1071,microsoft/deberta-v3-base,Functional Unitn-top-5,original,rag,kg cold dressed carcass weight,1.0,
1072,microsoft/deberta-v3-base,Functional Unitn-top-5,original,rag,kg,1.0,
1073,microsoft/deberta-v3-base,Functional Unitn-top-5,original,rag,kg cold carcass weight,0.0,
1074,microsoft/deberta-v3-large,Functional Unitn-top-5,original,rag,relative,1.0,
1075,microsoft/deberta-v3-large,Functional Unitn-top-5,original,rag,kg FPCM,1.0,
1076,microsoft/deberta-v3-large,Functional Unitn-top-5,original,rag,1 ha,1.0,
1077,microsoft/deberta-v3-large,Functional Unitn-top-5,original,rag,number,1.0,
1078,microsoft/deberta-v3-large,Functional Unitn-top-5,original,rag,kg liveweight,1.0,
1079,microsoft/deberta-v3-large,Functional Unitn-top-5,original,rag,kg ready-to-cook weight,0.75,
1080,microsoft/deberta-v3-large,Functional Unitn-top-5,original,rag,kg cold dressed carcass weight,1.0,
1081,microsoft/deberta-v3-large,Functional Unitn-top-5,original,rag,kg,1.0,
1082,microsoft/deberta-v3-large,Functional Unitn-top-5,original,rag,kg cold carcass weight,0.0,
1083,microsoft/deberta-v3-small,Functional Unitn-top-5,original,rag,relative,1.0,
1084,microsoft/deberta-v3-small,Functional Unitn-top-5,original,rag,kg FPCM,1.0,
1085,microsoft/deberta-v3-small,Functional Unitn-top-5,original,rag,1 ha,1.0,
1086,microsoft/deberta-v3-small,Functional Unitn-top-5,original,rag,number,1.0,
1087,microsoft/deberta-v3-small,Functional Unitn-top-5,original,rag,kg liveweight,1.0,
1088,microsoft/deberta-v3-small,Functional Unitn-top-5,original,rag,kg ready-to-cook weight,0.75,
1089,microsoft/deberta-v3-small,Functional Unitn-top-5,original,rag,kg cold dressed carcass weight,1.0,
1090,microsoft/deberta-v3-small,Functional Unitn-top-5,original,rag,kg,1.0,
1091,microsoft/deberta-v3-small,Functional Unitn-top-5,original,rag,kg cold carcass weight,0.0,
1092,climatebert/distilroberta-base-climate-f,Functional Unittemp-033,original,rag,relative,1.0,
1093,climatebert/distilroberta-base-climate-f,Functional Unittemp-033,original,rag,kg FPCM,1.0,
1094,climatebert/distilroberta-base-climate-f,Functional Unittemp-033,original,rag,1 ha,1.0,
1095,climatebert/distilroberta-base-climate-f,Functional Unittemp-033,original,rag,number,1.0,
1096,climatebert/distilroberta-base-climate-f,Functional Unittemp-033,original,rag,kg liveweight,1.0,
1097,climatebert/distilroberta-base-climate-f,Functional Unittemp-033,original,rag,kg ready-to-cook weight,0.75,
1098,climatebert/distilroberta-base-climate-f,Functional Unittemp-033,original,rag,kg cold dressed carcass weight,1.0,
1099,climatebert/distilroberta-base-climate-f,Functional Unittemp-033,original,rag,kg,1.0,
1100,climatebert/distilroberta-base-climate-f,Functional Unittemp-033,original,rag,kg cold carcass weight,0.0,
1101,ESGBERT/EnvironmentalBERT-base,Functional Unittemp-033,original,rag,relative,1.0,
1102,ESGBERT/EnvironmentalBERT-base,Functional Unittemp-033,original,rag,kg FPCM,1.0,
1103,ESGBERT/EnvironmentalBERT-base,Functional Unittemp-033,original,rag,1 ha,1.0,
1104,ESGBERT/EnvironmentalBERT-base,Functional Unittemp-033,original,rag,number,1.0,
1105,ESGBERT/EnvironmentalBERT-base,Functional Unittemp-033,original,rag,kg liveweight,1.0,
1106,ESGBERT/EnvironmentalBERT-base,Functional Unittemp-033,original,rag,kg ready-to-cook weight,1.0,
1107,ESGBERT/EnvironmentalBERT-base,Functional Unittemp-033,original,rag,kg cold dressed carcass weight,1.0,
1108,ESGBERT/EnvironmentalBERT-base,Functional Unittemp-033,original,rag,kg,1.0,
1109,ESGBERT/EnvironmentalBERT-base,Functional Unittemp-033,original,rag,kg cold carcass weight,0.0,
1110,FacebookAI/roberta-large,Functional Unittemp-033,original,rag,relative,0.9880952380952381,
1111,FacebookAI/roberta-large,Functional Unittemp-033,original,rag,kg FPCM,1.0,
1112,FacebookAI/roberta-large,Functional Unittemp-033,original,rag,1 ha,1.0,
1113,FacebookAI/roberta-large,Functional Unittemp-033,original,rag,number,1.0,
1114,FacebookAI/roberta-large,Functional Unittemp-033,original,rag,kg liveweight,1.0,
1115,FacebookAI/roberta-large,Functional Unittemp-033,original,rag,kg ready-to-cook weight,1.0,
1116,FacebookAI/roberta-large,Functional Unittemp-033,original,rag,kg cold dressed carcass weight,1.0,
1117,FacebookAI/roberta-large,Functional Unittemp-033,original,rag,kg,1.0,
1118,FacebookAI/roberta-large,Functional Unittemp-033,original,rag,kg cold carcass weight,0.0,
1119,google-bert/bert-base-uncased,Functional Unittemp-033,original,rag,relative,1.0,
1120,google-bert/bert-base-uncased,Functional Unittemp-033,original,rag,kg FPCM,1.0,
1121,google-bert/bert-base-uncased,Functional Unittemp-033,original,rag,1 ha,1.0,
1122,google-bert/bert-base-uncased,Functional Unittemp-033,original,rag,number,1.0,
1123,google-bert/bert-base-uncased,Functional Unittemp-033,original,rag,kg liveweight,1.0,
1124,google-bert/bert-base-uncased,Functional Unittemp-033,original,rag,kg ready-to-cook weight,0.75,
1125,google-bert/bert-base-uncased,Functional Unittemp-033,original,rag,kg cold dressed carcass weight,1.0,
1126,google-bert/bert-base-uncased,Functional Unittemp-033,original,rag,kg,1.0,
1127,google-bert/bert-base-uncased,Functional Unittemp-033,original,rag,kg cold carcass weight,0.0,
1128,microsoft/deberta-v3-base,Functional Unittemp-033,original,rag,relative,1.0,
1129,microsoft/deberta-v3-base,Functional Unittemp-033,original,rag,kg FPCM,1.0,
1130,microsoft/deberta-v3-base,Functional Unittemp-033,original,rag,1 ha,1.0,
1131,microsoft/deberta-v3-base,Functional Unittemp-033,original,rag,number,1.0,
1132,microsoft/deberta-v3-base,Functional Unittemp-033,original,rag,kg liveweight,1.0,
1133,microsoft/deberta-v3-base,Functional Unittemp-033,original,rag,kg ready-to-cook weight,0.75,
1134,microsoft/deberta-v3-base,Functional Unittemp-033,original,rag,kg cold dressed carcass weight,1.0,
1135,microsoft/deberta-v3-base,Functional Unittemp-033,original,rag,kg,1.0,
1136,microsoft/deberta-v3-base,Functional Unittemp-033,original,rag,kg cold carcass weight,0.0,
1137,microsoft/deberta-v3-large,Functional Unittemp-033,original,rag,relative,1.0,
1138,microsoft/deberta-v3-large,Functional Unittemp-033,original,rag,kg FPCM,1.0,
1139,microsoft/deberta-v3-large,Functional Unittemp-033,original,rag,1 ha,0.75,
1140,microsoft/deberta-v3-large,Functional Unittemp-033,original,rag,number,1.0,
1141,microsoft/deberta-v3-large,Functional Unittemp-033,original,rag,kg liveweight,1.0,
1142,microsoft/deberta-v3-large,Functional Unittemp-033,original,rag,kg ready-to-cook weight,0.75,
1143,microsoft/deberta-v3-large,Functional Unittemp-033,original,rag,kg cold dressed carcass weight,1.0,
1144,microsoft/deberta-v3-large,Functional Unittemp-033,original,rag,kg,1.0,
1145,microsoft/deberta-v3-large,Functional Unittemp-033,original,rag,kg cold carcass weight,0.0,
1146,microsoft/deberta-v3-small,Functional Unittemp-033,original,rag,relative,1.0,
1147,microsoft/deberta-v3-small,Functional Unittemp-033,original,rag,kg FPCM,1.0,
1148,microsoft/deberta-v3-small,Functional Unittemp-033,original,rag,1 ha,1.0,
1149,microsoft/deberta-v3-small,Functional Unittemp-033,original,rag,number,1.0,
1150,microsoft/deberta-v3-small,Functional Unittemp-033,original,rag,kg liveweight,1.0,
1151,microsoft/deberta-v3-small,Functional Unittemp-033,original,rag,kg ready-to-cook weight,0.75,
1152,microsoft/deberta-v3-small,Functional Unittemp-033,original,rag,kg cold dressed carcass weight,1.0,
1153,microsoft/deberta-v3-small,Functional Unittemp-033,original,rag,kg,1.0,
1154,microsoft/deberta-v3-small,Functional Unittemp-033,original,rag,kg cold carcass weight,0.0,
1155,climatebert/distilroberta-base-climate-f,Functional Unittemp-090,original,rag,relative,1.0,
1156,climatebert/distilroberta-base-climate-f,Functional Unittemp-090,original,rag,kg FPCM,1.0,
1157,climatebert/distilroberta-base-climate-f,Functional Unittemp-090,original,rag,1 ha,1.0,
1158,climatebert/distilroberta-base-climate-f,Functional Unittemp-090,original,rag,number,1.0,
1159,climatebert/distilroberta-base-climate-f,Functional Unittemp-090,original,rag,kg liveweight,1.0,
1160,climatebert/distilroberta-base-climate-f,Functional Unittemp-090,original,rag,kg ready-to-cook weight,0.75,
1161,climatebert/distilroberta-base-climate-f,Functional Unittemp-090,original,rag,kg cold dressed carcass weight,1.0,
1162,climatebert/distilroberta-base-climate-f,Functional Unittemp-090,original,rag,kg,1.0,
1163,climatebert/distilroberta-base-climate-f,Functional Unittemp-090,original,rag,kg cold carcass weight,0.0,
1164,ESGBERT/EnvironmentalBERT-base,Functional Unittemp-090,original,rag,relative,1.0,
1165,ESGBERT/EnvironmentalBERT-base,Functional Unittemp-090,original,rag,kg FPCM,1.0,
1166,ESGBERT/EnvironmentalBERT-base,Functional Unittemp-090,original,rag,1 ha,1.0,
1167,ESGBERT/EnvironmentalBERT-base,Functional Unittemp-090,original,rag,number,1.0,
1168,ESGBERT/EnvironmentalBERT-base,Functional Unittemp-090,original,rag,kg liveweight,1.0,
1169,ESGBERT/EnvironmentalBERT-base,Functional Unittemp-090,original,rag,kg ready-to-cook weight,1.0,
1170,ESGBERT/EnvironmentalBERT-base,Functional Unittemp-090,original,rag,kg cold dressed carcass weight,1.0,
1171,ESGBERT/EnvironmentalBERT-base,Functional Unittemp-090,original,rag,kg,1.0,
1172,ESGBERT/EnvironmentalBERT-base,Functional Unittemp-090,original,rag,kg cold carcass weight,0.0,
1173,FacebookAI/roberta-large,Functional Unittemp-090,original,rag,relative,1.0,
1174,FacebookAI/roberta-large,Functional Unittemp-090,original,rag,kg FPCM,1.0,
1175,FacebookAI/roberta-large,Functional Unittemp-090,original,rag,1 ha,1.0,
1176,FacebookAI/roberta-large,Functional Unittemp-090,original,rag,number,1.0,
1177,FacebookAI/roberta-large,Functional Unittemp-090,original,rag,kg liveweight,1.0,
1178,FacebookAI/roberta-large,Functional Unittemp-090,original,rag,kg ready-to-cook weight,0.75,
1179,FacebookAI/roberta-large,Functional Unittemp-090,original,rag,kg cold dressed carcass weight,1.0,
1180,FacebookAI/roberta-large,Functional Unittemp-090,original,rag,kg,1.0,
1181,FacebookAI/roberta-large,Functional Unittemp-090,original,rag,kg cold carcass weight,0.0,
1182,google-bert/bert-base-uncased,Functional Unittemp-090,original,rag,relative,1.0,
1183,google-bert/bert-base-uncased,Functional Unittemp-090,original,rag,kg FPCM,1.0,
1184,google-bert/bert-base-uncased,Functional Unittemp-090,original,rag,1 ha,1.0,
1185,google-bert/bert-base-uncased,Functional Unittemp-090,original,rag,number,1.0,
1186,google-bert/bert-base-uncased,Functional Unittemp-090,original,rag,kg liveweight,1.0,
1187,google-bert/bert-base-uncased,Functional Unittemp-090,original,rag,kg ready-to-cook weight,0.75,
1188,google-bert/bert-base-uncased,Functional Unittemp-090,original,rag,kg cold dressed carcass weight,1.0,
1189,google-bert/bert-base-uncased,Functional Unittemp-090,original,rag,kg,1.0,
1190,google-bert/bert-base-uncased,Functional Unittemp-090,original,rag,kg cold carcass weight,0.0,
1191,microsoft/deberta-v3-base,Functional Unittemp-090,original,rag,relative,1.0,
1192,microsoft/deberta-v3-base,Functional Unittemp-090,original,rag,kg FPCM,1.0,
1193,microsoft/deberta-v3-base,Functional Unittemp-090,original,rag,1 ha,1.0,
1194,microsoft/deberta-v3-base,Functional Unittemp-090,original,rag,number,1.0,
1195,microsoft/deberta-v3-base,Functional Unittemp-090,original,rag,kg liveweight,1.0,
1196,microsoft/deberta-v3-base,Functional Unittemp-090,original,rag,kg ready-to-cook weight,0.75,
1197,microsoft/deberta-v3-base,Functional Unittemp-090,original,rag,kg cold dressed carcass weight,1.0,
1198,microsoft/deberta-v3-base,Functional Unittemp-090,original,rag,kg,1.0,
1199,microsoft/deberta-v3-base,Functional Unittemp-090,original,rag,kg cold carcass weight,0.0,
1200,microsoft/deberta-v3-large,Functional Unittemp-090,original,rag,relative,1.0,
1201,microsoft/deberta-v3-large,Functional Unittemp-090,original,rag,kg FPCM,1.0,
1202,microsoft/deberta-v3-large,Functional Unittemp-090,original,rag,1 ha,1.0,
1203,microsoft/deberta-v3-large,Functional Unittemp-090,original,rag,number,1.0,
1204,microsoft/deberta-v3-large,Functional Unittemp-090,original,rag,kg liveweight,1.0,
1205,microsoft/deberta-v3-large,Functional Unittemp-090,original,rag,kg ready-to-cook weight,0.75,
1206,microsoft/deberta-v3-large,Functional Unittemp-090,original,rag,kg cold dressed carcass weight,1.0,
1207,microsoft/deberta-v3-large,Functional Unittemp-090,original,rag,kg,1.0,
1208,microsoft/deberta-v3-large,Functional Unittemp-090,original,rag,kg cold carcass weight,0.0,
1209,microsoft/deberta-v3-small,Functional Unittemp-090,original,rag,relative,1.0,
1210,microsoft/deberta-v3-small,Functional Unittemp-090,original,rag,kg FPCM,1.0,
1211,microsoft/deberta-v3-small,Functional Unittemp-090,original,rag,1 ha,0.5,
1212,microsoft/deberta-v3-small,Functional Unittemp-090,original,rag,number,1.0,
1213,microsoft/deberta-v3-small,Functional Unittemp-090,original,rag,kg liveweight,1.0,
1214,microsoft/deberta-v3-small,Functional Unittemp-090,original,rag,kg ready-to-cook weight,0.75,
1215,microsoft/deberta-v3-small,Functional Unittemp-090,original,rag,kg cold dressed carcass weight,1.0,
1216,microsoft/deberta-v3-small,Functional Unittemp-090,original,rag,kg,1.0,
1217,microsoft/deberta-v3-small,Functional Unittemp-090,original,rag,kg cold carcass weight,0.0,
1218,climatebert/distilroberta-base-climate-f,Functional Unittokens-128,original,rag,relative,1.0,
1219,climatebert/distilroberta-base-climate-f,Functional Unittokens-128,original,rag,kg FPCM,1.0,
1220,climatebert/distilroberta-base-climate-f,Functional Unittokens-128,original,rag,1 ha,1.0,
1221,climatebert/distilroberta-base-climate-f,Functional Unittokens-128,original,rag,number,1.0,
1222,climatebert/distilroberta-base-climate-f,Functional Unittokens-128,original,rag,kg liveweight,1.0,
1223,climatebert/distilroberta-base-climate-f,Functional Unittokens-128,original,rag,kg ready-to-cook weight,0.0,
1224,climatebert/distilroberta-base-climate-f,Functional Unittokens-128,original,rag,kg cold dressed carcass weight,1.0,
1225,climatebert/distilroberta-base-climate-f,Functional Unittokens-128,original,rag,kg,1.0,
1226,climatebert/distilroberta-base-climate-f,Functional Unittokens-128,original,rag,kg cold carcass weight,0.0,
1227,ESGBERT/EnvironmentalBERT-base,Functional Unittokens-128,original,rag,relative,1.0,
1228,ESGBERT/EnvironmentalBERT-base,Functional Unittokens-128,original,rag,kg FPCM,1.0,
1229,ESGBERT/EnvironmentalBERT-base,Functional Unittokens-128,original,rag,1 ha,1.0,
1230,ESGBERT/EnvironmentalBERT-base,Functional Unittokens-128,original,rag,number,1.0,
1231,ESGBERT/EnvironmentalBERT-base,Functional Unittokens-128,original,rag,kg liveweight,1.0,
1232,ESGBERT/EnvironmentalBERT-base,Functional Unittokens-128,original,rag,kg ready-to-cook weight,1.0,
1233,ESGBERT/EnvironmentalBERT-base,Functional Unittokens-128,original,rag,kg cold dressed carcass weight,1.0,
1234,ESGBERT/EnvironmentalBERT-base,Functional Unittokens-128,original,rag,kg,1.0,
1235,ESGBERT/EnvironmentalBERT-base,Functional Unittokens-128,original,rag,kg cold carcass weight,0.0,
1236,FacebookAI/roberta-large,Functional Unittokens-128,original,rag,relative,1.0,
1237,FacebookAI/roberta-large,Functional Unittokens-128,original,rag,kg FPCM,1.0,
1238,FacebookAI/roberta-large,Functional Unittokens-128,original,rag,1 ha,1.0,
1239,FacebookAI/roberta-large,Functional Unittokens-128,original,rag,number,1.0,
1240,FacebookAI/roberta-large,Functional Unittokens-128,original,rag,kg liveweight,1.0,
1241,FacebookAI/roberta-large,Functional Unittokens-128,original,rag,kg ready-to-cook weight,0.75,
1242,FacebookAI/roberta-large,Functional Unittokens-128,original,rag,kg cold dressed carcass weight,1.0,
1243,FacebookAI/roberta-large,Functional Unittokens-128,original,rag,kg,1.0,
1244,FacebookAI/roberta-large,Functional Unittokens-128,original,rag,kg cold carcass weight,0.0,
1245,google-bert/bert-base-uncased,Functional Unittokens-128,original,rag,relative,1.0,
1246,google-bert/bert-base-uncased,Functional Unittokens-128,original,rag,kg FPCM,1.0,
1247,google-bert/bert-base-uncased,Functional Unittokens-128,original,rag,1 ha,1.0,
1248,google-bert/bert-base-uncased,Functional Unittokens-128,original,rag,number,1.0,
1249,google-bert/bert-base-uncased,Functional Unittokens-128,original,rag,kg liveweight,1.0,
1250,google-bert/bert-base-uncased,Functional Unittokens-128,original,rag,kg ready-to-cook weight,1.0,
1251,google-bert/bert-base-uncased,Functional Unittokens-128,original,rag,kg cold dressed carcass weight,1.0,
1252,google-bert/bert-base-uncased,Functional Unittokens-128,original,rag,kg,1.0,
1253,google-bert/bert-base-uncased,Functional Unittokens-128,original,rag,kg cold carcass weight,0.0,
1254,microsoft/deberta-v3-base,Functional Unittokens-128,original,rag,relative,1.0,
1255,microsoft/deberta-v3-base,Functional Unittokens-128,original,rag,kg FPCM,1.0,
1256,microsoft/deberta-v3-base,Functional Unittokens-128,original,rag,1 ha,1.0,
1257,microsoft/deberta-v3-base,Functional Unittokens-128,original,rag,number,1.0,
1258,microsoft/deberta-v3-base,Functional Unittokens-128,original,rag,kg liveweight,1.0,
1259,microsoft/deberta-v3-base,Functional Unittokens-128,original,rag,kg ready-to-cook weight,0.75,
1260,microsoft/deberta-v3-base,Functional Unittokens-128,original,rag,kg cold dressed carcass weight,1.0,
1261,microsoft/deberta-v3-base,Functional Unittokens-128,original,rag,kg,1.0,
1262,microsoft/deberta-v3-base,Functional Unittokens-128,original,rag,kg cold carcass weight,0.0,
1263,microsoft/deberta-v3-large,Functional Unittokens-128,original,rag,relative,1.0,
1264,microsoft/deberta-v3-large,Functional Unittokens-128,original,rag,kg FPCM,1.0,
1265,microsoft/deberta-v3-large,Functional Unittokens-128,original,rag,1 ha,1.0,
1266,microsoft/deberta-v3-large,Functional Unittokens-128,original,rag,number,1.0,
1267,microsoft/deberta-v3-large,Functional Unittokens-128,original,rag,kg liveweight,1.0,
1268,microsoft/deberta-v3-large,Functional Unittokens-128,original,rag,kg ready-to-cook weight,1.0,
1269,microsoft/deberta-v3-large,Functional Unittokens-128,original,rag,kg cold dressed carcass weight,1.0,
1270,microsoft/deberta-v3-large,Functional Unittokens-128,original,rag,kg,1.0,
1271,microsoft/deberta-v3-large,Functional Unittokens-128,original,rag,kg cold carcass weight,0.0,
1272,microsoft/deberta-v3-small,Functional Unittokens-128,original,rag,relative,1.0,
1273,microsoft/deberta-v3-small,Functional Unittokens-128,original,rag,kg FPCM,1.0,
1274,microsoft/deberta-v3-small,Functional Unittokens-128,original,rag,1 ha,1.0,
1275,microsoft/deberta-v3-small,Functional Unittokens-128,original,rag,number,1.0,
1276,microsoft/deberta-v3-small,Functional Unittokens-128,original,rag,kg liveweight,1.0,
1277,microsoft/deberta-v3-small,Functional Unittokens-128,original,rag,kg ready-to-cook weight,1.0,
1278,microsoft/deberta-v3-small,Functional Unittokens-128,original,rag,kg cold dressed carcass weight,1.0,
1279,microsoft/deberta-v3-small,Functional Unittokens-128,original,rag,kg,1.0,
1280,microsoft/deberta-v3-small,Functional Unittokens-128,original,rag,kg cold carcass weight,0.0,
1281,climatebert/distilroberta-base-climate-f,Functional Unittokens-512,original,rag,relative,1.0,
1282,climatebert/distilroberta-base-climate-f,Functional Unittokens-512,original,rag,kg FPCM,1.0,
1283,climatebert/distilroberta-base-climate-f,Functional Unittokens-512,original,rag,1 ha,1.0,
1284,climatebert/distilroberta-base-climate-f,Functional Unittokens-512,original,rag,number,1.0,
1285,climatebert/distilroberta-base-climate-f,Functional Unittokens-512,original,rag,kg liveweight,1.0,
1286,climatebert/distilroberta-base-climate-f,Functional Unittokens-512,original,rag,kg ready-to-cook weight,0.75,
1287,climatebert/distilroberta-base-climate-f,Functional Unittokens-512,original,rag,kg cold dressed carcass weight,1.0,
1288,climatebert/distilroberta-base-climate-f,Functional Unittokens-512,original,rag,kg,1.0,
1289,climatebert/distilroberta-base-climate-f,Functional Unittokens-512,original,rag,kg cold carcass weight,0.0,
1290,ESGBERT/EnvironmentalBERT-base,Functional Unittokens-512,original,rag,relative,1.0,
1291,ESGBERT/EnvironmentalBERT-base,Functional Unittokens-512,original,rag,kg FPCM,1.0,
1292,ESGBERT/EnvironmentalBERT-base,Functional Unittokens-512,original,rag,1 ha,1.0,
1293,ESGBERT/EnvironmentalBERT-base,Functional Unittokens-512,original,rag,number,1.0,
1294,ESGBERT/EnvironmentalBERT-base,Functional Unittokens-512,original,rag,kg liveweight,1.0,
1295,ESGBERT/EnvironmentalBERT-base,Functional Unittokens-512,original,rag,kg ready-to-cook weight,1.0,
1296,ESGBERT/EnvironmentalBERT-base,Functional Unittokens-512,original,rag,kg cold dressed carcass weight,1.0,
1297,ESGBERT/EnvironmentalBERT-base,Functional Unittokens-512,original,rag,kg,1.0,
1298,ESGBERT/EnvironmentalBERT-base,Functional Unittokens-512,original,rag,kg cold carcass weight,0.0,
1299,FacebookAI/roberta-large,Functional Unittokens-512,original,rag,relative,1.0,
1300,FacebookAI/roberta-large,Functional Unittokens-512,original,rag,kg FPCM,1.0,
1301,FacebookAI/roberta-large,Functional Unittokens-512,original,rag,1 ha,1.0,
1302,FacebookAI/roberta-large,Functional Unittokens-512,original,rag,number,1.0,
1303,FacebookAI/roberta-large,Functional Unittokens-512,original,rag,kg liveweight,1.0,
1304,FacebookAI/roberta-large,Functional Unittokens-512,original,rag,kg ready-to-cook weight,1.0,
1305,FacebookAI/roberta-large,Functional Unittokens-512,original,rag,kg cold dressed carcass weight,1.0,
1306,FacebookAI/roberta-large,Functional Unittokens-512,original,rag,kg,1.0,
1307,FacebookAI/roberta-large,Functional Unittokens-512,original,rag,kg cold carcass weight,0.0,
1308,google-bert/bert-base-uncased,Functional Unittokens-512,original,rag,relative,1.0,
1309,google-bert/bert-base-uncased,Functional Unittokens-512,original,rag,kg FPCM,1.0,
1310,google-bert/bert-base-uncased,Functional Unittokens-512,original,rag,1 ha,1.0,
1311,google-bert/bert-base-uncased,Functional Unittokens-512,original,rag,number,1.0,
1312,google-bert/bert-base-uncased,Functional Unittokens-512,original,rag,kg liveweight,1.0,
1313,google-bert/bert-base-uncased,Functional Unittokens-512,original,rag,kg ready-to-cook weight,0.75,
1314,google-bert/bert-base-uncased,Functional Unittokens-512,original,rag,kg cold dressed carcass weight,1.0,
1315,google-bert/bert-base-uncased,Functional Unittokens-512,original,rag,kg,1.0,
1316,google-bert/bert-base-uncased,Functional Unittokens-512,original,rag,kg cold carcass weight,0.0,
1317,microsoft/deberta-v3-base,Functional Unittokens-512,original,rag,relative,1.0,
1318,microsoft/deberta-v3-base,Functional Unittokens-512,original,rag,kg FPCM,1.0,
1319,microsoft/deberta-v3-base,Functional Unittokens-512,original,rag,1 ha,1.0,
1320,microsoft/deberta-v3-base,Functional Unittokens-512,original,rag,number,1.0,
1321,microsoft/deberta-v3-base,Functional Unittokens-512,original,rag,kg liveweight,1.0,
1322,microsoft/deberta-v3-base,Functional Unittokens-512,original,rag,kg ready-to-cook weight,0.75,
1323,microsoft/deberta-v3-base,Functional Unittokens-512,original,rag,kg cold dressed carcass weight,1.0,
1324,microsoft/deberta-v3-base,Functional Unittokens-512,original,rag,kg,1.0,
1325,microsoft/deberta-v3-base,Functional Unittokens-512,original,rag,kg cold carcass weight,0.0,
1326,microsoft/deberta-v3-large,Functional Unittokens-512,original,rag,relative,1.0,
1327,microsoft/deberta-v3-large,Functional Unittokens-512,original,rag,kg FPCM,1.0,
1328,microsoft/deberta-v3-large,Functional Unittokens-512,original,rag,1 ha,1.0,
1329,microsoft/deberta-v3-large,Functional Unittokens-512,original,rag,number,1.0,
1330,microsoft/deberta-v3-large,Functional Unittokens-512,original,rag,kg liveweight,1.0,
1331,microsoft/deberta-v3-large,Functional Unittokens-512,original,rag,kg ready-to-cook weight,0.75,
1332,microsoft/deberta-v3-large,Functional Unittokens-512,original,rag,kg cold dressed carcass weight,1.0,
1333,microsoft/deberta-v3-large,Functional Unittokens-512,original,rag,kg,1.0,
1334,microsoft/deberta-v3-large,Functional Unittokens-512,original,rag,kg cold carcass weight,0.0,
1335,microsoft/deberta-v3-small,Functional Unittokens-512,original,rag,relative,1.0,
1336,microsoft/deberta-v3-small,Functional Unittokens-512,original,rag,kg FPCM,1.0,
1337,microsoft/deberta-v3-small,Functional Unittokens-512,original,rag,1 ha,1.0,
1338,microsoft/deberta-v3-small,Functional Unittokens-512,original,rag,number,1.0,
1339,microsoft/deberta-v3-small,Functional Unittokens-512,original,rag,kg liveweight,1.0,
1340,microsoft/deberta-v3-small,Functional Unittokens-512,original,rag,kg ready-to-cook weight,0.75,
1341,microsoft/deberta-v3-small,Functional Unittokens-512,original,rag,kg cold dressed carcass weight,1.0,
1342,microsoft/deberta-v3-small,Functional Unittokens-512,original,rag,kg,1.0,
1343,microsoft/deberta-v3-small,Functional Unittokens-512,original,rag,kg cold carcass weight,0.0,
1344,climatebert/distilroberta-base-climate-f,Product,original,rag,"Meat, beef cattle (cold carcass weight)",0.0,12.0
1345,climatebert/distilroberta-base-climate-f,Product,original,rag,"Dairy cattle, heifer",1.0,6.0
1346,climatebert/distilroberta-base-climate-f,Product,original,rag,"Meat, pig (cold dressed carcass weight)",1.0,19.0
1347,climatebert/distilroberta-base-climate-f,Product,original,rag,"Meat, chicken, breast",0.0,4.0
1348,climatebert/distilroberta-base-climate-f,Product,original,rag,"Milk, cow, raw (FPCM)",1.0,35.0
1349,climatebert/distilroberta-base-climate-f,Product,original,rag,Broiler chicken,1.0,32.0
1350,climatebert/distilroberta-base-climate-f,Product,original,rag,Beef cattle,1.0,181.0
1351,climatebert/distilroberta-base-climate-f,Product,original,rag,Hides,0.0,1.0
1352,climatebert/distilroberta-base-climate-f,Product,original,rag,"Sheep, ewe",1.0,38.0
1353,climatebert/distilroberta-base-climate-f,Product,original,rag,"Beef cattle, heifer",1.0,43.0
1354,climatebert/distilroberta-base-climate-f,Product,original,rag,"Beef cattle, calf (female, weaned)",1.0,24.0
1355,climatebert/distilroberta-base-climate-f,Product,original,rag,"Dairy cattle, calf (weaned)",1.0,4.0
1356,climatebert/distilroberta-base-climate-f,Product,original,rag,Cattle,1.0,5.0
1357,climatebert/distilroberta-base-climate-f,Product,original,rag,"Wool, sheep (greasy)",1.0,15.0
1358,climatebert/distilroberta-base-climate-f,Product,original,rag,"Meat, dairy cattle (liveweight)",1.0,17.0
1359,climatebert/distilroberta-base-climate-f,Product,original,rag,"Beef cattle, steer",1.0,49.0
1360,climatebert/distilroberta-base-climate-f,Product,original,rag,"Meat, sheep (liveweight)",0.0,5.0
1361,climatebert/distilroberta-base-climate-f,Product,original,rag,"Beef cattle, heifer and steer",1.0,3.0
1362,climatebert/distilroberta-base-climate-f,Product,original,rag,"Dairy cattle, cow",1.0,14.0
1363,climatebert/distilroberta-base-climate-f,Product,original,rag,"Cattle, urine (kg mass)",1.0,5.0
1364,climatebert/distilroberta-base-climate-f,Product,original,rag,"Meat, pig (cold carcass weight)",0.0,1.0
1365,climatebert/distilroberta-base-climate-f,Product,original,rag,Offal,0.0,1.0
1366,climatebert/distilroberta-base-climate-f,Product,original,rag,Dairy cattle,1.0,29.0
1367,climatebert/distilroberta-base-climate-f,Product,original,rag,"Layer chicken, hen",1.0,6.0
1368,climatebert/distilroberta-base-climate-f,Product,original,rag,"Sheep, lamb (male, unweaned)",0.0,4.0
1369,climatebert/distilroberta-base-climate-f,Product,original,rag,"Meat, chicken, wings",1.0,3.0
1370,climatebert/distilroberta-base-climate-f,Product,original,rag,Wool,1.0,15.0
1371,climatebert/distilroberta-base-climate-f,Product,original,rag,"Eggs, hen, in shell (number)",1.0,15.0
1372,climatebert/distilroberta-base-climate-f,Product,original,rag,Pig,1.0,93.0
1373,climatebert/distilroberta-base-climate-f,Product,original,rag,"Broiler chicken, hen",0.0,5.0
1374,climatebert/distilroberta-base-climate-f,Product,original,rag,"Dairy cattle, calf (male, unweaned)",0.0,3.0
1375,climatebert/distilroberta-base-climate-f,Product,original,rag,"Meat, dairy cattle (cold carcass weight)",0.0,2.0
1376,climatebert/distilroberta-base-climate-f,Product,original,rag,"Dairy cattle, calf",0.0,1.0
1377,climatebert/distilroberta-base-climate-f,Product,original,rag,"Beef cattle, calf (male, weaned)",1.0,28.0
1378,climatebert/distilroberta-base-climate-f,Product,original,rag,"Meat, beef cattle (cold dressed carcass weight)",1.0,7.0
1379,climatebert/distilroberta-base-climate-f,Product,original,rag,"Eggs, hen, in shell",1.0,14.0
1380,climatebert/distilroberta-base-climate-f,Product,original,rag,"Broiler chicken, chick",0.0,10.0
1381,climatebert/distilroberta-base-climate-f,Product,original,rag,"Meat, chicken (liveweight)",0.0,9.0
1382,climatebert/distilroberta-base-climate-f,Product,original,rag,"Pig, piglet",1.0,26.0
1383,climatebert/distilroberta-base-climate-f,Product,original,rag,"Layer chicken, pullet",1.0,5.0
1384,climatebert/distilroberta-base-climate-f,Product,original,rag,"Sheep, lamb (female, unweaned)",0.0,4.0
1385,climatebert/distilroberta-base-climate-f,Product,original,rag,Milk,1.0,50.0
1386,climatebert/distilroberta-base-climate-f,Product,original,rag,"Beef cattle, bull",0.0,19.0
1387,climatebert/distilroberta-base-climate-f,Product,original,rag,Eggs,1.0,29.0
1388,climatebert/distilroberta-base-climate-f,Product,original,rag,"Sheep, lamb",1.0,36.0
1389,climatebert/distilroberta-base-climate-f,Product,original,rag,"Dairy cattle, calf (female, weaned)",0.0,1.0
1390,climatebert/distilroberta-base-climate-f,Product,original,rag,"Sheep, ram",1.0,27.0
1391,climatebert/distilroberta-base-climate-f,Product,original,rag,"Sheep, lamb (weaned)",1.0,22.0
1392,climatebert/distilroberta-base-climate-f,Product,original,rag,"Beef cattle, calf (weaned)",0.0,1.0
1393,climatebert/distilroberta-base-climate-f,Product,original,rag,"Meat, chicken, leg",1.0,2.0
1394,climatebert/distilroberta-base-climate-f,Product,original,rag,Sheep,1.0,133.0
1395,climatebert/distilroberta-base-climate-f,Product,original,rag,Layer chicken,1.0,17.0
1396,climatebert/distilroberta-base-climate-f,Product,original,rag,"Beef cattle, cow",1.0,10.0
1397,climatebert/distilroberta-base-climate-f,Product,original,rag,"Offal, pigs",0.0,1.0
1398,climatebert/distilroberta-base-climate-f,Product,original,rag,Poultry by-product meal,0.0,
1399,climatebert/distilroberta-base-climate-f,Product,original,rag,Meat,0.9230769230769231,94.0
1400,climatebert/distilroberta-base-climate-f,Product,original,rag,"Milk, cow, raw",0.0,15.0
1401,climatebert/distilroberta-base-climate-f,Product,original,rag,"Hides, dairy cattle, fresh",0.0,1.0
1402,climatebert/distilroberta-base-climate-f,Product,original,rag,"Pig, sow",1.0,18.0
1403,climatebert/distilroberta-base-climate-f,Product,original,rag,"Meat, beef cattle (liveweight)",1.0,5.0
1404,climatebert/distilroberta-base-climate-f,Product,original,rag,"Meat, chicken (cold carcass weight)",0.0,5.0
1405,climatebert/distilroberta-base-climate-f,Product,original,rag,"Meat, sheep (cold carcass weight)",0.0,3.0
1406,ESGBERT/EnvironmentalBERT-base,Product,original,rag,"Meat, beef cattle (cold carcass weight)",0.0,12.0
1407,ESGBERT/EnvironmentalBERT-base,Product,original,rag,"Dairy cattle, heifer",1.0,6.0
1408,ESGBERT/EnvironmentalBERT-base,Product,original,rag,"Meat, pig (cold dressed carcass weight)",1.0,19.0
1409,ESGBERT/EnvironmentalBERT-base,Product,original,rag,"Meat, chicken, breast",0.0,4.0
1410,ESGBERT/EnvironmentalBERT-base,Product,original,rag,"Milk, cow, raw (FPCM)",1.0,35.0
1411,ESGBERT/EnvironmentalBERT-base,Product,original,rag,Broiler chicken,1.0,32.0
1412,ESGBERT/EnvironmentalBERT-base,Product,original,rag,Beef cattle,1.0,181.0
1413,ESGBERT/EnvironmentalBERT-base,Product,original,rag,Hides,0.0,1.0
1414,ESGBERT/EnvironmentalBERT-base,Product,original,rag,"Sheep, ewe",1.0,38.0
1415,ESGBERT/EnvironmentalBERT-base,Product,original,rag,"Beef cattle, heifer",1.0,43.0
1416,ESGBERT/EnvironmentalBERT-base,Product,original,rag,"Beef cattle, calf (female, weaned)",1.0,24.0
1417,ESGBERT/EnvironmentalBERT-base,Product,original,rag,"Dairy cattle, calf (weaned)",1.0,4.0
1418,ESGBERT/EnvironmentalBERT-base,Product,original,rag,Cattle,1.0,5.0
1419,ESGBERT/EnvironmentalBERT-base,Product,original,rag,"Wool, sheep (greasy)",1.0,15.0
1420,ESGBERT/EnvironmentalBERT-base,Product,original,rag,"Meat, dairy cattle (liveweight)",1.0,17.0
1421,ESGBERT/EnvironmentalBERT-base,Product,original,rag,"Beef cattle, steer",1.0,49.0
1422,ESGBERT/EnvironmentalBERT-base,Product,original,rag,"Meat, sheep (liveweight)",0.0,5.0
1423,ESGBERT/EnvironmentalBERT-base,Product,original,rag,"Beef cattle, heifer and steer",1.0,3.0
1424,ESGBERT/EnvironmentalBERT-base,Product,original,rag,"Dairy cattle, cow",1.0,14.0
1425,ESGBERT/EnvironmentalBERT-base,Product,original,rag,"Cattle, urine (kg mass)",1.0,5.0
1426,ESGBERT/EnvironmentalBERT-base,Product,original,rag,"Meat, pig (cold carcass weight)",0.0,1.0
1427,ESGBERT/EnvironmentalBERT-base,Product,original,rag,Offal,0.0,1.0
1428,ESGBERT/EnvironmentalBERT-base,Product,original,rag,Dairy cattle,1.0,29.0
1429,ESGBERT/EnvironmentalBERT-base,Product,original,rag,"Layer chicken, hen",1.0,6.0
1430,ESGBERT/EnvironmentalBERT-base,Product,original,rag,"Sheep, lamb (male, unweaned)",0.0,4.0
1431,ESGBERT/EnvironmentalBERT-base,Product,original,rag,"Meat, chicken, wings",1.0,3.0
1432,ESGBERT/EnvironmentalBERT-base,Product,original,rag,Wool,1.0,15.0
1433,ESGBERT/EnvironmentalBERT-base,Product,original,rag,"Eggs, hen, in shell (number)",1.0,15.0
1434,ESGBERT/EnvironmentalBERT-base,Product,original,rag,Pig,1.0,93.0
1435,ESGBERT/EnvironmentalBERT-base,Product,original,rag,"Broiler chicken, hen",0.0,5.0
1436,ESGBERT/EnvironmentalBERT-base,Product,original,rag,"Dairy cattle, calf (male, unweaned)",0.0,3.0
1437,ESGBERT/EnvironmentalBERT-base,Product,original,rag,"Meat, dairy cattle (cold carcass weight)",0.0,2.0
1438,ESGBERT/EnvironmentalBERT-base,Product,original,rag,"Dairy cattle, calf",0.0,1.0
1439,ESGBERT/EnvironmentalBERT-base,Product,original,rag,"Beef cattle, calf (male, weaned)",1.0,28.0
1440,ESGBERT/EnvironmentalBERT-base,Product,original,rag,"Meat, beef cattle (cold dressed carcass weight)",1.0,7.0
1441,ESGBERT/EnvironmentalBERT-base,Product,original,rag,"Eggs, hen, in shell",1.0,14.0
1442,ESGBERT/EnvironmentalBERT-base,Product,original,rag,"Broiler chicken, chick",0.0,10.0
1443,ESGBERT/EnvironmentalBERT-base,Product,original,rag,"Meat, chicken (liveweight)",0.0,9.0
1444,ESGBERT/EnvironmentalBERT-base,Product,original,rag,"Pig, piglet",1.0,26.0
1445,ESGBERT/EnvironmentalBERT-base,Product,original,rag,"Layer chicken, pullet",1.0,5.0
1446,ESGBERT/EnvironmentalBERT-base,Product,original,rag,"Sheep, lamb (female, unweaned)",0.0,4.0
1447,ESGBERT/EnvironmentalBERT-base,Product,original,rag,Milk,1.0,50.0
1448,ESGBERT/EnvironmentalBERT-base,Product,original,rag,"Beef cattle, bull",0.0,19.0
1449,ESGBERT/EnvironmentalBERT-base,Product,original,rag,Eggs,1.0,29.0
1450,ESGBERT/EnvironmentalBERT-base,Product,original,rag,"Sheep, lamb",1.0,36.0
1451,ESGBERT/EnvironmentalBERT-base,Product,original,rag,"Dairy cattle, calf (female, weaned)",0.0,1.0
1452,ESGBERT/EnvironmentalBERT-base,Product,original,rag,"Sheep, ram",1.0,27.0
1453,ESGBERT/EnvironmentalBERT-base,Product,original,rag,"Sheep, lamb (weaned)",1.0,22.0
1454,ESGBERT/EnvironmentalBERT-base,Product,original,rag,"Beef cattle, calf (weaned)",0.0,1.0
1455,ESGBERT/EnvironmentalBERT-base,Product,original,rag,"Meat, chicken, leg",1.0,2.0
1456,ESGBERT/EnvironmentalBERT-base,Product,original,rag,Sheep,1.0,133.0
1457,ESGBERT/EnvironmentalBERT-base,Product,original,rag,Layer chicken,1.0,17.0
1458,ESGBERT/EnvironmentalBERT-base,Product,original,rag,"Beef cattle, cow",1.0,10.0
1459,ESGBERT/EnvironmentalBERT-base,Product,original,rag,"Offal, pigs",0.0,1.0
1460,ESGBERT/EnvironmentalBERT-base,Product,original,rag,Poultry by-product meal,0.0,
1461,ESGBERT/EnvironmentalBERT-base,Product,original,rag,Meat,0.9230769230769231,94.0
1462,ESGBERT/EnvironmentalBERT-base,Product,original,rag,"Milk, cow, raw",0.0,15.0
1463,ESGBERT/EnvironmentalBERT-base,Product,original,rag,"Hides, dairy cattle, fresh",0.0,1.0
1464,ESGBERT/EnvironmentalBERT-base,Product,original,rag,"Pig, sow",1.0,18.0
1465,ESGBERT/EnvironmentalBERT-base,Product,original,rag,"Meat, beef cattle (liveweight)",1.0,5.0
1466,ESGBERT/EnvironmentalBERT-base,Product,original,rag,"Meat, chicken (cold carcass weight)",0.0,5.0
1467,ESGBERT/EnvironmentalBERT-base,Product,original,rag,"Meat, sheep (cold carcass weight)",0.0,3.0
1468,FacebookAI/roberta-large,Product,original,rag,"Meat, beef cattle (cold carcass weight)",0.0,12.0
1469,FacebookAI/roberta-large,Product,original,rag,"Dairy cattle, heifer",1.0,6.0
1470,FacebookAI/roberta-large,Product,original,rag,"Meat, pig (cold dressed carcass weight)",1.0,19.0
1471,FacebookAI/roberta-large,Product,original,rag,"Meat, chicken, breast",0.0,4.0
1472,FacebookAI/roberta-large,Product,original,rag,"Milk, cow, raw (FPCM)",1.0,35.0
1473,FacebookAI/roberta-large,Product,original,rag,Broiler chicken,1.0,32.0
1474,FacebookAI/roberta-large,Product,original,rag,Beef cattle,1.0,181.0
1475,FacebookAI/roberta-large,Product,original,rag,Hides,0.0,1.0
1476,FacebookAI/roberta-large,Product,original,rag,"Sheep, ewe",1.0,38.0
1477,FacebookAI/roberta-large,Product,original,rag,"Beef cattle, heifer",1.0,43.0
1478,FacebookAI/roberta-large,Product,original,rag,"Beef cattle, calf (female, weaned)",1.0,24.0
1479,FacebookAI/roberta-large,Product,original,rag,"Dairy cattle, calf (weaned)",1.0,4.0
1480,FacebookAI/roberta-large,Product,original,rag,Cattle,1.0,5.0
1481,FacebookAI/roberta-large,Product,original,rag,"Wool, sheep (greasy)",1.0,15.0
1482,FacebookAI/roberta-large,Product,original,rag,"Meat, dairy cattle (liveweight)",1.0,17.0
1483,FacebookAI/roberta-large,Product,original,rag,"Beef cattle, steer",1.0,49.0
1484,FacebookAI/roberta-large,Product,original,rag,"Meat, sheep (liveweight)",0.0,5.0
1485,FacebookAI/roberta-large,Product,original,rag,"Beef cattle, heifer and steer",1.0,3.0
1486,FacebookAI/roberta-large,Product,original,rag,"Dairy cattle, cow",1.0,14.0
1487,FacebookAI/roberta-large,Product,original,rag,"Cattle, urine (kg mass)",1.0,5.0
1488,FacebookAI/roberta-large,Product,original,rag,"Meat, pig (cold carcass weight)",0.0,1.0
1489,FacebookAI/roberta-large,Product,original,rag,Offal,0.0,1.0
1490,FacebookAI/roberta-large,Product,original,rag,Dairy cattle,1.0,29.0
1491,FacebookAI/roberta-large,Product,original,rag,"Layer chicken, hen",1.0,6.0
1492,FacebookAI/roberta-large,Product,original,rag,"Sheep, lamb (male, unweaned)",0.0,4.0
1493,FacebookAI/roberta-large,Product,original,rag,"Meat, chicken, wings",0.5,3.0
1494,FacebookAI/roberta-large,Product,original,rag,Wool,1.0,15.0
1495,FacebookAI/roberta-large,Product,original,rag,"Eggs, hen, in shell (number)",1.0,15.0
1496,FacebookAI/roberta-large,Product,original,rag,Pig,1.0,93.0
1497,FacebookAI/roberta-large,Product,original,rag,"Broiler chicken, hen",0.0,5.0
1498,FacebookAI/roberta-large,Product,original,rag,"Dairy cattle, calf (male, unweaned)",0.0,3.0
1499,FacebookAI/roberta-large,Product,original,rag,"Meat, dairy cattle (cold carcass weight)",0.0,2.0
1500,FacebookAI/roberta-large,Product,original,rag,"Dairy cattle, calf",0.0,1.0
1501,FacebookAI/roberta-large,Product,original,rag,"Beef cattle, calf (male, weaned)",1.0,28.0
1502,FacebookAI/roberta-large,Product,original,rag,"Meat, beef cattle (cold dressed carcass weight)",1.0,7.0
1503,FacebookAI/roberta-large,Product,original,rag,"Eggs, hen, in shell",1.0,14.0
1504,FacebookAI/roberta-large,Product,original,rag,"Broiler chicken, chick",0.0,10.0
1505,FacebookAI/roberta-large,Product,original,rag,"Meat, chicken (liveweight)",0.0,9.0
1506,FacebookAI/roberta-large,Product,original,rag,"Pig, piglet",1.0,26.0
1507,FacebookAI/roberta-large,Product,original,rag,"Layer chicken, pullet",1.0,5.0
1508,FacebookAI/roberta-large,Product,original,rag,"Sheep, lamb (female, unweaned)",0.0,4.0
1509,FacebookAI/roberta-large,Product,original,rag,Milk,1.0,50.0
1510,FacebookAI/roberta-large,Product,original,rag,"Beef cattle, bull",0.0,19.0
1511,FacebookAI/roberta-large,Product,original,rag,Eggs,1.0,29.0
1512,FacebookAI/roberta-large,Product,original,rag,"Sheep, lamb",1.0,36.0
1513,FacebookAI/roberta-large,Product,original,rag,"Dairy cattle, calf (female, weaned)",0.0,1.0
1514,FacebookAI/roberta-large,Product,original,rag,"Sheep, ram",1.0,27.0
1515,FacebookAI/roberta-large,Product,original,rag,"Sheep, lamb (weaned)",1.0,22.0
1516,FacebookAI/roberta-large,Product,original,rag,"Beef cattle, calf (weaned)",0.0,1.0
1517,FacebookAI/roberta-large,Product,original,rag,"Meat, chicken, leg",1.0,2.0
1518,FacebookAI/roberta-large,Product,original,rag,Sheep,1.0,133.0
1519,FacebookAI/roberta-large,Product,original,rag,Layer chicken,1.0,17.0
1520,FacebookAI/roberta-large,Product,original,rag,"Beef cattle, cow",1.0,10.0
1521,FacebookAI/roberta-large,Product,original,rag,"Offal, pigs",0.0,1.0
1522,FacebookAI/roberta-large,Product,original,rag,Poultry by-product meal,0.0,
1523,FacebookAI/roberta-large,Product,original,rag,Meat,0.9230769230769231,94.0
1524,FacebookAI/roberta-large,Product,original,rag,"Milk, cow, raw",0.0,15.0
1525,FacebookAI/roberta-large,Product,original,rag,"Hides, dairy cattle, fresh",0.0,1.0
1526,FacebookAI/roberta-large,Product,original,rag,"Pig, sow",1.0,18.0
1527,FacebookAI/roberta-large,Product,original,rag,"Meat, beef cattle (liveweight)",1.0,5.0
1528,FacebookAI/roberta-large,Product,original,rag,"Meat, chicken (cold carcass weight)",0.0,5.0
1529,FacebookAI/roberta-large,Product,original,rag,"Meat, sheep (cold carcass weight)",0.0,3.0
1530,google-bert/bert-base-uncased,Product,original,rag,"Meat, beef cattle (cold carcass weight)",0.0,12.0
1531,google-bert/bert-base-uncased,Product,original,rag,"Dairy cattle, heifer",1.0,6.0
1532,google-bert/bert-base-uncased,Product,original,rag,"Meat, pig (cold dressed carcass weight)",1.0,19.0
1533,google-bert/bert-base-uncased,Product,original,rag,"Meat, chicken, breast",0.0,4.0
1534,google-bert/bert-base-uncased,Product,original,rag,"Milk, cow, raw (FPCM)",1.0,35.0
1535,google-bert/bert-base-uncased,Product,original,rag,Broiler chicken,1.0,32.0
1536,google-bert/bert-base-uncased,Product,original,rag,Beef cattle,1.0,181.0
1537,google-bert/bert-base-uncased,Product,original,rag,Hides,0.0,1.0
1538,google-bert/bert-base-uncased,Product,original,rag,"Sheep, ewe",1.0,38.0
1539,google-bert/bert-base-uncased,Product,original,rag,"Beef cattle, heifer",1.0,43.0
1540,google-bert/bert-base-uncased,Product,original,rag,"Beef cattle, calf (female, weaned)",1.0,24.0
1541,google-bert/bert-base-uncased,Product,original,rag,"Dairy cattle, calf (weaned)",1.0,4.0
1542,google-bert/bert-base-uncased,Product,original,rag,Cattle,1.0,5.0
1543,google-bert/bert-base-uncased,Product,original,rag,"Wool, sheep (greasy)",1.0,15.0
1544,google-bert/bert-base-uncased,Product,original,rag,"Meat, dairy cattle (liveweight)",1.0,17.0
1545,google-bert/bert-base-uncased,Product,original,rag,"Beef cattle, steer",1.0,49.0
1546,google-bert/bert-base-uncased,Product,original,rag,"Meat, sheep (liveweight)",0.0,5.0
1547,google-bert/bert-base-uncased,Product,original,rag,"Beef cattle, heifer and steer",1.0,3.0
1548,google-bert/bert-base-uncased,Product,original,rag,"Dairy cattle, cow",1.0,14.0
1549,google-bert/bert-base-uncased,Product,original,rag,"Cattle, urine (kg mass)",1.0,5.0
1550,google-bert/bert-base-uncased,Product,original,rag,"Meat, pig (cold carcass weight)",0.0,1.0
1551,google-bert/bert-base-uncased,Product,original,rag,Offal,0.0,1.0
1552,google-bert/bert-base-uncased,Product,original,rag,Dairy cattle,1.0,29.0
1553,google-bert/bert-base-uncased,Product,original,rag,"Layer chicken, hen",1.0,6.0
1554,google-bert/bert-base-uncased,Product,original,rag,"Sheep, lamb (male, unweaned)",0.0,4.0
1555,google-bert/bert-base-uncased,Product,original,rag,"Meat, chicken, wings",1.0,3.0
1556,google-bert/bert-base-uncased,Product,original,rag,Wool,1.0,15.0
1557,google-bert/bert-base-uncased,Product,original,rag,"Eggs, hen, in shell (number)",1.0,15.0
1558,google-bert/bert-base-uncased,Product,original,rag,Pig,1.0,93.0
1559,google-bert/bert-base-uncased,Product,original,rag,"Broiler chicken, hen",0.0,5.0
1560,google-bert/bert-base-uncased,Product,original,rag,"Dairy cattle, calf (male, unweaned)",0.0,3.0
1561,google-bert/bert-base-uncased,Product,original,rag,"Meat, dairy cattle (cold carcass weight)",0.0,2.0
1562,google-bert/bert-base-uncased,Product,original,rag,"Dairy cattle, calf",0.0,1.0
1563,google-bert/bert-base-uncased,Product,original,rag,"Beef cattle, calf (male, weaned)",1.0,28.0
1564,google-bert/bert-base-uncased,Product,original,rag,"Meat, beef cattle (cold dressed carcass weight)",1.0,7.0
1565,google-bert/bert-base-uncased,Product,original,rag,"Eggs, hen, in shell",1.0,14.0
1566,google-bert/bert-base-uncased,Product,original,rag,"Broiler chicken, chick",0.0,10.0
1567,google-bert/bert-base-uncased,Product,original,rag,"Meat, chicken (liveweight)",0.0,9.0
1568,google-bert/bert-base-uncased,Product,original,rag,"Pig, piglet",1.0,26.0
1569,google-bert/bert-base-uncased,Product,original,rag,"Layer chicken, pullet",1.0,5.0
1570,google-bert/bert-base-uncased,Product,original,rag,"Sheep, lamb (female, unweaned)",0.0,4.0
1571,google-bert/bert-base-uncased,Product,original,rag,Milk,1.0,50.0
1572,google-bert/bert-base-uncased,Product,original,rag,"Beef cattle, bull",0.0,19.0
1573,google-bert/bert-base-uncased,Product,original,rag,Eggs,1.0,29.0
1574,google-bert/bert-base-uncased,Product,original,rag,"Sheep, lamb",1.0,36.0
1575,google-bert/bert-base-uncased,Product,original,rag,"Dairy cattle, calf (female, weaned)",0.0,1.0
1576,google-bert/bert-base-uncased,Product,original,rag,"Sheep, ram",1.0,27.0
1577,google-bert/bert-base-uncased,Product,original,rag,"Sheep, lamb (weaned)",1.0,22.0
1578,google-bert/bert-base-uncased,Product,original,rag,"Beef cattle, calf (weaned)",0.0,1.0
1579,google-bert/bert-base-uncased,Product,original,rag,"Meat, chicken, leg",0.0,2.0
1580,google-bert/bert-base-uncased,Product,original,rag,Sheep,1.0,133.0
1581,google-bert/bert-base-uncased,Product,original,rag,Layer chicken,1.0,17.0
1582,google-bert/bert-base-uncased,Product,original,rag,"Beef cattle, cow",1.0,10.0
1583,google-bert/bert-base-uncased,Product,original,rag,"Offal, pigs",0.0,1.0
1584,google-bert/bert-base-uncased,Product,original,rag,Poultry by-product meal,0.0,
1585,google-bert/bert-base-uncased,Product,original,rag,Meat,0.9230769230769231,94.0
1586,google-bert/bert-base-uncased,Product,original,rag,"Milk, cow, raw",0.0,15.0
1587,google-bert/bert-base-uncased,Product,original,rag,"Hides, dairy cattle, fresh",0.0,1.0
1588,google-bert/bert-base-uncased,Product,original,rag,"Pig, sow",1.0,18.0
1589,google-bert/bert-base-uncased,Product,original,rag,"Meat, beef cattle (liveweight)",1.0,5.0
1590,google-bert/bert-base-uncased,Product,original,rag,"Meat, chicken (cold carcass weight)",0.0,5.0
1591,google-bert/bert-base-uncased,Product,original,rag,"Meat, sheep (cold carcass weight)",0.0,3.0
1592,microsoft/deberta-v3-base,Product,original,rag,"Meat, beef cattle (cold carcass weight)",0.0,12.0
1593,microsoft/deberta-v3-base,Product,original,rag,"Dairy cattle, heifer",1.0,6.0
1594,microsoft/deberta-v3-base,Product,original,rag,"Meat, pig (cold dressed carcass weight)",1.0,19.0
1595,microsoft/deberta-v3-base,Product,original,rag,"Meat, chicken, breast",0.0,4.0
1596,microsoft/deberta-v3-base,Product,original,rag,"Milk, cow, raw (FPCM)",1.0,35.0
1597,microsoft/deberta-v3-base,Product,original,rag,Broiler chicken,1.0,32.0
1598,microsoft/deberta-v3-base,Product,original,rag,Beef cattle,1.0,181.0
1599,microsoft/deberta-v3-base,Product,original,rag,Hides,0.0,1.0
1600,microsoft/deberta-v3-base,Product,original,rag,"Sheep, ewe",1.0,38.0
1601,microsoft/deberta-v3-base,Product,original,rag,"Beef cattle, heifer",1.0,43.0
1602,microsoft/deberta-v3-base,Product,original,rag,"Beef cattle, calf (female, weaned)",1.0,24.0
1603,microsoft/deberta-v3-base,Product,original,rag,"Dairy cattle, calf (weaned)",1.0,4.0
1604,microsoft/deberta-v3-base,Product,original,rag,Cattle,1.0,5.0
1605,microsoft/deberta-v3-base,Product,original,rag,"Wool, sheep (greasy)",1.0,15.0
1606,microsoft/deberta-v3-base,Product,original,rag,"Meat, dairy cattle (liveweight)",1.0,17.0
1607,microsoft/deberta-v3-base,Product,original,rag,"Beef cattle, steer",1.0,49.0
1608,microsoft/deberta-v3-base,Product,original,rag,"Meat, sheep (liveweight)",0.0,5.0
1609,microsoft/deberta-v3-base,Product,original,rag,"Beef cattle, heifer and steer",1.0,3.0
1610,microsoft/deberta-v3-base,Product,original,rag,"Dairy cattle, cow",1.0,14.0
1611,microsoft/deberta-v3-base,Product,original,rag,"Cattle, urine (kg mass)",1.0,5.0
1612,microsoft/deberta-v3-base,Product,original,rag,"Meat, pig (cold carcass weight)",0.0,1.0
1613,microsoft/deberta-v3-base,Product,original,rag,Offal,0.0,1.0
1614,microsoft/deberta-v3-base,Product,original,rag,Dairy cattle,1.0,29.0
1615,microsoft/deberta-v3-base,Product,original,rag,"Layer chicken, hen",1.0,6.0
1616,microsoft/deberta-v3-base,Product,original,rag,"Sheep, lamb (male, unweaned)",0.0,4.0
1617,microsoft/deberta-v3-base,Product,original,rag,"Meat, chicken, wings",0.0,3.0
1618,microsoft/deberta-v3-base,Product,original,rag,Wool,1.0,15.0
1619,microsoft/deberta-v3-base,Product,original,rag,"Eggs, hen, in shell (number)",1.0,15.0
1620,microsoft/deberta-v3-base,Product,original,rag,Pig,1.0,93.0
1621,microsoft/deberta-v3-base,Product,original,rag,"Broiler chicken, hen",0.0,5.0
1622,microsoft/deberta-v3-base,Product,original,rag,"Dairy cattle, calf (male, unweaned)",0.0,3.0
1623,microsoft/deberta-v3-base,Product,original,rag,"Meat, dairy cattle (cold carcass weight)",0.0,2.0
1624,microsoft/deberta-v3-base,Product,original,rag,"Dairy cattle, calf",0.0,1.0
1625,microsoft/deberta-v3-base,Product,original,rag,"Beef cattle, calf (male, weaned)",1.0,28.0
1626,microsoft/deberta-v3-base,Product,original,rag,"Meat, beef cattle (cold dressed carcass weight)",1.0,7.0
1627,microsoft/deberta-v3-base,Product,original,rag,"Eggs, hen, in shell",1.0,14.0
1628,microsoft/deberta-v3-base,Product,original,rag,"Broiler chicken, chick",0.0,10.0
1629,microsoft/deberta-v3-base,Product,original,rag,"Meat, chicken (liveweight)",0.0,9.0
1630,microsoft/deberta-v3-base,Product,original,rag,"Pig, piglet",1.0,26.0
1631,microsoft/deberta-v3-base,Product,original,rag,"Layer chicken, pullet",1.0,5.0
1632,microsoft/deberta-v3-base,Product,original,rag,"Sheep, lamb (female, unweaned)",0.0,4.0
1633,microsoft/deberta-v3-base,Product,original,rag,Milk,1.0,50.0
1634,microsoft/deberta-v3-base,Product,original,rag,"Beef cattle, bull",0.0,19.0
1635,microsoft/deberta-v3-base,Product,original,rag,Eggs,1.0,29.0
1636,microsoft/deberta-v3-base,Product,original,rag,"Sheep, lamb",1.0,36.0
1637,microsoft/deberta-v3-base,Product,original,rag,"Dairy cattle, calf (female, weaned)",0.0,1.0
1638,microsoft/deberta-v3-base,Product,original,rag,"Sheep, ram",1.0,27.0
1639,microsoft/deberta-v3-base,Product,original,rag,"Sheep, lamb (weaned)",1.0,22.0
1640,microsoft/deberta-v3-base,Product,original,rag,"Beef cattle, calf (weaned)",0.0,1.0
1641,microsoft/deberta-v3-base,Product,original,rag,"Meat, chicken, leg",0.0,2.0
1642,microsoft/deberta-v3-base,Product,original,rag,Sheep,1.0,133.0
1643,microsoft/deberta-v3-base,Product,original,rag,Layer chicken,1.0,17.0
1644,microsoft/deberta-v3-base,Product,original,rag,"Beef cattle, cow",1.0,10.0
1645,microsoft/deberta-v3-base,Product,original,rag,"Offal, pigs",0.0,1.0
1646,microsoft/deberta-v3-base,Product,original,rag,Poultry by-product meal,0.0,
1647,microsoft/deberta-v3-base,Product,original,rag,Meat,0.9230769230769231,94.0
1648,microsoft/deberta-v3-base,Product,original,rag,"Milk, cow, raw",0.0,15.0
1649,microsoft/deberta-v3-base,Product,original,rag,"Hides, dairy cattle, fresh",0.0,1.0
1650,microsoft/deberta-v3-base,Product,original,rag,"Pig, sow",1.0,18.0
1651,microsoft/deberta-v3-base,Product,original,rag,"Meat, beef cattle (liveweight)",1.0,5.0
1652,microsoft/deberta-v3-base,Product,original,rag,"Meat, chicken (cold carcass weight)",0.0,5.0
1653,microsoft/deberta-v3-base,Product,original,rag,"Meat, sheep (cold carcass weight)",0.0,3.0
1654,microsoft/deberta-v3-large,Product,original,rag,"Meat, beef cattle (cold carcass weight)",0.0,12.0
1655,microsoft/deberta-v3-large,Product,original,rag,"Dairy cattle, heifer",1.0,6.0
1656,microsoft/deberta-v3-large,Product,original,rag,"Meat, pig (cold dressed carcass weight)",1.0,19.0
1657,microsoft/deberta-v3-large,Product,original,rag,"Meat, chicken, breast",0.0,4.0
1658,microsoft/deberta-v3-large,Product,original,rag,"Milk, cow, raw (FPCM)",1.0,35.0
1659,microsoft/deberta-v3-large,Product,original,rag,Broiler chicken,1.0,32.0
1660,microsoft/deberta-v3-large,Product,original,rag,Beef cattle,1.0,181.0
1661,microsoft/deberta-v3-large,Product,original,rag,Hides,0.0,1.0
1662,microsoft/deberta-v3-large,Product,original,rag,"Sheep, ewe",1.0,38.0
1663,microsoft/deberta-v3-large,Product,original,rag,"Beef cattle, heifer",0.75,43.0
1664,microsoft/deberta-v3-large,Product,original,rag,"Beef cattle, calf (female, weaned)",1.0,24.0
1665,microsoft/deberta-v3-large,Product,original,rag,"Dairy cattle, calf (weaned)",1.0,4.0
1666,microsoft/deberta-v3-large,Product,original,rag,Cattle,1.0,5.0
1667,microsoft/deberta-v3-large,Product,original,rag,"Wool, sheep (greasy)",1.0,15.0
1668,microsoft/deberta-v3-large,Product,original,rag,"Meat, dairy cattle (liveweight)",1.0,17.0
1669,microsoft/deberta-v3-large,Product,original,rag,"Beef cattle, steer",1.0,49.0
1670,microsoft/deberta-v3-large,Product,original,rag,"Meat, sheep (liveweight)",0.0,5.0
1671,microsoft/deberta-v3-large,Product,original,rag,"Beef cattle, heifer and steer",1.0,3.0
1672,microsoft/deberta-v3-large,Product,original,rag,"Dairy cattle, cow",1.0,14.0
1673,microsoft/deberta-v3-large,Product,original,rag,"Cattle, urine (kg mass)",1.0,5.0
1674,microsoft/deberta-v3-large,Product,original,rag,"Meat, pig (cold carcass weight)",0.0,1.0
1675,microsoft/deberta-v3-large,Product,original,rag,Offal,0.0,1.0
1676,microsoft/deberta-v3-large,Product,original,rag,Dairy cattle,1.0,29.0
1677,microsoft/deberta-v3-large,Product,original,rag,"Layer chicken, hen",1.0,6.0
1678,microsoft/deberta-v3-large,Product,original,rag,"Sheep, lamb (male, unweaned)",0.0,4.0
1679,microsoft/deberta-v3-large,Product,original,rag,"Meat, chicken, wings",1.0,3.0
1680,microsoft/deberta-v3-large,Product,original,rag,Wool,1.0,15.0
1681,microsoft/deberta-v3-large,Product,original,rag,"Eggs, hen, in shell (number)",1.0,15.0
1682,microsoft/deberta-v3-large,Product,original,rag,Pig,1.0,93.0
1683,microsoft/deberta-v3-large,Product,original,rag,"Broiler chicken, hen",0.0,5.0
1684,microsoft/deberta-v3-large,Product,original,rag,"Dairy cattle, calf (male, unweaned)",0.0,3.0
1685,microsoft/deberta-v3-large,Product,original,rag,"Meat, dairy cattle (cold carcass weight)",0.0,2.0
1686,microsoft/deberta-v3-large,Product,original,rag,"Dairy cattle, calf",0.0,1.0
1687,microsoft/deberta-v3-large,Product,original,rag,"Beef cattle, calf (male, weaned)",1.0,28.0
1688,microsoft/deberta-v3-large,Product,original,rag,"Meat, beef cattle (cold dressed carcass weight)",1.0,7.0
1689,microsoft/deberta-v3-large,Product,original,rag,"Eggs, hen, in shell",1.0,14.0
1690,microsoft/deberta-v3-large,Product,original,rag,"Broiler chicken, chick",0.0,10.0
1691,microsoft/deberta-v3-large,Product,original,rag,"Meat, chicken (liveweight)",0.0,9.0
1692,microsoft/deberta-v3-large,Product,original,rag,"Pig, piglet",1.0,26.0
1693,microsoft/deberta-v3-large,Product,original,rag,"Layer chicken, pullet",1.0,5.0
1694,microsoft/deberta-v3-large,Product,original,rag,"Sheep, lamb (female, unweaned)",0.0,4.0
1695,microsoft/deberta-v3-large,Product,original,rag,Milk,1.0,50.0
1696,microsoft/deberta-v3-large,Product,original,rag,"Beef cattle, bull",0.0,19.0
1697,microsoft/deberta-v3-large,Product,original,rag,Eggs,1.0,29.0
1698,microsoft/deberta-v3-large,Product,original,rag,"Sheep, lamb",1.0,36.0
1699,microsoft/deberta-v3-large,Product,original,rag,"Dairy cattle, calf (female, weaned)",0.0,1.0
1700,microsoft/deberta-v3-large,Product,original,rag,"Sheep, ram",1.0,27.0
1701,microsoft/deberta-v3-large,Product,original,rag,"Sheep, lamb (weaned)",1.0,22.0
1702,microsoft/deberta-v3-large,Product,original,rag,"Beef cattle, calf (weaned)",0.0,1.0
1703,microsoft/deberta-v3-large,Product,original,rag,"Meat, chicken, leg",1.0,2.0
1704,microsoft/deberta-v3-large,Product,original,rag,Sheep,1.0,133.0
1705,microsoft/deberta-v3-large,Product,original,rag,Layer chicken,1.0,17.0
1706,microsoft/deberta-v3-large,Product,original,rag,"Beef cattle, cow",1.0,10.0
1707,microsoft/deberta-v3-large,Product,original,rag,"Offal, pigs",0.0,1.0
1708,microsoft/deberta-v3-large,Product,original,rag,Poultry by-product meal,0.0,
1709,microsoft/deberta-v3-large,Product,original,rag,Meat,0.9230769230769231,94.0
1710,microsoft/deberta-v3-large,Product,original,rag,"Milk, cow, raw",0.0,15.0
1711,microsoft/deberta-v3-large,Product,original,rag,"Hides, dairy cattle, fresh",0.0,1.0
1712,microsoft/deberta-v3-large,Product,original,rag,"Pig, sow",1.0,18.0
1713,microsoft/deberta-v3-large,Product,original,rag,"Meat, beef cattle (liveweight)",1.0,5.0
1714,microsoft/deberta-v3-large,Product,original,rag,"Meat, chicken (cold carcass weight)",0.0,5.0
1715,microsoft/deberta-v3-large,Product,original,rag,"Meat, sheep (cold carcass weight)",0.0,3.0
1716,microsoft/deberta-v3-small,Product,original,rag,"Meat, beef cattle (cold carcass weight)",0.0,12.0
1717,microsoft/deberta-v3-small,Product,original,rag,"Dairy cattle, heifer",1.0,6.0
1718,microsoft/deberta-v3-small,Product,original,rag,"Meat, pig (cold dressed carcass weight)",1.0,19.0
1719,microsoft/deberta-v3-small,Product,original,rag,"Meat, chicken, breast",0.0,4.0
1720,microsoft/deberta-v3-small,Product,original,rag,"Milk, cow, raw (FPCM)",1.0,35.0
1721,microsoft/deberta-v3-small,Product,original,rag,Broiler chicken,1.0,32.0
1722,microsoft/deberta-v3-small,Product,original,rag,Beef cattle,1.0,181.0
1723,microsoft/deberta-v3-small,Product,original,rag,Hides,0.0,1.0
1724,microsoft/deberta-v3-small,Product,original,rag,"Sheep, ewe",1.0,38.0
1725,microsoft/deberta-v3-small,Product,original,rag,"Beef cattle, heifer",1.0,43.0
1726,microsoft/deberta-v3-small,Product,original,rag,"Beef cattle, calf (female, weaned)",1.0,24.0
1727,microsoft/deberta-v3-small,Product,original,rag,"Dairy cattle, calf (weaned)",0.0,4.0
1728,microsoft/deberta-v3-small,Product,original,rag,Cattle,1.0,5.0
1729,microsoft/deberta-v3-small,Product,original,rag,"Wool, sheep (greasy)",1.0,15.0
1730,microsoft/deberta-v3-small,Product,original,rag,"Meat, dairy cattle (liveweight)",1.0,17.0
1731,microsoft/deberta-v3-small,Product,original,rag,"Beef cattle, steer",1.0,49.0
1732,microsoft/deberta-v3-small,Product,original,rag,"Meat, sheep (liveweight)",0.0,5.0
1733,microsoft/deberta-v3-small,Product,original,rag,"Beef cattle, heifer and steer",0.0,3.0
1734,microsoft/deberta-v3-small,Product,original,rag,"Dairy cattle, cow",1.0,14.0
1735,microsoft/deberta-v3-small,Product,original,rag,"Cattle, urine (kg mass)",1.0,5.0
1736,microsoft/deberta-v3-small,Product,original,rag,"Meat, pig (cold carcass weight)",0.0,1.0
1737,microsoft/deberta-v3-small,Product,original,rag,Offal,0.0,1.0
1738,microsoft/deberta-v3-small,Product,original,rag,Dairy cattle,1.0,29.0
1739,microsoft/deberta-v3-small,Product,original,rag,"Layer chicken, hen",1.0,6.0
1740,microsoft/deberta-v3-small,Product,original,rag,"Sheep, lamb (male, unweaned)",0.0,4.0
1741,microsoft/deberta-v3-small,Product,original,rag,"Meat, chicken, wings",1.0,3.0
1742,microsoft/deberta-v3-small,Product,original,rag,Wool,1.0,15.0
1743,microsoft/deberta-v3-small,Product,original,rag,"Eggs, hen, in shell (number)",1.0,15.0
1744,microsoft/deberta-v3-small,Product,original,rag,Pig,1.0,93.0
1745,microsoft/deberta-v3-small,Product,original,rag,"Broiler chicken, hen",0.0,5.0
1746,microsoft/deberta-v3-small,Product,original,rag,"Dairy cattle, calf (male, unweaned)",0.0,3.0
1747,microsoft/deberta-v3-small,Product,original,rag,"Meat, dairy cattle (cold carcass weight)",0.0,2.0
1748,microsoft/deberta-v3-small,Product,original,rag,"Dairy cattle, calf",0.0,1.0
1749,microsoft/deberta-v3-small,Product,original,rag,"Beef cattle, calf (male, weaned)",1.0,28.0
1750,microsoft/deberta-v3-small,Product,original,rag,"Meat, beef cattle (cold dressed carcass weight)",0.0,7.0
1751,microsoft/deberta-v3-small,Product,original,rag,"Eggs, hen, in shell",1.0,14.0
1752,microsoft/deberta-v3-small,Product,original,rag,"Broiler chicken, chick",0.0,10.0
1753,microsoft/deberta-v3-small,Product,original,rag,"Meat, chicken (liveweight)",0.0,9.0
1754,microsoft/deberta-v3-small,Product,original,rag,"Pig, piglet",1.0,26.0
1755,microsoft/deberta-v3-small,Product,original,rag,"Layer chicken, pullet",1.0,5.0
1756,microsoft/deberta-v3-small,Product,original,rag,"Sheep, lamb (female, unweaned)",0.0,4.0
1757,microsoft/deberta-v3-small,Product,original,rag,Milk,1.0,50.0
1758,microsoft/deberta-v3-small,Product,original,rag,"Beef cattle, bull",0.0,19.0
1759,microsoft/deberta-v3-small,Product,original,rag,Eggs,1.0,29.0
1760,microsoft/deberta-v3-small,Product,original,rag,"Sheep, lamb",1.0,36.0
1761,microsoft/deberta-v3-small,Product,original,rag,"Dairy cattle, calf (female, weaned)",0.0,1.0
1762,microsoft/deberta-v3-small,Product,original,rag,"Sheep, ram",1.0,27.0
1763,microsoft/deberta-v3-small,Product,original,rag,"Sheep, lamb (weaned)",1.0,22.0
1764,microsoft/deberta-v3-small,Product,original,rag,"Beef cattle, calf (weaned)",0.0,1.0
1765,microsoft/deberta-v3-small,Product,original,rag,"Meat, chicken, leg",0.0,2.0
1766,microsoft/deberta-v3-small,Product,original,rag,Sheep,1.0,133.0
1767,microsoft/deberta-v3-small,Product,original,rag,Layer chicken,1.0,17.0
1768,microsoft/deberta-v3-small,Product,original,rag,"Beef cattle, cow",1.0,10.0
1769,microsoft/deberta-v3-small,Product,original,rag,"Offal, pigs",0.0,1.0
1770,microsoft/deberta-v3-small,Product,original,rag,Poultry by-product meal,0.0,
1771,microsoft/deberta-v3-small,Product,original,rag,Meat,0.9230769230769231,94.0
1772,microsoft/deberta-v3-small,Product,original,rag,"Milk, cow, raw",0.0,15.0
1773,microsoft/deberta-v3-small,Product,original,rag,"Hides, dairy cattle, fresh",0.0,1.0
1774,microsoft/deberta-v3-small,Product,original,rag,"Pig, sow",1.0,18.0
1775,microsoft/deberta-v3-small,Product,original,rag,"Meat, beef cattle (liveweight)",1.0,5.0
1776,microsoft/deberta-v3-small,Product,original,rag,"Meat, chicken (cold carcass weight)",0.0,5.0
1777,microsoft/deberta-v3-small,Product,original,rag,"Meat, sheep (cold carcass weight)",0.0,3.0
1778,climatebert/distilroberta-base-climate-f,System Boundary,original,rag,True_animalFeed,1.0,628.0
1779,climatebert/distilroberta-base-climate-f,System Boundary,original,rag,True_water,0.9333333333333333,157.0
1780,climatebert/distilroberta-base-climate-f,System Boundary,original,rag,True_liveAnimalInput,0.9861111111111112,613.0
1781,climatebert/distilroberta-base-climate-f,System Boundary,original,rag,True_electricityFuel,0.9354838709677419,440.0
1782,climatebert/distilroberta-base-climate-f,System Boundary,original,rag,True_transport,1.0,44.0
1783,climatebert/distilroberta-base-climate-f,System Boundary,original,rag,True_pesticideVeterinaryDrug,0.9583333333333334,328.0
1784,climatebert/distilroberta-base-climate-f,System Boundary,original,rag,True_seed,0.9873417721518988,602.0
1785,climatebert/distilroberta-base-climate-f,System Boundary,original,rag,True_otherChemical,1.0,615.0
1786,climatebert/distilroberta-base-climate-f,System Boundary,original,rag,True_animalPopulation,1.0,637.0
1787,climatebert/distilroberta-base-climate-f,System Boundary,original,rag,True_freshForage,1.0,358.0
1788,climatebert/distilroberta-base-climate-f,System Boundary,original,rag,True_excreta,1.0,161.0
1789,climatebert/distilroberta-base-climate-f,System Boundary,original,rag,True_product,1.0,632.0
1790,climatebert/distilroberta-base-climate-f,System Boundary,original,rag,True_waste,1.0,68.0
1791,climatebert/distilroberta-base-climate-f,System Boundary,original,rag,True_soilAmendment,0.9878048780487805,622.0
1792,climatebert/distilroberta-base-climate-f,System Boundary,original,rag,True_operation,1.0,225.0
1793,climatebert/distilroberta-base-climate-f,System Boundary,original,rag,True_fertiliser,1.0,632.0
1794,climatebert/distilroberta-base-climate-f,System Boundary,original,rag,True_material,1.0,9.0
1795,climatebert/distilroberta-base-climate-f,System Boundary,original,rag,True_ingredient,1.0,678.0
1796,climatebert/distilroberta-base-climate-f,System Boundary,original,rag,True_cropResidue,1.0,436.0
1797,ESGBERT/EnvironmentalBERT-base,System Boundary,original,rag,True_animalFeed,1.0,628.0
1798,ESGBERT/EnvironmentalBERT-base,System Boundary,original,rag,True_water,1.0,157.0
1799,ESGBERT/EnvironmentalBERT-base,System Boundary,original,rag,True_liveAnimalInput,0.9863013698630136,613.0
1800,ESGBERT/EnvironmentalBERT-base,System Boundary,original,rag,True_electricityFuel,1.0,440.0
1801,ESGBERT/EnvironmentalBERT-base,System Boundary,original,rag,True_transport,1.0,44.0
1802,ESGBERT/EnvironmentalBERT-base,System Boundary,original,rag,True_pesticideVeterinaryDrug,0.94,328.0
1803,ESGBERT/EnvironmentalBERT-base,System Boundary,original,rag,True_seed,0.9871794871794872,602.0
1804,ESGBERT/EnvironmentalBERT-base,System Boundary,original,rag,True_otherChemical,1.0,615.0
1805,ESGBERT/EnvironmentalBERT-base,System Boundary,original,rag,True_animalPopulation,1.0,637.0
1806,ESGBERT/EnvironmentalBERT-base,System Boundary,original,rag,True_freshForage,1.0,358.0
1807,ESGBERT/EnvironmentalBERT-base,System Boundary,original,rag,True_excreta,1.0,161.0
1808,ESGBERT/EnvironmentalBERT-base,System Boundary,original,rag,True_product,1.0,632.0
1809,ESGBERT/EnvironmentalBERT-base,System Boundary,original,rag,True_waste,1.0,68.0
1810,ESGBERT/EnvironmentalBERT-base,System Boundary,original,rag,True_soilAmendment,1.0,622.0
1811,ESGBERT/EnvironmentalBERT-base,System Boundary,original,rag,True_operation,1.0,225.0
1812,ESGBERT/EnvironmentalBERT-base,System Boundary,original,rag,True_fertiliser,0.9880952380952381,632.0
1813,ESGBERT/EnvironmentalBERT-base,System Boundary,original,rag,True_material,1.0,9.0
1814,ESGBERT/EnvironmentalBERT-base,System Boundary,original,rag,True_ingredient,1.0,678.0
1815,ESGBERT/EnvironmentalBERT-base,System Boundary,original,rag,True_cropResidue,1.0,436.0
1816,FacebookAI/roberta-large,System Boundary,original,rag,True_animalFeed,1.0,628.0
1817,FacebookAI/roberta-large,System Boundary,original,rag,True_water,1.0,157.0
1818,FacebookAI/roberta-large,System Boundary,original,rag,True_liveAnimalInput,0.9861111111111112,613.0
1819,FacebookAI/roberta-large,System Boundary,original,rag,True_electricityFuel,0.9661016949152542,440.0
1820,FacebookAI/roberta-large,System Boundary,original,rag,True_transport,0.0,44.0
1821,FacebookAI/roberta-large,System Boundary,original,rag,True_pesticideVeterinaryDrug,0.9583333333333334,328.0
1822,FacebookAI/roberta-large,System Boundary,original,rag,True_seed,1.0,602.0
1823,FacebookAI/roberta-large,System Boundary,original,rag,True_otherChemical,1.0,615.0
1824,FacebookAI/roberta-large,System Boundary,original,rag,True_animalPopulation,1.0,637.0
1825,FacebookAI/roberta-large,System Boundary,original,rag,True_freshForage,1.0,358.0
1826,FacebookAI/roberta-large,System Boundary,original,rag,True_excreta,1.0,161.0
1827,FacebookAI/roberta-large,System Boundary,original,rag,True_product,1.0,632.0
1828,FacebookAI/roberta-large,System Boundary,original,rag,True_waste,1.0,68.0
1829,FacebookAI/roberta-large,System Boundary,original,rag,True_soilAmendment,1.0,622.0
1830,FacebookAI/roberta-large,System Boundary,original,rag,True_operation,1.0,225.0
1831,FacebookAI/roberta-large,System Boundary,original,rag,True_fertiliser,1.0,632.0
1832,FacebookAI/roberta-large,System Boundary,original,rag,True_material,1.0,9.0
1833,FacebookAI/roberta-large,System Boundary,original,rag,True_ingredient,1.0,678.0
1834,FacebookAI/roberta-large,System Boundary,original,rag,True_cropResidue,1.0,436.0
1835,google-bert/bert-base-uncased,System Boundary,original,rag,True_animalFeed,1.0,628.0
1836,google-bert/bert-base-uncased,System Boundary,original,rag,True_water,0.8666666666666667,157.0
1837,google-bert/bert-base-uncased,System Boundary,original,rag,True_liveAnimalInput,0.9863013698630136,613.0
1838,google-bert/bert-base-uncased,System Boundary,original,rag,True_electricityFuel,0.9666666666666667,440.0
1839,google-bert/bert-base-uncased,System Boundary,original,rag,True_transport,1.0,44.0
1840,google-bert/bert-base-uncased,System Boundary,original,rag,True_pesticideVeterinaryDrug,0.9591836734693877,328.0
1841,google-bert/bert-base-uncased,System Boundary,original,rag,True_seed,1.0,602.0
1842,google-bert/bert-base-uncased,System Boundary,original,rag,True_otherChemical,1.0,615.0
1843,google-bert/bert-base-uncased,System Boundary,original,rag,True_animalPopulation,1.0,637.0
1844,google-bert/bert-base-uncased,System Boundary,original,rag,True_freshForage,1.0,358.0
1845,google-bert/bert-base-uncased,System Boundary,original,rag,True_excreta,1.0,161.0
1846,google-bert/bert-base-uncased,System Boundary,original,rag,True_product,1.0,632.0
1847,google-bert/bert-base-uncased,System Boundary,original,rag,True_waste,1.0,68.0
1848,google-bert/bert-base-uncased,System Boundary,original,rag,True_soilAmendment,1.0,622.0
1849,google-bert/bert-base-uncased,System Boundary,original,rag,True_operation,1.0,225.0
1850,google-bert/bert-base-uncased,System Boundary,original,rag,True_fertiliser,1.0,632.0
1851,google-bert/bert-base-uncased,System Boundary,original,rag,True_material,1.0,9.0
1852,google-bert/bert-base-uncased,System Boundary,original,rag,True_ingredient,1.0,678.0
1853,google-bert/bert-base-uncased,System Boundary,original,rag,True_cropResidue,1.0,436.0
1854,microsoft/deberta-v3-base,System Boundary,original,rag,True_animalFeed,1.0,628.0
1855,microsoft/deberta-v3-base,System Boundary,original,rag,True_water,0.9166666666666666,157.0
1856,microsoft/deberta-v3-base,System Boundary,original,rag,True_liveAnimalInput,0.9861111111111112,613.0
1857,microsoft/deberta-v3-base,System Boundary,original,rag,True_electricityFuel,0.9333333333333333,440.0
1858,microsoft/deberta-v3-base,System Boundary,original,rag,True_transport,0.0,44.0
1859,microsoft/deberta-v3-base,System Boundary,original,rag,True_pesticideVeterinaryDrug,0.9583333333333334,328.0
1860,microsoft/deberta-v3-base,System Boundary,original,rag,True_seed,0.9736842105263158,602.0
1861,microsoft/deberta-v3-base,System Boundary,original,rag,True_otherChemical,1.0,615.0
1862,microsoft/deberta-v3-base,System Boundary,original,rag,True_animalPopulation,1.0,637.0
1863,microsoft/deberta-v3-base,System Boundary,original,rag,True_freshForage,1.0,358.0
1864,microsoft/deberta-v3-base,System Boundary,original,rag,True_excreta,1.0,161.0
1865,microsoft/deberta-v3-base,System Boundary,original,rag,True_product,1.0,632.0
1866,microsoft/deberta-v3-base,System Boundary,original,rag,True_waste,1.0,68.0
1867,microsoft/deberta-v3-base,System Boundary,original,rag,True_soilAmendment,0.9878048780487805,622.0
1868,microsoft/deberta-v3-base,System Boundary,original,rag,True_operation,1.0,225.0
1869,microsoft/deberta-v3-base,System Boundary,original,rag,True_fertiliser,0.9764705882352941,632.0
1870,microsoft/deberta-v3-base,System Boundary,original,rag,True_material,1.0,9.0
1871,microsoft/deberta-v3-base,System Boundary,original,rag,True_ingredient,1.0,678.0
1872,microsoft/deberta-v3-base,System Boundary,original,rag,True_cropResidue,1.0,436.0
1873,microsoft/deberta-v3-large,System Boundary,original,rag,True_animalFeed,1.0,628.0
1874,microsoft/deberta-v3-large,System Boundary,original,rag,True_water,0.9411764705882353,157.0
1875,microsoft/deberta-v3-large,System Boundary,original,rag,True_liveAnimalInput,0.9861111111111112,613.0
1876,microsoft/deberta-v3-large,System Boundary,original,rag,True_electricityFuel,0.9666666666666667,440.0
1877,microsoft/deberta-v3-large,System Boundary,original,rag,True_transport,1.0,44.0
1878,microsoft/deberta-v3-large,System Boundary,original,rag,True_pesticideVeterinaryDrug,0.9583333333333334,328.0
1879,microsoft/deberta-v3-large,System Boundary,original,rag,True_seed,1.0,602.0
1880,microsoft/deberta-v3-large,System Boundary,original,rag,True_otherChemical,0.9875,615.0
1881,microsoft/deberta-v3-large,System Boundary,original,rag,True_animalPopulation,1.0,637.0
1882,microsoft/deberta-v3-large,System Boundary,original,rag,True_freshForage,1.0,358.0
1883,microsoft/deberta-v3-large,System Boundary,original,rag,True_excreta,0.9047619047619048,161.0
1884,microsoft/deberta-v3-large,System Boundary,original,rag,True_product,1.0,632.0
1885,microsoft/deberta-v3-large,System Boundary,original,rag,True_waste,1.0,68.0
1886,microsoft/deberta-v3-large,System Boundary,original,rag,True_soilAmendment,1.0,622.0
1887,microsoft/deberta-v3-large,System Boundary,original,rag,True_operation,1.0,225.0
1888,microsoft/deberta-v3-large,System Boundary,original,rag,True_fertiliser,1.0,632.0
1889,microsoft/deberta-v3-large,System Boundary,original,rag,True_material,1.0,9.0
1890,microsoft/deberta-v3-large,System Boundary,original,rag,True_ingredient,1.0,678.0
1891,microsoft/deberta-v3-large,System Boundary,original,rag,True_cropResidue,1.0,436.0
1892,microsoft/deberta-v3-small,System Boundary,original,rag,True_animalFeed,1.0,628.0
1893,microsoft/deberta-v3-small,System Boundary,original,rag,True_water,0.9285714285714286,157.0
1894,microsoft/deberta-v3-small,System Boundary,original,rag,True_liveAnimalInput,0.9861111111111112,613.0
1895,microsoft/deberta-v3-small,System Boundary,original,rag,True_electricityFuel,0.9482758620689655,440.0
1896,microsoft/deberta-v3-small,System Boundary,original,rag,True_transport,0.0,44.0
1897,microsoft/deberta-v3-small,System Boundary,original,rag,True_pesticideVeterinaryDrug,0.9583333333333334,328.0
1898,microsoft/deberta-v3-small,System Boundary,original,rag,True_seed,0.9746835443037974,602.0
1899,microsoft/deberta-v3-small,System Boundary,original,rag,True_otherChemical,0.9753086419753086,615.0
1900,microsoft/deberta-v3-small,System Boundary,original,rag,True_animalPopulation,1.0,637.0
1901,microsoft/deberta-v3-small,System Boundary,original,rag,True_freshForage,1.0,358.0
1902,microsoft/deberta-v3-small,System Boundary,original,rag,True_excreta,0.9047619047619048,161.0
1903,microsoft/deberta-v3-small,System Boundary,original,rag,True_product,1.0,632.0
1904,microsoft/deberta-v3-small,System Boundary,original,rag,True_waste,1.0,68.0
1905,microsoft/deberta-v3-small,System Boundary,original,rag,True_soilAmendment,1.0,622.0
1906,microsoft/deberta-v3-small,System Boundary,original,rag,True_operation,1.0,225.0
1907,microsoft/deberta-v3-small,System Boundary,original,rag,True_fertiliser,0.9880952380952381,632.0
1908,microsoft/deberta-v3-small,System Boundary,original,rag,True_material,1.0,9.0
1909,microsoft/deberta-v3-small,System Boundary,original,rag,True_ingredient,1.0,678.0
1910,microsoft/deberta-v3-small,System Boundary,original,rag,True_cropResidue,1.0,436.0
