true_labels,preds_70,classes,sample index,dataset,dataset_type,RAG,Number of Models with Error
"[0, 0, 0, 0, 0, 0, 0, 0, 0, 0, 0, 0, 0, 0, 0, 0, 0, 0, 0, 0, 0, 0, 0, 0, 0, 0, 0, 0, 0, 0, 0, 0, 0, 0, 0, 0, 0, 0, 0, 0, 0, 0, 0, 0, 0, 0, 0, 0, 0, 0, 0, 0, 0, 0, 1, 0, 0, 0, 0, 0, 0, 0]","[0, 0, 0, 0, 0, 0, 0, 0, 0, 0, 0, 0, 0, 0, 0, 0, 0, 0, 0, 0, 0, 0, 0, 0, 0, 0, 0, 0, 0, 0, 0, 0, 0, 0, 0, 0, 0, 0, 0, 0, 0, 0, 0, 0, 0, 0, 0, 0, 0, 0, 0, 0, 0, 0, 0, 1, 0, 0, 0, 0, 0, 0]","['Meat, beef cattle (cold carcass weight)', 'Dairy cattle, heifer', 'Meat, pig (cold dressed carcass weight)', 'Meat, chicken, breast', 'Milk, cow, raw (FPCM)', 'Broiler chicken', 'Beef cattle', 'Hides', 'Sheep, ewe', 'Beef cattle, heifer', 'Beef cattle, calf (female, weaned)', 'Dairy cattle, calf (weaned)', 'Cattle', 'Wool, sheep (greasy)', 'Meat, dairy cattle (liveweight)', 'Beef cattle, steer', 'Meat, sheep (liveweight)', 'Beef cattle, heifer and steer', 'Dairy cattle, cow', 'Cattle, urine (kg mass)', 'Meat, pig (cold carcass weight)', 'Offal', 'Dairy cattle', 'Layer chicken, hen', 'Sheep, lamb (male, unweaned)', 'Meat, chicken, wings', 'Wool', 'Eggs, hen, in shell (number)', 'Pig', 'Broiler chicken, hen', 'Dairy cattle, calf (male, unweaned)', 'Meat, dairy cattle (cold carcass weight)', 'Dairy cattle, calf', 'Beef cattle, calf (male, weaned)', 'Meat, beef cattle (cold dressed carcass weight)', 'Eggs, hen, in shell', 'Broiler chicken, chick', 'Meat, chicken (liveweight)', 'Pig, piglet', 'Layer chicken, pullet', 'Sheep, lamb (female, unweaned)', 'Milk', 'Beef cattle, bull', 'Eggs', 'Sheep, lamb', 'Dairy cattle, calf (female, weaned)', 'Sheep, ram', 'Sheep, lamb (weaned)', 'Beef cattle, calf (weaned)', 'Meat, chicken, leg', 'Sheep', 'Layer chicken', 'Beef cattle, cow', 'Offal, pigs', 'Poultry by-product meal', 'Meat', 'Milk, cow, raw', 'Hides, dairy cattle, fresh', 'Pig, sow', 'Meat, beef cattle (liveweight)', 'Meat, chicken (cold carcass weight)', 'Meat, sheep (cold carcass weight)']",76,Product,original,no rag,6
"[0, 0, 0, 0, 0, 0, 0, 0, 0, 0, 0, 0, 0, 0, 0, 0, 0, 0, 0, 0, 0, 0, 0, 0, 0, 0, 0, 0, 0, 0, 0, 0, 0, 0, 0, 0, 0, 0, 0, 0, 0, 0, 0, 0, 0, 0, 0, 0, 0, 0, 0, 0, 0, 0, 1, 0, 0, 0, 0, 0, 0, 0]","[0, 0, 0, 0, 0, 0, 0, 0, 0, 0, 0, 0, 0, 0, 0, 0, 0, 0, 0, 0, 0, 0, 0, 0, 0, 0, 0, 0, 0, 0, 0, 0, 0, 0, 0, 0, 0, 0, 0, 0, 0, 0, 0, 0, 0, 0, 0, 0, 0, 0, 0, 0, 0, 0, 0, 1, 0, 0, 0, 0, 0, 0]","['Meat, beef cattle (cold carcass weight)', 'Dairy cattle, heifer', 'Meat, pig (cold dressed carcass weight)', 'Meat, chicken, breast', 'Milk, cow, raw (FPCM)', 'Broiler chicken', 'Beef cattle', 'Hides', 'Sheep, ewe', 'Beef cattle, heifer', 'Beef cattle, calf (female, weaned)', 'Dairy cattle, calf (weaned)', 'Cattle', 'Wool, sheep (greasy)', 'Meat, dairy cattle (liveweight)', 'Beef cattle, steer', 'Meat, sheep (liveweight)', 'Beef cattle, heifer and steer', 'Dairy cattle, cow', 'Cattle, urine (kg mass)', 'Meat, pig (cold carcass weight)', 'Offal', 'Dairy cattle', 'Layer chicken, hen', 'Sheep, lamb (male, unweaned)', 'Meat, chicken, wings', 'Wool', 'Eggs, hen, in shell (number)', 'Pig', 'Broiler chicken, hen', 'Dairy cattle, calf (male, unweaned)', 'Meat, dairy cattle (cold carcass weight)', 'Dairy cattle, calf', 'Beef cattle, calf (male, weaned)', 'Meat, beef cattle (cold dressed carcass weight)', 'Eggs, hen, in shell', 'Broiler chicken, chick', 'Meat, chicken (liveweight)', 'Pig, piglet', 'Layer chicken, pullet', 'Sheep, lamb (female, unweaned)', 'Milk', 'Beef cattle, bull', 'Eggs', 'Sheep, lamb', 'Dairy cattle, calf (female, weaned)', 'Sheep, ram', 'Sheep, lamb (weaned)', 'Beef cattle, calf (weaned)', 'Meat, chicken, leg', 'Sheep', 'Layer chicken', 'Beef cattle, cow', 'Offal, pigs', 'Poultry by-product meal', 'Meat', 'Milk, cow, raw', 'Hides, dairy cattle, fresh', 'Pig, sow', 'Meat, beef cattle (liveweight)', 'Meat, chicken (cold carcass weight)', 'Meat, sheep (cold carcass weight)']",76,Product,original,rag,6
"[0, 0, 0, 0, 0, 0, 0, 0, 0, 0, 0, 0, 0, 0, 0, 0, 0, 0, 0, 0, 0, 0, 0, 0, 0, 0, 0, 0, 0, 0, 0, 0, 0, 0, 0, 0, 0, 0, 0, 0, 0, 0, 0, 0, 0, 0, 0, 0, 0, 0, 0, 0, 0, 0, 1, 0, 0, 0, 0, 0, 0, 0]","[0, 0, 0, 0, 0, 0, 0, 0, 0, 0, 0, 0, 0, 0, 0, 0, 0, 0, 0, 0, 0, 0, 0, 0, 0, 1, 0, 0, 0, 0, 0, 0, 0, 0, 0, 0, 0, 0, 0, 0, 0, 0, 0, 0, 0, 0, 0, 0, 0, 0, 0, 0, 0, 0, 0, 1, 0, 0, 0, 0, 0, 0]","['Meat, beef cattle (cold carcass weight)', 'Dairy cattle, heifer', 'Meat, pig (cold dressed carcass weight)', 'Meat, chicken, breast', 'Milk, cow, raw (FPCM)', 'Broiler chicken', 'Beef cattle', 'Hides', 'Sheep, ewe', 'Beef cattle, heifer', 'Beef cattle, calf (female, weaned)', 'Dairy cattle, calf (weaned)', 'Cattle', 'Wool, sheep (greasy)', 'Meat, dairy cattle (liveweight)', 'Beef cattle, steer', 'Meat, sheep (liveweight)', 'Beef cattle, heifer and steer', 'Dairy cattle, cow', 'Cattle, urine (kg mass)', 'Meat, pig (cold carcass weight)', 'Offal', 'Dairy cattle', 'Layer chicken, hen', 'Sheep, lamb (male, unweaned)', 'Meat, chicken, wings', 'Wool', 'Eggs, hen, in shell (number)', 'Pig', 'Broiler chicken, hen', 'Dairy cattle, calf (male, unweaned)', 'Meat, dairy cattle (cold carcass weight)', 'Dairy cattle, calf', 'Beef cattle, calf (male, weaned)', 'Meat, beef cattle (cold dressed carcass weight)', 'Eggs, hen, in shell', 'Broiler chicken, chick', 'Meat, chicken (liveweight)', 'Pig, piglet', 'Layer chicken, pullet', 'Sheep, lamb (female, unweaned)', 'Milk', 'Beef cattle, bull', 'Eggs', 'Sheep, lamb', 'Dairy cattle, calf (female, weaned)', 'Sheep, ram', 'Sheep, lamb (weaned)', 'Beef cattle, calf (weaned)', 'Meat, chicken, leg', 'Sheep', 'Layer chicken', 'Beef cattle, cow', 'Offal, pigs', 'Poultry by-product meal', 'Meat', 'Milk, cow, raw', 'Hides, dairy cattle, fresh', 'Pig, sow', 'Meat, beef cattle (liveweight)', 'Meat, chicken (cold carcass weight)', 'Meat, sheep (cold carcass weight)']",76,Product,original,rag,1
"[0, 0, 0, 0, 0, 0, 0, 0, 0, 0, 0, 0, 0, 0, 0, 0, 0, 0, 0, 0, 0, 0, 0, 0, 0, 0, 0, 0, 0, 0, 0, 0, 0, 0, 0, 0, 0, 0, 0, 0, 0, 0, 0, 0, 0, 0, 0, 0, 0, 0, 0, 0, 0, 0, 1, 0, 0, 0, 0, 0, 0, 0]","[0, 0, 1, 0, 0, 0, 0, 0, 0, 0, 0, 0, 0, 0, 0, 0, 0, 0, 0, 0, 0, 0, 0, 0, 0, 0, 0, 0, 0, 0, 0, 0, 0, 0, 0, 0, 0, 0, 0, 0, 0, 0, 0, 0, 0, 0, 0, 0, 0, 0, 0, 0, 0, 0, 0, 1, 0, 0, 0, 0, 0, 0]","['Meat, beef cattle (cold carcass weight)', 'Dairy cattle, heifer', 'Meat, pig (cold dressed carcass weight)', 'Meat, chicken, breast', 'Milk, cow, raw (FPCM)', 'Broiler chicken', 'Beef cattle', 'Hides', 'Sheep, ewe', 'Beef cattle, heifer', 'Beef cattle, calf (female, weaned)', 'Dairy cattle, calf (weaned)', 'Cattle', 'Wool, sheep (greasy)', 'Meat, dairy cattle (liveweight)', 'Beef cattle, steer', 'Meat, sheep (liveweight)', 'Beef cattle, heifer and steer', 'Dairy cattle, cow', 'Cattle, urine (kg mass)', 'Meat, pig (cold carcass weight)', 'Offal', 'Dairy cattle', 'Layer chicken, hen', 'Sheep, lamb (male, unweaned)', 'Meat, chicken, wings', 'Wool', 'Eggs, hen, in shell (number)', 'Pig', 'Broiler chicken, hen', 'Dairy cattle, calf (male, unweaned)', 'Meat, dairy cattle (cold carcass weight)', 'Dairy cattle, calf', 'Beef cattle, calf (male, weaned)', 'Meat, beef cattle (cold dressed carcass weight)', 'Eggs, hen, in shell', 'Broiler chicken, chick', 'Meat, chicken (liveweight)', 'Pig, piglet', 'Layer chicken, pullet', 'Sheep, lamb (female, unweaned)', 'Milk', 'Beef cattle, bull', 'Eggs', 'Sheep, lamb', 'Dairy cattle, calf (female, weaned)', 'Sheep, ram', 'Sheep, lamb (weaned)', 'Beef cattle, calf (weaned)', 'Meat, chicken, leg', 'Sheep', 'Layer chicken', 'Beef cattle, cow', 'Offal, pigs', 'Poultry by-product meal', 'Meat', 'Milk, cow, raw', 'Hides, dairy cattle, fresh', 'Pig, sow', 'Meat, beef cattle (liveweight)', 'Meat, chicken (cold carcass weight)', 'Meat, sheep (cold carcass weight)']",76,Product,original,no rag,1
"[0, 0, 0, 0, 0, 0, 0, 0, 0, 0, 0, 0, 0, 0, 0, 0, 0, 0, 0, 0, 0, 0, 0, 0, 0, 0, 0, 0, 0, 0, 0, 0, 0, 0, 0, 0, 0, 0, 0, 0, 0, 0, 0, 0, 0, 0, 0, 0, 0, 0, 0, 0, 1, 0, 0, 0, 1, 0, 0]","[0, 0, 0, 0, 0, 0, 0, 0, 0, 0, 0, 0, 0, 0, 0, 0, 0, 0, 0, 0, 0, 0, 0, 0, 0, 0, 0, 0, 0, 0, 0, 0, 0, 0, 0, 0, 0, 0, 0, 0, 0, 0, 0, 0, 0, 0, 0, 0, 0, 0, 0, 0, 1, 0, 0, 0, 0, 0, 0]","['Meat, beef cattle (cold carcass weight)', 'Meat, pig (cold dressed carcass weight)', 'Meat, chicken, breast', 'Milk, cow, raw (FPCM)', 'Broiler chicken', 'Beef cattle', 'Hides', 'Sheep, ewe', 'Beef cattle, heifer', 'Beef cattle, calf (female, weaned)', 'Dairy cattle, calf (weaned)', 'Cattle', 'Wool, sheep (greasy)', 'Meat, dairy cattle (liveweight)', 'Beef cattle, steer', 'Meat, sheep (liveweight)', 'Beef cattle, heifer and steer', 'Dairy cattle, cow', 'Cattle, urine (kg mass)', 'Dairy cattle', 'Layer chicken, hen', 'Sheep, lamb (male, unweaned)', 'Meat, chicken, wings', 'Wool', 'Eggs, hen, in shell (number)', 'Pig', 'Broiler chicken, hen', 'Dairy cattle, calf (male, unweaned)', 'Meat, dairy cattle (cold carcass weight)', 'Dairy cattle, calf', 'Beef cattle, calf (male, weaned)', 'Meat, beef cattle (cold dressed carcass weight)', 'Eggs, hen, in shell', 'Broiler chicken, chick', 'Meat, chicken (liveweight)', 'Pig, piglet', 'Layer chicken, pullet', 'Sheep, lamb (female, unweaned)', 'Milk', 'Beef cattle, bull', 'Eggs', 'Sheep, lamb', 'Dairy cattle, calf (female, weaned)', 'Sheep, ram', 'Sheep, lamb (weaned)', 'Meat, chicken (cold carcass weight)', 'Beef cattle, calf (weaned)', 'Meat, chicken, leg', 'Sheep', 'Layer chicken', 'Beef cattle, cow', 'Poultry by-product meal', 'Meat', 'Milk, cow, raw', 'Hides, dairy cattle, fresh', 'Pig, sow', 'Meat, beef cattle (liveweight)', 'Dairy cattle, heifer', 'Meat, sheep (cold carcass weight)']",76,Product,standardized,no rag,1
"[0, 0, 0, 0, 0, 0, 0, 0, 0, 0, 0, 0, 0, 0, 0, 0, 0, 0, 0, 0, 0, 0, 0, 0, 0, 0, 0, 0, 0, 0, 0, 0, 0, 0, 0, 0, 0, 0, 0, 0, 0, 0, 0, 0, 0, 0, 0, 0, 0, 0, 0, 0, 1, 0, 0, 0, 1, 0, 0]","[0, 0, 0, 0, 0, 0, 0, 0, 0, 0, 0, 0, 0, 0, 0, 0, 0, 0, 0, 0, 0, 0, 0, 0, 0, 0, 0, 0, 0, 0, 0, 0, 0, 0, 0, 0, 0, 0, 0, 0, 0, 0, 0, 0, 0, 0, 0, 0, 0, 0, 0, 0, 1, 0, 0, 0, 0, 0, 0]","['Meat, beef cattle (cold carcass weight)', 'Meat, pig (cold dressed carcass weight)', 'Meat, chicken, breast', 'Milk, cow, raw (FPCM)', 'Broiler chicken', 'Beef cattle', 'Hides', 'Sheep, ewe', 'Beef cattle, heifer', 'Beef cattle, calf (female, weaned)', 'Dairy cattle, calf (weaned)', 'Cattle', 'Wool, sheep (greasy)', 'Meat, dairy cattle (liveweight)', 'Beef cattle, steer', 'Meat, sheep (liveweight)', 'Beef cattle, heifer and steer', 'Dairy cattle, cow', 'Cattle, urine (kg mass)', 'Dairy cattle', 'Layer chicken, hen', 'Sheep, lamb (male, unweaned)', 'Meat, chicken, wings', 'Wool', 'Eggs, hen, in shell (number)', 'Pig', 'Broiler chicken, hen', 'Dairy cattle, calf (male, unweaned)', 'Meat, dairy cattle (cold carcass weight)', 'Dairy cattle, calf', 'Beef cattle, calf (male, weaned)', 'Meat, beef cattle (cold dressed carcass weight)', 'Eggs, hen, in shell', 'Broiler chicken, chick', 'Meat, chicken (liveweight)', 'Pig, piglet', 'Layer chicken, pullet', 'Sheep, lamb (female, unweaned)', 'Milk', 'Beef cattle, bull', 'Eggs', 'Sheep, lamb', 'Dairy cattle, calf (female, weaned)', 'Sheep, ram', 'Sheep, lamb (weaned)', 'Meat, chicken (cold carcass weight)', 'Beef cattle, calf (weaned)', 'Meat, chicken, leg', 'Sheep', 'Layer chicken', 'Beef cattle, cow', 'Poultry by-product meal', 'Meat', 'Milk, cow, raw', 'Hides, dairy cattle, fresh', 'Pig, sow', 'Meat, beef cattle (liveweight)', 'Dairy cattle, heifer', 'Meat, sheep (cold carcass weight)']",76,Product,standardized,rag,3
"[0, 0, 0, 0, 0, 0, 0, 0, 0, 0, 0, 0, 0, 0, 0, 0, 0, 0, 0, 0, 0, 0, 0, 0, 0, 0, 0, 0, 0, 0, 0, 0, 0, 0, 0, 0, 0, 0, 0, 0, 0, 0, 0, 0, 0, 0, 0, 0, 0, 0, 0, 0, 1, 0, 0, 0, 1, 0, 0]","[0, 0, 0, 0, 0, 0, 0, 0, 0, 0, 0, 0, 0, 1, 0, 0, 0, 0, 0, 0, 0, 0, 0, 0, 0, 0, 0, 0, 0, 0, 0, 0, 0, 0, 0, 0, 0, 0, 0, 0, 0, 0, 0, 0, 0, 0, 0, 0, 0, 0, 0, 0, 1, 0, 0, 0, 0, 0, 0]","['Meat, beef cattle (cold carcass weight)', 'Meat, pig (cold dressed carcass weight)', 'Meat, chicken, breast', 'Milk, cow, raw (FPCM)', 'Broiler chicken', 'Beef cattle', 'Hides', 'Sheep, ewe', 'Beef cattle, heifer', 'Beef cattle, calf (female, weaned)', 'Dairy cattle, calf (weaned)', 'Cattle', 'Wool, sheep (greasy)', 'Meat, dairy cattle (liveweight)', 'Beef cattle, steer', 'Meat, sheep (liveweight)', 'Beef cattle, heifer and steer', 'Dairy cattle, cow', 'Cattle, urine (kg mass)', 'Dairy cattle', 'Layer chicken, hen', 'Sheep, lamb (male, unweaned)', 'Meat, chicken, wings', 'Wool', 'Eggs, hen, in shell (number)', 'Pig', 'Broiler chicken, hen', 'Dairy cattle, calf (male, unweaned)', 'Meat, dairy cattle (cold carcass weight)', 'Dairy cattle, calf', 'Beef cattle, calf (male, weaned)', 'Meat, beef cattle (cold dressed carcass weight)', 'Eggs, hen, in shell', 'Broiler chicken, chick', 'Meat, chicken (liveweight)', 'Pig, piglet', 'Layer chicken, pullet', 'Sheep, lamb (female, unweaned)', 'Milk', 'Beef cattle, bull', 'Eggs', 'Sheep, lamb', 'Dairy cattle, calf (female, weaned)', 'Sheep, ram', 'Sheep, lamb (weaned)', 'Meat, chicken (cold carcass weight)', 'Beef cattle, calf (weaned)', 'Meat, chicken, leg', 'Sheep', 'Layer chicken', 'Beef cattle, cow', 'Poultry by-product meal', 'Meat', 'Milk, cow, raw', 'Hides, dairy cattle, fresh', 'Pig, sow', 'Meat, beef cattle (liveweight)', 'Dairy cattle, heifer', 'Meat, sheep (cold carcass weight)']",76,Product,standardized,no rag,1
"[0, 0, 0, 0, 0, 0, 0, 0, 0, 0, 0, 0, 0, 0, 0, 0, 0, 0, 0, 0, 0, 0, 0, 0, 0, 0, 0, 0, 0, 0, 0, 0, 0, 0, 0, 0, 0, 0, 0, 0, 0, 0, 0, 0, 0, 0, 0, 0, 0, 1, 0, 0, 0, 0, 0, 1, 0, 0, 0, 0, 0, 0]","[0, 0, 0, 0, 0, 0, 0, 0, 0, 0, 0, 0, 0, 0, 0, 0, 0, 0, 0, 0, 0, 0, 0, 0, 0, 0, 0, 0, 0, 0, 0, 0, 0, 0, 0, 0, 0, 0, 0, 0, 0, 0, 0, 0, 0, 0, 0, 0, 0, 0, 0, 0, 0, 0, 0, 1, 0, 0, 0, 0, 0, 0]","['Meat, beef cattle (cold carcass weight)', 'Dairy cattle, heifer', 'Meat, pig (cold dressed carcass weight)', 'Meat, chicken, breast', 'Milk, cow, raw (FPCM)', 'Broiler chicken', 'Beef cattle', 'Hides', 'Sheep, ewe', 'Beef cattle, heifer', 'Beef cattle, calf (female, weaned)', 'Dairy cattle, calf (weaned)', 'Cattle', 'Wool, sheep (greasy)', 'Meat, dairy cattle (liveweight)', 'Beef cattle, steer', 'Meat, sheep (liveweight)', 'Beef cattle, heifer and steer', 'Dairy cattle, cow', 'Cattle, urine (kg mass)', 'Meat, pig (cold carcass weight)', 'Offal', 'Dairy cattle', 'Layer chicken, hen', 'Sheep, lamb (male, unweaned)', 'Meat, chicken, wings', 'Wool', 'Eggs, hen, in shell (number)', 'Pig', 'Broiler chicken, hen', 'Dairy cattle, calf (male, unweaned)', 'Meat, dairy cattle (cold carcass weight)', 'Dairy cattle, calf', 'Beef cattle, calf (male, weaned)', 'Meat, beef cattle (cold dressed carcass weight)', 'Eggs, hen, in shell', 'Broiler chicken, chick', 'Meat, chicken (liveweight)', 'Pig, piglet', 'Layer chicken, pullet', 'Sheep, lamb (female, unweaned)', 'Milk', 'Beef cattle, bull', 'Eggs', 'Sheep, lamb', 'Dairy cattle, calf (female, weaned)', 'Sheep, ram', 'Sheep, lamb (weaned)', 'Beef cattle, calf (weaned)', 'Meat, chicken, leg', 'Sheep', 'Layer chicken', 'Beef cattle, cow', 'Offal, pigs', 'Poultry by-product meal', 'Meat', 'Milk, cow, raw', 'Hides, dairy cattle, fresh', 'Pig, sow', 'Meat, beef cattle (liveweight)', 'Meat, chicken (cold carcass weight)', 'Meat, sheep (cold carcass weight)']",11,Product,original,no rag,2
"[0, 0, 0, 0, 0, 0, 0, 0, 0, 0, 0, 0, 0, 0, 0, 0, 0, 0, 0, 0, 0, 0, 0, 0, 0, 0, 0, 0, 0, 0, 0, 0, 0, 0, 0, 0, 0, 0, 0, 0, 0, 0, 0, 0, 0, 0, 0, 0, 0, 1, 0, 0, 0, 0, 0, 1, 0, 0, 0, 0, 0, 0]","[0, 0, 0, 0, 0, 0, 0, 0, 0, 0, 0, 0, 0, 0, 0, 0, 0, 0, 0, 0, 0, 0, 0, 0, 0, 0, 0, 0, 0, 0, 0, 0, 0, 0, 0, 0, 0, 0, 0, 0, 0, 0, 0, 0, 0, 0, 0, 0, 0, 0, 0, 0, 0, 0, 0, 1, 0, 0, 0, 0, 0, 0]","['Meat, beef cattle (cold carcass weight)', 'Dairy cattle, heifer', 'Meat, pig (cold dressed carcass weight)', 'Meat, chicken, breast', 'Milk, cow, raw (FPCM)', 'Broiler chicken', 'Beef cattle', 'Hides', 'Sheep, ewe', 'Beef cattle, heifer', 'Beef cattle, calf (female, weaned)', 'Dairy cattle, calf (weaned)', 'Cattle', 'Wool, sheep (greasy)', 'Meat, dairy cattle (liveweight)', 'Beef cattle, steer', 'Meat, sheep (liveweight)', 'Beef cattle, heifer and steer', 'Dairy cattle, cow', 'Cattle, urine (kg mass)', 'Meat, pig (cold carcass weight)', 'Offal', 'Dairy cattle', 'Layer chicken, hen', 'Sheep, lamb (male, unweaned)', 'Meat, chicken, wings', 'Wool', 'Eggs, hen, in shell (number)', 'Pig', 'Broiler chicken, hen', 'Dairy cattle, calf (male, unweaned)', 'Meat, dairy cattle (cold carcass weight)', 'Dairy cattle, calf', 'Beef cattle, calf (male, weaned)', 'Meat, beef cattle (cold dressed carcass weight)', 'Eggs, hen, in shell', 'Broiler chicken, chick', 'Meat, chicken (liveweight)', 'Pig, piglet', 'Layer chicken, pullet', 'Sheep, lamb (female, unweaned)', 'Milk', 'Beef cattle, bull', 'Eggs', 'Sheep, lamb', 'Dairy cattle, calf (female, weaned)', 'Sheep, ram', 'Sheep, lamb (weaned)', 'Beef cattle, calf (weaned)', 'Meat, chicken, leg', 'Sheep', 'Layer chicken', 'Beef cattle, cow', 'Offal, pigs', 'Poultry by-product meal', 'Meat', 'Milk, cow, raw', 'Hides, dairy cattle, fresh', 'Pig, sow', 'Meat, beef cattle (liveweight)', 'Meat, chicken (cold carcass weight)', 'Meat, sheep (cold carcass weight)']",11,Product,original,rag,3
"[0, 0, 0, 0, 0, 0, 0, 0, 0, 0, 0, 0, 0, 0, 0, 0, 0, 0, 0, 0, 0, 0, 0, 0, 0, 0, 0, 0, 0, 0, 0, 0, 0, 0, 0, 0, 0, 0, 0, 0, 0, 0, 0, 0, 0, 0, 0, 0, 0, 1, 0, 0, 0, 0, 0, 1, 0, 0, 0, 0, 0, 0]","[0, 0, 0, 0, 0, 0, 0, 0, 0, 0, 0, 0, 0, 0, 0, 0, 0, 0, 0, 0, 0, 0, 0, 0, 0, 0, 0, 0, 0, 0, 0, 0, 0, 0, 0, 0, 0, 0, 0, 0, 0, 0, 0, 0, 0, 0, 0, 0, 0, 0, 0, 0, 0, 0, 0, 1, 0, 0, 0, 0, 0, 0]","['Meat, beef cattle (cold carcass weight)', 'Dairy cattle, heifer', 'Meat, pig (cold dressed carcass weight)', 'Meat, chicken, breast', 'Milk, cow, raw (FPCM)', 'Broiler chicken', 'Beef cattle', 'Hides', 'Sheep, ewe', 'Beef cattle, heifer', 'Beef cattle, calf (female, weaned)', 'Dairy cattle, calf (weaned)', 'Cattle', 'Wool, sheep (greasy)', 'Meat, dairy cattle (liveweight)', 'Beef cattle, steer', 'Meat, sheep (liveweight)', 'Beef cattle, heifer and steer', 'Dairy cattle, cow', 'Cattle, urine (kg mass)', 'Meat, pig (cold carcass weight)', 'Offal', 'Dairy cattle', 'Layer chicken, hen', 'Sheep, lamb (male, unweaned)', 'Meat, chicken, wings', 'Wool', 'Eggs, hen, in shell (number)', 'Pig', 'Broiler chicken, hen', 'Dairy cattle, calf (male, unweaned)', 'Meat, dairy cattle (cold carcass weight)', 'Dairy cattle, calf', 'Beef cattle, calf (male, weaned)', 'Meat, beef cattle (cold dressed carcass weight)', 'Eggs, hen, in shell', 'Broiler chicken, chick', 'Meat, chicken (liveweight)', 'Pig, piglet', 'Layer chicken, pullet', 'Sheep, lamb (female, unweaned)', 'Milk', 'Beef cattle, bull', 'Eggs', 'Sheep, lamb', 'Dairy cattle, calf (female, weaned)', 'Sheep, ram', 'Sheep, lamb (weaned)', 'Beef cattle, calf (weaned)', 'Meat, chicken, leg', 'Sheep', 'Layer chicken', 'Beef cattle, cow', 'Offal, pigs', 'Poultry by-product meal', 'Meat', 'Milk, cow, raw', 'Hides, dairy cattle, fresh', 'Pig, sow', 'Meat, beef cattle (liveweight)', 'Meat, chicken (cold carcass weight)', 'Meat, sheep (cold carcass weight)']",24,Product,original,no rag,2
"[0, 0, 0, 0, 0, 0, 0, 0, 0, 0, 0, 0, 0, 0, 0, 0, 0, 0, 0, 0, 0, 0, 0, 0, 0, 0, 0, 0, 0, 0, 0, 0, 0, 0, 0, 0, 0, 0, 0, 0, 0, 0, 0, 0, 0, 0, 0, 0, 0, 1, 0, 0, 0, 0, 0, 1, 0, 0, 0, 0, 0, 0]","[0, 0, 0, 0, 0, 0, 0, 0, 0, 0, 0, 0, 0, 0, 0, 0, 0, 0, 0, 0, 0, 0, 0, 0, 0, 0, 0, 0, 0, 0, 0, 0, 0, 0, 0, 0, 0, 0, 0, 0, 0, 0, 0, 0, 0, 0, 0, 0, 0, 0, 0, 0, 0, 0, 0, 1, 0, 0, 0, 0, 0, 0]","['Meat, beef cattle (cold carcass weight)', 'Dairy cattle, heifer', 'Meat, pig (cold dressed carcass weight)', 'Meat, chicken, breast', 'Milk, cow, raw (FPCM)', 'Broiler chicken', 'Beef cattle', 'Hides', 'Sheep, ewe', 'Beef cattle, heifer', 'Beef cattle, calf (female, weaned)', 'Dairy cattle, calf (weaned)', 'Cattle', 'Wool, sheep (greasy)', 'Meat, dairy cattle (liveweight)', 'Beef cattle, steer', 'Meat, sheep (liveweight)', 'Beef cattle, heifer and steer', 'Dairy cattle, cow', 'Cattle, urine (kg mass)', 'Meat, pig (cold carcass weight)', 'Offal', 'Dairy cattle', 'Layer chicken, hen', 'Sheep, lamb (male, unweaned)', 'Meat, chicken, wings', 'Wool', 'Eggs, hen, in shell (number)', 'Pig', 'Broiler chicken, hen', 'Dairy cattle, calf (male, unweaned)', 'Meat, dairy cattle (cold carcass weight)', 'Dairy cattle, calf', 'Beef cattle, calf (male, weaned)', 'Meat, beef cattle (cold dressed carcass weight)', 'Eggs, hen, in shell', 'Broiler chicken, chick', 'Meat, chicken (liveweight)', 'Pig, piglet', 'Layer chicken, pullet', 'Sheep, lamb (female, unweaned)', 'Milk', 'Beef cattle, bull', 'Eggs', 'Sheep, lamb', 'Dairy cattle, calf (female, weaned)', 'Sheep, ram', 'Sheep, lamb (weaned)', 'Beef cattle, calf (weaned)', 'Meat, chicken, leg', 'Sheep', 'Layer chicken', 'Beef cattle, cow', 'Offal, pigs', 'Poultry by-product meal', 'Meat', 'Milk, cow, raw', 'Hides, dairy cattle, fresh', 'Pig, sow', 'Meat, beef cattle (liveweight)', 'Meat, chicken (cold carcass weight)', 'Meat, sheep (cold carcass weight)']",24,Product,original,rag,3
"[0, 0, 0, 0, 0, 0, 0, 0, 0, 0, 0, 0, 0, 0, 0, 0, 0, 0, 0, 0, 0, 0, 0, 0, 0, 0, 0, 0, 0, 0, 0, 0, 0, 0, 0, 0, 0, 0, 0, 0, 0, 0, 0, 0, 0, 0, 0, 0, 1, 0, 0, 0, 0, 0, 0, 0, 0, 0, 0]","[0, 0, 0, 0, 0, 0, 0, 0, 0, 0, 0, 0, 0, 0, 0, 0, 0, 0, 0, 0, 0, 0, 0, 0, 0, 0, 0, 0, 0, 0, 0, 0, 0, 0, 0, 0, 0, 0, 0, 0, 0, 0, 0, 1, 0, 0, 0, 0, 1, 0, 0, 0, 0, 0, 0, 0, 0, 0, 0]","['Meat, beef cattle (cold carcass weight)', 'Meat, pig (cold dressed carcass weight)', 'Meat, chicken, breast', 'Milk, cow, raw (FPCM)', 'Broiler chicken', 'Beef cattle', 'Hides', 'Sheep, ewe', 'Beef cattle, heifer', 'Beef cattle, calf (female, weaned)', 'Dairy cattle, calf (weaned)', 'Cattle', 'Wool, sheep (greasy)', 'Meat, dairy cattle (liveweight)', 'Beef cattle, steer', 'Meat, sheep (liveweight)', 'Beef cattle, heifer and steer', 'Dairy cattle, cow', 'Cattle, urine (kg mass)', 'Dairy cattle', 'Layer chicken, hen', 'Sheep, lamb (male, unweaned)', 'Meat, chicken, wings', 'Wool', 'Eggs, hen, in shell (number)', 'Pig', 'Broiler chicken, hen', 'Dairy cattle, calf (male, unweaned)', 'Meat, dairy cattle (cold carcass weight)', 'Dairy cattle, calf', 'Beef cattle, calf (male, weaned)', 'Meat, beef cattle (cold dressed carcass weight)', 'Eggs, hen, in shell', 'Broiler chicken, chick', 'Meat, chicken (liveweight)', 'Pig, piglet', 'Layer chicken, pullet', 'Sheep, lamb (female, unweaned)', 'Milk', 'Beef cattle, bull', 'Eggs', 'Sheep, lamb', 'Dairy cattle, calf (female, weaned)', 'Sheep, ram', 'Sheep, lamb (weaned)', 'Meat, chicken (cold carcass weight)', 'Beef cattle, calf (weaned)', 'Meat, chicken, leg', 'Sheep', 'Layer chicken', 'Beef cattle, cow', 'Poultry by-product meal', 'Meat', 'Milk, cow, raw', 'Hides, dairy cattle, fresh', 'Pig, sow', 'Meat, beef cattle (liveweight)', 'Dairy cattle, heifer', 'Meat, sheep (cold carcass weight)']",30,Product,standardized,rag,1
"[0, 0, 0, 0, 0, 0, 0, 0, 0, 0, 0, 0, 0, 0, 0, 0, 0, 0, 0, 0, 0, 0, 0, 0, 0, 0, 0, 0, 0, 0, 0, 0, 0, 0, 0, 0, 0, 0, 0, 0, 0, 0, 0, 0, 0, 0, 0, 0, 1, 0, 0, 0, 0, 0, 0, 0, 0, 0, 0]","[0, 0, 0, 0, 0, 0, 0, 0, 0, 0, 0, 0, 0, 0, 0, 0, 0, 0, 0, 0, 0, 0, 0, 0, 0, 0, 0, 0, 0, 0, 0, 0, 0, 0, 0, 0, 0, 0, 0, 0, 0, 0, 0, 1, 0, 0, 0, 0, 1, 0, 0, 0, 0, 0, 0, 0, 0, 0, 0]","['Meat, beef cattle (cold carcass weight)', 'Meat, pig (cold dressed carcass weight)', 'Meat, chicken, breast', 'Milk, cow, raw (FPCM)', 'Broiler chicken', 'Beef cattle', 'Hides', 'Sheep, ewe', 'Beef cattle, heifer', 'Beef cattle, calf (female, weaned)', 'Dairy cattle, calf (weaned)', 'Cattle', 'Wool, sheep (greasy)', 'Meat, dairy cattle (liveweight)', 'Beef cattle, steer', 'Meat, sheep (liveweight)', 'Beef cattle, heifer and steer', 'Dairy cattle, cow', 'Cattle, urine (kg mass)', 'Dairy cattle', 'Layer chicken, hen', 'Sheep, lamb (male, unweaned)', 'Meat, chicken, wings', 'Wool', 'Eggs, hen, in shell (number)', 'Pig', 'Broiler chicken, hen', 'Dairy cattle, calf (male, unweaned)', 'Meat, dairy cattle (cold carcass weight)', 'Dairy cattle, calf', 'Beef cattle, calf (male, weaned)', 'Meat, beef cattle (cold dressed carcass weight)', 'Eggs, hen, in shell', 'Broiler chicken, chick', 'Meat, chicken (liveweight)', 'Pig, piglet', 'Layer chicken, pullet', 'Sheep, lamb (female, unweaned)', 'Milk', 'Beef cattle, bull', 'Eggs', 'Sheep, lamb', 'Dairy cattle, calf (female, weaned)', 'Sheep, ram', 'Sheep, lamb (weaned)', 'Meat, chicken (cold carcass weight)', 'Beef cattle, calf (weaned)', 'Meat, chicken, leg', 'Sheep', 'Layer chicken', 'Beef cattle, cow', 'Poultry by-product meal', 'Meat', 'Milk, cow, raw', 'Hides, dairy cattle, fresh', 'Pig, sow', 'Meat, beef cattle (liveweight)', 'Dairy cattle, heifer', 'Meat, sheep (cold carcass weight)']",44,Product,standardized,rag,1
"[0, 0, 0, 0, 0, 0, 0, 0, 0, 0, 0, 0, 0, 0, 0, 0, 0, 0, 0, 0, 0, 0, 0, 0, 0, 0, 0, 0, 0, 0, 0, 0, 0, 0, 0, 0, 0, 0, 0, 0, 0, 0, 0, 0, 0, 0, 0, 0, 1, 0, 0, 0, 0, 0, 0, 0, 0, 0, 0]","[0, 0, 0, 0, 0, 0, 0, 1, 0, 0, 0, 0, 0, 0, 0, 0, 0, 0, 0, 0, 0, 0, 0, 0, 0, 0, 0, 0, 0, 0, 0, 0, 0, 0, 0, 0, 0, 0, 0, 0, 0, 0, 0, 0, 0, 0, 0, 0, 1, 0, 0, 0, 0, 0, 0, 0, 0, 0, 0]","['Meat, beef cattle (cold carcass weight)', 'Meat, pig (cold dressed carcass weight)', 'Meat, chicken, breast', 'Milk, cow, raw (FPCM)', 'Broiler chicken', 'Beef cattle', 'Hides', 'Sheep, ewe', 'Beef cattle, heifer', 'Beef cattle, calf (female, weaned)', 'Dairy cattle, calf (weaned)', 'Cattle', 'Wool, sheep (greasy)', 'Meat, dairy cattle (liveweight)', 'Beef cattle, steer', 'Meat, sheep (liveweight)', 'Beef cattle, heifer and steer', 'Dairy cattle, cow', 'Cattle, urine (kg mass)', 'Dairy cattle', 'Layer chicken, hen', 'Sheep, lamb (male, unweaned)', 'Meat, chicken, wings', 'Wool', 'Eggs, hen, in shell (number)', 'Pig', 'Broiler chicken, hen', 'Dairy cattle, calf (male, unweaned)', 'Meat, dairy cattle (cold carcass weight)', 'Dairy cattle, calf', 'Beef cattle, calf (male, weaned)', 'Meat, beef cattle (cold dressed carcass weight)', 'Eggs, hen, in shell', 'Broiler chicken, chick', 'Meat, chicken (liveweight)', 'Pig, piglet', 'Layer chicken, pullet', 'Sheep, lamb (female, unweaned)', 'Milk', 'Beef cattle, bull', 'Eggs', 'Sheep, lamb', 'Dairy cattle, calf (female, weaned)', 'Sheep, ram', 'Sheep, lamb (weaned)', 'Meat, chicken (cold carcass weight)', 'Beef cattle, calf (weaned)', 'Meat, chicken, leg', 'Sheep', 'Layer chicken', 'Beef cattle, cow', 'Poultry by-product meal', 'Meat', 'Milk, cow, raw', 'Hides, dairy cattle, fresh', 'Pig, sow', 'Meat, beef cattle (liveweight)', 'Dairy cattle, heifer', 'Meat, sheep (cold carcass weight)']",30,Product,standardized,rag,1
"[0, 0, 0, 0, 0, 0, 0, 0, 0, 0, 0, 0, 0, 0, 0, 0, 0, 0, 0, 0, 0, 0, 0, 0, 0, 0, 0, 0, 0, 0, 0, 0, 0, 0, 0, 0, 0, 0, 0, 0, 0, 0, 0, 0, 0, 0, 0, 0, 1, 0, 0, 0, 0, 0, 0, 0, 0, 0, 0]","[0, 0, 0, 0, 0, 0, 0, 1, 0, 0, 0, 0, 0, 0, 0, 0, 0, 0, 0, 0, 0, 0, 0, 0, 0, 0, 0, 0, 0, 0, 0, 0, 0, 0, 0, 0, 0, 0, 0, 0, 0, 0, 0, 0, 0, 0, 0, 0, 1, 0, 0, 0, 0, 0, 0, 0, 0, 0, 0]","['Meat, beef cattle (cold carcass weight)', 'Meat, pig (cold dressed carcass weight)', 'Meat, chicken, breast', 'Milk, cow, raw (FPCM)', 'Broiler chicken', 'Beef cattle', 'Hides', 'Sheep, ewe', 'Beef cattle, heifer', 'Beef cattle, calf (female, weaned)', 'Dairy cattle, calf (weaned)', 'Cattle', 'Wool, sheep (greasy)', 'Meat, dairy cattle (liveweight)', 'Beef cattle, steer', 'Meat, sheep (liveweight)', 'Beef cattle, heifer and steer', 'Dairy cattle, cow', 'Cattle, urine (kg mass)', 'Dairy cattle', 'Layer chicken, hen', 'Sheep, lamb (male, unweaned)', 'Meat, chicken, wings', 'Wool', 'Eggs, hen, in shell (number)', 'Pig', 'Broiler chicken, hen', 'Dairy cattle, calf (male, unweaned)', 'Meat, dairy cattle (cold carcass weight)', 'Dairy cattle, calf', 'Beef cattle, calf (male, weaned)', 'Meat, beef cattle (cold dressed carcass weight)', 'Eggs, hen, in shell', 'Broiler chicken, chick', 'Meat, chicken (liveweight)', 'Pig, piglet', 'Layer chicken, pullet', 'Sheep, lamb (female, unweaned)', 'Milk', 'Beef cattle, bull', 'Eggs', 'Sheep, lamb', 'Dairy cattle, calf (female, weaned)', 'Sheep, ram', 'Sheep, lamb (weaned)', 'Meat, chicken (cold carcass weight)', 'Beef cattle, calf (weaned)', 'Meat, chicken, leg', 'Sheep', 'Layer chicken', 'Beef cattle, cow', 'Poultry by-product meal', 'Meat', 'Milk, cow, raw', 'Hides, dairy cattle, fresh', 'Pig, sow', 'Meat, beef cattle (liveweight)', 'Dairy cattle, heifer', 'Meat, sheep (cold carcass weight)']",44,Product,standardized,rag,1
"[0, 0, 0, 0, 0, 0, 0, 0, 0, 0, 0, 0, 0, 0, 0, 0, 0, 0, 0, 0, 0, 0, 0, 0, 0, 0, 0, 0, 0, 0, 0, 0, 0, 0, 0, 0, 0, 0, 0, 0, 0, 0, 0, 0, 0, 0, 0, 1, 0, 0, 0, 0, 1, 0, 0, 0, 0, 0, 0]","[0, 0, 0, 0, 0, 0, 0, 0, 0, 0, 0, 0, 0, 0, 0, 0, 0, 0, 0, 0, 0, 0, 0, 0, 0, 0, 0, 0, 0, 0, 0, 0, 0, 0, 0, 0, 0, 0, 0, 0, 0, 0, 0, 0, 0, 0, 0, 0, 0, 0, 0, 0, 1, 0, 0, 0, 0, 0, 0]","['Meat, beef cattle (cold carcass weight)', 'Meat, pig (cold dressed carcass weight)', 'Meat, chicken, breast', 'Milk, cow, raw (FPCM)', 'Broiler chicken', 'Beef cattle', 'Hides', 'Sheep, ewe', 'Beef cattle, heifer', 'Beef cattle, calf (female, weaned)', 'Dairy cattle, calf (weaned)', 'Cattle', 'Wool, sheep (greasy)', 'Meat, dairy cattle (liveweight)', 'Beef cattle, steer', 'Meat, sheep (liveweight)', 'Beef cattle, heifer and steer', 'Dairy cattle, cow', 'Cattle, urine (kg mass)', 'Dairy cattle', 'Layer chicken, hen', 'Sheep, lamb (male, unweaned)', 'Meat, chicken, wings', 'Wool', 'Eggs, hen, in shell (number)', 'Pig', 'Broiler chicken, hen', 'Dairy cattle, calf (male, unweaned)', 'Meat, dairy cattle (cold carcass weight)', 'Dairy cattle, calf', 'Beef cattle, calf (male, weaned)', 'Meat, beef cattle (cold dressed carcass weight)', 'Eggs, hen, in shell', 'Broiler chicken, chick', 'Meat, chicken (liveweight)', 'Pig, piglet', 'Layer chicken, pullet', 'Sheep, lamb (female, unweaned)', 'Milk', 'Beef cattle, bull', 'Eggs', 'Sheep, lamb', 'Dairy cattle, calf (female, weaned)', 'Sheep, ram', 'Sheep, lamb (weaned)', 'Meat, chicken (cold carcass weight)', 'Beef cattle, calf (weaned)', 'Meat, chicken, leg', 'Sheep', 'Layer chicken', 'Beef cattle, cow', 'Poultry by-product meal', 'Meat', 'Milk, cow, raw', 'Hides, dairy cattle, fresh', 'Pig, sow', 'Meat, beef cattle (liveweight)', 'Dairy cattle, heifer', 'Meat, sheep (cold carcass weight)']",79,Product,standardized,no rag,3
"[0, 0, 0, 0, 0, 0, 0, 0, 0, 0, 0, 0, 0, 0, 0, 0, 0, 0, 0, 0, 0, 0, 0, 0, 0, 0, 0, 0, 0, 0, 0, 0, 0, 0, 0, 0, 0, 0, 0, 0, 0, 0, 0, 0, 0, 0, 0, 1, 0, 0, 0, 0, 1, 0, 0, 0, 0, 0, 0]","[0, 0, 0, 0, 0, 0, 0, 0, 0, 0, 0, 0, 0, 0, 0, 0, 0, 0, 0, 0, 0, 0, 0, 0, 0, 0, 0, 0, 0, 0, 0, 0, 0, 0, 0, 0, 0, 0, 0, 0, 0, 0, 0, 0, 0, 0, 0, 0, 0, 0, 0, 0, 1, 0, 0, 0, 0, 0, 0]","['Meat, beef cattle (cold carcass weight)', 'Meat, pig (cold dressed carcass weight)', 'Meat, chicken, breast', 'Milk, cow, raw (FPCM)', 'Broiler chicken', 'Beef cattle', 'Hides', 'Sheep, ewe', 'Beef cattle, heifer', 'Beef cattle, calf (female, weaned)', 'Dairy cattle, calf (weaned)', 'Cattle', 'Wool, sheep (greasy)', 'Meat, dairy cattle (liveweight)', 'Beef cattle, steer', 'Meat, sheep (liveweight)', 'Beef cattle, heifer and steer', 'Dairy cattle, cow', 'Cattle, urine (kg mass)', 'Dairy cattle', 'Layer chicken, hen', 'Sheep, lamb (male, unweaned)', 'Meat, chicken, wings', 'Wool', 'Eggs, hen, in shell (number)', 'Pig', 'Broiler chicken, hen', 'Dairy cattle, calf (male, unweaned)', 'Meat, dairy cattle (cold carcass weight)', 'Dairy cattle, calf', 'Beef cattle, calf (male, weaned)', 'Meat, beef cattle (cold dressed carcass weight)', 'Eggs, hen, in shell', 'Broiler chicken, chick', 'Meat, chicken (liveweight)', 'Pig, piglet', 'Layer chicken, pullet', 'Sheep, lamb (female, unweaned)', 'Milk', 'Beef cattle, bull', 'Eggs', 'Sheep, lamb', 'Dairy cattle, calf (female, weaned)', 'Sheep, ram', 'Sheep, lamb (weaned)', 'Meat, chicken (cold carcass weight)', 'Beef cattle, calf (weaned)', 'Meat, chicken, leg', 'Sheep', 'Layer chicken', 'Beef cattle, cow', 'Poultry by-product meal', 'Meat', 'Milk, cow, raw', 'Hides, dairy cattle, fresh', 'Pig, sow', 'Meat, beef cattle (liveweight)', 'Dairy cattle, heifer', 'Meat, sheep (cold carcass weight)']",79,Product,standardized,rag,3
"[0, 0, 0, 0, 0, 0, 0, 0, 0, 0, 0, 0, 0, 0, 0, 0, 0, 0, 0, 0, 0, 0, 0, 0, 0, 0, 0, 0, 0, 0, 0, 0, 0, 0, 0, 0, 0, 0, 0, 0, 0, 0, 0, 0, 0, 0, 0, 1, 0, 0, 0, 0, 1, 0, 0, 0, 0, 0, 0]","[0, 0, 0, 0, 0, 0, 0, 0, 0, 0, 0, 0, 0, 0, 0, 0, 0, 0, 0, 0, 0, 0, 1, 0, 0, 0, 0, 0, 0, 0, 0, 0, 0, 0, 0, 0, 0, 0, 0, 0, 0, 0, 0, 0, 0, 0, 0, 0, 0, 0, 0, 0, 1, 0, 0, 0, 0, 0, 0]","['Meat, beef cattle (cold carcass weight)', 'Meat, pig (cold dressed carcass weight)', 'Meat, chicken, breast', 'Milk, cow, raw (FPCM)', 'Broiler chicken', 'Beef cattle', 'Hides', 'Sheep, ewe', 'Beef cattle, heifer', 'Beef cattle, calf (female, weaned)', 'Dairy cattle, calf (weaned)', 'Cattle', 'Wool, sheep (greasy)', 'Meat, dairy cattle (liveweight)', 'Beef cattle, steer', 'Meat, sheep (liveweight)', 'Beef cattle, heifer and steer', 'Dairy cattle, cow', 'Cattle, urine (kg mass)', 'Dairy cattle', 'Layer chicken, hen', 'Sheep, lamb (male, unweaned)', 'Meat, chicken, wings', 'Wool', 'Eggs, hen, in shell (number)', 'Pig', 'Broiler chicken, hen', 'Dairy cattle, calf (male, unweaned)', 'Meat, dairy cattle (cold carcass weight)', 'Dairy cattle, calf', 'Beef cattle, calf (male, weaned)', 'Meat, beef cattle (cold dressed carcass weight)', 'Eggs, hen, in shell', 'Broiler chicken, chick', 'Meat, chicken (liveweight)', 'Pig, piglet', 'Layer chicken, pullet', 'Sheep, lamb (female, unweaned)', 'Milk', 'Beef cattle, bull', 'Eggs', 'Sheep, lamb', 'Dairy cattle, calf (female, weaned)', 'Sheep, ram', 'Sheep, lamb (weaned)', 'Meat, chicken (cold carcass weight)', 'Beef cattle, calf (weaned)', 'Meat, chicken, leg', 'Sheep', 'Layer chicken', 'Beef cattle, cow', 'Poultry by-product meal', 'Meat', 'Milk, cow, raw', 'Hides, dairy cattle, fresh', 'Pig, sow', 'Meat, beef cattle (liveweight)', 'Dairy cattle, heifer', 'Meat, sheep (cold carcass weight)']",79,Product,standardized,no rag,1
"[0, 0, 0, 0, 0, 0, 0, 0, 0, 0, 0, 0, 0, 0, 0, 0, 0, 0, 0, 0, 0, 0, 0, 0, 0, 0, 0, 0, 0, 0, 0, 0, 0, 0, 0, 0, 0, 0, 0, 0, 0, 0, 0, 0, 0, 0, 0, 1, 0, 0, 0, 0, 1, 0, 0, 0, 0, 0, 0]","[0, 0, 0, 0, 0, 0, 0, 0, 0, 0, 0, 0, 0, 0, 0, 0, 0, 0, 0, 0, 0, 0, 1, 0, 0, 0, 0, 0, 0, 0, 0, 0, 0, 0, 0, 0, 0, 0, 0, 0, 0, 0, 0, 0, 0, 0, 0, 0, 0, 0, 0, 0, 1, 0, 0, 0, 0, 0, 0]","['Meat, beef cattle (cold carcass weight)', 'Meat, pig (cold dressed carcass weight)', 'Meat, chicken, breast', 'Milk, cow, raw (FPCM)', 'Broiler chicken', 'Beef cattle', 'Hides', 'Sheep, ewe', 'Beef cattle, heifer', 'Beef cattle, calf (female, weaned)', 'Dairy cattle, calf (weaned)', 'Cattle', 'Wool, sheep (greasy)', 'Meat, dairy cattle (liveweight)', 'Beef cattle, steer', 'Meat, sheep (liveweight)', 'Beef cattle, heifer and steer', 'Dairy cattle, cow', 'Cattle, urine (kg mass)', 'Dairy cattle', 'Layer chicken, hen', 'Sheep, lamb (male, unweaned)', 'Meat, chicken, wings', 'Wool', 'Eggs, hen, in shell (number)', 'Pig', 'Broiler chicken, hen', 'Dairy cattle, calf (male, unweaned)', 'Meat, dairy cattle (cold carcass weight)', 'Dairy cattle, calf', 'Beef cattle, calf (male, weaned)', 'Meat, beef cattle (cold dressed carcass weight)', 'Eggs, hen, in shell', 'Broiler chicken, chick', 'Meat, chicken (liveweight)', 'Pig, piglet', 'Layer chicken, pullet', 'Sheep, lamb (female, unweaned)', 'Milk', 'Beef cattle, bull', 'Eggs', 'Sheep, lamb', 'Dairy cattle, calf (female, weaned)', 'Sheep, ram', 'Sheep, lamb (weaned)', 'Meat, chicken (cold carcass weight)', 'Beef cattle, calf (weaned)', 'Meat, chicken, leg', 'Sheep', 'Layer chicken', 'Beef cattle, cow', 'Poultry by-product meal', 'Meat', 'Milk, cow, raw', 'Hides, dairy cattle, fresh', 'Pig, sow', 'Meat, beef cattle (liveweight)', 'Dairy cattle, heifer', 'Meat, sheep (cold carcass weight)']",79,Product,standardized,rag,1
"[0, 0, 0, 0, 0, 0, 0, 0, 0, 0, 0, 0, 0, 0, 0, 0, 0, 0, 0, 0, 0, 0, 0, 0, 0, 0, 0, 0, 0, 0, 0, 0, 0, 0, 1, 0, 0, 0, 0, 0, 0, 0, 0, 0, 0, 0, 0, 0, 0, 0, 0, 0, 0, 0, 0, 1, 0, 0, 0, 0, 0, 0]","[1, 0, 0, 0, 0, 0, 0, 0, 0, 0, 0, 0, 0, 0, 0, 0, 0, 0, 0, 0, 0, 0, 0, 0, 0, 0, 0, 0, 0, 0, 0, 0, 0, 0, 0, 0, 0, 0, 0, 0, 0, 0, 0, 0, 0, 0, 0, 0, 0, 0, 0, 0, 0, 0, 0, 1, 0, 0, 0, 0, 0, 0]","['Meat, beef cattle (cold carcass weight)', 'Dairy cattle, heifer', 'Meat, pig (cold dressed carcass weight)', 'Meat, chicken, breast', 'Milk, cow, raw (FPCM)', 'Broiler chicken', 'Beef cattle', 'Hides', 'Sheep, ewe', 'Beef cattle, heifer', 'Beef cattle, calf (female, weaned)', 'Dairy cattle, calf (weaned)', 'Cattle', 'Wool, sheep (greasy)', 'Meat, dairy cattle (liveweight)', 'Beef cattle, steer', 'Meat, sheep (liveweight)', 'Beef cattle, heifer and steer', 'Dairy cattle, cow', 'Cattle, urine (kg mass)', 'Meat, pig (cold carcass weight)', 'Offal', 'Dairy cattle', 'Layer chicken, hen', 'Sheep, lamb (male, unweaned)', 'Meat, chicken, wings', 'Wool', 'Eggs, hen, in shell (number)', 'Pig', 'Broiler chicken, hen', 'Dairy cattle, calf (male, unweaned)', 'Meat, dairy cattle (cold carcass weight)', 'Dairy cattle, calf', 'Beef cattle, calf (male, weaned)', 'Meat, beef cattle (cold dressed carcass weight)', 'Eggs, hen, in shell', 'Broiler chicken, chick', 'Meat, chicken (liveweight)', 'Pig, piglet', 'Layer chicken, pullet', 'Sheep, lamb (female, unweaned)', 'Milk', 'Beef cattle, bull', 'Eggs', 'Sheep, lamb', 'Dairy cattle, calf (female, weaned)', 'Sheep, ram', 'Sheep, lamb (weaned)', 'Beef cattle, calf (weaned)', 'Meat, chicken, leg', 'Sheep', 'Layer chicken', 'Beef cattle, cow', 'Offal, pigs', 'Poultry by-product meal', 'Meat', 'Milk, cow, raw', 'Hides, dairy cattle, fresh', 'Pig, sow', 'Meat, beef cattle (liveweight)', 'Meat, chicken (cold carcass weight)', 'Meat, sheep (cold carcass weight)']",27,Product,original,rag,1
"[0, 0, 0, 0, 0, 0, 0, 0, 0, 0, 0, 0, 0, 0, 0, 0, 0, 0, 0, 0, 0, 0, 0, 0, 0, 0, 0, 0, 0, 0, 0, 1, 0, 0, 0, 0, 0, 0, 0, 0, 0, 0, 0, 0, 0, 0, 0, 0, 0, 0, 0, 0, 1, 0, 0, 0, 0, 0, 0]","[0, 0, 0, 0, 0, 0, 0, 0, 0, 0, 0, 0, 0, 0, 0, 0, 0, 0, 0, 0, 0, 0, 0, 0, 0, 0, 0, 0, 0, 0, 0, 0, 0, 0, 0, 0, 0, 0, 0, 0, 0, 0, 0, 0, 0, 0, 0, 0, 0, 0, 0, 0, 1, 0, 0, 0, 0, 0, 0]","['Meat, beef cattle (cold carcass weight)', 'Meat, pig (cold dressed carcass weight)', 'Meat, chicken, breast', 'Milk, cow, raw (FPCM)', 'Broiler chicken', 'Beef cattle', 'Hides', 'Sheep, ewe', 'Beef cattle, heifer', 'Beef cattle, calf (female, weaned)', 'Dairy cattle, calf (weaned)', 'Cattle', 'Wool, sheep (greasy)', 'Meat, dairy cattle (liveweight)', 'Beef cattle, steer', 'Meat, sheep (liveweight)', 'Beef cattle, heifer and steer', 'Dairy cattle, cow', 'Cattle, urine (kg mass)', 'Dairy cattle', 'Layer chicken, hen', 'Sheep, lamb (male, unweaned)', 'Meat, chicken, wings', 'Wool', 'Eggs, hen, in shell (number)', 'Pig', 'Broiler chicken, hen', 'Dairy cattle, calf (male, unweaned)', 'Meat, dairy cattle (cold carcass weight)', 'Dairy cattle, calf', 'Beef cattle, calf (male, weaned)', 'Meat, beef cattle (cold dressed carcass weight)', 'Eggs, hen, in shell', 'Broiler chicken, chick', 'Meat, chicken (liveweight)', 'Pig, piglet', 'Layer chicken, pullet', 'Sheep, lamb (female, unweaned)', 'Milk', 'Beef cattle, bull', 'Eggs', 'Sheep, lamb', 'Dairy cattle, calf (female, weaned)', 'Sheep, ram', 'Sheep, lamb (weaned)', 'Meat, chicken (cold carcass weight)', 'Beef cattle, calf (weaned)', 'Meat, chicken, leg', 'Sheep', 'Layer chicken', 'Beef cattle, cow', 'Poultry by-product meal', 'Meat', 'Milk, cow, raw', 'Hides, dairy cattle, fresh', 'Pig, sow', 'Meat, beef cattle (liveweight)', 'Dairy cattle, heifer', 'Meat, sheep (cold carcass weight)']",2,Product,standardized,rag,1
"[0, 0, 0, 0, 0, 0, 0, 0, 0, 0, 0, 0, 0, 0, 0, 0, 0, 0, 0, 0, 0, 0, 0, 0, 0, 0, 0, 0, 0, 0, 0, 1, 0, 0, 0, 0, 0, 0, 0, 0, 0, 0, 0, 0, 0, 0, 0, 0, 0, 0, 0, 0, 1, 0, 0, 0, 0, 0, 0]","[0, 0, 0, 0, 0, 0, 0, 0, 0, 0, 0, 0, 0, 0, 0, 0, 0, 0, 0, 0, 0, 0, 0, 0, 0, 0, 0, 0, 0, 0, 0, 0, 0, 0, 0, 0, 0, 0, 0, 0, 0, 0, 0, 0, 0, 0, 0, 0, 0, 0, 0, 0, 1, 0, 0, 0, 0, 0, 0]","['Meat, beef cattle (cold carcass weight)', 'Meat, pig (cold dressed carcass weight)', 'Meat, chicken, breast', 'Milk, cow, raw (FPCM)', 'Broiler chicken', 'Beef cattle', 'Hides', 'Sheep, ewe', 'Beef cattle, heifer', 'Beef cattle, calf (female, weaned)', 'Dairy cattle, calf (weaned)', 'Cattle', 'Wool, sheep (greasy)', 'Meat, dairy cattle (liveweight)', 'Beef cattle, steer', 'Meat, sheep (liveweight)', 'Beef cattle, heifer and steer', 'Dairy cattle, cow', 'Cattle, urine (kg mass)', 'Dairy cattle', 'Layer chicken, hen', 'Sheep, lamb (male, unweaned)', 'Meat, chicken, wings', 'Wool', 'Eggs, hen, in shell (number)', 'Pig', 'Broiler chicken, hen', 'Dairy cattle, calf (male, unweaned)', 'Meat, dairy cattle (cold carcass weight)', 'Dairy cattle, calf', 'Beef cattle, calf (male, weaned)', 'Meat, beef cattle (cold dressed carcass weight)', 'Eggs, hen, in shell', 'Broiler chicken, chick', 'Meat, chicken (liveweight)', 'Pig, piglet', 'Layer chicken, pullet', 'Sheep, lamb (female, unweaned)', 'Milk', 'Beef cattle, bull', 'Eggs', 'Sheep, lamb', 'Dairy cattle, calf (female, weaned)', 'Sheep, ram', 'Sheep, lamb (weaned)', 'Meat, chicken (cold carcass weight)', 'Beef cattle, calf (weaned)', 'Meat, chicken, leg', 'Sheep', 'Layer chicken', 'Beef cattle, cow', 'Poultry by-product meal', 'Meat', 'Milk, cow, raw', 'Hides, dairy cattle, fresh', 'Pig, sow', 'Meat, beef cattle (liveweight)', 'Dairy cattle, heifer', 'Meat, sheep (cold carcass weight)']",64,Product,standardized,rag,1
"[0, 0, 0, 0, 0, 0, 0, 0, 0, 0, 0, 0, 0, 0, 0, 0, 0, 0, 0, 0, 0, 0, 0, 0, 0, 1, 0, 0, 0, 0, 0, 0, 0, 0, 0, 0, 0, 0, 0, 0, 0, 0, 0, 0, 0, 0, 0, 0, 0, 0, 0, 0, 0, 0, 0, 1, 0, 0, 0, 0, 0, 0]","[0, 0, 0, 0, 0, 0, 0, 0, 0, 0, 0, 0, 0, 0, 0, 0, 0, 0, 0, 0, 0, 0, 0, 0, 0, 0, 0, 0, 0, 0, 0, 0, 0, 0, 0, 0, 0, 0, 0, 0, 0, 0, 0, 0, 0, 0, 0, 0, 0, 0, 0, 0, 0, 0, 0, 1, 0, 0, 0, 0, 0, 0]","['Meat, beef cattle (cold carcass weight)', 'Dairy cattle, heifer', 'Meat, pig (cold dressed carcass weight)', 'Meat, chicken, breast', 'Milk, cow, raw (FPCM)', 'Broiler chicken', 'Beef cattle', 'Hides', 'Sheep, ewe', 'Beef cattle, heifer', 'Beef cattle, calf (female, weaned)', 'Dairy cattle, calf (weaned)', 'Cattle', 'Wool, sheep (greasy)', 'Meat, dairy cattle (liveweight)', 'Beef cattle, steer', 'Meat, sheep (liveweight)', 'Beef cattle, heifer and steer', 'Dairy cattle, cow', 'Cattle, urine (kg mass)', 'Meat, pig (cold carcass weight)', 'Offal', 'Dairy cattle', 'Layer chicken, hen', 'Sheep, lamb (male, unweaned)', 'Meat, chicken, wings', 'Wool', 'Eggs, hen, in shell (number)', 'Pig', 'Broiler chicken, hen', 'Dairy cattle, calf (male, unweaned)', 'Meat, dairy cattle (cold carcass weight)', 'Dairy cattle, calf', 'Beef cattle, calf (male, weaned)', 'Meat, beef cattle (cold dressed carcass weight)', 'Eggs, hen, in shell', 'Broiler chicken, chick', 'Meat, chicken (liveweight)', 'Pig, piglet', 'Layer chicken, pullet', 'Sheep, lamb (female, unweaned)', 'Milk', 'Beef cattle, bull', 'Eggs', 'Sheep, lamb', 'Dairy cattle, calf (female, weaned)', 'Sheep, ram', 'Sheep, lamb (weaned)', 'Beef cattle, calf (weaned)', 'Meat, chicken, leg', 'Sheep', 'Layer chicken', 'Beef cattle, cow', 'Offal, pigs', 'Poultry by-product meal', 'Meat', 'Milk, cow, raw', 'Hides, dairy cattle, fresh', 'Pig, sow', 'Meat, beef cattle (liveweight)', 'Meat, chicken (cold carcass weight)', 'Meat, sheep (cold carcass weight)']",34,Product,original,rag,1
"[0, 0, 0, 0, 0, 0, 0, 0, 0, 0, 0, 0, 0, 0, 0, 0, 0, 0, 0, 0, 0, 1, 0, 0, 0, 0, 0, 0, 0, 0, 0, 0, 0, 0, 0, 0, 0, 0, 0, 0, 0, 0, 0, 0, 0, 0, 0, 0, 1, 0, 0, 0, 0, 0, 0, 0, 0, 0, 0]","[0, 0, 0, 0, 0, 0, 0, 0, 0, 0, 0, 0, 0, 0, 0, 0, 0, 0, 0, 0, 0, 0, 0, 0, 0, 0, 0, 0, 0, 0, 0, 0, 0, 0, 0, 0, 0, 0, 0, 0, 0, 0, 0, 0, 0, 0, 0, 0, 1, 0, 0, 0, 0, 0, 0, 0, 0, 0, 0]","['Meat, beef cattle (cold carcass weight)', 'Meat, pig (cold dressed carcass weight)', 'Meat, chicken, breast', 'Milk, cow, raw (FPCM)', 'Broiler chicken', 'Beef cattle', 'Hides', 'Sheep, ewe', 'Beef cattle, heifer', 'Beef cattle, calf (female, weaned)', 'Dairy cattle, calf (weaned)', 'Cattle', 'Wool, sheep (greasy)', 'Meat, dairy cattle (liveweight)', 'Beef cattle, steer', 'Meat, sheep (liveweight)', 'Beef cattle, heifer and steer', 'Dairy cattle, cow', 'Cattle, urine (kg mass)', 'Dairy cattle', 'Layer chicken, hen', 'Sheep, lamb (male, unweaned)', 'Meat, chicken, wings', 'Wool', 'Eggs, hen, in shell (number)', 'Pig', 'Broiler chicken, hen', 'Dairy cattle, calf (male, unweaned)', 'Meat, dairy cattle (cold carcass weight)', 'Dairy cattle, calf', 'Beef cattle, calf (male, weaned)', 'Meat, beef cattle (cold dressed carcass weight)', 'Eggs, hen, in shell', 'Broiler chicken, chick', 'Meat, chicken (liveweight)', 'Pig, piglet', 'Layer chicken, pullet', 'Sheep, lamb (female, unweaned)', 'Milk', 'Beef cattle, bull', 'Eggs', 'Sheep, lamb', 'Dairy cattle, calf (female, weaned)', 'Sheep, ram', 'Sheep, lamb (weaned)', 'Meat, chicken (cold carcass weight)', 'Beef cattle, calf (weaned)', 'Meat, chicken, leg', 'Sheep', 'Layer chicken', 'Beef cattle, cow', 'Poultry by-product meal', 'Meat', 'Milk, cow, raw', 'Hides, dairy cattle, fresh', 'Pig, sow', 'Meat, beef cattle (liveweight)', 'Dairy cattle, heifer', 'Meat, sheep (cold carcass weight)']",45,Product,standardized,no rag,1
"[0, 0, 0, 0, 0, 0, 0, 0, 0, 0, 0, 0, 0, 0, 0, 0, 0, 0, 0, 0, 0, 1, 0, 0, 0, 0, 0, 0, 0, 0, 0, 0, 0, 0, 0, 0, 0, 0, 0, 0, 0, 0, 0, 0, 0, 0, 0, 0, 1, 0, 0, 0, 0, 0, 0, 0, 0, 0, 0]","[0, 0, 0, 0, 0, 0, 0, 0, 0, 0, 0, 0, 0, 0, 0, 0, 0, 0, 0, 0, 0, 0, 0, 0, 0, 0, 0, 0, 0, 0, 0, 0, 0, 0, 0, 0, 0, 0, 0, 0, 0, 0, 0, 0, 0, 0, 0, 0, 1, 0, 0, 0, 0, 0, 0, 0, 0, 0, 0]","['Meat, beef cattle (cold carcass weight)', 'Meat, pig (cold dressed carcass weight)', 'Meat, chicken, breast', 'Milk, cow, raw (FPCM)', 'Broiler chicken', 'Beef cattle', 'Hides', 'Sheep, ewe', 'Beef cattle, heifer', 'Beef cattle, calf (female, weaned)', 'Dairy cattle, calf (weaned)', 'Cattle', 'Wool, sheep (greasy)', 'Meat, dairy cattle (liveweight)', 'Beef cattle, steer', 'Meat, sheep (liveweight)', 'Beef cattle, heifer and steer', 'Dairy cattle, cow', 'Cattle, urine (kg mass)', 'Dairy cattle', 'Layer chicken, hen', 'Sheep, lamb (male, unweaned)', 'Meat, chicken, wings', 'Wool', 'Eggs, hen, in shell (number)', 'Pig', 'Broiler chicken, hen', 'Dairy cattle, calf (male, unweaned)', 'Meat, dairy cattle (cold carcass weight)', 'Dairy cattle, calf', 'Beef cattle, calf (male, weaned)', 'Meat, beef cattle (cold dressed carcass weight)', 'Eggs, hen, in shell', 'Broiler chicken, chick', 'Meat, chicken (liveweight)', 'Pig, piglet', 'Layer chicken, pullet', 'Sheep, lamb (female, unweaned)', 'Milk', 'Beef cattle, bull', 'Eggs', 'Sheep, lamb', 'Dairy cattle, calf (female, weaned)', 'Sheep, ram', 'Sheep, lamb (weaned)', 'Meat, chicken (cold carcass weight)', 'Beef cattle, calf (weaned)', 'Meat, chicken, leg', 'Sheep', 'Layer chicken', 'Beef cattle, cow', 'Poultry by-product meal', 'Meat', 'Milk, cow, raw', 'Hides, dairy cattle, fresh', 'Pig, sow', 'Meat, beef cattle (liveweight)', 'Dairy cattle, heifer', 'Meat, sheep (cold carcass weight)']",45,Product,standardized,rag,1
"[0, 0, 0, 0, 0, 0, 0, 0, 0, 0, 0, 1, 0, 0, 0, 0, 0, 0, 0, 0, 0, 0, 1, 0, 0, 0, 0, 0, 0, 0, 0, 0, 0, 0, 0, 0, 0, 0, 0, 0, 0, 0, 0, 0, 0, 0, 0, 0, 0, 0, 0, 0, 0, 0, 0, 0, 0, 0, 0, 0, 0, 0]","[0, 0, 0, 0, 0, 0, 0, 0, 0, 0, 0, 0, 0, 0, 0, 0, 0, 0, 0, 0, 0, 0, 1, 0, 0, 0, 0, 0, 0, 0, 0, 0, 0, 0, 0, 0, 0, 0, 0, 0, 0, 0, 0, 0, 0, 0, 0, 0, 0, 0, 0, 0, 0, 0, 0, 0, 0, 0, 0, 0, 0, 0]","['Meat, beef cattle (cold carcass weight)', 'Dairy cattle, heifer', 'Meat, pig (cold dressed carcass weight)', 'Meat, chicken, breast', 'Milk, cow, raw (FPCM)', 'Broiler chicken', 'Beef cattle', 'Hides', 'Sheep, ewe', 'Beef cattle, heifer', 'Beef cattle, calf (female, weaned)', 'Dairy cattle, calf (weaned)', 'Cattle', 'Wool, sheep (greasy)', 'Meat, dairy cattle (liveweight)', 'Beef cattle, steer', 'Meat, sheep (liveweight)', 'Beef cattle, heifer and steer', 'Dairy cattle, cow', 'Cattle, urine (kg mass)', 'Meat, pig (cold carcass weight)', 'Offal', 'Dairy cattle', 'Layer chicken, hen', 'Sheep, lamb (male, unweaned)', 'Meat, chicken, wings', 'Wool', 'Eggs, hen, in shell (number)', 'Pig', 'Broiler chicken, hen', 'Dairy cattle, calf (male, unweaned)', 'Meat, dairy cattle (cold carcass weight)', 'Dairy cattle, calf', 'Beef cattle, calf (male, weaned)', 'Meat, beef cattle (cold dressed carcass weight)', 'Eggs, hen, in shell', 'Broiler chicken, chick', 'Meat, chicken (liveweight)', 'Pig, piglet', 'Layer chicken, pullet', 'Sheep, lamb (female, unweaned)', 'Milk', 'Beef cattle, bull', 'Eggs', 'Sheep, lamb', 'Dairy cattle, calf (female, weaned)', 'Sheep, ram', 'Sheep, lamb (weaned)', 'Beef cattle, calf (weaned)', 'Meat, chicken, leg', 'Sheep', 'Layer chicken', 'Beef cattle, cow', 'Offal, pigs', 'Poultry by-product meal', 'Meat', 'Milk, cow, raw', 'Hides, dairy cattle, fresh', 'Pig, sow', 'Meat, beef cattle (liveweight)', 'Meat, chicken (cold carcass weight)', 'Meat, sheep (cold carcass weight)']",8,Product,original,rag,1
"[0, 0, 0, 0, 0, 0, 0, 1, 1, 0, 0, 1, 1, 0, 0, 1, 0, 1, 1]","[0, 0, 0, 0, 0, 0, 0, 1, 0, 0, 0, 1, 0, 0, 0, 0, 0, 1, 1]","['True_animalFeed', 'True_water', 'True_liveAnimalInput', 'True_electricityFuel', 'True_transport', 'True_pesticideVeterinaryDrug', 'True_seed', 'True_otherChemical', 'True_animalPopulation', 'True_freshForage', 'True_excreta', 'True_product', 'True_waste', 'True_soilAmendment', 'True_operation', 'True_fertiliser', 'True_material', 'True_ingredient', 'True_cropResidue']",51,System Boundary,standardized,no rag,1
"[0, 0, 0, 0, 0, 0, 0, 1, 1, 0, 0, 1, 1, 0, 0, 1, 0, 1, 1]","[0, 0, 0, 0, 0, 0, 0, 1, 1, 0, 0, 1, 0, 0, 0, 0, 0, 1, 1]","['True_animalFeed', 'True_water', 'True_liveAnimalInput', 'True_electricityFuel', 'True_transport', 'True_pesticideVeterinaryDrug', 'True_seed', 'True_otherChemical', 'True_animalPopulation', 'True_freshForage', 'True_excreta', 'True_product', 'True_waste', 'True_soilAmendment', 'True_operation', 'True_fertiliser', 'True_material', 'True_ingredient', 'True_cropResidue']",51,System Boundary,standardized,rag,1
"[0, 0, 0, 0, 0, 0, 0, 1, 1, 0, 0, 1, 1, 0, 0, 1, 0, 1, 1]","[0, 0, 0, 0, 0, 0, 0, 1, 1, 0, 0, 1, 0, 0, 0, 1, 0, 1, 1]","['True_animalFeed', 'True_water', 'True_liveAnimalInput', 'True_electricityFuel', 'True_transport', 'True_pesticideVeterinaryDrug', 'True_seed', 'True_otherChemical', 'True_animalPopulation', 'True_freshForage', 'True_excreta', 'True_product', 'True_waste', 'True_soilAmendment', 'True_operation', 'True_fertiliser', 'True_material', 'True_ingredient', 'True_cropResidue']",51,System Boundary,standardized,rag,1
"[0, 0, 0, 0, 0, 0, 1, 0, 0, 0, 0, 0, 0, 0, 0, 0, 0, 1, 0, 0, 0, 0, 0, 0, 0, 0, 0, 0, 0, 0, 0, 0, 0, 0, 0, 0, 0, 0, 0, 0, 0, 0, 0, 0, 0, 0, 0, 0, 0, 0, 0, 0, 0, 0, 0, 0, 0, 0, 0, 0, 0, 0]","[0, 0, 0, 0, 0, 0, 1, 0, 0, 0, 0, 0, 0, 0, 0, 0, 0, 0, 0, 0, 0, 0, 0, 0, 0, 0, 0, 0, 0, 0, 0, 0, 0, 0, 0, 0, 0, 0, 0, 0, 0, 0, 0, 0, 0, 0, 0, 0, 0, 0, 0, 0, 0, 0, 0, 0, 0, 0, 0, 0, 0, 0]","['Meat, beef cattle (cold carcass weight)', 'Dairy cattle, heifer', 'Meat, pig (cold dressed carcass weight)', 'Meat, chicken, breast', 'Milk, cow, raw (FPCM)', 'Broiler chicken', 'Beef cattle', 'Hides', 'Sheep, ewe', 'Beef cattle, heifer', 'Beef cattle, calf (female, weaned)', 'Dairy cattle, calf (weaned)', 'Cattle', 'Wool, sheep (greasy)', 'Meat, dairy cattle (liveweight)', 'Beef cattle, steer', 'Meat, sheep (liveweight)', 'Beef cattle, heifer and steer', 'Dairy cattle, cow', 'Cattle, urine (kg mass)', 'Meat, pig (cold carcass weight)', 'Offal', 'Dairy cattle', 'Layer chicken, hen', 'Sheep, lamb (male, unweaned)', 'Meat, chicken, wings', 'Wool', 'Eggs, hen, in shell (number)', 'Pig', 'Broiler chicken, hen', 'Dairy cattle, calf (male, unweaned)', 'Meat, dairy cattle (cold carcass weight)', 'Dairy cattle, calf', 'Beef cattle, calf (male, weaned)', 'Meat, beef cattle (cold dressed carcass weight)', 'Eggs, hen, in shell', 'Broiler chicken, chick', 'Meat, chicken (liveweight)', 'Pig, piglet', 'Layer chicken, pullet', 'Sheep, lamb (female, unweaned)', 'Milk', 'Beef cattle, bull', 'Eggs', 'Sheep, lamb', 'Dairy cattle, calf (female, weaned)', 'Sheep, ram', 'Sheep, lamb (weaned)', 'Beef cattle, calf (weaned)', 'Meat, chicken, leg', 'Sheep', 'Layer chicken', 'Beef cattle, cow', 'Offal, pigs', 'Poultry by-product meal', 'Meat', 'Milk, cow, raw', 'Hides, dairy cattle, fresh', 'Pig, sow', 'Meat, beef cattle (liveweight)', 'Meat, chicken (cold carcass weight)', 'Meat, sheep (cold carcass weight)']",2,Product,original,no rag,1
"[0, 0, 0, 0, 0, 0, 1, 0, 0, 0, 0, 0, 0, 0, 0, 0, 0, 1, 0, 0, 0, 0, 0, 0, 0, 0, 0, 0, 0, 0, 0, 0, 0, 0, 0, 0, 0, 0, 0, 0, 0, 0, 0, 0, 0, 0, 0, 0, 0, 0, 0, 0, 0, 0, 0, 0, 0, 0, 0, 0, 0, 0]","[0, 0, 0, 0, 0, 0, 1, 0, 0, 0, 0, 0, 0, 0, 0, 0, 0, 0, 0, 0, 0, 0, 0, 0, 0, 0, 0, 0, 0, 0, 0, 0, 0, 0, 0, 0, 0, 0, 0, 0, 0, 0, 0, 0, 0, 0, 0, 0, 0, 0, 0, 0, 0, 0, 0, 0, 0, 0, 0, 0, 0, 0]","['Meat, beef cattle (cold carcass weight)', 'Dairy cattle, heifer', 'Meat, pig (cold dressed carcass weight)', 'Meat, chicken, breast', 'Milk, cow, raw (FPCM)', 'Broiler chicken', 'Beef cattle', 'Hides', 'Sheep, ewe', 'Beef cattle, heifer', 'Beef cattle, calf (female, weaned)', 'Dairy cattle, calf (weaned)', 'Cattle', 'Wool, sheep (greasy)', 'Meat, dairy cattle (liveweight)', 'Beef cattle, steer', 'Meat, sheep (liveweight)', 'Beef cattle, heifer and steer', 'Dairy cattle, cow', 'Cattle, urine (kg mass)', 'Meat, pig (cold carcass weight)', 'Offal', 'Dairy cattle', 'Layer chicken, hen', 'Sheep, lamb (male, unweaned)', 'Meat, chicken, wings', 'Wool', 'Eggs, hen, in shell (number)', 'Pig', 'Broiler chicken, hen', 'Dairy cattle, calf (male, unweaned)', 'Meat, dairy cattle (cold carcass weight)', 'Dairy cattle, calf', 'Beef cattle, calf (male, weaned)', 'Meat, beef cattle (cold dressed carcass weight)', 'Eggs, hen, in shell', 'Broiler chicken, chick', 'Meat, chicken (liveweight)', 'Pig, piglet', 'Layer chicken, pullet', 'Sheep, lamb (female, unweaned)', 'Milk', 'Beef cattle, bull', 'Eggs', 'Sheep, lamb', 'Dairy cattle, calf (female, weaned)', 'Sheep, ram', 'Sheep, lamb (weaned)', 'Beef cattle, calf (weaned)', 'Meat, chicken, leg', 'Sheep', 'Layer chicken', 'Beef cattle, cow', 'Offal, pigs', 'Poultry by-product meal', 'Meat', 'Milk, cow, raw', 'Hides, dairy cattle, fresh', 'Pig, sow', 'Meat, beef cattle (liveweight)', 'Meat, chicken (cold carcass weight)', 'Meat, sheep (cold carcass weight)']",2,Product,original,rag,1
"[0, 0, 0, 0, 0, 0, 1, 0, 0, 0, 0, 0, 0, 0, 0, 0, 0, 1, 0, 0, 0, 0, 0, 0, 0, 0, 0, 0, 0, 0, 0, 0, 0, 0, 0, 0, 0, 0, 0, 0, 0, 0, 0, 0, 0, 0, 0, 0, 0, 0, 0, 0, 0, 0, 0, 0, 0, 0, 0, 0, 0, 0]","[0, 0, 0, 0, 0, 0, 1, 0, 0, 0, 0, 0, 0, 0, 0, 0, 0, 0, 0, 0, 0, 0, 0, 0, 0, 0, 0, 0, 0, 0, 0, 0, 0, 0, 0, 0, 0, 0, 0, 0, 0, 0, 0, 0, 0, 0, 0, 0, 0, 0, 0, 0, 0, 0, 0, 0, 0, 0, 0, 0, 0, 0]","['Meat, beef cattle (cold carcass weight)', 'Dairy cattle, heifer', 'Meat, pig (cold dressed carcass weight)', 'Meat, chicken, breast', 'Milk, cow, raw (FPCM)', 'Broiler chicken', 'Beef cattle', 'Hides', 'Sheep, ewe', 'Beef cattle, heifer', 'Beef cattle, calf (female, weaned)', 'Dairy cattle, calf (weaned)', 'Cattle', 'Wool, sheep (greasy)', 'Meat, dairy cattle (liveweight)', 'Beef cattle, steer', 'Meat, sheep (liveweight)', 'Beef cattle, heifer and steer', 'Dairy cattle, cow', 'Cattle, urine (kg mass)', 'Meat, pig (cold carcass weight)', 'Offal', 'Dairy cattle', 'Layer chicken, hen', 'Sheep, lamb (male, unweaned)', 'Meat, chicken, wings', 'Wool', 'Eggs, hen, in shell (number)', 'Pig', 'Broiler chicken, hen', 'Dairy cattle, calf (male, unweaned)', 'Meat, dairy cattle (cold carcass weight)', 'Dairy cattle, calf', 'Beef cattle, calf (male, weaned)', 'Meat, beef cattle (cold dressed carcass weight)', 'Eggs, hen, in shell', 'Broiler chicken, chick', 'Meat, chicken (liveweight)', 'Pig, piglet', 'Layer chicken, pullet', 'Sheep, lamb (female, unweaned)', 'Milk', 'Beef cattle, bull', 'Eggs', 'Sheep, lamb', 'Dairy cattle, calf (female, weaned)', 'Sheep, ram', 'Sheep, lamb (weaned)', 'Beef cattle, calf (weaned)', 'Meat, chicken, leg', 'Sheep', 'Layer chicken', 'Beef cattle, cow', 'Offal, pigs', 'Poultry by-product meal', 'Meat', 'Milk, cow, raw', 'Hides, dairy cattle, fresh', 'Pig, sow', 'Meat, beef cattle (liveweight)', 'Meat, chicken (cold carcass weight)', 'Meat, sheep (cold carcass weight)']",49,Product,original,no rag,1
"[0, 0, 0, 0, 0, 0, 1, 0, 0, 0, 0, 0, 0, 0, 0, 0, 0, 1, 0, 0, 0, 0, 0, 0, 0, 0, 0, 0, 0, 0, 0, 0, 0, 0, 0, 0, 0, 0, 0, 0, 0, 0, 0, 0, 0, 0, 0, 0, 0, 0, 0, 0, 0, 0, 0, 0, 0, 0, 0, 0, 0, 0]","[0, 0, 0, 0, 0, 0, 1, 0, 0, 0, 0, 0, 0, 0, 0, 0, 0, 0, 0, 0, 0, 0, 0, 0, 0, 0, 0, 0, 0, 0, 0, 0, 0, 0, 0, 0, 0, 0, 0, 0, 0, 0, 0, 0, 0, 0, 0, 0, 0, 0, 0, 0, 0, 0, 0, 0, 0, 0, 0, 0, 0, 0]","['Meat, beef cattle (cold carcass weight)', 'Dairy cattle, heifer', 'Meat, pig (cold dressed carcass weight)', 'Meat, chicken, breast', 'Milk, cow, raw (FPCM)', 'Broiler chicken', 'Beef cattle', 'Hides', 'Sheep, ewe', 'Beef cattle, heifer', 'Beef cattle, calf (female, weaned)', 'Dairy cattle, calf (weaned)', 'Cattle', 'Wool, sheep (greasy)', 'Meat, dairy cattle (liveweight)', 'Beef cattle, steer', 'Meat, sheep (liveweight)', 'Beef cattle, heifer and steer', 'Dairy cattle, cow', 'Cattle, urine (kg mass)', 'Meat, pig (cold carcass weight)', 'Offal', 'Dairy cattle', 'Layer chicken, hen', 'Sheep, lamb (male, unweaned)', 'Meat, chicken, wings', 'Wool', 'Eggs, hen, in shell (number)', 'Pig', 'Broiler chicken, hen', 'Dairy cattle, calf (male, unweaned)', 'Meat, dairy cattle (cold carcass weight)', 'Dairy cattle, calf', 'Beef cattle, calf (male, weaned)', 'Meat, beef cattle (cold dressed carcass weight)', 'Eggs, hen, in shell', 'Broiler chicken, chick', 'Meat, chicken (liveweight)', 'Pig, piglet', 'Layer chicken, pullet', 'Sheep, lamb (female, unweaned)', 'Milk', 'Beef cattle, bull', 'Eggs', 'Sheep, lamb', 'Dairy cattle, calf (female, weaned)', 'Sheep, ram', 'Sheep, lamb (weaned)', 'Beef cattle, calf (weaned)', 'Meat, chicken, leg', 'Sheep', 'Layer chicken', 'Beef cattle, cow', 'Offal, pigs', 'Poultry by-product meal', 'Meat', 'Milk, cow, raw', 'Hides, dairy cattle, fresh', 'Pig, sow', 'Meat, beef cattle (liveweight)', 'Meat, chicken (cold carcass weight)', 'Meat, sheep (cold carcass weight)']",49,Product,original,rag,1
"[0, 0, 0, 0, 0, 0, 1, 0, 0, 0, 0, 0, 0, 0, 0, 0, 0, 1, 0, 0, 0, 0, 0, 0, 0, 0, 0, 0, 0, 0, 0, 0, 0, 0, 0, 0, 0, 0, 0, 0, 0, 0, 0, 0, 0, 0, 0, 0, 0, 0, 0, 0, 0, 0, 0, 0, 0, 0, 0, 0, 0, 0]","[0, 0, 0, 0, 0, 0, 1, 0, 0, 1, 0, 0, 0, 0, 0, 0, 0, 1, 0, 0, 0, 0, 0, 0, 0, 0, 0, 0, 0, 0, 0, 0, 0, 0, 0, 0, 0, 0, 0, 0, 0, 0, 0, 0, 0, 0, 0, 0, 0, 0, 0, 0, 0, 0, 0, 0, 0, 0, 0, 0, 0, 0]","['Meat, beef cattle (cold carcass weight)', 'Dairy cattle, heifer', 'Meat, pig (cold dressed carcass weight)', 'Meat, chicken, breast', 'Milk, cow, raw (FPCM)', 'Broiler chicken', 'Beef cattle', 'Hides', 'Sheep, ewe', 'Beef cattle, heifer', 'Beef cattle, calf (female, weaned)', 'Dairy cattle, calf (weaned)', 'Cattle', 'Wool, sheep (greasy)', 'Meat, dairy cattle (liveweight)', 'Beef cattle, steer', 'Meat, sheep (liveweight)', 'Beef cattle, heifer and steer', 'Dairy cattle, cow', 'Cattle, urine (kg mass)', 'Meat, pig (cold carcass weight)', 'Offal', 'Dairy cattle', 'Layer chicken, hen', 'Sheep, lamb (male, unweaned)', 'Meat, chicken, wings', 'Wool', 'Eggs, hen, in shell (number)', 'Pig', 'Broiler chicken, hen', 'Dairy cattle, calf (male, unweaned)', 'Meat, dairy cattle (cold carcass weight)', 'Dairy cattle, calf', 'Beef cattle, calf (male, weaned)', 'Meat, beef cattle (cold dressed carcass weight)', 'Eggs, hen, in shell', 'Broiler chicken, chick', 'Meat, chicken (liveweight)', 'Pig, piglet', 'Layer chicken, pullet', 'Sheep, lamb (female, unweaned)', 'Milk', 'Beef cattle, bull', 'Eggs', 'Sheep, lamb', 'Dairy cattle, calf (female, weaned)', 'Sheep, ram', 'Sheep, lamb (weaned)', 'Beef cattle, calf (weaned)', 'Meat, chicken, leg', 'Sheep', 'Layer chicken', 'Beef cattle, cow', 'Offal, pigs', 'Poultry by-product meal', 'Meat', 'Milk, cow, raw', 'Hides, dairy cattle, fresh', 'Pig, sow', 'Meat, beef cattle (liveweight)', 'Meat, chicken (cold carcass weight)', 'Meat, sheep (cold carcass weight)']",2,Product,original,rag,1
"[0, 0, 0, 0, 0, 0, 1, 0, 0, 0, 0, 0, 0, 0, 0, 0, 0, 1, 0, 0, 0, 0, 0, 0, 0, 0, 0, 0, 0, 0, 0, 0, 0, 0, 0, 0, 0, 0, 0, 0, 0, 0, 0, 0, 0, 0, 0, 0, 0, 0, 0, 0, 0, 0, 0, 0, 0, 0, 0, 0, 0, 0]","[0, 0, 0, 0, 0, 0, 1, 0, 0, 1, 0, 0, 0, 0, 0, 0, 0, 1, 0, 0, 0, 0, 0, 0, 0, 0, 0, 0, 0, 0, 0, 0, 0, 0, 0, 0, 0, 0, 0, 0, 0, 0, 0, 0, 0, 0, 0, 0, 0, 0, 0, 0, 0, 0, 0, 0, 0, 0, 0, 0, 0, 0]","['Meat, beef cattle (cold carcass weight)', 'Dairy cattle, heifer', 'Meat, pig (cold dressed carcass weight)', 'Meat, chicken, breast', 'Milk, cow, raw (FPCM)', 'Broiler chicken', 'Beef cattle', 'Hides', 'Sheep, ewe', 'Beef cattle, heifer', 'Beef cattle, calf (female, weaned)', 'Dairy cattle, calf (weaned)', 'Cattle', 'Wool, sheep (greasy)', 'Meat, dairy cattle (liveweight)', 'Beef cattle, steer', 'Meat, sheep (liveweight)', 'Beef cattle, heifer and steer', 'Dairy cattle, cow', 'Cattle, urine (kg mass)', 'Meat, pig (cold carcass weight)', 'Offal', 'Dairy cattle', 'Layer chicken, hen', 'Sheep, lamb (male, unweaned)', 'Meat, chicken, wings', 'Wool', 'Eggs, hen, in shell (number)', 'Pig', 'Broiler chicken, hen', 'Dairy cattle, calf (male, unweaned)', 'Meat, dairy cattle (cold carcass weight)', 'Dairy cattle, calf', 'Beef cattle, calf (male, weaned)', 'Meat, beef cattle (cold dressed carcass weight)', 'Eggs, hen, in shell', 'Broiler chicken, chick', 'Meat, chicken (liveweight)', 'Pig, piglet', 'Layer chicken, pullet', 'Sheep, lamb (female, unweaned)', 'Milk', 'Beef cattle, bull', 'Eggs', 'Sheep, lamb', 'Dairy cattle, calf (female, weaned)', 'Sheep, ram', 'Sheep, lamb (weaned)', 'Beef cattle, calf (weaned)', 'Meat, chicken, leg', 'Sheep', 'Layer chicken', 'Beef cattle, cow', 'Offal, pigs', 'Poultry by-product meal', 'Meat', 'Milk, cow, raw', 'Hides, dairy cattle, fresh', 'Pig, sow', 'Meat, beef cattle (liveweight)', 'Meat, chicken (cold carcass weight)', 'Meat, sheep (cold carcass weight)']",49,Product,original,rag,1
"[0, 0, 0, 0, 0, 1, 0, 0, 0, 0, 0, 0, 0, 0, 0, 0, 0, 0, 0, 0, 0, 0, 0, 0, 0, 0, 0, 0, 0, 0, 0, 0, 0, 0, 0, 0, 0, 0, 0, 0, 0, 0, 0, 0, 0, 0, 1, 0, 0, 0, 0, 0, 0, 0, 0, 0, 0, 0, 0]","[0, 0, 0, 0, 0, 1, 0, 0, 0, 0, 0, 0, 0, 0, 0, 0, 0, 0, 0, 0, 0, 0, 0, 0, 0, 0, 0, 0, 0, 0, 0, 0, 0, 0, 0, 0, 0, 0, 0, 0, 0, 0, 0, 0, 0, 0, 0, 0, 0, 0, 0, 0, 0, 0, 0, 0, 0, 0, 0]","['Meat, beef cattle (cold carcass weight)', 'Meat, pig (cold dressed carcass weight)', 'Meat, chicken, breast', 'Milk, cow, raw (FPCM)', 'Broiler chicken', 'Beef cattle', 'Hides', 'Sheep, ewe', 'Beef cattle, heifer', 'Beef cattle, calf (female, weaned)', 'Dairy cattle, calf (weaned)', 'Cattle', 'Wool, sheep (greasy)', 'Meat, dairy cattle (liveweight)', 'Beef cattle, steer', 'Meat, sheep (liveweight)', 'Beef cattle, heifer and steer', 'Dairy cattle, cow', 'Cattle, urine (kg mass)', 'Dairy cattle', 'Layer chicken, hen', 'Sheep, lamb (male, unweaned)', 'Meat, chicken, wings', 'Wool', 'Eggs, hen, in shell (number)', 'Pig', 'Broiler chicken, hen', 'Dairy cattle, calf (male, unweaned)', 'Meat, dairy cattle (cold carcass weight)', 'Dairy cattle, calf', 'Beef cattle, calf (male, weaned)', 'Meat, beef cattle (cold dressed carcass weight)', 'Eggs, hen, in shell', 'Broiler chicken, chick', 'Meat, chicken (liveweight)', 'Pig, piglet', 'Layer chicken, pullet', 'Sheep, lamb (female, unweaned)', 'Milk', 'Beef cattle, bull', 'Eggs', 'Sheep, lamb', 'Dairy cattle, calf (female, weaned)', 'Sheep, ram', 'Sheep, lamb (weaned)', 'Meat, chicken (cold carcass weight)', 'Beef cattle, calf (weaned)', 'Meat, chicken, leg', 'Sheep', 'Layer chicken', 'Beef cattle, cow', 'Poultry by-product meal', 'Meat', 'Milk, cow, raw', 'Hides, dairy cattle, fresh', 'Pig, sow', 'Meat, beef cattle (liveweight)', 'Dairy cattle, heifer', 'Meat, sheep (cold carcass weight)']",10,Product,standardized,no rag,5
"[0, 0, 0, 0, 0, 1, 0, 0, 0, 0, 0, 0, 0, 0, 0, 0, 0, 0, 0, 0, 0, 0, 0, 0, 0, 0, 0, 0, 0, 0, 0, 0, 0, 0, 0, 0, 0, 0, 0, 0, 0, 0, 0, 0, 0, 0, 1, 0, 0, 0, 0, 0, 0, 0, 0, 0, 0, 0, 0]","[0, 0, 0, 0, 0, 1, 0, 0, 0, 0, 0, 0, 0, 0, 0, 0, 0, 0, 0, 0, 0, 0, 0, 0, 0, 0, 0, 0, 0, 0, 0, 0, 0, 0, 0, 0, 0, 0, 0, 0, 0, 0, 0, 0, 0, 0, 0, 0, 0, 0, 0, 0, 0, 0, 0, 0, 0, 0, 0]","['Meat, beef cattle (cold carcass weight)', 'Meat, pig (cold dressed carcass weight)', 'Meat, chicken, breast', 'Milk, cow, raw (FPCM)', 'Broiler chicken', 'Beef cattle', 'Hides', 'Sheep, ewe', 'Beef cattle, heifer', 'Beef cattle, calf (female, weaned)', 'Dairy cattle, calf (weaned)', 'Cattle', 'Wool, sheep (greasy)', 'Meat, dairy cattle (liveweight)', 'Beef cattle, steer', 'Meat, sheep (liveweight)', 'Beef cattle, heifer and steer', 'Dairy cattle, cow', 'Cattle, urine (kg mass)', 'Dairy cattle', 'Layer chicken, hen', 'Sheep, lamb (male, unweaned)', 'Meat, chicken, wings', 'Wool', 'Eggs, hen, in shell (number)', 'Pig', 'Broiler chicken, hen', 'Dairy cattle, calf (male, unweaned)', 'Meat, dairy cattle (cold carcass weight)', 'Dairy cattle, calf', 'Beef cattle, calf (male, weaned)', 'Meat, beef cattle (cold dressed carcass weight)', 'Eggs, hen, in shell', 'Broiler chicken, chick', 'Meat, chicken (liveweight)', 'Pig, piglet', 'Layer chicken, pullet', 'Sheep, lamb (female, unweaned)', 'Milk', 'Beef cattle, bull', 'Eggs', 'Sheep, lamb', 'Dairy cattle, calf (female, weaned)', 'Sheep, ram', 'Sheep, lamb (weaned)', 'Meat, chicken (cold carcass weight)', 'Beef cattle, calf (weaned)', 'Meat, chicken, leg', 'Sheep', 'Layer chicken', 'Beef cattle, cow', 'Poultry by-product meal', 'Meat', 'Milk, cow, raw', 'Hides, dairy cattle, fresh', 'Pig, sow', 'Meat, beef cattle (liveweight)', 'Dairy cattle, heifer', 'Meat, sheep (cold carcass weight)']",10,Product,standardized,rag,5
"[0, 0, 0, 0, 0, 1, 0, 0, 0, 0, 0, 0, 0, 0, 0, 0, 1, 0, 0, 0, 0, 0, 0, 0, 0, 0, 0, 0, 0, 0, 0, 0, 0, 0, 0, 0, 0, 0, 0, 0, 0, 0, 0, 0, 0, 0, 0, 0, 0, 0, 0, 0, 0, 0, 0, 0, 0, 0, 0]","[0, 0, 0, 0, 0, 1, 0, 0, 0, 0, 0, 0, 0, 0, 0, 0, 0, 0, 0, 0, 0, 0, 0, 0, 0, 0, 0, 0, 0, 0, 0, 0, 0, 0, 0, 0, 0, 0, 0, 0, 0, 0, 0, 0, 0, 0, 0, 0, 0, 0, 0, 0, 0, 0, 0, 0, 0, 0, 0]","['Meat, beef cattle (cold carcass weight)', 'Meat, pig (cold dressed carcass weight)', 'Meat, chicken, breast', 'Milk, cow, raw (FPCM)', 'Broiler chicken', 'Beef cattle', 'Hides', 'Sheep, ewe', 'Beef cattle, heifer', 'Beef cattle, calf (female, weaned)', 'Dairy cattle, calf (weaned)', 'Cattle', 'Wool, sheep (greasy)', 'Meat, dairy cattle (liveweight)', 'Beef cattle, steer', 'Meat, sheep (liveweight)', 'Beef cattle, heifer and steer', 'Dairy cattle, cow', 'Cattle, urine (kg mass)', 'Dairy cattle', 'Layer chicken, hen', 'Sheep, lamb (male, unweaned)', 'Meat, chicken, wings', 'Wool', 'Eggs, hen, in shell (number)', 'Pig', 'Broiler chicken, hen', 'Dairy cattle, calf (male, unweaned)', 'Meat, dairy cattle (cold carcass weight)', 'Dairy cattle, calf', 'Beef cattle, calf (male, weaned)', 'Meat, beef cattle (cold dressed carcass weight)', 'Eggs, hen, in shell', 'Broiler chicken, chick', 'Meat, chicken (liveweight)', 'Pig, piglet', 'Layer chicken, pullet', 'Sheep, lamb (female, unweaned)', 'Milk', 'Beef cattle, bull', 'Eggs', 'Sheep, lamb', 'Dairy cattle, calf (female, weaned)', 'Sheep, ram', 'Sheep, lamb (weaned)', 'Meat, chicken (cold carcass weight)', 'Beef cattle, calf (weaned)', 'Meat, chicken, leg', 'Sheep', 'Layer chicken', 'Beef cattle, cow', 'Poultry by-product meal', 'Meat', 'Milk, cow, raw', 'Hides, dairy cattle, fresh', 'Pig, sow', 'Meat, beef cattle (liveweight)', 'Dairy cattle, heifer', 'Meat, sheep (cold carcass weight)']",21,Product,standardized,no rag,1
"[0, 0, 0, 0, 0, 1, 0, 0, 0, 0, 0, 0, 0, 0, 0, 0, 1, 0, 0, 0, 0, 0, 0, 0, 0, 0, 0, 0, 0, 0, 0, 0, 0, 0, 0, 0, 0, 0, 0, 0, 0, 0, 0, 0, 0, 0, 0, 0, 0, 0, 0, 0, 0, 0, 0, 0, 0, 0, 0]","[0, 0, 0, 0, 0, 1, 0, 0, 1, 0, 0, 0, 0, 0, 0, 0, 0, 0, 0, 0, 0, 0, 0, 0, 0, 0, 0, 0, 0, 0, 0, 0, 0, 0, 0, 0, 0, 0, 0, 0, 0, 0, 0, 0, 0, 0, 0, 0, 0, 0, 0, 0, 0, 0, 0, 0, 0, 0, 0]","['Meat, beef cattle (cold carcass weight)', 'Meat, pig (cold dressed carcass weight)', 'Meat, chicken, breast', 'Milk, cow, raw (FPCM)', 'Broiler chicken', 'Beef cattle', 'Hides', 'Sheep, ewe', 'Beef cattle, heifer', 'Beef cattle, calf (female, weaned)', 'Dairy cattle, calf (weaned)', 'Cattle', 'Wool, sheep (greasy)', 'Meat, dairy cattle (liveweight)', 'Beef cattle, steer', 'Meat, sheep (liveweight)', 'Beef cattle, heifer and steer', 'Dairy cattle, cow', 'Cattle, urine (kg mass)', 'Dairy cattle', 'Layer chicken, hen', 'Sheep, lamb (male, unweaned)', 'Meat, chicken, wings', 'Wool', 'Eggs, hen, in shell (number)', 'Pig', 'Broiler chicken, hen', 'Dairy cattle, calf (male, unweaned)', 'Meat, dairy cattle (cold carcass weight)', 'Dairy cattle, calf', 'Beef cattle, calf (male, weaned)', 'Meat, beef cattle (cold dressed carcass weight)', 'Eggs, hen, in shell', 'Broiler chicken, chick', 'Meat, chicken (liveweight)', 'Pig, piglet', 'Layer chicken, pullet', 'Sheep, lamb (female, unweaned)', 'Milk', 'Beef cattle, bull', 'Eggs', 'Sheep, lamb', 'Dairy cattle, calf (female, weaned)', 'Sheep, ram', 'Sheep, lamb (weaned)', 'Meat, chicken (cold carcass weight)', 'Beef cattle, calf (weaned)', 'Meat, chicken, leg', 'Sheep', 'Layer chicken', 'Beef cattle, cow', 'Poultry by-product meal', 'Meat', 'Milk, cow, raw', 'Hides, dairy cattle, fresh', 'Pig, sow', 'Meat, beef cattle (liveweight)', 'Dairy cattle, heifer', 'Meat, sheep (cold carcass weight)']",21,Product,standardized,rag,1
"[0, 0, 0, 0, 0, 1]","[0, 0, 0, 0, 0, 0]","['economic', 'energy', 'none required', 'none', 'mass', 'biophysical']",38,Allocation,original,no rag,4
"[0, 0, 0, 0, 0, 1]","[0, 0, 0, 0, 0, 0]","['economic', 'energy', 'none required', 'none', 'mass', 'biophysical']",38,Allocation,original,rag,2
"[0, 0, 0, 0, 0, 1]","[0, 0, 0, 0, 0, 0]","['economic', 'energy', 'none required', 'none', 'mass', 'biophysical']",42,Allocation,original,no rag,4
"[0, 0, 0, 0, 0, 1]","[0, 0, 0, 0, 0, 0]","['economic', 'energy', 'none required', 'none', 'mass', 'biophysical']",42,Allocation,original,rag,4
"[0, 0, 0, 0, 0, 1]","[0, 0, 0, 1, 0, 0]","['economic', 'energy', 'none required', 'none', 'mass', 'biophysical']",38,Allocation,original,rag,1
"[0, 0, 0, 0, 0, 1]","[0, 0, 0, 1, 0, 0]","['economic', 'energy', 'none required', 'none', 'mass', 'biophysical']",42,Allocation,original,rag,1
"[0, 0, 0, 0, 0, 1]","[0, 0, 1, 0, 0, 0]","['economic', 'energy', 'none required', 'none', 'mass', 'biophysical']",38,Allocation,original,rag,1
"[0, 0, 0, 0, 0, 1]","[1, 0, 0, 0, 0, 0]","['economic', 'energy', 'none required', 'none', 'mass', 'biophysical']",38,Allocation,original,rag,1
"[0, 0, 0, 0, 1, 0, 0, 0, 0, 0, 0, 0, 0, 0, 0, 0, 0, 0, 0, 0, 0, 0, 0, 0, 0, 0, 0, 0, 0, 0, 0, 0, 0, 1, 0, 0, 0, 0, 0, 0, 0, 0, 0, 0, 0, 0, 0, 0, 0, 0, 0, 0, 0, 0, 0, 0, 0, 0, 0]","[0, 0, 0, 0, 1, 0, 0, 0, 0, 0, 0, 0, 0, 0, 0, 0, 0, 0, 0, 0, 0, 0, 0, 0, 0, 0, 0, 0, 0, 0, 0, 0, 0, 0, 0, 0, 0, 0, 0, 0, 0, 0, 0, 0, 0, 0, 0, 0, 0, 0, 0, 0, 0, 0, 0, 0, 0, 0, 0]","['Meat, beef cattle (cold carcass weight)', 'Meat, pig (cold dressed carcass weight)', 'Meat, chicken, breast', 'Milk, cow, raw (FPCM)', 'Broiler chicken', 'Beef cattle', 'Hides', 'Sheep, ewe', 'Beef cattle, heifer', 'Beef cattle, calf (female, weaned)', 'Dairy cattle, calf (weaned)', 'Cattle', 'Wool, sheep (greasy)', 'Meat, dairy cattle (liveweight)', 'Beef cattle, steer', 'Meat, sheep (liveweight)', 'Beef cattle, heifer and steer', 'Dairy cattle, cow', 'Cattle, urine (kg mass)', 'Dairy cattle', 'Layer chicken, hen', 'Sheep, lamb (male, unweaned)', 'Meat, chicken, wings', 'Wool', 'Eggs, hen, in shell (number)', 'Pig', 'Broiler chicken, hen', 'Dairy cattle, calf (male, unweaned)', 'Meat, dairy cattle (cold carcass weight)', 'Dairy cattle, calf', 'Beef cattle, calf (male, weaned)', 'Meat, beef cattle (cold dressed carcass weight)', 'Eggs, hen, in shell', 'Broiler chicken, chick', 'Meat, chicken (liveweight)', 'Pig, piglet', 'Layer chicken, pullet', 'Sheep, lamb (female, unweaned)', 'Milk', 'Beef cattle, bull', 'Eggs', 'Sheep, lamb', 'Dairy cattle, calf (female, weaned)', 'Sheep, ram', 'Sheep, lamb (weaned)', 'Meat, chicken (cold carcass weight)', 'Beef cattle, calf (weaned)', 'Meat, chicken, leg', 'Sheep', 'Layer chicken', 'Beef cattle, cow', 'Poultry by-product meal', 'Meat', 'Milk, cow, raw', 'Hides, dairy cattle, fresh', 'Pig, sow', 'Meat, beef cattle (liveweight)', 'Dairy cattle, heifer', 'Meat, sheep (cold carcass weight)']",4,Product,standardized,rag,1
"[0, 0, 0, 0, 1, 0, 0, 0, 0, 0, 0, 0, 0, 0, 0, 0, 0, 0, 0, 0, 0, 0, 0, 0, 0, 0, 0, 0, 0, 0, 0, 0, 0, 1, 0, 0, 0, 0, 0, 0, 0, 0, 0, 0, 0, 0, 0, 0, 0, 0, 0, 0, 0, 0, 0, 0, 0, 0, 0]","[0, 0, 0, 0, 1, 0, 0, 0, 0, 0, 0, 0, 0, 0, 0, 0, 0, 0, 0, 0, 0, 0, 0, 0, 0, 0, 0, 0, 0, 0, 0, 0, 0, 0, 0, 0, 0, 0, 0, 0, 0, 0, 0, 0, 0, 0, 0, 0, 0, 0, 0, 0, 0, 0, 0, 0, 0, 0, 0]","['Meat, beef cattle (cold carcass weight)', 'Meat, pig (cold dressed carcass weight)', 'Meat, chicken, breast', 'Milk, cow, raw (FPCM)', 'Broiler chicken', 'Beef cattle', 'Hides', 'Sheep, ewe', 'Beef cattle, heifer', 'Beef cattle, calf (female, weaned)', 'Dairy cattle, calf (weaned)', 'Cattle', 'Wool, sheep (greasy)', 'Meat, dairy cattle (liveweight)', 'Beef cattle, steer', 'Meat, sheep (liveweight)', 'Beef cattle, heifer and steer', 'Dairy cattle, cow', 'Cattle, urine (kg mass)', 'Dairy cattle', 'Layer chicken, hen', 'Sheep, lamb (male, unweaned)', 'Meat, chicken, wings', 'Wool', 'Eggs, hen, in shell (number)', 'Pig', 'Broiler chicken, hen', 'Dairy cattle, calf (male, unweaned)', 'Meat, dairy cattle (cold carcass weight)', 'Dairy cattle, calf', 'Beef cattle, calf (male, weaned)', 'Meat, beef cattle (cold dressed carcass weight)', 'Eggs, hen, in shell', 'Broiler chicken, chick', 'Meat, chicken (liveweight)', 'Pig, piglet', 'Layer chicken, pullet', 'Sheep, lamb (female, unweaned)', 'Milk', 'Beef cattle, bull', 'Eggs', 'Sheep, lamb', 'Dairy cattle, calf (female, weaned)', 'Sheep, ram', 'Sheep, lamb (weaned)', 'Meat, chicken (cold carcass weight)', 'Beef cattle, calf (weaned)', 'Meat, chicken, leg', 'Sheep', 'Layer chicken', 'Beef cattle, cow', 'Poultry by-product meal', 'Meat', 'Milk, cow, raw', 'Hides, dairy cattle, fresh', 'Pig, sow', 'Meat, beef cattle (liveweight)', 'Dairy cattle, heifer', 'Meat, sheep (cold carcass weight)']",65,Product,standardized,rag,1
"[0, 0, 0, 0, 1, 0, 0, 0, 0, 0, 0, 0, 0, 0, 0, 0, 0, 0, 0, 0, 0, 0, 0, 0, 0, 0, 0, 0, 0, 0, 0, 0, 0, 1, 0, 0, 0, 0, 0, 0, 0, 0, 0, 0, 0, 0, 0, 0, 0, 0, 0, 0, 0, 0, 0, 0, 0, 0, 0]","[0, 0, 0, 0, 1, 0, 0, 0, 0, 0, 0, 0, 0, 0, 0, 0, 0, 0, 0, 0, 0, 0, 0, 0, 0, 0, 0, 0, 0, 0, 0, 0, 0, 0, 0, 0, 0, 0, 0, 0, 0, 0, 0, 0, 0, 0, 0, 0, 0, 0, 0, 0, 0, 0, 0, 0, 0, 0, 0]","['Meat, beef cattle (cold carcass weight)', 'Meat, pig (cold dressed carcass weight)', 'Meat, chicken, breast', 'Milk, cow, raw (FPCM)', 'Broiler chicken', 'Beef cattle', 'Hides', 'Sheep, ewe', 'Beef cattle, heifer', 'Beef cattle, calf (female, weaned)', 'Dairy cattle, calf (weaned)', 'Cattle', 'Wool, sheep (greasy)', 'Meat, dairy cattle (liveweight)', 'Beef cattle, steer', 'Meat, sheep (liveweight)', 'Beef cattle, heifer and steer', 'Dairy cattle, cow', 'Cattle, urine (kg mass)', 'Dairy cattle', 'Layer chicken, hen', 'Sheep, lamb (male, unweaned)', 'Meat, chicken, wings', 'Wool', 'Eggs, hen, in shell (number)', 'Pig', 'Broiler chicken, hen', 'Dairy cattle, calf (male, unweaned)', 'Meat, dairy cattle (cold carcass weight)', 'Dairy cattle, calf', 'Beef cattle, calf (male, weaned)', 'Meat, beef cattle (cold dressed carcass weight)', 'Eggs, hen, in shell', 'Broiler chicken, chick', 'Meat, chicken (liveweight)', 'Pig, piglet', 'Layer chicken, pullet', 'Sheep, lamb (female, unweaned)', 'Milk', 'Beef cattle, bull', 'Eggs', 'Sheep, lamb', 'Dairy cattle, calf (female, weaned)', 'Sheep, ram', 'Sheep, lamb (weaned)', 'Meat, chicken (cold carcass weight)', 'Beef cattle, calf (weaned)', 'Meat, chicken, leg', 'Sheep', 'Layer chicken', 'Beef cattle, cow', 'Poultry by-product meal', 'Meat', 'Milk, cow, raw', 'Hides, dairy cattle, fresh', 'Pig, sow', 'Meat, beef cattle (liveweight)', 'Dairy cattle, heifer', 'Meat, sheep (cold carcass weight)']",78,Product,standardized,rag,1
"[0, 0, 0, 0, 1, 0, 0, 0, 0, 0, 0, 0, 0, 0, 0, 0, 0, 0, 0, 0, 0, 0, 0, 0, 0, 0, 1, 0, 0, 0, 0, 0, 0, 0, 0, 0, 0, 0, 0, 0, 0, 0, 0, 0, 0, 0, 0, 0, 0, 0, 0, 0, 0, 0, 0, 0, 0, 0, 0]","[0, 0, 0, 0, 1, 0, 0, 0, 0, 0, 0, 0, 0, 0, 0, 0, 0, 0, 0, 0, 0, 0, 0, 0, 0, 0, 0, 0, 0, 0, 0, 0, 0, 0, 0, 0, 0, 0, 0, 0, 0, 0, 0, 0, 0, 0, 0, 0, 0, 0, 0, 0, 0, 0, 0, 0, 0, 0, 0]","['Meat, beef cattle (cold carcass weight)', 'Meat, pig (cold dressed carcass weight)', 'Meat, chicken, breast', 'Milk, cow, raw (FPCM)', 'Broiler chicken', 'Beef cattle', 'Hides', 'Sheep, ewe', 'Beef cattle, heifer', 'Beef cattle, calf (female, weaned)', 'Dairy cattle, calf (weaned)', 'Cattle', 'Wool, sheep (greasy)', 'Meat, dairy cattle (liveweight)', 'Beef cattle, steer', 'Meat, sheep (liveweight)', 'Beef cattle, heifer and steer', 'Dairy cattle, cow', 'Cattle, urine (kg mass)', 'Dairy cattle', 'Layer chicken, hen', 'Sheep, lamb (male, unweaned)', 'Meat, chicken, wings', 'Wool', 'Eggs, hen, in shell (number)', 'Pig', 'Broiler chicken, hen', 'Dairy cattle, calf (male, unweaned)', 'Meat, dairy cattle (cold carcass weight)', 'Dairy cattle, calf', 'Beef cattle, calf (male, weaned)', 'Meat, beef cattle (cold dressed carcass weight)', 'Eggs, hen, in shell', 'Broiler chicken, chick', 'Meat, chicken (liveweight)', 'Pig, piglet', 'Layer chicken, pullet', 'Sheep, lamb (female, unweaned)', 'Milk', 'Beef cattle, bull', 'Eggs', 'Sheep, lamb', 'Dairy cattle, calf (female, weaned)', 'Sheep, ram', 'Sheep, lamb (weaned)', 'Meat, chicken (cold carcass weight)', 'Beef cattle, calf (weaned)', 'Meat, chicken, leg', 'Sheep', 'Layer chicken', 'Beef cattle, cow', 'Poultry by-product meal', 'Meat', 'Milk, cow, raw', 'Hides, dairy cattle, fresh', 'Pig, sow', 'Meat, beef cattle (liveweight)', 'Dairy cattle, heifer', 'Meat, sheep (cold carcass weight)']",7,Product,standardized,rag,1
"[0, 0, 0, 1, 0, 0]","[0, 0, 0, 0, 0, 0]","['economic', 'energy', 'none required', 'none', 'mass', 'biophysical']",20,Allocation,original,no rag,2
"[0, 0, 0, 1, 0, 0]","[0, 0, 0, 0, 0, 0]","['economic', 'energy', 'none required', 'none', 'mass', 'biophysical']",22,Allocation,original,no rag,3
"[0, 0, 0, 1, 0, 0]","[0, 0, 0, 0, 0, 0]","['economic', 'energy', 'none required', 'none', 'mass', 'biophysical']",22,Allocation,original,rag,2
"[0, 0, 0, 1, 0, 0]","[0, 0, 0, 0, 0, 0]","['economic', 'energy', 'none required', 'none', 'mass', 'biophysical']",45,Allocation,original,no rag,2
"[0, 0, 0, 1, 0, 0]","[0, 0, 0, 0, 0, 0]","['economic', 'energy', 'none required', 'none', 'mass', 'biophysical']",45,Allocation,original,rag,1
"[0, 0, 0, 1, 0, 0]","[0, 0, 0, 0, 0, 0]","['economic', 'energy', 'none required', 'none', 'mass', 'biophysical']",46,Allocation,original,no rag,3
"[0, 0, 0, 1, 0, 0]","[0, 0, 0, 0, 0, 0]","['economic', 'energy', 'none required', 'none', 'mass', 'biophysical']",46,Allocation,original,rag,1
"[0, 0, 0, 1, 0, 0]","[0, 0, 0, 0, 0, 0]","['economic', 'energy', 'none required', 'none', 'mass', 'biophysical']",52,Allocation,original,no rag,2
"[0, 0, 0, 1, 0, 0]","[0, 0, 0, 0, 0, 0]","['economic', 'energy', 'none required', 'none', 'mass', 'biophysical']",59,Allocation,original,no rag,2
"[0, 0, 0, 1, 0, 0]","[0, 0, 0, 0, 0, 0]","['economic', 'energy', 'none required', 'none', 'mass', 'biophysical']",59,Allocation,original,rag,1
"[0, 0, 0, 1, 0, 0]","[0, 0, 0, 0, 0, 0]","['economic', 'energy', 'none required', 'none', 'mass', 'biophysical']",70,Allocation,original,no rag,2
"[0, 0, 0, 1, 0, 0]","[0, 0, 0, 0, 0, 0]","['economic', 'energy', 'none required', 'none', 'mass', 'biophysical']",70,Allocation,original,rag,1
"[0, 0, 0, 1, 0, 0]","[0, 0, 0, 0, 0, 0]","['economic', 'energy', 'none required', 'none', 'mass', 'biophysical']",83,Allocation,original,no rag,3
"[0, 0, 0, 1, 0, 0]","[0, 0, 0, 0, 0, 0]","['economic', 'energy', 'none required', 'none', 'mass', 'biophysical']",83,Allocation,original,rag,1
"[0, 0, 0, 1, 0, 0]","[0, 0, 1, 0, 0, 0]","['economic', 'energy', 'none required', 'none', 'mass', 'biophysical']",59,Allocation,original,no rag,2
"[0, 0, 0, 1, 0, 0]","[0, 0, 1, 0, 0, 0]","['economic', 'energy', 'none required', 'none', 'mass', 'biophysical']",59,Allocation,original,rag,2
"[0, 0, 0, 1, 0, 0]","[1, 0, 0, 0, 0, 0]","['economic', 'energy', 'none required', 'none', 'mass', 'biophysical']",22,Allocation,original,no rag,2
"[0, 0, 0, 1, 0, 0]","[1, 0, 0, 0, 0, 0]","['economic', 'energy', 'none required', 'none', 'mass', 'biophysical']",22,Allocation,original,rag,1
"[0, 0, 0, 1, 0, 0]","[1, 0, 0, 0, 0, 0]","['economic', 'energy', 'none required', 'none', 'mass', 'biophysical']",46,Allocation,original,no rag,1
"[0, 0, 0, 1, 0, 0]","[1, 0, 0, 0, 0, 0]","['economic', 'energy', 'none required', 'none', 'mass', 'biophysical']",83,Allocation,original,no rag,1
"[0, 0, 1, 0, 0, 0, 0, 1, 0]","[0, 0, 0, 0, 0, 0, 0, 1, 0]","['relative', 'kg FPCM', '1 ha', 'number', 'kg liveweight', 'kg ready-to-cook weight', 'kg cold dressed carcass weight', 'kg', 'kg cold carcass weight']",33,Functional Unit,standardized,rag,1
"[0, 0, 1, 0, 0, 0, 0, 1, 0]","[1, 0, 0, 0, 0, 0, 0, 1, 0]","['relative', 'kg FPCM', '1 ha', 'number', 'kg liveweight', 'kg ready-to-cook weight', 'kg cold dressed carcass weight', 'kg', 'kg cold carcass weight']",33,Functional Unit,standardized,rag,1
"[0, 0, 1, 0, 0, 0]","[0, 0, 0, 0, 0, 0]","['economic', 'energy', 'none required', 'none', 'mass', 'biophysical']",13,Allocation,original,no rag,1
"[0, 0, 1, 0, 0, 0]","[0, 0, 0, 0, 0, 0]","['economic', 'energy', 'none required', 'none', 'mass', 'biophysical']",14,Allocation,original,no rag,1
"[0, 0, 1, 0, 0, 0]","[0, 0, 0, 0, 0, 0]","['economic', 'energy', 'none required', 'none', 'mass', 'biophysical']",18,Allocation,original,no rag,1
"[0, 0, 1, 0, 0, 0]","[0, 0, 0, 0, 0, 0]","['economic', 'energy', 'none required', 'none', 'mass', 'biophysical']",19,Allocation,original,no rag,1
"[0, 0, 1, 0, 0, 0]","[0, 0, 0, 0, 0, 0]","['economic', 'energy', 'none required', 'none', 'mass', 'biophysical']",27,Allocation,original,no rag,4
"[0, 0, 1, 0, 0, 0]","[0, 0, 0, 0, 0, 0]","['economic', 'energy', 'none required', 'none', 'mass', 'biophysical']",27,Allocation,original,rag,1
"[0, 0, 1, 0, 0, 0]","[0, 0, 0, 0, 0, 0]","['economic', 'energy', 'none required', 'none', 'mass', 'biophysical']",57,Allocation,original,no rag,1
"[0, 0, 1, 0, 0, 0]","[0, 0, 0, 0, 0, 0]","['economic', 'energy', 'none required', 'none', 'mass', 'biophysical']",57,Allocation,original,rag,1
"[0, 0, 1, 0, 0, 0]","[0, 0, 0, 0, 0, 0]","['economic', 'energy', 'none required', 'none', 'mass', 'biophysical']",84,Allocation,original,no rag,1
"[0, 0, 1, 0, 0, 0]","[0, 0, 0, 0, 0, 0]","['economic', 'energy', 'none required', 'none', 'mass', 'biophysical']",84,Allocation,original,rag,2
"[0, 0, 1, 0, 0, 0]","[0, 0, 0, 1, 0, 0]","['economic', 'energy', 'none required', 'none', 'mass', 'biophysical']",84,Allocation,original,rag,1
"[0, 0, 1, 0, 0, 0]","[1, 0, 0, 0, 0, 0]","['economic', 'energy', 'none required', 'none', 'mass', 'biophysical']",14,Allocation,original,no rag,1
"[0, 0, 1, 0, 0, 0]","[1, 0, 0, 0, 0, 0]","['economic', 'energy', 'none required', 'none', 'mass', 'biophysical']",14,Allocation,original,rag,1
"[0, 0, 1, 0, 0, 0]","[1, 0, 0, 0, 0, 0]","['economic', 'energy', 'none required', 'none', 'mass', 'biophysical']",32,Allocation,original,no rag,7
"[0, 0, 1, 0, 0, 0]","[1, 0, 0, 0, 0, 0]","['economic', 'energy', 'none required', 'none', 'mass', 'biophysical']",32,Allocation,original,rag,7
"[0, 0, 1, 0, 0, 0]","[1, 0, 0, 0, 0, 0]","['economic', 'energy', 'none required', 'none', 'mass', 'biophysical']",84,Allocation,original,no rag,1
"[0, 0, 1, 0, 0, 0]","[1, 0, 0, 0, 0, 0]","['economic', 'energy', 'none required', 'none', 'mass', 'biophysical']",84,Allocation,original,rag,1
"[0, 0, 1, 1, 0, 0, 0, 0, 0]","[1, 0, 0, 1, 0, 0, 0, 0, 0]","['relative', 'kg FPCM', '1 ha', 'number', 'kg liveweight', 'kg ready-to-cook weight', 'kg cold dressed carcass weight', 'kg', 'kg cold carcass weight']",50,Functional Unit,standardized,no rag,1
"[0, 0, 1, 1, 0, 0, 0, 0, 0]","[1, 0, 0, 1, 0, 0, 0, 0, 0]","['relative', 'kg FPCM', '1 ha', 'number', 'kg liveweight', 'kg ready-to-cook weight', 'kg cold dressed carcass weight', 'kg', 'kg cold carcass weight']",50,Functional Unit,standardized,rag,1
"[0, 0, 1, 1, 1, 0, 0, 1, 1, 0, 0, 1, 0, 0, 1, 0, 0, 1, 1]","[0, 0, 1, 1, 1, 0, 0, 1, 1, 0, 0, 1, 0, 0, 1, 0, 0, 1, 0]","['True_animalFeed', 'True_water', 'True_liveAnimalInput', 'True_electricityFuel', 'True_transport', 'True_pesticideVeterinaryDrug', 'True_seed', 'True_otherChemical', 'True_animalPopulation', 'True_freshForage', 'True_excreta', 'True_product', 'True_waste', 'True_soilAmendment', 'True_operation', 'True_fertiliser', 'True_material', 'True_ingredient', 'True_cropResidue']",8,System Boundary,standardized,no rag,6
"[0, 0, 1, 1, 1, 0, 0, 1, 1, 0, 0, 1, 0, 0, 1, 0, 0, 1, 1]","[0, 0, 1, 1, 1, 0, 0, 1, 1, 0, 0, 1, 0, 0, 1, 0, 0, 1, 0]","['True_animalFeed', 'True_water', 'True_liveAnimalInput', 'True_electricityFuel', 'True_transport', 'True_pesticideVeterinaryDrug', 'True_seed', 'True_otherChemical', 'True_animalPopulation', 'True_freshForage', 'True_excreta', 'True_product', 'True_waste', 'True_soilAmendment', 'True_operation', 'True_fertiliser', 'True_material', 'True_ingredient', 'True_cropResidue']",8,System Boundary,standardized,rag,6
"[0, 0, 1, 1, 1, 0, 0, 1, 1, 0, 0, 1, 0, 0, 1, 0, 0, 1, 1]","[0, 0, 1, 1, 1, 0, 0, 1, 1, 0, 0, 1, 0, 0, 1, 0, 0, 1, 0]","['True_animalFeed', 'True_water', 'True_liveAnimalInput', 'True_electricityFuel', 'True_transport', 'True_pesticideVeterinaryDrug', 'True_seed', 'True_otherChemical', 'True_animalPopulation', 'True_freshForage', 'True_excreta', 'True_product', 'True_waste', 'True_soilAmendment', 'True_operation', 'True_fertiliser', 'True_material', 'True_ingredient', 'True_cropResidue']",59,System Boundary,standardized,no rag,6
"[0, 0, 1, 1, 1, 0, 0, 1, 1, 0, 0, 1, 0, 0, 1, 0, 0, 1, 1]","[0, 0, 1, 1, 1, 0, 0, 1, 1, 0, 0, 1, 0, 0, 1, 0, 0, 1, 0]","['True_animalFeed', 'True_water', 'True_liveAnimalInput', 'True_electricityFuel', 'True_transport', 'True_pesticideVeterinaryDrug', 'True_seed', 'True_otherChemical', 'True_animalPopulation', 'True_freshForage', 'True_excreta', 'True_product', 'True_waste', 'True_soilAmendment', 'True_operation', 'True_fertiliser', 'True_material', 'True_ingredient', 'True_cropResidue']",59,System Boundary,standardized,rag,6
"[0, 0, 1, 1, 1, 0, 0, 1, 1, 0, 0, 1, 0, 0, 1, 0, 0, 1, 1]","[0, 0, 1, 1, 1, 0, 0, 1, 1, 0, 0, 1, 0, 0, 1, 0, 0, 1, 0]","['True_animalFeed', 'True_water', 'True_liveAnimalInput', 'True_electricityFuel', 'True_transport', 'True_pesticideVeterinaryDrug', 'True_seed', 'True_otherChemical', 'True_animalPopulation', 'True_freshForage', 'True_excreta', 'True_product', 'True_waste', 'True_soilAmendment', 'True_operation', 'True_fertiliser', 'True_material', 'True_ingredient', 'True_cropResidue']",63,System Boundary,standardized,no rag,6
"[0, 0, 1, 1, 1, 0, 0, 1, 1, 0, 0, 1, 0, 0, 1, 0, 0, 1, 1]","[0, 0, 1, 1, 1, 0, 0, 1, 1, 0, 0, 1, 0, 0, 1, 0, 0, 1, 0]","['True_animalFeed', 'True_water', 'True_liveAnimalInput', 'True_electricityFuel', 'True_transport', 'True_pesticideVeterinaryDrug', 'True_seed', 'True_otherChemical', 'True_animalPopulation', 'True_freshForage', 'True_excreta', 'True_product', 'True_waste', 'True_soilAmendment', 'True_operation', 'True_fertiliser', 'True_material', 'True_ingredient', 'True_cropResidue']",63,System Boundary,standardized,rag,6
"[1, 0, 0, 0, 0, 0, 0, 1, 0]","[1, 0, 0, 0, 0, 0, 0, 0, 0]","['relative', 'kg FPCM', '1 ha', 'number', 'kg liveweight', 'kg ready-to-cook weight', 'kg cold dressed carcass weight', 'kg', 'kg cold carcass weight']",76,Functional Unit,original,no rag,5
"[1, 0, 0, 0, 0, 0, 0, 1, 0]","[1, 0, 0, 0, 0, 1, 0, 0, 0]","['relative', 'kg FPCM', '1 ha', 'number', 'kg liveweight', 'kg ready-to-cook weight', 'kg cold dressed carcass weight', 'kg', 'kg cold carcass weight']",76,Functional Unit,original,no rag,2
"[1, 0, 0, 0, 0, 0, 0, 1, 0]","[1, 0, 0, 0, 0, 1, 0, 0, 0]","['relative', 'kg FPCM', '1 ha', 'number', 'kg liveweight', 'kg ready-to-cook weight', 'kg cold dressed carcass weight', 'kg', 'kg cold carcass weight']",76,Functional Unit,original,rag,4
"[1, 0, 0, 0, 0, 0, 0, 1, 0]","[1, 0, 0, 1, 0, 0, 0, 0, 0]","['relative', 'kg FPCM', '1 ha', 'number', 'kg liveweight', 'kg ready-to-cook weight', 'kg cold dressed carcass weight', 'kg', 'kg cold carcass weight']",76,Functional Unit,original,rag,1
"[1, 0, 0, 0, 0, 0, 1, 0, 0]","[1, 0, 0, 0, 0, 0, 0, 0, 0]","['relative', 'kg FPCM', '1 ha', 'number', 'kg liveweight', 'kg ready-to-cook weight', 'kg cold dressed carcass weight', 'kg', 'kg cold carcass weight']",0,Functional Unit,original,no rag,1
"[1, 0, 0, 0, 0, 0, 1, 0, 0]","[1, 0, 0, 0, 0, 0, 0, 0, 0]","['relative', 'kg FPCM', '1 ha', 'number', 'kg liveweight', 'kg ready-to-cook weight', 'kg cold dressed carcass weight', 'kg', 'kg cold carcass weight']",19,Functional Unit,original,no rag,1
"[1, 0, 0, 0, 0, 0, 1, 0, 0]","[1, 0, 0, 0, 1, 0, 0, 0, 0]","['relative', 'kg FPCM', '1 ha', 'number', 'kg liveweight', 'kg ready-to-cook weight', 'kg cold dressed carcass weight', 'kg', 'kg cold carcass weight']",27,Functional Unit,original,no rag,1
"[1, 0, 0, 0, 0, 0]","[0, 0, 0, 0, 0, 0]","['economic', 'energy', 'none required', 'none', 'mass', 'biophysical']",0,Allocation,original,no rag,1
"[1, 0, 0, 0, 0, 0]","[0, 0, 0, 0, 0, 0]","['economic', 'energy', 'none required', 'none', 'mass', 'biophysical']",2,Allocation,original,no rag,1
"[1, 0, 0, 0, 0, 0]","[0, 0, 0, 0, 0, 0]","['economic', 'energy', 'none required', 'none', 'mass', 'biophysical']",2,Allocation,original,rag,1
"[1, 0, 0, 0, 0, 0]","[0, 0, 0, 0, 0, 0]","['economic', 'energy', 'none required', 'none', 'mass', 'biophysical']",6,Allocation,original,no rag,1
"[1, 0, 0, 0, 0, 0]","[0, 0, 0, 0, 0, 0]","['economic', 'energy', 'none required', 'none', 'mass', 'biophysical']",11,Allocation,original,no rag,1
"[1, 0, 0, 0, 0, 0]","[0, 0, 0, 0, 0, 0]","['economic', 'energy', 'none required', 'none', 'mass', 'biophysical']",43,Allocation,original,no rag,1
"[1, 0, 0, 0, 0, 0]","[0, 0, 0, 0, 0, 0]","['economic', 'energy', 'none required', 'none', 'mass', 'biophysical']",43,Allocation,original,rag,1
"[1, 0, 0, 0, 0, 0]","[0, 0, 0, 0, 0, 0]","['economic', 'energy', 'none required', 'none', 'mass', 'biophysical']",47,Allocation,original,no rag,1
"[1, 0, 0, 0, 0, 0]","[0, 0, 0, 0, 0, 0]","['economic', 'energy', 'none required', 'none', 'mass', 'biophysical']",47,Allocation,original,rag,1
"[1, 0, 0, 0, 0, 0]","[0, 0, 0, 0, 0, 0]","['economic', 'energy', 'none required', 'none', 'mass', 'biophysical']",49,Allocation,original,no rag,1
"[1, 0, 0, 0, 0, 0]","[0, 0, 0, 0, 0, 0]","['economic', 'energy', 'none required', 'none', 'mass', 'biophysical']",49,Allocation,original,rag,1
"[1, 0, 0, 0, 0, 0]","[0, 0, 0, 0, 0, 0]","['economic', 'energy', 'none required', 'none', 'mass', 'biophysical']",60,Allocation,original,no rag,2
"[1, 0, 0, 0, 0, 0]","[0, 0, 0, 0, 0, 0]","['economic', 'energy', 'none required', 'none', 'mass', 'biophysical']",60,Allocation,original,rag,2
"[1, 0, 0, 0, 0, 0]","[0, 0, 0, 0, 0, 0]","['economic', 'energy', 'none required', 'none', 'mass', 'biophysical']",67,Allocation,original,no rag,2
"[1, 0, 0, 0, 0, 0]","[0, 0, 0, 0, 0, 0]","['economic', 'energy', 'none required', 'none', 'mass', 'biophysical']",67,Allocation,original,rag,1
"[1, 0, 0, 0, 0, 0]","[0, 0, 0, 0, 0, 0]","['economic', 'energy', 'none required', 'none', 'mass', 'biophysical']",71,Allocation,original,no rag,2
"[1, 0, 0, 0, 0, 0]","[0, 0, 0, 0, 0, 0]","['economic', 'energy', 'none required', 'none', 'mass', 'biophysical']",71,Allocation,original,rag,1
"[1, 0, 0, 0, 0, 0]","[0, 0, 0, 0, 0, 0]","['economic', 'energy', 'none required', 'none', 'mass', 'biophysical']",76,Allocation,original,no rag,1
"[1, 0, 0, 0, 0, 0]","[0, 0, 0, 0, 0, 0]","['economic', 'energy', 'none required', 'none', 'mass', 'biophysical']",76,Allocation,original,rag,3
"[1, 0, 0, 0, 0, 0]","[0, 0, 0, 0, 0, 0]","['economic', 'energy', 'none required', 'none', 'mass', 'biophysical']",79,Allocation,original,no rag,1
"[1, 0, 0, 0, 0, 0]","[0, 0, 0, 0, 0, 1]","['economic', 'energy', 'none required', 'none', 'mass', 'biophysical']",67,Allocation,original,rag,1
"[1, 0, 0, 0, 0, 0]","[0, 0, 0, 1, 0, 0]","['economic', 'energy', 'none required', 'none', 'mass', 'biophysical']",43,Allocation,original,no rag,1
"[1, 0, 0, 0, 0, 0]","[0, 0, 0, 1, 0, 0]","['economic', 'energy', 'none required', 'none', 'mass', 'biophysical']",71,Allocation,original,no rag,2
"[1, 0, 0, 0, 0, 0]","[0, 0, 0, 1, 0, 0]","['economic', 'energy', 'none required', 'none', 'mass', 'biophysical']",71,Allocation,original,rag,2
"[1, 0, 0, 0, 0, 0]","[0, 0, 1, 0, 0, 0]","['economic', 'energy', 'none required', 'none', 'mass', 'biophysical']",0,Allocation,original,no rag,2
"[1, 0, 0, 0, 0, 0]","[0, 0, 1, 0, 0, 0]","['economic', 'energy', 'none required', 'none', 'mass', 'biophysical']",0,Allocation,original,rag,3
"[1, 0, 0, 0, 0, 0]","[0, 0, 1, 0, 0, 0]","['economic', 'energy', 'none required', 'none', 'mass', 'biophysical']",2,Allocation,original,no rag,1
"[1, 0, 0, 0, 0, 0]","[0, 0, 1, 0, 0, 0]","['economic', 'energy', 'none required', 'none', 'mass', 'biophysical']",47,Allocation,original,no rag,5
"[1, 0, 0, 0, 0, 0]","[0, 0, 1, 0, 0, 0]","['economic', 'energy', 'none required', 'none', 'mass', 'biophysical']",47,Allocation,original,rag,6
"[1, 0, 0, 0, 0, 0]","[0, 0, 1, 0, 0, 0]","['economic', 'energy', 'none required', 'none', 'mass', 'biophysical']",49,Allocation,original,no rag,1
"[1, 0, 0, 0, 0, 0]","[0, 0, 1, 0, 0, 0]","['economic', 'energy', 'none required', 'none', 'mass', 'biophysical']",60,Allocation,original,no rag,1
"[1, 0, 0, 0, 0, 0]","[0, 0, 1, 0, 0, 0]","['economic', 'energy', 'none required', 'none', 'mass', 'biophysical']",60,Allocation,original,rag,2
"[1, 0, 0, 0, 0, 0]","[0, 0, 1, 0, 0, 0]","['economic', 'energy', 'none required', 'none', 'mass', 'biophysical']",76,Allocation,original,no rag,4
"[1, 0, 0, 0, 0, 0]","[0, 0, 1, 0, 0, 0]","['economic', 'energy', 'none required', 'none', 'mass', 'biophysical']",76,Allocation,original,rag,1
"[1, 0, 0, 0, 0, 0]","[1, 0, 1, 0, 0, 0]","['economic', 'energy', 'none required', 'none', 'mass', 'biophysical']",0,Allocation,original,no rag,1
"[1, 0, 0, 0, 0, 0]","[1, 0, 1, 0, 0, 0]","['economic', 'energy', 'none required', 'none', 'mass', 'biophysical']",11,Allocation,original,no rag,1
"[1, 0, 0, 0, 0, 0]","[1, 0, 1, 0, 0, 0]","['economic', 'energy', 'none required', 'none', 'mass', 'biophysical']",34,Allocation,original,no rag,1
"[1, 0, 0, 0, 0, 1, 0, 0, 0]","[1, 0, 0, 0, 0, 0, 0, 0, 0]","['relative', 'kg FPCM', '1 ha', 'number', 'kg liveweight', 'kg ready-to-cook weight', 'kg cold dressed carcass weight', 'kg', 'kg cold carcass weight']",11,Functional Unit,original,no rag,1
"[1, 0, 0, 0, 0, 1, 0, 0, 0]","[1, 0, 0, 0, 0, 0, 0, 0, 0]","['relative', 'kg FPCM', '1 ha', 'number', 'kg liveweight', 'kg ready-to-cook weight', 'kg cold dressed carcass weight', 'kg', 'kg cold carcass weight']",24,Functional Unit,original,no rag,1
"[1, 0, 0, 0, 0, 1, 0, 0, 0]","[1, 0, 0, 0, 0, 0, 0, 0, 0]","['relative', 'kg FPCM', '1 ha', 'number', 'kg liveweight', 'kg ready-to-cook weight', 'kg cold dressed carcass weight', 'kg', 'kg cold carcass weight']",34,Functional Unit,original,no rag,1
"[1, 0, 0, 0, 1, 0, 0, 0, 0]","[0, 0, 0, 0, 1, 0, 0, 0, 0]","['relative', 'kg FPCM', '1 ha', 'number', 'kg liveweight', 'kg ready-to-cook weight', 'kg cold dressed carcass weight', 'kg', 'kg cold carcass weight']",32,Functional Unit,original,rag,1
"[1, 0, 0, 0, 1, 0, 0, 0, 0]","[0, 0, 0, 0, 1, 0, 0, 0, 0]","['relative', 'kg FPCM', '1 ha', 'number', 'kg liveweight', 'kg ready-to-cook weight', 'kg cold dressed carcass weight', 'kg', 'kg cold carcass weight']",71,Functional Unit,original,rag,1
"[1, 0, 0, 1, 0, 0, 0, 0, 0]","[1, 0, 1, 1, 0, 0, 0, 0, 0]","['relative', 'kg FPCM', '1 ha', 'number', 'kg liveweight', 'kg ready-to-cook weight', 'kg cold dressed carcass weight', 'kg', 'kg cold carcass weight']",21,Functional Unit,standardized,no rag,1
"[1, 0, 1, 0, 0, 0, 0, 1, 1, 1, 0, 0, 0, 0, 0, 0, 0, 1, 0]","[0, 0, 1, 0, 0, 0, 1, 1, 1, 0, 0, 1, 0, 1, 0, 1, 0, 1, 1]","['True_animalFeed', 'True_water', 'True_liveAnimalInput', 'True_electricityFuel', 'True_transport', 'True_pesticideVeterinaryDrug', 'True_seed', 'True_otherChemical', 'True_animalPopulation', 'True_freshForage', 'True_excreta', 'True_product', 'True_waste', 'True_soilAmendment', 'True_operation', 'True_fertiliser', 'True_material', 'True_ingredient', 'True_cropResidue']",53,System Boundary,standardized,rag,1
"[1, 0, 1, 0, 0, 0, 0, 1, 1, 1, 0, 0, 0, 0, 0, 0, 0, 1, 0]","[0, 1, 1, 1, 0, 0, 1, 1, 1, 0, 0, 1, 0, 1, 0, 1, 0, 1, 1]","['True_animalFeed', 'True_water', 'True_liveAnimalInput', 'True_electricityFuel', 'True_transport', 'True_pesticideVeterinaryDrug', 'True_seed', 'True_otherChemical', 'True_animalPopulation', 'True_freshForage', 'True_excreta', 'True_product', 'True_waste', 'True_soilAmendment', 'True_operation', 'True_fertiliser', 'True_material', 'True_ingredient', 'True_cropResidue']",53,System Boundary,standardized,no rag,1
"[1, 0, 1, 0, 0, 0, 0, 1, 1, 1, 0, 0, 0, 0, 0, 0, 0, 1, 0]","[1, 0, 1, 0, 0, 0, 0, 1, 1, 1, 0, 0, 0, 0, 0, 0, 0, 1, 1]","['True_animalFeed', 'True_water', 'True_liveAnimalInput', 'True_electricityFuel', 'True_transport', 'True_pesticideVeterinaryDrug', 'True_seed', 'True_otherChemical', 'True_animalPopulation', 'True_freshForage', 'True_excreta', 'True_product', 'True_waste', 'True_soilAmendment', 'True_operation', 'True_fertiliser', 'True_material', 'True_ingredient', 'True_cropResidue']",53,System Boundary,standardized,no rag,2
"[1, 0, 1, 0, 0, 0, 0, 1, 1, 1, 0, 0, 0, 0, 0, 0, 0, 1, 0]","[1, 0, 1, 0, 0, 0, 0, 1, 1, 1, 0, 0, 0, 0, 0, 0, 0, 1, 1]","['True_animalFeed', 'True_water', 'True_liveAnimalInput', 'True_electricityFuel', 'True_transport', 'True_pesticideVeterinaryDrug', 'True_seed', 'True_otherChemical', 'True_animalPopulation', 'True_freshForage', 'True_excreta', 'True_product', 'True_waste', 'True_soilAmendment', 'True_operation', 'True_fertiliser', 'True_material', 'True_ingredient', 'True_cropResidue']",53,System Boundary,standardized,rag,2
"[1, 0, 1, 0, 0, 0, 0, 1, 1, 1, 0, 0, 0, 0, 0, 0, 0, 1, 0]","[1, 0, 1, 0, 0, 0, 0, 1, 1, 1, 0, 0, 0, 0, 0, 1, 0, 1, 1]","['True_animalFeed', 'True_water', 'True_liveAnimalInput', 'True_electricityFuel', 'True_transport', 'True_pesticideVeterinaryDrug', 'True_seed', 'True_otherChemical', 'True_animalPopulation', 'True_freshForage', 'True_excreta', 'True_product', 'True_waste', 'True_soilAmendment', 'True_operation', 'True_fertiliser', 'True_material', 'True_ingredient', 'True_cropResidue']",53,System Boundary,standardized,no rag,1
"[1, 0, 1, 0, 0, 0, 0, 1, 1, 1, 0, 0, 0, 0, 0, 0, 0, 1, 0]","[1, 0, 1, 0, 0, 0, 0, 1, 1, 1, 0, 1, 0, 1, 0, 1, 0, 1, 1]","['True_animalFeed', 'True_water', 'True_liveAnimalInput', 'True_electricityFuel', 'True_transport', 'True_pesticideVeterinaryDrug', 'True_seed', 'True_otherChemical', 'True_animalPopulation', 'True_freshForage', 'True_excreta', 'True_product', 'True_waste', 'True_soilAmendment', 'True_operation', 'True_fertiliser', 'True_material', 'True_ingredient', 'True_cropResidue']",53,System Boundary,standardized,no rag,1
"[1, 0, 1, 0, 0, 0, 0, 1, 1, 1, 0, 0, 0, 0, 0, 0, 0, 1, 0]","[1, 0, 1, 0, 0, 0, 1, 1, 1, 1, 0, 0, 0, 0, 0, 1, 0, 1, 1]","['True_animalFeed', 'True_water', 'True_liveAnimalInput', 'True_electricityFuel', 'True_transport', 'True_pesticideVeterinaryDrug', 'True_seed', 'True_otherChemical', 'True_animalPopulation', 'True_freshForage', 'True_excreta', 'True_product', 'True_waste', 'True_soilAmendment', 'True_operation', 'True_fertiliser', 'True_material', 'True_ingredient', 'True_cropResidue']",53,System Boundary,standardized,no rag,1
"[1, 0, 1, 0, 0, 0, 0, 1, 1, 1, 0, 0, 0, 0, 0, 0, 0, 1, 0]","[1, 0, 1, 1, 0, 0, 0, 1, 1, 1, 0, 0, 0, 0, 0, 0, 0, 1, 1]","['True_animalFeed', 'True_water', 'True_liveAnimalInput', 'True_electricityFuel', 'True_transport', 'True_pesticideVeterinaryDrug', 'True_seed', 'True_otherChemical', 'True_animalPopulation', 'True_freshForage', 'True_excreta', 'True_product', 'True_waste', 'True_soilAmendment', 'True_operation', 'True_fertiliser', 'True_material', 'True_ingredient', 'True_cropResidue']",53,System Boundary,standardized,rag,1
"[1, 0, 1, 0, 0, 0, 0, 1, 1, 1, 0, 0, 0, 0, 0, 0, 0, 1, 0]","[1, 0, 1, 1, 0, 0, 0, 1, 1, 1, 0, 1, 0, 0, 0, 1, 0, 1, 1]","['True_animalFeed', 'True_water', 'True_liveAnimalInput', 'True_electricityFuel', 'True_transport', 'True_pesticideVeterinaryDrug', 'True_seed', 'True_otherChemical', 'True_animalPopulation', 'True_freshForage', 'True_excreta', 'True_product', 'True_waste', 'True_soilAmendment', 'True_operation', 'True_fertiliser', 'True_material', 'True_ingredient', 'True_cropResidue']",53,System Boundary,standardized,rag,1
"[1, 0, 1, 0, 0, 0, 1, 1, 1, 0, 0, 1, 0, 0, 0, 0, 0, 1, 1]","[1, 0, 1, 0, 0, 0, 0, 0, 1, 1, 0, 0, 0, 0, 0, 0, 0, 1, 1]","['True_animalFeed', 'True_water', 'True_liveAnimalInput', 'True_electricityFuel', 'True_transport', 'True_pesticideVeterinaryDrug', 'True_seed', 'True_otherChemical', 'True_animalPopulation', 'True_freshForage', 'True_excreta', 'True_product', 'True_waste', 'True_soilAmendment', 'True_operation', 'True_fertiliser', 'True_material', 'True_ingredient', 'True_cropResidue']",18,System Boundary,standardized,rag,1
"[1, 0, 1, 0, 0, 0, 1, 1, 1, 0, 0, 1, 0, 0, 0, 0, 0, 1, 1]","[1, 0, 1, 0, 0, 0, 0, 0, 1, 1, 0, 1, 0, 0, 0, 0, 0, 1, 1]","['True_animalFeed', 'True_water', 'True_liveAnimalInput', 'True_electricityFuel', 'True_transport', 'True_pesticideVeterinaryDrug', 'True_seed', 'True_otherChemical', 'True_animalPopulation', 'True_freshForage', 'True_excreta', 'True_product', 'True_waste', 'True_soilAmendment', 'True_operation', 'True_fertiliser', 'True_material', 'True_ingredient', 'True_cropResidue']",18,System Boundary,standardized,no rag,1
"[1, 0, 1, 0, 0, 0, 1, 1, 1, 0, 0, 1, 0, 0, 0, 0, 0, 1, 1]","[1, 0, 1, 0, 0, 0, 0, 1, 1, 1, 0, 0, 0, 0, 0, 0, 0, 1, 1]","['True_animalFeed', 'True_water', 'True_liveAnimalInput', 'True_electricityFuel', 'True_transport', 'True_pesticideVeterinaryDrug', 'True_seed', 'True_otherChemical', 'True_animalPopulation', 'True_freshForage', 'True_excreta', 'True_product', 'True_waste', 'True_soilAmendment', 'True_operation', 'True_fertiliser', 'True_material', 'True_ingredient', 'True_cropResidue']",18,System Boundary,standardized,no rag,1
"[1, 0, 1, 0, 0, 0, 1, 1, 1, 0, 0, 1, 0, 0, 0, 0, 0, 1, 1]","[1, 0, 1, 0, 0, 0, 0, 1, 1, 1, 0, 0, 0, 0, 0, 0, 0, 1, 1]","['True_animalFeed', 'True_water', 'True_liveAnimalInput', 'True_electricityFuel', 'True_transport', 'True_pesticideVeterinaryDrug', 'True_seed', 'True_otherChemical', 'True_animalPopulation', 'True_freshForage', 'True_excreta', 'True_product', 'True_waste', 'True_soilAmendment', 'True_operation', 'True_fertiliser', 'True_material', 'True_ingredient', 'True_cropResidue']",18,System Boundary,standardized,rag,1
"[1, 0, 1, 0, 0, 0, 1, 1, 1, 0, 0, 1, 0, 0, 0, 0, 0, 1, 1]","[1, 0, 1, 0, 0, 0, 0, 1, 1, 1, 0, 1, 0, 0, 0, 0, 0, 1, 1]","['True_animalFeed', 'True_water', 'True_liveAnimalInput', 'True_electricityFuel', 'True_transport', 'True_pesticideVeterinaryDrug', 'True_seed', 'True_otherChemical', 'True_animalPopulation', 'True_freshForage', 'True_excreta', 'True_product', 'True_waste', 'True_soilAmendment', 'True_operation', 'True_fertiliser', 'True_material', 'True_ingredient', 'True_cropResidue']",18,System Boundary,standardized,no rag,5
"[1, 0, 1, 0, 0, 0, 1, 1, 1, 0, 0, 1, 0, 0, 0, 0, 0, 1, 1]","[1, 0, 1, 0, 0, 0, 0, 1, 1, 1, 0, 1, 0, 0, 0, 0, 0, 1, 1]","['True_animalFeed', 'True_water', 'True_liveAnimalInput', 'True_electricityFuel', 'True_transport', 'True_pesticideVeterinaryDrug', 'True_seed', 'True_otherChemical', 'True_animalPopulation', 'True_freshForage', 'True_excreta', 'True_product', 'True_waste', 'True_soilAmendment', 'True_operation', 'True_fertiliser', 'True_material', 'True_ingredient', 'True_cropResidue']",18,System Boundary,standardized,rag,5
"[1, 0, 1, 0, 0, 0, 1, 1, 1, 1, 0, 1, 0, 1, 0, 1, 0, 1, 1]","[0, 0, 1, 0, 0, 0, 1, 1, 1, 0, 0, 1, 0, 1, 0, 1, 0, 1, 1]","['True_animalFeed', 'True_water', 'True_liveAnimalInput', 'True_electricityFuel', 'True_transport', 'True_pesticideVeterinaryDrug', 'True_seed', 'True_otherChemical', 'True_animalPopulation', 'True_freshForage', 'True_excreta', 'True_product', 'True_waste', 'True_soilAmendment', 'True_operation', 'True_fertiliser', 'True_material', 'True_ingredient', 'True_cropResidue']",3,System Boundary,standardized,rag,2
"[1, 0, 1, 0, 0, 0, 1, 1, 1, 1, 0, 1, 0, 1, 0, 1, 0, 1, 1]","[0, 0, 1, 0, 0, 0, 1, 1, 1, 1, 0, 1, 0, 1, 0, 1, 0, 1, 1]","['True_animalFeed', 'True_water', 'True_liveAnimalInput', 'True_electricityFuel', 'True_transport', 'True_pesticideVeterinaryDrug', 'True_seed', 'True_otherChemical', 'True_animalPopulation', 'True_freshForage', 'True_excreta', 'True_product', 'True_waste', 'True_soilAmendment', 'True_operation', 'True_fertiliser', 'True_material', 'True_ingredient', 'True_cropResidue']",3,System Boundary,standardized,no rag,1
"[1, 0, 1, 0, 0, 0, 1, 1, 1, 1, 0, 1, 0, 1, 0, 1, 0, 1, 1]","[0, 0, 1, 0, 0, 0, 1, 1, 1, 1, 0, 1, 0, 1, 0, 1, 0, 1, 1]","['True_animalFeed', 'True_water', 'True_liveAnimalInput', 'True_electricityFuel', 'True_transport', 'True_pesticideVeterinaryDrug', 'True_seed', 'True_otherChemical', 'True_animalPopulation', 'True_freshForage', 'True_excreta', 'True_product', 'True_waste', 'True_soilAmendment', 'True_operation', 'True_fertiliser', 'True_material', 'True_ingredient', 'True_cropResidue']",3,System Boundary,standardized,rag,1
"[1, 0, 1, 0, 0, 0, 1, 1, 1, 1, 0, 1, 0, 1, 0, 1, 0, 1, 1]","[1, 0, 1, 0, 0, 0, 0, 1, 1, 1, 0, 1, 0, 1, 0, 1, 0, 1, 1]","['True_animalFeed', 'True_water', 'True_liveAnimalInput', 'True_electricityFuel', 'True_transport', 'True_pesticideVeterinaryDrug', 'True_seed', 'True_otherChemical', 'True_animalPopulation', 'True_freshForage', 'True_excreta', 'True_product', 'True_waste', 'True_soilAmendment', 'True_operation', 'True_fertiliser', 'True_material', 'True_ingredient', 'True_cropResidue']",3,System Boundary,standardized,no rag,1
"[1, 0, 1, 0, 0, 0, 1, 1, 1, 1, 0, 1, 0, 1, 0, 1, 0, 1, 1]","[1, 0, 1, 0, 0, 0, 1, 1, 1, 0, 0, 1, 0, 1, 0, 1, 0, 1, 1]","['True_animalFeed', 'True_water', 'True_liveAnimalInput', 'True_electricityFuel', 'True_transport', 'True_pesticideVeterinaryDrug', 'True_seed', 'True_otherChemical', 'True_animalPopulation', 'True_freshForage', 'True_excreta', 'True_product', 'True_waste', 'True_soilAmendment', 'True_operation', 'True_fertiliser', 'True_material', 'True_ingredient', 'True_cropResidue']",3,System Boundary,standardized,no rag,1
"[1, 0, 1, 0, 0, 0, 1, 1, 1, 1, 0, 1, 0, 1, 0, 1, 0, 1, 1]","[1, 0, 1, 0, 0, 1, 1, 1, 1, 1, 0, 1, 0, 1, 0, 1, 0, 1, 1]","['True_animalFeed', 'True_water', 'True_liveAnimalInput', 'True_electricityFuel', 'True_transport', 'True_pesticideVeterinaryDrug', 'True_seed', 'True_otherChemical', 'True_animalPopulation', 'True_freshForage', 'True_excreta', 'True_product', 'True_waste', 'True_soilAmendment', 'True_operation', 'True_fertiliser', 'True_material', 'True_ingredient', 'True_cropResidue']",23,System Boundary,original,no rag,6
"[1, 0, 1, 0, 0, 0, 1, 1, 1, 1, 0, 1, 0, 1, 0, 1, 0, 1, 1]","[1, 0, 1, 0, 0, 1, 1, 1, 1, 1, 0, 1, 0, 1, 0, 1, 0, 1, 1]","['True_animalFeed', 'True_water', 'True_liveAnimalInput', 'True_electricityFuel', 'True_transport', 'True_pesticideVeterinaryDrug', 'True_seed', 'True_otherChemical', 'True_animalPopulation', 'True_freshForage', 'True_excreta', 'True_product', 'True_waste', 'True_soilAmendment', 'True_operation', 'True_fertiliser', 'True_material', 'True_ingredient', 'True_cropResidue']",23,System Boundary,original,rag,7
"[1, 0, 1, 0, 0, 0, 1, 1, 1, 1, 0, 1, 0, 1, 0, 1, 0, 1, 1]","[1, 0, 1, 0, 0, 1, 1, 1, 1, 1, 0, 1, 0, 1, 0, 1, 0, 1, 1]","['True_animalFeed', 'True_water', 'True_liveAnimalInput', 'True_electricityFuel', 'True_transport', 'True_pesticideVeterinaryDrug', 'True_seed', 'True_otherChemical', 'True_animalPopulation', 'True_freshForage', 'True_excreta', 'True_product', 'True_waste', 'True_soilAmendment', 'True_operation', 'True_fertiliser', 'True_material', 'True_ingredient', 'True_cropResidue']",67,System Boundary,original,no rag,6
"[1, 0, 1, 0, 0, 0, 1, 1, 1, 1, 0, 1, 0, 1, 0, 1, 0, 1, 1]","[1, 0, 1, 0, 0, 1, 1, 1, 1, 1, 0, 1, 0, 1, 0, 1, 0, 1, 1]","['True_animalFeed', 'True_water', 'True_liveAnimalInput', 'True_electricityFuel', 'True_transport', 'True_pesticideVeterinaryDrug', 'True_seed', 'True_otherChemical', 'True_animalPopulation', 'True_freshForage', 'True_excreta', 'True_product', 'True_waste', 'True_soilAmendment', 'True_operation', 'True_fertiliser', 'True_material', 'True_ingredient', 'True_cropResidue']",67,System Boundary,original,rag,7
"[1, 0, 1, 0, 0, 1, 1, 0, 1, 1, 1, 1, 0, 1, 0, 1, 0, 1, 1]","[1, 0, 1, 0, 0, 1, 1, 0, 1, 1, 1, 0, 0, 1, 0, 1, 0, 1, 1]","['True_animalFeed', 'True_water', 'True_liveAnimalInput', 'True_electricityFuel', 'True_transport', 'True_pesticideVeterinaryDrug', 'True_seed', 'True_otherChemical', 'True_animalPopulation', 'True_freshForage', 'True_excreta', 'True_product', 'True_waste', 'True_soilAmendment', 'True_operation', 'True_fertiliser', 'True_material', 'True_ingredient', 'True_cropResidue']",0,System Boundary,original,rag,1
"[1, 0, 1, 0, 0, 1, 1, 0, 1, 1, 1, 1, 0, 1, 0, 1, 0, 1, 1]","[1, 0, 1, 0, 0, 1, 1, 1, 1, 1, 1, 0, 0, 1, 0, 1, 0, 1, 1]","['True_animalFeed', 'True_water', 'True_liveAnimalInput', 'True_electricityFuel', 'True_transport', 'True_pesticideVeterinaryDrug', 'True_seed', 'True_otherChemical', 'True_animalPopulation', 'True_freshForage', 'True_excreta', 'True_product', 'True_waste', 'True_soilAmendment', 'True_operation', 'True_fertiliser', 'True_material', 'True_ingredient', 'True_cropResidue']",0,System Boundary,original,no rag,1
"[1, 0, 1, 0, 0, 1, 1, 0, 1, 1, 1, 1, 0, 1, 0, 1, 0, 1, 1]","[1, 0, 1, 0, 0, 1, 1, 1, 1, 1, 1, 1, 0, 1, 0, 1, 0, 1, 1]","['True_animalFeed', 'True_water', 'True_liveAnimalInput', 'True_electricityFuel', 'True_transport', 'True_pesticideVeterinaryDrug', 'True_seed', 'True_otherChemical', 'True_animalPopulation', 'True_freshForage', 'True_excreta', 'True_product', 'True_waste', 'True_soilAmendment', 'True_operation', 'True_fertiliser', 'True_material', 'True_ingredient', 'True_cropResidue']",0,System Boundary,original,rag,1
"[1, 0, 1, 0, 0, 1, 1, 0, 1, 1, 1, 1, 0, 1, 0, 1, 0, 1, 1]","[1, 1, 1, 0, 0, 1, 1, 0, 1, 1, 1, 1, 0, 1, 0, 1, 0, 1, 1]","['True_animalFeed', 'True_water', 'True_liveAnimalInput', 'True_electricityFuel', 'True_transport', 'True_pesticideVeterinaryDrug', 'True_seed', 'True_otherChemical', 'True_animalPopulation', 'True_freshForage', 'True_excreta', 'True_product', 'True_waste', 'True_soilAmendment', 'True_operation', 'True_fertiliser', 'True_material', 'True_ingredient', 'True_cropResidue']",0,System Boundary,original,no rag,2
"[1, 0, 1, 0, 0, 1, 1, 0, 1, 1, 1, 1, 0, 1, 0, 1, 0, 1, 1]","[1, 1, 1, 0, 0, 1, 1, 0, 1, 1, 1, 1, 0, 1, 0, 1, 0, 1, 1]","['True_animalFeed', 'True_water', 'True_liveAnimalInput', 'True_electricityFuel', 'True_transport', 'True_pesticideVeterinaryDrug', 'True_seed', 'True_otherChemical', 'True_animalPopulation', 'True_freshForage', 'True_excreta', 'True_product', 'True_waste', 'True_soilAmendment', 'True_operation', 'True_fertiliser', 'True_material', 'True_ingredient', 'True_cropResidue']",0,System Boundary,original,rag,1
"[1, 0, 1, 0, 0, 1, 1, 0, 1, 1, 1, 1, 0, 1, 0, 1, 0, 1, 1]","[1, 1, 1, 0, 0, 1, 1, 1, 1, 1, 1, 0, 0, 1, 0, 1, 0, 1, 1]","['True_animalFeed', 'True_water', 'True_liveAnimalInput', 'True_electricityFuel', 'True_transport', 'True_pesticideVeterinaryDrug', 'True_seed', 'True_otherChemical', 'True_animalPopulation', 'True_freshForage', 'True_excreta', 'True_product', 'True_waste', 'True_soilAmendment', 'True_operation', 'True_fertiliser', 'True_material', 'True_ingredient', 'True_cropResidue']",0,System Boundary,original,no rag,1
"[1, 0, 1, 0, 0, 1, 1, 0, 1, 1, 1, 1, 0, 1, 0, 1, 0, 1, 1]","[1, 1, 1, 0, 0, 1, 1, 1, 1, 1, 1, 1, 0, 1, 0, 1, 0, 1, 1]","['True_animalFeed', 'True_water', 'True_liveAnimalInput', 'True_electricityFuel', 'True_transport', 'True_pesticideVeterinaryDrug', 'True_seed', 'True_otherChemical', 'True_animalPopulation', 'True_freshForage', 'True_excreta', 'True_product', 'True_waste', 'True_soilAmendment', 'True_operation', 'True_fertiliser', 'True_material', 'True_ingredient', 'True_cropResidue']",0,System Boundary,original,no rag,1
"[1, 0, 1, 0, 0, 1, 1, 0, 1, 1, 1, 1, 0, 1, 0, 1, 0, 1, 1]","[1, 1, 1, 0, 0, 1, 1, 1, 1, 1, 1, 1, 0, 1, 0, 1, 0, 1, 1]","['True_animalFeed', 'True_water', 'True_liveAnimalInput', 'True_electricityFuel', 'True_transport', 'True_pesticideVeterinaryDrug', 'True_seed', 'True_otherChemical', 'True_animalPopulation', 'True_freshForage', 'True_excreta', 'True_product', 'True_waste', 'True_soilAmendment', 'True_operation', 'True_fertiliser', 'True_material', 'True_ingredient', 'True_cropResidue']",0,System Boundary,original,rag,1
"[1, 0, 1, 0, 0, 1, 1, 1, 1, 1, 0, 1, 0, 1, 0, 1, 0, 1, 1]","[1, 0, 1, 0, 0, 0, 1, 1, 1, 1, 0, 1, 0, 1, 0, 1, 0, 1, 1]","['True_animalFeed', 'True_water', 'True_liveAnimalInput', 'True_electricityFuel', 'True_transport', 'True_pesticideVeterinaryDrug', 'True_seed', 'True_otherChemical', 'True_animalPopulation', 'True_freshForage', 'True_excreta', 'True_product', 'True_waste', 'True_soilAmendment', 'True_operation', 'True_fertiliser', 'True_material', 'True_ingredient', 'True_cropResidue']",14,System Boundary,standardized,no rag,7
"[1, 0, 1, 0, 0, 1, 1, 1, 1, 1, 0, 1, 0, 1, 0, 1, 0, 1, 1]","[1, 0, 1, 0, 0, 0, 1, 1, 1, 1, 0, 1, 0, 1, 0, 1, 0, 1, 1]","['True_animalFeed', 'True_water', 'True_liveAnimalInput', 'True_electricityFuel', 'True_transport', 'True_pesticideVeterinaryDrug', 'True_seed', 'True_otherChemical', 'True_animalPopulation', 'True_freshForage', 'True_excreta', 'True_product', 'True_waste', 'True_soilAmendment', 'True_operation', 'True_fertiliser', 'True_material', 'True_ingredient', 'True_cropResidue']",14,System Boundary,standardized,rag,7
"[1, 0, 1, 0, 0, 1, 1, 1, 1, 1, 0, 1, 0, 1, 0, 1, 0, 1, 1]","[1, 0, 1, 0, 0, 0, 1, 1, 1, 1, 0, 1, 0, 1, 0, 1, 0, 1, 1]","['True_animalFeed', 'True_water', 'True_liveAnimalInput', 'True_electricityFuel', 'True_transport', 'True_pesticideVeterinaryDrug', 'True_seed', 'True_otherChemical', 'True_animalPopulation', 'True_freshForage', 'True_excreta', 'True_product', 'True_waste', 'True_soilAmendment', 'True_operation', 'True_fertiliser', 'True_material', 'True_ingredient', 'True_cropResidue']",55,System Boundary,original,no rag,1
"[1, 0, 1, 0, 0, 1, 1, 1, 1, 1, 0, 1, 0, 1, 0, 1, 0, 1, 1]","[1, 0, 1, 1, 0, 1, 1, 1, 1, 1, 0, 1, 0, 1, 0, 1, 0, 1, 1]","['True_animalFeed', 'True_water', 'True_liveAnimalInput', 'True_electricityFuel', 'True_transport', 'True_pesticideVeterinaryDrug', 'True_seed', 'True_otherChemical', 'True_animalPopulation', 'True_freshForage', 'True_excreta', 'True_product', 'True_waste', 'True_soilAmendment', 'True_operation', 'True_fertiliser', 'True_material', 'True_ingredient', 'True_cropResidue']",55,System Boundary,original,rag,1
"[1, 0, 1, 0, 1, 0, 0, 1, 1, 1, 0, 1, 0, 1, 0, 0, 0, 1, 0]","[1, 0, 1, 0, 0, 0, 0, 1, 1, 1, 0, 1, 0, 1, 0, 0, 0, 1, 1]","['True_animalFeed', 'True_water', 'True_liveAnimalInput', 'True_electricityFuel', 'True_transport', 'True_pesticideVeterinaryDrug', 'True_seed', 'True_otherChemical', 'True_animalPopulation', 'True_freshForage', 'True_excreta', 'True_product', 'True_waste', 'True_soilAmendment', 'True_operation', 'True_fertiliser', 'True_material', 'True_ingredient', 'True_cropResidue']",32,System Boundary,standardized,rag,1
"[1, 0, 1, 0, 1, 1, 1, 1, 1, 1, 1, 0, 0, 1, 0, 1, 0, 1, 1]","[1, 0, 1, 0, 1, 1, 1, 0, 1, 1, 1, 0, 0, 1, 0, 1, 0, 1, 1]","['True_animalFeed', 'True_water', 'True_liveAnimalInput', 'True_electricityFuel', 'True_transport', 'True_pesticideVeterinaryDrug', 'True_seed', 'True_otherChemical', 'True_animalPopulation', 'True_freshForage', 'True_excreta', 'True_product', 'True_waste', 'True_soilAmendment', 'True_operation', 'True_fertiliser', 'True_material', 'True_ingredient', 'True_cropResidue']",64,System Boundary,standardized,no rag,2
"[1, 0, 1, 0, 1, 1, 1, 1, 1, 1, 1, 0, 0, 1, 0, 1, 0, 1, 1]","[1, 1, 1, 0, 1, 1, 1, 0, 1, 1, 1, 0, 0, 1, 0, 1, 0, 1, 1]","['True_animalFeed', 'True_water', 'True_liveAnimalInput', 'True_electricityFuel', 'True_transport', 'True_pesticideVeterinaryDrug', 'True_seed', 'True_otherChemical', 'True_animalPopulation', 'True_freshForage', 'True_excreta', 'True_product', 'True_waste', 'True_soilAmendment', 'True_operation', 'True_fertiliser', 'True_material', 'True_ingredient', 'True_cropResidue']",64,System Boundary,standardized,rag,1
"[1, 0, 1, 1, 0, 0, 1, 0, 1, 1, 0, 1, 1, 1, 0, 1, 0, 1, 1]","[1, 0, 1, 0, 0, 0, 1, 0, 1, 1, 0, 1, 0, 1, 0, 1, 0, 1, 1]","['True_animalFeed', 'True_water', 'True_liveAnimalInput', 'True_electricityFuel', 'True_transport', 'True_pesticideVeterinaryDrug', 'True_seed', 'True_otherChemical', 'True_animalPopulation', 'True_freshForage', 'True_excreta', 'True_product', 'True_waste', 'True_soilAmendment', 'True_operation', 'True_fertiliser', 'True_material', 'True_ingredient', 'True_cropResidue']",55,System Boundary,standardized,no rag,1
"[1, 0, 1, 1, 0, 0, 1, 0, 1, 1, 0, 1, 1, 1, 0, 1, 0, 1, 1]","[1, 0, 1, 0, 0, 0, 1, 0, 1, 1, 0, 1, 0, 1, 0, 1, 0, 1, 1]","['True_animalFeed', 'True_water', 'True_liveAnimalInput', 'True_electricityFuel', 'True_transport', 'True_pesticideVeterinaryDrug', 'True_seed', 'True_otherChemical', 'True_animalPopulation', 'True_freshForage', 'True_excreta', 'True_product', 'True_waste', 'True_soilAmendment', 'True_operation', 'True_fertiliser', 'True_material', 'True_ingredient', 'True_cropResidue']",55,System Boundary,standardized,rag,1
"[1, 0, 1, 1, 0, 0, 1, 0, 1, 1, 0, 1, 1, 1, 0, 1, 0, 1, 1]","[1, 0, 1, 0, 0, 0, 1, 0, 1, 1, 0, 1, 0, 1, 0, 1, 0, 1, 1]","['True_animalFeed', 'True_water', 'True_liveAnimalInput', 'True_electricityFuel', 'True_transport', 'True_pesticideVeterinaryDrug', 'True_seed', 'True_otherChemical', 'True_animalPopulation', 'True_freshForage', 'True_excreta', 'True_product', 'True_waste', 'True_soilAmendment', 'True_operation', 'True_fertiliser', 'True_material', 'True_ingredient', 'True_cropResidue']",64,System Boundary,original,no rag,1
"[1, 0, 1, 1, 0, 0, 1, 0, 1, 1, 0, 1, 1, 1, 0, 1, 0, 1, 1]","[1, 0, 1, 0, 0, 0, 1, 0, 1, 1, 0, 1, 0, 1, 0, 1, 0, 1, 1]","['True_animalFeed', 'True_water', 'True_liveAnimalInput', 'True_electricityFuel', 'True_transport', 'True_pesticideVeterinaryDrug', 'True_seed', 'True_otherChemical', 'True_animalPopulation', 'True_freshForage', 'True_excreta', 'True_product', 'True_waste', 'True_soilAmendment', 'True_operation', 'True_fertiliser', 'True_material', 'True_ingredient', 'True_cropResidue']",64,System Boundary,original,rag,3
"[1, 0, 1, 1, 0, 0, 1, 0, 1, 1, 0, 1, 1, 1, 0, 1, 0, 1, 1]","[1, 0, 1, 0, 0, 0, 1, 0, 1, 1, 0, 1, 1, 1, 0, 1, 0, 1, 1]","['True_animalFeed', 'True_water', 'True_liveAnimalInput', 'True_electricityFuel', 'True_transport', 'True_pesticideVeterinaryDrug', 'True_seed', 'True_otherChemical', 'True_animalPopulation', 'True_freshForage', 'True_excreta', 'True_product', 'True_waste', 'True_soilAmendment', 'True_operation', 'True_fertiliser', 'True_material', 'True_ingredient', 'True_cropResidue']",64,System Boundary,original,no rag,1
"[1, 0, 1, 1, 0, 0, 1, 0, 1, 1, 0, 1, 1, 1, 0, 1, 0, 1, 1]","[1, 0, 1, 0, 0, 0, 1, 1, 1, 1, 0, 1, 0, 1, 0, 1, 0, 1, 1]","['True_animalFeed', 'True_water', 'True_liveAnimalInput', 'True_electricityFuel', 'True_transport', 'True_pesticideVeterinaryDrug', 'True_seed', 'True_otherChemical', 'True_animalPopulation', 'True_freshForage', 'True_excreta', 'True_product', 'True_waste', 'True_soilAmendment', 'True_operation', 'True_fertiliser', 'True_material', 'True_ingredient', 'True_cropResidue']",47,System Boundary,original,rag,1
"[1, 0, 1, 1, 0, 0, 1, 0, 1, 1, 0, 1, 1, 1, 0, 1, 0, 1, 1]","[1, 0, 1, 0, 0, 1, 1, 0, 1, 1, 0, 1, 0, 1, 0, 1, 0, 1, 1]","['True_animalFeed', 'True_water', 'True_liveAnimalInput', 'True_electricityFuel', 'True_transport', 'True_pesticideVeterinaryDrug', 'True_seed', 'True_otherChemical', 'True_animalPopulation', 'True_freshForage', 'True_excreta', 'True_product', 'True_waste', 'True_soilAmendment', 'True_operation', 'True_fertiliser', 'True_material', 'True_ingredient', 'True_cropResidue']",47,System Boundary,original,no rag,1
"[1, 0, 1, 1, 0, 0, 1, 0, 1, 1, 0, 1, 1, 1, 0, 1, 0, 1, 1]","[1, 0, 1, 1, 0, 0, 1, 0, 1, 1, 0, 1, 0, 1, 0, 1, 0, 1, 1]","['True_animalFeed', 'True_water', 'True_liveAnimalInput', 'True_electricityFuel', 'True_transport', 'True_pesticideVeterinaryDrug', 'True_seed', 'True_otherChemical', 'True_animalPopulation', 'True_freshForage', 'True_excreta', 'True_product', 'True_waste', 'True_soilAmendment', 'True_operation', 'True_fertiliser', 'True_material', 'True_ingredient', 'True_cropResidue']",47,System Boundary,original,rag,2
"[1, 0, 1, 1, 0, 0, 1, 0, 1, 1, 0, 1, 1, 1, 0, 1, 0, 1, 1]","[1, 0, 1, 1, 0, 0, 1, 0, 1, 1, 0, 1, 0, 1, 0, 1, 0, 1, 1]","['True_animalFeed', 'True_water', 'True_liveAnimalInput', 'True_electricityFuel', 'True_transport', 'True_pesticideVeterinaryDrug', 'True_seed', 'True_otherChemical', 'True_animalPopulation', 'True_freshForage', 'True_excreta', 'True_product', 'True_waste', 'True_soilAmendment', 'True_operation', 'True_fertiliser', 'True_material', 'True_ingredient', 'True_cropResidue']",55,System Boundary,standardized,rag,1
"[1, 0, 1, 1, 0, 0, 1, 0, 1, 1, 0, 1, 1, 1, 0, 1, 0, 1, 1]","[1, 0, 1, 1, 0, 0, 1, 0, 1, 1, 0, 1, 0, 1, 0, 1, 0, 1, 1]","['True_animalFeed', 'True_water', 'True_liveAnimalInput', 'True_electricityFuel', 'True_transport', 'True_pesticideVeterinaryDrug', 'True_seed', 'True_otherChemical', 'True_animalPopulation', 'True_freshForage', 'True_excreta', 'True_product', 'True_waste', 'True_soilAmendment', 'True_operation', 'True_fertiliser', 'True_material', 'True_ingredient', 'True_cropResidue']",64,System Boundary,original,rag,1
"[1, 0, 1, 1, 0, 0, 1, 1, 1, 0, 0, 0, 0, 0, 0, 1, 0, 1, 1]","[0, 0, 1, 1, 0, 0, 1, 1, 1, 0, 0, 0, 0, 0, 0, 1, 0, 1, 1]","['True_animalFeed', 'True_water', 'True_liveAnimalInput', 'True_electricityFuel', 'True_transport', 'True_pesticideVeterinaryDrug', 'True_seed', 'True_otherChemical', 'True_animalPopulation', 'True_freshForage', 'True_excreta', 'True_product', 'True_waste', 'True_soilAmendment', 'True_operation', 'True_fertiliser', 'True_material', 'True_ingredient', 'True_cropResidue']",77,System Boundary,standardized,no rag,1
"[1, 0, 1, 1, 0, 0, 1, 1, 1, 0, 0, 0, 0, 0, 0, 1, 0, 1, 1]","[1, 0, 1, 0, 0, 0, 0, 1, 1, 1, 0, 0, 0, 0, 0, 0, 0, 1, 1]","['True_animalFeed', 'True_water', 'True_liveAnimalInput', 'True_electricityFuel', 'True_transport', 'True_pesticideVeterinaryDrug', 'True_seed', 'True_otherChemical', 'True_animalPopulation', 'True_freshForage', 'True_excreta', 'True_product', 'True_waste', 'True_soilAmendment', 'True_operation', 'True_fertiliser', 'True_material', 'True_ingredient', 'True_cropResidue']",77,System Boundary,standardized,no rag,1
"[1, 0, 1, 1, 0, 0, 1, 1, 1, 0, 0, 0, 0, 0, 0, 1, 0, 1, 1]","[1, 0, 1, 1, 0, 0, 0, 1, 1, 0, 0, 0, 0, 0, 0, 1, 0, 1, 1]","['True_animalFeed', 'True_water', 'True_liveAnimalInput', 'True_electricityFuel', 'True_transport', 'True_pesticideVeterinaryDrug', 'True_seed', 'True_otherChemical', 'True_animalPopulation', 'True_freshForage', 'True_excreta', 'True_product', 'True_waste', 'True_soilAmendment', 'True_operation', 'True_fertiliser', 'True_material', 'True_ingredient', 'True_cropResidue']",77,System Boundary,standardized,no rag,1
"[1, 0, 1, 1, 0, 0, 1, 1, 1, 0, 0, 0, 0, 0, 0, 1, 0, 1, 1]","[1, 0, 1, 1, 0, 0, 1, 1, 1, 0, 0, 0, 0, 0, 0, 0, 0, 1, 1]","['True_animalFeed', 'True_water', 'True_liveAnimalInput', 'True_electricityFuel', 'True_transport', 'True_pesticideVeterinaryDrug', 'True_seed', 'True_otherChemical', 'True_animalPopulation', 'True_freshForage', 'True_excreta', 'True_product', 'True_waste', 'True_soilAmendment', 'True_operation', 'True_fertiliser', 'True_material', 'True_ingredient', 'True_cropResidue']",77,System Boundary,standardized,rag,1
"[1, 0, 1, 1, 0, 0, 1, 1, 1, 0, 0, 0, 0, 0, 0, 1, 0, 1, 1]","[1, 0, 1, 1, 0, 0, 1, 1, 1, 0, 0, 0, 0, 1, 0, 0, 0, 1, 1]","['True_animalFeed', 'True_water', 'True_liveAnimalInput', 'True_electricityFuel', 'True_transport', 'True_pesticideVeterinaryDrug', 'True_seed', 'True_otherChemical', 'True_animalPopulation', 'True_freshForage', 'True_excreta', 'True_product', 'True_waste', 'True_soilAmendment', 'True_operation', 'True_fertiliser', 'True_material', 'True_ingredient', 'True_cropResidue']",77,System Boundary,standardized,rag,1
"[1, 0, 1, 1, 0, 0, 1, 1, 1, 0, 0, 0, 0, 0, 0, 1, 0, 1, 1]","[1, 0, 1, 1, 0, 0, 1, 1, 1, 1, 0, 0, 0, 0, 0, 1, 0, 1, 1]","['True_animalFeed', 'True_water', 'True_liveAnimalInput', 'True_electricityFuel', 'True_transport', 'True_pesticideVeterinaryDrug', 'True_seed', 'True_otherChemical', 'True_animalPopulation', 'True_freshForage', 'True_excreta', 'True_product', 'True_waste', 'True_soilAmendment', 'True_operation', 'True_fertiliser', 'True_material', 'True_ingredient', 'True_cropResidue']",77,System Boundary,standardized,no rag,1
"[1, 0, 1, 1, 0, 0, 1, 1, 1, 0, 0, 0, 0, 0, 0, 1, 0, 1, 1]","[1, 0, 1, 1, 0, 0, 1, 1, 1, 1, 0, 0, 0, 1, 0, 1, 0, 1, 1]","['True_animalFeed', 'True_water', 'True_liveAnimalInput', 'True_electricityFuel', 'True_transport', 'True_pesticideVeterinaryDrug', 'True_seed', 'True_otherChemical', 'True_animalPopulation', 'True_freshForage', 'True_excreta', 'True_product', 'True_waste', 'True_soilAmendment', 'True_operation', 'True_fertiliser', 'True_material', 'True_ingredient', 'True_cropResidue']",77,System Boundary,standardized,rag,2
"[1, 0, 1, 1, 0, 0, 1, 1, 1, 1, 0, 1, 0, 1, 0, 1, 0, 1, 1]","[1, 1, 1, 1, 0, 0, 1, 1, 1, 1, 0, 1, 0, 1, 0, 1, 0, 1, 1]","['True_animalFeed', 'True_water', 'True_liveAnimalInput', 'True_electricityFuel', 'True_transport', 'True_pesticideVeterinaryDrug', 'True_seed', 'True_otherChemical', 'True_animalPopulation', 'True_freshForage', 'True_excreta', 'True_product', 'True_waste', 'True_soilAmendment', 'True_operation', 'True_fertiliser', 'True_material', 'True_ingredient', 'True_cropResidue']",84,System Boundary,original,no rag,2
"[1, 0, 1, 1, 0, 1, 1, 1, 1, 0, 0, 1, 0, 1, 1, 1, 0, 1, 0]","[1, 0, 1, 1, 0, 1, 1, 1, 1, 1, 0, 1, 0, 1, 1, 1, 0, 1, 0]","['True_animalFeed', 'True_water', 'True_liveAnimalInput', 'True_electricityFuel', 'True_transport', 'True_pesticideVeterinaryDrug', 'True_seed', 'True_otherChemical', 'True_animalPopulation', 'True_freshForage', 'True_excreta', 'True_product', 'True_waste', 'True_soilAmendment', 'True_operation', 'True_fertiliser', 'True_material', 'True_ingredient', 'True_cropResidue']",17,System Boundary,standardized,no rag,1
"[1, 0, 1, 1, 0, 1, 1, 1, 1, 0, 0, 1, 0, 1, 1, 1, 0, 1, 0]","[1, 0, 1, 1, 0, 1, 1, 1, 1, 1, 0, 1, 0, 1, 1, 1, 0, 1, 0]","['True_animalFeed', 'True_water', 'True_liveAnimalInput', 'True_electricityFuel', 'True_transport', 'True_pesticideVeterinaryDrug', 'True_seed', 'True_otherChemical', 'True_animalPopulation', 'True_freshForage', 'True_excreta', 'True_product', 'True_waste', 'True_soilAmendment', 'True_operation', 'True_fertiliser', 'True_material', 'True_ingredient', 'True_cropResidue']",68,System Boundary,standardized,no rag,1
"[1, 0, 1, 1, 0, 1, 1, 1, 1, 1, 0, 1, 0, 1, 1, 1, 0, 1, 1]","[0, 1, 1, 1, 0, 0, 1, 1, 1, 1, 0, 0, 0, 1, 0, 1, 0, 1, 1]","['True_animalFeed', 'True_water', 'True_liveAnimalInput', 'True_electricityFuel', 'True_transport', 'True_pesticideVeterinaryDrug', 'True_seed', 'True_otherChemical', 'True_animalPopulation', 'True_freshForage', 'True_excreta', 'True_product', 'True_waste', 'True_soilAmendment', 'True_operation', 'True_fertiliser', 'True_material', 'True_ingredient', 'True_cropResidue']",21,System Boundary,standardized,rag,1
"[1, 0, 1, 1, 0, 1, 1, 1, 1, 1, 0, 1, 0, 1, 1, 1, 0, 1, 1]","[1, 0, 1, 1, 0, 1, 1, 1, 1, 1, 0, 1, 0, 1, 1, 1, 0, 1, 0]","['True_animalFeed', 'True_water', 'True_liveAnimalInput', 'True_electricityFuel', 'True_transport', 'True_pesticideVeterinaryDrug', 'True_seed', 'True_otherChemical', 'True_animalPopulation', 'True_freshForage', 'True_excreta', 'True_product', 'True_waste', 'True_soilAmendment', 'True_operation', 'True_fertiliser', 'True_material', 'True_ingredient', 'True_cropResidue']",21,System Boundary,standardized,no rag,6
"[1, 0, 1, 1, 0, 1, 1, 1, 1, 1, 0, 1, 0, 1, 1, 1, 0, 1, 1]","[1, 0, 1, 1, 0, 1, 1, 1, 1, 1, 0, 1, 0, 1, 1, 1, 0, 1, 0]","['True_animalFeed', 'True_water', 'True_liveAnimalInput', 'True_electricityFuel', 'True_transport', 'True_pesticideVeterinaryDrug', 'True_seed', 'True_otherChemical', 'True_animalPopulation', 'True_freshForage', 'True_excreta', 'True_product', 'True_waste', 'True_soilAmendment', 'True_operation', 'True_fertiliser', 'True_material', 'True_ingredient', 'True_cropResidue']",21,System Boundary,standardized,rag,4
"[1, 0, 1, 1, 0, 1, 1, 1, 1, 1, 1, 1, 0, 1, 0, 1, 0, 1, 1]","[1, 0, 0, 0, 0, 0, 0, 1, 0, 1, 0, 1, 0, 1, 0, 1, 0, 1, 1]","['True_animalFeed', 'True_water', 'True_liveAnimalInput', 'True_electricityFuel', 'True_transport', 'True_pesticideVeterinaryDrug', 'True_seed', 'True_otherChemical', 'True_animalPopulation', 'True_freshForage', 'True_excreta', 'True_product', 'True_waste', 'True_soilAmendment', 'True_operation', 'True_fertiliser', 'True_material', 'True_ingredient', 'True_cropResidue']",32,System Boundary,original,rag,1
"[1, 0, 1, 1, 0, 1, 1, 1, 1, 1, 1, 1, 0, 1, 0, 1, 0, 1, 1]","[1, 0, 0, 0, 0, 0, 1, 1, 0, 1, 0, 1, 0, 1, 0, 1, 0, 1, 1]","['True_animalFeed', 'True_water', 'True_liveAnimalInput', 'True_electricityFuel', 'True_transport', 'True_pesticideVeterinaryDrug', 'True_seed', 'True_otherChemical', 'True_animalPopulation', 'True_freshForage', 'True_excreta', 'True_product', 'True_waste', 'True_soilAmendment', 'True_operation', 'True_fertiliser', 'True_material', 'True_ingredient', 'True_cropResidue']",32,System Boundary,original,no rag,1
"[1, 0, 1, 1, 0, 1, 1, 1, 1, 1, 1, 1, 0, 1, 0, 1, 0, 1, 1]","[1, 0, 0, 0, 0, 0, 1, 1, 0, 1, 0, 1, 0, 1, 0, 1, 0, 1, 1]","['True_animalFeed', 'True_water', 'True_liveAnimalInput', 'True_electricityFuel', 'True_transport', 'True_pesticideVeterinaryDrug', 'True_seed', 'True_otherChemical', 'True_animalPopulation', 'True_freshForage', 'True_excreta', 'True_product', 'True_waste', 'True_soilAmendment', 'True_operation', 'True_fertiliser', 'True_material', 'True_ingredient', 'True_cropResidue']",32,System Boundary,original,rag,1
"[1, 0, 1, 1, 0, 1, 1, 1, 1, 1, 1, 1, 0, 1, 0, 1, 0, 1, 1]","[1, 0, 0, 0, 0, 0, 1, 1, 1, 0, 0, 1, 0, 1, 0, 1, 0, 1, 1]","['True_animalFeed', 'True_water', 'True_liveAnimalInput', 'True_electricityFuel', 'True_transport', 'True_pesticideVeterinaryDrug', 'True_seed', 'True_otherChemical', 'True_animalPopulation', 'True_freshForage', 'True_excreta', 'True_product', 'True_waste', 'True_soilAmendment', 'True_operation', 'True_fertiliser', 'True_material', 'True_ingredient', 'True_cropResidue']",32,System Boundary,original,no rag,2
"[1, 0, 1, 1, 0, 1, 1, 1, 1, 1, 1, 1, 0, 1, 0, 1, 0, 1, 1]","[1, 0, 0, 0, 0, 0, 1, 1, 1, 1, 0, 1, 0, 1, 0, 1, 0, 1, 1]","['True_animalFeed', 'True_water', 'True_liveAnimalInput', 'True_electricityFuel', 'True_transport', 'True_pesticideVeterinaryDrug', 'True_seed', 'True_otherChemical', 'True_animalPopulation', 'True_freshForage', 'True_excreta', 'True_product', 'True_waste', 'True_soilAmendment', 'True_operation', 'True_fertiliser', 'True_material', 'True_ingredient', 'True_cropResidue']",32,System Boundary,original,no rag,3
"[1, 0, 1, 1, 0, 1, 1, 1, 1, 1, 1, 1, 0, 1, 0, 1, 0, 1, 1]","[1, 0, 0, 0, 0, 0, 1, 1, 1, 1, 0, 1, 0, 1, 0, 1, 0, 1, 1]","['True_animalFeed', 'True_water', 'True_liveAnimalInput', 'True_electricityFuel', 'True_transport', 'True_pesticideVeterinaryDrug', 'True_seed', 'True_otherChemical', 'True_animalPopulation', 'True_freshForage', 'True_excreta', 'True_product', 'True_waste', 'True_soilAmendment', 'True_operation', 'True_fertiliser', 'True_material', 'True_ingredient', 'True_cropResidue']",32,System Boundary,original,rag,2
"[1, 0, 1, 1, 0, 1, 1, 1, 1, 1, 1, 1, 0, 1, 0, 1, 0, 1, 1]","[1, 0, 0, 1, 0, 0, 1, 1, 1, 1, 0, 1, 0, 1, 0, 1, 0, 1, 1]","['True_animalFeed', 'True_water', 'True_liveAnimalInput', 'True_electricityFuel', 'True_transport', 'True_pesticideVeterinaryDrug', 'True_seed', 'True_otherChemical', 'True_animalPopulation', 'True_freshForage', 'True_excreta', 'True_product', 'True_waste', 'True_soilAmendment', 'True_operation', 'True_fertiliser', 'True_material', 'True_ingredient', 'True_cropResidue']",32,System Boundary,original,rag,1
"[1, 0, 1, 1, 0, 1, 1, 1, 1, 1, 1, 1, 0, 1, 0, 1, 0, 1, 1]","[1, 0, 1, 0, 0, 0, 0, 1, 1, 1, 0, 1, 0, 1, 0, 1, 0, 1, 1]","['True_animalFeed', 'True_water', 'True_liveAnimalInput', 'True_electricityFuel', 'True_transport', 'True_pesticideVeterinaryDrug', 'True_seed', 'True_otherChemical', 'True_animalPopulation', 'True_freshForage', 'True_excreta', 'True_product', 'True_waste', 'True_soilAmendment', 'True_operation', 'True_fertiliser', 'True_material', 'True_ingredient', 'True_cropResidue']",5,System Boundary,standardized,no rag,1
"[1, 0, 1, 1, 0, 1, 1, 1, 1, 1, 1, 1, 0, 1, 0, 1, 0, 1, 1]","[1, 0, 1, 0, 0, 0, 1, 1, 0, 1, 0, 1, 0, 1, 0, 1, 0, 1, 1]","['True_animalFeed', 'True_water', 'True_liveAnimalInput', 'True_electricityFuel', 'True_transport', 'True_pesticideVeterinaryDrug', 'True_seed', 'True_otherChemical', 'True_animalPopulation', 'True_freshForage', 'True_excreta', 'True_product', 'True_waste', 'True_soilAmendment', 'True_operation', 'True_fertiliser', 'True_material', 'True_ingredient', 'True_cropResidue']",32,System Boundary,original,rag,1
"[1, 0, 1, 1, 0, 1, 1, 1, 1, 1, 1, 1, 0, 1, 0, 1, 0, 1, 1]","[1, 0, 1, 0, 0, 0, 1, 1, 1, 1, 0, 1, 0, 1, 0, 1, 0, 1, 1]","['True_animalFeed', 'True_water', 'True_liveAnimalInput', 'True_electricityFuel', 'True_transport', 'True_pesticideVeterinaryDrug', 'True_seed', 'True_otherChemical', 'True_animalPopulation', 'True_freshForage', 'True_excreta', 'True_product', 'True_waste', 'True_soilAmendment', 'True_operation', 'True_fertiliser', 'True_material', 'True_ingredient', 'True_cropResidue']",32,System Boundary,original,no rag,1
"[1, 0, 1, 1, 0, 1, 1, 1, 1, 1, 1, 1, 0, 1, 0, 1, 0, 1, 1]","[1, 0, 1, 0, 0, 1, 1, 1, 1, 1, 0, 1, 0, 1, 0, 1, 0, 1, 1]","['True_animalFeed', 'True_water', 'True_liveAnimalInput', 'True_electricityFuel', 'True_transport', 'True_pesticideVeterinaryDrug', 'True_seed', 'True_otherChemical', 'True_animalPopulation', 'True_freshForage', 'True_excreta', 'True_product', 'True_waste', 'True_soilAmendment', 'True_operation', 'True_fertiliser', 'True_material', 'True_ingredient', 'True_cropResidue']",5,System Boundary,standardized,no rag,1
"[1, 0, 1, 1, 0, 1, 1, 1, 1, 1, 1, 1, 0, 1, 0, 1, 0, 1, 1]","[1, 0, 1, 0, 0, 1, 1, 1, 1, 1, 0, 1, 0, 1, 0, 1, 0, 1, 1]","['True_animalFeed', 'True_water', 'True_liveAnimalInput', 'True_electricityFuel', 'True_transport', 'True_pesticideVeterinaryDrug', 'True_seed', 'True_otherChemical', 'True_animalPopulation', 'True_freshForage', 'True_excreta', 'True_product', 'True_waste', 'True_soilAmendment', 'True_operation', 'True_fertiliser', 'True_material', 'True_ingredient', 'True_cropResidue']",5,System Boundary,standardized,rag,1
"[1, 0, 1, 1, 0, 1, 1, 1, 1, 1, 1, 1, 0, 1, 0, 1, 0, 1, 1]","[1, 0, 1, 1, 0, 0, 0, 1, 1, 1, 0, 1, 0, 1, 0, 0, 0, 1, 1]","['True_animalFeed', 'True_water', 'True_liveAnimalInput', 'True_electricityFuel', 'True_transport', 'True_pesticideVeterinaryDrug', 'True_seed', 'True_otherChemical', 'True_animalPopulation', 'True_freshForage', 'True_excreta', 'True_product', 'True_waste', 'True_soilAmendment', 'True_operation', 'True_fertiliser', 'True_material', 'True_ingredient', 'True_cropResidue']",5,System Boundary,standardized,no rag,1
"[1, 0, 1, 1, 0, 1, 1, 1, 1, 1, 1, 1, 0, 1, 0, 1, 0, 1, 1]","[1, 0, 1, 1, 0, 0, 0, 1, 1, 1, 0, 1, 0, 1, 0, 1, 0, 1, 1]","['True_animalFeed', 'True_water', 'True_liveAnimalInput', 'True_electricityFuel', 'True_transport', 'True_pesticideVeterinaryDrug', 'True_seed', 'True_otherChemical', 'True_animalPopulation', 'True_freshForage', 'True_excreta', 'True_product', 'True_waste', 'True_soilAmendment', 'True_operation', 'True_fertiliser', 'True_material', 'True_ingredient', 'True_cropResidue']",5,System Boundary,standardized,rag,1
"[1, 0, 1, 1, 0, 1, 1, 1, 1, 1, 1, 1, 0, 1, 0, 1, 0, 1, 1]","[1, 0, 1, 1, 0, 0, 1, 1, 1, 0, 0, 1, 0, 1, 0, 1, 0, 1, 1]","['True_animalFeed', 'True_water', 'True_liveAnimalInput', 'True_electricityFuel', 'True_transport', 'True_pesticideVeterinaryDrug', 'True_seed', 'True_otherChemical', 'True_animalPopulation', 'True_freshForage', 'True_excreta', 'True_product', 'True_waste', 'True_soilAmendment', 'True_operation', 'True_fertiliser', 'True_material', 'True_ingredient', 'True_cropResidue']",32,System Boundary,original,rag,1
"[1, 0, 1, 1, 0, 1, 1, 1, 1, 1, 1, 1, 0, 1, 0, 1, 0, 1, 1]","[1, 0, 1, 1, 0, 0, 1, 1, 1, 1, 0, 1, 0, 1, 0, 1, 0, 1, 1]","['True_animalFeed', 'True_water', 'True_liveAnimalInput', 'True_electricityFuel', 'True_transport', 'True_pesticideVeterinaryDrug', 'True_seed', 'True_otherChemical', 'True_animalPopulation', 'True_freshForage', 'True_excreta', 'True_product', 'True_waste', 'True_soilAmendment', 'True_operation', 'True_fertiliser', 'True_material', 'True_ingredient', 'True_cropResidue']",5,System Boundary,standardized,rag,2
"[1, 0, 1, 1, 0, 1, 1, 1, 1, 1, 1, 1, 0, 1, 0, 1, 0, 1, 1]","[1, 0, 1, 1, 0, 1, 1, 1, 1, 1, 0, 1, 0, 1, 0, 1, 0, 1, 1]","['True_animalFeed', 'True_water', 'True_liveAnimalInput', 'True_electricityFuel', 'True_transport', 'True_pesticideVeterinaryDrug', 'True_seed', 'True_otherChemical', 'True_animalPopulation', 'True_freshForage', 'True_excreta', 'True_product', 'True_waste', 'True_soilAmendment', 'True_operation', 'True_fertiliser', 'True_material', 'True_ingredient', 'True_cropResidue']",5,System Boundary,standardized,no rag,1
"[1, 0, 1, 1, 0, 1, 1, 1, 1, 1, 1, 1, 0, 1, 0, 1, 0, 1, 1]","[1, 0, 1, 1, 0, 1, 1, 1, 1, 1, 0, 1, 0, 1, 0, 1, 0, 1, 1]","['True_animalFeed', 'True_water', 'True_liveAnimalInput', 'True_electricityFuel', 'True_transport', 'True_pesticideVeterinaryDrug', 'True_seed', 'True_otherChemical', 'True_animalPopulation', 'True_freshForage', 'True_excreta', 'True_product', 'True_waste', 'True_soilAmendment', 'True_operation', 'True_fertiliser', 'True_material', 'True_ingredient', 'True_cropResidue']",5,System Boundary,standardized,rag,1
"[1, 0, 1, 1, 0, 1, 1, 1, 1, 1, 1, 1, 0, 1, 0, 1, 0, 1, 1]","[1, 1, 0, 1, 0, 1, 1, 1, 1, 1, 0, 1, 0, 1, 0, 1, 0, 1, 1]","['True_animalFeed', 'True_water', 'True_liveAnimalInput', 'True_electricityFuel', 'True_transport', 'True_pesticideVeterinaryDrug', 'True_seed', 'True_otherChemical', 'True_animalPopulation', 'True_freshForage', 'True_excreta', 'True_product', 'True_waste', 'True_soilAmendment', 'True_operation', 'True_fertiliser', 'True_material', 'True_ingredient', 'True_cropResidue']",5,System Boundary,standardized,no rag,1
"[1, 0, 1, 1, 0, 1, 1, 1, 1, 1, 1, 1, 0, 1, 0, 1, 0, 1, 1]","[1, 1, 1, 0, 0, 0, 1, 1, 1, 1, 0, 1, 0, 1, 0, 1, 0, 1, 1]","['True_animalFeed', 'True_water', 'True_liveAnimalInput', 'True_electricityFuel', 'True_transport', 'True_pesticideVeterinaryDrug', 'True_seed', 'True_otherChemical', 'True_animalPopulation', 'True_freshForage', 'True_excreta', 'True_product', 'True_waste', 'True_soilAmendment', 'True_operation', 'True_fertiliser', 'True_material', 'True_ingredient', 'True_cropResidue']",5,System Boundary,standardized,rag,1
"[1, 0, 1, 1, 0, 1, 1, 1, 1, 1, 1, 1, 0, 1, 0, 1, 0, 1, 1]","[1, 1, 1, 1, 0, 0, 1, 1, 1, 1, 0, 1, 0, 1, 0, 1, 0, 1, 1]","['True_animalFeed', 'True_water', 'True_liveAnimalInput', 'True_electricityFuel', 'True_transport', 'True_pesticideVeterinaryDrug', 'True_seed', 'True_otherChemical', 'True_animalPopulation', 'True_freshForage', 'True_excreta', 'True_product', 'True_waste', 'True_soilAmendment', 'True_operation', 'True_fertiliser', 'True_material', 'True_ingredient', 'True_cropResidue']",5,System Boundary,standardized,no rag,2
"[1, 0, 1, 1, 0, 1, 1, 1, 1, 1, 1, 1, 0, 1, 0, 1, 0, 1, 1]","[1, 1, 1, 1, 0, 0, 1, 1, 1, 1, 1, 1, 0, 1, 0, 1, 0, 1, 1]","['True_animalFeed', 'True_water', 'True_liveAnimalInput', 'True_electricityFuel', 'True_transport', 'True_pesticideVeterinaryDrug', 'True_seed', 'True_otherChemical', 'True_animalPopulation', 'True_freshForage', 'True_excreta', 'True_product', 'True_waste', 'True_soilAmendment', 'True_operation', 'True_fertiliser', 'True_material', 'True_ingredient', 'True_cropResidue']",5,System Boundary,standardized,rag,1
"[1, 0, 1, 1, 1, 0, 0, 1, 1, 1, 0, 1, 0, 0, 1, 0, 0, 1, 0]","[0, 0, 1, 1, 1, 0, 0, 1, 1, 0, 0, 1, 0, 0, 1, 0, 0, 1, 0]","['True_animalFeed', 'True_water', 'True_liveAnimalInput', 'True_electricityFuel', 'True_transport', 'True_pesticideVeterinaryDrug', 'True_seed', 'True_otherChemical', 'True_animalPopulation', 'True_freshForage', 'True_excreta', 'True_product', 'True_waste', 'True_soilAmendment', 'True_operation', 'True_fertiliser', 'True_material', 'True_ingredient', 'True_cropResidue']",75,System Boundary,standardized,no rag,7
"[1, 0, 1, 1, 1, 0, 0, 1, 1, 1, 0, 1, 0, 0, 1, 0, 0, 1, 0]","[0, 0, 1, 1, 1, 0, 0, 1, 1, 0, 0, 1, 0, 0, 1, 0, 0, 1, 0]","['True_animalFeed', 'True_water', 'True_liveAnimalInput', 'True_electricityFuel', 'True_transport', 'True_pesticideVeterinaryDrug', 'True_seed', 'True_otherChemical', 'True_animalPopulation', 'True_freshForage', 'True_excreta', 'True_product', 'True_waste', 'True_soilAmendment', 'True_operation', 'True_fertiliser', 'True_material', 'True_ingredient', 'True_cropResidue']",75,System Boundary,standardized,rag,7
"[1, 0, 1, 1, 1, 0, 1, 1, 1, 0, 1, 1, 0, 1, 0, 1, 0, 1, 1]","[0, 1, 1, 0, 1, 0, 1, 1, 1, 0, 0, 1, 0, 1, 0, 1, 0, 1, 1]","['True_animalFeed', 'True_water', 'True_liveAnimalInput', 'True_electricityFuel', 'True_transport', 'True_pesticideVeterinaryDrug', 'True_seed', 'True_otherChemical', 'True_animalPopulation', 'True_freshForage', 'True_excreta', 'True_product', 'True_waste', 'True_soilAmendment', 'True_operation', 'True_fertiliser', 'True_material', 'True_ingredient', 'True_cropResidue']",50,System Boundary,original,no rag,1
"[1, 0, 1, 1, 1, 0, 1, 1, 1, 0, 1, 1, 0, 1, 0, 1, 0, 1, 1]","[1, 0, 1, 1, 0, 0, 1, 1, 1, 0, 1, 1, 0, 1, 0, 1, 0, 1, 1]","['True_animalFeed', 'True_water', 'True_liveAnimalInput', 'True_electricityFuel', 'True_transport', 'True_pesticideVeterinaryDrug', 'True_seed', 'True_otherChemical', 'True_animalPopulation', 'True_freshForage', 'True_excreta', 'True_product', 'True_waste', 'True_soilAmendment', 'True_operation', 'True_fertiliser', 'True_material', 'True_ingredient', 'True_cropResidue']",50,System Boundary,original,no rag,1
"[1, 0, 1, 1, 1, 0, 1, 1, 1, 0, 1, 1, 0, 1, 0, 1, 0, 1, 1]","[1, 0, 1, 1, 0, 0, 1, 1, 1, 0, 1, 1, 0, 1, 0, 1, 0, 1, 1]","['True_animalFeed', 'True_water', 'True_liveAnimalInput', 'True_electricityFuel', 'True_transport', 'True_pesticideVeterinaryDrug', 'True_seed', 'True_otherChemical', 'True_animalPopulation', 'True_freshForage', 'True_excreta', 'True_product', 'True_waste', 'True_soilAmendment', 'True_operation', 'True_fertiliser', 'True_material', 'True_ingredient', 'True_cropResidue']",50,System Boundary,original,rag,1
"[1, 0, 1, 1, 1, 0, 1, 1, 1, 0, 1, 1, 0, 1, 0, 1, 0, 1, 1]","[1, 1, 1, 1, 0, 0, 1, 1, 1, 0, 1, 1, 0, 1, 0, 1, 0, 1, 1]","['True_animalFeed', 'True_water', 'True_liveAnimalInput', 'True_electricityFuel', 'True_transport', 'True_pesticideVeterinaryDrug', 'True_seed', 'True_otherChemical', 'True_animalPopulation', 'True_freshForage', 'True_excreta', 'True_product', 'True_waste', 'True_soilAmendment', 'True_operation', 'True_fertiliser', 'True_material', 'True_ingredient', 'True_cropResidue']",50,System Boundary,original,no rag,1
"[1, 0, 1, 1, 1, 0, 1, 1, 1, 0, 1, 1, 0, 1, 0, 1, 0, 1, 1]","[1, 1, 1, 1, 0, 0, 1, 1, 1, 0, 1, 1, 0, 1, 0, 1, 0, 1, 1]","['True_animalFeed', 'True_water', 'True_liveAnimalInput', 'True_electricityFuel', 'True_transport', 'True_pesticideVeterinaryDrug', 'True_seed', 'True_otherChemical', 'True_animalPopulation', 'True_freshForage', 'True_excreta', 'True_product', 'True_waste', 'True_soilAmendment', 'True_operation', 'True_fertiliser', 'True_material', 'True_ingredient', 'True_cropResidue']",50,System Boundary,original,rag,3
"[1, 0, 1, 1, 1, 0, 1, 1, 1, 0, 1, 1, 0, 1, 0, 1, 0, 1, 1]","[1, 1, 1, 1, 1, 0, 1, 1, 1, 0, 1, 1, 0, 1, 0, 1, 0, 1, 1]","['True_animalFeed', 'True_water', 'True_liveAnimalInput', 'True_electricityFuel', 'True_transport', 'True_pesticideVeterinaryDrug', 'True_seed', 'True_otherChemical', 'True_animalPopulation', 'True_freshForage', 'True_excreta', 'True_product', 'True_waste', 'True_soilAmendment', 'True_operation', 'True_fertiliser', 'True_material', 'True_ingredient', 'True_cropResidue']",50,System Boundary,original,no rag,2
"[1, 0, 1, 1, 1, 0, 1, 1, 1, 0, 1, 1, 0, 1, 0, 1, 0, 1, 1]","[1, 1, 1, 1, 1, 0, 1, 1, 1, 0, 1, 1, 0, 1, 0, 1, 0, 1, 1]","['True_animalFeed', 'True_water', 'True_liveAnimalInput', 'True_electricityFuel', 'True_transport', 'True_pesticideVeterinaryDrug', 'True_seed', 'True_otherChemical', 'True_animalPopulation', 'True_freshForage', 'True_excreta', 'True_product', 'True_waste', 'True_soilAmendment', 'True_operation', 'True_fertiliser', 'True_material', 'True_ingredient', 'True_cropResidue']",50,System Boundary,original,rag,1
"[1, 1, 0, 0, 0, 0, 1, 1, 1, 0, 0, 1, 0, 0, 0, 0, 0, 1, 1]","[0, 0, 0, 0, 0, 1, 0, 1, 1, 0, 0, 1, 0, 0, 0, 0, 0, 1, 1]","['True_animalFeed', 'True_water', 'True_liveAnimalInput', 'True_electricityFuel', 'True_transport', 'True_pesticideVeterinaryDrug', 'True_seed', 'True_otherChemical', 'True_animalPopulation', 'True_freshForage', 'True_excreta', 'True_product', 'True_waste', 'True_soilAmendment', 'True_operation', 'True_fertiliser', 'True_material', 'True_ingredient', 'True_cropResidue']",37,System Boundary,original,no rag,1
"[1, 1, 0, 0, 0, 0, 1, 1, 1, 0, 0, 1, 0, 0, 0, 0, 0, 1, 1]","[0, 0, 0, 0, 0, 1, 0, 1, 1, 0, 0, 1, 0, 0, 0, 1, 0, 1, 1]","['True_animalFeed', 'True_water', 'True_liveAnimalInput', 'True_electricityFuel', 'True_transport', 'True_pesticideVeterinaryDrug', 'True_seed', 'True_otherChemical', 'True_animalPopulation', 'True_freshForage', 'True_excreta', 'True_product', 'True_waste', 'True_soilAmendment', 'True_operation', 'True_fertiliser', 'True_material', 'True_ingredient', 'True_cropResidue']",37,System Boundary,original,rag,1
"[1, 1, 0, 0, 0, 0, 1, 1, 1, 0, 0, 1, 0, 0, 0, 0, 0, 1, 1]","[1, 0, 0, 0, 0, 0, 0, 1, 1, 0, 0, 1, 0, 0, 0, 0, 0, 1, 1]","['True_animalFeed', 'True_water', 'True_liveAnimalInput', 'True_electricityFuel', 'True_transport', 'True_pesticideVeterinaryDrug', 'True_seed', 'True_otherChemical', 'True_animalPopulation', 'True_freshForage', 'True_excreta', 'True_product', 'True_waste', 'True_soilAmendment', 'True_operation', 'True_fertiliser', 'True_material', 'True_ingredient', 'True_cropResidue']",37,System Boundary,original,rag,2
"[1, 1, 0, 0, 0, 0, 1, 1, 1, 0, 0, 1, 0, 0, 0, 0, 0, 1, 1]","[1, 0, 0, 0, 0, 0, 1, 1, 1, 0, 0, 1, 0, 0, 0, 0, 0, 1, 1]","['True_animalFeed', 'True_water', 'True_liveAnimalInput', 'True_electricityFuel', 'True_transport', 'True_pesticideVeterinaryDrug', 'True_seed', 'True_otherChemical', 'True_animalPopulation', 'True_freshForage', 'True_excreta', 'True_product', 'True_waste', 'True_soilAmendment', 'True_operation', 'True_fertiliser', 'True_material', 'True_ingredient', 'True_cropResidue']",37,System Boundary,original,rag,1
"[1, 1, 0, 0, 0, 0, 1, 1, 1, 0, 0, 1, 0, 0, 0, 0, 0, 1, 1]","[1, 0, 0, 0, 0, 1, 1, 1, 1, 0, 0, 1, 0, 0, 0, 0, 0, 1, 1]","['True_animalFeed', 'True_water', 'True_liveAnimalInput', 'True_electricityFuel', 'True_transport', 'True_pesticideVeterinaryDrug', 'True_seed', 'True_otherChemical', 'True_animalPopulation', 'True_freshForage', 'True_excreta', 'True_product', 'True_waste', 'True_soilAmendment', 'True_operation', 'True_fertiliser', 'True_material', 'True_ingredient', 'True_cropResidue']",37,System Boundary,original,no rag,1
"[1, 1, 0, 0, 0, 0, 1, 1, 1, 0, 0, 1, 0, 0, 0, 0, 0, 1, 1]","[1, 0, 0, 0, 0, 1, 1, 1, 1, 0, 0, 1, 0, 0, 0, 1, 0, 1, 1]","['True_animalFeed', 'True_water', 'True_liveAnimalInput', 'True_electricityFuel', 'True_transport', 'True_pesticideVeterinaryDrug', 'True_seed', 'True_otherChemical', 'True_animalPopulation', 'True_freshForage', 'True_excreta', 'True_product', 'True_waste', 'True_soilAmendment', 'True_operation', 'True_fertiliser', 'True_material', 'True_ingredient', 'True_cropResidue']",37,System Boundary,original,no rag,1
"[1, 1, 0, 0, 0, 0, 1, 1, 1, 0, 0, 1, 0, 0, 0, 0, 0, 1, 1]","[1, 0, 0, 1, 0, 0, 0, 1, 1, 0, 0, 1, 0, 0, 0, 1, 0, 1, 1]","['True_animalFeed', 'True_water', 'True_liveAnimalInput', 'True_electricityFuel', 'True_transport', 'True_pesticideVeterinaryDrug', 'True_seed', 'True_otherChemical', 'True_animalPopulation', 'True_freshForage', 'True_excreta', 'True_product', 'True_waste', 'True_soilAmendment', 'True_operation', 'True_fertiliser', 'True_material', 'True_ingredient', 'True_cropResidue']",37,System Boundary,original,rag,1
"[1, 1, 0, 0, 0, 0, 1, 1, 1, 0, 0, 1, 0, 0, 0, 0, 0, 1, 1]","[1, 0, 0, 1, 0, 0, 1, 1, 1, 0, 0, 1, 0, 1, 0, 0, 0, 1, 1]","['True_animalFeed', 'True_water', 'True_liveAnimalInput', 'True_electricityFuel', 'True_transport', 'True_pesticideVeterinaryDrug', 'True_seed', 'True_otherChemical', 'True_animalPopulation', 'True_freshForage', 'True_excreta', 'True_product', 'True_waste', 'True_soilAmendment', 'True_operation', 'True_fertiliser', 'True_material', 'True_ingredient', 'True_cropResidue']",37,System Boundary,original,rag,1
"[1, 1, 0, 0, 0, 0, 1, 1, 1, 0, 0, 1, 0, 0, 0, 0, 0, 1, 1]","[1, 0, 0, 1, 0, 1, 1, 1, 1, 0, 0, 1, 0, 1, 0, 1, 0, 1, 1]","['True_animalFeed', 'True_water', 'True_liveAnimalInput', 'True_electricityFuel', 'True_transport', 'True_pesticideVeterinaryDrug', 'True_seed', 'True_otherChemical', 'True_animalPopulation', 'True_freshForage', 'True_excreta', 'True_product', 'True_waste', 'True_soilAmendment', 'True_operation', 'True_fertiliser', 'True_material', 'True_ingredient', 'True_cropResidue']",37,System Boundary,original,no rag,1
"[1, 1, 0, 0, 0, 0, 1, 1, 1, 0, 0, 1, 0, 0, 0, 0, 0, 1, 1]","[1, 1, 0, 0, 0, 0, 0, 1, 1, 0, 0, 1, 0, 0, 0, 0, 0, 1, 1]","['True_animalFeed', 'True_water', 'True_liveAnimalInput', 'True_electricityFuel', 'True_transport', 'True_pesticideVeterinaryDrug', 'True_seed', 'True_otherChemical', 'True_animalPopulation', 'True_freshForage', 'True_excreta', 'True_product', 'True_waste', 'True_soilAmendment', 'True_operation', 'True_fertiliser', 'True_material', 'True_ingredient', 'True_cropResidue']",37,System Boundary,original,no rag,1
"[1, 1, 0, 0, 0, 0, 1, 1, 1, 0, 0, 1, 0, 0, 0, 0, 0, 1, 1]","[1, 1, 0, 0, 0, 1, 1, 1, 1, 0, 0, 1, 0, 0, 0, 0, 0, 1, 1]","['True_animalFeed', 'True_water', 'True_liveAnimalInput', 'True_electricityFuel', 'True_transport', 'True_pesticideVeterinaryDrug', 'True_seed', 'True_otherChemical', 'True_animalPopulation', 'True_freshForage', 'True_excreta', 'True_product', 'True_waste', 'True_soilAmendment', 'True_operation', 'True_fertiliser', 'True_material', 'True_ingredient', 'True_cropResidue']",37,System Boundary,original,no rag,1
"[1, 1, 0, 0, 0, 0, 1, 1, 1, 0, 0, 1, 0, 0, 0, 0, 0, 1, 1]","[1, 1, 0, 1, 0, 1, 1, 0, 1, 0, 0, 1, 0, 0, 0, 1, 0, 1, 1]","['True_animalFeed', 'True_water', 'True_liveAnimalInput', 'True_electricityFuel', 'True_transport', 'True_pesticideVeterinaryDrug', 'True_seed', 'True_otherChemical', 'True_animalPopulation', 'True_freshForage', 'True_excreta', 'True_product', 'True_waste', 'True_soilAmendment', 'True_operation', 'True_fertiliser', 'True_material', 'True_ingredient', 'True_cropResidue']",37,System Boundary,original,no rag,1
"[1, 1, 0, 0, 0, 0, 1, 1, 1, 1, 0, 1, 0, 0, 0, 0, 0, 1, 1]","[1, 0, 0, 0, 0, 0, 0, 1, 0, 1, 0, 1, 0, 1, 0, 1, 0, 1, 1]","['True_animalFeed', 'True_water', 'True_liveAnimalInput', 'True_electricityFuel', 'True_transport', 'True_pesticideVeterinaryDrug', 'True_seed', 'True_otherChemical', 'True_animalPopulation', 'True_freshForage', 'True_excreta', 'True_product', 'True_waste', 'True_soilAmendment', 'True_operation', 'True_fertiliser', 'True_material', 'True_ingredient', 'True_cropResidue']",74,System Boundary,standardized,no rag,1
"[1, 1, 0, 0, 0, 0, 1, 1, 1, 1, 0, 1, 0, 0, 0, 0, 0, 1, 1]","[1, 0, 0, 0, 0, 0, 0, 1, 1, 0, 0, 0, 0, 0, 0, 0, 0, 1, 1]","['True_animalFeed', 'True_water', 'True_liveAnimalInput', 'True_electricityFuel', 'True_transport', 'True_pesticideVeterinaryDrug', 'True_seed', 'True_otherChemical', 'True_animalPopulation', 'True_freshForage', 'True_excreta', 'True_product', 'True_waste', 'True_soilAmendment', 'True_operation', 'True_fertiliser', 'True_material', 'True_ingredient', 'True_cropResidue']",74,System Boundary,standardized,rag,1
"[1, 1, 0, 0, 0, 0, 1, 1, 1, 1, 0, 1, 0, 0, 0, 0, 0, 1, 1]","[1, 0, 0, 0, 0, 0, 0, 1, 1, 1, 0, 0, 0, 0, 0, 0, 0, 1, 1]","['True_animalFeed', 'True_water', 'True_liveAnimalInput', 'True_electricityFuel', 'True_transport', 'True_pesticideVeterinaryDrug', 'True_seed', 'True_otherChemical', 'True_animalPopulation', 'True_freshForage', 'True_excreta', 'True_product', 'True_waste', 'True_soilAmendment', 'True_operation', 'True_fertiliser', 'True_material', 'True_ingredient', 'True_cropResidue']",74,System Boundary,standardized,rag,1
"[1, 1, 0, 0, 0, 0, 1, 1, 1, 1, 0, 1, 0, 0, 0, 0, 0, 1, 1]","[1, 0, 0, 0, 0, 0, 0, 1, 1, 1, 0, 1, 0, 0, 0, 0, 0, 1, 1]","['True_animalFeed', 'True_water', 'True_liveAnimalInput', 'True_electricityFuel', 'True_transport', 'True_pesticideVeterinaryDrug', 'True_seed', 'True_otherChemical', 'True_animalPopulation', 'True_freshForage', 'True_excreta', 'True_product', 'True_waste', 'True_soilAmendment', 'True_operation', 'True_fertiliser', 'True_material', 'True_ingredient', 'True_cropResidue']",74,System Boundary,standardized,no rag,1
"[1, 1, 0, 0, 0, 0, 1, 1, 1, 1, 0, 1, 0, 0, 0, 0, 0, 1, 1]","[1, 1, 0, 0, 0, 0, 1, 0, 1, 1, 0, 1, 0, 0, 0, 0, 0, 1, 1]","['True_animalFeed', 'True_water', 'True_liveAnimalInput', 'True_electricityFuel', 'True_transport', 'True_pesticideVeterinaryDrug', 'True_seed', 'True_otherChemical', 'True_animalPopulation', 'True_freshForage', 'True_excreta', 'True_product', 'True_waste', 'True_soilAmendment', 'True_operation', 'True_fertiliser', 'True_material', 'True_ingredient', 'True_cropResidue']",74,System Boundary,standardized,no rag,1
"[1, 1, 0, 0, 0, 0, 1, 1, 1, 1, 0, 1, 0, 0, 0, 0, 0, 1, 1]","[1, 1, 0, 0, 0, 1, 1, 1, 1, 1, 0, 1, 0, 0, 0, 0, 0, 1, 1]","['True_animalFeed', 'True_water', 'True_liveAnimalInput', 'True_electricityFuel', 'True_transport', 'True_pesticideVeterinaryDrug', 'True_seed', 'True_otherChemical', 'True_animalPopulation', 'True_freshForage', 'True_excreta', 'True_product', 'True_waste', 'True_soilAmendment', 'True_operation', 'True_fertiliser', 'True_material', 'True_ingredient', 'True_cropResidue']",74,System Boundary,standardized,no rag,1
"[1, 1, 0, 0, 0, 0, 1, 1, 1, 1, 0, 1, 0, 0, 0, 0, 0, 1, 1]","[1, 1, 0, 0, 0, 1, 1, 1, 1, 1, 0, 1, 0, 0, 0, 0, 0, 1, 1]","['True_animalFeed', 'True_water', 'True_liveAnimalInput', 'True_electricityFuel', 'True_transport', 'True_pesticideVeterinaryDrug', 'True_seed', 'True_otherChemical', 'True_animalPopulation', 'True_freshForage', 'True_excreta', 'True_product', 'True_waste', 'True_soilAmendment', 'True_operation', 'True_fertiliser', 'True_material', 'True_ingredient', 'True_cropResidue']",74,System Boundary,standardized,rag,1
"[1, 1, 0, 0, 0, 0, 1, 1, 1, 1, 0, 1, 0, 0, 0, 0, 0, 1, 1]","[1, 1, 0, 0, 0, 1, 1, 1, 1, 1, 0, 1, 0, 0, 0, 1, 0, 1, 1]","['True_animalFeed', 'True_water', 'True_liveAnimalInput', 'True_electricityFuel', 'True_transport', 'True_pesticideVeterinaryDrug', 'True_seed', 'True_otherChemical', 'True_animalPopulation', 'True_freshForage', 'True_excreta', 'True_product', 'True_waste', 'True_soilAmendment', 'True_operation', 'True_fertiliser', 'True_material', 'True_ingredient', 'True_cropResidue']",74,System Boundary,standardized,no rag,1
"[1, 1, 0, 0, 0, 1, 1, 1, 1, 0, 0, 1, 0, 0, 0, 0, 0, 1, 1]","[0, 0, 0, 0, 0, 1, 0, 1, 1, 0, 0, 1, 0, 0, 0, 0, 0, 1, 1]","['True_animalFeed', 'True_water', 'True_liveAnimalInput', 'True_electricityFuel', 'True_transport', 'True_pesticideVeterinaryDrug', 'True_seed', 'True_otherChemical', 'True_animalPopulation', 'True_freshForage', 'True_excreta', 'True_product', 'True_waste', 'True_soilAmendment', 'True_operation', 'True_fertiliser', 'True_material', 'True_ingredient', 'True_cropResidue']",51,System Boundary,original,no rag,1
"[1, 1, 0, 0, 0, 1, 1, 1, 1, 0, 0, 1, 0, 0, 0, 0, 0, 1, 1]","[0, 0, 0, 0, 0, 1, 0, 1, 1, 0, 0, 1, 0, 0, 0, 0, 0, 1, 1]","['True_animalFeed', 'True_water', 'True_liveAnimalInput', 'True_electricityFuel', 'True_transport', 'True_pesticideVeterinaryDrug', 'True_seed', 'True_otherChemical', 'True_animalPopulation', 'True_freshForage', 'True_excreta', 'True_product', 'True_waste', 'True_soilAmendment', 'True_operation', 'True_fertiliser', 'True_material', 'True_ingredient', 'True_cropResidue']",51,System Boundary,original,rag,1
"[1, 1, 0, 0, 0, 1, 1, 1, 1, 0, 0, 1, 0, 0, 0, 0, 0, 1, 1]","[1, 0, 0, 0, 0, 0, 0, 1, 0, 0, 0, 1, 0, 0, 0, 1, 0, 1, 1]","['True_animalFeed', 'True_water', 'True_liveAnimalInput', 'True_electricityFuel', 'True_transport', 'True_pesticideVeterinaryDrug', 'True_seed', 'True_otherChemical', 'True_animalPopulation', 'True_freshForage', 'True_excreta', 'True_product', 'True_waste', 'True_soilAmendment', 'True_operation', 'True_fertiliser', 'True_material', 'True_ingredient', 'True_cropResidue']",51,System Boundary,original,rag,1
"[1, 1, 0, 0, 0, 1, 1, 1, 1, 0, 0, 1, 0, 0, 0, 0, 0, 1, 1]","[1, 0, 0, 0, 0, 0, 0, 1, 1, 0, 0, 1, 0, 0, 0, 0, 0, 1, 1]","['True_animalFeed', 'True_water', 'True_liveAnimalInput', 'True_electricityFuel', 'True_transport', 'True_pesticideVeterinaryDrug', 'True_seed', 'True_otherChemical', 'True_animalPopulation', 'True_freshForage', 'True_excreta', 'True_product', 'True_waste', 'True_soilAmendment', 'True_operation', 'True_fertiliser', 'True_material', 'True_ingredient', 'True_cropResidue']",51,System Boundary,original,rag,1
"[1, 1, 0, 0, 0, 1, 1, 1, 1, 0, 0, 1, 0, 0, 0, 0, 0, 1, 1]","[1, 0, 0, 0, 0, 1, 1, 1, 1, 0, 0, 1, 0, 0, 0, 0, 0, 1, 1]","['True_animalFeed', 'True_water', 'True_liveAnimalInput', 'True_electricityFuel', 'True_transport', 'True_pesticideVeterinaryDrug', 'True_seed', 'True_otherChemical', 'True_animalPopulation', 'True_freshForage', 'True_excreta', 'True_product', 'True_waste', 'True_soilAmendment', 'True_operation', 'True_fertiliser', 'True_material', 'True_ingredient', 'True_cropResidue']",51,System Boundary,original,no rag,1
"[1, 1, 0, 0, 0, 1, 1, 1, 1, 0, 0, 1, 0, 0, 0, 0, 0, 1, 1]","[1, 0, 0, 0, 0, 1, 1, 1, 1, 0, 0, 1, 0, 0, 0, 0, 0, 1, 1]","['True_animalFeed', 'True_water', 'True_liveAnimalInput', 'True_electricityFuel', 'True_transport', 'True_pesticideVeterinaryDrug', 'True_seed', 'True_otherChemical', 'True_animalPopulation', 'True_freshForage', 'True_excreta', 'True_product', 'True_waste', 'True_soilAmendment', 'True_operation', 'True_fertiliser', 'True_material', 'True_ingredient', 'True_cropResidue']",51,System Boundary,original,rag,1
"[1, 1, 0, 0, 0, 1, 1, 1, 1, 0, 0, 1, 0, 0, 0, 0, 0, 1, 1]","[1, 0, 0, 1, 0, 0, 0, 1, 1, 0, 0, 1, 0, 0, 0, 0, 0, 1, 1]","['True_animalFeed', 'True_water', 'True_liveAnimalInput', 'True_electricityFuel', 'True_transport', 'True_pesticideVeterinaryDrug', 'True_seed', 'True_otherChemical', 'True_animalPopulation', 'True_freshForage', 'True_excreta', 'True_product', 'True_waste', 'True_soilAmendment', 'True_operation', 'True_fertiliser', 'True_material', 'True_ingredient', 'True_cropResidue']",51,System Boundary,original,rag,1
"[1, 1, 0, 0, 0, 1, 1, 1, 1, 0, 0, 1, 0, 0, 0, 0, 0, 1, 1]","[1, 0, 0, 1, 0, 0, 0, 1, 1, 0, 0, 1, 0, 1, 0, 1, 0, 1, 1]","['True_animalFeed', 'True_water', 'True_liveAnimalInput', 'True_electricityFuel', 'True_transport', 'True_pesticideVeterinaryDrug', 'True_seed', 'True_otherChemical', 'True_animalPopulation', 'True_freshForage', 'True_excreta', 'True_product', 'True_waste', 'True_soilAmendment', 'True_operation', 'True_fertiliser', 'True_material', 'True_ingredient', 'True_cropResidue']",51,System Boundary,original,rag,1
"[1, 1, 0, 0, 0, 1, 1, 1, 1, 0, 0, 1, 0, 0, 0, 0, 0, 1, 1]","[1, 0, 0, 1, 0, 0, 1, 1, 1, 0, 0, 1, 0, 1, 0, 0, 0, 1, 1]","['True_animalFeed', 'True_water', 'True_liveAnimalInput', 'True_electricityFuel', 'True_transport', 'True_pesticideVeterinaryDrug', 'True_seed', 'True_otherChemical', 'True_animalPopulation', 'True_freshForage', 'True_excreta', 'True_product', 'True_waste', 'True_soilAmendment', 'True_operation', 'True_fertiliser', 'True_material', 'True_ingredient', 'True_cropResidue']",51,System Boundary,original,no rag,1
"[1, 1, 0, 0, 0, 1, 1, 1, 1, 0, 0, 1, 0, 0, 0, 0, 0, 1, 1]","[1, 1, 0, 0, 0, 0, 0, 1, 1, 0, 0, 1, 0, 0, 0, 0, 0, 1, 1]","['True_animalFeed', 'True_water', 'True_liveAnimalInput', 'True_electricityFuel', 'True_transport', 'True_pesticideVeterinaryDrug', 'True_seed', 'True_otherChemical', 'True_animalPopulation', 'True_freshForage', 'True_excreta', 'True_product', 'True_waste', 'True_soilAmendment', 'True_operation', 'True_fertiliser', 'True_material', 'True_ingredient', 'True_cropResidue']",51,System Boundary,original,no rag,1
"[1, 1, 0, 0, 0, 1, 1, 1, 1, 0, 0, 1, 0, 0, 0, 0, 0, 1, 1]","[1, 1, 0, 0, 0, 0, 1, 1, 1, 0, 0, 1, 0, 0, 0, 0, 0, 1, 0]","['True_animalFeed', 'True_water', 'True_liveAnimalInput', 'True_electricityFuel', 'True_transport', 'True_pesticideVeterinaryDrug', 'True_seed', 'True_otherChemical', 'True_animalPopulation', 'True_freshForage', 'True_excreta', 'True_product', 'True_waste', 'True_soilAmendment', 'True_operation', 'True_fertiliser', 'True_material', 'True_ingredient', 'True_cropResidue']",51,System Boundary,original,rag,1
"[1, 1, 0, 0, 0, 1, 1, 1, 1, 0, 0, 1, 0, 0, 0, 0, 0, 1, 1]","[1, 1, 0, 0, 0, 1, 1, 1, 1, 0, 0, 1, 0, 0, 0, 1, 0, 1, 1]","['True_animalFeed', 'True_water', 'True_liveAnimalInput', 'True_electricityFuel', 'True_transport', 'True_pesticideVeterinaryDrug', 'True_seed', 'True_otherChemical', 'True_animalPopulation', 'True_freshForage', 'True_excreta', 'True_product', 'True_waste', 'True_soilAmendment', 'True_operation', 'True_fertiliser', 'True_material', 'True_ingredient', 'True_cropResidue']",51,System Boundary,original,no rag,1
"[1, 1, 0, 0, 0, 1, 1, 1, 1, 0, 0, 1, 0, 0, 0, 0, 0, 1, 1]","[1, 1, 0, 1, 0, 1, 1, 1, 1, 0, 0, 1, 0, 0, 0, 0, 0, 1, 1]","['True_animalFeed', 'True_water', 'True_liveAnimalInput', 'True_electricityFuel', 'True_transport', 'True_pesticideVeterinaryDrug', 'True_seed', 'True_otherChemical', 'True_animalPopulation', 'True_freshForage', 'True_excreta', 'True_product', 'True_waste', 'True_soilAmendment', 'True_operation', 'True_fertiliser', 'True_material', 'True_ingredient', 'True_cropResidue']",51,System Boundary,original,no rag,1
"[1, 1, 0, 0, 0, 1, 1, 1, 1, 1, 0, 1, 0, 0, 0, 0, 0, 1, 1]","[0, 0, 0, 0, 0, 0, 0, 1, 1, 0, 0, 1, 0, 0, 0, 1, 0, 1, 1]","['True_animalFeed', 'True_water', 'True_liveAnimalInput', 'True_electricityFuel', 'True_transport', 'True_pesticideVeterinaryDrug', 'True_seed', 'True_otherChemical', 'True_animalPopulation', 'True_freshForage', 'True_excreta', 'True_product', 'True_waste', 'True_soilAmendment', 'True_operation', 'True_fertiliser', 'True_material', 'True_ingredient', 'True_cropResidue']",10,System Boundary,standardized,rag,1
"[1, 1, 0, 0, 0, 1, 1, 1, 1, 1, 0, 1, 0, 0, 0, 0, 0, 1, 1]","[1, 0, 0, 0, 0, 0, 0, 1, 0, 1, 0, 1, 0, 1, 0, 1, 0, 1, 1]","['True_animalFeed', 'True_water', 'True_liveAnimalInput', 'True_electricityFuel', 'True_transport', 'True_pesticideVeterinaryDrug', 'True_seed', 'True_otherChemical', 'True_animalPopulation', 'True_freshForage', 'True_excreta', 'True_product', 'True_waste', 'True_soilAmendment', 'True_operation', 'True_fertiliser', 'True_material', 'True_ingredient', 'True_cropResidue']",10,System Boundary,standardized,no rag,1
"[1, 1, 0, 0, 0, 1, 1, 1, 1, 1, 0, 1, 0, 0, 0, 0, 0, 1, 1]","[1, 0, 0, 0, 0, 0, 0, 1, 1, 1, 0, 0, 0, 0, 0, 0, 0, 1, 1]","['True_animalFeed', 'True_water', 'True_liveAnimalInput', 'True_electricityFuel', 'True_transport', 'True_pesticideVeterinaryDrug', 'True_seed', 'True_otherChemical', 'True_animalPopulation', 'True_freshForage', 'True_excreta', 'True_product', 'True_waste', 'True_soilAmendment', 'True_operation', 'True_fertiliser', 'True_material', 'True_ingredient', 'True_cropResidue']",10,System Boundary,standardized,rag,1
"[1, 1, 0, 0, 0, 1, 1, 1, 1, 1, 0, 1, 0, 0, 0, 0, 0, 1, 1]","[1, 0, 0, 0, 0, 0, 0, 1, 1, 1, 0, 1, 0, 0, 0, 0, 0, 1, 1]","['True_animalFeed', 'True_water', 'True_liveAnimalInput', 'True_electricityFuel', 'True_transport', 'True_pesticideVeterinaryDrug', 'True_seed', 'True_otherChemical', 'True_animalPopulation', 'True_freshForage', 'True_excreta', 'True_product', 'True_waste', 'True_soilAmendment', 'True_operation', 'True_fertiliser', 'True_material', 'True_ingredient', 'True_cropResidue']",10,System Boundary,standardized,no rag,1
"[1, 1, 0, 0, 0, 1, 1, 1, 1, 1, 0, 1, 0, 0, 0, 0, 0, 1, 1]","[1, 1, 0, 0, 0, 0, 1, 1, 1, 1, 0, 1, 0, 0, 0, 0, 0, 1, 1]","['True_animalFeed', 'True_water', 'True_liveAnimalInput', 'True_electricityFuel', 'True_transport', 'True_pesticideVeterinaryDrug', 'True_seed', 'True_otherChemical', 'True_animalPopulation', 'True_freshForage', 'True_excreta', 'True_product', 'True_waste', 'True_soilAmendment', 'True_operation', 'True_fertiliser', 'True_material', 'True_ingredient', 'True_cropResidue']",10,System Boundary,standardized,no rag,3
"[1, 1, 0, 0, 0, 1, 1, 1, 1, 1, 0, 1, 0, 0, 0, 0, 0, 1, 1]","[1, 1, 0, 0, 0, 0, 1, 1, 1, 1, 0, 1, 0, 0, 0, 0, 0, 1, 1]","['True_animalFeed', 'True_water', 'True_liveAnimalInput', 'True_electricityFuel', 'True_transport', 'True_pesticideVeterinaryDrug', 'True_seed', 'True_otherChemical', 'True_animalPopulation', 'True_freshForage', 'True_excreta', 'True_product', 'True_waste', 'True_soilAmendment', 'True_operation', 'True_fertiliser', 'True_material', 'True_ingredient', 'True_cropResidue']",10,System Boundary,standardized,rag,4
"[1, 1, 0, 0, 0, 1, 1, 1, 1, 1, 0, 1, 0, 0, 0, 0, 0, 1, 1]","[1, 1, 0, 0, 0, 1, 1, 1, 1, 1, 1, 1, 0, 0, 0, 1, 0, 1, 1]","['True_animalFeed', 'True_water', 'True_liveAnimalInput', 'True_electricityFuel', 'True_transport', 'True_pesticideVeterinaryDrug', 'True_seed', 'True_otherChemical', 'True_animalPopulation', 'True_freshForage', 'True_excreta', 'True_product', 'True_waste', 'True_soilAmendment', 'True_operation', 'True_fertiliser', 'True_material', 'True_ingredient', 'True_cropResidue']",10,System Boundary,standardized,no rag,1
"[1, 1, 0, 1, 0, 0, 1, 1, 1, 1, 1, 1, 0, 1, 0, 1, 0, 1, 0]","[1, 0, 0, 1, 0, 0, 1, 1, 1, 0, 1, 1, 0, 1, 0, 1, 0, 1, 0]","['True_animalFeed', 'True_water', 'True_liveAnimalInput', 'True_electricityFuel', 'True_transport', 'True_pesticideVeterinaryDrug', 'True_seed', 'True_otherChemical', 'True_animalPopulation', 'True_freshForage', 'True_excreta', 'True_product', 'True_waste', 'True_soilAmendment', 'True_operation', 'True_fertiliser', 'True_material', 'True_ingredient', 'True_cropResidue']",50,System Boundary,standardized,rag,2
"[1, 1, 0, 1, 0, 0, 1, 1, 1, 1, 1, 1, 0, 1, 0, 1, 0, 1, 0]","[1, 0, 1, 1, 0, 0, 1, 1, 1, 0, 1, 1, 0, 1, 0, 1, 0, 1, 1]","['True_animalFeed', 'True_water', 'True_liveAnimalInput', 'True_electricityFuel', 'True_transport', 'True_pesticideVeterinaryDrug', 'True_seed', 'True_otherChemical', 'True_animalPopulation', 'True_freshForage', 'True_excreta', 'True_product', 'True_waste', 'True_soilAmendment', 'True_operation', 'True_fertiliser', 'True_material', 'True_ingredient', 'True_cropResidue']",50,System Boundary,standardized,no rag,2
"[1, 1, 0, 1, 0, 0, 1, 1, 1, 1, 1, 1, 0, 1, 0, 1, 0, 1, 0]","[1, 0, 1, 1, 0, 0, 1, 1, 1, 0, 1, 1, 0, 1, 0, 1, 0, 1, 1]","['True_animalFeed', 'True_water', 'True_liveAnimalInput', 'True_electricityFuel', 'True_transport', 'True_pesticideVeterinaryDrug', 'True_seed', 'True_otherChemical', 'True_animalPopulation', 'True_freshForage', 'True_excreta', 'True_product', 'True_waste', 'True_soilAmendment', 'True_operation', 'True_fertiliser', 'True_material', 'True_ingredient', 'True_cropResidue']",50,System Boundary,standardized,rag,2
"[1, 1, 0, 1, 0, 0, 1, 1, 1, 1, 1, 1, 0, 1, 0, 1, 0, 1, 0]","[1, 1, 0, 1, 0, 0, 1, 1, 1, 0, 1, 1, 0, 1, 0, 1, 0, 1, 0]","['True_animalFeed', 'True_water', 'True_liveAnimalInput', 'True_electricityFuel', 'True_transport', 'True_pesticideVeterinaryDrug', 'True_seed', 'True_otherChemical', 'True_animalPopulation', 'True_freshForage', 'True_excreta', 'True_product', 'True_waste', 'True_soilAmendment', 'True_operation', 'True_fertiliser', 'True_material', 'True_ingredient', 'True_cropResidue']",50,System Boundary,standardized,no rag,2
"[1, 1, 0, 1, 0, 0, 1, 1, 1, 1, 1, 1, 1, 1, 0, 1, 0, 1, 1]","[1, 1, 1, 1, 0, 0, 1, 1, 1, 1, 1, 1, 1, 1, 0, 1, 0, 1, 1]","['True_animalFeed', 'True_water', 'True_liveAnimalInput', 'True_electricityFuel', 'True_transport', 'True_pesticideVeterinaryDrug', 'True_seed', 'True_otherChemical', 'True_animalPopulation', 'True_freshForage', 'True_excreta', 'True_product', 'True_waste', 'True_soilAmendment', 'True_operation', 'True_fertiliser', 'True_material', 'True_ingredient', 'True_cropResidue']",13,System Boundary,original,no rag,7
"[1, 1, 0, 1, 0, 0, 1, 1, 1, 1, 1, 1, 1, 1, 0, 1, 0, 1, 1]","[1, 1, 1, 1, 0, 0, 1, 1, 1, 1, 1, 1, 1, 1, 0, 1, 0, 1, 1]","['True_animalFeed', 'True_water', 'True_liveAnimalInput', 'True_electricityFuel', 'True_transport', 'True_pesticideVeterinaryDrug', 'True_seed', 'True_otherChemical', 'True_animalPopulation', 'True_freshForage', 'True_excreta', 'True_product', 'True_waste', 'True_soilAmendment', 'True_operation', 'True_fertiliser', 'True_material', 'True_ingredient', 'True_cropResidue']",13,System Boundary,original,rag,7
"[1, 1, 1, 0, 0, 0, 1, 1, 1, 1, 0, 1, 0, 1, 0, 1, 0, 1, 1]","[0, 0, 1, 0, 0, 0, 1, 1, 1, 1, 0, 1, 0, 1, 0, 1, 0, 1, 1]","['True_animalFeed', 'True_water', 'True_liveAnimalInput', 'True_electricityFuel', 'True_transport', 'True_pesticideVeterinaryDrug', 'True_seed', 'True_otherChemical', 'True_animalPopulation', 'True_freshForage', 'True_excreta', 'True_product', 'True_waste', 'True_soilAmendment', 'True_operation', 'True_fertiliser', 'True_material', 'True_ingredient', 'True_cropResidue']",49,System Boundary,original,rag,1
"[1, 1, 1, 0, 0, 0, 1, 1, 1, 1, 0, 1, 0, 1, 0, 1, 0, 1, 1]","[0, 1, 0, 1, 0, 0, 1, 1, 1, 0, 1, 1, 0, 1, 0, 1, 0, 1, 1]","['True_animalFeed', 'True_water', 'True_liveAnimalInput', 'True_electricityFuel', 'True_transport', 'True_pesticideVeterinaryDrug', 'True_seed', 'True_otherChemical', 'True_animalPopulation', 'True_freshForage', 'True_excreta', 'True_product', 'True_waste', 'True_soilAmendment', 'True_operation', 'True_fertiliser', 'True_material', 'True_ingredient', 'True_cropResidue']",49,System Boundary,original,no rag,1
"[1, 1, 1, 0, 0, 0, 1, 1, 1, 1, 0, 1, 0, 1, 0, 1, 0, 1, 1]","[0, 1, 1, 1, 0, 0, 1, 1, 1, 1, 0, 1, 0, 1, 0, 1, 0, 1, 1]","['True_animalFeed', 'True_water', 'True_liveAnimalInput', 'True_electricityFuel', 'True_transport', 'True_pesticideVeterinaryDrug', 'True_seed', 'True_otherChemical', 'True_animalPopulation', 'True_freshForage', 'True_excreta', 'True_product', 'True_waste', 'True_soilAmendment', 'True_operation', 'True_fertiliser', 'True_material', 'True_ingredient', 'True_cropResidue']",49,System Boundary,original,no rag,1
"[1, 1, 1, 0, 0, 0, 1, 1, 1, 1, 0, 1, 0, 1, 0, 1, 0, 1, 1]","[1, 0, 0, 1, 0, 0, 1, 1, 1, 1, 0, 1, 1, 1, 0, 1, 0, 1, 1]","['True_animalFeed', 'True_water', 'True_liveAnimalInput', 'True_electricityFuel', 'True_transport', 'True_pesticideVeterinaryDrug', 'True_seed', 'True_otherChemical', 'True_animalPopulation', 'True_freshForage', 'True_excreta', 'True_product', 'True_waste', 'True_soilAmendment', 'True_operation', 'True_fertiliser', 'True_material', 'True_ingredient', 'True_cropResidue']",49,System Boundary,original,no rag,1
"[1, 1, 1, 0, 0, 0, 1, 1, 1, 1, 0, 1, 0, 1, 0, 1, 0, 1, 1]","[1, 0, 1, 0, 0, 0, 1, 1, 1, 1, 0, 1, 0, 1, 0, 1, 0, 1, 1]","['True_animalFeed', 'True_water', 'True_liveAnimalInput', 'True_electricityFuel', 'True_transport', 'True_pesticideVeterinaryDrug', 'True_seed', 'True_otherChemical', 'True_animalPopulation', 'True_freshForage', 'True_excreta', 'True_product', 'True_waste', 'True_soilAmendment', 'True_operation', 'True_fertiliser', 'True_material', 'True_ingredient', 'True_cropResidue']",49,System Boundary,original,no rag,1
"[1, 1, 1, 0, 0, 0, 1, 1, 1, 1, 0, 1, 0, 1, 0, 1, 0, 1, 1]","[1, 0, 1, 1, 0, 0, 0, 1, 1, 1, 0, 1, 0, 1, 0, 1, 0, 1, 1]","['True_animalFeed', 'True_water', 'True_liveAnimalInput', 'True_electricityFuel', 'True_transport', 'True_pesticideVeterinaryDrug', 'True_seed', 'True_otherChemical', 'True_animalPopulation', 'True_freshForage', 'True_excreta', 'True_product', 'True_waste', 'True_soilAmendment', 'True_operation', 'True_fertiliser', 'True_material', 'True_ingredient', 'True_cropResidue']",49,System Boundary,original,rag,1
"[1, 1, 1, 0, 0, 0, 1, 1, 1, 1, 0, 1, 0, 1, 0, 1, 0, 1, 1]","[1, 0, 1, 1, 0, 0, 1, 1, 1, 1, 0, 1, 0, 1, 0, 1, 0, 1, 1]","['True_animalFeed', 'True_water', 'True_liveAnimalInput', 'True_electricityFuel', 'True_transport', 'True_pesticideVeterinaryDrug', 'True_seed', 'True_otherChemical', 'True_animalPopulation', 'True_freshForage', 'True_excreta', 'True_product', 'True_waste', 'True_soilAmendment', 'True_operation', 'True_fertiliser', 'True_material', 'True_ingredient', 'True_cropResidue']",49,System Boundary,original,rag,1
"[1, 1, 1, 0, 0, 0, 1, 1, 1, 1, 0, 1, 0, 1, 0, 1, 0, 1, 1]","[1, 1, 0, 1, 0, 0, 1, 1, 1, 0, 0, 1, 0, 1, 0, 1, 0, 1, 1]","['True_animalFeed', 'True_water', 'True_liveAnimalInput', 'True_electricityFuel', 'True_transport', 'True_pesticideVeterinaryDrug', 'True_seed', 'True_otherChemical', 'True_animalPopulation', 'True_freshForage', 'True_excreta', 'True_product', 'True_waste', 'True_soilAmendment', 'True_operation', 'True_fertiliser', 'True_material', 'True_ingredient', 'True_cropResidue']",49,System Boundary,original,no rag,1
"[1, 1, 1, 0, 0, 0, 1, 1, 1, 1, 0, 1, 0, 1, 0, 1, 0, 1, 1]","[1, 1, 1, 1, 0, 0, 1, 1, 0, 1, 1, 1, 1, 1, 0, 1, 0, 1, 1]","['True_animalFeed', 'True_water', 'True_liveAnimalInput', 'True_electricityFuel', 'True_transport', 'True_pesticideVeterinaryDrug', 'True_seed', 'True_otherChemical', 'True_animalPopulation', 'True_freshForage', 'True_excreta', 'True_product', 'True_waste', 'True_soilAmendment', 'True_operation', 'True_fertiliser', 'True_material', 'True_ingredient', 'True_cropResidue']",49,System Boundary,original,no rag,1
"[1, 1, 1, 0, 0, 0, 1, 1, 1, 1, 0, 1, 0, 1, 0, 1, 0, 1, 1]","[1, 1, 1, 1, 0, 0, 1, 1, 1, 0, 0, 1, 0, 1, 0, 1, 0, 1, 1]","['True_animalFeed', 'True_water', 'True_liveAnimalInput', 'True_electricityFuel', 'True_transport', 'True_pesticideVeterinaryDrug', 'True_seed', 'True_otherChemical', 'True_animalPopulation', 'True_freshForage', 'True_excreta', 'True_product', 'True_waste', 'True_soilAmendment', 'True_operation', 'True_fertiliser', 'True_material', 'True_ingredient', 'True_cropResidue']",49,System Boundary,original,rag,2
"[1, 1, 1, 0, 0, 0, 1, 1, 1, 1, 0, 1, 0, 1, 0, 1, 0, 1, 1]","[1, 1, 1, 1, 0, 0, 1, 1, 1, 0, 1, 1, 0, 1, 0, 1, 0, 1, 1]","['True_animalFeed', 'True_water', 'True_liveAnimalInput', 'True_electricityFuel', 'True_transport', 'True_pesticideVeterinaryDrug', 'True_seed', 'True_otherChemical', 'True_animalPopulation', 'True_freshForage', 'True_excreta', 'True_product', 'True_waste', 'True_soilAmendment', 'True_operation', 'True_fertiliser', 'True_material', 'True_ingredient', 'True_cropResidue']",49,System Boundary,original,rag,1
"[1, 1, 1, 0, 0, 0, 1, 1, 1, 1, 0, 1, 0, 1, 0, 1, 0, 1, 1]","[1, 1, 1, 1, 0, 0, 1, 1, 1, 1, 1, 1, 0, 1, 0, 1, 0, 1, 1]","['True_animalFeed', 'True_water', 'True_liveAnimalInput', 'True_electricityFuel', 'True_transport', 'True_pesticideVeterinaryDrug', 'True_seed', 'True_otherChemical', 'True_animalPopulation', 'True_freshForage', 'True_excreta', 'True_product', 'True_waste', 'True_soilAmendment', 'True_operation', 'True_fertiliser', 'True_material', 'True_ingredient', 'True_cropResidue']",49,System Boundary,original,no rag,1
"[1, 1, 1, 0, 0, 0, 1, 1, 1, 1, 0, 1, 0, 1, 0, 1, 0, 1, 1]","[1, 1, 1, 1, 0, 0, 1, 1, 1, 1, 1, 1, 0, 1, 0, 1, 0, 1, 1]","['True_animalFeed', 'True_water', 'True_liveAnimalInput', 'True_electricityFuel', 'True_transport', 'True_pesticideVeterinaryDrug', 'True_seed', 'True_otherChemical', 'True_animalPopulation', 'True_freshForage', 'True_excreta', 'True_product', 'True_waste', 'True_soilAmendment', 'True_operation', 'True_fertiliser', 'True_material', 'True_ingredient', 'True_cropResidue']",49,System Boundary,original,rag,1
"[1, 1, 1, 0, 0, 1, 1, 1, 1, 1, 0, 1, 0, 1, 0, 1, 0, 1, 1]","[0, 0, 1, 0, 0, 0, 1, 1, 1, 1, 0, 1, 0, 1, 0, 1, 0, 1, 1]","['True_animalFeed', 'True_water', 'True_liveAnimalInput', 'True_electricityFuel', 'True_transport', 'True_pesticideVeterinaryDrug', 'True_seed', 'True_otherChemical', 'True_animalPopulation', 'True_freshForage', 'True_excreta', 'True_product', 'True_waste', 'True_soilAmendment', 'True_operation', 'True_fertiliser', 'True_material', 'True_ingredient', 'True_cropResidue']",2,System Boundary,original,rag,1
"[1, 1, 1, 0, 0, 1, 1, 1, 1, 1, 0, 1, 0, 1, 0, 1, 0, 1, 1]","[0, 1, 0, 1, 0, 0, 1, 1, 1, 0, 1, 1, 0, 1, 0, 1, 0, 1, 1]","['True_animalFeed', 'True_water', 'True_liveAnimalInput', 'True_electricityFuel', 'True_transport', 'True_pesticideVeterinaryDrug', 'True_seed', 'True_otherChemical', 'True_animalPopulation', 'True_freshForage', 'True_excreta', 'True_product', 'True_waste', 'True_soilAmendment', 'True_operation', 'True_fertiliser', 'True_material', 'True_ingredient', 'True_cropResidue']",2,System Boundary,original,no rag,1
"[1, 1, 1, 0, 0, 1, 1, 1, 1, 1, 0, 1, 0, 1, 0, 1, 0, 1, 1]","[0, 1, 1, 1, 0, 0, 1, 1, 1, 1, 0, 1, 0, 1, 0, 1, 0, 1, 1]","['True_animalFeed', 'True_water', 'True_liveAnimalInput', 'True_electricityFuel', 'True_transport', 'True_pesticideVeterinaryDrug', 'True_seed', 'True_otherChemical', 'True_animalPopulation', 'True_freshForage', 'True_excreta', 'True_product', 'True_waste', 'True_soilAmendment', 'True_operation', 'True_fertiliser', 'True_material', 'True_ingredient', 'True_cropResidue']",2,System Boundary,original,no rag,1
"[1, 1, 1, 0, 0, 1, 1, 1, 1, 1, 0, 1, 0, 1, 0, 1, 0, 1, 1]","[1, 0, 0, 1, 0, 0, 1, 1, 1, 1, 0, 1, 1, 1, 0, 1, 0, 1, 1]","['True_animalFeed', 'True_water', 'True_liveAnimalInput', 'True_electricityFuel', 'True_transport', 'True_pesticideVeterinaryDrug', 'True_seed', 'True_otherChemical', 'True_animalPopulation', 'True_freshForage', 'True_excreta', 'True_product', 'True_waste', 'True_soilAmendment', 'True_operation', 'True_fertiliser', 'True_material', 'True_ingredient', 'True_cropResidue']",2,System Boundary,original,no rag,1
"[1, 1, 1, 0, 0, 1, 1, 1, 1, 1, 0, 1, 0, 1, 0, 1, 0, 1, 1]","[1, 0, 1, 0, 0, 0, 1, 1, 1, 1, 0, 1, 0, 1, 0, 1, 0, 1, 1]","['True_animalFeed', 'True_water', 'True_liveAnimalInput', 'True_electricityFuel', 'True_transport', 'True_pesticideVeterinaryDrug', 'True_seed', 'True_otherChemical', 'True_animalPopulation', 'True_freshForage', 'True_excreta', 'True_product', 'True_waste', 'True_soilAmendment', 'True_operation', 'True_fertiliser', 'True_material', 'True_ingredient', 'True_cropResidue']",2,System Boundary,original,no rag,1
"[1, 1, 1, 0, 0, 1, 1, 1, 1, 1, 0, 1, 0, 1, 0, 1, 0, 1, 1]","[1, 0, 1, 1, 0, 0, 0, 1, 1, 1, 0, 1, 0, 1, 0, 1, 0, 1, 1]","['True_animalFeed', 'True_water', 'True_liveAnimalInput', 'True_electricityFuel', 'True_transport', 'True_pesticideVeterinaryDrug', 'True_seed', 'True_otherChemical', 'True_animalPopulation', 'True_freshForage', 'True_excreta', 'True_product', 'True_waste', 'True_soilAmendment', 'True_operation', 'True_fertiliser', 'True_material', 'True_ingredient', 'True_cropResidue']",2,System Boundary,original,rag,1
"[1, 1, 1, 0, 0, 1, 1, 1, 1, 1, 0, 1, 0, 1, 0, 1, 0, 1, 1]","[1, 0, 1, 1, 0, 0, 1, 1, 1, 1, 0, 1, 0, 1, 0, 1, 0, 1, 1]","['True_animalFeed', 'True_water', 'True_liveAnimalInput', 'True_electricityFuel', 'True_transport', 'True_pesticideVeterinaryDrug', 'True_seed', 'True_otherChemical', 'True_animalPopulation', 'True_freshForage', 'True_excreta', 'True_product', 'True_waste', 'True_soilAmendment', 'True_operation', 'True_fertiliser', 'True_material', 'True_ingredient', 'True_cropResidue']",2,System Boundary,original,rag,1
"[1, 1, 1, 0, 0, 1, 1, 1, 1, 1, 0, 1, 0, 1, 0, 1, 0, 1, 1]","[1, 1, 0, 1, 0, 0, 1, 1, 1, 0, 0, 1, 0, 1, 0, 1, 0, 1, 1]","['True_animalFeed', 'True_water', 'True_liveAnimalInput', 'True_electricityFuel', 'True_transport', 'True_pesticideVeterinaryDrug', 'True_seed', 'True_otherChemical', 'True_animalPopulation', 'True_freshForage', 'True_excreta', 'True_product', 'True_waste', 'True_soilAmendment', 'True_operation', 'True_fertiliser', 'True_material', 'True_ingredient', 'True_cropResidue']",2,System Boundary,original,no rag,1
"[1, 1, 1, 0, 0, 1, 1, 1, 1, 1, 0, 1, 0, 1, 0, 1, 0, 1, 1]","[1, 1, 1, 1, 0, 0, 1, 1, 0, 1, 1, 1, 1, 1, 0, 1, 0, 1, 1]","['True_animalFeed', 'True_water', 'True_liveAnimalInput', 'True_electricityFuel', 'True_transport', 'True_pesticideVeterinaryDrug', 'True_seed', 'True_otherChemical', 'True_animalPopulation', 'True_freshForage', 'True_excreta', 'True_product', 'True_waste', 'True_soilAmendment', 'True_operation', 'True_fertiliser', 'True_material', 'True_ingredient', 'True_cropResidue']",2,System Boundary,original,no rag,1
"[1, 1, 1, 0, 0, 1, 1, 1, 1, 1, 0, 1, 0, 1, 0, 1, 0, 1, 1]","[1, 1, 1, 1, 0, 0, 1, 1, 1, 0, 0, 1, 0, 1, 0, 1, 0, 1, 1]","['True_animalFeed', 'True_water', 'True_liveAnimalInput', 'True_electricityFuel', 'True_transport', 'True_pesticideVeterinaryDrug', 'True_seed', 'True_otherChemical', 'True_animalPopulation', 'True_freshForage', 'True_excreta', 'True_product', 'True_waste', 'True_soilAmendment', 'True_operation', 'True_fertiliser', 'True_material', 'True_ingredient', 'True_cropResidue']",2,System Boundary,original,rag,2
"[1, 1, 1, 0, 0, 1, 1, 1, 1, 1, 0, 1, 0, 1, 0, 1, 0, 1, 1]","[1, 1, 1, 1, 0, 0, 1, 1, 1, 0, 1, 1, 0, 1, 0, 1, 0, 1, 1]","['True_animalFeed', 'True_water', 'True_liveAnimalInput', 'True_electricityFuel', 'True_transport', 'True_pesticideVeterinaryDrug', 'True_seed', 'True_otherChemical', 'True_animalPopulation', 'True_freshForage', 'True_excreta', 'True_product', 'True_waste', 'True_soilAmendment', 'True_operation', 'True_fertiliser', 'True_material', 'True_ingredient', 'True_cropResidue']",2,System Boundary,original,rag,1
"[1, 1, 1, 0, 0, 1, 1, 1, 1, 1, 0, 1, 0, 1, 0, 1, 0, 1, 1]","[1, 1, 1, 1, 0, 0, 1, 1, 1, 1, 1, 1, 0, 1, 0, 1, 0, 1, 1]","['True_animalFeed', 'True_water', 'True_liveAnimalInput', 'True_electricityFuel', 'True_transport', 'True_pesticideVeterinaryDrug', 'True_seed', 'True_otherChemical', 'True_animalPopulation', 'True_freshForage', 'True_excreta', 'True_product', 'True_waste', 'True_soilAmendment', 'True_operation', 'True_fertiliser', 'True_material', 'True_ingredient', 'True_cropResidue']",2,System Boundary,original,no rag,1
"[1, 1, 1, 0, 0, 1, 1, 1, 1, 1, 0, 1, 0, 1, 0, 1, 0, 1, 1]","[1, 1, 1, 1, 0, 0, 1, 1, 1, 1, 1, 1, 0, 1, 0, 1, 0, 1, 1]","['True_animalFeed', 'True_water', 'True_liveAnimalInput', 'True_electricityFuel', 'True_transport', 'True_pesticideVeterinaryDrug', 'True_seed', 'True_otherChemical', 'True_animalPopulation', 'True_freshForage', 'True_excreta', 'True_product', 'True_waste', 'True_soilAmendment', 'True_operation', 'True_fertiliser', 'True_material', 'True_ingredient', 'True_cropResidue']",2,System Boundary,original,rag,1
"[1, 1, 1, 0, 0, 1, 1, 1, 1, 1, 1, 1, 0, 1, 0, 1, 0, 1, 1]","[1, 0, 1, 0, 0, 1, 1, 1, 1, 1, 1, 1, 0, 1, 0, 1, 0, 1, 1]","['True_animalFeed', 'True_water', 'True_liveAnimalInput', 'True_electricityFuel', 'True_transport', 'True_pesticideVeterinaryDrug', 'True_seed', 'True_otherChemical', 'True_animalPopulation', 'True_freshForage', 'True_excreta', 'True_product', 'True_waste', 'True_soilAmendment', 'True_operation', 'True_fertiliser', 'True_material', 'True_ingredient', 'True_cropResidue']",76,System Boundary,standardized,no rag,1
"[1, 1, 1, 0, 0, 1, 1, 1, 1, 1, 1, 1, 0, 1, 0, 1, 0, 1, 1]","[1, 0, 1, 0, 0, 1, 1, 1, 1, 1, 1, 1, 0, 1, 0, 1, 0, 1, 1]","['True_animalFeed', 'True_water', 'True_liveAnimalInput', 'True_electricityFuel', 'True_transport', 'True_pesticideVeterinaryDrug', 'True_seed', 'True_otherChemical', 'True_animalPopulation', 'True_freshForage', 'True_excreta', 'True_product', 'True_waste', 'True_soilAmendment', 'True_operation', 'True_fertiliser', 'True_material', 'True_ingredient', 'True_cropResidue']",76,System Boundary,standardized,rag,1
"[1, 1, 1, 0, 0, 1, 1, 1, 1, 1, 1, 1, 0, 1, 0, 1, 0, 1, 1]","[1, 0, 1, 0, 1, 1, 1, 0, 1, 1, 1, 0, 0, 1, 0, 1, 0, 1, 1]","['True_animalFeed', 'True_water', 'True_liveAnimalInput', 'True_electricityFuel', 'True_transport', 'True_pesticideVeterinaryDrug', 'True_seed', 'True_otherChemical', 'True_animalPopulation', 'True_freshForage', 'True_excreta', 'True_product', 'True_waste', 'True_soilAmendment', 'True_operation', 'True_fertiliser', 'True_material', 'True_ingredient', 'True_cropResidue']",76,System Boundary,standardized,rag,1
"[1, 1, 1, 0, 0, 1, 1, 1, 1, 1, 1, 1, 0, 1, 0, 1, 0, 1, 1]","[1, 0, 1, 0, 1, 1, 1, 1, 1, 1, 1, 0, 0, 1, 0, 1, 0, 1, 1]","['True_animalFeed', 'True_water', 'True_liveAnimalInput', 'True_electricityFuel', 'True_transport', 'True_pesticideVeterinaryDrug', 'True_seed', 'True_otherChemical', 'True_animalPopulation', 'True_freshForage', 'True_excreta', 'True_product', 'True_waste', 'True_soilAmendment', 'True_operation', 'True_fertiliser', 'True_material', 'True_ingredient', 'True_cropResidue']",76,System Boundary,standardized,no rag,2
"[1, 1, 1, 0, 0, 1, 1, 1, 1, 1, 1, 1, 0, 1, 0, 1, 0, 1, 1]","[1, 0, 1, 0, 1, 1, 1, 1, 1, 1, 1, 0, 0, 1, 0, 1, 0, 1, 1]","['True_animalFeed', 'True_water', 'True_liveAnimalInput', 'True_electricityFuel', 'True_transport', 'True_pesticideVeterinaryDrug', 'True_seed', 'True_otherChemical', 'True_animalPopulation', 'True_freshForage', 'True_excreta', 'True_product', 'True_waste', 'True_soilAmendment', 'True_operation', 'True_fertiliser', 'True_material', 'True_ingredient', 'True_cropResidue']",76,System Boundary,standardized,rag,2
"[1, 1, 1, 0, 0, 1, 1, 1, 1, 1, 1, 1, 0, 1, 0, 1, 0, 1, 1]","[1, 1, 1, 0, 1, 1, 1, 1, 1, 1, 1, 0, 0, 1, 0, 1, 0, 1, 1]","['True_animalFeed', 'True_water', 'True_liveAnimalInput', 'True_electricityFuel', 'True_transport', 'True_pesticideVeterinaryDrug', 'True_seed', 'True_otherChemical', 'True_animalPopulation', 'True_freshForage', 'True_excreta', 'True_product', 'True_waste', 'True_soilAmendment', 'True_operation', 'True_fertiliser', 'True_material', 'True_ingredient', 'True_cropResidue']",76,System Boundary,standardized,no rag,2
"[1, 1, 1, 0, 0, 1, 1, 1, 1, 1, 1, 1, 0, 1, 0, 1, 0, 1, 1]","[1, 1, 1, 0, 1, 1, 1, 1, 1, 1, 1, 0, 0, 1, 0, 1, 0, 1, 1]","['True_animalFeed', 'True_water', 'True_liveAnimalInput', 'True_electricityFuel', 'True_transport', 'True_pesticideVeterinaryDrug', 'True_seed', 'True_otherChemical', 'True_animalPopulation', 'True_freshForage', 'True_excreta', 'True_product', 'True_waste', 'True_soilAmendment', 'True_operation', 'True_fertiliser', 'True_material', 'True_ingredient', 'True_cropResidue']",76,System Boundary,standardized,rag,2
"[1, 1, 1, 0, 0, 1, 1, 1, 1, 1, 1, 1, 0, 1, 0, 1, 0, 1, 1]","[1, 1, 1, 0, 1, 1, 1, 1, 1, 1, 1, 1, 0, 1, 0, 1, 0, 1, 1]","['True_animalFeed', 'True_water', 'True_liveAnimalInput', 'True_electricityFuel', 'True_transport', 'True_pesticideVeterinaryDrug', 'True_seed', 'True_otherChemical', 'True_animalPopulation', 'True_freshForage', 'True_excreta', 'True_product', 'True_waste', 'True_soilAmendment', 'True_operation', 'True_fertiliser', 'True_material', 'True_ingredient', 'True_cropResidue']",76,System Boundary,standardized,no rag,1
"[1, 1, 1, 0, 0, 1, 1, 1, 1, 1, 1, 1, 0, 1, 0, 1, 0, 1, 1]","[1, 1, 1, 1, 1, 1, 1, 1, 1, 1, 1, 1, 0, 1, 0, 1, 0, 1, 1]","['True_animalFeed', 'True_water', 'True_liveAnimalInput', 'True_electricityFuel', 'True_transport', 'True_pesticideVeterinaryDrug', 'True_seed', 'True_otherChemical', 'True_animalPopulation', 'True_freshForage', 'True_excreta', 'True_product', 'True_waste', 'True_soilAmendment', 'True_operation', 'True_fertiliser', 'True_material', 'True_ingredient', 'True_cropResidue']",76,System Boundary,standardized,rag,1
"[1, 1, 1, 1, 0, 0, 0, 1, 0, 0, 1, 1, 0, 1, 0, 1, 0, 1, 1]","[1, 1, 1, 1, 0, 0, 1, 1, 0, 0, 1, 1, 0, 1, 0, 1, 0, 1, 1]","['True_animalFeed', 'True_water', 'True_liveAnimalInput', 'True_electricityFuel', 'True_transport', 'True_pesticideVeterinaryDrug', 'True_seed', 'True_otherChemical', 'True_animalPopulation', 'True_freshForage', 'True_excreta', 'True_product', 'True_waste', 'True_soilAmendment', 'True_operation', 'True_fertiliser', 'True_material', 'True_ingredient', 'True_cropResidue']",71,System Boundary,original,no rag,1
"[1, 1, 1, 1, 0, 0, 0, 1, 0, 0, 1, 1, 0, 1, 0, 1, 0, 1, 1]","[1, 1, 1, 1, 0, 0, 1, 1, 0, 0, 1, 1, 0, 1, 0, 1, 0, 1, 1]","['True_animalFeed', 'True_water', 'True_liveAnimalInput', 'True_electricityFuel', 'True_transport', 'True_pesticideVeterinaryDrug', 'True_seed', 'True_otherChemical', 'True_animalPopulation', 'True_freshForage', 'True_excreta', 'True_product', 'True_waste', 'True_soilAmendment', 'True_operation', 'True_fertiliser', 'True_material', 'True_ingredient', 'True_cropResidue']",71,System Boundary,original,rag,2
"[1, 1, 1, 1, 0, 0, 0, 1, 0, 1, 1, 1, 0, 1, 0, 1, 0, 1, 1]","[1, 1, 1, 1, 0, 0, 1, 1, 0, 1, 1, 1, 0, 1, 0, 1, 0, 1, 1]","['True_animalFeed', 'True_water', 'True_liveAnimalInput', 'True_electricityFuel', 'True_transport', 'True_pesticideVeterinaryDrug', 'True_seed', 'True_otherChemical', 'True_animalPopulation', 'True_freshForage', 'True_excreta', 'True_product', 'True_waste', 'True_soilAmendment', 'True_operation', 'True_fertiliser', 'True_material', 'True_ingredient', 'True_cropResidue']",43,System Boundary,original,no rag,3
"[1, 1, 1, 1, 0, 0, 0, 1, 0, 1, 1, 1, 0, 1, 0, 1, 0, 1, 1]","[1, 1, 1, 1, 0, 0, 1, 1, 0, 1, 1, 1, 0, 1, 0, 1, 0, 1, 1]","['True_animalFeed', 'True_water', 'True_liveAnimalInput', 'True_electricityFuel', 'True_transport', 'True_pesticideVeterinaryDrug', 'True_seed', 'True_otherChemical', 'True_animalPopulation', 'True_freshForage', 'True_excreta', 'True_product', 'True_waste', 'True_soilAmendment', 'True_operation', 'True_fertiliser', 'True_material', 'True_ingredient', 'True_cropResidue']",43,System Boundary,original,rag,4
"[1, 1, 1, 1, 0, 0, 1, 1, 1, 1, 0, 0, 0, 1, 0, 1, 0, 1, 1]","[1, 0, 1, 1, 0, 0, 1, 1, 1, 1, 0, 1, 0, 1, 0, 1, 0, 1, 1]","['True_animalFeed', 'True_water', 'True_liveAnimalInput', 'True_electricityFuel', 'True_transport', 'True_pesticideVeterinaryDrug', 'True_seed', 'True_otherChemical', 'True_animalPopulation', 'True_freshForage', 'True_excreta', 'True_product', 'True_waste', 'True_soilAmendment', 'True_operation', 'True_fertiliser', 'True_material', 'True_ingredient', 'True_cropResidue']",22,System Boundary,original,no rag,1
"[1, 1, 1, 1, 0, 0, 1, 1, 1, 1, 1, 1, 0, 1, 0, 1, 0, 1, 1]","[1, 0, 1, 0, 0, 0, 1, 1, 1, 1, 0, 1, 0, 1, 0, 1, 0, 1, 1]","['True_animalFeed', 'True_water', 'True_liveAnimalInput', 'True_electricityFuel', 'True_transport', 'True_pesticideVeterinaryDrug', 'True_seed', 'True_otherChemical', 'True_animalPopulation', 'True_freshForage', 'True_excreta', 'True_product', 'True_waste', 'True_soilAmendment', 'True_operation', 'True_fertiliser', 'True_material', 'True_ingredient', 'True_cropResidue']",13,System Boundary,standardized,no rag,5
"[1, 1, 1, 1, 0, 0, 1, 1, 1, 1, 1, 1, 0, 1, 0, 1, 0, 1, 1]","[1, 0, 1, 0, 0, 0, 1, 1, 1, 1, 0, 1, 0, 1, 0, 1, 0, 1, 1]","['True_animalFeed', 'True_water', 'True_liveAnimalInput', 'True_electricityFuel', 'True_transport', 'True_pesticideVeterinaryDrug', 'True_seed', 'True_otherChemical', 'True_animalPopulation', 'True_freshForage', 'True_excreta', 'True_product', 'True_waste', 'True_soilAmendment', 'True_operation', 'True_fertiliser', 'True_material', 'True_ingredient', 'True_cropResidue']",13,System Boundary,standardized,rag,7
"[1, 1, 1, 1, 0, 0, 1, 1, 1, 1, 1, 1, 0, 1, 0, 1, 0, 1, 1]","[1, 0, 1, 0, 0, 1, 1, 1, 1, 1, 0, 1, 0, 1, 0, 1, 0, 1, 1]","['True_animalFeed', 'True_water', 'True_liveAnimalInput', 'True_electricityFuel', 'True_transport', 'True_pesticideVeterinaryDrug', 'True_seed', 'True_otherChemical', 'True_animalPopulation', 'True_freshForage', 'True_excreta', 'True_product', 'True_waste', 'True_soilAmendment', 'True_operation', 'True_fertiliser', 'True_material', 'True_ingredient', 'True_cropResidue']",13,System Boundary,standardized,no rag,1
"[1, 1, 1, 1, 0, 0, 1, 1, 1, 1, 1, 1, 0, 1, 0, 1, 0, 1, 1]","[1, 1, 1, 0, 0, 0, 1, 1, 1, 1, 1, 1, 0, 1, 0, 1, 0, 1, 1]","['True_animalFeed', 'True_water', 'True_liveAnimalInput', 'True_electricityFuel', 'True_transport', 'True_pesticideVeterinaryDrug', 'True_seed', 'True_otherChemical', 'True_animalPopulation', 'True_freshForage', 'True_excreta', 'True_product', 'True_waste', 'True_soilAmendment', 'True_operation', 'True_fertiliser', 'True_material', 'True_ingredient', 'True_cropResidue']",13,System Boundary,standardized,no rag,1
"[1, 1, 1, 1, 0, 0, 1, 1, 1, 1, 1, 1, 1, 1, 0, 1, 0, 1, 1]","[1, 0, 0, 1, 0, 0, 1, 1, 1, 1, 0, 1, 0, 1, 0, 1, 0, 1, 1]","['True_animalFeed', 'True_water', 'True_liveAnimalInput', 'True_electricityFuel', 'True_transport', 'True_pesticideVeterinaryDrug', 'True_seed', 'True_otherChemical', 'True_animalPopulation', 'True_freshForage', 'True_excreta', 'True_product', 'True_waste', 'True_soilAmendment', 'True_operation', 'True_fertiliser', 'True_material', 'True_ingredient', 'True_cropResidue']",19,System Boundary,standardized,no rag,1
"[1, 1, 1, 1, 0, 0, 1, 1, 1, 1, 1, 1, 1, 1, 0, 1, 0, 1, 1]","[1, 0, 1, 0, 0, 0, 1, 1, 1, 1, 0, 1, 0, 1, 0, 1, 0, 1, 1]","['True_animalFeed', 'True_water', 'True_liveAnimalInput', 'True_electricityFuel', 'True_transport', 'True_pesticideVeterinaryDrug', 'True_seed', 'True_otherChemical', 'True_animalPopulation', 'True_freshForage', 'True_excreta', 'True_product', 'True_waste', 'True_soilAmendment', 'True_operation', 'True_fertiliser', 'True_material', 'True_ingredient', 'True_cropResidue']",19,System Boundary,standardized,rag,1
"[1, 1, 1, 1, 0, 0, 1, 1, 1, 1, 1, 1, 1, 1, 0, 1, 0, 1, 1]","[1, 0, 1, 1, 0, 0, 1, 1, 1, 1, 0, 1, 0, 1, 0, 1, 0, 1, 1]","['True_animalFeed', 'True_water', 'True_liveAnimalInput', 'True_electricityFuel', 'True_transport', 'True_pesticideVeterinaryDrug', 'True_seed', 'True_otherChemical', 'True_animalPopulation', 'True_freshForage', 'True_excreta', 'True_product', 'True_waste', 'True_soilAmendment', 'True_operation', 'True_fertiliser', 'True_material', 'True_ingredient', 'True_cropResidue']",19,System Boundary,standardized,rag,2
"[1, 1, 1, 1, 0, 0, 1, 1, 1, 1, 1, 1, 1, 1, 0, 1, 0, 1, 1]","[1, 1, 0, 1, 0, 0, 1, 1, 1, 1, 0, 1, 0, 1, 0, 1, 0, 1, 1]","['True_animalFeed', 'True_water', 'True_liveAnimalInput', 'True_electricityFuel', 'True_transport', 'True_pesticideVeterinaryDrug', 'True_seed', 'True_otherChemical', 'True_animalPopulation', 'True_freshForage', 'True_excreta', 'True_product', 'True_waste', 'True_soilAmendment', 'True_operation', 'True_fertiliser', 'True_material', 'True_ingredient', 'True_cropResidue']",19,System Boundary,standardized,rag,1
"[1, 1, 1, 1, 0, 0, 1, 1, 1, 1, 1, 1, 1, 1, 0, 1, 0, 1, 1]","[1, 1, 0, 1, 0, 0, 1, 1, 1, 1, 1, 1, 0, 1, 0, 1, 0, 1, 1]","['True_animalFeed', 'True_water', 'True_liveAnimalInput', 'True_electricityFuel', 'True_transport', 'True_pesticideVeterinaryDrug', 'True_seed', 'True_otherChemical', 'True_animalPopulation', 'True_freshForage', 'True_excreta', 'True_product', 'True_waste', 'True_soilAmendment', 'True_operation', 'True_fertiliser', 'True_material', 'True_ingredient', 'True_cropResidue']",19,System Boundary,standardized,no rag,1
"[1, 1, 1, 1, 0, 0, 1, 1, 1, 1, 1, 1, 1, 1, 0, 1, 0, 1, 1]","[1, 1, 0, 1, 0, 0, 1, 1, 1, 1, 1, 1, 1, 1, 0, 1, 0, 1, 1]","['True_animalFeed', 'True_water', 'True_liveAnimalInput', 'True_electricityFuel', 'True_transport', 'True_pesticideVeterinaryDrug', 'True_seed', 'True_otherChemical', 'True_animalPopulation', 'True_freshForage', 'True_excreta', 'True_product', 'True_waste', 'True_soilAmendment', 'True_operation', 'True_fertiliser', 'True_material', 'True_ingredient', 'True_cropResidue']",25,System Boundary,standardized,no rag,1
"[1, 1, 1, 1, 0, 0, 1, 1, 1, 1, 1, 1, 1, 1, 0, 1, 0, 1, 1]","[1, 1, 1, 0, 0, 0, 1, 1, 1, 1, 0, 1, 0, 1, 0, 1, 0, 1, 1]","['True_animalFeed', 'True_water', 'True_liveAnimalInput', 'True_electricityFuel', 'True_transport', 'True_pesticideVeterinaryDrug', 'True_seed', 'True_otherChemical', 'True_animalPopulation', 'True_freshForage', 'True_excreta', 'True_product', 'True_waste', 'True_soilAmendment', 'True_operation', 'True_fertiliser', 'True_material', 'True_ingredient', 'True_cropResidue']",19,System Boundary,standardized,no rag,1
"[1, 1, 1, 1, 0, 0, 1, 1, 1, 1, 1, 1, 1, 1, 0, 1, 0, 1, 1]","[1, 1, 1, 0, 0, 0, 1, 1, 1, 1, 0, 1, 0, 1, 0, 1, 0, 1, 1]","['True_animalFeed', 'True_water', 'True_liveAnimalInput', 'True_electricityFuel', 'True_transport', 'True_pesticideVeterinaryDrug', 'True_seed', 'True_otherChemical', 'True_animalPopulation', 'True_freshForage', 'True_excreta', 'True_product', 'True_waste', 'True_soilAmendment', 'True_operation', 'True_fertiliser', 'True_material', 'True_ingredient', 'True_cropResidue']",19,System Boundary,standardized,rag,1
"[1, 1, 1, 1, 0, 0, 1, 1, 1, 1, 1, 1, 1, 1, 0, 1, 0, 1, 1]","[1, 1, 1, 1, 0, 0, 1, 1, 1, 1, 0, 1, 0, 1, 0, 1, 0, 1, 1]","['True_animalFeed', 'True_water', 'True_liveAnimalInput', 'True_electricityFuel', 'True_transport', 'True_pesticideVeterinaryDrug', 'True_seed', 'True_otherChemical', 'True_animalPopulation', 'True_freshForage', 'True_excreta', 'True_product', 'True_waste', 'True_soilAmendment', 'True_operation', 'True_fertiliser', 'True_material', 'True_ingredient', 'True_cropResidue']",19,System Boundary,standardized,no rag,2
"[1, 1, 1, 1, 0, 0, 1, 1, 1, 1, 1, 1, 1, 1, 0, 1, 0, 1, 1]","[1, 1, 1, 1, 0, 0, 1, 1, 1, 1, 0, 1, 0, 1, 0, 1, 0, 1, 1]","['True_animalFeed', 'True_water', 'True_liveAnimalInput', 'True_electricityFuel', 'True_transport', 'True_pesticideVeterinaryDrug', 'True_seed', 'True_otherChemical', 'True_animalPopulation', 'True_freshForage', 'True_excreta', 'True_product', 'True_waste', 'True_soilAmendment', 'True_operation', 'True_fertiliser', 'True_material', 'True_ingredient', 'True_cropResidue']",19,System Boundary,standardized,rag,2
"[1, 1, 1, 1, 0, 0, 1, 1, 1, 1, 1, 1, 1, 1, 0, 1, 0, 1, 1]","[1, 1, 1, 1, 0, 0, 1, 1, 1, 1, 1, 1, 0, 1, 0, 1, 0, 1, 1]","['True_animalFeed', 'True_water', 'True_liveAnimalInput', 'True_electricityFuel', 'True_transport', 'True_pesticideVeterinaryDrug', 'True_seed', 'True_otherChemical', 'True_animalPopulation', 'True_freshForage', 'True_excreta', 'True_product', 'True_waste', 'True_soilAmendment', 'True_operation', 'True_fertiliser', 'True_material', 'True_ingredient', 'True_cropResidue']",19,System Boundary,standardized,no rag,1
"[1, 1, 1, 1, 0, 0, 1, 1, 1, 1, 1, 1, 1, 1, 0, 1, 0, 1, 1]","[1, 1, 1, 1, 0, 1, 1, 1, 1, 1, 1, 1, 0, 1, 0, 1, 0, 1, 1]","['True_animalFeed', 'True_water', 'True_liveAnimalInput', 'True_electricityFuel', 'True_transport', 'True_pesticideVeterinaryDrug', 'True_seed', 'True_otherChemical', 'True_animalPopulation', 'True_freshForage', 'True_excreta', 'True_product', 'True_waste', 'True_soilAmendment', 'True_operation', 'True_fertiliser', 'True_material', 'True_ingredient', 'True_cropResidue']",19,System Boundary,standardized,no rag,1
"[1, 1, 1, 1, 1, 1, 1, 1, 1, 1, 1, 1, 0, 1, 1, 1, 0, 1, 1]","[1, 0, 1, 0, 0, 1, 1, 1, 1, 1, 1, 1, 0, 1, 0, 1, 0, 1, 1]","['True_animalFeed', 'True_water', 'True_liveAnimalInput', 'True_electricityFuel', 'True_transport', 'True_pesticideVeterinaryDrug', 'True_seed', 'True_otherChemical', 'True_animalPopulation', 'True_freshForage', 'True_excreta', 'True_product', 'True_waste', 'True_soilAmendment', 'True_operation', 'True_fertiliser', 'True_material', 'True_ingredient', 'True_cropResidue']",76,System Boundary,original,no rag,3
"[1, 1, 1, 1, 1, 1, 1, 1, 1, 1, 1, 1, 0, 1, 1, 1, 0, 1, 1]","[1, 0, 1, 0, 0, 1, 1, 1, 1, 1, 1, 1, 0, 1, 0, 1, 0, 1, 1]","['True_animalFeed', 'True_water', 'True_liveAnimalInput', 'True_electricityFuel', 'True_transport', 'True_pesticideVeterinaryDrug', 'True_seed', 'True_otherChemical', 'True_animalPopulation', 'True_freshForage', 'True_excreta', 'True_product', 'True_waste', 'True_soilAmendment', 'True_operation', 'True_fertiliser', 'True_material', 'True_ingredient', 'True_cropResidue']",76,System Boundary,original,rag,3
"[1, 1, 1, 1, 1, 1, 1, 1, 1, 1, 1, 1, 0, 1, 1, 1, 0, 1, 1]","[1, 1, 1, 0, 0, 1, 1, 1, 1, 1, 1, 1, 0, 1, 0, 1, 0, 1, 1]","['True_animalFeed', 'True_water', 'True_liveAnimalInput', 'True_electricityFuel', 'True_transport', 'True_pesticideVeterinaryDrug', 'True_seed', 'True_otherChemical', 'True_animalPopulation', 'True_freshForage', 'True_excreta', 'True_product', 'True_waste', 'True_soilAmendment', 'True_operation', 'True_fertiliser', 'True_material', 'True_ingredient', 'True_cropResidue']",76,System Boundary,original,no rag,1
"[1, 1, 1, 1, 1, 1, 1, 1, 1, 1, 1, 1, 0, 1, 1, 1, 0, 1, 1]","[1, 1, 1, 0, 0, 1, 1, 1, 1, 1, 1, 1, 0, 1, 0, 1, 0, 1, 1]","['True_animalFeed', 'True_water', 'True_liveAnimalInput', 'True_electricityFuel', 'True_transport', 'True_pesticideVeterinaryDrug', 'True_seed', 'True_otherChemical', 'True_animalPopulation', 'True_freshForage', 'True_excreta', 'True_product', 'True_waste', 'True_soilAmendment', 'True_operation', 'True_fertiliser', 'True_material', 'True_ingredient', 'True_cropResidue']",76,System Boundary,original,rag,2
"[1, 1, 1, 1, 1, 1, 1, 1, 1, 1, 1, 1, 0, 1, 1, 1, 0, 1, 1]","[1, 1, 1, 0, 1, 1, 1, 1, 1, 1, 1, 1, 0, 1, 0, 1, 0, 1, 1]","['True_animalFeed', 'True_water', 'True_liveAnimalInput', 'True_electricityFuel', 'True_transport', 'True_pesticideVeterinaryDrug', 'True_seed', 'True_otherChemical', 'True_animalPopulation', 'True_freshForage', 'True_excreta', 'True_product', 'True_waste', 'True_soilAmendment', 'True_operation', 'True_fertiliser', 'True_material', 'True_ingredient', 'True_cropResidue']",76,System Boundary,original,no rag,1
"[1, 1, 1, 1, 1, 1, 1, 1, 1, 1, 1, 1, 0, 1, 1, 1, 0, 1, 1]","[1, 1, 1, 1, 0, 1, 1, 1, 1, 1, 1, 1, 0, 1, 0, 1, 0, 1, 1]","['True_animalFeed', 'True_water', 'True_liveAnimalInput', 'True_electricityFuel', 'True_transport', 'True_pesticideVeterinaryDrug', 'True_seed', 'True_otherChemical', 'True_animalPopulation', 'True_freshForage', 'True_excreta', 'True_product', 'True_waste', 'True_soilAmendment', 'True_operation', 'True_fertiliser', 'True_material', 'True_ingredient', 'True_cropResidue']",76,System Boundary,original,no rag,2
"[1, 1, 1, 1, 1, 1, 1, 1, 1, 1, 1, 1, 0, 1, 1, 1, 0, 1, 1]","[1, 1, 1, 1, 0, 1, 1, 1, 1, 1, 1, 1, 0, 1, 0, 1, 0, 1, 1]","['True_animalFeed', 'True_water', 'True_liveAnimalInput', 'True_electricityFuel', 'True_transport', 'True_pesticideVeterinaryDrug', 'True_seed', 'True_otherChemical', 'True_animalPopulation', 'True_freshForage', 'True_excreta', 'True_product', 'True_waste', 'True_soilAmendment', 'True_operation', 'True_fertiliser', 'True_material', 'True_ingredient', 'True_cropResidue']",76,System Boundary,original,rag,1
"[1, 1, 1, 1, 1, 1, 1, 1, 1, 1, 1, 1, 0, 1, 1, 1, 0, 1, 1]","[1, 1, 1, 1, 1, 1, 1, 1, 1, 1, 1, 1, 0, 1, 0, 1, 0, 1, 1]","['True_animalFeed', 'True_water', 'True_liveAnimalInput', 'True_electricityFuel', 'True_transport', 'True_pesticideVeterinaryDrug', 'True_seed', 'True_otherChemical', 'True_animalPopulation', 'True_freshForage', 'True_excreta', 'True_product', 'True_waste', 'True_soilAmendment', 'True_operation', 'True_fertiliser', 'True_material', 'True_ingredient', 'True_cropResidue']",76,System Boundary,original,rag,1
"[1, 1, 1, 1, 1, 1, 1, 1, 1, 1, 1, 1, 1, 1, 1, 1, 0, 1, 0]","[1, 1, 1, 1, 0, 1, 1, 1, 1, 1, 0, 1, 0, 1, 1, 1, 0, 1, 0]","['True_animalFeed', 'True_water', 'True_liveAnimalInput', 'True_electricityFuel', 'True_transport', 'True_pesticideVeterinaryDrug', 'True_seed', 'True_otherChemical', 'True_animalPopulation', 'True_freshForage', 'True_excreta', 'True_product', 'True_waste', 'True_soilAmendment', 'True_operation', 'True_fertiliser', 'True_material', 'True_ingredient', 'True_cropResidue']",33,System Boundary,standardized,rag,1
"[1, 1, 1, 1, 1, 1, 1, 1, 1, 1, 1, 1, 1, 1, 1, 1, 0, 1, 0]","[1, 1, 1, 1, 0, 1, 1, 1, 1, 1, 1, 1, 1, 1, 1, 1, 0, 1, 0]","['True_animalFeed', 'True_water', 'True_liveAnimalInput', 'True_electricityFuel', 'True_transport', 'True_pesticideVeterinaryDrug', 'True_seed', 'True_otherChemical', 'True_animalPopulation', 'True_freshForage', 'True_excreta', 'True_product', 'True_waste', 'True_soilAmendment', 'True_operation', 'True_fertiliser', 'True_material', 'True_ingredient', 'True_cropResidue']",33,System Boundary,standardized,no rag,1
