,context,true_labels,preds_70,classes,sample index,model,dataset,dataset_type,RAG
18,"permanent pasture producing Sheep, ewe in United Kingdom. Additional description: Generic grass pasture for sheep and cattle..","[0, 0, 0, 0, 0, 0, 1, 0, 0, 0]","[0, 0, 0, 0, 0, 1, 1, 0, 0, 0]","['days', '1 ha', 'kg', 'kg cold dressed carcass weight/head', 'kg cold carcass weight/head', 'kg liveweight/head', 'relative', 'unitless', 'kg ready-to-cook weight/head', '%']",18,climatebert/distilroberta-base-climate-f,functionalUnit,recalculated,no rag
22,"animal housing producing Pig, piglet in Denmark. Additional description: Sow herds-2011.","[1, 0, 0, 0, 0, 1, 1, 0, 0, 1]","[0, 0, 0, 0, 0, 1, 1, 0, 0, 1]","['days', '1 ha', 'kg', 'kg cold dressed carcass weight/head', 'kg cold carcass weight/head', 'kg liveweight/head', 'relative', 'unitless', 'kg ready-to-cook weight/head', '%']",22,climatebert/distilroberta-base-climate-f,functionalUnit,recalculated,no rag
31,"animal housing producing Beef cattle, calf (female, weaned) in United Kingdom. Additional description: Indoor cattle system..","[0, 0, 0, 0, 0, 0, 1, 0, 0, 0]","[0, 0, 0, 0, 0, 1, 1, 0, 0, 0]","['days', '1 ha', 'kg', 'kg cold dressed carcass weight/head', 'kg cold carcass weight/head', 'kg liveweight/head', 'relative', 'unitless', 'kg ready-to-cook weight/head', '%']",31,climatebert/distilroberta-base-climate-f,functionalUnit,recalculated,no rag
35,"permanent pasture producing Sheep, ewe in United Kingdom. Additional description: High sugar pasture for sheep and cattle..","[0, 0, 0, 0, 1, 1, 1, 0, 0, 0]","[0, 0, 0, 0, 0, 1, 1, 0, 0, 0]","['days', '1 ha', 'kg', 'kg cold dressed carcass weight/head', 'kg cold carcass weight/head', 'kg liveweight/head', 'relative', 'unitless', 'kg ready-to-cook weight/head', '%']",35,climatebert/distilroberta-base-climate-f,functionalUnit,recalculated,no rag
36,"permanent pasture producing Sheep, lamb in United Kingdom. Additional description: High sugar and white clover pasture mix for sheep and cattle..","[0, 0, 0, 0, 0, 0, 1, 0, 0, 0]","[0, 0, 0, 0, 0, 1, 1, 0, 0, 0]","['days', '1 ha', 'kg', 'kg cold dressed carcass weight/head', 'kg cold carcass weight/head', 'kg liveweight/head', 'relative', 'unitless', 'kg ready-to-cook weight/head', '%']",36,climatebert/distilroberta-base-climate-f,functionalUnit,recalculated,no rag
38,"permanent pasture producing Dairy cattle, heifer in New Zealand. Additional description: Off-site replacement cow pasture grazing from weaned calf -> 90% of mature weight (2mo -> 22mo) (2017/18).","[1, 1, 0, 0, 0, 1, 0, 0, 0, 0]","[0, 0, 0, 0, 0, 0, 1, 0, 0, 0]","['days', '1 ha', 'kg', 'kg cold dressed carcass weight/head', 'kg cold carcass weight/head', 'kg liveweight/head', 'relative', 'unitless', 'kg ready-to-cook weight/head', '%']",38,climatebert/distilroberta-base-climate-f,functionalUnit,recalculated,no rag
39,"permanent pasture producing Beef cattle, heifer in United Kingdom. Additional description: High sugar pasture for sheep and cattle..","[0, 0, 0, 0, 0, 1, 1, 0, 0, 0]","[0, 0, 0, 0, 1, 1, 1, 0, 0, 0]","['days', '1 ha', 'kg', 'kg cold dressed carcass weight/head', 'kg cold carcass weight/head', 'kg liveweight/head', 'relative', 'unitless', 'kg ready-to-cook weight/head', '%']",39,climatebert/distilroberta-base-climate-f,functionalUnit,recalculated,no rag
41,"permanent pasture producing Sheep, ewe in United Kingdom. Additional description: Generic grass pasture for sheep and cattle..","[0, 0, 0, 0, 0, 0, 1, 0, 0, 0]","[0, 0, 0, 0, 0, 1, 1, 0, 0, 0]","['days', '1 ha', 'kg', 'kg cold dressed carcass weight/head', 'kg cold carcass weight/head', 'kg liveweight/head', 'relative', 'unitless', 'kg ready-to-cook weight/head', '%']",41,climatebert/distilroberta-base-climate-f,functionalUnit,recalculated,no rag
53,"animal housing producing Electricity, produced on in site, solar PV. Additional description: Kipster-Laying hens scenario 1.","[0, 0, 0, 0, 0, 0, 1, 0, 0, 0]","[0, 0, 0, 0, 0, 1, 1, 0, 0, 0]","['days', '1 ha', 'kg', 'kg cold dressed carcass weight/head', 'kg cold carcass weight/head', 'kg liveweight/head', 'relative', 'unitless', 'kg ready-to-cook weight/head', '%']",53,climatebert/distilroberta-base-climate-f,functionalUnit,recalculated,no rag
59,agri-food processor producing Ripened cheese in Italy.,"[0, 0, 0, 0, 0, 0, 1, 0, 0, 1]","[0, 0, 0, 0, 0, 0, 1, 0, 0, 0]","['days', '1 ha', 'kg', 'kg cold dressed carcass weight/head', 'kg cold carcass weight/head', 'kg liveweight/head', 'relative', 'unitless', 'kg ready-to-cook weight/head', '%']",59,climatebert/distilroberta-base-climate-f,functionalUnit,recalculated,no rag
60,"permanent pasture producing Sheep, lamb in United Kingdom. Additional description: High sugar pasture for sheep and cattle..","[0, 0, 0, 0, 0, 0, 1, 0, 0, 0]","[0, 0, 0, 0, 0, 1, 1, 0, 0, 0]","['days', '1 ha', 'kg', 'kg cold dressed carcass weight/head', 'kg cold carcass weight/head', 'kg liveweight/head', 'relative', 'unitless', 'kg ready-to-cook weight/head', '%']",60,climatebert/distilroberta-base-climate-f,functionalUnit,recalculated,no rag
70,"animal housing producing Electricity, produced on in site, solar PV. Additional description: Kipster-Laying hens scenario 3.","[0, 0, 0, 0, 0, 0, 1, 0, 0, 0]","[0, 0, 0, 0, 0, 1, 1, 0, 0, 0]","['days', '1 ha', 'kg', 'kg cold dressed carcass weight/head', 'kg cold carcass weight/head', 'kg liveweight/head', 'relative', 'unitless', 'kg ready-to-cook weight/head', '%']",70,climatebert/distilroberta-base-climate-f,functionalUnit,recalculated,no rag
82,animal housing producing Pig in Germany. Additional description: Fattening-FARM.,"[1, 0, 0, 0, 0, 1, 1, 0, 0, 0]","[0, 0, 0, 0, 0, 1, 1, 0, 0, 0]","['days', '1 ha', 'kg', 'kg cold dressed carcass weight/head', 'kg cold carcass weight/head', 'kg liveweight/head', 'relative', 'unitless', 'kg ready-to-cook weight/head', '%']",82,climatebert/distilroberta-base-climate-f,functionalUnit,recalculated,no rag
84,"animal housing producing Beef cattle, calf (male, weaned) in United Kingdom. Additional description: Indoor cattle system..","[0, 0, 0, 0, 0, 0, 1, 0, 0, 0]","[0, 0, 0, 0, 0, 1, 1, 0, 0, 0]","['days', '1 ha', 'kg', 'kg cold dressed carcass weight/head', 'kg cold carcass weight/head', 'kg liveweight/head', 'relative', 'unitless', 'kg ready-to-cook weight/head', '%']",84,climatebert/distilroberta-base-climate-f,functionalUnit,recalculated,no rag
94,"permanent pasture producing Sheep, ewe in United Kingdom. Additional description: High sugar and white clover pasture mix for sheep and cattle..","[0, 0, 0, 0, 1, 1, 1, 0, 0, 0]","[0, 0, 0, 0, 0, 1, 1, 0, 0, 0]","['days', '1 ha', 'kg', 'kg cold dressed carcass weight/head', 'kg cold carcass weight/head', 'kg liveweight/head', 'relative', 'unitless', 'kg ready-to-cook weight/head', '%']",94,climatebert/distilroberta-base-climate-f,functionalUnit,recalculated,no rag
18,"permanent pasture producing Sheep, ewe in United Kingdom. Additional description: Generic grass pasture for sheep and cattle..","[0, 0, 0, 0, 0, 0, 1, 0, 0, 0]","[0, 0, 0, 0, 0, 1, 1, 0, 0, 0]","['days', '1 ha', 'kg', 'kg cold dressed carcass weight/head', 'kg cold carcass weight/head', 'kg liveweight/head', 'relative', 'unitless', 'kg ready-to-cook weight/head', '%']",18,ESGBERT/EnvironmentalBERT-base,functionalUnit,recalculated,no rag
31,"animal housing producing Beef cattle, calf (female, weaned) in United Kingdom. Additional description: Indoor cattle system..","[0, 0, 0, 0, 0, 0, 1, 0, 0, 0]","[0, 0, 0, 0, 0, 1, 1, 0, 0, 0]","['days', '1 ha', 'kg', 'kg cold dressed carcass weight/head', 'kg cold carcass weight/head', 'kg liveweight/head', 'relative', 'unitless', 'kg ready-to-cook weight/head', '%']",31,ESGBERT/EnvironmentalBERT-base,functionalUnit,recalculated,no rag
35,"permanent pasture producing Sheep, ewe in United Kingdom. Additional description: High sugar pasture for sheep and cattle..","[0, 0, 0, 0, 1, 1, 1, 0, 0, 0]","[0, 0, 0, 0, 0, 1, 1, 0, 0, 0]","['days', '1 ha', 'kg', 'kg cold dressed carcass weight/head', 'kg cold carcass weight/head', 'kg liveweight/head', 'relative', 'unitless', 'kg ready-to-cook weight/head', '%']",35,ESGBERT/EnvironmentalBERT-base,functionalUnit,recalculated,no rag
36,"permanent pasture producing Sheep, lamb in United Kingdom. Additional description: High sugar and white clover pasture mix for sheep and cattle..","[0, 0, 0, 0, 0, 0, 1, 0, 0, 0]","[0, 0, 0, 0, 0, 1, 1, 0, 0, 0]","['days', '1 ha', 'kg', 'kg cold dressed carcass weight/head', 'kg cold carcass weight/head', 'kg liveweight/head', 'relative', 'unitless', 'kg ready-to-cook weight/head', '%']",36,ESGBERT/EnvironmentalBERT-base,functionalUnit,recalculated,no rag
38,"permanent pasture producing Dairy cattle, heifer in New Zealand. Additional description: Off-site replacement cow pasture grazing from weaned calf -> 90% of mature weight (2mo -> 22mo) (2017/18).","[1, 1, 0, 0, 0, 1, 0, 0, 0, 0]","[0, 1, 0, 0, 0, 0, 0, 0, 0, 0]","['days', '1 ha', 'kg', 'kg cold dressed carcass weight/head', 'kg cold carcass weight/head', 'kg liveweight/head', 'relative', 'unitless', 'kg ready-to-cook weight/head', '%']",38,ESGBERT/EnvironmentalBERT-base,functionalUnit,recalculated,no rag
39,"permanent pasture producing Beef cattle, heifer in United Kingdom. Additional description: High sugar pasture for sheep and cattle..","[0, 0, 0, 0, 0, 1, 1, 0, 0, 0]","[0, 0, 0, 0, 1, 1, 1, 0, 0, 0]","['days', '1 ha', 'kg', 'kg cold dressed carcass weight/head', 'kg cold carcass weight/head', 'kg liveweight/head', 'relative', 'unitless', 'kg ready-to-cook weight/head', '%']",39,ESGBERT/EnvironmentalBERT-base,functionalUnit,recalculated,no rag
41,"permanent pasture producing Sheep, ewe in United Kingdom. Additional description: Generic grass pasture for sheep and cattle..","[0, 0, 0, 0, 0, 0, 1, 0, 0, 0]","[0, 0, 0, 0, 0, 1, 1, 0, 0, 0]","['days', '1 ha', 'kg', 'kg cold dressed carcass weight/head', 'kg cold carcass weight/head', 'kg liveweight/head', 'relative', 'unitless', 'kg ready-to-cook weight/head', '%']",41,ESGBERT/EnvironmentalBERT-base,functionalUnit,recalculated,no rag
60,"permanent pasture producing Sheep, lamb in United Kingdom. Additional description: High sugar pasture for sheep and cattle..","[0, 0, 0, 0, 0, 0, 1, 0, 0, 0]","[0, 0, 0, 0, 0, 1, 1, 0, 0, 0]","['days', '1 ha', 'kg', 'kg cold dressed carcass weight/head', 'kg cold carcass weight/head', 'kg liveweight/head', 'relative', 'unitless', 'kg ready-to-cook weight/head', '%']",60,ESGBERT/EnvironmentalBERT-base,functionalUnit,recalculated,no rag
82,animal housing producing Pig in Germany. Additional description: Fattening-FARM.,"[1, 0, 0, 0, 0, 1, 1, 0, 0, 0]","[0, 0, 0, 0, 0, 1, 1, 0, 0, 0]","['days', '1 ha', 'kg', 'kg cold dressed carcass weight/head', 'kg cold carcass weight/head', 'kg liveweight/head', 'relative', 'unitless', 'kg ready-to-cook weight/head', '%']",82,ESGBERT/EnvironmentalBERT-base,functionalUnit,recalculated,no rag
84,"animal housing producing Beef cattle, calf (male, weaned) in United Kingdom. Additional description: Indoor cattle system..","[0, 0, 0, 0, 0, 0, 1, 0, 0, 0]","[0, 0, 0, 0, 0, 1, 1, 0, 0, 0]","['days', '1 ha', 'kg', 'kg cold dressed carcass weight/head', 'kg cold carcass weight/head', 'kg liveweight/head', 'relative', 'unitless', 'kg ready-to-cook weight/head', '%']",84,ESGBERT/EnvironmentalBERT-base,functionalUnit,recalculated,no rag
94,"permanent pasture producing Sheep, ewe in United Kingdom. Additional description: High sugar and white clover pasture mix for sheep and cattle..","[0, 0, 0, 0, 1, 1, 1, 0, 0, 0]","[0, 0, 0, 0, 0, 1, 1, 0, 0, 0]","['days', '1 ha', 'kg', 'kg cold dressed carcass weight/head', 'kg cold carcass weight/head', 'kg liveweight/head', 'relative', 'unitless', 'kg ready-to-cook weight/head', '%']",94,ESGBERT/EnvironmentalBERT-base,functionalUnit,recalculated,no rag
18,"permanent pasture producing Sheep, ewe in United Kingdom. Additional description: Generic grass pasture for sheep and cattle..","[0, 0, 0, 0, 0, 0, 1, 0, 0, 0]","[0, 0, 0, 0, 0, 1, 1, 0, 0, 0]","['days', '1 ha', 'kg', 'kg cold dressed carcass weight/head', 'kg cold carcass weight/head', 'kg liveweight/head', 'relative', 'unitless', 'kg ready-to-cook weight/head', '%']",18,FacebookAI/roberta-large,functionalUnit,recalculated,no rag
31,"animal housing producing Beef cattle, calf (female, weaned) in United Kingdom. Additional description: Indoor cattle system..","[0, 0, 0, 0, 0, 0, 1, 0, 0, 0]","[0, 0, 0, 0, 0, 1, 1, 0, 0, 0]","['days', '1 ha', 'kg', 'kg cold dressed carcass weight/head', 'kg cold carcass weight/head', 'kg liveweight/head', 'relative', 'unitless', 'kg ready-to-cook weight/head', '%']",31,FacebookAI/roberta-large,functionalUnit,recalculated,no rag
35,"permanent pasture producing Sheep, ewe in United Kingdom. Additional description: High sugar pasture for sheep and cattle..","[0, 0, 0, 0, 1, 1, 1, 0, 0, 0]","[0, 0, 0, 0, 0, 1, 1, 0, 0, 0]","['days', '1 ha', 'kg', 'kg cold dressed carcass weight/head', 'kg cold carcass weight/head', 'kg liveweight/head', 'relative', 'unitless', 'kg ready-to-cook weight/head', '%']",35,FacebookAI/roberta-large,functionalUnit,recalculated,no rag
36,"permanent pasture producing Sheep, lamb in United Kingdom. Additional description: High sugar and white clover pasture mix for sheep and cattle..","[0, 0, 0, 0, 0, 0, 1, 0, 0, 0]","[0, 0, 0, 0, 0, 1, 1, 0, 0, 0]","['days', '1 ha', 'kg', 'kg cold dressed carcass weight/head', 'kg cold carcass weight/head', 'kg liveweight/head', 'relative', 'unitless', 'kg ready-to-cook weight/head', '%']",36,FacebookAI/roberta-large,functionalUnit,recalculated,no rag
38,"permanent pasture producing Dairy cattle, heifer in New Zealand. Additional description: Off-site replacement cow pasture grazing from weaned calf -> 90% of mature weight (2mo -> 22mo) (2017/18).","[1, 1, 0, 0, 0, 1, 0, 0, 0, 0]","[0, 1, 0, 0, 0, 0, 0, 0, 0, 0]","['days', '1 ha', 'kg', 'kg cold dressed carcass weight/head', 'kg cold carcass weight/head', 'kg liveweight/head', 'relative', 'unitless', 'kg ready-to-cook weight/head', '%']",38,FacebookAI/roberta-large,functionalUnit,recalculated,no rag
39,"permanent pasture producing Beef cattle, heifer in United Kingdom. Additional description: High sugar pasture for sheep and cattle..","[0, 0, 0, 0, 0, 1, 1, 0, 0, 0]","[0, 0, 0, 0, 1, 1, 1, 0, 0, 0]","['days', '1 ha', 'kg', 'kg cold dressed carcass weight/head', 'kg cold carcass weight/head', 'kg liveweight/head', 'relative', 'unitless', 'kg ready-to-cook weight/head', '%']",39,FacebookAI/roberta-large,functionalUnit,recalculated,no rag
41,"permanent pasture producing Sheep, ewe in United Kingdom. Additional description: Generic grass pasture for sheep and cattle..","[0, 0, 0, 0, 0, 0, 1, 0, 0, 0]","[0, 0, 0, 0, 0, 1, 1, 0, 0, 0]","['days', '1 ha', 'kg', 'kg cold dressed carcass weight/head', 'kg cold carcass weight/head', 'kg liveweight/head', 'relative', 'unitless', 'kg ready-to-cook weight/head', '%']",41,FacebookAI/roberta-large,functionalUnit,recalculated,no rag
53,"animal housing producing Electricity, produced on in site, solar PV. Additional description: Kipster-Laying hens scenario 1.","[0, 0, 0, 0, 0, 0, 1, 0, 0, 0]","[0, 0, 0, 0, 0, 1, 1, 0, 0, 1]","['days', '1 ha', 'kg', 'kg cold dressed carcass weight/head', 'kg cold carcass weight/head', 'kg liveweight/head', 'relative', 'unitless', 'kg ready-to-cook weight/head', '%']",53,FacebookAI/roberta-large,functionalUnit,recalculated,no rag
59,agri-food processor producing Ripened cheese in Italy.,"[0, 0, 0, 0, 0, 0, 1, 0, 0, 1]","[0, 0, 0, 0, 0, 0, 1, 0, 0, 0]","['days', '1 ha', 'kg', 'kg cold dressed carcass weight/head', 'kg cold carcass weight/head', 'kg liveweight/head', 'relative', 'unitless', 'kg ready-to-cook weight/head', '%']",59,FacebookAI/roberta-large,functionalUnit,recalculated,no rag
60,"permanent pasture producing Sheep, lamb in United Kingdom. Additional description: High sugar pasture for sheep and cattle..","[0, 0, 0, 0, 0, 0, 1, 0, 0, 0]","[0, 0, 0, 0, 0, 1, 1, 0, 0, 0]","['days', '1 ha', 'kg', 'kg cold dressed carcass weight/head', 'kg cold carcass weight/head', 'kg liveweight/head', 'relative', 'unitless', 'kg ready-to-cook weight/head', '%']",60,FacebookAI/roberta-large,functionalUnit,recalculated,no rag
70,"animal housing producing Electricity, produced on in site, solar PV. Additional description: Kipster-Laying hens scenario 3.","[0, 0, 0, 0, 0, 0, 1, 0, 0, 0]","[0, 0, 0, 0, 0, 1, 1, 0, 0, 1]","['days', '1 ha', 'kg', 'kg cold dressed carcass weight/head', 'kg cold carcass weight/head', 'kg liveweight/head', 'relative', 'unitless', 'kg ready-to-cook weight/head', '%']",70,FacebookAI/roberta-large,functionalUnit,recalculated,no rag
84,"animal housing producing Beef cattle, calf (male, weaned) in United Kingdom. Additional description: Indoor cattle system..","[0, 0, 0, 0, 0, 0, 1, 0, 0, 0]","[0, 0, 0, 0, 0, 1, 1, 0, 0, 0]","['days', '1 ha', 'kg', 'kg cold dressed carcass weight/head', 'kg cold carcass weight/head', 'kg liveweight/head', 'relative', 'unitless', 'kg ready-to-cook weight/head', '%']",84,FacebookAI/roberta-large,functionalUnit,recalculated,no rag
94,"permanent pasture producing Sheep, ewe in United Kingdom. Additional description: High sugar and white clover pasture mix for sheep and cattle..","[0, 0, 0, 0, 1, 1, 1, 0, 0, 0]","[0, 0, 0, 0, 0, 1, 1, 0, 0, 0]","['days', '1 ha', 'kg', 'kg cold dressed carcass weight/head', 'kg cold carcass weight/head', 'kg liveweight/head', 'relative', 'unitless', 'kg ready-to-cook weight/head', '%']",94,FacebookAI/roberta-large,functionalUnit,recalculated,no rag
18,"permanent pasture producing Sheep, ewe in United Kingdom. Additional description: Generic grass pasture for sheep and cattle..","[0, 0, 0, 0, 0, 0, 1, 0, 0, 0]","[0, 0, 0, 0, 0, 1, 1, 0, 0, 0]","['days', '1 ha', 'kg', 'kg cold dressed carcass weight/head', 'kg cold carcass weight/head', 'kg liveweight/head', 'relative', 'unitless', 'kg ready-to-cook weight/head', '%']",18,google-bert/bert-base-uncased,functionalUnit,recalculated,no rag
31,"animal housing producing Beef cattle, calf (female, weaned) in United Kingdom. Additional description: Indoor cattle system..","[0, 0, 0, 0, 0, 0, 1, 0, 0, 0]","[0, 0, 0, 0, 0, 1, 1, 0, 0, 0]","['days', '1 ha', 'kg', 'kg cold dressed carcass weight/head', 'kg cold carcass weight/head', 'kg liveweight/head', 'relative', 'unitless', 'kg ready-to-cook weight/head', '%']",31,google-bert/bert-base-uncased,functionalUnit,recalculated,no rag
35,"permanent pasture producing Sheep, ewe in United Kingdom. Additional description: High sugar pasture for sheep and cattle..","[0, 0, 0, 0, 1, 1, 1, 0, 0, 0]","[0, 0, 0, 0, 0, 1, 1, 0, 0, 0]","['days', '1 ha', 'kg', 'kg cold dressed carcass weight/head', 'kg cold carcass weight/head', 'kg liveweight/head', 'relative', 'unitless', 'kg ready-to-cook weight/head', '%']",35,google-bert/bert-base-uncased,functionalUnit,recalculated,no rag
36,"permanent pasture producing Sheep, lamb in United Kingdom. Additional description: High sugar and white clover pasture mix for sheep and cattle..","[0, 0, 0, 0, 0, 0, 1, 0, 0, 0]","[0, 0, 0, 0, 0, 1, 1, 0, 0, 0]","['days', '1 ha', 'kg', 'kg cold dressed carcass weight/head', 'kg cold carcass weight/head', 'kg liveweight/head', 'relative', 'unitless', 'kg ready-to-cook weight/head', '%']",36,google-bert/bert-base-uncased,functionalUnit,recalculated,no rag
38,"permanent pasture producing Dairy cattle, heifer in New Zealand. Additional description: Off-site replacement cow pasture grazing from weaned calf -> 90% of mature weight (2mo -> 22mo) (2017/18).","[1, 1, 0, 0, 0, 1, 0, 0, 0, 0]","[0, 1, 0, 0, 0, 0, 0, 0, 0, 0]","['days', '1 ha', 'kg', 'kg cold dressed carcass weight/head', 'kg cold carcass weight/head', 'kg liveweight/head', 'relative', 'unitless', 'kg ready-to-cook weight/head', '%']",38,google-bert/bert-base-uncased,functionalUnit,recalculated,no rag
39,"permanent pasture producing Beef cattle, heifer in United Kingdom. Additional description: High sugar pasture for sheep and cattle..","[0, 0, 0, 0, 0, 1, 1, 0, 0, 0]","[0, 0, 0, 0, 1, 1, 1, 0, 0, 0]","['days', '1 ha', 'kg', 'kg cold dressed carcass weight/head', 'kg cold carcass weight/head', 'kg liveweight/head', 'relative', 'unitless', 'kg ready-to-cook weight/head', '%']",39,google-bert/bert-base-uncased,functionalUnit,recalculated,no rag
41,"permanent pasture producing Sheep, ewe in United Kingdom. Additional description: Generic grass pasture for sheep and cattle..","[0, 0, 0, 0, 0, 0, 1, 0, 0, 0]","[0, 0, 0, 0, 0, 1, 1, 0, 0, 0]","['days', '1 ha', 'kg', 'kg cold dressed carcass weight/head', 'kg cold carcass weight/head', 'kg liveweight/head', 'relative', 'unitless', 'kg ready-to-cook weight/head', '%']",41,google-bert/bert-base-uncased,functionalUnit,recalculated,no rag
53,"animal housing producing Electricity, produced on in site, solar PV. Additional description: Kipster-Laying hens scenario 1.","[0, 0, 0, 0, 0, 0, 1, 0, 0, 0]","[1, 0, 0, 0, 0, 1, 1, 0, 0, 0]","['days', '1 ha', 'kg', 'kg cold dressed carcass weight/head', 'kg cold carcass weight/head', 'kg liveweight/head', 'relative', 'unitless', 'kg ready-to-cook weight/head', '%']",53,google-bert/bert-base-uncased,functionalUnit,recalculated,no rag
59,agri-food processor producing Ripened cheese in Italy.,"[0, 0, 0, 0, 0, 0, 1, 0, 0, 1]","[0, 0, 0, 0, 0, 0, 1, 0, 0, 0]","['days', '1 ha', 'kg', 'kg cold dressed carcass weight/head', 'kg cold carcass weight/head', 'kg liveweight/head', 'relative', 'unitless', 'kg ready-to-cook weight/head', '%']",59,google-bert/bert-base-uncased,functionalUnit,recalculated,no rag
60,"permanent pasture producing Sheep, lamb in United Kingdom. Additional description: High sugar pasture for sheep and cattle..","[0, 0, 0, 0, 0, 0, 1, 0, 0, 0]","[0, 0, 0, 0, 0, 1, 1, 0, 0, 0]","['days', '1 ha', 'kg', 'kg cold dressed carcass weight/head', 'kg cold carcass weight/head', 'kg liveweight/head', 'relative', 'unitless', 'kg ready-to-cook weight/head', '%']",60,google-bert/bert-base-uncased,functionalUnit,recalculated,no rag
70,"animal housing producing Electricity, produced on in site, solar PV. Additional description: Kipster-Laying hens scenario 3.","[0, 0, 0, 0, 0, 0, 1, 0, 0, 0]","[1, 0, 0, 0, 0, 1, 1, 0, 0, 0]","['days', '1 ha', 'kg', 'kg cold dressed carcass weight/head', 'kg cold carcass weight/head', 'kg liveweight/head', 'relative', 'unitless', 'kg ready-to-cook weight/head', '%']",70,google-bert/bert-base-uncased,functionalUnit,recalculated,no rag
84,"animal housing producing Beef cattle, calf (male, weaned) in United Kingdom. Additional description: Indoor cattle system..","[0, 0, 0, 0, 0, 0, 1, 0, 0, 0]","[0, 0, 0, 0, 0, 1, 1, 0, 0, 0]","['days', '1 ha', 'kg', 'kg cold dressed carcass weight/head', 'kg cold carcass weight/head', 'kg liveweight/head', 'relative', 'unitless', 'kg ready-to-cook weight/head', '%']",84,google-bert/bert-base-uncased,functionalUnit,recalculated,no rag
87,"animal housing producing Dairy cattle, cow in Southern Europe. Additional description: Aggregate cycle representing all 75 dairy farms sampled.","[0, 0, 0, 0, 0, 0, 1, 0, 0, 0]","[0, 0, 0, 0, 0, 1, 1, 0, 0, 0]","['days', '1 ha', 'kg', 'kg cold dressed carcass weight/head', 'kg cold carcass weight/head', 'kg liveweight/head', 'relative', 'unitless', 'kg ready-to-cook weight/head', '%']",87,google-bert/bert-base-uncased,functionalUnit,recalculated,no rag
94,"permanent pasture producing Sheep, ewe in United Kingdom. Additional description: High sugar and white clover pasture mix for sheep and cattle..","[0, 0, 0, 0, 1, 1, 1, 0, 0, 0]","[0, 0, 0, 0, 0, 1, 1, 0, 0, 0]","['days', '1 ha', 'kg', 'kg cold dressed carcass weight/head', 'kg cold carcass weight/head', 'kg liveweight/head', 'relative', 'unitless', 'kg ready-to-cook weight/head', '%']",94,google-bert/bert-base-uncased,functionalUnit,recalculated,no rag
18,"permanent pasture producing Sheep, ewe in United Kingdom. Additional description: Generic grass pasture for sheep and cattle..","[0, 0, 0, 0, 0, 0, 1, 0, 0, 0]","[0, 0, 0, 0, 0, 1, 1, 0, 0, 0]","['days', '1 ha', 'kg', 'kg cold dressed carcass weight/head', 'kg cold carcass weight/head', 'kg liveweight/head', 'relative', 'unitless', 'kg ready-to-cook weight/head', '%']",18,microsoft/deberta-v3-base,functionalUnit,recalculated,no rag
31,"animal housing producing Beef cattle, calf (female, weaned) in United Kingdom. Additional description: Indoor cattle system..","[0, 0, 0, 0, 0, 0, 1, 0, 0, 0]","[0, 0, 0, 0, 0, 1, 1, 0, 0, 0]","['days', '1 ha', 'kg', 'kg cold dressed carcass weight/head', 'kg cold carcass weight/head', 'kg liveweight/head', 'relative', 'unitless', 'kg ready-to-cook weight/head', '%']",31,microsoft/deberta-v3-base,functionalUnit,recalculated,no rag
35,"permanent pasture producing Sheep, ewe in United Kingdom. Additional description: High sugar pasture for sheep and cattle..","[0, 0, 0, 0, 1, 1, 1, 0, 0, 0]","[0, 0, 0, 0, 0, 1, 1, 0, 0, 0]","['days', '1 ha', 'kg', 'kg cold dressed carcass weight/head', 'kg cold carcass weight/head', 'kg liveweight/head', 'relative', 'unitless', 'kg ready-to-cook weight/head', '%']",35,microsoft/deberta-v3-base,functionalUnit,recalculated,no rag
36,"permanent pasture producing Sheep, lamb in United Kingdom. Additional description: High sugar and white clover pasture mix for sheep and cattle..","[0, 0, 0, 0, 0, 0, 1, 0, 0, 0]","[0, 0, 0, 0, 0, 1, 1, 0, 0, 0]","['days', '1 ha', 'kg', 'kg cold dressed carcass weight/head', 'kg cold carcass weight/head', 'kg liveweight/head', 'relative', 'unitless', 'kg ready-to-cook weight/head', '%']",36,microsoft/deberta-v3-base,functionalUnit,recalculated,no rag
38,"permanent pasture producing Dairy cattle, heifer in New Zealand. Additional description: Off-site replacement cow pasture grazing from weaned calf -> 90% of mature weight (2mo -> 22mo) (2017/18).","[1, 1, 0, 0, 0, 1, 0, 0, 0, 0]","[0, 1, 0, 0, 0, 0, 1, 0, 0, 0]","['days', '1 ha', 'kg', 'kg cold dressed carcass weight/head', 'kg cold carcass weight/head', 'kg liveweight/head', 'relative', 'unitless', 'kg ready-to-cook weight/head', '%']",38,microsoft/deberta-v3-base,functionalUnit,recalculated,no rag
39,"permanent pasture producing Beef cattle, heifer in United Kingdom. Additional description: High sugar pasture for sheep and cattle..","[0, 0, 0, 0, 0, 1, 1, 0, 0, 0]","[0, 0, 0, 0, 1, 1, 1, 0, 0, 0]","['days', '1 ha', 'kg', 'kg cold dressed carcass weight/head', 'kg cold carcass weight/head', 'kg liveweight/head', 'relative', 'unitless', 'kg ready-to-cook weight/head', '%']",39,microsoft/deberta-v3-base,functionalUnit,recalculated,no rag
41,"permanent pasture producing Sheep, ewe in United Kingdom. Additional description: Generic grass pasture for sheep and cattle..","[0, 0, 0, 0, 0, 0, 1, 0, 0, 0]","[0, 0, 0, 0, 0, 1, 1, 0, 0, 0]","['days', '1 ha', 'kg', 'kg cold dressed carcass weight/head', 'kg cold carcass weight/head', 'kg liveweight/head', 'relative', 'unitless', 'kg ready-to-cook weight/head', '%']",41,microsoft/deberta-v3-base,functionalUnit,recalculated,no rag
53,"animal housing producing Electricity, produced on in site, solar PV. Additional description: Kipster-Laying hens scenario 1.","[0, 0, 0, 0, 0, 0, 1, 0, 0, 0]","[1, 0, 0, 0, 0, 1, 1, 0, 0, 0]","['days', '1 ha', 'kg', 'kg cold dressed carcass weight/head', 'kg cold carcass weight/head', 'kg liveweight/head', 'relative', 'unitless', 'kg ready-to-cook weight/head', '%']",53,microsoft/deberta-v3-base,functionalUnit,recalculated,no rag
59,agri-food processor producing Ripened cheese in Italy.,"[0, 0, 0, 0, 0, 0, 1, 0, 0, 1]","[0, 0, 0, 0, 0, 0, 1, 0, 0, 0]","['days', '1 ha', 'kg', 'kg cold dressed carcass weight/head', 'kg cold carcass weight/head', 'kg liveweight/head', 'relative', 'unitless', 'kg ready-to-cook weight/head', '%']",59,microsoft/deberta-v3-base,functionalUnit,recalculated,no rag
60,"permanent pasture producing Sheep, lamb in United Kingdom. Additional description: High sugar pasture for sheep and cattle..","[0, 0, 0, 0, 0, 0, 1, 0, 0, 0]","[0, 0, 0, 0, 0, 1, 1, 0, 0, 0]","['days', '1 ha', 'kg', 'kg cold dressed carcass weight/head', 'kg cold carcass weight/head', 'kg liveweight/head', 'relative', 'unitless', 'kg ready-to-cook weight/head', '%']",60,microsoft/deberta-v3-base,functionalUnit,recalculated,no rag
70,"animal housing producing Electricity, produced on in site, solar PV. Additional description: Kipster-Laying hens scenario 3.","[0, 0, 0, 0, 0, 0, 1, 0, 0, 0]","[1, 0, 0, 0, 0, 1, 1, 0, 0, 0]","['days', '1 ha', 'kg', 'kg cold dressed carcass weight/head', 'kg cold carcass weight/head', 'kg liveweight/head', 'relative', 'unitless', 'kg ready-to-cook weight/head', '%']",70,microsoft/deberta-v3-base,functionalUnit,recalculated,no rag
84,"animal housing producing Beef cattle, calf (male, weaned) in United Kingdom. Additional description: Indoor cattle system..","[0, 0, 0, 0, 0, 0, 1, 0, 0, 0]","[0, 0, 0, 0, 0, 1, 1, 0, 0, 0]","['days', '1 ha', 'kg', 'kg cold dressed carcass weight/head', 'kg cold carcass weight/head', 'kg liveweight/head', 'relative', 'unitless', 'kg ready-to-cook weight/head', '%']",84,microsoft/deberta-v3-base,functionalUnit,recalculated,no rag
94,"permanent pasture producing Sheep, ewe in United Kingdom. Additional description: High sugar and white clover pasture mix for sheep and cattle..","[0, 0, 0, 0, 1, 1, 1, 0, 0, 0]","[0, 0, 0, 0, 0, 1, 1, 0, 0, 0]","['days', '1 ha', 'kg', 'kg cold dressed carcass weight/head', 'kg cold carcass weight/head', 'kg liveweight/head', 'relative', 'unitless', 'kg ready-to-cook weight/head', '%']",94,microsoft/deberta-v3-base,functionalUnit,recalculated,no rag
18,"permanent pasture producing Sheep, ewe in United Kingdom. Additional description: Generic grass pasture for sheep and cattle..","[0, 0, 0, 0, 0, 0, 1, 0, 0, 0]","[0, 0, 0, 0, 0, 1, 1, 0, 0, 0]","['days', '1 ha', 'kg', 'kg cold dressed carcass weight/head', 'kg cold carcass weight/head', 'kg liveweight/head', 'relative', 'unitless', 'kg ready-to-cook weight/head', '%']",18,microsoft/deberta-v3-large,functionalUnit,recalculated,no rag
31,"animal housing producing Beef cattle, calf (female, weaned) in United Kingdom. Additional description: Indoor cattle system..","[0, 0, 0, 0, 0, 0, 1, 0, 0, 0]","[0, 0, 0, 0, 0, 1, 1, 0, 0, 0]","['days', '1 ha', 'kg', 'kg cold dressed carcass weight/head', 'kg cold carcass weight/head', 'kg liveweight/head', 'relative', 'unitless', 'kg ready-to-cook weight/head', '%']",31,microsoft/deberta-v3-large,functionalUnit,recalculated,no rag
35,"permanent pasture producing Sheep, ewe in United Kingdom. Additional description: High sugar pasture for sheep and cattle..","[0, 0, 0, 0, 1, 1, 1, 0, 0, 0]","[0, 0, 0, 0, 0, 1, 1, 0, 0, 0]","['days', '1 ha', 'kg', 'kg cold dressed carcass weight/head', 'kg cold carcass weight/head', 'kg liveweight/head', 'relative', 'unitless', 'kg ready-to-cook weight/head', '%']",35,microsoft/deberta-v3-large,functionalUnit,recalculated,no rag
36,"permanent pasture producing Sheep, lamb in United Kingdom. Additional description: High sugar and white clover pasture mix for sheep and cattle..","[0, 0, 0, 0, 0, 0, 1, 0, 0, 0]","[0, 0, 0, 0, 0, 1, 1, 0, 0, 0]","['days', '1 ha', 'kg', 'kg cold dressed carcass weight/head', 'kg cold carcass weight/head', 'kg liveweight/head', 'relative', 'unitless', 'kg ready-to-cook weight/head', '%']",36,microsoft/deberta-v3-large,functionalUnit,recalculated,no rag
38,"permanent pasture producing Dairy cattle, heifer in New Zealand. Additional description: Off-site replacement cow pasture grazing from weaned calf -> 90% of mature weight (2mo -> 22mo) (2017/18).","[1, 1, 0, 0, 0, 1, 0, 0, 0, 0]","[0, 1, 0, 0, 0, 0, 1, 0, 0, 0]","['days', '1 ha', 'kg', 'kg cold dressed carcass weight/head', 'kg cold carcass weight/head', 'kg liveweight/head', 'relative', 'unitless', 'kg ready-to-cook weight/head', '%']",38,microsoft/deberta-v3-large,functionalUnit,recalculated,no rag
39,"permanent pasture producing Beef cattle, heifer in United Kingdom. Additional description: High sugar pasture for sheep and cattle..","[0, 0, 0, 0, 0, 1, 1, 0, 0, 0]","[0, 0, 0, 0, 1, 1, 1, 0, 0, 0]","['days', '1 ha', 'kg', 'kg cold dressed carcass weight/head', 'kg cold carcass weight/head', 'kg liveweight/head', 'relative', 'unitless', 'kg ready-to-cook weight/head', '%']",39,microsoft/deberta-v3-large,functionalUnit,recalculated,no rag
41,"permanent pasture producing Sheep, ewe in United Kingdom. Additional description: Generic grass pasture for sheep and cattle..","[0, 0, 0, 0, 0, 0, 1, 0, 0, 0]","[0, 0, 0, 0, 0, 1, 1, 0, 0, 0]","['days', '1 ha', 'kg', 'kg cold dressed carcass weight/head', 'kg cold carcass weight/head', 'kg liveweight/head', 'relative', 'unitless', 'kg ready-to-cook weight/head', '%']",41,microsoft/deberta-v3-large,functionalUnit,recalculated,no rag
53,"animal housing producing Electricity, produced on in site, solar PV. Additional description: Kipster-Laying hens scenario 1.","[0, 0, 0, 0, 0, 0, 1, 0, 0, 0]","[1, 0, 0, 0, 0, 1, 1, 0, 0, 0]","['days', '1 ha', 'kg', 'kg cold dressed carcass weight/head', 'kg cold carcass weight/head', 'kg liveweight/head', 'relative', 'unitless', 'kg ready-to-cook weight/head', '%']",53,microsoft/deberta-v3-large,functionalUnit,recalculated,no rag
59,agri-food processor producing Ripened cheese in Italy.,"[0, 0, 0, 0, 0, 0, 1, 0, 0, 1]","[0, 0, 0, 0, 0, 0, 1, 0, 0, 0]","['days', '1 ha', 'kg', 'kg cold dressed carcass weight/head', 'kg cold carcass weight/head', 'kg liveweight/head', 'relative', 'unitless', 'kg ready-to-cook weight/head', '%']",59,microsoft/deberta-v3-large,functionalUnit,recalculated,no rag
60,"permanent pasture producing Sheep, lamb in United Kingdom. Additional description: High sugar pasture for sheep and cattle..","[0, 0, 0, 0, 0, 0, 1, 0, 0, 0]","[0, 0, 0, 0, 0, 1, 1, 0, 0, 0]","['days', '1 ha', 'kg', 'kg cold dressed carcass weight/head', 'kg cold carcass weight/head', 'kg liveweight/head', 'relative', 'unitless', 'kg ready-to-cook weight/head', '%']",60,microsoft/deberta-v3-large,functionalUnit,recalculated,no rag
70,"animal housing producing Electricity, produced on in site, solar PV. Additional description: Kipster-Laying hens scenario 3.","[0, 0, 0, 0, 0, 0, 1, 0, 0, 0]","[1, 0, 0, 0, 0, 1, 1, 0, 0, 0]","['days', '1 ha', 'kg', 'kg cold dressed carcass weight/head', 'kg cold carcass weight/head', 'kg liveweight/head', 'relative', 'unitless', 'kg ready-to-cook weight/head', '%']",70,microsoft/deberta-v3-large,functionalUnit,recalculated,no rag
84,"animal housing producing Beef cattle, calf (male, weaned) in United Kingdom. Additional description: Indoor cattle system..","[0, 0, 0, 0, 0, 0, 1, 0, 0, 0]","[0, 0, 0, 0, 0, 1, 1, 0, 0, 0]","['days', '1 ha', 'kg', 'kg cold dressed carcass weight/head', 'kg cold carcass weight/head', 'kg liveweight/head', 'relative', 'unitless', 'kg ready-to-cook weight/head', '%']",84,microsoft/deberta-v3-large,functionalUnit,recalculated,no rag
94,"permanent pasture producing Sheep, ewe in United Kingdom. Additional description: High sugar and white clover pasture mix for sheep and cattle..","[0, 0, 0, 0, 1, 1, 1, 0, 0, 0]","[0, 0, 0, 0, 0, 1, 1, 0, 0, 0]","['days', '1 ha', 'kg', 'kg cold dressed carcass weight/head', 'kg cold carcass weight/head', 'kg liveweight/head', 'relative', 'unitless', 'kg ready-to-cook weight/head', '%']",94,microsoft/deberta-v3-large,functionalUnit,recalculated,no rag
18,"permanent pasture producing Sheep, ewe in United Kingdom. Additional description: Generic grass pasture for sheep and cattle..","[0, 0, 0, 0, 0, 0, 1, 0, 0, 0]","[0, 0, 0, 0, 0, 1, 1, 0, 0, 0]","['days', '1 ha', 'kg', 'kg cold dressed carcass weight/head', 'kg cold carcass weight/head', 'kg liveweight/head', 'relative', 'unitless', 'kg ready-to-cook weight/head', '%']",18,microsoft/deberta-v3-small,functionalUnit,recalculated,no rag
31,"animal housing producing Beef cattle, calf (female, weaned) in United Kingdom. Additional description: Indoor cattle system..","[0, 0, 0, 0, 0, 0, 1, 0, 0, 0]","[0, 0, 0, 0, 0, 1, 1, 0, 0, 0]","['days', '1 ha', 'kg', 'kg cold dressed carcass weight/head', 'kg cold carcass weight/head', 'kg liveweight/head', 'relative', 'unitless', 'kg ready-to-cook weight/head', '%']",31,microsoft/deberta-v3-small,functionalUnit,recalculated,no rag
35,"permanent pasture producing Sheep, ewe in United Kingdom. Additional description: High sugar pasture for sheep and cattle..","[0, 0, 0, 0, 1, 1, 1, 0, 0, 0]","[0, 0, 0, 0, 0, 1, 1, 0, 0, 0]","['days', '1 ha', 'kg', 'kg cold dressed carcass weight/head', 'kg cold carcass weight/head', 'kg liveweight/head', 'relative', 'unitless', 'kg ready-to-cook weight/head', '%']",35,microsoft/deberta-v3-small,functionalUnit,recalculated,no rag
36,"permanent pasture producing Sheep, lamb in United Kingdom. Additional description: High sugar and white clover pasture mix for sheep and cattle..","[0, 0, 0, 0, 0, 0, 1, 0, 0, 0]","[0, 0, 0, 0, 0, 1, 1, 0, 0, 0]","['days', '1 ha', 'kg', 'kg cold dressed carcass weight/head', 'kg cold carcass weight/head', 'kg liveweight/head', 'relative', 'unitless', 'kg ready-to-cook weight/head', '%']",36,microsoft/deberta-v3-small,functionalUnit,recalculated,no rag
38,"permanent pasture producing Dairy cattle, heifer in New Zealand. Additional description: Off-site replacement cow pasture grazing from weaned calf -> 90% of mature weight (2mo -> 22mo) (2017/18).","[1, 1, 0, 0, 0, 1, 0, 0, 0, 0]","[0, 1, 0, 0, 0, 0, 1, 0, 0, 0]","['days', '1 ha', 'kg', 'kg cold dressed carcass weight/head', 'kg cold carcass weight/head', 'kg liveweight/head', 'relative', 'unitless', 'kg ready-to-cook weight/head', '%']",38,microsoft/deberta-v3-small,functionalUnit,recalculated,no rag
39,"permanent pasture producing Beef cattle, heifer in United Kingdom. Additional description: High sugar pasture for sheep and cattle..","[0, 0, 0, 0, 0, 1, 1, 0, 0, 0]","[0, 0, 0, 0, 1, 1, 1, 0, 0, 0]","['days', '1 ha', 'kg', 'kg cold dressed carcass weight/head', 'kg cold carcass weight/head', 'kg liveweight/head', 'relative', 'unitless', 'kg ready-to-cook weight/head', '%']",39,microsoft/deberta-v3-small,functionalUnit,recalculated,no rag
41,"permanent pasture producing Sheep, ewe in United Kingdom. Additional description: Generic grass pasture for sheep and cattle..","[0, 0, 0, 0, 0, 0, 1, 0, 0, 0]","[0, 0, 0, 0, 0, 1, 1, 0, 0, 0]","['days', '1 ha', 'kg', 'kg cold dressed carcass weight/head', 'kg cold carcass weight/head', 'kg liveweight/head', 'relative', 'unitless', 'kg ready-to-cook weight/head', '%']",41,microsoft/deberta-v3-small,functionalUnit,recalculated,no rag
53,"animal housing producing Electricity, produced on in site, solar PV. Additional description: Kipster-Laying hens scenario 1.","[0, 0, 0, 0, 0, 0, 1, 0, 0, 0]","[1, 0, 0, 0, 0, 1, 1, 0, 0, 0]","['days', '1 ha', 'kg', 'kg cold dressed carcass weight/head', 'kg cold carcass weight/head', 'kg liveweight/head', 'relative', 'unitless', 'kg ready-to-cook weight/head', '%']",53,microsoft/deberta-v3-small,functionalUnit,recalculated,no rag
59,agri-food processor producing Ripened cheese in Italy.,"[0, 0, 0, 0, 0, 0, 1, 0, 0, 1]","[0, 0, 0, 0, 0, 0, 1, 0, 0, 0]","['days', '1 ha', 'kg', 'kg cold dressed carcass weight/head', 'kg cold carcass weight/head', 'kg liveweight/head', 'relative', 'unitless', 'kg ready-to-cook weight/head', '%']",59,microsoft/deberta-v3-small,functionalUnit,recalculated,no rag
60,"permanent pasture producing Sheep, lamb in United Kingdom. Additional description: High sugar pasture for sheep and cattle..","[0, 0, 0, 0, 0, 0, 1, 0, 0, 0]","[0, 0, 0, 0, 0, 1, 1, 0, 0, 0]","['days', '1 ha', 'kg', 'kg cold dressed carcass weight/head', 'kg cold carcass weight/head', 'kg liveweight/head', 'relative', 'unitless', 'kg ready-to-cook weight/head', '%']",60,microsoft/deberta-v3-small,functionalUnit,recalculated,no rag
70,"animal housing producing Electricity, produced on in site, solar PV. Additional description: Kipster-Laying hens scenario 3.","[0, 0, 0, 0, 0, 0, 1, 0, 0, 0]","[1, 0, 0, 0, 0, 1, 1, 0, 0, 0]","['days', '1 ha', 'kg', 'kg cold dressed carcass weight/head', 'kg cold carcass weight/head', 'kg liveweight/head', 'relative', 'unitless', 'kg ready-to-cook weight/head', '%']",70,microsoft/deberta-v3-small,functionalUnit,recalculated,no rag
84,"animal housing producing Beef cattle, calf (male, weaned) in United Kingdom. Additional description: Indoor cattle system..","[0, 0, 0, 0, 0, 0, 1, 0, 0, 0]","[0, 0, 0, 0, 0, 1, 1, 0, 0, 0]","['days', '1 ha', 'kg', 'kg cold dressed carcass weight/head', 'kg cold carcass weight/head', 'kg liveweight/head', 'relative', 'unitless', 'kg ready-to-cook weight/head', '%']",84,microsoft/deberta-v3-small,functionalUnit,recalculated,no rag
94,"permanent pasture producing Sheep, ewe in United Kingdom. Additional description: High sugar and white clover pasture mix for sheep and cattle..","[0, 0, 0, 0, 1, 1, 1, 0, 0, 0]","[0, 0, 0, 0, 0, 1, 1, 0, 0, 0]","['days', '1 ha', 'kg', 'kg cold dressed carcass weight/head', 'kg cold carcass weight/head', 'kg liveweight/head', 'relative', 'unitless', 'kg ready-to-cook weight/head', '%']",94,microsoft/deberta-v3-small,functionalUnit,recalculated,no rag
53,"animal housing producing Electricity, produced on in site, solar PV. Additional description: Kipster-Laying hens scenario 1.","[0, 0, 0, 0, 0, 0, 0, 1, 0, 0, 0, 0, 0, 0, 1, 0, 0, 0, 0, 0, 0, 0, 0, 0, 0, 0, 0, 0, 0, 0, 0, 0, 0, 0, 0, 0, 0, 0, 0, 0, 0, 0, 0, 0, 0, 0, 0, 0, 0, 0, 0, 0, 0, 0, 0, 0, 0, 0, 0, 0, 0, 0, 0, 0, 0, 0, 0, 0, 0, 0]","[0, 0, 0, 0, 0, 0, 0, 0, 0, 0, 0, 0, 0, 0, 0, 0, 0, 0, 0, 0, 0, 0, 0, 0, 0, 0, 0, 0, 0, 0, 0, 0, 0, 0, 0, 0, 0, 0, 0, 0, 0, 0, 0, 0, 0, 0, 0, 0, 0, 0, 0, 0, 0, 0, 0, 0, 0, 0, 0, 0, 0, 0, 0, 0, 0, 0, 0, 0, 0, 0]","['Beef cattle, steer', 'Beef cattle, heifer and steer', 'Broiler chicken', 'Dairy cattle, calf (male, unweaned)', 'Eggs', 'Soft', 'Sheep, ewe', 'Electricity', 'Cheese, sheep', 'Layer chicken, hen', 'Milk, cow, raw (FPCM)', 'Milk', 'Meat, chicken, leg', 'Whey, liquid', 'Electricity, produced on', 'Dairy cattle', 'Meat, chicken, breast', 'Meat, dairy cattle (liveweight)', 'Beef cattle, bull', 'Milk, cow, raw', 'Sheep, ram', 'Caciotta', 'Whey, powder', 'Buttermilk', 'Meat, chicken (cold carcass weight)', 'Pig, sow', 'Broiler chicken, chick', 'Sheep', 'Dairy cattle, calf', 'Beef cattle, calf (weaned)', 'Dairy cattle, calf (female, weaned)', 'Ricotta', 'Dairy cattle, heifer', 'Meat, beef cattle (cold carcass weight)', 'Beef cattle, calf (male, weaned)', 'Wastewater (kg mass)', 'Poultry by', 'Sheep, lamb', 'Eggs, hen, in shell (number)', 'Meat, dairy cattle (cold carcass weight)', 'Meat', 'Layer chicken', 'Butter', 'Meat, pig (cold dressed carcass weight)', 'Eggs, hen, in shell', 'Dairy cattle, cow', 'Fresh cheese', 'Cattle, urine (kg mass)', 'Cattle', 'Beef cattle, heifer', 'Pig', 'Beef cattle, cow', 'Cream', 'Ripened cheese', 'Dairy cattle, calf (weaned)', 'Yoghurt', 'Whey', 'Meat, beef cattle (liveweight)', 'Cheese, cow', 'Pig, piglet', 'Cheese', 'Meat, chicken (liveweight)', 'Beef cattle, calf (female, weaned)', 'Broiler chicken, hen', 'Cream, cow, raw', 'Sheep, lamb (weaned)', 'Beef cattle', 'Meat, chicken, wings', 'Meat, beef cattle (cold dressed carcass weight)', 'Layer chicken, pullet']",53,climatebert/distilroberta-base-climate-f,product,recalculated,no rag
70,"animal housing producing Electricity, produced on in site, solar PV. Additional description: Kipster-Laying hens scenario 3.","[0, 0, 0, 0, 0, 0, 0, 1, 0, 0, 0, 0, 0, 0, 1, 0, 0, 0, 0, 0, 0, 0, 0, 0, 0, 0, 0, 0, 0, 0, 0, 0, 0, 0, 0, 0, 0, 0, 0, 0, 0, 0, 0, 0, 0, 0, 0, 0, 0, 0, 0, 0, 0, 0, 0, 0, 0, 0, 0, 0, 0, 0, 0, 0, 0, 0, 0, 0, 0, 0]","[0, 0, 0, 0, 0, 0, 0, 0, 0, 0, 0, 0, 0, 0, 0, 0, 0, 0, 0, 0, 0, 0, 0, 0, 0, 0, 0, 0, 0, 0, 0, 0, 0, 0, 0, 0, 0, 0, 0, 0, 0, 0, 0, 0, 0, 0, 0, 0, 0, 0, 0, 0, 0, 0, 0, 0, 0, 0, 0, 0, 0, 0, 0, 0, 0, 0, 0, 0, 0, 0]","['Beef cattle, steer', 'Beef cattle, heifer and steer', 'Broiler chicken', 'Dairy cattle, calf (male, unweaned)', 'Eggs', 'Soft', 'Sheep, ewe', 'Electricity', 'Cheese, sheep', 'Layer chicken, hen', 'Milk, cow, raw (FPCM)', 'Milk', 'Meat, chicken, leg', 'Whey, liquid', 'Electricity, produced on', 'Dairy cattle', 'Meat, chicken, breast', 'Meat, dairy cattle (liveweight)', 'Beef cattle, bull', 'Milk, cow, raw', 'Sheep, ram', 'Caciotta', 'Whey, powder', 'Buttermilk', 'Meat, chicken (cold carcass weight)', 'Pig, sow', 'Broiler chicken, chick', 'Sheep', 'Dairy cattle, calf', 'Beef cattle, calf (weaned)', 'Dairy cattle, calf (female, weaned)', 'Ricotta', 'Dairy cattle, heifer', 'Meat, beef cattle (cold carcass weight)', 'Beef cattle, calf (male, weaned)', 'Wastewater (kg mass)', 'Poultry by', 'Sheep, lamb', 'Eggs, hen, in shell (number)', 'Meat, dairy cattle (cold carcass weight)', 'Meat', 'Layer chicken', 'Butter', 'Meat, pig (cold dressed carcass weight)', 'Eggs, hen, in shell', 'Dairy cattle, cow', 'Fresh cheese', 'Cattle, urine (kg mass)', 'Cattle', 'Beef cattle, heifer', 'Pig', 'Beef cattle, cow', 'Cream', 'Ripened cheese', 'Dairy cattle, calf (weaned)', 'Yoghurt', 'Whey', 'Meat, beef cattle (liveweight)', 'Cheese, cow', 'Pig, piglet', 'Cheese', 'Meat, chicken (liveweight)', 'Beef cattle, calf (female, weaned)', 'Broiler chicken, hen', 'Cream, cow, raw', 'Sheep, lamb (weaned)', 'Beef cattle', 'Meat, chicken, wings', 'Meat, beef cattle (cold dressed carcass weight)', 'Layer chicken, pullet']",70,climatebert/distilroberta-base-climate-f,product,recalculated,no rag
53,"animal housing producing Electricity, produced on in site, solar PV. Additional description: Kipster-Laying hens scenario 1.","[0, 0, 0, 0, 0, 0, 0, 1, 0, 0, 0, 0, 0, 0, 1, 0, 0, 0, 0, 0, 0, 0, 0, 0, 0, 0, 0, 0, 0, 0, 0, 0, 0, 0, 0, 0, 0, 0, 0, 0, 0, 0, 0, 0, 0, 0, 0, 0, 0, 0, 0, 0, 0, 0, 0, 0, 0, 0, 0, 0, 0, 0, 0, 0, 0, 0, 0, 0, 0, 0]","[0, 0, 0, 0, 0, 0, 0, 0, 0, 0, 0, 0, 0, 0, 0, 0, 0, 0, 0, 0, 0, 0, 0, 0, 0, 0, 0, 0, 0, 0, 0, 0, 0, 0, 0, 0, 0, 0, 0, 0, 0, 0, 0, 0, 0, 0, 0, 0, 0, 0, 0, 0, 0, 0, 0, 0, 0, 0, 0, 0, 0, 0, 0, 0, 0, 0, 0, 0, 0, 0]","['Beef cattle, steer', 'Beef cattle, heifer and steer', 'Broiler chicken', 'Dairy cattle, calf (male, unweaned)', 'Eggs', 'Soft', 'Sheep, ewe', 'Electricity', 'Cheese, sheep', 'Layer chicken, hen', 'Milk, cow, raw (FPCM)', 'Milk', 'Meat, chicken, leg', 'Whey, liquid', 'Electricity, produced on', 'Dairy cattle', 'Meat, chicken, breast', 'Meat, dairy cattle (liveweight)', 'Beef cattle, bull', 'Milk, cow, raw', 'Sheep, ram', 'Caciotta', 'Whey, powder', 'Buttermilk', 'Meat, chicken (cold carcass weight)', 'Pig, sow', 'Broiler chicken, chick', 'Sheep', 'Dairy cattle, calf', 'Beef cattle, calf (weaned)', 'Dairy cattle, calf (female, weaned)', 'Ricotta', 'Dairy cattle, heifer', 'Meat, beef cattle (cold carcass weight)', 'Beef cattle, calf (male, weaned)', 'Wastewater (kg mass)', 'Poultry by', 'Sheep, lamb', 'Eggs, hen, in shell (number)', 'Meat, dairy cattle (cold carcass weight)', 'Meat', 'Layer chicken', 'Butter', 'Meat, pig (cold dressed carcass weight)', 'Eggs, hen, in shell', 'Dairy cattle, cow', 'Fresh cheese', 'Cattle, urine (kg mass)', 'Cattle', 'Beef cattle, heifer', 'Pig', 'Beef cattle, cow', 'Cream', 'Ripened cheese', 'Dairy cattle, calf (weaned)', 'Yoghurt', 'Whey', 'Meat, beef cattle (liveweight)', 'Cheese, cow', 'Pig, piglet', 'Cheese', 'Meat, chicken (liveweight)', 'Beef cattle, calf (female, weaned)', 'Broiler chicken, hen', 'Cream, cow, raw', 'Sheep, lamb (weaned)', 'Beef cattle', 'Meat, chicken, wings', 'Meat, beef cattle (cold dressed carcass weight)', 'Layer chicken, pullet']",53,ESGBERT/EnvironmentalBERT-base,product,recalculated,no rag
70,"animal housing producing Electricity, produced on in site, solar PV. Additional description: Kipster-Laying hens scenario 3.","[0, 0, 0, 0, 0, 0, 0, 1, 0, 0, 0, 0, 0, 0, 1, 0, 0, 0, 0, 0, 0, 0, 0, 0, 0, 0, 0, 0, 0, 0, 0, 0, 0, 0, 0, 0, 0, 0, 0, 0, 0, 0, 0, 0, 0, 0, 0, 0, 0, 0, 0, 0, 0, 0, 0, 0, 0, 0, 0, 0, 0, 0, 0, 0, 0, 0, 0, 0, 0, 0]","[0, 0, 0, 0, 0, 0, 0, 0, 0, 0, 0, 0, 0, 0, 0, 0, 0, 0, 0, 0, 0, 0, 0, 0, 0, 0, 0, 0, 0, 0, 0, 0, 0, 0, 0, 0, 0, 0, 0, 0, 0, 0, 0, 0, 0, 0, 0, 0, 0, 0, 0, 0, 0, 0, 0, 0, 0, 0, 0, 0, 0, 0, 0, 0, 0, 0, 0, 0, 0, 0]","['Beef cattle, steer', 'Beef cattle, heifer and steer', 'Broiler chicken', 'Dairy cattle, calf (male, unweaned)', 'Eggs', 'Soft', 'Sheep, ewe', 'Electricity', 'Cheese, sheep', 'Layer chicken, hen', 'Milk, cow, raw (FPCM)', 'Milk', 'Meat, chicken, leg', 'Whey, liquid', 'Electricity, produced on', 'Dairy cattle', 'Meat, chicken, breast', 'Meat, dairy cattle (liveweight)', 'Beef cattle, bull', 'Milk, cow, raw', 'Sheep, ram', 'Caciotta', 'Whey, powder', 'Buttermilk', 'Meat, chicken (cold carcass weight)', 'Pig, sow', 'Broiler chicken, chick', 'Sheep', 'Dairy cattle, calf', 'Beef cattle, calf (weaned)', 'Dairy cattle, calf (female, weaned)', 'Ricotta', 'Dairy cattle, heifer', 'Meat, beef cattle (cold carcass weight)', 'Beef cattle, calf (male, weaned)', 'Wastewater (kg mass)', 'Poultry by', 'Sheep, lamb', 'Eggs, hen, in shell (number)', 'Meat, dairy cattle (cold carcass weight)', 'Meat', 'Layer chicken', 'Butter', 'Meat, pig (cold dressed carcass weight)', 'Eggs, hen, in shell', 'Dairy cattle, cow', 'Fresh cheese', 'Cattle, urine (kg mass)', 'Cattle', 'Beef cattle, heifer', 'Pig', 'Beef cattle, cow', 'Cream', 'Ripened cheese', 'Dairy cattle, calf (weaned)', 'Yoghurt', 'Whey', 'Meat, beef cattle (liveweight)', 'Cheese, cow', 'Pig, piglet', 'Cheese', 'Meat, chicken (liveweight)', 'Beef cattle, calf (female, weaned)', 'Broiler chicken, hen', 'Cream, cow, raw', 'Sheep, lamb (weaned)', 'Beef cattle', 'Meat, chicken, wings', 'Meat, beef cattle (cold dressed carcass weight)', 'Layer chicken, pullet']",70,ESGBERT/EnvironmentalBERT-base,product,recalculated,no rag
53,"animal housing producing Electricity, produced on in site, solar PV. Additional description: Kipster-Laying hens scenario 1.","[0, 0, 0, 0, 0, 0, 0, 1, 0, 0, 0, 0, 0, 0, 1, 0, 0, 0, 0, 0, 0, 0, 0, 0, 0, 0, 0, 0, 0, 0, 0, 0, 0, 0, 0, 0, 0, 0, 0, 0, 0, 0, 0, 0, 0, 0, 0, 0, 0, 0, 0, 0, 0, 0, 0, 0, 0, 0, 0, 0, 0, 0, 0, 0, 0, 0, 0, 0, 0, 0]","[0, 0, 0, 0, 0, 0, 0, 0, 0, 0, 0, 0, 0, 0, 0, 0, 0, 0, 0, 0, 0, 0, 0, 0, 0, 0, 0, 0, 0, 0, 0, 0, 0, 0, 0, 0, 0, 0, 0, 0, 0, 0, 0, 0, 0, 0, 0, 0, 0, 0, 0, 0, 0, 0, 0, 0, 0, 0, 0, 0, 0, 0, 0, 0, 0, 0, 0, 0, 0, 0]","['Beef cattle, steer', 'Beef cattle, heifer and steer', 'Broiler chicken', 'Dairy cattle, calf (male, unweaned)', 'Eggs', 'Soft', 'Sheep, ewe', 'Electricity', 'Cheese, sheep', 'Layer chicken, hen', 'Milk, cow, raw (FPCM)', 'Milk', 'Meat, chicken, leg', 'Whey, liquid', 'Electricity, produced on', 'Dairy cattle', 'Meat, chicken, breast', 'Meat, dairy cattle (liveweight)', 'Beef cattle, bull', 'Milk, cow, raw', 'Sheep, ram', 'Caciotta', 'Whey, powder', 'Buttermilk', 'Meat, chicken (cold carcass weight)', 'Pig, sow', 'Broiler chicken, chick', 'Sheep', 'Dairy cattle, calf', 'Beef cattle, calf (weaned)', 'Dairy cattle, calf (female, weaned)', 'Ricotta', 'Dairy cattle, heifer', 'Meat, beef cattle (cold carcass weight)', 'Beef cattle, calf (male, weaned)', 'Wastewater (kg mass)', 'Poultry by', 'Sheep, lamb', 'Eggs, hen, in shell (number)', 'Meat, dairy cattle (cold carcass weight)', 'Meat', 'Layer chicken', 'Butter', 'Meat, pig (cold dressed carcass weight)', 'Eggs, hen, in shell', 'Dairy cattle, cow', 'Fresh cheese', 'Cattle, urine (kg mass)', 'Cattle', 'Beef cattle, heifer', 'Pig', 'Beef cattle, cow', 'Cream', 'Ripened cheese', 'Dairy cattle, calf (weaned)', 'Yoghurt', 'Whey', 'Meat, beef cattle (liveweight)', 'Cheese, cow', 'Pig, piglet', 'Cheese', 'Meat, chicken (liveweight)', 'Beef cattle, calf (female, weaned)', 'Broiler chicken, hen', 'Cream, cow, raw', 'Sheep, lamb (weaned)', 'Beef cattle', 'Meat, chicken, wings', 'Meat, beef cattle (cold dressed carcass weight)', 'Layer chicken, pullet']",53,FacebookAI/roberta-large,product,recalculated,no rag
70,"animal housing producing Electricity, produced on in site, solar PV. Additional description: Kipster-Laying hens scenario 3.","[0, 0, 0, 0, 0, 0, 0, 1, 0, 0, 0, 0, 0, 0, 1, 0, 0, 0, 0, 0, 0, 0, 0, 0, 0, 0, 0, 0, 0, 0, 0, 0, 0, 0, 0, 0, 0, 0, 0, 0, 0, 0, 0, 0, 0, 0, 0, 0, 0, 0, 0, 0, 0, 0, 0, 0, 0, 0, 0, 0, 0, 0, 0, 0, 0, 0, 0, 0, 0, 0]","[0, 0, 0, 0, 0, 0, 0, 0, 0, 0, 0, 0, 0, 0, 0, 0, 0, 0, 0, 0, 0, 0, 0, 0, 0, 0, 0, 0, 0, 0, 0, 0, 0, 0, 0, 0, 0, 0, 0, 0, 0, 0, 0, 0, 0, 0, 0, 0, 0, 0, 0, 0, 0, 0, 0, 0, 0, 0, 0, 0, 0, 0, 0, 0, 0, 0, 0, 0, 0, 0]","['Beef cattle, steer', 'Beef cattle, heifer and steer', 'Broiler chicken', 'Dairy cattle, calf (male, unweaned)', 'Eggs', 'Soft', 'Sheep, ewe', 'Electricity', 'Cheese, sheep', 'Layer chicken, hen', 'Milk, cow, raw (FPCM)', 'Milk', 'Meat, chicken, leg', 'Whey, liquid', 'Electricity, produced on', 'Dairy cattle', 'Meat, chicken, breast', 'Meat, dairy cattle (liveweight)', 'Beef cattle, bull', 'Milk, cow, raw', 'Sheep, ram', 'Caciotta', 'Whey, powder', 'Buttermilk', 'Meat, chicken (cold carcass weight)', 'Pig, sow', 'Broiler chicken, chick', 'Sheep', 'Dairy cattle, calf', 'Beef cattle, calf (weaned)', 'Dairy cattle, calf (female, weaned)', 'Ricotta', 'Dairy cattle, heifer', 'Meat, beef cattle (cold carcass weight)', 'Beef cattle, calf (male, weaned)', 'Wastewater (kg mass)', 'Poultry by', 'Sheep, lamb', 'Eggs, hen, in shell (number)', 'Meat, dairy cattle (cold carcass weight)', 'Meat', 'Layer chicken', 'Butter', 'Meat, pig (cold dressed carcass weight)', 'Eggs, hen, in shell', 'Dairy cattle, cow', 'Fresh cheese', 'Cattle, urine (kg mass)', 'Cattle', 'Beef cattle, heifer', 'Pig', 'Beef cattle, cow', 'Cream', 'Ripened cheese', 'Dairy cattle, calf (weaned)', 'Yoghurt', 'Whey', 'Meat, beef cattle (liveweight)', 'Cheese, cow', 'Pig, piglet', 'Cheese', 'Meat, chicken (liveweight)', 'Beef cattle, calf (female, weaned)', 'Broiler chicken, hen', 'Cream, cow, raw', 'Sheep, lamb (weaned)', 'Beef cattle', 'Meat, chicken, wings', 'Meat, beef cattle (cold dressed carcass weight)', 'Layer chicken, pullet']",70,FacebookAI/roberta-large,product,recalculated,no rag
6,agri-food processor producing Yoghurt in Southern Europe. Additional description: Processing and packaging cycle to transform milk into various dairy products..,"[0, 0, 0, 0, 0, 0, 0, 0, 0, 0, 0, 0, 0, 0, 0, 0, 0, 0, 0, 0, 0, 0, 0, 0, 0, 0, 0, 0, 0, 0, 0, 0, 0, 0, 0, 0, 0, 0, 0, 0, 0, 0, 0, 0, 0, 0, 0, 0, 0, 0, 0, 0, 0, 0, 0, 1, 0, 0, 0, 0, 0, 0, 0, 0, 0, 0, 0, 0, 0, 0]","[0, 0, 0, 0, 0, 0, 0, 0, 0, 0, 0, 0, 0, 0, 0, 0, 0, 0, 0, 0, 0, 0, 0, 0, 0, 0, 0, 0, 0, 0, 0, 0, 0, 0, 0, 0, 0, 0, 0, 0, 0, 0, 0, 0, 0, 0, 0, 0, 0, 0, 0, 0, 0, 0, 0, 0, 0, 0, 0, 0, 0, 0, 0, 0, 0, 0, 0, 0, 0, 0]","['Beef cattle, steer', 'Beef cattle, heifer and steer', 'Broiler chicken', 'Dairy cattle, calf (male, unweaned)', 'Eggs', 'Soft', 'Sheep, ewe', 'Electricity', 'Cheese, sheep', 'Layer chicken, hen', 'Milk, cow, raw (FPCM)', 'Milk', 'Meat, chicken, leg', 'Whey, liquid', 'Electricity, produced on', 'Dairy cattle', 'Meat, chicken, breast', 'Meat, dairy cattle (liveweight)', 'Beef cattle, bull', 'Milk, cow, raw', 'Sheep, ram', 'Caciotta', 'Whey, powder', 'Buttermilk', 'Meat, chicken (cold carcass weight)', 'Pig, sow', 'Broiler chicken, chick', 'Sheep', 'Dairy cattle, calf', 'Beef cattle, calf (weaned)', 'Dairy cattle, calf (female, weaned)', 'Ricotta', 'Dairy cattle, heifer', 'Meat, beef cattle (cold carcass weight)', 'Beef cattle, calf (male, weaned)', 'Wastewater (kg mass)', 'Poultry by', 'Sheep, lamb', 'Eggs, hen, in shell (number)', 'Meat, dairy cattle (cold carcass weight)', 'Meat', 'Layer chicken', 'Butter', 'Meat, pig (cold dressed carcass weight)', 'Eggs, hen, in shell', 'Dairy cattle, cow', 'Fresh cheese', 'Cattle, urine (kg mass)', 'Cattle', 'Beef cattle, heifer', 'Pig', 'Beef cattle, cow', 'Cream', 'Ripened cheese', 'Dairy cattle, calf (weaned)', 'Yoghurt', 'Whey', 'Meat, beef cattle (liveweight)', 'Cheese, cow', 'Pig, piglet', 'Cheese', 'Meat, chicken (liveweight)', 'Beef cattle, calf (female, weaned)', 'Broiler chicken, hen', 'Cream, cow, raw', 'Sheep, lamb (weaned)', 'Beef cattle', 'Meat, chicken, wings', 'Meat, beef cattle (cold dressed carcass weight)', 'Layer chicken, pullet']",6,google-bert/bert-base-uncased,product,recalculated,no rag
53,"animal housing producing Electricity, produced on in site, solar PV. Additional description: Kipster-Laying hens scenario 1.","[0, 0, 0, 0, 0, 0, 0, 1, 0, 0, 0, 0, 0, 0, 1, 0, 0, 0, 0, 0, 0, 0, 0, 0, 0, 0, 0, 0, 0, 0, 0, 0, 0, 0, 0, 0, 0, 0, 0, 0, 0, 0, 0, 0, 0, 0, 0, 0, 0, 0, 0, 0, 0, 0, 0, 0, 0, 0, 0, 0, 0, 0, 0, 0, 0, 0, 0, 0, 0, 0]","[0, 0, 0, 0, 0, 0, 0, 0, 0, 0, 0, 0, 0, 0, 0, 0, 0, 0, 0, 0, 0, 0, 0, 0, 0, 0, 0, 0, 0, 0, 0, 0, 0, 0, 0, 0, 0, 0, 0, 0, 0, 0, 0, 0, 0, 0, 0, 0, 0, 0, 0, 0, 0, 0, 0, 0, 0, 0, 0, 0, 0, 0, 0, 0, 0, 0, 0, 0, 0, 0]","['Beef cattle, steer', 'Beef cattle, heifer and steer', 'Broiler chicken', 'Dairy cattle, calf (male, unweaned)', 'Eggs', 'Soft', 'Sheep, ewe', 'Electricity', 'Cheese, sheep', 'Layer chicken, hen', 'Milk, cow, raw (FPCM)', 'Milk', 'Meat, chicken, leg', 'Whey, liquid', 'Electricity, produced on', 'Dairy cattle', 'Meat, chicken, breast', 'Meat, dairy cattle (liveweight)', 'Beef cattle, bull', 'Milk, cow, raw', 'Sheep, ram', 'Caciotta', 'Whey, powder', 'Buttermilk', 'Meat, chicken (cold carcass weight)', 'Pig, sow', 'Broiler chicken, chick', 'Sheep', 'Dairy cattle, calf', 'Beef cattle, calf (weaned)', 'Dairy cattle, calf (female, weaned)', 'Ricotta', 'Dairy cattle, heifer', 'Meat, beef cattle (cold carcass weight)', 'Beef cattle, calf (male, weaned)', 'Wastewater (kg mass)', 'Poultry by', 'Sheep, lamb', 'Eggs, hen, in shell (number)', 'Meat, dairy cattle (cold carcass weight)', 'Meat', 'Layer chicken', 'Butter', 'Meat, pig (cold dressed carcass weight)', 'Eggs, hen, in shell', 'Dairy cattle, cow', 'Fresh cheese', 'Cattle, urine (kg mass)', 'Cattle', 'Beef cattle, heifer', 'Pig', 'Beef cattle, cow', 'Cream', 'Ripened cheese', 'Dairy cattle, calf (weaned)', 'Yoghurt', 'Whey', 'Meat, beef cattle (liveweight)', 'Cheese, cow', 'Pig, piglet', 'Cheese', 'Meat, chicken (liveweight)', 'Beef cattle, calf (female, weaned)', 'Broiler chicken, hen', 'Cream, cow, raw', 'Sheep, lamb (weaned)', 'Beef cattle', 'Meat, chicken, wings', 'Meat, beef cattle (cold dressed carcass weight)', 'Layer chicken, pullet']",53,google-bert/bert-base-uncased,product,recalculated,no rag
70,"animal housing producing Electricity, produced on in site, solar PV. Additional description: Kipster-Laying hens scenario 3.","[0, 0, 0, 0, 0, 0, 0, 1, 0, 0, 0, 0, 0, 0, 1, 0, 0, 0, 0, 0, 0, 0, 0, 0, 0, 0, 0, 0, 0, 0, 0, 0, 0, 0, 0, 0, 0, 0, 0, 0, 0, 0, 0, 0, 0, 0, 0, 0, 0, 0, 0, 0, 0, 0, 0, 0, 0, 0, 0, 0, 0, 0, 0, 0, 0, 0, 0, 0, 0, 0]","[0, 0, 0, 0, 0, 0, 0, 0, 0, 0, 0, 0, 0, 0, 0, 0, 0, 0, 0, 0, 0, 0, 0, 0, 0, 0, 0, 0, 0, 0, 0, 0, 0, 0, 0, 0, 0, 0, 0, 0, 0, 0, 0, 0, 0, 0, 0, 0, 0, 0, 0, 0, 0, 0, 0, 0, 0, 0, 0, 0, 0, 0, 0, 0, 0, 0, 0, 0, 0, 0]","['Beef cattle, steer', 'Beef cattle, heifer and steer', 'Broiler chicken', 'Dairy cattle, calf (male, unweaned)', 'Eggs', 'Soft', 'Sheep, ewe', 'Electricity', 'Cheese, sheep', 'Layer chicken, hen', 'Milk, cow, raw (FPCM)', 'Milk', 'Meat, chicken, leg', 'Whey, liquid', 'Electricity, produced on', 'Dairy cattle', 'Meat, chicken, breast', 'Meat, dairy cattle (liveweight)', 'Beef cattle, bull', 'Milk, cow, raw', 'Sheep, ram', 'Caciotta', 'Whey, powder', 'Buttermilk', 'Meat, chicken (cold carcass weight)', 'Pig, sow', 'Broiler chicken, chick', 'Sheep', 'Dairy cattle, calf', 'Beef cattle, calf (weaned)', 'Dairy cattle, calf (female, weaned)', 'Ricotta', 'Dairy cattle, heifer', 'Meat, beef cattle (cold carcass weight)', 'Beef cattle, calf (male, weaned)', 'Wastewater (kg mass)', 'Poultry by', 'Sheep, lamb', 'Eggs, hen, in shell (number)', 'Meat, dairy cattle (cold carcass weight)', 'Meat', 'Layer chicken', 'Butter', 'Meat, pig (cold dressed carcass weight)', 'Eggs, hen, in shell', 'Dairy cattle, cow', 'Fresh cheese', 'Cattle, urine (kg mass)', 'Cattle', 'Beef cattle, heifer', 'Pig', 'Beef cattle, cow', 'Cream', 'Ripened cheese', 'Dairy cattle, calf (weaned)', 'Yoghurt', 'Whey', 'Meat, beef cattle (liveweight)', 'Cheese, cow', 'Pig, piglet', 'Cheese', 'Meat, chicken (liveweight)', 'Beef cattle, calf (female, weaned)', 'Broiler chicken, hen', 'Cream, cow, raw', 'Sheep, lamb (weaned)', 'Beef cattle', 'Meat, chicken, wings', 'Meat, beef cattle (cold dressed carcass weight)', 'Layer chicken, pullet']",70,google-bert/bert-base-uncased,product,recalculated,no rag
6,agri-food processor producing Yoghurt in Southern Europe. Additional description: Processing and packaging cycle to transform milk into various dairy products..,"[0, 0, 0, 0, 0, 0, 0, 0, 0, 0, 0, 0, 0, 0, 0, 0, 0, 0, 0, 0, 0, 0, 0, 0, 0, 0, 0, 0, 0, 0, 0, 0, 0, 0, 0, 0, 0, 0, 0, 0, 0, 0, 0, 0, 0, 0, 0, 0, 0, 0, 0, 0, 0, 0, 0, 1, 0, 0, 0, 0, 0, 0, 0, 0, 0, 0, 0, 0, 0, 0]","[0, 0, 0, 0, 0, 0, 0, 0, 0, 0, 0, 0, 0, 0, 0, 0, 0, 0, 0, 0, 0, 0, 0, 0, 0, 0, 0, 0, 0, 0, 0, 0, 0, 0, 0, 0, 0, 0, 0, 0, 0, 0, 0, 0, 0, 0, 0, 0, 0, 0, 0, 0, 0, 0, 0, 0, 0, 0, 0, 0, 0, 0, 0, 0, 0, 0, 0, 0, 0, 0]","['Beef cattle, steer', 'Beef cattle, heifer and steer', 'Broiler chicken', 'Dairy cattle, calf (male, unweaned)', 'Eggs', 'Soft', 'Sheep, ewe', 'Electricity', 'Cheese, sheep', 'Layer chicken, hen', 'Milk, cow, raw (FPCM)', 'Milk', 'Meat, chicken, leg', 'Whey, liquid', 'Electricity, produced on', 'Dairy cattle', 'Meat, chicken, breast', 'Meat, dairy cattle (liveweight)', 'Beef cattle, bull', 'Milk, cow, raw', 'Sheep, ram', 'Caciotta', 'Whey, powder', 'Buttermilk', 'Meat, chicken (cold carcass weight)', 'Pig, sow', 'Broiler chicken, chick', 'Sheep', 'Dairy cattle, calf', 'Beef cattle, calf (weaned)', 'Dairy cattle, calf (female, weaned)', 'Ricotta', 'Dairy cattle, heifer', 'Meat, beef cattle (cold carcass weight)', 'Beef cattle, calf (male, weaned)', 'Wastewater (kg mass)', 'Poultry by', 'Sheep, lamb', 'Eggs, hen, in shell (number)', 'Meat, dairy cattle (cold carcass weight)', 'Meat', 'Layer chicken', 'Butter', 'Meat, pig (cold dressed carcass weight)', 'Eggs, hen, in shell', 'Dairy cattle, cow', 'Fresh cheese', 'Cattle, urine (kg mass)', 'Cattle', 'Beef cattle, heifer', 'Pig', 'Beef cattle, cow', 'Cream', 'Ripened cheese', 'Dairy cattle, calf (weaned)', 'Yoghurt', 'Whey', 'Meat, beef cattle (liveweight)', 'Cheese, cow', 'Pig, piglet', 'Cheese', 'Meat, chicken (liveweight)', 'Beef cattle, calf (female, weaned)', 'Broiler chicken, hen', 'Cream, cow, raw', 'Sheep, lamb (weaned)', 'Beef cattle', 'Meat, chicken, wings', 'Meat, beef cattle (cold dressed carcass weight)', 'Layer chicken, pullet']",6,microsoft/deberta-v3-base,product,recalculated,no rag
53,"animal housing producing Electricity, produced on in site, solar PV. Additional description: Kipster-Laying hens scenario 1.","[0, 0, 0, 0, 0, 0, 0, 1, 0, 0, 0, 0, 0, 0, 1, 0, 0, 0, 0, 0, 0, 0, 0, 0, 0, 0, 0, 0, 0, 0, 0, 0, 0, 0, 0, 0, 0, 0, 0, 0, 0, 0, 0, 0, 0, 0, 0, 0, 0, 0, 0, 0, 0, 0, 0, 0, 0, 0, 0, 0, 0, 0, 0, 0, 0, 0, 0, 0, 0, 0]","[0, 0, 0, 0, 0, 0, 0, 0, 0, 0, 0, 0, 0, 0, 0, 0, 0, 0, 0, 0, 0, 0, 0, 0, 0, 0, 0, 0, 0, 0, 0, 0, 0, 0, 0, 1, 0, 0, 0, 0, 0, 0, 0, 0, 0, 0, 0, 0, 0, 0, 0, 0, 0, 0, 0, 0, 0, 0, 0, 0, 0, 0, 0, 0, 0, 0, 0, 0, 0, 0]","['Beef cattle, steer', 'Beef cattle, heifer and steer', 'Broiler chicken', 'Dairy cattle, calf (male, unweaned)', 'Eggs', 'Soft', 'Sheep, ewe', 'Electricity', 'Cheese, sheep', 'Layer chicken, hen', 'Milk, cow, raw (FPCM)', 'Milk', 'Meat, chicken, leg', 'Whey, liquid', 'Electricity, produced on', 'Dairy cattle', 'Meat, chicken, breast', 'Meat, dairy cattle (liveweight)', 'Beef cattle, bull', 'Milk, cow, raw', 'Sheep, ram', 'Caciotta', 'Whey, powder', 'Buttermilk', 'Meat, chicken (cold carcass weight)', 'Pig, sow', 'Broiler chicken, chick', 'Sheep', 'Dairy cattle, calf', 'Beef cattle, calf (weaned)', 'Dairy cattle, calf (female, weaned)', 'Ricotta', 'Dairy cattle, heifer', 'Meat, beef cattle (cold carcass weight)', 'Beef cattle, calf (male, weaned)', 'Wastewater (kg mass)', 'Poultry by', 'Sheep, lamb', 'Eggs, hen, in shell (number)', 'Meat, dairy cattle (cold carcass weight)', 'Meat', 'Layer chicken', 'Butter', 'Meat, pig (cold dressed carcass weight)', 'Eggs, hen, in shell', 'Dairy cattle, cow', 'Fresh cheese', 'Cattle, urine (kg mass)', 'Cattle', 'Beef cattle, heifer', 'Pig', 'Beef cattle, cow', 'Cream', 'Ripened cheese', 'Dairy cattle, calf (weaned)', 'Yoghurt', 'Whey', 'Meat, beef cattle (liveweight)', 'Cheese, cow', 'Pig, piglet', 'Cheese', 'Meat, chicken (liveweight)', 'Beef cattle, calf (female, weaned)', 'Broiler chicken, hen', 'Cream, cow, raw', 'Sheep, lamb (weaned)', 'Beef cattle', 'Meat, chicken, wings', 'Meat, beef cattle (cold dressed carcass weight)', 'Layer chicken, pullet']",53,microsoft/deberta-v3-base,product,recalculated,no rag
70,"animal housing producing Electricity, produced on in site, solar PV. Additional description: Kipster-Laying hens scenario 3.","[0, 0, 0, 0, 0, 0, 0, 1, 0, 0, 0, 0, 0, 0, 1, 0, 0, 0, 0, 0, 0, 0, 0, 0, 0, 0, 0, 0, 0, 0, 0, 0, 0, 0, 0, 0, 0, 0, 0, 0, 0, 0, 0, 0, 0, 0, 0, 0, 0, 0, 0, 0, 0, 0, 0, 0, 0, 0, 0, 0, 0, 0, 0, 0, 0, 0, 0, 0, 0, 0]","[0, 0, 0, 0, 0, 0, 0, 0, 0, 0, 0, 0, 0, 0, 0, 0, 0, 0, 0, 0, 0, 0, 0, 0, 0, 0, 0, 0, 0, 0, 0, 0, 0, 0, 0, 1, 0, 0, 0, 0, 0, 0, 0, 0, 0, 0, 0, 0, 0, 0, 0, 0, 0, 0, 0, 0, 0, 0, 0, 0, 0, 0, 0, 0, 0, 0, 0, 0, 0, 0]","['Beef cattle, steer', 'Beef cattle, heifer and steer', 'Broiler chicken', 'Dairy cattle, calf (male, unweaned)', 'Eggs', 'Soft', 'Sheep, ewe', 'Electricity', 'Cheese, sheep', 'Layer chicken, hen', 'Milk, cow, raw (FPCM)', 'Milk', 'Meat, chicken, leg', 'Whey, liquid', 'Electricity, produced on', 'Dairy cattle', 'Meat, chicken, breast', 'Meat, dairy cattle (liveweight)', 'Beef cattle, bull', 'Milk, cow, raw', 'Sheep, ram', 'Caciotta', 'Whey, powder', 'Buttermilk', 'Meat, chicken (cold carcass weight)', 'Pig, sow', 'Broiler chicken, chick', 'Sheep', 'Dairy cattle, calf', 'Beef cattle, calf (weaned)', 'Dairy cattle, calf (female, weaned)', 'Ricotta', 'Dairy cattle, heifer', 'Meat, beef cattle (cold carcass weight)', 'Beef cattle, calf (male, weaned)', 'Wastewater (kg mass)', 'Poultry by', 'Sheep, lamb', 'Eggs, hen, in shell (number)', 'Meat, dairy cattle (cold carcass weight)', 'Meat', 'Layer chicken', 'Butter', 'Meat, pig (cold dressed carcass weight)', 'Eggs, hen, in shell', 'Dairy cattle, cow', 'Fresh cheese', 'Cattle, urine (kg mass)', 'Cattle', 'Beef cattle, heifer', 'Pig', 'Beef cattle, cow', 'Cream', 'Ripened cheese', 'Dairy cattle, calf (weaned)', 'Yoghurt', 'Whey', 'Meat, beef cattle (liveweight)', 'Cheese, cow', 'Pig, piglet', 'Cheese', 'Meat, chicken (liveweight)', 'Beef cattle, calf (female, weaned)', 'Broiler chicken, hen', 'Cream, cow, raw', 'Sheep, lamb (weaned)', 'Beef cattle', 'Meat, chicken, wings', 'Meat, beef cattle (cold dressed carcass weight)', 'Layer chicken, pullet']",70,microsoft/deberta-v3-base,product,recalculated,no rag
38,"permanent pasture producing Dairy cattle, heifer in New Zealand. Additional description: Off-site replacement cow pasture grazing from weaned calf -> 90% of mature weight (2mo -> 22mo) (2017/18).","[0, 0, 0, 0, 0, 0, 0, 0, 0, 0, 0, 0, 0, 0, 0, 1, 0, 0, 0, 0, 0, 0, 0, 0, 0, 0, 0, 0, 0, 0, 0, 0, 1, 0, 0, 0, 0, 0, 0, 0, 0, 0, 0, 0, 0, 0, 0, 0, 0, 0, 0, 0, 0, 0, 0, 0, 0, 0, 0, 0, 0, 0, 0, 0, 0, 0, 0, 0, 0, 0]","[0, 0, 0, 0, 0, 0, 0, 0, 0, 0, 0, 0, 0, 0, 0, 1, 0, 0, 0, 0, 0, 0, 0, 0, 0, 0, 0, 0, 0, 0, 0, 0, 1, 0, 0, 0, 0, 0, 0, 0, 0, 0, 0, 0, 0, 0, 0, 0, 0, 1, 0, 0, 0, 0, 0, 0, 0, 0, 0, 0, 0, 0, 0, 0, 0, 0, 0, 0, 0, 0]","['Beef cattle, steer', 'Beef cattle, heifer and steer', 'Broiler chicken', 'Dairy cattle, calf (male, unweaned)', 'Eggs', 'Soft', 'Sheep, ewe', 'Electricity', 'Cheese, sheep', 'Layer chicken, hen', 'Milk, cow, raw (FPCM)', 'Milk', 'Meat, chicken, leg', 'Whey, liquid', 'Electricity, produced on', 'Dairy cattle', 'Meat, chicken, breast', 'Meat, dairy cattle (liveweight)', 'Beef cattle, bull', 'Milk, cow, raw', 'Sheep, ram', 'Caciotta', 'Whey, powder', 'Buttermilk', 'Meat, chicken (cold carcass weight)', 'Pig, sow', 'Broiler chicken, chick', 'Sheep', 'Dairy cattle, calf', 'Beef cattle, calf (weaned)', 'Dairy cattle, calf (female, weaned)', 'Ricotta', 'Dairy cattle, heifer', 'Meat, beef cattle (cold carcass weight)', 'Beef cattle, calf (male, weaned)', 'Wastewater (kg mass)', 'Poultry by', 'Sheep, lamb', 'Eggs, hen, in shell (number)', 'Meat, dairy cattle (cold carcass weight)', 'Meat', 'Layer chicken', 'Butter', 'Meat, pig (cold dressed carcass weight)', 'Eggs, hen, in shell', 'Dairy cattle, cow', 'Fresh cheese', 'Cattle, urine (kg mass)', 'Cattle', 'Beef cattle, heifer', 'Pig', 'Beef cattle, cow', 'Cream', 'Ripened cheese', 'Dairy cattle, calf (weaned)', 'Yoghurt', 'Whey', 'Meat, beef cattle (liveweight)', 'Cheese, cow', 'Pig, piglet', 'Cheese', 'Meat, chicken (liveweight)', 'Beef cattle, calf (female, weaned)', 'Broiler chicken, hen', 'Cream, cow, raw', 'Sheep, lamb (weaned)', 'Beef cattle', 'Meat, chicken, wings', 'Meat, beef cattle (cold dressed carcass weight)', 'Layer chicken, pullet']",38,microsoft/deberta-v3-large,product,recalculated,no rag
53,"animal housing producing Electricity, produced on in site, solar PV. Additional description: Kipster-Laying hens scenario 1.","[0, 0, 0, 0, 0, 0, 0, 1, 0, 0, 0, 0, 0, 0, 1, 0, 0, 0, 0, 0, 0, 0, 0, 0, 0, 0, 0, 0, 0, 0, 0, 0, 0, 0, 0, 0, 0, 0, 0, 0, 0, 0, 0, 0, 0, 0, 0, 0, 0, 0, 0, 0, 0, 0, 0, 0, 0, 0, 0, 0, 0, 0, 0, 0, 0, 0, 0, 0, 0, 0]","[0, 0, 0, 0, 0, 0, 0, 0, 0, 0, 0, 0, 0, 0, 0, 0, 0, 0, 0, 0, 0, 0, 0, 0, 0, 0, 0, 0, 0, 0, 0, 0, 0, 0, 0, 0, 0, 0, 0, 0, 0, 0, 0, 0, 0, 0, 0, 0, 0, 0, 0, 0, 0, 0, 0, 0, 0, 0, 0, 0, 0, 0, 0, 0, 0, 0, 0, 0, 0, 0]","['Beef cattle, steer', 'Beef cattle, heifer and steer', 'Broiler chicken', 'Dairy cattle, calf (male, unweaned)', 'Eggs', 'Soft', 'Sheep, ewe', 'Electricity', 'Cheese, sheep', 'Layer chicken, hen', 'Milk, cow, raw (FPCM)', 'Milk', 'Meat, chicken, leg', 'Whey, liquid', 'Electricity, produced on', 'Dairy cattle', 'Meat, chicken, breast', 'Meat, dairy cattle (liveweight)', 'Beef cattle, bull', 'Milk, cow, raw', 'Sheep, ram', 'Caciotta', 'Whey, powder', 'Buttermilk', 'Meat, chicken (cold carcass weight)', 'Pig, sow', 'Broiler chicken, chick', 'Sheep', 'Dairy cattle, calf', 'Beef cattle, calf (weaned)', 'Dairy cattle, calf (female, weaned)', 'Ricotta', 'Dairy cattle, heifer', 'Meat, beef cattle (cold carcass weight)', 'Beef cattle, calf (male, weaned)', 'Wastewater (kg mass)', 'Poultry by', 'Sheep, lamb', 'Eggs, hen, in shell (number)', 'Meat, dairy cattle (cold carcass weight)', 'Meat', 'Layer chicken', 'Butter', 'Meat, pig (cold dressed carcass weight)', 'Eggs, hen, in shell', 'Dairy cattle, cow', 'Fresh cheese', 'Cattle, urine (kg mass)', 'Cattle', 'Beef cattle, heifer', 'Pig', 'Beef cattle, cow', 'Cream', 'Ripened cheese', 'Dairy cattle, calf (weaned)', 'Yoghurt', 'Whey', 'Meat, beef cattle (liveweight)', 'Cheese, cow', 'Pig, piglet', 'Cheese', 'Meat, chicken (liveweight)', 'Beef cattle, calf (female, weaned)', 'Broiler chicken, hen', 'Cream, cow, raw', 'Sheep, lamb (weaned)', 'Beef cattle', 'Meat, chicken, wings', 'Meat, beef cattle (cold dressed carcass weight)', 'Layer chicken, pullet']",53,microsoft/deberta-v3-large,product,recalculated,no rag
70,"animal housing producing Electricity, produced on in site, solar PV. Additional description: Kipster-Laying hens scenario 3.","[0, 0, 0, 0, 0, 0, 0, 1, 0, 0, 0, 0, 0, 0, 1, 0, 0, 0, 0, 0, 0, 0, 0, 0, 0, 0, 0, 0, 0, 0, 0, 0, 0, 0, 0, 0, 0, 0, 0, 0, 0, 0, 0, 0, 0, 0, 0, 0, 0, 0, 0, 0, 0, 0, 0, 0, 0, 0, 0, 0, 0, 0, 0, 0, 0, 0, 0, 0, 0, 0]","[0, 0, 0, 0, 0, 0, 0, 0, 0, 0, 0, 0, 0, 0, 0, 0, 0, 0, 0, 0, 0, 0, 0, 0, 0, 0, 0, 0, 0, 0, 0, 0, 0, 0, 0, 0, 0, 0, 0, 0, 0, 0, 0, 0, 0, 0, 0, 0, 0, 0, 0, 0, 0, 0, 0, 0, 0, 0, 0, 0, 0, 0, 0, 0, 0, 0, 0, 0, 0, 0]","['Beef cattle, steer', 'Beef cattle, heifer and steer', 'Broiler chicken', 'Dairy cattle, calf (male, unweaned)', 'Eggs', 'Soft', 'Sheep, ewe', 'Electricity', 'Cheese, sheep', 'Layer chicken, hen', 'Milk, cow, raw (FPCM)', 'Milk', 'Meat, chicken, leg', 'Whey, liquid', 'Electricity, produced on', 'Dairy cattle', 'Meat, chicken, breast', 'Meat, dairy cattle (liveweight)', 'Beef cattle, bull', 'Milk, cow, raw', 'Sheep, ram', 'Caciotta', 'Whey, powder', 'Buttermilk', 'Meat, chicken (cold carcass weight)', 'Pig, sow', 'Broiler chicken, chick', 'Sheep', 'Dairy cattle, calf', 'Beef cattle, calf (weaned)', 'Dairy cattle, calf (female, weaned)', 'Ricotta', 'Dairy cattle, heifer', 'Meat, beef cattle (cold carcass weight)', 'Beef cattle, calf (male, weaned)', 'Wastewater (kg mass)', 'Poultry by', 'Sheep, lamb', 'Eggs, hen, in shell (number)', 'Meat, dairy cattle (cold carcass weight)', 'Meat', 'Layer chicken', 'Butter', 'Meat, pig (cold dressed carcass weight)', 'Eggs, hen, in shell', 'Dairy cattle, cow', 'Fresh cheese', 'Cattle, urine (kg mass)', 'Cattle', 'Beef cattle, heifer', 'Pig', 'Beef cattle, cow', 'Cream', 'Ripened cheese', 'Dairy cattle, calf (weaned)', 'Yoghurt', 'Whey', 'Meat, beef cattle (liveweight)', 'Cheese, cow', 'Pig, piglet', 'Cheese', 'Meat, chicken (liveweight)', 'Beef cattle, calf (female, weaned)', 'Broiler chicken, hen', 'Cream, cow, raw', 'Sheep, lamb (weaned)', 'Beef cattle', 'Meat, chicken, wings', 'Meat, beef cattle (cold dressed carcass weight)', 'Layer chicken, pullet']",70,microsoft/deberta-v3-large,product,recalculated,no rag
6,agri-food processor producing Yoghurt in Southern Europe. Additional description: Processing and packaging cycle to transform milk into various dairy products..,"[0, 0, 0, 0, 0, 0, 0, 0, 0, 0, 0, 0, 0, 0, 0, 0, 0, 0, 0, 0, 0, 0, 0, 0, 0, 0, 0, 0, 0, 0, 0, 0, 0, 0, 0, 0, 0, 0, 0, 0, 0, 0, 0, 0, 0, 0, 0, 0, 0, 0, 0, 0, 0, 0, 0, 1, 0, 0, 0, 0, 0, 0, 0, 0, 0, 0, 0, 0, 0, 0]","[0, 0, 0, 0, 0, 0, 0, 0, 0, 0, 0, 0, 0, 0, 0, 0, 0, 0, 0, 0, 0, 0, 0, 0, 0, 0, 0, 0, 0, 0, 0, 0, 0, 0, 0, 0, 0, 0, 0, 0, 0, 0, 0, 0, 0, 0, 0, 0, 0, 0, 0, 0, 0, 0, 0, 0, 0, 0, 0, 0, 0, 0, 0, 0, 0, 0, 0, 0, 0, 0]","['Beef cattle, steer', 'Beef cattle, heifer and steer', 'Broiler chicken', 'Dairy cattle, calf (male, unweaned)', 'Eggs', 'Soft', 'Sheep, ewe', 'Electricity', 'Cheese, sheep', 'Layer chicken, hen', 'Milk, cow, raw (FPCM)', 'Milk', 'Meat, chicken, leg', 'Whey, liquid', 'Electricity, produced on', 'Dairy cattle', 'Meat, chicken, breast', 'Meat, dairy cattle (liveweight)', 'Beef cattle, bull', 'Milk, cow, raw', 'Sheep, ram', 'Caciotta', 'Whey, powder', 'Buttermilk', 'Meat, chicken (cold carcass weight)', 'Pig, sow', 'Broiler chicken, chick', 'Sheep', 'Dairy cattle, calf', 'Beef cattle, calf (weaned)', 'Dairy cattle, calf (female, weaned)', 'Ricotta', 'Dairy cattle, heifer', 'Meat, beef cattle (cold carcass weight)', 'Beef cattle, calf (male, weaned)', 'Wastewater (kg mass)', 'Poultry by', 'Sheep, lamb', 'Eggs, hen, in shell (number)', 'Meat, dairy cattle (cold carcass weight)', 'Meat', 'Layer chicken', 'Butter', 'Meat, pig (cold dressed carcass weight)', 'Eggs, hen, in shell', 'Dairy cattle, cow', 'Fresh cheese', 'Cattle, urine (kg mass)', 'Cattle', 'Beef cattle, heifer', 'Pig', 'Beef cattle, cow', 'Cream', 'Ripened cheese', 'Dairy cattle, calf (weaned)', 'Yoghurt', 'Whey', 'Meat, beef cattle (liveweight)', 'Cheese, cow', 'Pig, piglet', 'Cheese', 'Meat, chicken (liveweight)', 'Beef cattle, calf (female, weaned)', 'Broiler chicken, hen', 'Cream, cow, raw', 'Sheep, lamb (weaned)', 'Beef cattle', 'Meat, chicken, wings', 'Meat, beef cattle (cold dressed carcass weight)', 'Layer chicken, pullet']",6,microsoft/deberta-v3-small,product,recalculated,no rag
53,"animal housing producing Electricity, produced on in site, solar PV. Additional description: Kipster-Laying hens scenario 1.","[0, 0, 0, 0, 0, 0, 0, 1, 0, 0, 0, 0, 0, 0, 1, 0, 0, 0, 0, 0, 0, 0, 0, 0, 0, 0, 0, 0, 0, 0, 0, 0, 0, 0, 0, 0, 0, 0, 0, 0, 0, 0, 0, 0, 0, 0, 0, 0, 0, 0, 0, 0, 0, 0, 0, 0, 0, 0, 0, 0, 0, 0, 0, 0, 0, 0, 0, 0, 0, 0]","[0, 0, 0, 0, 0, 0, 0, 0, 0, 0, 0, 1, 0, 0, 0, 0, 0, 0, 0, 1, 0, 0, 0, 0, 0, 0, 0, 0, 0, 0, 0, 0, 0, 0, 0, 0, 0, 0, 0, 0, 0, 0, 0, 0, 0, 0, 0, 0, 0, 0, 0, 0, 0, 0, 0, 0, 0, 0, 0, 0, 0, 0, 0, 0, 0, 0, 0, 0, 0, 0]","['Beef cattle, steer', 'Beef cattle, heifer and steer', 'Broiler chicken', 'Dairy cattle, calf (male, unweaned)', 'Eggs', 'Soft', 'Sheep, ewe', 'Electricity', 'Cheese, sheep', 'Layer chicken, hen', 'Milk, cow, raw (FPCM)', 'Milk', 'Meat, chicken, leg', 'Whey, liquid', 'Electricity, produced on', 'Dairy cattle', 'Meat, chicken, breast', 'Meat, dairy cattle (liveweight)', 'Beef cattle, bull', 'Milk, cow, raw', 'Sheep, ram', 'Caciotta', 'Whey, powder', 'Buttermilk', 'Meat, chicken (cold carcass weight)', 'Pig, sow', 'Broiler chicken, chick', 'Sheep', 'Dairy cattle, calf', 'Beef cattle, calf (weaned)', 'Dairy cattle, calf (female, weaned)', 'Ricotta', 'Dairy cattle, heifer', 'Meat, beef cattle (cold carcass weight)', 'Beef cattle, calf (male, weaned)', 'Wastewater (kg mass)', 'Poultry by', 'Sheep, lamb', 'Eggs, hen, in shell (number)', 'Meat, dairy cattle (cold carcass weight)', 'Meat', 'Layer chicken', 'Butter', 'Meat, pig (cold dressed carcass weight)', 'Eggs, hen, in shell', 'Dairy cattle, cow', 'Fresh cheese', 'Cattle, urine (kg mass)', 'Cattle', 'Beef cattle, heifer', 'Pig', 'Beef cattle, cow', 'Cream', 'Ripened cheese', 'Dairy cattle, calf (weaned)', 'Yoghurt', 'Whey', 'Meat, beef cattle (liveweight)', 'Cheese, cow', 'Pig, piglet', 'Cheese', 'Meat, chicken (liveweight)', 'Beef cattle, calf (female, weaned)', 'Broiler chicken, hen', 'Cream, cow, raw', 'Sheep, lamb (weaned)', 'Beef cattle', 'Meat, chicken, wings', 'Meat, beef cattle (cold dressed carcass weight)', 'Layer chicken, pullet']",53,microsoft/deberta-v3-small,product,recalculated,no rag
70,"animal housing producing Electricity, produced on in site, solar PV. Additional description: Kipster-Laying hens scenario 3.","[0, 0, 0, 0, 0, 0, 0, 1, 0, 0, 0, 0, 0, 0, 1, 0, 0, 0, 0, 0, 0, 0, 0, 0, 0, 0, 0, 0, 0, 0, 0, 0, 0, 0, 0, 0, 0, 0, 0, 0, 0, 0, 0, 0, 0, 0, 0, 0, 0, 0, 0, 0, 0, 0, 0, 0, 0, 0, 0, 0, 0, 0, 0, 0, 0, 0, 0, 0, 0, 0]","[0, 0, 0, 0, 0, 0, 0, 0, 0, 0, 0, 1, 0, 0, 0, 0, 0, 0, 0, 1, 0, 0, 0, 0, 0, 0, 0, 0, 0, 0, 0, 0, 0, 0, 0, 0, 0, 0, 0, 0, 0, 0, 0, 0, 0, 0, 0, 0, 0, 0, 0, 0, 0, 0, 0, 0, 0, 0, 0, 0, 0, 0, 0, 0, 0, 0, 0, 0, 0, 0]","['Beef cattle, steer', 'Beef cattle, heifer and steer', 'Broiler chicken', 'Dairy cattle, calf (male, unweaned)', 'Eggs', 'Soft', 'Sheep, ewe', 'Electricity', 'Cheese, sheep', 'Layer chicken, hen', 'Milk, cow, raw (FPCM)', 'Milk', 'Meat, chicken, leg', 'Whey, liquid', 'Electricity, produced on', 'Dairy cattle', 'Meat, chicken, breast', 'Meat, dairy cattle (liveweight)', 'Beef cattle, bull', 'Milk, cow, raw', 'Sheep, ram', 'Caciotta', 'Whey, powder', 'Buttermilk', 'Meat, chicken (cold carcass weight)', 'Pig, sow', 'Broiler chicken, chick', 'Sheep', 'Dairy cattle, calf', 'Beef cattle, calf (weaned)', 'Dairy cattle, calf (female, weaned)', 'Ricotta', 'Dairy cattle, heifer', 'Meat, beef cattle (cold carcass weight)', 'Beef cattle, calf (male, weaned)', 'Wastewater (kg mass)', 'Poultry by', 'Sheep, lamb', 'Eggs, hen, in shell (number)', 'Meat, dairy cattle (cold carcass weight)', 'Meat', 'Layer chicken', 'Butter', 'Meat, pig (cold dressed carcass weight)', 'Eggs, hen, in shell', 'Dairy cattle, cow', 'Fresh cheese', 'Cattle, urine (kg mass)', 'Cattle', 'Beef cattle, heifer', 'Pig', 'Beef cattle, cow', 'Cream', 'Ripened cheese', 'Dairy cattle, calf (weaned)', 'Yoghurt', 'Whey', 'Meat, beef cattle (liveweight)', 'Cheese, cow', 'Pig, piglet', 'Cheese', 'Meat, chicken (liveweight)', 'Beef cattle, calf (female, weaned)', 'Broiler chicken, hen', 'Cream, cow, raw', 'Sheep, lamb (weaned)', 'Beef cattle', 'Meat, chicken, wings', 'Meat, beef cattle (cold dressed carcass weight)', 'Layer chicken, pullet']",70,microsoft/deberta-v3-small,product,recalculated,no rag
3,"permanent pasture producing Beef cattle, calf (female, weaned) in United Kingdom. Additional description: Generic grass pasture for sheep and cattle.. What is in the system boundary?","[1, 1, 1, 1, 0, 0, 0, 1, 0, 0, 1, 1, 0, 1, 1, 0, 1, 1, 1]","[1, 1, 1, 1, 1, 0, 0, 1, 0, 0, 1, 1, 0, 1, 1, 0, 1, 1, 1]","['True_product', 'True_ingredient', 'True_animalPopulation', 'True_fertiliser', 'True_freshForage', 'True_excreta', 'True_water', 'True_seed', 'True_waste', 'True_transport', 'True_soilAmendment', 'True_otherChemical', 'True_cropResidue', 'True_liveAnimalInput', 'True_operation', 'True_material', 'True_electricityFuel', 'True_animalFeed', 'True_pesticideVeterinaryDrug']",3,climatebert/distilroberta-base-climate-f,systemBoundary,recalculated,no rag
13,"permanent pasture producing Beef cattle, heifer in United Kingdom. Additional description: High sugar pasture for sheep and cattle.. What is in the system boundary?","[1, 1, 1, 1, 0, 0, 0, 1, 0, 0, 1, 1, 0, 1, 1, 0, 1, 1, 1]","[1, 1, 1, 1, 1, 0, 0, 1, 0, 0, 1, 1, 0, 1, 1, 0, 1, 1, 1]","['True_product', 'True_ingredient', 'True_animalPopulation', 'True_fertiliser', 'True_freshForage', 'True_excreta', 'True_water', 'True_seed', 'True_waste', 'True_transport', 'True_soilAmendment', 'True_otherChemical', 'True_cropResidue', 'True_liveAnimalInput', 'True_operation', 'True_material', 'True_electricityFuel', 'True_animalFeed', 'True_pesticideVeterinaryDrug']",13,climatebert/distilroberta-base-climate-f,systemBoundary,recalculated,no rag
38,"permanent pasture producing Dairy cattle, heifer in New Zealand. Additional description: Off-site replacement cow pasture grazing from weaned calf -> 90% of mature weight (2mo -> 22mo) (2017/18). What is in the system boundary?","[1, 1, 0, 1, 0, 0, 0, 0, 0, 0, 1, 1, 1, 1, 0, 0, 0, 0, 0]","[1, 1, 1, 1, 1, 0, 0, 1, 0, 0, 1, 1, 1, 1, 0, 0, 0, 1, 0]","['True_product', 'True_ingredient', 'True_animalPopulation', 'True_fertiliser', 'True_freshForage', 'True_excreta', 'True_water', 'True_seed', 'True_waste', 'True_transport', 'True_soilAmendment', 'True_otherChemical', 'True_cropResidue', 'True_liveAnimalInput', 'True_operation', 'True_material', 'True_electricityFuel', 'True_animalFeed', 'True_pesticideVeterinaryDrug']",38,climatebert/distilroberta-base-climate-f,systemBoundary,recalculated,no rag
40,"permanent pasture producing Sheep, ewe in United Kingdom. Additional description: Generic grass pasture for sheep and cattle.. What is in the system boundary?","[1, 1, 1, 1, 0, 0, 0, 1, 0, 0, 1, 1, 0, 1, 1, 0, 1, 1, 1]","[1, 1, 1, 1, 1, 0, 0, 1, 0, 0, 1, 1, 0, 1, 1, 0, 1, 1, 1]","['True_product', 'True_ingredient', 'True_animalPopulation', 'True_fertiliser', 'True_freshForage', 'True_excreta', 'True_water', 'True_seed', 'True_waste', 'True_transport', 'True_soilAmendment', 'True_otherChemical', 'True_cropResidue', 'True_liveAnimalInput', 'True_operation', 'True_material', 'True_electricityFuel', 'True_animalFeed', 'True_pesticideVeterinaryDrug']",40,climatebert/distilroberta-base-climate-f,systemBoundary,recalculated,no rag
44,"permanent pasture producing Beef cattle, calf (male, weaned) in United Kingdom. Additional description: High sugar pasture for sheep and cattle.. What is in the system boundary?","[1, 1, 1, 1, 0, 0, 0, 1, 0, 0, 1, 1, 0, 1, 1, 0, 1, 1, 1]","[1, 1, 1, 1, 1, 0, 0, 1, 0, 0, 1, 1, 0, 1, 1, 0, 1, 1, 1]","['True_product', 'True_ingredient', 'True_animalPopulation', 'True_fertiliser', 'True_freshForage', 'True_excreta', 'True_water', 'True_seed', 'True_waste', 'True_transport', 'True_soilAmendment', 'True_otherChemical', 'True_cropResidue', 'True_liveAnimalInput', 'True_operation', 'True_material', 'True_electricityFuel', 'True_animalFeed', 'True_pesticideVeterinaryDrug']",44,climatebert/distilroberta-base-climate-f,systemBoundary,recalculated,no rag
46,"permanent pasture producing Beef cattle, steer in United Kingdom. Additional description: Generic grass pasture for sheep and cattle.. What is in the system boundary?","[1, 1, 1, 1, 0, 0, 0, 1, 0, 0, 1, 1, 0, 1, 1, 0, 1, 1, 1]","[1, 1, 1, 1, 1, 0, 0, 1, 0, 0, 1, 1, 0, 1, 1, 0, 1, 1, 1]","['True_product', 'True_ingredient', 'True_animalPopulation', 'True_fertiliser', 'True_freshForage', 'True_excreta', 'True_water', 'True_seed', 'True_waste', 'True_transport', 'True_soilAmendment', 'True_otherChemical', 'True_cropResidue', 'True_liveAnimalInput', 'True_operation', 'True_material', 'True_electricityFuel', 'True_animalFeed', 'True_pesticideVeterinaryDrug']",46,climatebert/distilroberta-base-climate-f,systemBoundary,recalculated,no rag
58,"agri-food processor producing Whey, liquid in Spain. What is in the system boundary?","[1, 0, 1, 1, 1, 1, 1, 1, 0, 1, 1, 1, 1, 1, 0, 0, 1, 1, 1]","[1, 1, 1, 1, 1, 1, 1, 1, 0, 1, 1, 1, 1, 1, 0, 0, 1, 1, 1]","['True_product', 'True_ingredient', 'True_animalPopulation', 'True_fertiliser', 'True_freshForage', 'True_excreta', 'True_water', 'True_seed', 'True_waste', 'True_transport', 'True_soilAmendment', 'True_otherChemical', 'True_cropResidue', 'True_liveAnimalInput', 'True_operation', 'True_material', 'True_electricityFuel', 'True_animalFeed', 'True_pesticideVeterinaryDrug']",58,climatebert/distilroberta-base-climate-f,systemBoundary,recalculated,no rag
59,agri-food processor producing Ripened cheese in Italy. What is in the system boundary?,"[1, 1, 1, 1, 1, 1, 1, 1, 1, 1, 1, 1, 1, 1, 0, 0, 1, 1, 1]","[1, 0, 1, 1, 1, 1, 1, 1, 0, 1, 1, 1, 1, 1, 0, 0, 1, 1, 1]","['True_product', 'True_ingredient', 'True_animalPopulation', 'True_fertiliser', 'True_freshForage', 'True_excreta', 'True_water', 'True_seed', 'True_waste', 'True_transport', 'True_soilAmendment', 'True_otherChemical', 'True_cropResidue', 'True_liveAnimalInput', 'True_operation', 'True_material', 'True_electricityFuel', 'True_animalFeed', 'True_pesticideVeterinaryDrug']",59,climatebert/distilroberta-base-climate-f,systemBoundary,recalculated,no rag
68,"permanent pasture producing Meat, beef cattle (liveweight) in Colombia. What is in the system boundary?","[1, 1, 1, 1, 1, 0, 0, 1, 0, 0, 1, 1, 1, 1, 0, 0, 1, 1, 0]","[1, 1, 1, 1, 1, 0, 0, 1, 0, 0, 1, 1, 1, 0, 0, 0, 1, 1, 0]","['True_product', 'True_ingredient', 'True_animalPopulation', 'True_fertiliser', 'True_freshForage', 'True_excreta', 'True_water', 'True_seed', 'True_waste', 'True_transport', 'True_soilAmendment', 'True_otherChemical', 'True_cropResidue', 'True_liveAnimalInput', 'True_operation', 'True_material', 'True_electricityFuel', 'True_animalFeed', 'True_pesticideVeterinaryDrug']",68,climatebert/distilroberta-base-climate-f,systemBoundary,recalculated,no rag
74,"permanent pasture producing Beef cattle, heifer in United Kingdom. Additional description: Generic grass pasture for sheep and cattle.. What is in the system boundary?","[1, 1, 1, 1, 0, 0, 0, 1, 0, 0, 1, 1, 0, 1, 1, 0, 1, 1, 1]","[1, 1, 1, 1, 1, 0, 0, 1, 0, 0, 1, 1, 0, 1, 1, 0, 1, 1, 1]","['True_product', 'True_ingredient', 'True_animalPopulation', 'True_fertiliser', 'True_freshForage', 'True_excreta', 'True_water', 'True_seed', 'True_waste', 'True_transport', 'True_soilAmendment', 'True_otherChemical', 'True_cropResidue', 'True_liveAnimalInput', 'True_operation', 'True_material', 'True_electricityFuel', 'True_animalFeed', 'True_pesticideVeterinaryDrug']",74,climatebert/distilroberta-base-climate-f,systemBoundary,recalculated,no rag
79,"animal housing producing Beef cattle, bull in Ireland. Additional description: 19AL treatment where Bulls are offered grass silage ad libitum plus 1.5kg dry matter DM per head daily over the Winter period, turned out to pasture for 100 days and finished indoors on a concentrate ad libitum diet for 100 days and slaughtered at 19 months of age (this is the Winter housing phase). What is in the system boundary?","[1, 1, 1, 0, 0, 0, 0, 0, 0, 1, 0, 1, 1, 1, 1, 0, 1, 0, 0]","[1, 1, 1, 0, 0, 0, 0, 0, 0, 1, 0, 1, 0, 1, 1, 0, 1, 0, 0]","['True_product', 'True_ingredient', 'True_animalPopulation', 'True_fertiliser', 'True_freshForage', 'True_excreta', 'True_water', 'True_seed', 'True_waste', 'True_transport', 'True_soilAmendment', 'True_otherChemical', 'True_cropResidue', 'True_liveAnimalInput', 'True_operation', 'True_material', 'True_electricityFuel', 'True_animalFeed', 'True_pesticideVeterinaryDrug']",79,climatebert/distilroberta-base-climate-f,systemBoundary,recalculated,no rag
3,"permanent pasture producing Beef cattle, calf (female, weaned) in United Kingdom. Additional description: Generic grass pasture for sheep and cattle.. What is in the system boundary?","[1, 1, 1, 1, 0, 0, 0, 1, 0, 0, 1, 1, 0, 1, 1, 0, 1, 1, 1]","[1, 1, 1, 1, 1, 0, 0, 1, 0, 0, 1, 1, 0, 1, 1, 0, 1, 1, 1]","['True_product', 'True_ingredient', 'True_animalPopulation', 'True_fertiliser', 'True_freshForage', 'True_excreta', 'True_water', 'True_seed', 'True_waste', 'True_transport', 'True_soilAmendment', 'True_otherChemical', 'True_cropResidue', 'True_liveAnimalInput', 'True_operation', 'True_material', 'True_electricityFuel', 'True_animalFeed', 'True_pesticideVeterinaryDrug']",3,ESGBERT/EnvironmentalBERT-base,systemBoundary,recalculated,no rag
13,"permanent pasture producing Beef cattle, heifer in United Kingdom. Additional description: High sugar pasture for sheep and cattle.. What is in the system boundary?","[1, 1, 1, 1, 0, 0, 0, 1, 0, 0, 1, 1, 0, 1, 1, 0, 1, 1, 1]","[1, 1, 1, 1, 1, 0, 0, 1, 0, 0, 1, 1, 0, 1, 1, 0, 1, 1, 1]","['True_product', 'True_ingredient', 'True_animalPopulation', 'True_fertiliser', 'True_freshForage', 'True_excreta', 'True_water', 'True_seed', 'True_waste', 'True_transport', 'True_soilAmendment', 'True_otherChemical', 'True_cropResidue', 'True_liveAnimalInput', 'True_operation', 'True_material', 'True_electricityFuel', 'True_animalFeed', 'True_pesticideVeterinaryDrug']",13,ESGBERT/EnvironmentalBERT-base,systemBoundary,recalculated,no rag
38,"permanent pasture producing Dairy cattle, heifer in New Zealand. Additional description: Off-site replacement cow pasture grazing from weaned calf -> 90% of mature weight (2mo -> 22mo) (2017/18). What is in the system boundary?","[1, 1, 0, 1, 0, 0, 0, 0, 0, 0, 1, 1, 1, 1, 0, 0, 0, 0, 0]","[1, 1, 1, 1, 1, 0, 0, 0, 0, 0, 1, 1, 1, 1, 0, 0, 0, 1, 0]","['True_product', 'True_ingredient', 'True_animalPopulation', 'True_fertiliser', 'True_freshForage', 'True_excreta', 'True_water', 'True_seed', 'True_waste', 'True_transport', 'True_soilAmendment', 'True_otherChemical', 'True_cropResidue', 'True_liveAnimalInput', 'True_operation', 'True_material', 'True_electricityFuel', 'True_animalFeed', 'True_pesticideVeterinaryDrug']",38,ESGBERT/EnvironmentalBERT-base,systemBoundary,recalculated,no rag
40,"permanent pasture producing Sheep, ewe in United Kingdom. Additional description: Generic grass pasture for sheep and cattle.. What is in the system boundary?","[1, 1, 1, 1, 0, 0, 0, 1, 0, 0, 1, 1, 0, 1, 1, 0, 1, 1, 1]","[1, 1, 1, 1, 1, 0, 0, 1, 0, 0, 1, 1, 0, 1, 1, 0, 1, 1, 1]","['True_product', 'True_ingredient', 'True_animalPopulation', 'True_fertiliser', 'True_freshForage', 'True_excreta', 'True_water', 'True_seed', 'True_waste', 'True_transport', 'True_soilAmendment', 'True_otherChemical', 'True_cropResidue', 'True_liveAnimalInput', 'True_operation', 'True_material', 'True_electricityFuel', 'True_animalFeed', 'True_pesticideVeterinaryDrug']",40,ESGBERT/EnvironmentalBERT-base,systemBoundary,recalculated,no rag
44,"permanent pasture producing Beef cattle, calf (male, weaned) in United Kingdom. Additional description: High sugar pasture for sheep and cattle.. What is in the system boundary?","[1, 1, 1, 1, 0, 0, 0, 1, 0, 0, 1, 1, 0, 1, 1, 0, 1, 1, 1]","[1, 1, 1, 1, 1, 0, 0, 1, 0, 0, 1, 1, 0, 1, 1, 0, 1, 1, 1]","['True_product', 'True_ingredient', 'True_animalPopulation', 'True_fertiliser', 'True_freshForage', 'True_excreta', 'True_water', 'True_seed', 'True_waste', 'True_transport', 'True_soilAmendment', 'True_otherChemical', 'True_cropResidue', 'True_liveAnimalInput', 'True_operation', 'True_material', 'True_electricityFuel', 'True_animalFeed', 'True_pesticideVeterinaryDrug']",44,ESGBERT/EnvironmentalBERT-base,systemBoundary,recalculated,no rag
46,"permanent pasture producing Beef cattle, steer in United Kingdom. Additional description: Generic grass pasture for sheep and cattle.. What is in the system boundary?","[1, 1, 1, 1, 0, 0, 0, 1, 0, 0, 1, 1, 0, 1, 1, 0, 1, 1, 1]","[1, 1, 1, 1, 1, 0, 0, 1, 0, 0, 1, 1, 0, 1, 1, 0, 1, 1, 1]","['True_product', 'True_ingredient', 'True_animalPopulation', 'True_fertiliser', 'True_freshForage', 'True_excreta', 'True_water', 'True_seed', 'True_waste', 'True_transport', 'True_soilAmendment', 'True_otherChemical', 'True_cropResidue', 'True_liveAnimalInput', 'True_operation', 'True_material', 'True_electricityFuel', 'True_animalFeed', 'True_pesticideVeterinaryDrug']",46,ESGBERT/EnvironmentalBERT-base,systemBoundary,recalculated,no rag
58,"agri-food processor producing Whey, liquid in Spain. What is in the system boundary?","[1, 0, 1, 1, 1, 1, 1, 1, 0, 1, 1, 1, 1, 1, 0, 0, 1, 1, 1]","[1, 1, 1, 1, 1, 1, 1, 1, 0, 0, 1, 1, 1, 1, 0, 0, 1, 1, 1]","['True_product', 'True_ingredient', 'True_animalPopulation', 'True_fertiliser', 'True_freshForage', 'True_excreta', 'True_water', 'True_seed', 'True_waste', 'True_transport', 'True_soilAmendment', 'True_otherChemical', 'True_cropResidue', 'True_liveAnimalInput', 'True_operation', 'True_material', 'True_electricityFuel', 'True_animalFeed', 'True_pesticideVeterinaryDrug']",58,ESGBERT/EnvironmentalBERT-base,systemBoundary,recalculated,no rag
59,agri-food processor producing Ripened cheese in Italy. What is in the system boundary?,"[1, 1, 1, 1, 1, 1, 1, 1, 1, 1, 1, 1, 1, 1, 0, 0, 1, 1, 1]","[1, 0, 1, 1, 1, 1, 1, 1, 0, 0, 1, 1, 1, 1, 0, 0, 1, 1, 1]","['True_product', 'True_ingredient', 'True_animalPopulation', 'True_fertiliser', 'True_freshForage', 'True_excreta', 'True_water', 'True_seed', 'True_waste', 'True_transport', 'True_soilAmendment', 'True_otherChemical', 'True_cropResidue', 'True_liveAnimalInput', 'True_operation', 'True_material', 'True_electricityFuel', 'True_animalFeed', 'True_pesticideVeterinaryDrug']",59,ESGBERT/EnvironmentalBERT-base,systemBoundary,recalculated,no rag
68,"permanent pasture producing Meat, beef cattle (liveweight) in Colombia. What is in the system boundary?","[1, 1, 1, 1, 1, 0, 0, 1, 0, 0, 1, 1, 1, 1, 0, 0, 1, 1, 0]","[1, 1, 1, 1, 1, 0, 0, 1, 0, 0, 1, 1, 0, 1, 0, 0, 1, 1, 0]","['True_product', 'True_ingredient', 'True_animalPopulation', 'True_fertiliser', 'True_freshForage', 'True_excreta', 'True_water', 'True_seed', 'True_waste', 'True_transport', 'True_soilAmendment', 'True_otherChemical', 'True_cropResidue', 'True_liveAnimalInput', 'True_operation', 'True_material', 'True_electricityFuel', 'True_animalFeed', 'True_pesticideVeterinaryDrug']",68,ESGBERT/EnvironmentalBERT-base,systemBoundary,recalculated,no rag
74,"permanent pasture producing Beef cattle, heifer in United Kingdom. Additional description: Generic grass pasture for sheep and cattle.. What is in the system boundary?","[1, 1, 1, 1, 0, 0, 0, 1, 0, 0, 1, 1, 0, 1, 1, 0, 1, 1, 1]","[1, 1, 1, 1, 1, 0, 0, 1, 0, 0, 1, 1, 0, 1, 1, 0, 1, 1, 1]","['True_product', 'True_ingredient', 'True_animalPopulation', 'True_fertiliser', 'True_freshForage', 'True_excreta', 'True_water', 'True_seed', 'True_waste', 'True_transport', 'True_soilAmendment', 'True_otherChemical', 'True_cropResidue', 'True_liveAnimalInput', 'True_operation', 'True_material', 'True_electricityFuel', 'True_animalFeed', 'True_pesticideVeterinaryDrug']",74,ESGBERT/EnvironmentalBERT-base,systemBoundary,recalculated,no rag
79,"animal housing producing Beef cattle, bull in Ireland. Additional description: 19AL treatment where Bulls are offered grass silage ad libitum plus 1.5kg dry matter DM per head daily over the Winter period, turned out to pasture for 100 days and finished indoors on a concentrate ad libitum diet for 100 days and slaughtered at 19 months of age (this is the Winter housing phase). What is in the system boundary?","[1, 1, 1, 0, 0, 0, 0, 0, 0, 1, 0, 1, 1, 1, 1, 0, 1, 0, 0]","[1, 1, 1, 0, 0, 0, 0, 0, 0, 1, 0, 1, 0, 1, 1, 0, 1, 0, 0]","['True_product', 'True_ingredient', 'True_animalPopulation', 'True_fertiliser', 'True_freshForage', 'True_excreta', 'True_water', 'True_seed', 'True_waste', 'True_transport', 'True_soilAmendment', 'True_otherChemical', 'True_cropResidue', 'True_liveAnimalInput', 'True_operation', 'True_material', 'True_electricityFuel', 'True_animalFeed', 'True_pesticideVeterinaryDrug']",79,ESGBERT/EnvironmentalBERT-base,systemBoundary,recalculated,no rag
82,animal housing producing Pig in Germany. Additional description: Fattening-FARM. What is in the system boundary?,"[1, 1, 1, 1, 1, 1, 0, 1, 0, 0, 1, 1, 1, 1, 0, 0, 0, 1, 0]","[1, 1, 1, 1, 1, 0, 0, 1, 0, 0, 1, 1, 1, 1, 0, 0, 0, 1, 0]","['True_product', 'True_ingredient', 'True_animalPopulation', 'True_fertiliser', 'True_freshForage', 'True_excreta', 'True_water', 'True_seed', 'True_waste', 'True_transport', 'True_soilAmendment', 'True_otherChemical', 'True_cropResidue', 'True_liveAnimalInput', 'True_operation', 'True_material', 'True_electricityFuel', 'True_animalFeed', 'True_pesticideVeterinaryDrug']",82,ESGBERT/EnvironmentalBERT-base,systemBoundary,recalculated,no rag
3,"permanent pasture producing Beef cattle, calf (female, weaned) in United Kingdom. Additional description: Generic grass pasture for sheep and cattle.. What is in the system boundary?","[1, 1, 1, 1, 0, 0, 0, 1, 0, 0, 1, 1, 0, 1, 1, 0, 1, 1, 1]","[1, 1, 1, 1, 1, 0, 0, 1, 0, 0, 1, 1, 0, 1, 1, 0, 1, 1, 1]","['True_product', 'True_ingredient', 'True_animalPopulation', 'True_fertiliser', 'True_freshForage', 'True_excreta', 'True_water', 'True_seed', 'True_waste', 'True_transport', 'True_soilAmendment', 'True_otherChemical', 'True_cropResidue', 'True_liveAnimalInput', 'True_operation', 'True_material', 'True_electricityFuel', 'True_animalFeed', 'True_pesticideVeterinaryDrug']",3,FacebookAI/roberta-large,systemBoundary,recalculated,no rag
13,"permanent pasture producing Beef cattle, heifer in United Kingdom. Additional description: High sugar pasture for sheep and cattle.. What is in the system boundary?","[1, 1, 1, 1, 0, 0, 0, 1, 0, 0, 1, 1, 0, 1, 1, 0, 1, 1, 1]","[1, 1, 1, 1, 1, 0, 0, 1, 0, 0, 1, 1, 0, 1, 1, 0, 1, 1, 1]","['True_product', 'True_ingredient', 'True_animalPopulation', 'True_fertiliser', 'True_freshForage', 'True_excreta', 'True_water', 'True_seed', 'True_waste', 'True_transport', 'True_soilAmendment', 'True_otherChemical', 'True_cropResidue', 'True_liveAnimalInput', 'True_operation', 'True_material', 'True_electricityFuel', 'True_animalFeed', 'True_pesticideVeterinaryDrug']",13,FacebookAI/roberta-large,systemBoundary,recalculated,no rag
15,agri-food processor producing Ripened cheese in Italy. Additional description: Grana Padano cheese production. What is in the system boundary?,"[0, 1, 1, 1, 1, 1, 1, 0, 0, 0, 1, 1, 1, 1, 0, 0, 1, 1, 1]","[0, 1, 1, 0, 1, 1, 0, 0, 0, 0, 0, 0, 1, 1, 0, 0, 1, 1, 1]","['True_product', 'True_ingredient', 'True_animalPopulation', 'True_fertiliser', 'True_freshForage', 'True_excreta', 'True_water', 'True_seed', 'True_waste', 'True_transport', 'True_soilAmendment', 'True_otherChemical', 'True_cropResidue', 'True_liveAnimalInput', 'True_operation', 'True_material', 'True_electricityFuel', 'True_animalFeed', 'True_pesticideVeterinaryDrug']",15,FacebookAI/roberta-large,systemBoundary,recalculated,no rag
17,"agri-food processor producing Cheese, cow in Italy. Additional description: Cheese processing - Alpine pasture grazing. What is in the system boundary?","[0, 1, 1, 1, 1, 1, 1, 1, 0, 0, 1, 1, 1, 1, 0, 0, 1, 1, 1]","[0, 1, 1, 1, 1, 1, 1, 0, 0, 0, 1, 1, 1, 1, 0, 0, 1, 1, 1]","['True_product', 'True_ingredient', 'True_animalPopulation', 'True_fertiliser', 'True_freshForage', 'True_excreta', 'True_water', 'True_seed', 'True_waste', 'True_transport', 'True_soilAmendment', 'True_otherChemical', 'True_cropResidue', 'True_liveAnimalInput', 'True_operation', 'True_material', 'True_electricityFuel', 'True_animalFeed', 'True_pesticideVeterinaryDrug']",17,FacebookAI/roberta-large,systemBoundary,recalculated,no rag
20,agri-food processor producing Ripened cheese in Italy. Additional description: Grana Padano cheese production. What is in the system boundary?,"[0, 1, 1, 1, 1, 1, 1, 0, 0, 0, 1, 1, 1, 1, 0, 0, 1, 1, 1]","[0, 1, 1, 0, 1, 1, 0, 0, 0, 0, 0, 0, 1, 1, 0, 0, 1, 1, 1]","['True_product', 'True_ingredient', 'True_animalPopulation', 'True_fertiliser', 'True_freshForage', 'True_excreta', 'True_water', 'True_seed', 'True_waste', 'True_transport', 'True_soilAmendment', 'True_otherChemical', 'True_cropResidue', 'True_liveAnimalInput', 'True_operation', 'True_material', 'True_electricityFuel', 'True_animalFeed', 'True_pesticideVeterinaryDrug']",20,FacebookAI/roberta-large,systemBoundary,recalculated,no rag
34,"animal housing producing Eggs, hen, in shell (number) in Thailand. Additional description: CB1-Parent farm 4. What is in the system boundary?","[1, 1, 1, 1, 1, 1, 1, 1, 1, 0, 1, 1, 1, 1, 0, 0, 1, 1, 0]","[1, 1, 1, 1, 1, 1, 1, 1, 1, 0, 1, 1, 1, 0, 0, 0, 1, 1, 0]","['True_product', 'True_ingredient', 'True_animalPopulation', 'True_fertiliser', 'True_freshForage', 'True_excreta', 'True_water', 'True_seed', 'True_waste', 'True_transport', 'True_soilAmendment', 'True_otherChemical', 'True_cropResidue', 'True_liveAnimalInput', 'True_operation', 'True_material', 'True_electricityFuel', 'True_animalFeed', 'True_pesticideVeterinaryDrug']",34,FacebookAI/roberta-large,systemBoundary,recalculated,no rag
38,"permanent pasture producing Dairy cattle, heifer in New Zealand. Additional description: Off-site replacement cow pasture grazing from weaned calf -> 90% of mature weight (2mo -> 22mo) (2017/18). What is in the system boundary?","[1, 1, 0, 1, 0, 0, 0, 0, 0, 0, 1, 1, 1, 1, 0, 0, 0, 0, 0]","[1, 1, 1, 1, 1, 0, 0, 0, 0, 0, 1, 1, 1, 1, 0, 0, 0, 1, 0]","['True_product', 'True_ingredient', 'True_animalPopulation', 'True_fertiliser', 'True_freshForage', 'True_excreta', 'True_water', 'True_seed', 'True_waste', 'True_transport', 'True_soilAmendment', 'True_otherChemical', 'True_cropResidue', 'True_liveAnimalInput', 'True_operation', 'True_material', 'True_electricityFuel', 'True_animalFeed', 'True_pesticideVeterinaryDrug']",38,FacebookAI/roberta-large,systemBoundary,recalculated,no rag
40,"permanent pasture producing Sheep, ewe in United Kingdom. Additional description: Generic grass pasture for sheep and cattle.. What is in the system boundary?","[1, 1, 1, 1, 0, 0, 0, 1, 0, 0, 1, 1, 0, 1, 1, 0, 1, 1, 1]","[1, 1, 1, 1, 1, 0, 0, 1, 0, 0, 1, 1, 0, 1, 1, 0, 1, 1, 1]","['True_product', 'True_ingredient', 'True_animalPopulation', 'True_fertiliser', 'True_freshForage', 'True_excreta', 'True_water', 'True_seed', 'True_waste', 'True_transport', 'True_soilAmendment', 'True_otherChemical', 'True_cropResidue', 'True_liveAnimalInput', 'True_operation', 'True_material', 'True_electricityFuel', 'True_animalFeed', 'True_pesticideVeterinaryDrug']",40,FacebookAI/roberta-large,systemBoundary,recalculated,no rag
44,"permanent pasture producing Beef cattle, calf (male, weaned) in United Kingdom. Additional description: High sugar pasture for sheep and cattle.. What is in the system boundary?","[1, 1, 1, 1, 0, 0, 0, 1, 0, 0, 1, 1, 0, 1, 1, 0, 1, 1, 1]","[1, 1, 1, 1, 1, 0, 0, 1, 0, 0, 1, 1, 0, 1, 1, 0, 1, 1, 1]","['True_product', 'True_ingredient', 'True_animalPopulation', 'True_fertiliser', 'True_freshForage', 'True_excreta', 'True_water', 'True_seed', 'True_waste', 'True_transport', 'True_soilAmendment', 'True_otherChemical', 'True_cropResidue', 'True_liveAnimalInput', 'True_operation', 'True_material', 'True_electricityFuel', 'True_animalFeed', 'True_pesticideVeterinaryDrug']",44,FacebookAI/roberta-large,systemBoundary,recalculated,no rag
46,"permanent pasture producing Beef cattle, steer in United Kingdom. Additional description: Generic grass pasture for sheep and cattle.. What is in the system boundary?","[1, 1, 1, 1, 0, 0, 0, 1, 0, 0, 1, 1, 0, 1, 1, 0, 1, 1, 1]","[1, 1, 1, 1, 1, 0, 0, 1, 0, 0, 1, 1, 0, 1, 1, 0, 1, 1, 1]","['True_product', 'True_ingredient', 'True_animalPopulation', 'True_fertiliser', 'True_freshForage', 'True_excreta', 'True_water', 'True_seed', 'True_waste', 'True_transport', 'True_soilAmendment', 'True_otherChemical', 'True_cropResidue', 'True_liveAnimalInput', 'True_operation', 'True_material', 'True_electricityFuel', 'True_animalFeed', 'True_pesticideVeterinaryDrug']",46,FacebookAI/roberta-large,systemBoundary,recalculated,no rag
58,"agri-food processor producing Whey, liquid in Spain. What is in the system boundary?","[1, 0, 1, 1, 1, 1, 1, 1, 0, 1, 1, 1, 1, 1, 0, 0, 1, 1, 1]","[1, 1, 1, 1, 1, 1, 1, 1, 0, 1, 1, 1, 1, 1, 0, 0, 1, 1, 1]","['True_product', 'True_ingredient', 'True_animalPopulation', 'True_fertiliser', 'True_freshForage', 'True_excreta', 'True_water', 'True_seed', 'True_waste', 'True_transport', 'True_soilAmendment', 'True_otherChemical', 'True_cropResidue', 'True_liveAnimalInput', 'True_operation', 'True_material', 'True_electricityFuel', 'True_animalFeed', 'True_pesticideVeterinaryDrug']",58,FacebookAI/roberta-large,systemBoundary,recalculated,no rag
59,agri-food processor producing Ripened cheese in Italy. What is in the system boundary?,"[1, 1, 1, 1, 1, 1, 1, 1, 1, 1, 1, 1, 1, 1, 0, 0, 1, 1, 1]","[0, 0, 1, 1, 1, 1, 0, 1, 0, 0, 1, 1, 1, 1, 0, 0, 1, 1, 1]","['True_product', 'True_ingredient', 'True_animalPopulation', 'True_fertiliser', 'True_freshForage', 'True_excreta', 'True_water', 'True_seed', 'True_waste', 'True_transport', 'True_soilAmendment', 'True_otherChemical', 'True_cropResidue', 'True_liveAnimalInput', 'True_operation', 'True_material', 'True_electricityFuel', 'True_animalFeed', 'True_pesticideVeterinaryDrug']",59,FacebookAI/roberta-large,systemBoundary,recalculated,no rag
68,"permanent pasture producing Meat, beef cattle (liveweight) in Colombia. What is in the system boundary?","[1, 1, 1, 1, 1, 0, 0, 1, 0, 0, 1, 1, 1, 1, 0, 0, 1, 1, 0]","[1, 1, 1, 1, 1, 0, 0, 1, 0, 0, 1, 1, 1, 0, 0, 0, 1, 1, 0]","['True_product', 'True_ingredient', 'True_animalPopulation', 'True_fertiliser', 'True_freshForage', 'True_excreta', 'True_water', 'True_seed', 'True_waste', 'True_transport', 'True_soilAmendment', 'True_otherChemical', 'True_cropResidue', 'True_liveAnimalInput', 'True_operation', 'True_material', 'True_electricityFuel', 'True_animalFeed', 'True_pesticideVeterinaryDrug']",68,FacebookAI/roberta-large,systemBoundary,recalculated,no rag
74,"permanent pasture producing Beef cattle, heifer in United Kingdom. Additional description: Generic grass pasture for sheep and cattle.. What is in the system boundary?","[1, 1, 1, 1, 0, 0, 0, 1, 0, 0, 1, 1, 0, 1, 1, 0, 1, 1, 1]","[1, 1, 1, 1, 1, 0, 0, 1, 0, 0, 1, 1, 0, 1, 1, 0, 1, 1, 1]","['True_product', 'True_ingredient', 'True_animalPopulation', 'True_fertiliser', 'True_freshForage', 'True_excreta', 'True_water', 'True_seed', 'True_waste', 'True_transport', 'True_soilAmendment', 'True_otherChemical', 'True_cropResidue', 'True_liveAnimalInput', 'True_operation', 'True_material', 'True_electricityFuel', 'True_animalFeed', 'True_pesticideVeterinaryDrug']",74,FacebookAI/roberta-large,systemBoundary,recalculated,no rag
79,"animal housing producing Beef cattle, bull in Ireland. Additional description: 19AL treatment where Bulls are offered grass silage ad libitum plus 1.5kg dry matter DM per head daily over the Winter period, turned out to pasture for 100 days and finished indoors on a concentrate ad libitum diet for 100 days and slaughtered at 19 months of age (this is the Winter housing phase). What is in the system boundary?","[1, 1, 1, 0, 0, 0, 0, 0, 0, 1, 0, 1, 1, 1, 1, 0, 1, 0, 0]","[1, 1, 1, 0, 0, 0, 0, 0, 0, 1, 0, 1, 0, 1, 1, 0, 1, 0, 0]","['True_product', 'True_ingredient', 'True_animalPopulation', 'True_fertiliser', 'True_freshForage', 'True_excreta', 'True_water', 'True_seed', 'True_waste', 'True_transport', 'True_soilAmendment', 'True_otherChemical', 'True_cropResidue', 'True_liveAnimalInput', 'True_operation', 'True_material', 'True_electricityFuel', 'True_animalFeed', 'True_pesticideVeterinaryDrug']",79,FacebookAI/roberta-large,systemBoundary,recalculated,no rag
82,animal housing producing Pig in Germany. Additional description: Fattening-FARM. What is in the system boundary?,"[1, 1, 1, 1, 1, 1, 0, 1, 0, 0, 1, 1, 1, 1, 0, 0, 0, 1, 0]","[1, 1, 1, 1, 1, 0, 0, 1, 0, 0, 1, 1, 1, 1, 0, 0, 0, 1, 0]","['True_product', 'True_ingredient', 'True_animalPopulation', 'True_fertiliser', 'True_freshForage', 'True_excreta', 'True_water', 'True_seed', 'True_waste', 'True_transport', 'True_soilAmendment', 'True_otherChemical', 'True_cropResidue', 'True_liveAnimalInput', 'True_operation', 'True_material', 'True_electricityFuel', 'True_animalFeed', 'True_pesticideVeterinaryDrug']",82,FacebookAI/roberta-large,systemBoundary,recalculated,no rag
90,"agri-food processor producing Cheese, cow in Portugal. Additional description: Mature cheese production. What is in the system boundary?","[1, 1, 1, 1, 1, 1, 1, 1, 1, 0, 1, 1, 1, 1, 0, 0, 1, 1, 1]","[0, 1, 1, 1, 1, 1, 1, 0, 0, 0, 1, 1, 1, 1, 0, 0, 1, 1, 1]","['True_product', 'True_ingredient', 'True_animalPopulation', 'True_fertiliser', 'True_freshForage', 'True_excreta', 'True_water', 'True_seed', 'True_waste', 'True_transport', 'True_soilAmendment', 'True_otherChemical', 'True_cropResidue', 'True_liveAnimalInput', 'True_operation', 'True_material', 'True_electricityFuel', 'True_animalFeed', 'True_pesticideVeterinaryDrug']",90,FacebookAI/roberta-large,systemBoundary,recalculated,no rag
98, producing Broiler chicken in France. Additional description: France standard system (Fr-ST). What is in the system boundary?,"[1, 1, 1, 1, 1, 0, 0, 1, 0, 0, 1, 1, 1, 1, 0, 0, 0, 1, 1]","[1, 1, 1, 1, 1, 0, 0, 1, 0, 0, 1, 0, 1, 1, 0, 0, 1, 1, 0]","['True_product', 'True_ingredient', 'True_animalPopulation', 'True_fertiliser', 'True_freshForage', 'True_excreta', 'True_water', 'True_seed', 'True_waste', 'True_transport', 'True_soilAmendment', 'True_otherChemical', 'True_cropResidue', 'True_liveAnimalInput', 'True_operation', 'True_material', 'True_electricityFuel', 'True_animalFeed', 'True_pesticideVeterinaryDrug']",98,FacebookAI/roberta-large,systemBoundary,recalculated,no rag
3,"permanent pasture producing Beef cattle, calf (female, weaned) in United Kingdom. Additional description: Generic grass pasture for sheep and cattle.. What is in the system boundary?","[1, 1, 1, 1, 0, 0, 0, 1, 0, 0, 1, 1, 0, 1, 1, 0, 1, 1, 1]","[1, 1, 1, 1, 1, 0, 0, 1, 0, 0, 1, 1, 0, 1, 1, 0, 1, 1, 1]","['True_product', 'True_ingredient', 'True_animalPopulation', 'True_fertiliser', 'True_freshForage', 'True_excreta', 'True_water', 'True_seed', 'True_waste', 'True_transport', 'True_soilAmendment', 'True_otherChemical', 'True_cropResidue', 'True_liveAnimalInput', 'True_operation', 'True_material', 'True_electricityFuel', 'True_animalFeed', 'True_pesticideVeterinaryDrug']",3,google-bert/bert-base-uncased,systemBoundary,recalculated,no rag
13,"permanent pasture producing Beef cattle, heifer in United Kingdom. Additional description: High sugar pasture for sheep and cattle.. What is in the system boundary?","[1, 1, 1, 1, 0, 0, 0, 1, 0, 0, 1, 1, 0, 1, 1, 0, 1, 1, 1]","[1, 1, 1, 1, 1, 0, 0, 1, 0, 0, 1, 1, 0, 1, 1, 0, 1, 1, 1]","['True_product', 'True_ingredient', 'True_animalPopulation', 'True_fertiliser', 'True_freshForage', 'True_excreta', 'True_water', 'True_seed', 'True_waste', 'True_transport', 'True_soilAmendment', 'True_otherChemical', 'True_cropResidue', 'True_liveAnimalInput', 'True_operation', 'True_material', 'True_electricityFuel', 'True_animalFeed', 'True_pesticideVeterinaryDrug']",13,google-bert/bert-base-uncased,systemBoundary,recalculated,no rag
38,"permanent pasture producing Dairy cattle, heifer in New Zealand. Additional description: Off-site replacement cow pasture grazing from weaned calf -> 90% of mature weight (2mo -> 22mo) (2017/18). What is in the system boundary?","[1, 1, 0, 1, 0, 0, 0, 0, 0, 0, 1, 1, 1, 1, 0, 0, 0, 0, 0]","[1, 1, 1, 1, 1, 0, 0, 0, 0, 0, 1, 1, 1, 1, 0, 0, 0, 1, 0]","['True_product', 'True_ingredient', 'True_animalPopulation', 'True_fertiliser', 'True_freshForage', 'True_excreta', 'True_water', 'True_seed', 'True_waste', 'True_transport', 'True_soilAmendment', 'True_otherChemical', 'True_cropResidue', 'True_liveAnimalInput', 'True_operation', 'True_material', 'True_electricityFuel', 'True_animalFeed', 'True_pesticideVeterinaryDrug']",38,google-bert/bert-base-uncased,systemBoundary,recalculated,no rag
40,"permanent pasture producing Sheep, ewe in United Kingdom. Additional description: Generic grass pasture for sheep and cattle.. What is in the system boundary?","[1, 1, 1, 1, 0, 0, 0, 1, 0, 0, 1, 1, 0, 1, 1, 0, 1, 1, 1]","[1, 1, 1, 1, 1, 0, 0, 1, 0, 0, 1, 1, 0, 1, 1, 0, 1, 1, 1]","['True_product', 'True_ingredient', 'True_animalPopulation', 'True_fertiliser', 'True_freshForage', 'True_excreta', 'True_water', 'True_seed', 'True_waste', 'True_transport', 'True_soilAmendment', 'True_otherChemical', 'True_cropResidue', 'True_liveAnimalInput', 'True_operation', 'True_material', 'True_electricityFuel', 'True_animalFeed', 'True_pesticideVeterinaryDrug']",40,google-bert/bert-base-uncased,systemBoundary,recalculated,no rag
44,"permanent pasture producing Beef cattle, calf (male, weaned) in United Kingdom. Additional description: High sugar pasture for sheep and cattle.. What is in the system boundary?","[1, 1, 1, 1, 0, 0, 0, 1, 0, 0, 1, 1, 0, 1, 1, 0, 1, 1, 1]","[1, 1, 1, 1, 1, 0, 0, 1, 0, 0, 1, 1, 0, 1, 1, 0, 1, 1, 1]","['True_product', 'True_ingredient', 'True_animalPopulation', 'True_fertiliser', 'True_freshForage', 'True_excreta', 'True_water', 'True_seed', 'True_waste', 'True_transport', 'True_soilAmendment', 'True_otherChemical', 'True_cropResidue', 'True_liveAnimalInput', 'True_operation', 'True_material', 'True_electricityFuel', 'True_animalFeed', 'True_pesticideVeterinaryDrug']",44,google-bert/bert-base-uncased,systemBoundary,recalculated,no rag
46,"permanent pasture producing Beef cattle, steer in United Kingdom. Additional description: Generic grass pasture for sheep and cattle.. What is in the system boundary?","[1, 1, 1, 1, 0, 0, 0, 1, 0, 0, 1, 1, 0, 1, 1, 0, 1, 1, 1]","[1, 1, 1, 1, 1, 0, 0, 1, 0, 0, 1, 1, 0, 1, 1, 0, 1, 1, 1]","['True_product', 'True_ingredient', 'True_animalPopulation', 'True_fertiliser', 'True_freshForage', 'True_excreta', 'True_water', 'True_seed', 'True_waste', 'True_transport', 'True_soilAmendment', 'True_otherChemical', 'True_cropResidue', 'True_liveAnimalInput', 'True_operation', 'True_material', 'True_electricityFuel', 'True_animalFeed', 'True_pesticideVeterinaryDrug']",46,google-bert/bert-base-uncased,systemBoundary,recalculated,no rag
58,"agri-food processor producing Whey, liquid in Spain. What is in the system boundary?","[1, 0, 1, 1, 1, 1, 1, 1, 0, 1, 1, 1, 1, 1, 0, 0, 1, 1, 1]","[1, 1, 1, 1, 1, 1, 1, 1, 0, 1, 1, 1, 1, 1, 0, 0, 1, 1, 1]","['True_product', 'True_ingredient', 'True_animalPopulation', 'True_fertiliser', 'True_freshForage', 'True_excreta', 'True_water', 'True_seed', 'True_waste', 'True_transport', 'True_soilAmendment', 'True_otherChemical', 'True_cropResidue', 'True_liveAnimalInput', 'True_operation', 'True_material', 'True_electricityFuel', 'True_animalFeed', 'True_pesticideVeterinaryDrug']",58,google-bert/bert-base-uncased,systemBoundary,recalculated,no rag
59,agri-food processor producing Ripened cheese in Italy. What is in the system boundary?,"[1, 1, 1, 1, 1, 1, 1, 1, 1, 1, 1, 1, 1, 1, 0, 0, 1, 1, 1]","[1, 0, 1, 1, 1, 1, 1, 1, 0, 1, 1, 1, 1, 1, 0, 0, 1, 1, 1]","['True_product', 'True_ingredient', 'True_animalPopulation', 'True_fertiliser', 'True_freshForage', 'True_excreta', 'True_water', 'True_seed', 'True_waste', 'True_transport', 'True_soilAmendment', 'True_otherChemical', 'True_cropResidue', 'True_liveAnimalInput', 'True_operation', 'True_material', 'True_electricityFuel', 'True_animalFeed', 'True_pesticideVeterinaryDrug']",59,google-bert/bert-base-uncased,systemBoundary,recalculated,no rag
68,"permanent pasture producing Meat, beef cattle (liveweight) in Colombia. What is in the system boundary?","[1, 1, 1, 1, 1, 0, 0, 1, 0, 0, 1, 1, 1, 1, 0, 0, 1, 1, 0]","[1, 1, 1, 1, 1, 0, 0, 1, 0, 0, 1, 1, 1, 0, 0, 0, 1, 1, 0]","['True_product', 'True_ingredient', 'True_animalPopulation', 'True_fertiliser', 'True_freshForage', 'True_excreta', 'True_water', 'True_seed', 'True_waste', 'True_transport', 'True_soilAmendment', 'True_otherChemical', 'True_cropResidue', 'True_liveAnimalInput', 'True_operation', 'True_material', 'True_electricityFuel', 'True_animalFeed', 'True_pesticideVeterinaryDrug']",68,google-bert/bert-base-uncased,systemBoundary,recalculated,no rag
74,"permanent pasture producing Beef cattle, heifer in United Kingdom. Additional description: Generic grass pasture for sheep and cattle.. What is in the system boundary?","[1, 1, 1, 1, 0, 0, 0, 1, 0, 0, 1, 1, 0, 1, 1, 0, 1, 1, 1]","[1, 1, 1, 1, 1, 0, 0, 1, 0, 0, 1, 1, 0, 1, 1, 0, 1, 1, 1]","['True_product', 'True_ingredient', 'True_animalPopulation', 'True_fertiliser', 'True_freshForage', 'True_excreta', 'True_water', 'True_seed', 'True_waste', 'True_transport', 'True_soilAmendment', 'True_otherChemical', 'True_cropResidue', 'True_liveAnimalInput', 'True_operation', 'True_material', 'True_electricityFuel', 'True_animalFeed', 'True_pesticideVeterinaryDrug']",74,google-bert/bert-base-uncased,systemBoundary,recalculated,no rag
79,"animal housing producing Beef cattle, bull in Ireland. Additional description: 19AL treatment where Bulls are offered grass silage ad libitum plus 1.5kg dry matter DM per head daily over the Winter period, turned out to pasture for 100 days and finished indoors on a concentrate ad libitum diet for 100 days and slaughtered at 19 months of age (this is the Winter housing phase). What is in the system boundary?","[1, 1, 1, 0, 0, 0, 0, 0, 0, 1, 0, 1, 1, 1, 1, 0, 1, 0, 0]","[1, 1, 1, 0, 0, 0, 0, 0, 0, 1, 0, 1, 0, 1, 1, 0, 1, 0, 0]","['True_product', 'True_ingredient', 'True_animalPopulation', 'True_fertiliser', 'True_freshForage', 'True_excreta', 'True_water', 'True_seed', 'True_waste', 'True_transport', 'True_soilAmendment', 'True_otherChemical', 'True_cropResidue', 'True_liveAnimalInput', 'True_operation', 'True_material', 'True_electricityFuel', 'True_animalFeed', 'True_pesticideVeterinaryDrug']",79,google-bert/bert-base-uncased,systemBoundary,recalculated,no rag
82,animal housing producing Pig in Germany. Additional description: Fattening-FARM. What is in the system boundary?,"[1, 1, 1, 1, 1, 1, 0, 1, 0, 0, 1, 1, 1, 1, 0, 0, 0, 1, 0]","[1, 1, 1, 1, 1, 0, 0, 1, 0, 0, 1, 1, 1, 1, 0, 0, 0, 1, 0]","['True_product', 'True_ingredient', 'True_animalPopulation', 'True_fertiliser', 'True_freshForage', 'True_excreta', 'True_water', 'True_seed', 'True_waste', 'True_transport', 'True_soilAmendment', 'True_otherChemical', 'True_cropResidue', 'True_liveAnimalInput', 'True_operation', 'True_material', 'True_electricityFuel', 'True_animalFeed', 'True_pesticideVeterinaryDrug']",82,google-bert/bert-base-uncased,systemBoundary,recalculated,no rag
3,"permanent pasture producing Beef cattle, calf (female, weaned) in United Kingdom. Additional description: Generic grass pasture for sheep and cattle.. What is in the system boundary?","[1, 1, 1, 1, 0, 0, 0, 1, 0, 0, 1, 1, 0, 1, 1, 0, 1, 1, 1]","[1, 1, 1, 1, 1, 0, 0, 1, 0, 0, 1, 1, 0, 1, 1, 0, 1, 1, 1]","['True_product', 'True_ingredient', 'True_animalPopulation', 'True_fertiliser', 'True_freshForage', 'True_excreta', 'True_water', 'True_seed', 'True_waste', 'True_transport', 'True_soilAmendment', 'True_otherChemical', 'True_cropResidue', 'True_liveAnimalInput', 'True_operation', 'True_material', 'True_electricityFuel', 'True_animalFeed', 'True_pesticideVeterinaryDrug']",3,microsoft/deberta-v3-base,systemBoundary,recalculated,no rag
13,"permanent pasture producing Beef cattle, heifer in United Kingdom. Additional description: High sugar pasture for sheep and cattle.. What is in the system boundary?","[1, 1, 1, 1, 0, 0, 0, 1, 0, 0, 1, 1, 0, 1, 1, 0, 1, 1, 1]","[1, 1, 1, 1, 1, 0, 0, 1, 0, 0, 1, 1, 0, 1, 1, 0, 1, 1, 1]","['True_product', 'True_ingredient', 'True_animalPopulation', 'True_fertiliser', 'True_freshForage', 'True_excreta', 'True_water', 'True_seed', 'True_waste', 'True_transport', 'True_soilAmendment', 'True_otherChemical', 'True_cropResidue', 'True_liveAnimalInput', 'True_operation', 'True_material', 'True_electricityFuel', 'True_animalFeed', 'True_pesticideVeterinaryDrug']",13,microsoft/deberta-v3-base,systemBoundary,recalculated,no rag
34,"animal housing producing Eggs, hen, in shell (number) in Thailand. Additional description: CB1-Parent farm 4. What is in the system boundary?","[1, 1, 1, 1, 1, 1, 1, 1, 1, 0, 1, 1, 1, 1, 0, 0, 1, 1, 0]","[1, 1, 1, 1, 1, 1, 1, 1, 1, 0, 1, 1, 1, 0, 0, 0, 1, 1, 0]","['True_product', 'True_ingredient', 'True_animalPopulation', 'True_fertiliser', 'True_freshForage', 'True_excreta', 'True_water', 'True_seed', 'True_waste', 'True_transport', 'True_soilAmendment', 'True_otherChemical', 'True_cropResidue', 'True_liveAnimalInput', 'True_operation', 'True_material', 'True_electricityFuel', 'True_animalFeed', 'True_pesticideVeterinaryDrug']",34,microsoft/deberta-v3-base,systemBoundary,recalculated,no rag
38,"permanent pasture producing Dairy cattle, heifer in New Zealand. Additional description: Off-site replacement cow pasture grazing from weaned calf -> 90% of mature weight (2mo -> 22mo) (2017/18). What is in the system boundary?","[1, 1, 0, 1, 0, 0, 0, 0, 0, 0, 1, 1, 1, 1, 0, 0, 0, 0, 0]","[1, 1, 1, 1, 1, 0, 0, 0, 0, 0, 1, 1, 1, 1, 0, 0, 0, 1, 0]","['True_product', 'True_ingredient', 'True_animalPopulation', 'True_fertiliser', 'True_freshForage', 'True_excreta', 'True_water', 'True_seed', 'True_waste', 'True_transport', 'True_soilAmendment', 'True_otherChemical', 'True_cropResidue', 'True_liveAnimalInput', 'True_operation', 'True_material', 'True_electricityFuel', 'True_animalFeed', 'True_pesticideVeterinaryDrug']",38,microsoft/deberta-v3-base,systemBoundary,recalculated,no rag
40,"permanent pasture producing Sheep, ewe in United Kingdom. Additional description: Generic grass pasture for sheep and cattle.. What is in the system boundary?","[1, 1, 1, 1, 0, 0, 0, 1, 0, 0, 1, 1, 0, 1, 1, 0, 1, 1, 1]","[1, 1, 1, 1, 1, 0, 0, 1, 0, 0, 1, 1, 0, 1, 1, 0, 1, 1, 1]","['True_product', 'True_ingredient', 'True_animalPopulation', 'True_fertiliser', 'True_freshForage', 'True_excreta', 'True_water', 'True_seed', 'True_waste', 'True_transport', 'True_soilAmendment', 'True_otherChemical', 'True_cropResidue', 'True_liveAnimalInput', 'True_operation', 'True_material', 'True_electricityFuel', 'True_animalFeed', 'True_pesticideVeterinaryDrug']",40,microsoft/deberta-v3-base,systemBoundary,recalculated,no rag
44,"permanent pasture producing Beef cattle, calf (male, weaned) in United Kingdom. Additional description: High sugar pasture for sheep and cattle.. What is in the system boundary?","[1, 1, 1, 1, 0, 0, 0, 1, 0, 0, 1, 1, 0, 1, 1, 0, 1, 1, 1]","[1, 1, 1, 1, 1, 0, 0, 1, 0, 0, 1, 1, 0, 1, 1, 0, 1, 1, 1]","['True_product', 'True_ingredient', 'True_animalPopulation', 'True_fertiliser', 'True_freshForage', 'True_excreta', 'True_water', 'True_seed', 'True_waste', 'True_transport', 'True_soilAmendment', 'True_otherChemical', 'True_cropResidue', 'True_liveAnimalInput', 'True_operation', 'True_material', 'True_electricityFuel', 'True_animalFeed', 'True_pesticideVeterinaryDrug']",44,microsoft/deberta-v3-base,systemBoundary,recalculated,no rag
46,"permanent pasture producing Beef cattle, steer in United Kingdom. Additional description: Generic grass pasture for sheep and cattle.. What is in the system boundary?","[1, 1, 1, 1, 0, 0, 0, 1, 0, 0, 1, 1, 0, 1, 1, 0, 1, 1, 1]","[1, 1, 1, 1, 1, 0, 0, 1, 0, 0, 1, 1, 0, 1, 1, 0, 1, 1, 1]","['True_product', 'True_ingredient', 'True_animalPopulation', 'True_fertiliser', 'True_freshForage', 'True_excreta', 'True_water', 'True_seed', 'True_waste', 'True_transport', 'True_soilAmendment', 'True_otherChemical', 'True_cropResidue', 'True_liveAnimalInput', 'True_operation', 'True_material', 'True_electricityFuel', 'True_animalFeed', 'True_pesticideVeterinaryDrug']",46,microsoft/deberta-v3-base,systemBoundary,recalculated,no rag
59,agri-food processor producing Ripened cheese in Italy. What is in the system boundary?,"[1, 1, 1, 1, 1, 1, 1, 1, 1, 1, 1, 1, 1, 1, 0, 0, 1, 1, 1]","[1, 0, 1, 1, 1, 1, 1, 1, 0, 1, 1, 1, 1, 1, 0, 0, 1, 1, 1]","['True_product', 'True_ingredient', 'True_animalPopulation', 'True_fertiliser', 'True_freshForage', 'True_excreta', 'True_water', 'True_seed', 'True_waste', 'True_transport', 'True_soilAmendment', 'True_otherChemical', 'True_cropResidue', 'True_liveAnimalInput', 'True_operation', 'True_material', 'True_electricityFuel', 'True_animalFeed', 'True_pesticideVeterinaryDrug']",59,microsoft/deberta-v3-base,systemBoundary,recalculated,no rag
68,"permanent pasture producing Meat, beef cattle (liveweight) in Colombia. What is in the system boundary?","[1, 1, 1, 1, 1, 0, 0, 1, 0, 0, 1, 1, 1, 1, 0, 0, 1, 1, 0]","[1, 1, 1, 1, 1, 0, 0, 1, 0, 0, 1, 1, 1, 0, 0, 0, 1, 1, 0]","['True_product', 'True_ingredient', 'True_animalPopulation', 'True_fertiliser', 'True_freshForage', 'True_excreta', 'True_water', 'True_seed', 'True_waste', 'True_transport', 'True_soilAmendment', 'True_otherChemical', 'True_cropResidue', 'True_liveAnimalInput', 'True_operation', 'True_material', 'True_electricityFuel', 'True_animalFeed', 'True_pesticideVeterinaryDrug']",68,microsoft/deberta-v3-base,systemBoundary,recalculated,no rag
74,"permanent pasture producing Beef cattle, heifer in United Kingdom. Additional description: Generic grass pasture for sheep and cattle.. What is in the system boundary?","[1, 1, 1, 1, 0, 0, 0, 1, 0, 0, 1, 1, 0, 1, 1, 0, 1, 1, 1]","[1, 1, 1, 1, 1, 0, 0, 1, 0, 0, 1, 1, 0, 1, 1, 0, 1, 1, 1]","['True_product', 'True_ingredient', 'True_animalPopulation', 'True_fertiliser', 'True_freshForage', 'True_excreta', 'True_water', 'True_seed', 'True_waste', 'True_transport', 'True_soilAmendment', 'True_otherChemical', 'True_cropResidue', 'True_liveAnimalInput', 'True_operation', 'True_material', 'True_electricityFuel', 'True_animalFeed', 'True_pesticideVeterinaryDrug']",74,microsoft/deberta-v3-base,systemBoundary,recalculated,no rag
79,"animal housing producing Beef cattle, bull in Ireland. Additional description: 19AL treatment where Bulls are offered grass silage ad libitum plus 1.5kg dry matter DM per head daily over the Winter period, turned out to pasture for 100 days and finished indoors on a concentrate ad libitum diet for 100 days and slaughtered at 19 months of age (this is the Winter housing phase). What is in the system boundary?","[1, 1, 1, 0, 0, 0, 0, 0, 0, 1, 0, 1, 1, 1, 1, 0, 1, 0, 0]","[1, 1, 1, 0, 0, 0, 0, 0, 0, 1, 0, 1, 0, 1, 1, 0, 1, 0, 0]","['True_product', 'True_ingredient', 'True_animalPopulation', 'True_fertiliser', 'True_freshForage', 'True_excreta', 'True_water', 'True_seed', 'True_waste', 'True_transport', 'True_soilAmendment', 'True_otherChemical', 'True_cropResidue', 'True_liveAnimalInput', 'True_operation', 'True_material', 'True_electricityFuel', 'True_animalFeed', 'True_pesticideVeterinaryDrug']",79,microsoft/deberta-v3-base,systemBoundary,recalculated,no rag
90,"agri-food processor producing Cheese, cow in Portugal. Additional description: Mature cheese production. What is in the system boundary?","[1, 1, 1, 1, 1, 1, 1, 1, 1, 0, 1, 1, 1, 1, 0, 0, 1, 1, 1]","[0, 1, 1, 1, 1, 1, 1, 1, 0, 0, 1, 1, 1, 1, 0, 0, 1, 1, 1]","['True_product', 'True_ingredient', 'True_animalPopulation', 'True_fertiliser', 'True_freshForage', 'True_excreta', 'True_water', 'True_seed', 'True_waste', 'True_transport', 'True_soilAmendment', 'True_otherChemical', 'True_cropResidue', 'True_liveAnimalInput', 'True_operation', 'True_material', 'True_electricityFuel', 'True_animalFeed', 'True_pesticideVeterinaryDrug']",90,microsoft/deberta-v3-base,systemBoundary,recalculated,no rag
3,"permanent pasture producing Beef cattle, calf (female, weaned) in United Kingdom. Additional description: Generic grass pasture for sheep and cattle.. What is in the system boundary?","[1, 1, 1, 1, 0, 0, 0, 1, 0, 0, 1, 1, 0, 1, 1, 0, 1, 1, 1]","[1, 1, 1, 1, 1, 0, 0, 1, 0, 0, 1, 1, 0, 1, 1, 0, 1, 1, 1]","['True_product', 'True_ingredient', 'True_animalPopulation', 'True_fertiliser', 'True_freshForage', 'True_excreta', 'True_water', 'True_seed', 'True_waste', 'True_transport', 'True_soilAmendment', 'True_otherChemical', 'True_cropResidue', 'True_liveAnimalInput', 'True_operation', 'True_material', 'True_electricityFuel', 'True_animalFeed', 'True_pesticideVeterinaryDrug']",3,microsoft/deberta-v3-large,systemBoundary,recalculated,no rag
13,"permanent pasture producing Beef cattle, heifer in United Kingdom. Additional description: High sugar pasture for sheep and cattle.. What is in the system boundary?","[1, 1, 1, 1, 0, 0, 0, 1, 0, 0, 1, 1, 0, 1, 1, 0, 1, 1, 1]","[1, 1, 1, 1, 1, 0, 0, 1, 0, 0, 1, 1, 0, 1, 1, 0, 1, 1, 1]","['True_product', 'True_ingredient', 'True_animalPopulation', 'True_fertiliser', 'True_freshForage', 'True_excreta', 'True_water', 'True_seed', 'True_waste', 'True_transport', 'True_soilAmendment', 'True_otherChemical', 'True_cropResidue', 'True_liveAnimalInput', 'True_operation', 'True_material', 'True_electricityFuel', 'True_animalFeed', 'True_pesticideVeterinaryDrug']",13,microsoft/deberta-v3-large,systemBoundary,recalculated,no rag
38,"permanent pasture producing Dairy cattle, heifer in New Zealand. Additional description: Off-site replacement cow pasture grazing from weaned calf -> 90% of mature weight (2mo -> 22mo) (2017/18). What is in the system boundary?","[1, 1, 0, 1, 0, 0, 0, 0, 0, 0, 1, 1, 1, 1, 0, 0, 0, 0, 0]","[1, 1, 1, 1, 1, 0, 0, 0, 0, 0, 1, 1, 1, 1, 0, 0, 0, 1, 0]","['True_product', 'True_ingredient', 'True_animalPopulation', 'True_fertiliser', 'True_freshForage', 'True_excreta', 'True_water', 'True_seed', 'True_waste', 'True_transport', 'True_soilAmendment', 'True_otherChemical', 'True_cropResidue', 'True_liveAnimalInput', 'True_operation', 'True_material', 'True_electricityFuel', 'True_animalFeed', 'True_pesticideVeterinaryDrug']",38,microsoft/deberta-v3-large,systemBoundary,recalculated,no rag
40,"permanent pasture producing Sheep, ewe in United Kingdom. Additional description: Generic grass pasture for sheep and cattle.. What is in the system boundary?","[1, 1, 1, 1, 0, 0, 0, 1, 0, 0, 1, 1, 0, 1, 1, 0, 1, 1, 1]","[1, 1, 1, 1, 1, 0, 0, 1, 0, 0, 1, 1, 0, 1, 1, 0, 1, 1, 1]","['True_product', 'True_ingredient', 'True_animalPopulation', 'True_fertiliser', 'True_freshForage', 'True_excreta', 'True_water', 'True_seed', 'True_waste', 'True_transport', 'True_soilAmendment', 'True_otherChemical', 'True_cropResidue', 'True_liveAnimalInput', 'True_operation', 'True_material', 'True_electricityFuel', 'True_animalFeed', 'True_pesticideVeterinaryDrug']",40,microsoft/deberta-v3-large,systemBoundary,recalculated,no rag
44,"permanent pasture producing Beef cattle, calf (male, weaned) in United Kingdom. Additional description: High sugar pasture for sheep and cattle.. What is in the system boundary?","[1, 1, 1, 1, 0, 0, 0, 1, 0, 0, 1, 1, 0, 1, 1, 0, 1, 1, 1]","[1, 1, 1, 1, 1, 0, 0, 1, 0, 0, 1, 1, 0, 1, 1, 0, 1, 1, 1]","['True_product', 'True_ingredient', 'True_animalPopulation', 'True_fertiliser', 'True_freshForage', 'True_excreta', 'True_water', 'True_seed', 'True_waste', 'True_transport', 'True_soilAmendment', 'True_otherChemical', 'True_cropResidue', 'True_liveAnimalInput', 'True_operation', 'True_material', 'True_electricityFuel', 'True_animalFeed', 'True_pesticideVeterinaryDrug']",44,microsoft/deberta-v3-large,systemBoundary,recalculated,no rag
46,"permanent pasture producing Beef cattle, steer in United Kingdom. Additional description: Generic grass pasture for sheep and cattle.. What is in the system boundary?","[1, 1, 1, 1, 0, 0, 0, 1, 0, 0, 1, 1, 0, 1, 1, 0, 1, 1, 1]","[1, 1, 1, 1, 1, 0, 0, 1, 0, 0, 1, 1, 0, 1, 1, 0, 1, 1, 1]","['True_product', 'True_ingredient', 'True_animalPopulation', 'True_fertiliser', 'True_freshForage', 'True_excreta', 'True_water', 'True_seed', 'True_waste', 'True_transport', 'True_soilAmendment', 'True_otherChemical', 'True_cropResidue', 'True_liveAnimalInput', 'True_operation', 'True_material', 'True_electricityFuel', 'True_animalFeed', 'True_pesticideVeterinaryDrug']",46,microsoft/deberta-v3-large,systemBoundary,recalculated,no rag
58,"agri-food processor producing Whey, liquid in Spain. What is in the system boundary?","[1, 0, 1, 1, 1, 1, 1, 1, 0, 1, 1, 1, 1, 1, 0, 0, 1, 1, 1]","[1, 1, 1, 1, 1, 1, 1, 1, 0, 1, 1, 1, 1, 1, 0, 0, 1, 1, 1]","['True_product', 'True_ingredient', 'True_animalPopulation', 'True_fertiliser', 'True_freshForage', 'True_excreta', 'True_water', 'True_seed', 'True_waste', 'True_transport', 'True_soilAmendment', 'True_otherChemical', 'True_cropResidue', 'True_liveAnimalInput', 'True_operation', 'True_material', 'True_electricityFuel', 'True_animalFeed', 'True_pesticideVeterinaryDrug']",58,microsoft/deberta-v3-large,systemBoundary,recalculated,no rag
59,agri-food processor producing Ripened cheese in Italy. What is in the system boundary?,"[1, 1, 1, 1, 1, 1, 1, 1, 1, 1, 1, 1, 1, 1, 0, 0, 1, 1, 1]","[1, 1, 1, 1, 1, 1, 1, 1, 0, 0, 1, 1, 1, 1, 0, 0, 1, 1, 1]","['True_product', 'True_ingredient', 'True_animalPopulation', 'True_fertiliser', 'True_freshForage', 'True_excreta', 'True_water', 'True_seed', 'True_waste', 'True_transport', 'True_soilAmendment', 'True_otherChemical', 'True_cropResidue', 'True_liveAnimalInput', 'True_operation', 'True_material', 'True_electricityFuel', 'True_animalFeed', 'True_pesticideVeterinaryDrug']",59,microsoft/deberta-v3-large,systemBoundary,recalculated,no rag
74,"permanent pasture producing Beef cattle, heifer in United Kingdom. Additional description: Generic grass pasture for sheep and cattle.. What is in the system boundary?","[1, 1, 1, 1, 0, 0, 0, 1, 0, 0, 1, 1, 0, 1, 1, 0, 1, 1, 1]","[1, 1, 1, 1, 1, 0, 0, 1, 0, 0, 1, 1, 0, 1, 1, 0, 1, 1, 1]","['True_product', 'True_ingredient', 'True_animalPopulation', 'True_fertiliser', 'True_freshForage', 'True_excreta', 'True_water', 'True_seed', 'True_waste', 'True_transport', 'True_soilAmendment', 'True_otherChemical', 'True_cropResidue', 'True_liveAnimalInput', 'True_operation', 'True_material', 'True_electricityFuel', 'True_animalFeed', 'True_pesticideVeterinaryDrug']",74,microsoft/deberta-v3-large,systemBoundary,recalculated,no rag
79,"animal housing producing Beef cattle, bull in Ireland. Additional description: 19AL treatment where Bulls are offered grass silage ad libitum plus 1.5kg dry matter DM per head daily over the Winter period, turned out to pasture for 100 days and finished indoors on a concentrate ad libitum diet for 100 days and slaughtered at 19 months of age (this is the Winter housing phase). What is in the system boundary?","[1, 1, 1, 0, 0, 0, 0, 0, 0, 1, 0, 1, 1, 1, 1, 0, 1, 0, 0]","[1, 1, 1, 0, 0, 0, 0, 0, 0, 1, 0, 1, 0, 1, 1, 0, 1, 0, 0]","['True_product', 'True_ingredient', 'True_animalPopulation', 'True_fertiliser', 'True_freshForage', 'True_excreta', 'True_water', 'True_seed', 'True_waste', 'True_transport', 'True_soilAmendment', 'True_otherChemical', 'True_cropResidue', 'True_liveAnimalInput', 'True_operation', 'True_material', 'True_electricityFuel', 'True_animalFeed', 'True_pesticideVeterinaryDrug']",79,microsoft/deberta-v3-large,systemBoundary,recalculated,no rag
90,"agri-food processor producing Cheese, cow in Portugal. Additional description: Mature cheese production. What is in the system boundary?","[1, 1, 1, 1, 1, 1, 1, 1, 1, 0, 1, 1, 1, 1, 0, 0, 1, 1, 1]","[0, 1, 1, 1, 1, 1, 1, 1, 0, 0, 1, 1, 1, 1, 0, 0, 1, 1, 1]","['True_product', 'True_ingredient', 'True_animalPopulation', 'True_fertiliser', 'True_freshForage', 'True_excreta', 'True_water', 'True_seed', 'True_waste', 'True_transport', 'True_soilAmendment', 'True_otherChemical', 'True_cropResidue', 'True_liveAnimalInput', 'True_operation', 'True_material', 'True_electricityFuel', 'True_animalFeed', 'True_pesticideVeterinaryDrug']",90,microsoft/deberta-v3-large,systemBoundary,recalculated,no rag
3,"permanent pasture producing Beef cattle, calf (female, weaned) in United Kingdom. Additional description: Generic grass pasture for sheep and cattle.. What is in the system boundary?","[1, 1, 1, 1, 0, 0, 0, 1, 0, 0, 1, 1, 0, 1, 1, 0, 1, 1, 1]","[1, 1, 1, 1, 1, 0, 0, 1, 0, 0, 1, 1, 0, 1, 1, 0, 1, 1, 1]","['True_product', 'True_ingredient', 'True_animalPopulation', 'True_fertiliser', 'True_freshForage', 'True_excreta', 'True_water', 'True_seed', 'True_waste', 'True_transport', 'True_soilAmendment', 'True_otherChemical', 'True_cropResidue', 'True_liveAnimalInput', 'True_operation', 'True_material', 'True_electricityFuel', 'True_animalFeed', 'True_pesticideVeterinaryDrug']",3,microsoft/deberta-v3-small,systemBoundary,recalculated,no rag
13,"permanent pasture producing Beef cattle, heifer in United Kingdom. Additional description: High sugar pasture for sheep and cattle.. What is in the system boundary?","[1, 1, 1, 1, 0, 0, 0, 1, 0, 0, 1, 1, 0, 1, 1, 0, 1, 1, 1]","[1, 1, 1, 1, 1, 0, 0, 1, 0, 0, 1, 1, 0, 1, 1, 0, 1, 1, 1]","['True_product', 'True_ingredient', 'True_animalPopulation', 'True_fertiliser', 'True_freshForage', 'True_excreta', 'True_water', 'True_seed', 'True_waste', 'True_transport', 'True_soilAmendment', 'True_otherChemical', 'True_cropResidue', 'True_liveAnimalInput', 'True_operation', 'True_material', 'True_electricityFuel', 'True_animalFeed', 'True_pesticideVeterinaryDrug']",13,microsoft/deberta-v3-small,systemBoundary,recalculated,no rag
15,agri-food processor producing Ripened cheese in Italy. Additional description: Grana Padano cheese production. What is in the system boundary?,"[0, 1, 1, 1, 1, 1, 1, 0, 0, 0, 1, 1, 1, 1, 0, 0, 1, 1, 1]","[0, 0, 1, 1, 1, 1, 1, 1, 0, 0, 1, 1, 1, 1, 0, 0, 1, 1, 1]","['True_product', 'True_ingredient', 'True_animalPopulation', 'True_fertiliser', 'True_freshForage', 'True_excreta', 'True_water', 'True_seed', 'True_waste', 'True_transport', 'True_soilAmendment', 'True_otherChemical', 'True_cropResidue', 'True_liveAnimalInput', 'True_operation', 'True_material', 'True_electricityFuel', 'True_animalFeed', 'True_pesticideVeterinaryDrug']",15,microsoft/deberta-v3-small,systemBoundary,recalculated,no rag
16,"permanent pasture producing Beef cattle, steer in Brazil. Additional description: Beef, degraded Brachiaria pasture (Scenario 1). What is in the system boundary?","[1, 1, 1, 1, 1, 1, 1, 1, 0, 0, 1, 1, 0, 0, 1, 0, 1, 1, 0]","[1, 1, 1, 1, 1, 1, 1, 1, 0, 0, 1, 1, 0, 0, 0, 0, 1, 1, 0]","['True_product', 'True_ingredient', 'True_animalPopulation', 'True_fertiliser', 'True_freshForage', 'True_excreta', 'True_water', 'True_seed', 'True_waste', 'True_transport', 'True_soilAmendment', 'True_otherChemical', 'True_cropResidue', 'True_liveAnimalInput', 'True_operation', 'True_material', 'True_electricityFuel', 'True_animalFeed', 'True_pesticideVeterinaryDrug']",16,microsoft/deberta-v3-small,systemBoundary,recalculated,no rag
20,agri-food processor producing Ripened cheese in Italy. Additional description: Grana Padano cheese production. What is in the system boundary?,"[0, 1, 1, 1, 1, 1, 1, 0, 0, 0, 1, 1, 1, 1, 0, 0, 1, 1, 1]","[0, 0, 1, 1, 1, 1, 1, 1, 0, 0, 1, 1, 1, 1, 0, 0, 1, 1, 1]","['True_product', 'True_ingredient', 'True_animalPopulation', 'True_fertiliser', 'True_freshForage', 'True_excreta', 'True_water', 'True_seed', 'True_waste', 'True_transport', 'True_soilAmendment', 'True_otherChemical', 'True_cropResidue', 'True_liveAnimalInput', 'True_operation', 'True_material', 'True_electricityFuel', 'True_animalFeed', 'True_pesticideVeterinaryDrug']",20,microsoft/deberta-v3-small,systemBoundary,recalculated,no rag
38,"permanent pasture producing Dairy cattle, heifer in New Zealand. Additional description: Off-site replacement cow pasture grazing from weaned calf -> 90% of mature weight (2mo -> 22mo) (2017/18). What is in the system boundary?","[1, 1, 0, 1, 0, 0, 0, 0, 0, 0, 1, 1, 1, 1, 0, 0, 0, 0, 0]","[1, 1, 1, 1, 1, 0, 0, 0, 0, 0, 1, 1, 1, 1, 0, 0, 0, 1, 0]","['True_product', 'True_ingredient', 'True_animalPopulation', 'True_fertiliser', 'True_freshForage', 'True_excreta', 'True_water', 'True_seed', 'True_waste', 'True_transport', 'True_soilAmendment', 'True_otherChemical', 'True_cropResidue', 'True_liveAnimalInput', 'True_operation', 'True_material', 'True_electricityFuel', 'True_animalFeed', 'True_pesticideVeterinaryDrug']",38,microsoft/deberta-v3-small,systemBoundary,recalculated,no rag
40,"permanent pasture producing Sheep, ewe in United Kingdom. Additional description: Generic grass pasture for sheep and cattle.. What is in the system boundary?","[1, 1, 1, 1, 0, 0, 0, 1, 0, 0, 1, 1, 0, 1, 1, 0, 1, 1, 1]","[1, 1, 1, 1, 1, 0, 0, 1, 0, 0, 1, 1, 0, 1, 1, 0, 1, 1, 1]","['True_product', 'True_ingredient', 'True_animalPopulation', 'True_fertiliser', 'True_freshForage', 'True_excreta', 'True_water', 'True_seed', 'True_waste', 'True_transport', 'True_soilAmendment', 'True_otherChemical', 'True_cropResidue', 'True_liveAnimalInput', 'True_operation', 'True_material', 'True_electricityFuel', 'True_animalFeed', 'True_pesticideVeterinaryDrug']",40,microsoft/deberta-v3-small,systemBoundary,recalculated,no rag
44,"permanent pasture producing Beef cattle, calf (male, weaned) in United Kingdom. Additional description: High sugar pasture for sheep and cattle.. What is in the system boundary?","[1, 1, 1, 1, 0, 0, 0, 1, 0, 0, 1, 1, 0, 1, 1, 0, 1, 1, 1]","[1, 1, 1, 1, 1, 0, 0, 1, 0, 0, 1, 1, 0, 1, 1, 0, 1, 1, 1]","['True_product', 'True_ingredient', 'True_animalPopulation', 'True_fertiliser', 'True_freshForage', 'True_excreta', 'True_water', 'True_seed', 'True_waste', 'True_transport', 'True_soilAmendment', 'True_otherChemical', 'True_cropResidue', 'True_liveAnimalInput', 'True_operation', 'True_material', 'True_electricityFuel', 'True_animalFeed', 'True_pesticideVeterinaryDrug']",44,microsoft/deberta-v3-small,systemBoundary,recalculated,no rag
46,"permanent pasture producing Beef cattle, steer in United Kingdom. Additional description: Generic grass pasture for sheep and cattle.. What is in the system boundary?","[1, 1, 1, 1, 0, 0, 0, 1, 0, 0, 1, 1, 0, 1, 1, 0, 1, 1, 1]","[1, 1, 1, 1, 1, 0, 0, 1, 0, 0, 1, 1, 0, 1, 1, 0, 1, 1, 1]","['True_product', 'True_ingredient', 'True_animalPopulation', 'True_fertiliser', 'True_freshForage', 'True_excreta', 'True_water', 'True_seed', 'True_waste', 'True_transport', 'True_soilAmendment', 'True_otherChemical', 'True_cropResidue', 'True_liveAnimalInput', 'True_operation', 'True_material', 'True_electricityFuel', 'True_animalFeed', 'True_pesticideVeterinaryDrug']",46,microsoft/deberta-v3-small,systemBoundary,recalculated,no rag
58,"agri-food processor producing Whey, liquid in Spain. What is in the system boundary?","[1, 0, 1, 1, 1, 1, 1, 1, 0, 1, 1, 1, 1, 1, 0, 0, 1, 1, 1]","[1, 1, 1, 1, 1, 1, 1, 1, 0, 0, 1, 1, 1, 1, 0, 0, 1, 1, 1]","['True_product', 'True_ingredient', 'True_animalPopulation', 'True_fertiliser', 'True_freshForage', 'True_excreta', 'True_water', 'True_seed', 'True_waste', 'True_transport', 'True_soilAmendment', 'True_otherChemical', 'True_cropResidue', 'True_liveAnimalInput', 'True_operation', 'True_material', 'True_electricityFuel', 'True_animalFeed', 'True_pesticideVeterinaryDrug']",58,microsoft/deberta-v3-small,systemBoundary,recalculated,no rag
59,agri-food processor producing Ripened cheese in Italy. What is in the system boundary?,"[1, 1, 1, 1, 1, 1, 1, 1, 1, 1, 1, 1, 1, 1, 0, 0, 1, 1, 1]","[1, 0, 1, 1, 1, 1, 1, 1, 0, 1, 1, 1, 1, 1, 0, 0, 1, 1, 1]","['True_product', 'True_ingredient', 'True_animalPopulation', 'True_fertiliser', 'True_freshForage', 'True_excreta', 'True_water', 'True_seed', 'True_waste', 'True_transport', 'True_soilAmendment', 'True_otherChemical', 'True_cropResidue', 'True_liveAnimalInput', 'True_operation', 'True_material', 'True_electricityFuel', 'True_animalFeed', 'True_pesticideVeterinaryDrug']",59,microsoft/deberta-v3-small,systemBoundary,recalculated,no rag
68,"permanent pasture producing Meat, beef cattle (liveweight) in Colombia. What is in the system boundary?","[1, 1, 1, 1, 1, 0, 0, 1, 0, 0, 1, 1, 1, 1, 0, 0, 1, 1, 0]","[1, 1, 1, 1, 1, 0, 0, 1, 0, 0, 1, 1, 1, 0, 0, 0, 1, 1, 0]","['True_product', 'True_ingredient', 'True_animalPopulation', 'True_fertiliser', 'True_freshForage', 'True_excreta', 'True_water', 'True_seed', 'True_waste', 'True_transport', 'True_soilAmendment', 'True_otherChemical', 'True_cropResidue', 'True_liveAnimalInput', 'True_operation', 'True_material', 'True_electricityFuel', 'True_animalFeed', 'True_pesticideVeterinaryDrug']",68,microsoft/deberta-v3-small,systemBoundary,recalculated,no rag
74,"permanent pasture producing Beef cattle, heifer in United Kingdom. Additional description: Generic grass pasture for sheep and cattle.. What is in the system boundary?","[1, 1, 1, 1, 0, 0, 0, 1, 0, 0, 1, 1, 0, 1, 1, 0, 1, 1, 1]","[1, 1, 1, 1, 1, 0, 0, 1, 0, 0, 1, 1, 0, 1, 1, 0, 1, 1, 1]","['True_product', 'True_ingredient', 'True_animalPopulation', 'True_fertiliser', 'True_freshForage', 'True_excreta', 'True_water', 'True_seed', 'True_waste', 'True_transport', 'True_soilAmendment', 'True_otherChemical', 'True_cropResidue', 'True_liveAnimalInput', 'True_operation', 'True_material', 'True_electricityFuel', 'True_animalFeed', 'True_pesticideVeterinaryDrug']",74,microsoft/deberta-v3-small,systemBoundary,recalculated,no rag
79,"animal housing producing Beef cattle, bull in Ireland. Additional description: 19AL treatment where Bulls are offered grass silage ad libitum plus 1.5kg dry matter DM per head daily over the Winter period, turned out to pasture for 100 days and finished indoors on a concentrate ad libitum diet for 100 days and slaughtered at 19 months of age (this is the Winter housing phase). What is in the system boundary?","[1, 1, 1, 0, 0, 0, 0, 0, 0, 1, 0, 1, 1, 1, 1, 0, 1, 0, 0]","[1, 1, 1, 0, 0, 0, 0, 0, 0, 1, 0, 1, 0, 1, 1, 0, 1, 0, 0]","['True_product', 'True_ingredient', 'True_animalPopulation', 'True_fertiliser', 'True_freshForage', 'True_excreta', 'True_water', 'True_seed', 'True_waste', 'True_transport', 'True_soilAmendment', 'True_otherChemical', 'True_cropResidue', 'True_liveAnimalInput', 'True_operation', 'True_material', 'True_electricityFuel', 'True_animalFeed', 'True_pesticideVeterinaryDrug']",79,microsoft/deberta-v3-small,systemBoundary,recalculated,no rag
90,"agri-food processor producing Cheese, cow in Portugal. Additional description: Mature cheese production. What is in the system boundary?","[1, 1, 1, 1, 1, 1, 1, 1, 1, 0, 1, 1, 1, 1, 0, 0, 1, 1, 1]","[1, 1, 1, 1, 1, 1, 1, 1, 0, 0, 1, 1, 1, 1, 0, 0, 1, 1, 1]","['True_product', 'True_ingredient', 'True_animalPopulation', 'True_fertiliser', 'True_freshForage', 'True_excreta', 'True_water', 'True_seed', 'True_waste', 'True_transport', 'True_soilAmendment', 'True_otherChemical', 'True_cropResidue', 'True_liveAnimalInput', 'True_operation', 'True_material', 'True_electricityFuel', 'True_animalFeed', 'True_pesticideVeterinaryDrug']",90,microsoft/deberta-v3-small,systemBoundary,recalculated,no rag
10,"animal housing producing Sheep, ram in United Kingdom. Additional description: Indoor cattle system.. Additional Context: The functional unit for the animal housing producing Sheep, ram in United Kingdom is not explicitly stated. However, based on the context, it can be inferred that the functional unit is likely to be 1 kg of live weight (LW) of sheep, as this is a common functional unit used in agricultural life cycle assessments (LCAs) for livestock production systems.","[0, 0, 0, 0, 1, 0, 0, 0, 0, 0]","[0, 0, 0, 0, 1, 0, 0, 1, 0, 0]","['kg cold carcass weight/head', '1 ha', 'kg cold dressed carcass weight/head', 'days', 'relative', 'kg', 'unitless', 'kg liveweight/head', '%', 'kg ready-to-cook weight/head']",10,climatebert/distilroberta-base-climate-f,functionalUnit,recalculated,rag
18,"permanent pasture producing Sheep, ewe in United Kingdom. Additional description: Generic grass pasture for sheep and cattle.. Additional Context: The functional unit for the production system of permanent pasture producing sheep in the United Kingdom is one animal.","[0, 0, 0, 0, 1, 0, 0, 0, 0, 0]","[0, 0, 0, 0, 1, 0, 0, 1, 0, 0]","['kg cold carcass weight/head', '1 ha', 'kg cold dressed carcass weight/head', 'days', 'relative', 'kg', 'unitless', 'kg liveweight/head', '%', 'kg ready-to-cook weight/head']",18,climatebert/distilroberta-base-climate-f,functionalUnit,recalculated,rag
22,"animal housing producing Pig, piglet in Denmark. Additional description: Sow herds-2011. Additional Context: The functional unit for the production system ""animal housing producing Pig, piglet in Denmark"" is 1 kg of live weight (LW) of pigs leaving the pig unit, including culled SOWS and slaughter pigs.","[0, 0, 0, 1, 1, 0, 0, 1, 1, 0]","[0, 0, 0, 0, 1, 0, 0, 1, 0, 0]","['kg cold carcass weight/head', '1 ha', 'kg cold dressed carcass weight/head', 'days', 'relative', 'kg', 'unitless', 'kg liveweight/head', '%', 'kg ready-to-cook weight/head']",22,climatebert/distilroberta-base-climate-f,functionalUnit,recalculated,rag
31,"animal housing producing Beef cattle, calf (female, weaned) in United Kingdom. Additional description: Indoor cattle system.. Additional Context: The functional unit for the animal housing producing Beef cattle, calf (female, weaned) in the United Kingdom is 1 kg of live weight (LW) of beef cattle.","[0, 0, 0, 0, 1, 0, 0, 0, 0, 0]","[0, 0, 0, 0, 1, 0, 0, 1, 0, 0]","['kg cold carcass weight/head', '1 ha', 'kg cold dressed carcass weight/head', 'days', 'relative', 'kg', 'unitless', 'kg liveweight/head', '%', 'kg ready-to-cook weight/head']",31,climatebert/distilroberta-base-climate-f,functionalUnit,recalculated,rag
35,"permanent pasture producing Sheep, ewe in United Kingdom. Additional description: High sugar pasture for sheep and cattle.. Additional Context: The functional unit for the production system of permanent pasture producing sheep in the United Kingdom is 1 ewe.","[1, 0, 0, 0, 1, 0, 0, 1, 0, 0]","[0, 0, 0, 0, 1, 0, 0, 1, 0, 0]","['kg cold carcass weight/head', '1 ha', 'kg cold dressed carcass weight/head', 'days', 'relative', 'kg', 'unitless', 'kg liveweight/head', '%', 'kg ready-to-cook weight/head']",35,climatebert/distilroberta-base-climate-f,functionalUnit,recalculated,rag
36,"permanent pasture producing Sheep, lamb in United Kingdom. Additional description: High sugar and white clover pasture mix for sheep and cattle.. Additional Context: The functional unit for the permanent pasture producing sheep and lamb system in the United Kingdom is 1 animal (sheep).","[0, 0, 0, 0, 1, 0, 0, 0, 0, 0]","[0, 0, 0, 0, 1, 0, 0, 1, 0, 0]","['kg cold carcass weight/head', '1 ha', 'kg cold dressed carcass weight/head', 'days', 'relative', 'kg', 'unitless', 'kg liveweight/head', '%', 'kg ready-to-cook weight/head']",36,climatebert/distilroberta-base-climate-f,functionalUnit,recalculated,rag
38,"permanent pasture producing Dairy cattle, heifer in New Zealand. Additional description: Off-site replacement cow pasture grazing from weaned calf -> 90% of mature weight (2mo -> 22mo) (2017/18). Additional Context: The functional unit for the production system is 1 mature dairy cow.","[0, 1, 0, 1, 0, 0, 0, 1, 0, 0]","[0, 1, 0, 0, 0, 0, 0, 0, 0, 0]","['kg cold carcass weight/head', '1 ha', 'kg cold dressed carcass weight/head', 'days', 'relative', 'kg', 'unitless', 'kg liveweight/head', '%', 'kg ready-to-cook weight/head']",38,climatebert/distilroberta-base-climate-f,functionalUnit,recalculated,rag
39,"permanent pasture producing Beef cattle, heifer in United Kingdom. Additional description: High sugar pasture for sheep and cattle.. Additional Context: The functional unit for the permanent pasture producing Beef cattle, heifer in the United Kingdom is 1 kg of live weight (LW) of beef cattle.","[0, 0, 0, 0, 1, 0, 0, 1, 0, 0]","[1, 0, 0, 0, 1, 0, 0, 1, 0, 0]","['kg cold carcass weight/head', '1 ha', 'kg cold dressed carcass weight/head', 'days', 'relative', 'kg', 'unitless', 'kg liveweight/head', '%', 'kg ready-to-cook weight/head']",39,climatebert/distilroberta-base-climate-f,functionalUnit,recalculated,rag
41,"permanent pasture producing Sheep, ewe in United Kingdom. Additional description: Generic grass pasture for sheep and cattle.. Additional Context: The functional unit for the production system of permanent pasture producing sheep in the United Kingdom is one animal.","[0, 0, 0, 0, 1, 0, 0, 0, 0, 0]","[0, 0, 0, 0, 1, 0, 0, 1, 0, 0]","['kg cold carcass weight/head', '1 ha', 'kg cold dressed carcass weight/head', 'days', 'relative', 'kg', 'unitless', 'kg liveweight/head', '%', 'kg ready-to-cook weight/head']",41,climatebert/distilroberta-base-climate-f,functionalUnit,recalculated,rag
52,"animal housing producing Pig, piglet in Denmark. Additional description: Sow herds-2012. Additional Context: The functional unit for the production system ""animal housing producing Pig, piglet in Denmark"" is 1 kg of live weight (LW) of pigs leaving the pig unit, including culled SOWS and slaughter pigs.","[0, 0, 0, 1, 1, 0, 0, 1, 1, 0]","[0, 0, 0, 0, 1, 0, 0, 1, 0, 0]","['kg cold carcass weight/head', '1 ha', 'kg cold dressed carcass weight/head', 'days', 'relative', 'kg', 'unitless', 'kg liveweight/head', '%', 'kg ready-to-cook weight/head']",52,climatebert/distilroberta-base-climate-f,functionalUnit,recalculated,rag
53,"animal housing producing Electricity, produced on in site, solar PV. Additional description: Kipster-Laying hens scenario 1. Additional Context: The functional unit for the Kipster-Laying hens scenario is 1 kg of live weight (LW) produced.","[0, 0, 0, 0, 1, 0, 0, 0, 0, 0]","[0, 0, 0, 0, 1, 0, 0, 1, 0, 0]","['kg cold carcass weight/head', '1 ha', 'kg cold dressed carcass weight/head', 'days', 'relative', 'kg', 'unitless', 'kg liveweight/head', '%', 'kg ready-to-cook weight/head']",53,climatebert/distilroberta-base-climate-f,functionalUnit,recalculated,rag
59,agri-food processor producing Ripened cheese in Italy. Additional Context: The functional unit for the agri-food processor producing Ripened cheese in Italy is 1 kg of Ripened cheese.,"[0, 0, 0, 0, 1, 0, 0, 0, 1, 0]","[0, 0, 0, 0, 1, 0, 0, 0, 0, 0]","['kg cold carcass weight/head', '1 ha', 'kg cold dressed carcass weight/head', 'days', 'relative', 'kg', 'unitless', 'kg liveweight/head', '%', 'kg ready-to-cook weight/head']",59,climatebert/distilroberta-base-climate-f,functionalUnit,recalculated,rag
60,"permanent pasture producing Sheep, lamb in United Kingdom. Additional description: High sugar pasture for sheep and cattle.. Additional Context: The functional unit for the production system of permanent pasture producing Sheep, lamb in United Kingdom is 1 animal.","[0, 0, 0, 0, 1, 0, 0, 0, 0, 0]","[0, 0, 0, 0, 1, 0, 0, 1, 0, 0]","['kg cold carcass weight/head', '1 ha', 'kg cold dressed carcass weight/head', 'days', 'relative', 'kg', 'unitless', 'kg liveweight/head', '%', 'kg ready-to-cook weight/head']",60,climatebert/distilroberta-base-climate-f,functionalUnit,recalculated,rag
82,"animal housing producing Pig in Germany. Additional description: Fattening-FARM. Additional Context: The functional unit for the production system ""animal housing producing Pig in Germany"" is 100 kg live weight of pig at farm gate.","[0, 0, 0, 1, 1, 0, 0, 1, 0, 0]","[0, 0, 0, 0, 1, 0, 0, 1, 0, 0]","['kg cold carcass weight/head', '1 ha', 'kg cold dressed carcass weight/head', 'days', 'relative', 'kg', 'unitless', 'kg liveweight/head', '%', 'kg ready-to-cook weight/head']",82,climatebert/distilroberta-base-climate-f,functionalUnit,recalculated,rag
84,"animal housing producing Beef cattle, calf (male, weaned) in United Kingdom. Additional description: Indoor cattle system.. Additional Context: The functional unit for the animal housing producing Beef cattle, calf (male, weaned) in the United Kingdom is 1 kg of live weight (LW) of beef cattle.","[0, 0, 0, 0, 1, 0, 0, 0, 0, 0]","[0, 0, 0, 0, 1, 0, 0, 1, 0, 0]","['kg cold carcass weight/head', '1 ha', 'kg cold dressed carcass weight/head', 'days', 'relative', 'kg', 'unitless', 'kg liveweight/head', '%', 'kg ready-to-cook weight/head']",84,climatebert/distilroberta-base-climate-f,functionalUnit,recalculated,rag
88,"animal housing producing Pig, sow in Netherlands. Additional description: Sow Netherlands Conventional. Additional Context: The functional unit for the production system ""Animal housing producing Pig, sow in Netherlands. Additional description: Sow Netherlands Conventional"" is 1 kg of live weight (LW) of pigs leaving the pig unit, including culled SOWS and slaughter pigs.","[0, 0, 0, 0, 1, 0, 0, 1, 0, 0]","[0, 0, 0, 0, 1, 0, 0, 0, 0, 0]","['kg cold carcass weight/head', '1 ha', 'kg cold dressed carcass weight/head', 'days', 'relative', 'kg', 'unitless', 'kg liveweight/head', '%', 'kg ready-to-cook weight/head']",88,climatebert/distilroberta-base-climate-f,functionalUnit,recalculated,rag
94,"permanent pasture producing Sheep, ewe in United Kingdom. Additional description: High sugar and white clover pasture mix for sheep and cattle.. Additional Context: The functional unit for the permanent pasture producing sheep system in the United Kingdom is 1 kg of greasy wool.","[1, 0, 0, 0, 1, 0, 0, 1, 0, 0]","[0, 0, 0, 0, 1, 0, 0, 1, 0, 0]","['kg cold carcass weight/head', '1 ha', 'kg cold dressed carcass weight/head', 'days', 'relative', 'kg', 'unitless', 'kg liveweight/head', '%', 'kg ready-to-cook weight/head']",94,climatebert/distilroberta-base-climate-f,functionalUnit,recalculated,rag
10,"animal housing producing Sheep, ram in United Kingdom. Additional description: Indoor cattle system.. Additional Context: The functional unit for the animal housing producing Sheep, ram in United Kingdom is not explicitly stated. However, based on the context, it can be inferred that the functional unit is likely to be 1 kg of live weight (LW) of sheep, as this is a common functional unit used in agricultural life cycle assessments (LCAs) for livestock production systems.","[0, 0, 0, 0, 1, 0, 0, 0, 0, 0]","[0, 0, 0, 0, 1, 0, 0, 1, 0, 0]","['kg cold carcass weight/head', '1 ha', 'kg cold dressed carcass weight/head', 'days', 'relative', 'kg', 'unitless', 'kg liveweight/head', '%', 'kg ready-to-cook weight/head']",10,ESGBERT/EnvironmentalBERT-base,functionalUnit,recalculated,rag
18,"permanent pasture producing Sheep, ewe in United Kingdom. Additional description: Generic grass pasture for sheep and cattle.. Additional Context: The functional unit for the production system of permanent pasture producing sheep in the United Kingdom is one animal.","[0, 0, 0, 0, 1, 0, 0, 0, 0, 0]","[0, 0, 0, 0, 1, 0, 0, 1, 0, 0]","['kg cold carcass weight/head', '1 ha', 'kg cold dressed carcass weight/head', 'days', 'relative', 'kg', 'unitless', 'kg liveweight/head', '%', 'kg ready-to-cook weight/head']",18,ESGBERT/EnvironmentalBERT-base,functionalUnit,recalculated,rag
31,"animal housing producing Beef cattle, calf (female, weaned) in United Kingdom. Additional description: Indoor cattle system.. Additional Context: The functional unit for the animal housing producing Beef cattle, calf (female, weaned) in the United Kingdom is 1 kg of live weight (LW) of beef cattle.","[0, 0, 0, 0, 1, 0, 0, 0, 0, 0]","[0, 0, 0, 0, 1, 0, 0, 1, 0, 0]","['kg cold carcass weight/head', '1 ha', 'kg cold dressed carcass weight/head', 'days', 'relative', 'kg', 'unitless', 'kg liveweight/head', '%', 'kg ready-to-cook weight/head']",31,ESGBERT/EnvironmentalBERT-base,functionalUnit,recalculated,rag
35,"permanent pasture producing Sheep, ewe in United Kingdom. Additional description: High sugar pasture for sheep and cattle.. Additional Context: The functional unit for the production system of permanent pasture producing sheep in the United Kingdom is 1 ewe.","[1, 0, 0, 0, 1, 0, 0, 1, 0, 0]","[0, 0, 0, 0, 1, 0, 0, 1, 0, 0]","['kg cold carcass weight/head', '1 ha', 'kg cold dressed carcass weight/head', 'days', 'relative', 'kg', 'unitless', 'kg liveweight/head', '%', 'kg ready-to-cook weight/head']",35,ESGBERT/EnvironmentalBERT-base,functionalUnit,recalculated,rag
36,"permanent pasture producing Sheep, lamb in United Kingdom. Additional description: High sugar and white clover pasture mix for sheep and cattle.. Additional Context: The functional unit for the permanent pasture producing sheep and lamb system in the United Kingdom is 1 animal (sheep).","[0, 0, 0, 0, 1, 0, 0, 0, 0, 0]","[0, 0, 0, 0, 1, 0, 0, 1, 0, 0]","['kg cold carcass weight/head', '1 ha', 'kg cold dressed carcass weight/head', 'days', 'relative', 'kg', 'unitless', 'kg liveweight/head', '%', 'kg ready-to-cook weight/head']",36,ESGBERT/EnvironmentalBERT-base,functionalUnit,recalculated,rag
38,"permanent pasture producing Dairy cattle, heifer in New Zealand. Additional description: Off-site replacement cow pasture grazing from weaned calf -> 90% of mature weight (2mo -> 22mo) (2017/18). Additional Context: The functional unit for the production system is 1 mature dairy cow.","[0, 1, 0, 1, 0, 0, 0, 1, 0, 0]","[0, 1, 0, 0, 0, 0, 0, 0, 0, 0]","['kg cold carcass weight/head', '1 ha', 'kg cold dressed carcass weight/head', 'days', 'relative', 'kg', 'unitless', 'kg liveweight/head', '%', 'kg ready-to-cook weight/head']",38,ESGBERT/EnvironmentalBERT-base,functionalUnit,recalculated,rag
39,"permanent pasture producing Beef cattle, heifer in United Kingdom. Additional description: High sugar pasture for sheep and cattle.. Additional Context: The functional unit for the permanent pasture producing Beef cattle, heifer in the United Kingdom is 1 kg of live weight (LW) of beef cattle.","[0, 0, 0, 0, 1, 0, 0, 1, 0, 0]","[1, 0, 0, 0, 1, 0, 0, 1, 0, 0]","['kg cold carcass weight/head', '1 ha', 'kg cold dressed carcass weight/head', 'days', 'relative', 'kg', 'unitless', 'kg liveweight/head', '%', 'kg ready-to-cook weight/head']",39,ESGBERT/EnvironmentalBERT-base,functionalUnit,recalculated,rag
41,"permanent pasture producing Sheep, ewe in United Kingdom. Additional description: Generic grass pasture for sheep and cattle.. Additional Context: The functional unit for the production system of permanent pasture producing sheep in the United Kingdom is one animal.","[0, 0, 0, 0, 1, 0, 0, 0, 0, 0]","[0, 0, 0, 0, 1, 0, 0, 1, 0, 0]","['kg cold carcass weight/head', '1 ha', 'kg cold dressed carcass weight/head', 'days', 'relative', 'kg', 'unitless', 'kg liveweight/head', '%', 'kg ready-to-cook weight/head']",41,ESGBERT/EnvironmentalBERT-base,functionalUnit,recalculated,rag
53,"animal housing producing Electricity, produced on in site, solar PV. Additional description: Kipster-Laying hens scenario 1. Additional Context: The functional unit for the Kipster-Laying hens scenario is 1 kg of live weight (LW) produced.","[0, 0, 0, 0, 1, 0, 0, 0, 0, 0]","[0, 0, 0, 1, 1, 0, 0, 1, 0, 0]","['kg cold carcass weight/head', '1 ha', 'kg cold dressed carcass weight/head', 'days', 'relative', 'kg', 'unitless', 'kg liveweight/head', '%', 'kg ready-to-cook weight/head']",53,ESGBERT/EnvironmentalBERT-base,functionalUnit,recalculated,rag
59,agri-food processor producing Ripened cheese in Italy. Additional Context: The functional unit for the agri-food processor producing Ripened cheese in Italy is 1 kg of Ripened cheese.,"[0, 0, 0, 0, 1, 0, 0, 0, 1, 0]","[0, 0, 0, 0, 1, 0, 0, 0, 0, 0]","['kg cold carcass weight/head', '1 ha', 'kg cold dressed carcass weight/head', 'days', 'relative', 'kg', 'unitless', 'kg liveweight/head', '%', 'kg ready-to-cook weight/head']",59,ESGBERT/EnvironmentalBERT-base,functionalUnit,recalculated,rag
60,"permanent pasture producing Sheep, lamb in United Kingdom. Additional description: High sugar pasture for sheep and cattle.. Additional Context: The functional unit for the production system of permanent pasture producing Sheep, lamb in United Kingdom is 1 animal.","[0, 0, 0, 0, 1, 0, 0, 0, 0, 0]","[0, 0, 0, 0, 1, 0, 0, 1, 0, 0]","['kg cold carcass weight/head', '1 ha', 'kg cold dressed carcass weight/head', 'days', 'relative', 'kg', 'unitless', 'kg liveweight/head', '%', 'kg ready-to-cook weight/head']",60,ESGBERT/EnvironmentalBERT-base,functionalUnit,recalculated,rag
61,"agri-food processor producing Meat, pig (cold dressed carcass weight) in United Kingdom. Additional description: Slaughter England Conventional. Additional Context: The functional unit for the agri-food processor producing Meat, pig (cold dressed carcass weight) in the United Kingdom is 1 kg of meat (cold dressed carcass weight).","[0, 0, 0, 0, 1, 0, 0, 0, 0, 0]","[0, 0, 0, 0, 1, 0, 0, 0, 1, 0]","['kg cold carcass weight/head', '1 ha', 'kg cold dressed carcass weight/head', 'days', 'relative', 'kg', 'unitless', 'kg liveweight/head', '%', 'kg ready-to-cook weight/head']",61,ESGBERT/EnvironmentalBERT-base,functionalUnit,recalculated,rag
70,"animal housing producing Electricity, produced on in site, solar PV. Additional description: Kipster-Laying hens scenario 3. Additional Context: The functional unit for the Kipster-Laying hens scenario is 1 kg of live weight (LW) produced.","[0, 0, 0, 0, 1, 0, 0, 0, 0, 0]","[0, 0, 0, 1, 1, 0, 0, 1, 0, 0]","['kg cold carcass weight/head', '1 ha', 'kg cold dressed carcass weight/head', 'days', 'relative', 'kg', 'unitless', 'kg liveweight/head', '%', 'kg ready-to-cook weight/head']",70,ESGBERT/EnvironmentalBERT-base,functionalUnit,recalculated,rag
82,"animal housing producing Pig in Germany. Additional description: Fattening-FARM. Additional Context: The functional unit for the production system ""animal housing producing Pig in Germany"" is 100 kg live weight of pig at farm gate.","[0, 0, 0, 1, 1, 0, 0, 1, 0, 0]","[0, 0, 0, 0, 1, 0, 0, 1, 0, 0]","['kg cold carcass weight/head', '1 ha', 'kg cold dressed carcass weight/head', 'days', 'relative', 'kg', 'unitless', 'kg liveweight/head', '%', 'kg ready-to-cook weight/head']",82,ESGBERT/EnvironmentalBERT-base,functionalUnit,recalculated,rag
84,"animal housing producing Beef cattle, calf (male, weaned) in United Kingdom. Additional description: Indoor cattle system.. Additional Context: The functional unit for the animal housing producing Beef cattle, calf (male, weaned) in the United Kingdom is 1 kg of live weight (LW) of beef cattle.","[0, 0, 0, 0, 1, 0, 0, 0, 0, 0]","[0, 0, 0, 0, 1, 0, 0, 1, 0, 0]","['kg cold carcass weight/head', '1 ha', 'kg cold dressed carcass weight/head', 'days', 'relative', 'kg', 'unitless', 'kg liveweight/head', '%', 'kg ready-to-cook weight/head']",84,ESGBERT/EnvironmentalBERT-base,functionalUnit,recalculated,rag
94,"permanent pasture producing Sheep, ewe in United Kingdom. Additional description: High sugar and white clover pasture mix for sheep and cattle.. Additional Context: The functional unit for the permanent pasture producing sheep system in the United Kingdom is 1 kg of greasy wool.","[1, 0, 0, 0, 1, 0, 0, 1, 0, 0]","[0, 0, 0, 0, 1, 0, 0, 1, 0, 0]","['kg cold carcass weight/head', '1 ha', 'kg cold dressed carcass weight/head', 'days', 'relative', 'kg', 'unitless', 'kg liveweight/head', '%', 'kg ready-to-cook weight/head']",94,ESGBERT/EnvironmentalBERT-base,functionalUnit,recalculated,rag
10,"animal housing producing Sheep, ram in United Kingdom. Additional description: Indoor cattle system.. Additional Context: The functional unit for the animal housing producing Sheep, ram in United Kingdom is not explicitly stated. However, based on the context, it can be inferred that the functional unit is likely to be 1 kg of live weight (LW) of sheep, as this is a common functional unit used in agricultural life cycle assessments (LCAs) for livestock production systems.","[0, 0, 0, 0, 1, 0, 0, 0, 0, 0]","[0, 0, 0, 0, 1, 0, 0, 1, 0, 0]","['kg cold carcass weight/head', '1 ha', 'kg cold dressed carcass weight/head', 'days', 'relative', 'kg', 'unitless', 'kg liveweight/head', '%', 'kg ready-to-cook weight/head']",10,FacebookAI/roberta-large,functionalUnit,recalculated,rag
16,"permanent pasture producing Beef cattle, steer in Brazil. Additional description: Beef, degraded Brachiaria pasture (Scenario 1). Additional Context: The functional unit for the production system of permanent pasture producing Beef cattle, steer in Brazil is 1 kg of live weight (LW) of beef cattle.","[0, 1, 0, 1, 0, 0, 0, 1, 0, 0]","[0, 0, 0, 1, 0, 0, 0, 1, 0, 0]","['kg cold carcass weight/head', '1 ha', 'kg cold dressed carcass weight/head', 'days', 'relative', 'kg', 'unitless', 'kg liveweight/head', '%', 'kg ready-to-cook weight/head']",16,FacebookAI/roberta-large,functionalUnit,recalculated,rag
18,"permanent pasture producing Sheep, ewe in United Kingdom. Additional description: Generic grass pasture for sheep and cattle.. Additional Context: The functional unit for the production system of permanent pasture producing sheep in the United Kingdom is one animal.","[0, 0, 0, 0, 1, 0, 0, 0, 0, 0]","[0, 0, 0, 0, 1, 0, 0, 1, 0, 0]","['kg cold carcass weight/head', '1 ha', 'kg cold dressed carcass weight/head', 'days', 'relative', 'kg', 'unitless', 'kg liveweight/head', '%', 'kg ready-to-cook weight/head']",18,FacebookAI/roberta-large,functionalUnit,recalculated,rag
31,"animal housing producing Beef cattle, calf (female, weaned) in United Kingdom. Additional description: Indoor cattle system.. Additional Context: The functional unit for the animal housing producing Beef cattle, calf (female, weaned) in the United Kingdom is 1 kg of live weight (LW) of beef cattle.","[0, 0, 0, 0, 1, 0, 0, 0, 0, 0]","[0, 0, 0, 0, 1, 0, 0, 1, 0, 0]","['kg cold carcass weight/head', '1 ha', 'kg cold dressed carcass weight/head', 'days', 'relative', 'kg', 'unitless', 'kg liveweight/head', '%', 'kg ready-to-cook weight/head']",31,FacebookAI/roberta-large,functionalUnit,recalculated,rag
34,"animal housing producing Eggs, hen, in shell (number) in Thailand. Additional description: CB1-Parent farm 4. Additional Context: The functional unit for the egg production system in Thailand is 1 kg of eggs.","[0, 0, 0, 0, 1, 1, 0, 0, 0, 0]","[0, 0, 0, 0, 1, 0, 0, 0, 0, 0]","['kg cold carcass weight/head', '1 ha', 'kg cold dressed carcass weight/head', 'days', 'relative', 'kg', 'unitless', 'kg liveweight/head', '%', 'kg ready-to-cook weight/head']",34,FacebookAI/roberta-large,functionalUnit,recalculated,rag
35,"permanent pasture producing Sheep, ewe in United Kingdom. Additional description: High sugar pasture for sheep and cattle.. Additional Context: The functional unit for the production system of permanent pasture producing sheep in the United Kingdom is 1 ewe.","[1, 0, 0, 0, 1, 0, 0, 1, 0, 0]","[0, 0, 0, 0, 1, 0, 0, 1, 0, 0]","['kg cold carcass weight/head', '1 ha', 'kg cold dressed carcass weight/head', 'days', 'relative', 'kg', 'unitless', 'kg liveweight/head', '%', 'kg ready-to-cook weight/head']",35,FacebookAI/roberta-large,functionalUnit,recalculated,rag
36,"permanent pasture producing Sheep, lamb in United Kingdom. Additional description: High sugar and white clover pasture mix for sheep and cattle.. Additional Context: The functional unit for the permanent pasture producing sheep and lamb system in the United Kingdom is 1 animal (sheep).","[0, 0, 0, 0, 1, 0, 0, 0, 0, 0]","[0, 0, 0, 0, 1, 0, 0, 1, 0, 0]","['kg cold carcass weight/head', '1 ha', 'kg cold dressed carcass weight/head', 'days', 'relative', 'kg', 'unitless', 'kg liveweight/head', '%', 'kg ready-to-cook weight/head']",36,FacebookAI/roberta-large,functionalUnit,recalculated,rag
38,"permanent pasture producing Dairy cattle, heifer in New Zealand. Additional description: Off-site replacement cow pasture grazing from weaned calf -> 90% of mature weight (2mo -> 22mo) (2017/18). Additional Context: The functional unit for the production system is 1 mature dairy cow.","[0, 1, 0, 1, 0, 0, 0, 1, 0, 0]","[0, 1, 0, 0, 0, 0, 0, 0, 0, 0]","['kg cold carcass weight/head', '1 ha', 'kg cold dressed carcass weight/head', 'days', 'relative', 'kg', 'unitless', 'kg liveweight/head', '%', 'kg ready-to-cook weight/head']",38,FacebookAI/roberta-large,functionalUnit,recalculated,rag
39,"permanent pasture producing Beef cattle, heifer in United Kingdom. Additional description: High sugar pasture for sheep and cattle.. Additional Context: The functional unit for the permanent pasture producing Beef cattle, heifer in the United Kingdom is 1 kg of live weight (LW) of beef cattle.","[0, 0, 0, 0, 1, 0, 0, 1, 0, 0]","[1, 0, 0, 0, 1, 0, 0, 1, 0, 0]","['kg cold carcass weight/head', '1 ha', 'kg cold dressed carcass weight/head', 'days', 'relative', 'kg', 'unitless', 'kg liveweight/head', '%', 'kg ready-to-cook weight/head']",39,FacebookAI/roberta-large,functionalUnit,recalculated,rag
41,"permanent pasture producing Sheep, ewe in United Kingdom. Additional description: Generic grass pasture for sheep and cattle.. Additional Context: The functional unit for the production system of permanent pasture producing sheep in the United Kingdom is one animal.","[0, 0, 0, 0, 1, 0, 0, 0, 0, 0]","[0, 0, 0, 0, 1, 0, 0, 1, 0, 0]","['kg cold carcass weight/head', '1 ha', 'kg cold dressed carcass weight/head', 'days', 'relative', 'kg', 'unitless', 'kg liveweight/head', '%', 'kg ready-to-cook weight/head']",41,FacebookAI/roberta-large,functionalUnit,recalculated,rag
59,agri-food processor producing Ripened cheese in Italy. Additional Context: The functional unit for the agri-food processor producing Ripened cheese in Italy is 1 kg of Ripened cheese.,"[0, 0, 0, 0, 1, 0, 0, 0, 1, 0]","[0, 0, 0, 0, 1, 0, 0, 0, 0, 0]","['kg cold carcass weight/head', '1 ha', 'kg cold dressed carcass weight/head', 'days', 'relative', 'kg', 'unitless', 'kg liveweight/head', '%', 'kg ready-to-cook weight/head']",59,FacebookAI/roberta-large,functionalUnit,recalculated,rag
60,"permanent pasture producing Sheep, lamb in United Kingdom. Additional description: High sugar pasture for sheep and cattle.. Additional Context: The functional unit for the production system of permanent pasture producing Sheep, lamb in United Kingdom is 1 animal.","[0, 0, 0, 0, 1, 0, 0, 0, 0, 0]","[0, 0, 0, 0, 1, 0, 0, 1, 0, 0]","['kg cold carcass weight/head', '1 ha', 'kg cold dressed carcass weight/head', 'days', 'relative', 'kg', 'unitless', 'kg liveweight/head', '%', 'kg ready-to-cook weight/head']",60,FacebookAI/roberta-large,functionalUnit,recalculated,rag
82,"animal housing producing Pig in Germany. Additional description: Fattening-FARM. Additional Context: The functional unit for the production system ""animal housing producing Pig in Germany"" is 100 kg live weight of pig at farm gate.","[0, 0, 0, 1, 1, 0, 0, 1, 0, 0]","[0, 0, 0, 0, 1, 0, 0, 1, 0, 0]","['kg cold carcass weight/head', '1 ha', 'kg cold dressed carcass weight/head', 'days', 'relative', 'kg', 'unitless', 'kg liveweight/head', '%', 'kg ready-to-cook weight/head']",82,FacebookAI/roberta-large,functionalUnit,recalculated,rag
84,"animal housing producing Beef cattle, calf (male, weaned) in United Kingdom. Additional description: Indoor cattle system.. Additional Context: The functional unit for the animal housing producing Beef cattle, calf (male, weaned) in the United Kingdom is 1 kg of live weight (LW) of beef cattle.","[0, 0, 0, 0, 1, 0, 0, 0, 0, 0]","[0, 0, 0, 0, 1, 0, 0, 1, 0, 0]","['kg cold carcass weight/head', '1 ha', 'kg cold dressed carcass weight/head', 'days', 'relative', 'kg', 'unitless', 'kg liveweight/head', '%', 'kg ready-to-cook weight/head']",84,FacebookAI/roberta-large,functionalUnit,recalculated,rag
88,"animal housing producing Pig, sow in Netherlands. Additional description: Sow Netherlands Conventional. Additional Context: The functional unit for the production system ""Animal housing producing Pig, sow in Netherlands. Additional description: Sow Netherlands Conventional"" is 1 kg of live weight (LW) of pigs leaving the pig unit, including culled SOWS and slaughter pigs.","[0, 0, 0, 0, 1, 0, 0, 1, 0, 0]","[0, 0, 0, 0, 1, 0, 0, 0, 0, 0]","['kg cold carcass weight/head', '1 ha', 'kg cold dressed carcass weight/head', 'days', 'relative', 'kg', 'unitless', 'kg liveweight/head', '%', 'kg ready-to-cook weight/head']",88,FacebookAI/roberta-large,functionalUnit,recalculated,rag
94,"permanent pasture producing Sheep, ewe in United Kingdom. Additional description: High sugar and white clover pasture mix for sheep and cattle.. Additional Context: The functional unit for the permanent pasture producing sheep system in the United Kingdom is 1 kg of greasy wool.","[1, 0, 0, 0, 1, 0, 0, 1, 0, 0]","[0, 0, 0, 0, 1, 0, 0, 1, 0, 0]","['kg cold carcass weight/head', '1 ha', 'kg cold dressed carcass weight/head', 'days', 'relative', 'kg', 'unitless', 'kg liveweight/head', '%', 'kg ready-to-cook weight/head']",94,FacebookAI/roberta-large,functionalUnit,recalculated,rag
10,"animal housing producing Sheep, ram in United Kingdom. Additional description: Indoor cattle system.. Additional Context: The functional unit for the animal housing producing Sheep, ram in United Kingdom is not explicitly stated. However, based on the context, it can be inferred that the functional unit is likely to be 1 kg of live weight (LW) of sheep, as this is a common functional unit used in agricultural life cycle assessments (LCAs) for livestock production systems.","[0, 0, 0, 0, 1, 0, 0, 0, 0, 0]","[0, 0, 0, 0, 1, 0, 0, 1, 0, 0]","['kg cold carcass weight/head', '1 ha', 'kg cold dressed carcass weight/head', 'days', 'relative', 'kg', 'unitless', 'kg liveweight/head', '%', 'kg ready-to-cook weight/head']",10,google-bert/bert-base-uncased,functionalUnit,recalculated,rag
18,"permanent pasture producing Sheep, ewe in United Kingdom. Additional description: Generic grass pasture for sheep and cattle.. Additional Context: The functional unit for the production system of permanent pasture producing sheep in the United Kingdom is one animal.","[0, 0, 0, 0, 1, 0, 0, 0, 0, 0]","[0, 0, 0, 0, 1, 0, 0, 1, 0, 0]","['kg cold carcass weight/head', '1 ha', 'kg cold dressed carcass weight/head', 'days', 'relative', 'kg', 'unitless', 'kg liveweight/head', '%', 'kg ready-to-cook weight/head']",18,google-bert/bert-base-uncased,functionalUnit,recalculated,rag
31,"animal housing producing Beef cattle, calf (female, weaned) in United Kingdom. Additional description: Indoor cattle system.. Additional Context: The functional unit for the animal housing producing Beef cattle, calf (female, weaned) in the United Kingdom is 1 kg of live weight (LW) of beef cattle.","[0, 0, 0, 0, 1, 0, 0, 0, 0, 0]","[0, 0, 0, 0, 1, 0, 0, 1, 0, 0]","['kg cold carcass weight/head', '1 ha', 'kg cold dressed carcass weight/head', 'days', 'relative', 'kg', 'unitless', 'kg liveweight/head', '%', 'kg ready-to-cook weight/head']",31,google-bert/bert-base-uncased,functionalUnit,recalculated,rag
35,"permanent pasture producing Sheep, ewe in United Kingdom. Additional description: High sugar pasture for sheep and cattle.. Additional Context: The functional unit for the production system of permanent pasture producing sheep in the United Kingdom is 1 ewe.","[1, 0, 0, 0, 1, 0, 0, 1, 0, 0]","[0, 0, 0, 0, 1, 0, 0, 1, 0, 0]","['kg cold carcass weight/head', '1 ha', 'kg cold dressed carcass weight/head', 'days', 'relative', 'kg', 'unitless', 'kg liveweight/head', '%', 'kg ready-to-cook weight/head']",35,google-bert/bert-base-uncased,functionalUnit,recalculated,rag
36,"permanent pasture producing Sheep, lamb in United Kingdom. Additional description: High sugar and white clover pasture mix for sheep and cattle.. Additional Context: The functional unit for the permanent pasture producing sheep and lamb system in the United Kingdom is 1 animal (sheep).","[0, 0, 0, 0, 1, 0, 0, 0, 0, 0]","[0, 0, 0, 0, 1, 0, 0, 1, 0, 0]","['kg cold carcass weight/head', '1 ha', 'kg cold dressed carcass weight/head', 'days', 'relative', 'kg', 'unitless', 'kg liveweight/head', '%', 'kg ready-to-cook weight/head']",36,google-bert/bert-base-uncased,functionalUnit,recalculated,rag
38,"permanent pasture producing Dairy cattle, heifer in New Zealand. Additional description: Off-site replacement cow pasture grazing from weaned calf -> 90% of mature weight (2mo -> 22mo) (2017/18). Additional Context: The functional unit for the production system is 1 mature dairy cow.","[0, 1, 0, 1, 0, 0, 0, 1, 0, 0]","[0, 1, 0, 0, 0, 0, 0, 0, 0, 0]","['kg cold carcass weight/head', '1 ha', 'kg cold dressed carcass weight/head', 'days', 'relative', 'kg', 'unitless', 'kg liveweight/head', '%', 'kg ready-to-cook weight/head']",38,google-bert/bert-base-uncased,functionalUnit,recalculated,rag
39,"permanent pasture producing Beef cattle, heifer in United Kingdom. Additional description: High sugar pasture for sheep and cattle.. Additional Context: The functional unit for the permanent pasture producing Beef cattle, heifer in the United Kingdom is 1 kg of live weight (LW) of beef cattle.","[0, 0, 0, 0, 1, 0, 0, 1, 0, 0]","[1, 0, 0, 0, 1, 0, 0, 1, 0, 0]","['kg cold carcass weight/head', '1 ha', 'kg cold dressed carcass weight/head', 'days', 'relative', 'kg', 'unitless', 'kg liveweight/head', '%', 'kg ready-to-cook weight/head']",39,google-bert/bert-base-uncased,functionalUnit,recalculated,rag
41,"permanent pasture producing Sheep, ewe in United Kingdom. Additional description: Generic grass pasture for sheep and cattle.. Additional Context: The functional unit for the production system of permanent pasture producing sheep in the United Kingdom is one animal.","[0, 0, 0, 0, 1, 0, 0, 0, 0, 0]","[0, 0, 0, 0, 1, 0, 0, 1, 0, 0]","['kg cold carcass weight/head', '1 ha', 'kg cold dressed carcass weight/head', 'days', 'relative', 'kg', 'unitless', 'kg liveweight/head', '%', 'kg ready-to-cook weight/head']",41,google-bert/bert-base-uncased,functionalUnit,recalculated,rag
53,"animal housing producing Electricity, produced on in site, solar PV. Additional description: Kipster-Laying hens scenario 1. Additional Context: The functional unit for the Kipster-Laying hens scenario is 1 kg of live weight (LW) produced.","[0, 0, 0, 0, 1, 0, 0, 0, 0, 0]","[0, 0, 0, 1, 1, 0, 0, 1, 0, 0]","['kg cold carcass weight/head', '1 ha', 'kg cold dressed carcass weight/head', 'days', 'relative', 'kg', 'unitless', 'kg liveweight/head', '%', 'kg ready-to-cook weight/head']",53,google-bert/bert-base-uncased,functionalUnit,recalculated,rag
59,agri-food processor producing Ripened cheese in Italy. Additional Context: The functional unit for the agri-food processor producing Ripened cheese in Italy is 1 kg of Ripened cheese.,"[0, 0, 0, 0, 1, 0, 0, 0, 1, 0]","[0, 0, 0, 0, 1, 0, 0, 0, 0, 0]","['kg cold carcass weight/head', '1 ha', 'kg cold dressed carcass weight/head', 'days', 'relative', 'kg', 'unitless', 'kg liveweight/head', '%', 'kg ready-to-cook weight/head']",59,google-bert/bert-base-uncased,functionalUnit,recalculated,rag
60,"permanent pasture producing Sheep, lamb in United Kingdom. Additional description: High sugar pasture for sheep and cattle.. Additional Context: The functional unit for the production system of permanent pasture producing Sheep, lamb in United Kingdom is 1 animal.","[0, 0, 0, 0, 1, 0, 0, 0, 0, 0]","[0, 0, 0, 0, 1, 0, 0, 1, 0, 0]","['kg cold carcass weight/head', '1 ha', 'kg cold dressed carcass weight/head', 'days', 'relative', 'kg', 'unitless', 'kg liveweight/head', '%', 'kg ready-to-cook weight/head']",60,google-bert/bert-base-uncased,functionalUnit,recalculated,rag
61,"agri-food processor producing Meat, pig (cold dressed carcass weight) in United Kingdom. Additional description: Slaughter England Conventional. Additional Context: The functional unit for the agri-food processor producing Meat, pig (cold dressed carcass weight) in the United Kingdom is 1 kg of meat (cold dressed carcass weight).","[0, 0, 0, 0, 1, 0, 0, 0, 0, 0]","[0, 0, 0, 0, 1, 0, 0, 0, 1, 0]","['kg cold carcass weight/head', '1 ha', 'kg cold dressed carcass weight/head', 'days', 'relative', 'kg', 'unitless', 'kg liveweight/head', '%', 'kg ready-to-cook weight/head']",61,google-bert/bert-base-uncased,functionalUnit,recalculated,rag
70,"animal housing producing Electricity, produced on in site, solar PV. Additional description: Kipster-Laying hens scenario 3. Additional Context: The functional unit for the Kipster-Laying hens scenario is 1 kg of live weight (LW) produced.","[0, 0, 0, 0, 1, 0, 0, 0, 0, 0]","[0, 0, 0, 1, 1, 0, 0, 1, 0, 0]","['kg cold carcass weight/head', '1 ha', 'kg cold dressed carcass weight/head', 'days', 'relative', 'kg', 'unitless', 'kg liveweight/head', '%', 'kg ready-to-cook weight/head']",70,google-bert/bert-base-uncased,functionalUnit,recalculated,rag
82,"animal housing producing Pig in Germany. Additional description: Fattening-FARM. Additional Context: The functional unit for the production system ""animal housing producing Pig in Germany"" is 100 kg live weight of pig at farm gate.","[0, 0, 0, 1, 1, 0, 0, 1, 0, 0]","[0, 0, 0, 0, 1, 0, 0, 1, 0, 0]","['kg cold carcass weight/head', '1 ha', 'kg cold dressed carcass weight/head', 'days', 'relative', 'kg', 'unitless', 'kg liveweight/head', '%', 'kg ready-to-cook weight/head']",82,google-bert/bert-base-uncased,functionalUnit,recalculated,rag
84,"animal housing producing Beef cattle, calf (male, weaned) in United Kingdom. Additional description: Indoor cattle system.. Additional Context: The functional unit for the animal housing producing Beef cattle, calf (male, weaned) in the United Kingdom is 1 kg of live weight (LW) of beef cattle.","[0, 0, 0, 0, 1, 0, 0, 0, 0, 0]","[0, 0, 0, 0, 1, 0, 0, 1, 0, 0]","['kg cold carcass weight/head', '1 ha', 'kg cold dressed carcass weight/head', 'days', 'relative', 'kg', 'unitless', 'kg liveweight/head', '%', 'kg ready-to-cook weight/head']",84,google-bert/bert-base-uncased,functionalUnit,recalculated,rag
87,"animal housing producing Dairy cattle, cow in Southern Europe. Additional description: Aggregate cycle representing all 75 dairy farms sampled. Additional Context: The functional unit for the animal housing production system producing dairy cattle in Southern Europe is 1 cow.","[0, 0, 0, 0, 1, 0, 0, 0, 0, 0]","[0, 0, 0, 0, 1, 0, 0, 1, 0, 0]","['kg cold carcass weight/head', '1 ha', 'kg cold dressed carcass weight/head', 'days', 'relative', 'kg', 'unitless', 'kg liveweight/head', '%', 'kg ready-to-cook weight/head']",87,google-bert/bert-base-uncased,functionalUnit,recalculated,rag
94,"permanent pasture producing Sheep, ewe in United Kingdom. Additional description: High sugar and white clover pasture mix for sheep and cattle.. Additional Context: The functional unit for the permanent pasture producing sheep system in the United Kingdom is 1 kg of greasy wool.","[1, 0, 0, 0, 1, 0, 0, 1, 0, 0]","[0, 0, 0, 0, 1, 0, 0, 1, 0, 0]","['kg cold carcass weight/head', '1 ha', 'kg cold dressed carcass weight/head', 'days', 'relative', 'kg', 'unitless', 'kg liveweight/head', '%', 'kg ready-to-cook weight/head']",94,google-bert/bert-base-uncased,functionalUnit,recalculated,rag
10,"animal housing producing Sheep, ram in United Kingdom. Additional description: Indoor cattle system.. Additional Context: The functional unit for the animal housing producing Sheep, ram in United Kingdom is not explicitly stated. However, based on the context, it can be inferred that the functional unit is likely to be 1 kg of live weight (LW) of sheep, as this is a common functional unit used in agricultural life cycle assessments (LCAs) for livestock production systems.","[0, 0, 0, 0, 1, 0, 0, 0, 0, 0]","[0, 0, 0, 0, 1, 0, 0, 1, 0, 0]","['kg cold carcass weight/head', '1 ha', 'kg cold dressed carcass weight/head', 'days', 'relative', 'kg', 'unitless', 'kg liveweight/head', '%', 'kg ready-to-cook weight/head']",10,microsoft/deberta-v3-base,functionalUnit,recalculated,rag
18,"permanent pasture producing Sheep, ewe in United Kingdom. Additional description: Generic grass pasture for sheep and cattle.. Additional Context: The functional unit for the production system of permanent pasture producing sheep in the United Kingdom is one animal.","[0, 0, 0, 0, 1, 0, 0, 0, 0, 0]","[0, 0, 0, 0, 1, 0, 0, 1, 0, 0]","['kg cold carcass weight/head', '1 ha', 'kg cold dressed carcass weight/head', 'days', 'relative', 'kg', 'unitless', 'kg liveweight/head', '%', 'kg ready-to-cook weight/head']",18,microsoft/deberta-v3-base,functionalUnit,recalculated,rag
31,"animal housing producing Beef cattle, calf (female, weaned) in United Kingdom. Additional description: Indoor cattle system.. Additional Context: The functional unit for the animal housing producing Beef cattle, calf (female, weaned) in the United Kingdom is 1 kg of live weight (LW) of beef cattle.","[0, 0, 0, 0, 1, 0, 0, 0, 0, 0]","[0, 0, 0, 0, 1, 0, 0, 1, 0, 0]","['kg cold carcass weight/head', '1 ha', 'kg cold dressed carcass weight/head', 'days', 'relative', 'kg', 'unitless', 'kg liveweight/head', '%', 'kg ready-to-cook weight/head']",31,microsoft/deberta-v3-base,functionalUnit,recalculated,rag
35,"permanent pasture producing Sheep, ewe in United Kingdom. Additional description: High sugar pasture for sheep and cattle.. Additional Context: The functional unit for the production system of permanent pasture producing sheep in the United Kingdom is 1 ewe.","[1, 0, 0, 0, 1, 0, 0, 1, 0, 0]","[0, 0, 0, 0, 1, 0, 0, 1, 0, 0]","['kg cold carcass weight/head', '1 ha', 'kg cold dressed carcass weight/head', 'days', 'relative', 'kg', 'unitless', 'kg liveweight/head', '%', 'kg ready-to-cook weight/head']",35,microsoft/deberta-v3-base,functionalUnit,recalculated,rag
36,"permanent pasture producing Sheep, lamb in United Kingdom. Additional description: High sugar and white clover pasture mix for sheep and cattle.. Additional Context: The functional unit for the permanent pasture producing sheep and lamb system in the United Kingdom is 1 animal (sheep).","[0, 0, 0, 0, 1, 0, 0, 0, 0, 0]","[0, 0, 0, 0, 1, 0, 0, 1, 0, 0]","['kg cold carcass weight/head', '1 ha', 'kg cold dressed carcass weight/head', 'days', 'relative', 'kg', 'unitless', 'kg liveweight/head', '%', 'kg ready-to-cook weight/head']",36,microsoft/deberta-v3-base,functionalUnit,recalculated,rag
38,"permanent pasture producing Dairy cattle, heifer in New Zealand. Additional description: Off-site replacement cow pasture grazing from weaned calf -> 90% of mature weight (2mo -> 22mo) (2017/18). Additional Context: The functional unit for the production system is 1 mature dairy cow.","[0, 1, 0, 1, 0, 0, 0, 1, 0, 0]","[0, 1, 0, 0, 0, 0, 0, 0, 0, 0]","['kg cold carcass weight/head', '1 ha', 'kg cold dressed carcass weight/head', 'days', 'relative', 'kg', 'unitless', 'kg liveweight/head', '%', 'kg ready-to-cook weight/head']",38,microsoft/deberta-v3-base,functionalUnit,recalculated,rag
39,"permanent pasture producing Beef cattle, heifer in United Kingdom. Additional description: High sugar pasture for sheep and cattle.. Additional Context: The functional unit for the permanent pasture producing Beef cattle, heifer in the United Kingdom is 1 kg of live weight (LW) of beef cattle.","[0, 0, 0, 0, 1, 0, 0, 1, 0, 0]","[1, 0, 0, 0, 1, 0, 0, 1, 0, 0]","['kg cold carcass weight/head', '1 ha', 'kg cold dressed carcass weight/head', 'days', 'relative', 'kg', 'unitless', 'kg liveweight/head', '%', 'kg ready-to-cook weight/head']",39,microsoft/deberta-v3-base,functionalUnit,recalculated,rag
41,"permanent pasture producing Sheep, ewe in United Kingdom. Additional description: Generic grass pasture for sheep and cattle.. Additional Context: The functional unit for the production system of permanent pasture producing sheep in the United Kingdom is one animal.","[0, 0, 0, 0, 1, 0, 0, 0, 0, 0]","[0, 0, 0, 0, 1, 0, 0, 1, 0, 0]","['kg cold carcass weight/head', '1 ha', 'kg cold dressed carcass weight/head', 'days', 'relative', 'kg', 'unitless', 'kg liveweight/head', '%', 'kg ready-to-cook weight/head']",41,microsoft/deberta-v3-base,functionalUnit,recalculated,rag
53,"animal housing producing Electricity, produced on in site, solar PV. Additional description: Kipster-Laying hens scenario 1. Additional Context: The functional unit for the Kipster-Laying hens scenario is 1 kg of live weight (LW) produced.","[0, 0, 0, 0, 1, 0, 0, 0, 0, 0]","[0, 0, 0, 1, 1, 0, 0, 1, 0, 0]","['kg cold carcass weight/head', '1 ha', 'kg cold dressed carcass weight/head', 'days', 'relative', 'kg', 'unitless', 'kg liveweight/head', '%', 'kg ready-to-cook weight/head']",53,microsoft/deberta-v3-base,functionalUnit,recalculated,rag
59,agri-food processor producing Ripened cheese in Italy. Additional Context: The functional unit for the agri-food processor producing Ripened cheese in Italy is 1 kg of Ripened cheese.,"[0, 0, 0, 0, 1, 0, 0, 0, 1, 0]","[0, 0, 0, 0, 1, 0, 0, 0, 0, 0]","['kg cold carcass weight/head', '1 ha', 'kg cold dressed carcass weight/head', 'days', 'relative', 'kg', 'unitless', 'kg liveweight/head', '%', 'kg ready-to-cook weight/head']",59,microsoft/deberta-v3-base,functionalUnit,recalculated,rag
60,"permanent pasture producing Sheep, lamb in United Kingdom. Additional description: High sugar pasture for sheep and cattle.. Additional Context: The functional unit for the production system of permanent pasture producing Sheep, lamb in United Kingdom is 1 animal.","[0, 0, 0, 0, 1, 0, 0, 0, 0, 0]","[0, 0, 0, 0, 1, 0, 0, 1, 0, 0]","['kg cold carcass weight/head', '1 ha', 'kg cold dressed carcass weight/head', 'days', 'relative', 'kg', 'unitless', 'kg liveweight/head', '%', 'kg ready-to-cook weight/head']",60,microsoft/deberta-v3-base,functionalUnit,recalculated,rag
70,"animal housing producing Electricity, produced on in site, solar PV. Additional description: Kipster-Laying hens scenario 3. Additional Context: The functional unit for the Kipster-Laying hens scenario is 1 kg of live weight (LW) produced.","[0, 0, 0, 0, 1, 0, 0, 0, 0, 0]","[0, 0, 0, 1, 1, 0, 0, 1, 0, 0]","['kg cold carcass weight/head', '1 ha', 'kg cold dressed carcass weight/head', 'days', 'relative', 'kg', 'unitless', 'kg liveweight/head', '%', 'kg ready-to-cook weight/head']",70,microsoft/deberta-v3-base,functionalUnit,recalculated,rag
82,"animal housing producing Pig in Germany. Additional description: Fattening-FARM. Additional Context: The functional unit for the production system ""animal housing producing Pig in Germany"" is 100 kg live weight of pig at farm gate.","[0, 0, 0, 1, 1, 0, 0, 1, 0, 0]","[0, 0, 0, 0, 1, 0, 0, 1, 0, 0]","['kg cold carcass weight/head', '1 ha', 'kg cold dressed carcass weight/head', 'days', 'relative', 'kg', 'unitless', 'kg liveweight/head', '%', 'kg ready-to-cook weight/head']",82,microsoft/deberta-v3-base,functionalUnit,recalculated,rag
84,"animal housing producing Beef cattle, calf (male, weaned) in United Kingdom. Additional description: Indoor cattle system.. Additional Context: The functional unit for the animal housing producing Beef cattle, calf (male, weaned) in the United Kingdom is 1 kg of live weight (LW) of beef cattle.","[0, 0, 0, 0, 1, 0, 0, 0, 0, 0]","[0, 0, 0, 0, 1, 0, 0, 1, 0, 0]","['kg cold carcass weight/head', '1 ha', 'kg cold dressed carcass weight/head', 'days', 'relative', 'kg', 'unitless', 'kg liveweight/head', '%', 'kg ready-to-cook weight/head']",84,microsoft/deberta-v3-base,functionalUnit,recalculated,rag
88,"animal housing producing Pig, sow in Netherlands. Additional description: Sow Netherlands Conventional. Additional Context: The functional unit for the production system ""Animal housing producing Pig, sow in Netherlands. Additional description: Sow Netherlands Conventional"" is 1 kg of live weight (LW) of pigs leaving the pig unit, including culled SOWS and slaughter pigs.","[0, 0, 0, 0, 1, 0, 0, 1, 0, 0]","[0, 0, 0, 0, 1, 0, 0, 0, 0, 0]","['kg cold carcass weight/head', '1 ha', 'kg cold dressed carcass weight/head', 'days', 'relative', 'kg', 'unitless', 'kg liveweight/head', '%', 'kg ready-to-cook weight/head']",88,microsoft/deberta-v3-base,functionalUnit,recalculated,rag
89,"permanent pasture producing Milk, cow, raw in United Kingdom. Additional description: Annual production cycle of an average baseline, grass-based UK dairy farm on conventional ryegrass. Additional Context: The functional unit for the production system is 1 kg of raw milk from a cow.","[0, 0, 0, 0, 1, 0, 0, 0, 1, 0]","[0, 1, 0, 0, 1, 0, 0, 0, 1, 0]","['kg cold carcass weight/head', '1 ha', 'kg cold dressed carcass weight/head', 'days', 'relative', 'kg', 'unitless', 'kg liveweight/head', '%', 'kg ready-to-cook weight/head']",89,microsoft/deberta-v3-base,functionalUnit,recalculated,rag
94,"permanent pasture producing Sheep, ewe in United Kingdom. Additional description: High sugar and white clover pasture mix for sheep and cattle.. Additional Context: The functional unit for the permanent pasture producing sheep system in the United Kingdom is 1 kg of greasy wool.","[1, 0, 0, 0, 1, 0, 0, 1, 0, 0]","[0, 0, 0, 0, 1, 0, 0, 1, 0, 0]","['kg cold carcass weight/head', '1 ha', 'kg cold dressed carcass weight/head', 'days', 'relative', 'kg', 'unitless', 'kg liveweight/head', '%', 'kg ready-to-cook weight/head']",94,microsoft/deberta-v3-base,functionalUnit,recalculated,rag
10,"animal housing producing Sheep, ram in United Kingdom. Additional description: Indoor cattle system.. Additional Context: The functional unit for the animal housing producing Sheep, ram in United Kingdom is not explicitly stated. However, based on the context, it can be inferred that the functional unit is likely to be 1 kg of live weight (LW) of sheep, as this is a common functional unit used in agricultural life cycle assessments (LCAs) for livestock production systems.","[0, 0, 0, 0, 1, 0, 0, 0, 0, 0]","[0, 0, 0, 0, 1, 0, 0, 1, 0, 0]","['kg cold carcass weight/head', '1 ha', 'kg cold dressed carcass weight/head', 'days', 'relative', 'kg', 'unitless', 'kg liveweight/head', '%', 'kg ready-to-cook weight/head']",10,microsoft/deberta-v3-large,functionalUnit,recalculated,rag
18,"permanent pasture producing Sheep, ewe in United Kingdom. Additional description: Generic grass pasture for sheep and cattle.. Additional Context: The functional unit for the production system of permanent pasture producing sheep in the United Kingdom is one animal.","[0, 0, 0, 0, 1, 0, 0, 0, 0, 0]","[0, 0, 0, 0, 1, 0, 0, 1, 0, 0]","['kg cold carcass weight/head', '1 ha', 'kg cold dressed carcass weight/head', 'days', 'relative', 'kg', 'unitless', 'kg liveweight/head', '%', 'kg ready-to-cook weight/head']",18,microsoft/deberta-v3-large,functionalUnit,recalculated,rag
31,"animal housing producing Beef cattle, calf (female, weaned) in United Kingdom. Additional description: Indoor cattle system.. Additional Context: The functional unit for the animal housing producing Beef cattle, calf (female, weaned) in the United Kingdom is 1 kg of live weight (LW) of beef cattle.","[0, 0, 0, 0, 1, 0, 0, 0, 0, 0]","[0, 0, 0, 0, 1, 0, 0, 1, 0, 0]","['kg cold carcass weight/head', '1 ha', 'kg cold dressed carcass weight/head', 'days', 'relative', 'kg', 'unitless', 'kg liveweight/head', '%', 'kg ready-to-cook weight/head']",31,microsoft/deberta-v3-large,functionalUnit,recalculated,rag
35,"permanent pasture producing Sheep, ewe in United Kingdom. Additional description: High sugar pasture for sheep and cattle.. Additional Context: The functional unit for the production system of permanent pasture producing sheep in the United Kingdom is 1 ewe.","[1, 0, 0, 0, 1, 0, 0, 1, 0, 0]","[0, 0, 0, 0, 1, 0, 0, 1, 0, 0]","['kg cold carcass weight/head', '1 ha', 'kg cold dressed carcass weight/head', 'days', 'relative', 'kg', 'unitless', 'kg liveweight/head', '%', 'kg ready-to-cook weight/head']",35,microsoft/deberta-v3-large,functionalUnit,recalculated,rag
36,"permanent pasture producing Sheep, lamb in United Kingdom. Additional description: High sugar and white clover pasture mix for sheep and cattle.. Additional Context: The functional unit for the permanent pasture producing sheep and lamb system in the United Kingdom is 1 animal (sheep).","[0, 0, 0, 0, 1, 0, 0, 0, 0, 0]","[0, 0, 0, 0, 1, 0, 0, 1, 0, 0]","['kg cold carcass weight/head', '1 ha', 'kg cold dressed carcass weight/head', 'days', 'relative', 'kg', 'unitless', 'kg liveweight/head', '%', 'kg ready-to-cook weight/head']",36,microsoft/deberta-v3-large,functionalUnit,recalculated,rag
38,"permanent pasture producing Dairy cattle, heifer in New Zealand. Additional description: Off-site replacement cow pasture grazing from weaned calf -> 90% of mature weight (2mo -> 22mo) (2017/18). Additional Context: The functional unit for the production system is 1 mature dairy cow.","[0, 1, 0, 1, 0, 0, 0, 1, 0, 0]","[0, 1, 0, 0, 0, 0, 0, 0, 0, 0]","['kg cold carcass weight/head', '1 ha', 'kg cold dressed carcass weight/head', 'days', 'relative', 'kg', 'unitless', 'kg liveweight/head', '%', 'kg ready-to-cook weight/head']",38,microsoft/deberta-v3-large,functionalUnit,recalculated,rag
39,"permanent pasture producing Beef cattle, heifer in United Kingdom. Additional description: High sugar pasture for sheep and cattle.. Additional Context: The functional unit for the permanent pasture producing Beef cattle, heifer in the United Kingdom is 1 kg of live weight (LW) of beef cattle.","[0, 0, 0, 0, 1, 0, 0, 1, 0, 0]","[1, 0, 0, 0, 1, 0, 0, 1, 0, 0]","['kg cold carcass weight/head', '1 ha', 'kg cold dressed carcass weight/head', 'days', 'relative', 'kg', 'unitless', 'kg liveweight/head', '%', 'kg ready-to-cook weight/head']",39,microsoft/deberta-v3-large,functionalUnit,recalculated,rag
41,"permanent pasture producing Sheep, ewe in United Kingdom. Additional description: Generic grass pasture for sheep and cattle.. Additional Context: The functional unit for the production system of permanent pasture producing sheep in the United Kingdom is one animal.","[0, 0, 0, 0, 1, 0, 0, 0, 0, 0]","[0, 0, 0, 0, 1, 0, 0, 1, 0, 0]","['kg cold carcass weight/head', '1 ha', 'kg cold dressed carcass weight/head', 'days', 'relative', 'kg', 'unitless', 'kg liveweight/head', '%', 'kg ready-to-cook weight/head']",41,microsoft/deberta-v3-large,functionalUnit,recalculated,rag
53,"animal housing producing Electricity, produced on in site, solar PV. Additional description: Kipster-Laying hens scenario 1. Additional Context: The functional unit for the Kipster-Laying hens scenario is 1 kg of live weight (LW) produced.","[0, 0, 0, 0, 1, 0, 0, 0, 0, 0]","[0, 0, 0, 1, 1, 0, 0, 1, 0, 0]","['kg cold carcass weight/head', '1 ha', 'kg cold dressed carcass weight/head', 'days', 'relative', 'kg', 'unitless', 'kg liveweight/head', '%', 'kg ready-to-cook weight/head']",53,microsoft/deberta-v3-large,functionalUnit,recalculated,rag
59,agri-food processor producing Ripened cheese in Italy. Additional Context: The functional unit for the agri-food processor producing Ripened cheese in Italy is 1 kg of Ripened cheese.,"[0, 0, 0, 0, 1, 0, 0, 0, 1, 0]","[0, 0, 0, 0, 1, 0, 0, 0, 0, 0]","['kg cold carcass weight/head', '1 ha', 'kg cold dressed carcass weight/head', 'days', 'relative', 'kg', 'unitless', 'kg liveweight/head', '%', 'kg ready-to-cook weight/head']",59,microsoft/deberta-v3-large,functionalUnit,recalculated,rag
60,"permanent pasture producing Sheep, lamb in United Kingdom. Additional description: High sugar pasture for sheep and cattle.. Additional Context: The functional unit for the production system of permanent pasture producing Sheep, lamb in United Kingdom is 1 animal.","[0, 0, 0, 0, 1, 0, 0, 0, 0, 0]","[0, 0, 0, 0, 1, 0, 0, 1, 0, 0]","['kg cold carcass weight/head', '1 ha', 'kg cold dressed carcass weight/head', 'days', 'relative', 'kg', 'unitless', 'kg liveweight/head', '%', 'kg ready-to-cook weight/head']",60,microsoft/deberta-v3-large,functionalUnit,recalculated,rag
70,"animal housing producing Electricity, produced on in site, solar PV. Additional description: Kipster-Laying hens scenario 3. Additional Context: The functional unit for the Kipster-Laying hens scenario is 1 kg of live weight (LW) produced.","[0, 0, 0, 0, 1, 0, 0, 0, 0, 0]","[0, 0, 0, 1, 1, 0, 0, 1, 0, 0]","['kg cold carcass weight/head', '1 ha', 'kg cold dressed carcass weight/head', 'days', 'relative', 'kg', 'unitless', 'kg liveweight/head', '%', 'kg ready-to-cook weight/head']",70,microsoft/deberta-v3-large,functionalUnit,recalculated,rag
84,"animal housing producing Beef cattle, calf (male, weaned) in United Kingdom. Additional description: Indoor cattle system.. Additional Context: The functional unit for the animal housing producing Beef cattle, calf (male, weaned) in the United Kingdom is 1 kg of live weight (LW) of beef cattle.","[0, 0, 0, 0, 1, 0, 0, 0, 0, 0]","[0, 0, 0, 0, 1, 0, 0, 1, 0, 0]","['kg cold carcass weight/head', '1 ha', 'kg cold dressed carcass weight/head', 'days', 'relative', 'kg', 'unitless', 'kg liveweight/head', '%', 'kg ready-to-cook weight/head']",84,microsoft/deberta-v3-large,functionalUnit,recalculated,rag
94,"permanent pasture producing Sheep, ewe in United Kingdom. Additional description: High sugar and white clover pasture mix for sheep and cattle.. Additional Context: The functional unit for the permanent pasture producing sheep system in the United Kingdom is 1 kg of greasy wool.","[1, 0, 0, 0, 1, 0, 0, 1, 0, 0]","[0, 0, 0, 0, 1, 0, 0, 1, 0, 0]","['kg cold carcass weight/head', '1 ha', 'kg cold dressed carcass weight/head', 'days', 'relative', 'kg', 'unitless', 'kg liveweight/head', '%', 'kg ready-to-cook weight/head']",94,microsoft/deberta-v3-large,functionalUnit,recalculated,rag
10,"animal housing producing Sheep, ram in United Kingdom. Additional description: Indoor cattle system.. Additional Context: The functional unit for the animal housing producing Sheep, ram in United Kingdom is not explicitly stated. However, based on the context, it can be inferred that the functional unit is likely to be 1 kg of live weight (LW) of sheep, as this is a common functional unit used in agricultural life cycle assessments (LCAs) for livestock production systems.","[0, 0, 0, 0, 1, 0, 0, 0, 0, 0]","[0, 0, 0, 0, 1, 0, 0, 1, 0, 0]","['kg cold carcass weight/head', '1 ha', 'kg cold dressed carcass weight/head', 'days', 'relative', 'kg', 'unitless', 'kg liveweight/head', '%', 'kg ready-to-cook weight/head']",10,microsoft/deberta-v3-small,functionalUnit,recalculated,rag
16,"permanent pasture producing Beef cattle, steer in Brazil. Additional description: Beef, degraded Brachiaria pasture (Scenario 1). Additional Context: The functional unit for the production system of permanent pasture producing Beef cattle, steer in Brazil is 1 kg of live weight (LW) of beef cattle.","[0, 1, 0, 1, 0, 0, 0, 1, 0, 0]","[0, 1, 0, 0, 0, 0, 0, 1, 0, 0]","['kg cold carcass weight/head', '1 ha', 'kg cold dressed carcass weight/head', 'days', 'relative', 'kg', 'unitless', 'kg liveweight/head', '%', 'kg ready-to-cook weight/head']",16,microsoft/deberta-v3-small,functionalUnit,recalculated,rag
18,"permanent pasture producing Sheep, ewe in United Kingdom. Additional description: Generic grass pasture for sheep and cattle.. Additional Context: The functional unit for the production system of permanent pasture producing sheep in the United Kingdom is one animal.","[0, 0, 0, 0, 1, 0, 0, 0, 0, 0]","[0, 0, 0, 0, 1, 0, 0, 1, 0, 0]","['kg cold carcass weight/head', '1 ha', 'kg cold dressed carcass weight/head', 'days', 'relative', 'kg', 'unitless', 'kg liveweight/head', '%', 'kg ready-to-cook weight/head']",18,microsoft/deberta-v3-small,functionalUnit,recalculated,rag
31,"animal housing producing Beef cattle, calf (female, weaned) in United Kingdom. Additional description: Indoor cattle system.. Additional Context: The functional unit for the animal housing producing Beef cattle, calf (female, weaned) in the United Kingdom is 1 kg of live weight (LW) of beef cattle.","[0, 0, 0, 0, 1, 0, 0, 0, 0, 0]","[0, 0, 0, 0, 1, 0, 0, 1, 0, 0]","['kg cold carcass weight/head', '1 ha', 'kg cold dressed carcass weight/head', 'days', 'relative', 'kg', 'unitless', 'kg liveweight/head', '%', 'kg ready-to-cook weight/head']",31,microsoft/deberta-v3-small,functionalUnit,recalculated,rag
35,"permanent pasture producing Sheep, ewe in United Kingdom. Additional description: High sugar pasture for sheep and cattle.. Additional Context: The functional unit for the production system of permanent pasture producing sheep in the United Kingdom is 1 ewe.","[1, 0, 0, 0, 1, 0, 0, 1, 0, 0]","[0, 0, 0, 0, 1, 0, 0, 1, 0, 0]","['kg cold carcass weight/head', '1 ha', 'kg cold dressed carcass weight/head', 'days', 'relative', 'kg', 'unitless', 'kg liveweight/head', '%', 'kg ready-to-cook weight/head']",35,microsoft/deberta-v3-small,functionalUnit,recalculated,rag
36,"permanent pasture producing Sheep, lamb in United Kingdom. Additional description: High sugar and white clover pasture mix for sheep and cattle.. Additional Context: The functional unit for the permanent pasture producing sheep and lamb system in the United Kingdom is 1 animal (sheep).","[0, 0, 0, 0, 1, 0, 0, 0, 0, 0]","[0, 0, 0, 0, 1, 0, 0, 1, 0, 0]","['kg cold carcass weight/head', '1 ha', 'kg cold dressed carcass weight/head', 'days', 'relative', 'kg', 'unitless', 'kg liveweight/head', '%', 'kg ready-to-cook weight/head']",36,microsoft/deberta-v3-small,functionalUnit,recalculated,rag
37,"animal housing producing Broiler chicken, hen in Thailand. Additional description: CB1-Parent farm 1. Additional Context: The functional unit for the production system ""animal housing producing Broiler chicken, hen in Thailand"" is 1 tonne of whole chickens packed and ready for transport to supermarkets (including bones, but excluding feathers, head, blood, intestines, liver, and heart).","[0, 0, 0, 1, 1, 0, 0, 0, 0, 0]","[0, 0, 0, 0, 1, 0, 0, 0, 0, 0]","['kg cold carcass weight/head', '1 ha', 'kg cold dressed carcass weight/head', 'days', 'relative', 'kg', 'unitless', 'kg liveweight/head', '%', 'kg ready-to-cook weight/head']",37,microsoft/deberta-v3-small,functionalUnit,recalculated,rag
38,"permanent pasture producing Dairy cattle, heifer in New Zealand. Additional description: Off-site replacement cow pasture grazing from weaned calf -> 90% of mature weight (2mo -> 22mo) (2017/18). Additional Context: The functional unit for the production system is 1 mature dairy cow.","[0, 1, 0, 1, 0, 0, 0, 1, 0, 0]","[0, 1, 0, 0, 0, 0, 0, 0, 0, 0]","['kg cold carcass weight/head', '1 ha', 'kg cold dressed carcass weight/head', 'days', 'relative', 'kg', 'unitless', 'kg liveweight/head', '%', 'kg ready-to-cook weight/head']",38,microsoft/deberta-v3-small,functionalUnit,recalculated,rag
39,"permanent pasture producing Beef cattle, heifer in United Kingdom. Additional description: High sugar pasture for sheep and cattle.. Additional Context: The functional unit for the permanent pasture producing Beef cattle, heifer in the United Kingdom is 1 kg of live weight (LW) of beef cattle.","[0, 0, 0, 0, 1, 0, 0, 1, 0, 0]","[1, 0, 0, 0, 1, 0, 0, 1, 0, 0]","['kg cold carcass weight/head', '1 ha', 'kg cold dressed carcass weight/head', 'days', 'relative', 'kg', 'unitless', 'kg liveweight/head', '%', 'kg ready-to-cook weight/head']",39,microsoft/deberta-v3-small,functionalUnit,recalculated,rag
41,"permanent pasture producing Sheep, ewe in United Kingdom. Additional description: Generic grass pasture for sheep and cattle.. Additional Context: The functional unit for the production system of permanent pasture producing sheep in the United Kingdom is one animal.","[0, 0, 0, 0, 1, 0, 0, 0, 0, 0]","[0, 0, 0, 0, 1, 0, 0, 1, 0, 0]","['kg cold carcass weight/head', '1 ha', 'kg cold dressed carcass weight/head', 'days', 'relative', 'kg', 'unitless', 'kg liveweight/head', '%', 'kg ready-to-cook weight/head']",41,microsoft/deberta-v3-small,functionalUnit,recalculated,rag
53,"animal housing producing Electricity, produced on in site, solar PV. Additional description: Kipster-Laying hens scenario 1. Additional Context: The functional unit for the Kipster-Laying hens scenario is 1 kg of live weight (LW) produced.","[0, 0, 0, 0, 1, 0, 0, 0, 0, 0]","[0, 0, 0, 1, 1, 0, 0, 1, 0, 0]","['kg cold carcass weight/head', '1 ha', 'kg cold dressed carcass weight/head', 'days', 'relative', 'kg', 'unitless', 'kg liveweight/head', '%', 'kg ready-to-cook weight/head']",53,microsoft/deberta-v3-small,functionalUnit,recalculated,rag
58,"agri-food processor producing Whey, liquid in Spain. Additional Context: The functional unit for the agri-food processor producing Whey in Spain is 1 L of packaged whey.","[0, 0, 0, 0, 1, 0, 0, 0, 0, 0]","[0, 0, 0, 0, 1, 0, 0, 0, 1, 0]","['kg cold carcass weight/head', '1 ha', 'kg cold dressed carcass weight/head', 'days', 'relative', 'kg', 'unitless', 'kg liveweight/head', '%', 'kg ready-to-cook weight/head']",58,microsoft/deberta-v3-small,functionalUnit,recalculated,rag
59,agri-food processor producing Ripened cheese in Italy. Additional Context: The functional unit for the agri-food processor producing Ripened cheese in Italy is 1 kg of Ripened cheese.,"[0, 0, 0, 0, 1, 0, 0, 0, 1, 0]","[0, 0, 0, 0, 1, 0, 0, 0, 0, 0]","['kg cold carcass weight/head', '1 ha', 'kg cold dressed carcass weight/head', 'days', 'relative', 'kg', 'unitless', 'kg liveweight/head', '%', 'kg ready-to-cook weight/head']",59,microsoft/deberta-v3-small,functionalUnit,recalculated,rag
60,"permanent pasture producing Sheep, lamb in United Kingdom. Additional description: High sugar pasture for sheep and cattle.. Additional Context: The functional unit for the production system of permanent pasture producing Sheep, lamb in United Kingdom is 1 animal.","[0, 0, 0, 0, 1, 0, 0, 0, 0, 0]","[0, 0, 0, 0, 1, 0, 0, 1, 0, 0]","['kg cold carcass weight/head', '1 ha', 'kg cold dressed carcass weight/head', 'days', 'relative', 'kg', 'unitless', 'kg liveweight/head', '%', 'kg ready-to-cook weight/head']",60,microsoft/deberta-v3-small,functionalUnit,recalculated,rag
61,"agri-food processor producing Meat, pig (cold dressed carcass weight) in United Kingdom. Additional description: Slaughter England Conventional. Additional Context: The functional unit for the agri-food processor producing Meat, pig (cold dressed carcass weight) in the United Kingdom is 1 kg of meat (cold dressed carcass weight).","[0, 0, 0, 0, 1, 0, 0, 0, 0, 0]","[0, 0, 0, 0, 1, 0, 0, 0, 1, 0]","['kg cold carcass weight/head', '1 ha', 'kg cold dressed carcass weight/head', 'days', 'relative', 'kg', 'unitless', 'kg liveweight/head', '%', 'kg ready-to-cook weight/head']",61,microsoft/deberta-v3-small,functionalUnit,recalculated,rag
68,"permanent pasture producing Meat, beef cattle (liveweight) in Colombia. Additional Context: The functional unit for the production system of permanent pasture producing meat, beef cattle (liveweight) in Colombia is 1 kg of live weight (LW) of beef cattle.","[0, 1, 0, 0, 0, 0, 0, 0, 0, 0]","[0, 0, 0, 0, 1, 1, 0, 0, 0, 0]","['kg cold carcass weight/head', '1 ha', 'kg cold dressed carcass weight/head', 'days', 'relative', 'kg', 'unitless', 'kg liveweight/head', '%', 'kg ready-to-cook weight/head']",68,microsoft/deberta-v3-small,functionalUnit,recalculated,rag
70,"animal housing producing Electricity, produced on in site, solar PV. Additional description: Kipster-Laying hens scenario 3. Additional Context: The functional unit for the Kipster-Laying hens scenario is 1 kg of live weight (LW) produced.","[0, 0, 0, 0, 1, 0, 0, 0, 0, 0]","[0, 0, 0, 1, 1, 0, 0, 1, 0, 0]","['kg cold carcass weight/head', '1 ha', 'kg cold dressed carcass weight/head', 'days', 'relative', 'kg', 'unitless', 'kg liveweight/head', '%', 'kg ready-to-cook weight/head']",70,microsoft/deberta-v3-small,functionalUnit,recalculated,rag
84,"animal housing producing Beef cattle, calf (male, weaned) in United Kingdom. Additional description: Indoor cattle system.. Additional Context: The functional unit for the animal housing producing Beef cattle, calf (male, weaned) in the United Kingdom is 1 kg of live weight (LW) of beef cattle.","[0, 0, 0, 0, 1, 0, 0, 0, 0, 0]","[0, 0, 0, 0, 1, 0, 0, 1, 0, 0]","['kg cold carcass weight/head', '1 ha', 'kg cold dressed carcass weight/head', 'days', 'relative', 'kg', 'unitless', 'kg liveweight/head', '%', 'kg ready-to-cook weight/head']",84,microsoft/deberta-v3-small,functionalUnit,recalculated,rag
85,"animal housing producing Broiler chicken, hen in Thailand. Additional description: CB6-Parent farm 3. Additional Context: The functional unit for the production system ""animal housing producing Broiler chicken, hen in Thailand"" is 1 tonne of whole chickens packed and ready for transport to supermarkets (including bones, but excluding feathers, head, blood, intestines, liver, and heart).","[0, 0, 0, 1, 1, 0, 0, 0, 0, 0]","[0, 0, 0, 0, 1, 0, 0, 0, 0, 0]","['kg cold carcass weight/head', '1 ha', 'kg cold dressed carcass weight/head', 'days', 'relative', 'kg', 'unitless', 'kg liveweight/head', '%', 'kg ready-to-cook weight/head']",85,microsoft/deberta-v3-small,functionalUnit,recalculated,rag
88,"animal housing producing Pig, sow in Netherlands. Additional description: Sow Netherlands Conventional. Additional Context: The functional unit for the production system ""Animal housing producing Pig, sow in Netherlands. Additional description: Sow Netherlands Conventional"" is 1 kg of live weight (LW) of pigs leaving the pig unit, including culled SOWS and slaughter pigs.","[0, 0, 0, 0, 1, 0, 0, 1, 0, 0]","[0, 0, 0, 0, 1, 0, 0, 0, 0, 0]","['kg cold carcass weight/head', '1 ha', 'kg cold dressed carcass weight/head', 'days', 'relative', 'kg', 'unitless', 'kg liveweight/head', '%', 'kg ready-to-cook weight/head']",88,microsoft/deberta-v3-small,functionalUnit,recalculated,rag
94,"permanent pasture producing Sheep, ewe in United Kingdom. Additional description: High sugar and white clover pasture mix for sheep and cattle.. Additional Context: The functional unit for the permanent pasture producing sheep system in the United Kingdom is 1 kg of greasy wool.","[1, 0, 0, 0, 1, 0, 0, 1, 0, 0]","[0, 0, 0, 0, 1, 0, 0, 1, 0, 0]","['kg cold carcass weight/head', '1 ha', 'kg cold dressed carcass weight/head', 'days', 'relative', 'kg', 'unitless', 'kg liveweight/head', '%', 'kg ready-to-cook weight/head']",94,microsoft/deberta-v3-small,functionalUnit,recalculated,rag
53,"animal housing producing Electricity, produced on in site, solar PV. Additional description: Kipster-Laying hens scenario 1. Additional Context: The object of the assessment is the production of electricity from on-site solar PV and animal housing producing electricity, specifically Kipster-Laying hens scenario 1.","[0, 0, 0, 0, 0, 0, 0, 0, 0, 0, 0, 0, 0, 0, 0, 0, 0, 0, 0, 0, 0, 0, 0, 0, 1, 0, 1, 0, 0, 0, 0, 0, 0, 0, 0, 0, 0, 0, 0, 0, 0, 0, 0, 0, 0, 0, 0, 0, 0, 0, 0, 0, 0, 0, 0, 0, 0, 0, 0, 0, 0, 0, 0, 0, 0, 0, 0, 0, 0, 0]","[0, 0, 0, 0, 0, 0, 0, 0, 0, 0, 0, 0, 0, 0, 0, 0, 0, 0, 0, 0, 0, 0, 0, 0, 0, 0, 0, 0, 0, 0, 0, 0, 0, 0, 0, 0, 0, 0, 0, 0, 0, 0, 0, 0, 0, 0, 0, 0, 0, 0, 0, 0, 0, 0, 0, 0, 0, 0, 0, 0, 0, 0, 0, 0, 0, 0, 0, 0, 0, 0]","['Meat, beef cattle (cold carcass weight)', 'Layer chicken', 'Pig', 'Meat, beef cattle (cold dressed carcass weight)', 'Dairy cattle', 'Milk', 'Cream', 'Beef cattle, calf (male, weaned)', 'Beef cattle, cow', 'Whey, liquid', 'Wastewater (kg mass)', 'Milk, cow, raw (FPCM)', 'Meat, chicken, wings', 'Beef cattle, heifer and steer', 'Meat, dairy cattle (cold carcass weight)', 'Buttermilk', 'Pig, sow', 'Cattle, urine (kg mass)', 'Beef cattle, calf (female, weaned)', 'Yoghurt', 'Meat, beef cattle (liveweight)', 'Dairy cattle, heifer', 'Sheep, ram', 'Caciotta', 'Electricity, produced on', 'Fresh cheese', 'Electricity', 'Sheep, ewe', 'Dairy cattle, calf (male, unweaned)', 'Beef cattle, calf (weaned)', 'Meat, pig (cold dressed carcass weight)', 'Dairy cattle, calf (female, weaned)', 'Whey', 'Cattle', 'Dairy cattle, calf (weaned)', 'Dairy cattle, calf', 'Sheep', 'Meat, chicken, breast', 'Beef cattle, bull', 'Cream, cow, raw', 'Broiler chicken, hen', 'Broiler chicken, chick', 'Sheep, lamb (weaned)', 'Meat, dairy cattle (liveweight)', 'Layer chicken, pullet', 'Broiler chicken', 'Beef cattle', 'Cheese, cow', 'Eggs, hen, in shell', 'Cheese, sheep', 'Eggs', 'Layer chicken, hen', 'Sheep, lamb', 'Milk, cow, raw', 'Beef cattle, steer', 'Butter', 'Poultry by', 'Dairy cattle, cow', 'Pig, piglet', 'Meat, chicken, leg', 'Meat, chicken (cold carcass weight)', 'Whey, powder', 'Cheese', 'Soft', 'Eggs, hen, in shell (number)', 'Meat', 'Meat, chicken (liveweight)', 'Beef cattle, heifer', 'Ricotta', 'Ripened cheese']",53,climatebert/distilroberta-base-climate-f,product,recalculated,rag
70,"animal housing producing Electricity, produced on in site, solar PV. Additional description: Kipster-Laying hens scenario 3. Additional Context: The product of the assessment is eggs.","[0, 0, 0, 0, 0, 0, 0, 0, 0, 0, 0, 0, 0, 0, 0, 0, 0, 0, 0, 0, 0, 0, 0, 0, 1, 0, 1, 0, 0, 0, 0, 0, 0, 0, 0, 0, 0, 0, 0, 0, 0, 0, 0, 0, 0, 0, 0, 0, 0, 0, 0, 0, 0, 0, 0, 0, 0, 0, 0, 0, 0, 0, 0, 0, 0, 0, 0, 0, 0, 0]","[0, 0, 0, 0, 0, 0, 0, 0, 0, 0, 0, 0, 0, 0, 0, 0, 0, 0, 0, 0, 0, 0, 0, 0, 0, 0, 0, 0, 0, 0, 0, 0, 0, 0, 0, 0, 0, 0, 0, 0, 0, 0, 0, 0, 0, 0, 0, 0, 0, 0, 0, 0, 0, 0, 0, 0, 0, 0, 0, 0, 0, 0, 0, 0, 0, 0, 0, 0, 0, 0]","['Meat, beef cattle (cold carcass weight)', 'Layer chicken', 'Pig', 'Meat, beef cattle (cold dressed carcass weight)', 'Dairy cattle', 'Milk', 'Cream', 'Beef cattle, calf (male, weaned)', 'Beef cattle, cow', 'Whey, liquid', 'Wastewater (kg mass)', 'Milk, cow, raw (FPCM)', 'Meat, chicken, wings', 'Beef cattle, heifer and steer', 'Meat, dairy cattle (cold carcass weight)', 'Buttermilk', 'Pig, sow', 'Cattle, urine (kg mass)', 'Beef cattle, calf (female, weaned)', 'Yoghurt', 'Meat, beef cattle (liveweight)', 'Dairy cattle, heifer', 'Sheep, ram', 'Caciotta', 'Electricity, produced on', 'Fresh cheese', 'Electricity', 'Sheep, ewe', 'Dairy cattle, calf (male, unweaned)', 'Beef cattle, calf (weaned)', 'Meat, pig (cold dressed carcass weight)', 'Dairy cattle, calf (female, weaned)', 'Whey', 'Cattle', 'Dairy cattle, calf (weaned)', 'Dairy cattle, calf', 'Sheep', 'Meat, chicken, breast', 'Beef cattle, bull', 'Cream, cow, raw', 'Broiler chicken, hen', 'Broiler chicken, chick', 'Sheep, lamb (weaned)', 'Meat, dairy cattle (liveweight)', 'Layer chicken, pullet', 'Broiler chicken', 'Beef cattle', 'Cheese, cow', 'Eggs, hen, in shell', 'Cheese, sheep', 'Eggs', 'Layer chicken, hen', 'Sheep, lamb', 'Milk, cow, raw', 'Beef cattle, steer', 'Butter', 'Poultry by', 'Dairy cattle, cow', 'Pig, piglet', 'Meat, chicken, leg', 'Meat, chicken (cold carcass weight)', 'Whey, powder', 'Cheese', 'Soft', 'Eggs, hen, in shell (number)', 'Meat', 'Meat, chicken (liveweight)', 'Beef cattle, heifer', 'Ricotta', 'Ripened cheese']",70,climatebert/distilroberta-base-climate-f,product,recalculated,rag
53,"animal housing producing Electricity, produced on in site, solar PV. Additional description: Kipster-Laying hens scenario 1. Additional Context: The object of the assessment is the production of electricity from on-site solar PV and animal housing producing electricity, specifically Kipster-Laying hens scenario 1.","[0, 0, 0, 0, 0, 0, 0, 0, 0, 0, 0, 0, 0, 0, 0, 0, 0, 0, 0, 0, 0, 0, 0, 0, 1, 0, 1, 0, 0, 0, 0, 0, 0, 0, 0, 0, 0, 0, 0, 0, 0, 0, 0, 0, 0, 0, 0, 0, 0, 0, 0, 0, 0, 0, 0, 0, 0, 0, 0, 0, 0, 0, 0, 0, 0, 0, 0, 0, 0, 0]","[0, 0, 0, 0, 0, 0, 0, 0, 0, 0, 0, 0, 0, 0, 0, 0, 0, 0, 0, 0, 0, 0, 0, 0, 0, 0, 0, 0, 0, 0, 0, 0, 0, 0, 0, 0, 0, 0, 0, 0, 0, 0, 0, 0, 0, 0, 0, 0, 0, 0, 0, 0, 0, 0, 0, 0, 0, 0, 0, 0, 0, 0, 0, 0, 0, 0, 0, 0, 0, 0]","['Meat, beef cattle (cold carcass weight)', 'Layer chicken', 'Pig', 'Meat, beef cattle (cold dressed carcass weight)', 'Dairy cattle', 'Milk', 'Cream', 'Beef cattle, calf (male, weaned)', 'Beef cattle, cow', 'Whey, liquid', 'Wastewater (kg mass)', 'Milk, cow, raw (FPCM)', 'Meat, chicken, wings', 'Beef cattle, heifer and steer', 'Meat, dairy cattle (cold carcass weight)', 'Buttermilk', 'Pig, sow', 'Cattle, urine (kg mass)', 'Beef cattle, calf (female, weaned)', 'Yoghurt', 'Meat, beef cattle (liveweight)', 'Dairy cattle, heifer', 'Sheep, ram', 'Caciotta', 'Electricity, produced on', 'Fresh cheese', 'Electricity', 'Sheep, ewe', 'Dairy cattle, calf (male, unweaned)', 'Beef cattle, calf (weaned)', 'Meat, pig (cold dressed carcass weight)', 'Dairy cattle, calf (female, weaned)', 'Whey', 'Cattle', 'Dairy cattle, calf (weaned)', 'Dairy cattle, calf', 'Sheep', 'Meat, chicken, breast', 'Beef cattle, bull', 'Cream, cow, raw', 'Broiler chicken, hen', 'Broiler chicken, chick', 'Sheep, lamb (weaned)', 'Meat, dairy cattle (liveweight)', 'Layer chicken, pullet', 'Broiler chicken', 'Beef cattle', 'Cheese, cow', 'Eggs, hen, in shell', 'Cheese, sheep', 'Eggs', 'Layer chicken, hen', 'Sheep, lamb', 'Milk, cow, raw', 'Beef cattle, steer', 'Butter', 'Poultry by', 'Dairy cattle, cow', 'Pig, piglet', 'Meat, chicken, leg', 'Meat, chicken (cold carcass weight)', 'Whey, powder', 'Cheese', 'Soft', 'Eggs, hen, in shell (number)', 'Meat', 'Meat, chicken (liveweight)', 'Beef cattle, heifer', 'Ricotta', 'Ripened cheese']",53,ESGBERT/EnvironmentalBERT-base,product,recalculated,rag
70,"animal housing producing Electricity, produced on in site, solar PV. Additional description: Kipster-Laying hens scenario 3. Additional Context: The product of the assessment is eggs.","[0, 0, 0, 0, 0, 0, 0, 0, 0, 0, 0, 0, 0, 0, 0, 0, 0, 0, 0, 0, 0, 0, 0, 0, 1, 0, 1, 0, 0, 0, 0, 0, 0, 0, 0, 0, 0, 0, 0, 0, 0, 0, 0, 0, 0, 0, 0, 0, 0, 0, 0, 0, 0, 0, 0, 0, 0, 0, 0, 0, 0, 0, 0, 0, 0, 0, 0, 0, 0, 0]","[0, 0, 0, 0, 0, 0, 0, 0, 0, 0, 0, 0, 0, 0, 0, 0, 0, 0, 0, 0, 0, 0, 0, 0, 0, 0, 0, 0, 0, 0, 0, 0, 0, 0, 0, 0, 0, 0, 0, 0, 0, 0, 0, 0, 0, 0, 0, 0, 0, 0, 0, 0, 0, 0, 0, 0, 0, 0, 0, 0, 0, 0, 0, 0, 0, 0, 0, 0, 0, 0]","['Meat, beef cattle (cold carcass weight)', 'Layer chicken', 'Pig', 'Meat, beef cattle (cold dressed carcass weight)', 'Dairy cattle', 'Milk', 'Cream', 'Beef cattle, calf (male, weaned)', 'Beef cattle, cow', 'Whey, liquid', 'Wastewater (kg mass)', 'Milk, cow, raw (FPCM)', 'Meat, chicken, wings', 'Beef cattle, heifer and steer', 'Meat, dairy cattle (cold carcass weight)', 'Buttermilk', 'Pig, sow', 'Cattle, urine (kg mass)', 'Beef cattle, calf (female, weaned)', 'Yoghurt', 'Meat, beef cattle (liveweight)', 'Dairy cattle, heifer', 'Sheep, ram', 'Caciotta', 'Electricity, produced on', 'Fresh cheese', 'Electricity', 'Sheep, ewe', 'Dairy cattle, calf (male, unweaned)', 'Beef cattle, calf (weaned)', 'Meat, pig (cold dressed carcass weight)', 'Dairy cattle, calf (female, weaned)', 'Whey', 'Cattle', 'Dairy cattle, calf (weaned)', 'Dairy cattle, calf', 'Sheep', 'Meat, chicken, breast', 'Beef cattle, bull', 'Cream, cow, raw', 'Broiler chicken, hen', 'Broiler chicken, chick', 'Sheep, lamb (weaned)', 'Meat, dairy cattle (liveweight)', 'Layer chicken, pullet', 'Broiler chicken', 'Beef cattle', 'Cheese, cow', 'Eggs, hen, in shell', 'Cheese, sheep', 'Eggs', 'Layer chicken, hen', 'Sheep, lamb', 'Milk, cow, raw', 'Beef cattle, steer', 'Butter', 'Poultry by', 'Dairy cattle, cow', 'Pig, piglet', 'Meat, chicken, leg', 'Meat, chicken (cold carcass weight)', 'Whey, powder', 'Cheese', 'Soft', 'Eggs, hen, in shell (number)', 'Meat', 'Meat, chicken (liveweight)', 'Beef cattle, heifer', 'Ricotta', 'Ripened cheese']",70,ESGBERT/EnvironmentalBERT-base,product,recalculated,rag
53,"animal housing producing Electricity, produced on in site, solar PV. Additional description: Kipster-Laying hens scenario 1. Additional Context: The object of the assessment is the production of electricity from on-site solar PV and animal housing producing electricity, specifically Kipster-Laying hens scenario 1.","[0, 0, 0, 0, 0, 0, 0, 0, 0, 0, 0, 0, 0, 0, 0, 0, 0, 0, 0, 0, 0, 0, 0, 0, 1, 0, 1, 0, 0, 0, 0, 0, 0, 0, 0, 0, 0, 0, 0, 0, 0, 0, 0, 0, 0, 0, 0, 0, 0, 0, 0, 0, 0, 0, 0, 0, 0, 0, 0, 0, 0, 0, 0, 0, 0, 0, 0, 0, 0, 0]","[0, 0, 0, 0, 0, 0, 0, 0, 0, 0, 0, 0, 0, 0, 0, 0, 0, 0, 0, 0, 0, 0, 0, 0, 0, 0, 0, 0, 0, 0, 0, 0, 0, 0, 0, 0, 0, 0, 0, 0, 0, 0, 0, 0, 0, 0, 0, 0, 0, 0, 0, 0, 0, 0, 0, 0, 0, 0, 0, 0, 0, 0, 0, 0, 0, 0, 0, 0, 0, 0]","['Meat, beef cattle (cold carcass weight)', 'Layer chicken', 'Pig', 'Meat, beef cattle (cold dressed carcass weight)', 'Dairy cattle', 'Milk', 'Cream', 'Beef cattle, calf (male, weaned)', 'Beef cattle, cow', 'Whey, liquid', 'Wastewater (kg mass)', 'Milk, cow, raw (FPCM)', 'Meat, chicken, wings', 'Beef cattle, heifer and steer', 'Meat, dairy cattle (cold carcass weight)', 'Buttermilk', 'Pig, sow', 'Cattle, urine (kg mass)', 'Beef cattle, calf (female, weaned)', 'Yoghurt', 'Meat, beef cattle (liveweight)', 'Dairy cattle, heifer', 'Sheep, ram', 'Caciotta', 'Electricity, produced on', 'Fresh cheese', 'Electricity', 'Sheep, ewe', 'Dairy cattle, calf (male, unweaned)', 'Beef cattle, calf (weaned)', 'Meat, pig (cold dressed carcass weight)', 'Dairy cattle, calf (female, weaned)', 'Whey', 'Cattle', 'Dairy cattle, calf (weaned)', 'Dairy cattle, calf', 'Sheep', 'Meat, chicken, breast', 'Beef cattle, bull', 'Cream, cow, raw', 'Broiler chicken, hen', 'Broiler chicken, chick', 'Sheep, lamb (weaned)', 'Meat, dairy cattle (liveweight)', 'Layer chicken, pullet', 'Broiler chicken', 'Beef cattle', 'Cheese, cow', 'Eggs, hen, in shell', 'Cheese, sheep', 'Eggs', 'Layer chicken, hen', 'Sheep, lamb', 'Milk, cow, raw', 'Beef cattle, steer', 'Butter', 'Poultry by', 'Dairy cattle, cow', 'Pig, piglet', 'Meat, chicken, leg', 'Meat, chicken (cold carcass weight)', 'Whey, powder', 'Cheese', 'Soft', 'Eggs, hen, in shell (number)', 'Meat', 'Meat, chicken (liveweight)', 'Beef cattle, heifer', 'Ricotta', 'Ripened cheese']",53,FacebookAI/roberta-large,product,recalculated,rag
70,"animal housing producing Electricity, produced on in site, solar PV. Additional description: Kipster-Laying hens scenario 3. Additional Context: The product of the assessment is eggs.","[0, 0, 0, 0, 0, 0, 0, 0, 0, 0, 0, 0, 0, 0, 0, 0, 0, 0, 0, 0, 0, 0, 0, 0, 1, 0, 1, 0, 0, 0, 0, 0, 0, 0, 0, 0, 0, 0, 0, 0, 0, 0, 0, 0, 0, 0, 0, 0, 0, 0, 0, 0, 0, 0, 0, 0, 0, 0, 0, 0, 0, 0, 0, 0, 0, 0, 0, 0, 0, 0]","[0, 0, 0, 0, 0, 0, 0, 0, 0, 0, 0, 0, 0, 0, 0, 0, 0, 0, 0, 0, 0, 0, 0, 0, 0, 0, 0, 0, 0, 0, 0, 0, 0, 0, 0, 0, 0, 0, 0, 0, 0, 0, 0, 0, 0, 0, 0, 0, 0, 0, 0, 0, 0, 0, 0, 0, 0, 0, 0, 0, 0, 0, 0, 0, 0, 0, 0, 0, 0, 0]","['Meat, beef cattle (cold carcass weight)', 'Layer chicken', 'Pig', 'Meat, beef cattle (cold dressed carcass weight)', 'Dairy cattle', 'Milk', 'Cream', 'Beef cattle, calf (male, weaned)', 'Beef cattle, cow', 'Whey, liquid', 'Wastewater (kg mass)', 'Milk, cow, raw (FPCM)', 'Meat, chicken, wings', 'Beef cattle, heifer and steer', 'Meat, dairy cattle (cold carcass weight)', 'Buttermilk', 'Pig, sow', 'Cattle, urine (kg mass)', 'Beef cattle, calf (female, weaned)', 'Yoghurt', 'Meat, beef cattle (liveweight)', 'Dairy cattle, heifer', 'Sheep, ram', 'Caciotta', 'Electricity, produced on', 'Fresh cheese', 'Electricity', 'Sheep, ewe', 'Dairy cattle, calf (male, unweaned)', 'Beef cattle, calf (weaned)', 'Meat, pig (cold dressed carcass weight)', 'Dairy cattle, calf (female, weaned)', 'Whey', 'Cattle', 'Dairy cattle, calf (weaned)', 'Dairy cattle, calf', 'Sheep', 'Meat, chicken, breast', 'Beef cattle, bull', 'Cream, cow, raw', 'Broiler chicken, hen', 'Broiler chicken, chick', 'Sheep, lamb (weaned)', 'Meat, dairy cattle (liveweight)', 'Layer chicken, pullet', 'Broiler chicken', 'Beef cattle', 'Cheese, cow', 'Eggs, hen, in shell', 'Cheese, sheep', 'Eggs', 'Layer chicken, hen', 'Sheep, lamb', 'Milk, cow, raw', 'Beef cattle, steer', 'Butter', 'Poultry by', 'Dairy cattle, cow', 'Pig, piglet', 'Meat, chicken, leg', 'Meat, chicken (cold carcass weight)', 'Whey, powder', 'Cheese', 'Soft', 'Eggs, hen, in shell (number)', 'Meat', 'Meat, chicken (liveweight)', 'Beef cattle, heifer', 'Ricotta', 'Ripened cheese']",70,FacebookAI/roberta-large,product,recalculated,rag
6,agri-food processor producing Yoghurt in Southern Europe. Additional description: Processing and packaging cycle to transform milk into various dairy products.. Additional Context: The product of the assessment is yoghurt.,"[0, 0, 0, 0, 0, 0, 0, 0, 0, 0, 0, 0, 0, 0, 0, 0, 0, 0, 0, 1, 0, 0, 0, 0, 0, 0, 0, 0, 0, 0, 0, 0, 0, 0, 0, 0, 0, 0, 0, 0, 0, 0, 0, 0, 0, 0, 0, 0, 0, 0, 0, 0, 0, 0, 0, 0, 0, 0, 0, 0, 0, 0, 0, 0, 0, 0, 0, 0, 0, 0]","[0, 0, 0, 0, 0, 0, 0, 0, 0, 0, 0, 0, 0, 0, 0, 0, 0, 0, 0, 0, 0, 0, 0, 0, 0, 0, 0, 0, 0, 0, 0, 0, 0, 0, 0, 0, 0, 0, 0, 0, 0, 0, 0, 0, 0, 0, 0, 0, 0, 0, 0, 0, 0, 0, 0, 0, 0, 0, 0, 0, 0, 0, 0, 0, 0, 0, 0, 0, 0, 0]","['Meat, beef cattle (cold carcass weight)', 'Layer chicken', 'Pig', 'Meat, beef cattle (cold dressed carcass weight)', 'Dairy cattle', 'Milk', 'Cream', 'Beef cattle, calf (male, weaned)', 'Beef cattle, cow', 'Whey, liquid', 'Wastewater (kg mass)', 'Milk, cow, raw (FPCM)', 'Meat, chicken, wings', 'Beef cattle, heifer and steer', 'Meat, dairy cattle (cold carcass weight)', 'Buttermilk', 'Pig, sow', 'Cattle, urine (kg mass)', 'Beef cattle, calf (female, weaned)', 'Yoghurt', 'Meat, beef cattle (liveweight)', 'Dairy cattle, heifer', 'Sheep, ram', 'Caciotta', 'Electricity, produced on', 'Fresh cheese', 'Electricity', 'Sheep, ewe', 'Dairy cattle, calf (male, unweaned)', 'Beef cattle, calf (weaned)', 'Meat, pig (cold dressed carcass weight)', 'Dairy cattle, calf (female, weaned)', 'Whey', 'Cattle', 'Dairy cattle, calf (weaned)', 'Dairy cattle, calf', 'Sheep', 'Meat, chicken, breast', 'Beef cattle, bull', 'Cream, cow, raw', 'Broiler chicken, hen', 'Broiler chicken, chick', 'Sheep, lamb (weaned)', 'Meat, dairy cattle (liveweight)', 'Layer chicken, pullet', 'Broiler chicken', 'Beef cattle', 'Cheese, cow', 'Eggs, hen, in shell', 'Cheese, sheep', 'Eggs', 'Layer chicken, hen', 'Sheep, lamb', 'Milk, cow, raw', 'Beef cattle, steer', 'Butter', 'Poultry by', 'Dairy cattle, cow', 'Pig, piglet', 'Meat, chicken, leg', 'Meat, chicken (cold carcass weight)', 'Whey, powder', 'Cheese', 'Soft', 'Eggs, hen, in shell (number)', 'Meat', 'Meat, chicken (liveweight)', 'Beef cattle, heifer', 'Ricotta', 'Ripened cheese']",6,google-bert/bert-base-uncased,product,recalculated,rag
53,"animal housing producing Electricity, produced on in site, solar PV. Additional description: Kipster-Laying hens scenario 1. Additional Context: The object of the assessment is the production of electricity from on-site solar PV and animal housing producing electricity, specifically Kipster-Laying hens scenario 1.","[0, 0, 0, 0, 0, 0, 0, 0, 0, 0, 0, 0, 0, 0, 0, 0, 0, 0, 0, 0, 0, 0, 0, 0, 1, 0, 1, 0, 0, 0, 0, 0, 0, 0, 0, 0, 0, 0, 0, 0, 0, 0, 0, 0, 0, 0, 0, 0, 0, 0, 0, 0, 0, 0, 0, 0, 0, 0, 0, 0, 0, 0, 0, 0, 0, 0, 0, 0, 0, 0]","[0, 0, 0, 0, 0, 0, 0, 0, 0, 0, 0, 0, 0, 0, 0, 0, 0, 0, 0, 0, 0, 0, 0, 0, 0, 0, 0, 0, 0, 0, 0, 0, 0, 0, 0, 0, 0, 0, 0, 0, 0, 0, 0, 0, 0, 0, 0, 0, 0, 0, 0, 0, 0, 0, 0, 0, 0, 0, 0, 0, 0, 0, 0, 0, 0, 0, 0, 0, 0, 0]","['Meat, beef cattle (cold carcass weight)', 'Layer chicken', 'Pig', 'Meat, beef cattle (cold dressed carcass weight)', 'Dairy cattle', 'Milk', 'Cream', 'Beef cattle, calf (male, weaned)', 'Beef cattle, cow', 'Whey, liquid', 'Wastewater (kg mass)', 'Milk, cow, raw (FPCM)', 'Meat, chicken, wings', 'Beef cattle, heifer and steer', 'Meat, dairy cattle (cold carcass weight)', 'Buttermilk', 'Pig, sow', 'Cattle, urine (kg mass)', 'Beef cattle, calf (female, weaned)', 'Yoghurt', 'Meat, beef cattle (liveweight)', 'Dairy cattle, heifer', 'Sheep, ram', 'Caciotta', 'Electricity, produced on', 'Fresh cheese', 'Electricity', 'Sheep, ewe', 'Dairy cattle, calf (male, unweaned)', 'Beef cattle, calf (weaned)', 'Meat, pig (cold dressed carcass weight)', 'Dairy cattle, calf (female, weaned)', 'Whey', 'Cattle', 'Dairy cattle, calf (weaned)', 'Dairy cattle, calf', 'Sheep', 'Meat, chicken, breast', 'Beef cattle, bull', 'Cream, cow, raw', 'Broiler chicken, hen', 'Broiler chicken, chick', 'Sheep, lamb (weaned)', 'Meat, dairy cattle (liveweight)', 'Layer chicken, pullet', 'Broiler chicken', 'Beef cattle', 'Cheese, cow', 'Eggs, hen, in shell', 'Cheese, sheep', 'Eggs', 'Layer chicken, hen', 'Sheep, lamb', 'Milk, cow, raw', 'Beef cattle, steer', 'Butter', 'Poultry by', 'Dairy cattle, cow', 'Pig, piglet', 'Meat, chicken, leg', 'Meat, chicken (cold carcass weight)', 'Whey, powder', 'Cheese', 'Soft', 'Eggs, hen, in shell (number)', 'Meat', 'Meat, chicken (liveweight)', 'Beef cattle, heifer', 'Ricotta', 'Ripened cheese']",53,google-bert/bert-base-uncased,product,recalculated,rag
70,"animal housing producing Electricity, produced on in site, solar PV. Additional description: Kipster-Laying hens scenario 3. Additional Context: The product of the assessment is eggs.","[0, 0, 0, 0, 0, 0, 0, 0, 0, 0, 0, 0, 0, 0, 0, 0, 0, 0, 0, 0, 0, 0, 0, 0, 1, 0, 1, 0, 0, 0, 0, 0, 0, 0, 0, 0, 0, 0, 0, 0, 0, 0, 0, 0, 0, 0, 0, 0, 0, 0, 0, 0, 0, 0, 0, 0, 0, 0, 0, 0, 0, 0, 0, 0, 0, 0, 0, 0, 0, 0]","[0, 0, 0, 0, 0, 0, 0, 0, 0, 0, 0, 0, 0, 0, 0, 0, 0, 0, 0, 0, 0, 0, 0, 0, 0, 0, 0, 0, 0, 0, 0, 0, 0, 0, 0, 0, 0, 0, 0, 0, 0, 0, 0, 0, 0, 0, 0, 0, 0, 0, 0, 0, 0, 0, 0, 0, 0, 0, 0, 0, 0, 0, 0, 0, 0, 0, 0, 0, 0, 0]","['Meat, beef cattle (cold carcass weight)', 'Layer chicken', 'Pig', 'Meat, beef cattle (cold dressed carcass weight)', 'Dairy cattle', 'Milk', 'Cream', 'Beef cattle, calf (male, weaned)', 'Beef cattle, cow', 'Whey, liquid', 'Wastewater (kg mass)', 'Milk, cow, raw (FPCM)', 'Meat, chicken, wings', 'Beef cattle, heifer and steer', 'Meat, dairy cattle (cold carcass weight)', 'Buttermilk', 'Pig, sow', 'Cattle, urine (kg mass)', 'Beef cattle, calf (female, weaned)', 'Yoghurt', 'Meat, beef cattle (liveweight)', 'Dairy cattle, heifer', 'Sheep, ram', 'Caciotta', 'Electricity, produced on', 'Fresh cheese', 'Electricity', 'Sheep, ewe', 'Dairy cattle, calf (male, unweaned)', 'Beef cattle, calf (weaned)', 'Meat, pig (cold dressed carcass weight)', 'Dairy cattle, calf (female, weaned)', 'Whey', 'Cattle', 'Dairy cattle, calf (weaned)', 'Dairy cattle, calf', 'Sheep', 'Meat, chicken, breast', 'Beef cattle, bull', 'Cream, cow, raw', 'Broiler chicken, hen', 'Broiler chicken, chick', 'Sheep, lamb (weaned)', 'Meat, dairy cattle (liveweight)', 'Layer chicken, pullet', 'Broiler chicken', 'Beef cattle', 'Cheese, cow', 'Eggs, hen, in shell', 'Cheese, sheep', 'Eggs', 'Layer chicken, hen', 'Sheep, lamb', 'Milk, cow, raw', 'Beef cattle, steer', 'Butter', 'Poultry by', 'Dairy cattle, cow', 'Pig, piglet', 'Meat, chicken, leg', 'Meat, chicken (cold carcass weight)', 'Whey, powder', 'Cheese', 'Soft', 'Eggs, hen, in shell (number)', 'Meat', 'Meat, chicken (liveweight)', 'Beef cattle, heifer', 'Ricotta', 'Ripened cheese']",70,google-bert/bert-base-uncased,product,recalculated,rag
6,agri-food processor producing Yoghurt in Southern Europe. Additional description: Processing and packaging cycle to transform milk into various dairy products.. Additional Context: The product of the assessment is yoghurt.,"[0, 0, 0, 0, 0, 0, 0, 0, 0, 0, 0, 0, 0, 0, 0, 0, 0, 0, 0, 1, 0, 0, 0, 0, 0, 0, 0, 0, 0, 0, 0, 0, 0, 0, 0, 0, 0, 0, 0, 0, 0, 0, 0, 0, 0, 0, 0, 0, 0, 0, 0, 0, 0, 0, 0, 0, 0, 0, 0, 0, 0, 0, 0, 0, 0, 0, 0, 0, 0, 0]","[0, 0, 0, 0, 0, 0, 0, 0, 0, 0, 0, 0, 0, 0, 0, 0, 0, 0, 0, 0, 0, 0, 0, 0, 0, 0, 0, 0, 0, 0, 0, 0, 0, 0, 0, 0, 0, 0, 0, 0, 0, 0, 0, 0, 0, 0, 0, 0, 0, 0, 0, 0, 0, 0, 0, 0, 0, 0, 0, 0, 0, 0, 0, 0, 0, 0, 0, 0, 0, 0]","['Meat, beef cattle (cold carcass weight)', 'Layer chicken', 'Pig', 'Meat, beef cattle (cold dressed carcass weight)', 'Dairy cattle', 'Milk', 'Cream', 'Beef cattle, calf (male, weaned)', 'Beef cattle, cow', 'Whey, liquid', 'Wastewater (kg mass)', 'Milk, cow, raw (FPCM)', 'Meat, chicken, wings', 'Beef cattle, heifer and steer', 'Meat, dairy cattle (cold carcass weight)', 'Buttermilk', 'Pig, sow', 'Cattle, urine (kg mass)', 'Beef cattle, calf (female, weaned)', 'Yoghurt', 'Meat, beef cattle (liveweight)', 'Dairy cattle, heifer', 'Sheep, ram', 'Caciotta', 'Electricity, produced on', 'Fresh cheese', 'Electricity', 'Sheep, ewe', 'Dairy cattle, calf (male, unweaned)', 'Beef cattle, calf (weaned)', 'Meat, pig (cold dressed carcass weight)', 'Dairy cattle, calf (female, weaned)', 'Whey', 'Cattle', 'Dairy cattle, calf (weaned)', 'Dairy cattle, calf', 'Sheep', 'Meat, chicken, breast', 'Beef cattle, bull', 'Cream, cow, raw', 'Broiler chicken, hen', 'Broiler chicken, chick', 'Sheep, lamb (weaned)', 'Meat, dairy cattle (liveweight)', 'Layer chicken, pullet', 'Broiler chicken', 'Beef cattle', 'Cheese, cow', 'Eggs, hen, in shell', 'Cheese, sheep', 'Eggs', 'Layer chicken, hen', 'Sheep, lamb', 'Milk, cow, raw', 'Beef cattle, steer', 'Butter', 'Poultry by', 'Dairy cattle, cow', 'Pig, piglet', 'Meat, chicken, leg', 'Meat, chicken (cold carcass weight)', 'Whey, powder', 'Cheese', 'Soft', 'Eggs, hen, in shell (number)', 'Meat', 'Meat, chicken (liveweight)', 'Beef cattle, heifer', 'Ricotta', 'Ripened cheese']",6,microsoft/deberta-v3-base,product,recalculated,rag
43,"agri-food processor producing Caciotta in Southern Europe. Additional description: Processing and packaging cycle to transform milk into various dairy products.. Additional Context: The product being assessed is Caciotta, a type of Italian cheese.","[0, 0, 0, 0, 0, 0, 0, 0, 0, 0, 0, 0, 0, 0, 0, 0, 0, 0, 0, 0, 0, 0, 0, 1, 0, 0, 0, 0, 0, 0, 0, 0, 0, 0, 0, 0, 0, 0, 0, 0, 0, 0, 0, 0, 0, 0, 0, 0, 0, 0, 0, 0, 0, 0, 0, 0, 0, 0, 0, 0, 0, 0, 0, 0, 0, 0, 0, 0, 0, 0]","[0, 0, 0, 0, 0, 0, 0, 0, 0, 0, 0, 0, 0, 0, 0, 0, 0, 0, 0, 0, 0, 0, 0, 0, 0, 0, 0, 0, 0, 0, 0, 0, 0, 0, 0, 0, 0, 0, 0, 0, 0, 0, 0, 0, 0, 0, 0, 0, 0, 0, 0, 0, 0, 0, 0, 0, 0, 0, 0, 0, 0, 0, 0, 0, 0, 0, 0, 0, 0, 0]","['Meat, beef cattle (cold carcass weight)', 'Layer chicken', 'Pig', 'Meat, beef cattle (cold dressed carcass weight)', 'Dairy cattle', 'Milk', 'Cream', 'Beef cattle, calf (male, weaned)', 'Beef cattle, cow', 'Whey, liquid', 'Wastewater (kg mass)', 'Milk, cow, raw (FPCM)', 'Meat, chicken, wings', 'Beef cattle, heifer and steer', 'Meat, dairy cattle (cold carcass weight)', 'Buttermilk', 'Pig, sow', 'Cattle, urine (kg mass)', 'Beef cattle, calf (female, weaned)', 'Yoghurt', 'Meat, beef cattle (liveweight)', 'Dairy cattle, heifer', 'Sheep, ram', 'Caciotta', 'Electricity, produced on', 'Fresh cheese', 'Electricity', 'Sheep, ewe', 'Dairy cattle, calf (male, unweaned)', 'Beef cattle, calf (weaned)', 'Meat, pig (cold dressed carcass weight)', 'Dairy cattle, calf (female, weaned)', 'Whey', 'Cattle', 'Dairy cattle, calf (weaned)', 'Dairy cattle, calf', 'Sheep', 'Meat, chicken, breast', 'Beef cattle, bull', 'Cream, cow, raw', 'Broiler chicken, hen', 'Broiler chicken, chick', 'Sheep, lamb (weaned)', 'Meat, dairy cattle (liveweight)', 'Layer chicken, pullet', 'Broiler chicken', 'Beef cattle', 'Cheese, cow', 'Eggs, hen, in shell', 'Cheese, sheep', 'Eggs', 'Layer chicken, hen', 'Sheep, lamb', 'Milk, cow, raw', 'Beef cattle, steer', 'Butter', 'Poultry by', 'Dairy cattle, cow', 'Pig, piglet', 'Meat, chicken, leg', 'Meat, chicken (cold carcass weight)', 'Whey, powder', 'Cheese', 'Soft', 'Eggs, hen, in shell (number)', 'Meat', 'Meat, chicken (liveweight)', 'Beef cattle, heifer', 'Ricotta', 'Ripened cheese']",43,microsoft/deberta-v3-base,product,recalculated,rag
53,"animal housing producing Electricity, produced on in site, solar PV. Additional description: Kipster-Laying hens scenario 1. Additional Context: The object of the assessment is the production of electricity from on-site solar PV and animal housing producing electricity, specifically Kipster-Laying hens scenario 1.","[0, 0, 0, 0, 0, 0, 0, 0, 0, 0, 0, 0, 0, 0, 0, 0, 0, 0, 0, 0, 0, 0, 0, 0, 1, 0, 1, 0, 0, 0, 0, 0, 0, 0, 0, 0, 0, 0, 0, 0, 0, 0, 0, 0, 0, 0, 0, 0, 0, 0, 0, 0, 0, 0, 0, 0, 0, 0, 0, 0, 0, 0, 0, 0, 0, 0, 0, 0, 0, 0]","[0, 0, 0, 0, 0, 0, 0, 0, 0, 0, 0, 0, 0, 0, 0, 0, 0, 0, 0, 0, 0, 0, 0, 0, 0, 0, 0, 0, 0, 0, 0, 0, 0, 0, 0, 0, 0, 0, 0, 0, 0, 0, 0, 0, 0, 0, 0, 0, 0, 0, 0, 0, 0, 0, 0, 0, 0, 0, 0, 0, 0, 0, 0, 0, 0, 0, 0, 0, 0, 0]","['Meat, beef cattle (cold carcass weight)', 'Layer chicken', 'Pig', 'Meat, beef cattle (cold dressed carcass weight)', 'Dairy cattle', 'Milk', 'Cream', 'Beef cattle, calf (male, weaned)', 'Beef cattle, cow', 'Whey, liquid', 'Wastewater (kg mass)', 'Milk, cow, raw (FPCM)', 'Meat, chicken, wings', 'Beef cattle, heifer and steer', 'Meat, dairy cattle (cold carcass weight)', 'Buttermilk', 'Pig, sow', 'Cattle, urine (kg mass)', 'Beef cattle, calf (female, weaned)', 'Yoghurt', 'Meat, beef cattle (liveweight)', 'Dairy cattle, heifer', 'Sheep, ram', 'Caciotta', 'Electricity, produced on', 'Fresh cheese', 'Electricity', 'Sheep, ewe', 'Dairy cattle, calf (male, unweaned)', 'Beef cattle, calf (weaned)', 'Meat, pig (cold dressed carcass weight)', 'Dairy cattle, calf (female, weaned)', 'Whey', 'Cattle', 'Dairy cattle, calf (weaned)', 'Dairy cattle, calf', 'Sheep', 'Meat, chicken, breast', 'Beef cattle, bull', 'Cream, cow, raw', 'Broiler chicken, hen', 'Broiler chicken, chick', 'Sheep, lamb (weaned)', 'Meat, dairy cattle (liveweight)', 'Layer chicken, pullet', 'Broiler chicken', 'Beef cattle', 'Cheese, cow', 'Eggs, hen, in shell', 'Cheese, sheep', 'Eggs', 'Layer chicken, hen', 'Sheep, lamb', 'Milk, cow, raw', 'Beef cattle, steer', 'Butter', 'Poultry by', 'Dairy cattle, cow', 'Pig, piglet', 'Meat, chicken, leg', 'Meat, chicken (cold carcass weight)', 'Whey, powder', 'Cheese', 'Soft', 'Eggs, hen, in shell (number)', 'Meat', 'Meat, chicken (liveweight)', 'Beef cattle, heifer', 'Ricotta', 'Ripened cheese']",53,microsoft/deberta-v3-base,product,recalculated,rag
70,"animal housing producing Electricity, produced on in site, solar PV. Additional description: Kipster-Laying hens scenario 3. Additional Context: The product of the assessment is eggs.","[0, 0, 0, 0, 0, 0, 0, 0, 0, 0, 0, 0, 0, 0, 0, 0, 0, 0, 0, 0, 0, 0, 0, 0, 1, 0, 1, 0, 0, 0, 0, 0, 0, 0, 0, 0, 0, 0, 0, 0, 0, 0, 0, 0, 0, 0, 0, 0, 0, 0, 0, 0, 0, 0, 0, 0, 0, 0, 0, 0, 0, 0, 0, 0, 0, 0, 0, 0, 0, 0]","[0, 0, 0, 0, 0, 0, 0, 0, 0, 0, 0, 0, 0, 0, 0, 0, 0, 0, 0, 0, 0, 0, 0, 0, 0, 0, 0, 0, 0, 0, 0, 0, 0, 0, 0, 0, 0, 0, 0, 0, 0, 0, 0, 0, 0, 0, 0, 0, 0, 0, 0, 0, 0, 0, 0, 0, 0, 0, 0, 0, 0, 0, 0, 0, 0, 0, 0, 0, 0, 0]","['Meat, beef cattle (cold carcass weight)', 'Layer chicken', 'Pig', 'Meat, beef cattle (cold dressed carcass weight)', 'Dairy cattle', 'Milk', 'Cream', 'Beef cattle, calf (male, weaned)', 'Beef cattle, cow', 'Whey, liquid', 'Wastewater (kg mass)', 'Milk, cow, raw (FPCM)', 'Meat, chicken, wings', 'Beef cattle, heifer and steer', 'Meat, dairy cattle (cold carcass weight)', 'Buttermilk', 'Pig, sow', 'Cattle, urine (kg mass)', 'Beef cattle, calf (female, weaned)', 'Yoghurt', 'Meat, beef cattle (liveweight)', 'Dairy cattle, heifer', 'Sheep, ram', 'Caciotta', 'Electricity, produced on', 'Fresh cheese', 'Electricity', 'Sheep, ewe', 'Dairy cattle, calf (male, unweaned)', 'Beef cattle, calf (weaned)', 'Meat, pig (cold dressed carcass weight)', 'Dairy cattle, calf (female, weaned)', 'Whey', 'Cattle', 'Dairy cattle, calf (weaned)', 'Dairy cattle, calf', 'Sheep', 'Meat, chicken, breast', 'Beef cattle, bull', 'Cream, cow, raw', 'Broiler chicken, hen', 'Broiler chicken, chick', 'Sheep, lamb (weaned)', 'Meat, dairy cattle (liveweight)', 'Layer chicken, pullet', 'Broiler chicken', 'Beef cattle', 'Cheese, cow', 'Eggs, hen, in shell', 'Cheese, sheep', 'Eggs', 'Layer chicken, hen', 'Sheep, lamb', 'Milk, cow, raw', 'Beef cattle, steer', 'Butter', 'Poultry by', 'Dairy cattle, cow', 'Pig, piglet', 'Meat, chicken, leg', 'Meat, chicken (cold carcass weight)', 'Whey, powder', 'Cheese', 'Soft', 'Eggs, hen, in shell (number)', 'Meat', 'Meat, chicken (liveweight)', 'Beef cattle, heifer', 'Ricotta', 'Ripened cheese']",70,microsoft/deberta-v3-base,product,recalculated,rag
53,"animal housing producing Electricity, produced on in site, solar PV. Additional description: Kipster-Laying hens scenario 1. Additional Context: The object of the assessment is the production of electricity from on-site solar PV and animal housing producing electricity, specifically Kipster-Laying hens scenario 1.","[0, 0, 0, 0, 0, 0, 0, 0, 0, 0, 0, 0, 0, 0, 0, 0, 0, 0, 0, 0, 0, 0, 0, 0, 1, 0, 1, 0, 0, 0, 0, 0, 0, 0, 0, 0, 0, 0, 0, 0, 0, 0, 0, 0, 0, 0, 0, 0, 0, 0, 0, 0, 0, 0, 0, 0, 0, 0, 0, 0, 0, 0, 0, 0, 0, 0, 0, 0, 0, 0]","[0, 0, 0, 0, 0, 0, 0, 0, 0, 0, 0, 0, 0, 0, 0, 0, 0, 0, 0, 0, 0, 0, 0, 0, 0, 0, 0, 0, 0, 0, 0, 0, 0, 0, 0, 0, 0, 0, 0, 0, 0, 0, 0, 0, 0, 0, 0, 0, 0, 0, 0, 0, 0, 0, 0, 0, 0, 0, 0, 0, 0, 0, 0, 0, 0, 0, 0, 0, 0, 0]","['Meat, beef cattle (cold carcass weight)', 'Layer chicken', 'Pig', 'Meat, beef cattle (cold dressed carcass weight)', 'Dairy cattle', 'Milk', 'Cream', 'Beef cattle, calf (male, weaned)', 'Beef cattle, cow', 'Whey, liquid', 'Wastewater (kg mass)', 'Milk, cow, raw (FPCM)', 'Meat, chicken, wings', 'Beef cattle, heifer and steer', 'Meat, dairy cattle (cold carcass weight)', 'Buttermilk', 'Pig, sow', 'Cattle, urine (kg mass)', 'Beef cattle, calf (female, weaned)', 'Yoghurt', 'Meat, beef cattle (liveweight)', 'Dairy cattle, heifer', 'Sheep, ram', 'Caciotta', 'Electricity, produced on', 'Fresh cheese', 'Electricity', 'Sheep, ewe', 'Dairy cattle, calf (male, unweaned)', 'Beef cattle, calf (weaned)', 'Meat, pig (cold dressed carcass weight)', 'Dairy cattle, calf (female, weaned)', 'Whey', 'Cattle', 'Dairy cattle, calf (weaned)', 'Dairy cattle, calf', 'Sheep', 'Meat, chicken, breast', 'Beef cattle, bull', 'Cream, cow, raw', 'Broiler chicken, hen', 'Broiler chicken, chick', 'Sheep, lamb (weaned)', 'Meat, dairy cattle (liveweight)', 'Layer chicken, pullet', 'Broiler chicken', 'Beef cattle', 'Cheese, cow', 'Eggs, hen, in shell', 'Cheese, sheep', 'Eggs', 'Layer chicken, hen', 'Sheep, lamb', 'Milk, cow, raw', 'Beef cattle, steer', 'Butter', 'Poultry by', 'Dairy cattle, cow', 'Pig, piglet', 'Meat, chicken, leg', 'Meat, chicken (cold carcass weight)', 'Whey, powder', 'Cheese', 'Soft', 'Eggs, hen, in shell (number)', 'Meat', 'Meat, chicken (liveweight)', 'Beef cattle, heifer', 'Ricotta', 'Ripened cheese']",53,microsoft/deberta-v3-large,product,recalculated,rag
70,"animal housing producing Electricity, produced on in site, solar PV. Additional description: Kipster-Laying hens scenario 3. Additional Context: The product of the assessment is eggs.","[0, 0, 0, 0, 0, 0, 0, 0, 0, 0, 0, 0, 0, 0, 0, 0, 0, 0, 0, 0, 0, 0, 0, 0, 1, 0, 1, 0, 0, 0, 0, 0, 0, 0, 0, 0, 0, 0, 0, 0, 0, 0, 0, 0, 0, 0, 0, 0, 0, 0, 0, 0, 0, 0, 0, 0, 0, 0, 0, 0, 0, 0, 0, 0, 0, 0, 0, 0, 0, 0]","[0, 0, 0, 0, 0, 0, 0, 0, 0, 0, 0, 0, 0, 0, 0, 0, 0, 0, 0, 0, 0, 0, 0, 0, 0, 0, 0, 0, 0, 0, 0, 0, 0, 0, 0, 0, 0, 0, 0, 0, 0, 0, 0, 0, 0, 0, 0, 0, 0, 0, 0, 0, 0, 0, 0, 0, 0, 0, 0, 0, 0, 0, 0, 0, 0, 0, 0, 0, 0, 0]","['Meat, beef cattle (cold carcass weight)', 'Layer chicken', 'Pig', 'Meat, beef cattle (cold dressed carcass weight)', 'Dairy cattle', 'Milk', 'Cream', 'Beef cattle, calf (male, weaned)', 'Beef cattle, cow', 'Whey, liquid', 'Wastewater (kg mass)', 'Milk, cow, raw (FPCM)', 'Meat, chicken, wings', 'Beef cattle, heifer and steer', 'Meat, dairy cattle (cold carcass weight)', 'Buttermilk', 'Pig, sow', 'Cattle, urine (kg mass)', 'Beef cattle, calf (female, weaned)', 'Yoghurt', 'Meat, beef cattle (liveweight)', 'Dairy cattle, heifer', 'Sheep, ram', 'Caciotta', 'Electricity, produced on', 'Fresh cheese', 'Electricity', 'Sheep, ewe', 'Dairy cattle, calf (male, unweaned)', 'Beef cattle, calf (weaned)', 'Meat, pig (cold dressed carcass weight)', 'Dairy cattle, calf (female, weaned)', 'Whey', 'Cattle', 'Dairy cattle, calf (weaned)', 'Dairy cattle, calf', 'Sheep', 'Meat, chicken, breast', 'Beef cattle, bull', 'Cream, cow, raw', 'Broiler chicken, hen', 'Broiler chicken, chick', 'Sheep, lamb (weaned)', 'Meat, dairy cattle (liveweight)', 'Layer chicken, pullet', 'Broiler chicken', 'Beef cattle', 'Cheese, cow', 'Eggs, hen, in shell', 'Cheese, sheep', 'Eggs', 'Layer chicken, hen', 'Sheep, lamb', 'Milk, cow, raw', 'Beef cattle, steer', 'Butter', 'Poultry by', 'Dairy cattle, cow', 'Pig, piglet', 'Meat, chicken, leg', 'Meat, chicken (cold carcass weight)', 'Whey, powder', 'Cheese', 'Soft', 'Eggs, hen, in shell (number)', 'Meat', 'Meat, chicken (liveweight)', 'Beef cattle, heifer', 'Ricotta', 'Ripened cheese']",70,microsoft/deberta-v3-large,product,recalculated,rag
6,agri-food processor producing Yoghurt in Southern Europe. Additional description: Processing and packaging cycle to transform milk into various dairy products.. Additional Context: The product of the assessment is yoghurt.,"[0, 0, 0, 0, 0, 0, 0, 0, 0, 0, 0, 0, 0, 0, 0, 0, 0, 0, 0, 1, 0, 0, 0, 0, 0, 0, 0, 0, 0, 0, 0, 0, 0, 0, 0, 0, 0, 0, 0, 0, 0, 0, 0, 0, 0, 0, 0, 0, 0, 0, 0, 0, 0, 0, 0, 0, 0, 0, 0, 0, 0, 0, 0, 0, 0, 0, 0, 0, 0, 0]","[0, 0, 0, 0, 0, 0, 0, 0, 0, 0, 0, 0, 0, 0, 0, 0, 0, 0, 0, 0, 0, 0, 0, 0, 0, 0, 0, 0, 0, 0, 0, 0, 0, 0, 0, 0, 0, 0, 0, 0, 0, 0, 0, 0, 0, 0, 0, 0, 0, 0, 0, 0, 0, 0, 0, 0, 0, 0, 0, 0, 0, 0, 0, 0, 0, 0, 0, 0, 0, 0]","['Meat, beef cattle (cold carcass weight)', 'Layer chicken', 'Pig', 'Meat, beef cattle (cold dressed carcass weight)', 'Dairy cattle', 'Milk', 'Cream', 'Beef cattle, calf (male, weaned)', 'Beef cattle, cow', 'Whey, liquid', 'Wastewater (kg mass)', 'Milk, cow, raw (FPCM)', 'Meat, chicken, wings', 'Beef cattle, heifer and steer', 'Meat, dairy cattle (cold carcass weight)', 'Buttermilk', 'Pig, sow', 'Cattle, urine (kg mass)', 'Beef cattle, calf (female, weaned)', 'Yoghurt', 'Meat, beef cattle (liveweight)', 'Dairy cattle, heifer', 'Sheep, ram', 'Caciotta', 'Electricity, produced on', 'Fresh cheese', 'Electricity', 'Sheep, ewe', 'Dairy cattle, calf (male, unweaned)', 'Beef cattle, calf (weaned)', 'Meat, pig (cold dressed carcass weight)', 'Dairy cattle, calf (female, weaned)', 'Whey', 'Cattle', 'Dairy cattle, calf (weaned)', 'Dairy cattle, calf', 'Sheep', 'Meat, chicken, breast', 'Beef cattle, bull', 'Cream, cow, raw', 'Broiler chicken, hen', 'Broiler chicken, chick', 'Sheep, lamb (weaned)', 'Meat, dairy cattle (liveweight)', 'Layer chicken, pullet', 'Broiler chicken', 'Beef cattle', 'Cheese, cow', 'Eggs, hen, in shell', 'Cheese, sheep', 'Eggs', 'Layer chicken, hen', 'Sheep, lamb', 'Milk, cow, raw', 'Beef cattle, steer', 'Butter', 'Poultry by', 'Dairy cattle, cow', 'Pig, piglet', 'Meat, chicken, leg', 'Meat, chicken (cold carcass weight)', 'Whey, powder', 'Cheese', 'Soft', 'Eggs, hen, in shell (number)', 'Meat', 'Meat, chicken (liveweight)', 'Beef cattle, heifer', 'Ricotta', 'Ripened cheese']",6,microsoft/deberta-v3-small,product,recalculated,rag
53,"animal housing producing Electricity, produced on in site, solar PV. Additional description: Kipster-Laying hens scenario 1. Additional Context: The object of the assessment is the production of electricity from on-site solar PV and animal housing producing electricity, specifically Kipster-Laying hens scenario 1.","[0, 0, 0, 0, 0, 0, 0, 0, 0, 0, 0, 0, 0, 0, 0, 0, 0, 0, 0, 0, 0, 0, 0, 0, 1, 0, 1, 0, 0, 0, 0, 0, 0, 0, 0, 0, 0, 0, 0, 0, 0, 0, 0, 0, 0, 0, 0, 0, 0, 0, 0, 0, 0, 0, 0, 0, 0, 0, 0, 0, 0, 0, 0, 0, 0, 0, 0, 0, 0, 0]","[0, 0, 0, 0, 0, 1, 0, 0, 0, 0, 0, 0, 0, 0, 0, 0, 0, 0, 0, 0, 0, 0, 0, 0, 0, 0, 0, 0, 0, 0, 0, 0, 0, 0, 0, 0, 0, 0, 0, 0, 0, 0, 0, 0, 0, 0, 0, 0, 0, 0, 0, 0, 0, 0, 0, 0, 0, 0, 0, 0, 0, 0, 0, 0, 0, 0, 0, 0, 0, 0]","['Meat, beef cattle (cold carcass weight)', 'Layer chicken', 'Pig', 'Meat, beef cattle (cold dressed carcass weight)', 'Dairy cattle', 'Milk', 'Cream', 'Beef cattle, calf (male, weaned)', 'Beef cattle, cow', 'Whey, liquid', 'Wastewater (kg mass)', 'Milk, cow, raw (FPCM)', 'Meat, chicken, wings', 'Beef cattle, heifer and steer', 'Meat, dairy cattle (cold carcass weight)', 'Buttermilk', 'Pig, sow', 'Cattle, urine (kg mass)', 'Beef cattle, calf (female, weaned)', 'Yoghurt', 'Meat, beef cattle (liveweight)', 'Dairy cattle, heifer', 'Sheep, ram', 'Caciotta', 'Electricity, produced on', 'Fresh cheese', 'Electricity', 'Sheep, ewe', 'Dairy cattle, calf (male, unweaned)', 'Beef cattle, calf (weaned)', 'Meat, pig (cold dressed carcass weight)', 'Dairy cattle, calf (female, weaned)', 'Whey', 'Cattle', 'Dairy cattle, calf (weaned)', 'Dairy cattle, calf', 'Sheep', 'Meat, chicken, breast', 'Beef cattle, bull', 'Cream, cow, raw', 'Broiler chicken, hen', 'Broiler chicken, chick', 'Sheep, lamb (weaned)', 'Meat, dairy cattle (liveweight)', 'Layer chicken, pullet', 'Broiler chicken', 'Beef cattle', 'Cheese, cow', 'Eggs, hen, in shell', 'Cheese, sheep', 'Eggs', 'Layer chicken, hen', 'Sheep, lamb', 'Milk, cow, raw', 'Beef cattle, steer', 'Butter', 'Poultry by', 'Dairy cattle, cow', 'Pig, piglet', 'Meat, chicken, leg', 'Meat, chicken (cold carcass weight)', 'Whey, powder', 'Cheese', 'Soft', 'Eggs, hen, in shell (number)', 'Meat', 'Meat, chicken (liveweight)', 'Beef cattle, heifer', 'Ricotta', 'Ripened cheese']",53,microsoft/deberta-v3-small,product,recalculated,rag
70,"animal housing producing Electricity, produced on in site, solar PV. Additional description: Kipster-Laying hens scenario 3. Additional Context: The product of the assessment is eggs.","[0, 0, 0, 0, 0, 0, 0, 0, 0, 0, 0, 0, 0, 0, 0, 0, 0, 0, 0, 0, 0, 0, 0, 0, 1, 0, 1, 0, 0, 0, 0, 0, 0, 0, 0, 0, 0, 0, 0, 0, 0, 0, 0, 0, 0, 0, 0, 0, 0, 0, 0, 0, 0, 0, 0, 0, 0, 0, 0, 0, 0, 0, 0, 0, 0, 0, 0, 0, 0, 0]","[0, 0, 0, 0, 0, 1, 0, 0, 0, 0, 0, 0, 0, 0, 0, 0, 0, 0, 0, 0, 0, 0, 0, 0, 0, 0, 0, 0, 0, 0, 0, 0, 0, 0, 0, 0, 0, 0, 0, 0, 0, 0, 0, 0, 0, 0, 0, 0, 0, 0, 0, 0, 0, 0, 0, 0, 0, 0, 0, 0, 0, 0, 0, 0, 0, 0, 0, 0, 0, 0]","['Meat, beef cattle (cold carcass weight)', 'Layer chicken', 'Pig', 'Meat, beef cattle (cold dressed carcass weight)', 'Dairy cattle', 'Milk', 'Cream', 'Beef cattle, calf (male, weaned)', 'Beef cattle, cow', 'Whey, liquid', 'Wastewater (kg mass)', 'Milk, cow, raw (FPCM)', 'Meat, chicken, wings', 'Beef cattle, heifer and steer', 'Meat, dairy cattle (cold carcass weight)', 'Buttermilk', 'Pig, sow', 'Cattle, urine (kg mass)', 'Beef cattle, calf (female, weaned)', 'Yoghurt', 'Meat, beef cattle (liveweight)', 'Dairy cattle, heifer', 'Sheep, ram', 'Caciotta', 'Electricity, produced on', 'Fresh cheese', 'Electricity', 'Sheep, ewe', 'Dairy cattle, calf (male, unweaned)', 'Beef cattle, calf (weaned)', 'Meat, pig (cold dressed carcass weight)', 'Dairy cattle, calf (female, weaned)', 'Whey', 'Cattle', 'Dairy cattle, calf (weaned)', 'Dairy cattle, calf', 'Sheep', 'Meat, chicken, breast', 'Beef cattle, bull', 'Cream, cow, raw', 'Broiler chicken, hen', 'Broiler chicken, chick', 'Sheep, lamb (weaned)', 'Meat, dairy cattle (liveweight)', 'Layer chicken, pullet', 'Broiler chicken', 'Beef cattle', 'Cheese, cow', 'Eggs, hen, in shell', 'Cheese, sheep', 'Eggs', 'Layer chicken, hen', 'Sheep, lamb', 'Milk, cow, raw', 'Beef cattle, steer', 'Butter', 'Poultry by', 'Dairy cattle, cow', 'Pig, piglet', 'Meat, chicken, leg', 'Meat, chicken (cold carcass weight)', 'Whey, powder', 'Cheese', 'Soft', 'Eggs, hen, in shell (number)', 'Meat', 'Meat, chicken (liveweight)', 'Beef cattle, heifer', 'Ricotta', 'Ripened cheese']",70,microsoft/deberta-v3-small,product,recalculated,rag
3,"permanent pasture producing Beef cattle, calf (female, weaned) in United Kingdom. Additional description: Generic grass pasture for sheep and cattle.. What is in the system boundary? Additional Context: The system boundary of the production system includes:

- Livestock (cattle, bulls, heifers, calves, and dry cows)
- Local feeds (alfalfa and maize)
- Fertilizers
- Irrigation
- Pesticides
- Machinery (roads, irrigation infrastructure, buildings, and tools)
- Fuels (diesel and electricity)
- Water for livestock
- Manure management
- Pasture production
- Crop production
- Animal transport
- Calf production
- Fattening
- Breeding
- Feed production
- Manure
- Pasture recovery
- Grazing
- Supplements (mineral salts)
- Farm infrastructure (corral, administration building, workers' housing)
- Farm operations (fertilizer application, manure application, forage production)
- Farm management (farm decisions, including animal selection, feeding, and breeding)
- Farm endowments (prices, farm resources)
- Farm activities (cash crop and dairy production)
- Farm operations (livestock management, feed planning, and animal health)
- Farm infrastructure (access road, ponds, creek)
- Farm management practices (animal breeding, reproduction, and slaughter)
- Farm operations (animal transport, slaughter, and processing)
- Farm","[1, 0, 1, 1, 1, 0, 0, 0, 1, 0, 1, 1, 1, 0, 1, 1, 1, 0, 1]","[1, 0, 1, 1, 1, 0, 1, 0, 1, 0, 1, 1, 1, 0, 1, 1, 1, 0, 1]","['True_liveAnimalInput', 'True_cropResidue', 'True_seed', 'True_product', 'True_pesticideVeterinaryDrug', 'True_excreta', 'True_freshForage', 'True_transport', 'True_animalFeed', 'True_waste', 'True_ingredient', 'True_operation', 'True_soilAmendment', 'True_material', 'True_animalPopulation', 'True_otherChemical', 'True_electricityFuel', 'True_water', 'True_fertiliser']",3,climatebert/distilroberta-base-climate-f,systemBoundary,recalculated,rag
13,"permanent pasture producing Beef cattle, heifer in United Kingdom. Additional description: High sugar pasture for sheep and cattle.. What is in the system boundary? Additional Context: The system boundary of the beef production system includes:

* The whole dairy herd, including lactating and dry cows, heifers, calves, and bulls
* Non-lactating animals of the dairy herd (bulls for insemination and labor, female calves and heifers for replacement, and male calves and young bulls for sale)
* Production of local feeds, including fertilizers, irrigation, pesticides, and machinery
* Production of ancillary inputs such as fuels and electricity
* Drinking water for the cattle
* The equipment of the farms with roads, irrigation infrastructure, buildings, and tools (excluding small-scale infrastructure)
* The production of concentrates and by-products, such as molasses and manure
* The breeding and fattening of cattle
* The sale of calves, heifers, and young bulls
* The production of grass silage and pasture
* The grazing of cattle on permanent pasture
* The use of manure as fertilizer
* The production of electricity and diesel fuel for agricultural operations
* The transportation of cattle to and from the farm
* The sale of beef and other products.","[1, 0, 1, 1, 1, 0, 0, 0, 1, 0, 1, 1, 1, 0, 1, 1, 1, 0, 1]","[1, 0, 1, 1, 1, 0, 1, 0, 1, 0, 1, 1, 1, 0, 1, 1, 1, 0, 1]","['True_liveAnimalInput', 'True_cropResidue', 'True_seed', 'True_product', 'True_pesticideVeterinaryDrug', 'True_excreta', 'True_freshForage', 'True_transport', 'True_animalFeed', 'True_waste', 'True_ingredient', 'True_operation', 'True_soilAmendment', 'True_material', 'True_animalPopulation', 'True_otherChemical', 'True_electricityFuel', 'True_water', 'True_fertiliser']",13,climatebert/distilroberta-base-climate-f,systemBoundary,recalculated,rag
16,"permanent pasture producing Beef cattle, steer in Brazil. Additional description: Beef, degraded Brachiaria pasture (Scenario 1). What is in the system boundary? Additional Context: Here is a summary of the system boundary for the beef production system:

* Feedstuffs: home-grown grass (silage, grazed grass), home-grown cereals (e.g. spring barley, maize), imported soy meal and minerals
* Farm processes: feed production, fertilizer production, fertilizer application, manure management, electricity and diesel fuel use
* Off-farm processes: soybean production, mineral feed supplement production, fertilizer production, energy production for farm operations
* Farm land allocated to the herd: sufficient to utilize the manure produced by the animals efficiently
* Non-included processes: medicines, seeds, carbon sequestration and biogenic carbon emissions of locally produced feeds, equipment, tools, and infrastructure (roads, irrigation, buildings)","[0, 0, 1, 1, 0, 1, 1, 0, 1, 0, 1, 1, 1, 0, 1, 1, 1, 1, 1]","[0, 0, 1, 1, 0, 1, 1, 0, 1, 0, 1, 0, 1, 0, 1, 1, 1, 1, 1]","['True_liveAnimalInput', 'True_cropResidue', 'True_seed', 'True_product', 'True_pesticideVeterinaryDrug', 'True_excreta', 'True_freshForage', 'True_transport', 'True_animalFeed', 'True_waste', 'True_ingredient', 'True_operation', 'True_soilAmendment', 'True_material', 'True_animalPopulation', 'True_otherChemical', 'True_electricityFuel', 'True_water', 'True_fertiliser']",16,climatebert/distilroberta-base-climate-f,systemBoundary,recalculated,rag
38,"permanent pasture producing Dairy cattle, heifer in New Zealand. Additional description: Off-site replacement cow pasture grazing from weaned calf -> 90% of mature weight (2mo -> 22mo) (2017/18). What is in the system boundary? Additional Context: The system boundary of the production system includes:

- Dairy cattle
- Heifers
- Pasture (permanent pasture producing dairy cattle)
- Off-site replacement cow pasture grazing (from weaned calf to 90% of mature weight, 2 months to 22 months)
- Feed inputs:
  - Alfalfa
  - Grain premix
  - Other grass hays and silages
- Farm inputs:
  - Fertilizers
  - Lime
  - Manure spreading
  - Irrigation
  - Seeding of pastures
- Background processes:
  - Grazing
  - Silage production
  - Manure spreading
  - Diffuse emissions (N2O, CH4) from manure spread or deposited on pastures","[1, 1, 0, 1, 0, 0, 0, 0, 0, 0, 1, 0, 1, 0, 0, 1, 0, 0, 1]","[1, 1, 1, 1, 0, 0, 1, 0, 1, 0, 1, 0, 1, 0, 1, 1, 0, 0, 1]","['True_liveAnimalInput', 'True_cropResidue', 'True_seed', 'True_product', 'True_pesticideVeterinaryDrug', 'True_excreta', 'True_freshForage', 'True_transport', 'True_animalFeed', 'True_waste', 'True_ingredient', 'True_operation', 'True_soilAmendment', 'True_material', 'True_animalPopulation', 'True_otherChemical', 'True_electricityFuel', 'True_water', 'True_fertiliser']",38,climatebert/distilroberta-base-climate-f,systemBoundary,recalculated,rag
40,"permanent pasture producing Sheep, ewe in United Kingdom. Additional description: Generic grass pasture for sheep and cattle.. What is in the system boundary? Additional Context: The system boundary includes:

- On-farm production of sheep (including feed grown on the farm and imported to the farm)
- Production of a range of crops
- Stubble
- Interrelationships between the sheep and cropping activities
- Transport between processes (where explicitly shown)
- Farm services
- Off-farm inputs (e.g. fertiliser, pesticides, machinery)
- Infrastructure (excluding construction and establishment)
- Farm boundary","[1, 0, 1, 1, 1, 0, 0, 0, 1, 0, 1, 1, 1, 0, 1, 1, 1, 0, 1]","[1, 0, 1, 1, 1, 0, 1, 0, 1, 0, 1, 1, 1, 0, 1, 1, 1, 0, 1]","['True_liveAnimalInput', 'True_cropResidue', 'True_seed', 'True_product', 'True_pesticideVeterinaryDrug', 'True_excreta', 'True_freshForage', 'True_transport', 'True_animalFeed', 'True_waste', 'True_ingredient', 'True_operation', 'True_soilAmendment', 'True_material', 'True_animalPopulation', 'True_otherChemical', 'True_electricityFuel', 'True_water', 'True_fertiliser']",40,climatebert/distilroberta-base-climate-f,systemBoundary,recalculated,rag
44,"permanent pasture producing Beef cattle, calf (male, weaned) in United Kingdom. Additional description: High sugar pasture for sheep and cattle.. What is in the system boundary? Additional Context: The system boundary includes:

* The production of beef cattle
* The production of calf (male, weaned)
* High sugar pasture for sheep and cattle
* The production of feed (not specified)
* The production of fertilizers
* The production of pesticides
* The production of electricity and diesel fuel
* The production of medicines and insecticides
* The production of machinery and buildings
* The production of roads
* The transportation of feed, fertilizers, and other inputs
* The grazing and management of cattle
* The production of manure
* The production of grass silage
* The production of concentrates
* The slaughter of cattle
* The processing of beef
* The transportation of beef to market

Note that the system boundary does not include:

* The production of milk (as it is a separate system)
* The production of dairy products (as it is a separate system)
* The production of other crops (such as wheat, barley, etc.)
* The production of other livestock (such as sheep, pigs, etc.)
* The production of other agricultural products (such as fruits, vegetables, etc.)
* The production of biofuels
* The production of biogenic carbon emissions
* The production of carbon sequestration","[1, 0, 1, 1, 1, 0, 0, 0, 1, 0, 1, 1, 1, 0, 1, 1, 1, 0, 1]","[1, 0, 1, 1, 1, 0, 1, 0, 1, 0, 1, 1, 1, 0, 1, 1, 1, 0, 1]","['True_liveAnimalInput', 'True_cropResidue', 'True_seed', 'True_product', 'True_pesticideVeterinaryDrug', 'True_excreta', 'True_freshForage', 'True_transport', 'True_animalFeed', 'True_waste', 'True_ingredient', 'True_operation', 'True_soilAmendment', 'True_material', 'True_animalPopulation', 'True_otherChemical', 'True_electricityFuel', 'True_water', 'True_fertiliser']",44,climatebert/distilroberta-base-climate-f,systemBoundary,recalculated,rag
46,"permanent pasture producing Beef cattle, steer in United Kingdom. Additional description: Generic grass pasture for sheep and cattle.. What is in the system boundary? Additional Context: Here is a summary of the system boundary for the beef production system:

* The system boundary includes:
	+ Farm operations (e.g. breeding, feeding, manure management)
	+ Feed production (e.g. grass, cereals, soy meal)
	+ Land use (e.g. pasture, grazing)
	+ Livestock production (e.g. cattle, sheep)
	+ Manure management
	+ Transportation of animals and feed
	+ Processing and slaughter of animals
	+ Energy and fuel use (e.g. diesel, electricity)
	+ Water use
	+ Fertilizer and pesticide use
	+ Crop production (e.g. grass, cereals)
	+ Farm infrastructure (e.g. buildings, roads)
	+ Off-farm processes (e.g. soybean production, mineral feed supplement production)

The system boundary does not include:

* Impacts from transport of bulls to the slaughterhouse
* Impacts from processing of the meat
* Carbon sequestration and biogenic carbon emissions of locally produced feeds
* Medicines and seeds
* Basic infrastructure (e.g. unpaved roads, unfortified irrigation channels)","[1, 0, 1, 1, 1, 0, 0, 0, 1, 0, 1, 1, 1, 0, 1, 1, 1, 0, 1]","[1, 0, 1, 1, 1, 0, 1, 0, 1, 0, 1, 1, 1, 0, 1, 1, 1, 0, 1]","['True_liveAnimalInput', 'True_cropResidue', 'True_seed', 'True_product', 'True_pesticideVeterinaryDrug', 'True_excreta', 'True_freshForage', 'True_transport', 'True_animalFeed', 'True_waste', 'True_ingredient', 'True_operation', 'True_soilAmendment', 'True_material', 'True_animalPopulation', 'True_otherChemical', 'True_electricityFuel', 'True_water', 'True_fertiliser']",46,climatebert/distilroberta-base-climate-f,systemBoundary,recalculated,rag
53,"animal housing producing Electricity, produced on in site, solar PV. Additional description: Kipster-Laying hens scenario 1. What is in the system boundary? Additional Context: The system boundary includes:

- Manure storage in the animal house
- Anaerobic digestion
- Storage and field application of digestate
- Produced electricity and heat from biogas
- Avoided production of fossil-based electricity, heat, and mineral fertilizer
- Production of substitutes for initial use of the co-substrates
- Transport between several life cycle stages
- Cultivation of silage maize (as a co-substrate) and the displaced barley
- Impacts related to production of capital goods","[1, 1, 1, 1, 0, 1, 1, 0, 1, 0, 1, 0, 1, 0, 1, 1, 1, 0, 1]","[1, 1, 1, 1, 0, 1, 1, 0, 1, 0, 1, 0, 1, 0, 1, 1, 1, 1, 1]","['True_liveAnimalInput', 'True_cropResidue', 'True_seed', 'True_product', 'True_pesticideVeterinaryDrug', 'True_excreta', 'True_freshForage', 'True_transport', 'True_animalFeed', 'True_waste', 'True_ingredient', 'True_operation', 'True_soilAmendment', 'True_material', 'True_animalPopulation', 'True_otherChemical', 'True_electricityFuel', 'True_water', 'True_fertiliser']",53,climatebert/distilroberta-base-climate-f,systemBoundary,recalculated,rag
58,"agri-food processor producing Whey, liquid in Spain. What is in the system boundary? Additional Context: The system boundary of the agri-food processor producing Whey, liquid in Spain includes:

* Production of feed on supplier farms
* Agricultural activities (e.g. cultivation, harvesting, manure management)
* Dairy farm (including milk production, pasteurization, homogenization, and packaging)
* Dairy factory (including cooling, storage, and packaging)
* Transport of animal feed and milk products
* WWTP (wastewater treatment plant)
* Emissions from manure and agricultural activities
* Energy and water usage
* Agricultural machinery and equipment
* Farm buildings and infrastructure
* Employee transport and corporate office operation

The following is excluded from the system boundary:

* Delivery of final products to wholesale and retailers
* Consumption phase of the different products
* Production of capital goods (e.g. equipment, machinery)
* Off-farm activities (e.g. transportation of raw materials, packaging, and distribution)","[1, 1, 1, 1, 1, 1, 1, 1, 1, 0, 0, 0, 1, 0, 1, 1, 1, 1, 1]","[1, 1, 1, 1, 1, 1, 1, 1, 1, 0, 1, 0, 1, 0, 1, 1, 1, 1, 1]","['True_liveAnimalInput', 'True_cropResidue', 'True_seed', 'True_product', 'True_pesticideVeterinaryDrug', 'True_excreta', 'True_freshForage', 'True_transport', 'True_animalFeed', 'True_waste', 'True_ingredient', 'True_operation', 'True_soilAmendment', 'True_material', 'True_animalPopulation', 'True_otherChemical', 'True_electricityFuel', 'True_water', 'True_fertiliser']",58,climatebert/distilroberta-base-climate-f,systemBoundary,recalculated,rag
59,"agri-food processor producing Ripened cheese in Italy. What is in the system boundary? Additional Context: The system boundary of the production system includes:

- Dairy farm
- Dairy factory
- Raw milk production
- Concentrated feed production
- Fodder production
- Milk treatment
- Coagulation and moulding
- Salting and curing
- Pressing
- Packaging
- Waste treatment
- Emissions to:
  - Soil
  - Water
  - Air","[1, 1, 1, 1, 1, 1, 1, 1, 1, 1, 1, 0, 1, 0, 1, 1, 1, 1, 1]","[1, 1, 1, 1, 1, 1, 1, 1, 1, 0, 0, 0, 1, 0, 1, 1, 1, 1, 1]","['True_liveAnimalInput', 'True_cropResidue', 'True_seed', 'True_product', 'True_pesticideVeterinaryDrug', 'True_excreta', 'True_freshForage', 'True_transport', 'True_animalFeed', 'True_waste', 'True_ingredient', 'True_operation', 'True_soilAmendment', 'True_material', 'True_animalPopulation', 'True_otherChemical', 'True_electricityFuel', 'True_water', 'True_fertiliser']",59,climatebert/distilroberta-base-climate-f,systemBoundary,recalculated,rag
68,"permanent pasture producing Meat, beef cattle (liveweight) in Colombia. What is in the system boundary? Additional Context: Here is a summary of the relevant life cycle assessment (LCA) information:

**System boundary**: The system boundary includes the production of beef cattle from birth to slaughter, from the farm to the point of transportation away from the farm gate.

**Components included**:

1. Feed production:
	* Grass silage
	* Cereals (e.g. spring barley, maize)
	* Soy meal
	* Minerals
2. Fertilizer production
3. Manure management
4. Electricity and diesel fuel use
5. Land use (pasture and grazing)

**Exclusions**:

1. Direct N2O emissions from cattle
2. CO2 from enteric fermentation
3. Emissions from production of medicines, insecticides, machines, buildings, and roads
4. Emissions from transportation of feed and other inputs outside the system boundary

**Allocation methods**:

1. Energy allocation method based on energy contents of meat and milk produced
2. Mass allocation method based on mass of meat and milk produced

**System types**:

1. Extensive (EXT) beef production system: small-scale, no fencing, cattle grazed in the same manner
2. Intensive (INT) beef production system: three subsystems:","[1, 1, 1, 1, 0, 0, 1, 0, 1, 0, 1, 0, 1, 0, 1, 1, 1, 0, 1]","[0, 1, 1, 1, 0, 0, 1, 0, 1, 0, 1, 0, 1, 0, 1, 1, 1, 0, 1]","['True_liveAnimalInput', 'True_cropResidue', 'True_seed', 'True_product', 'True_pesticideVeterinaryDrug', 'True_excreta', 'True_freshForage', 'True_transport', 'True_animalFeed', 'True_waste', 'True_ingredient', 'True_operation', 'True_soilAmendment', 'True_material', 'True_animalPopulation', 'True_otherChemical', 'True_electricityFuel', 'True_water', 'True_fertiliser']",68,climatebert/distilroberta-base-climate-f,systemBoundary,recalculated,rag
70,"animal housing producing Electricity, produced on in site, solar PV. Additional description: Kipster-Laying hens scenario 3. What is in the system boundary? Additional Context: The system boundary includes:

* Animal housing
* Manure storage in the animal house
* Anaerobic digestion
* Storage and field application of digestate
* Produced electricity and heat from biogas
* Avoided production of fossil-based electricity, heat, and mineral fertilizer
* Production of substitutes for initial use of the co-substrates
* Transport between several life cycle stages
* Cultivation of silage maize (as a co-substrate) and the displaced barley
* Impacts related to production of capital goods

Note that pig production, veterinary medicines, cleaning products, post-production transport, processing, distribution, consumption, and waste disposal are excluded from the system boundary.","[1, 1, 1, 1, 0, 1, 1, 0, 1, 0, 1, 0, 1, 0, 1, 1, 1, 0, 1]","[1, 1, 1, 1, 0, 1, 1, 0, 1, 0, 1, 0, 1, 0, 1, 1, 1, 1, 1]","['True_liveAnimalInput', 'True_cropResidue', 'True_seed', 'True_product', 'True_pesticideVeterinaryDrug', 'True_excreta', 'True_freshForage', 'True_transport', 'True_animalFeed', 'True_waste', 'True_ingredient', 'True_operation', 'True_soilAmendment', 'True_material', 'True_animalPopulation', 'True_otherChemical', 'True_electricityFuel', 'True_water', 'True_fertiliser']",70,climatebert/distilroberta-base-climate-f,systemBoundary,recalculated,rag
74,"permanent pasture producing Beef cattle, heifer in United Kingdom. Additional description: Generic grass pasture for sheep and cattle.. What is in the system boundary? Additional Context: The system boundary of the beef production system includes:

* The whole dairy herd, including lactating and dry cows, heifers, calves, and bulls
* Non-lactating animals of the dairy herd (bulls for insemination and labor, female calves and heifers for replacement, and male calves and young bulls for sale)
* Production of local feeds, including fertilizers, irrigation, pesticides, and machinery
* Production of ancillary inputs such as fuels and electricity
* Drinking water for the cattle
* The equipment of the farms with roads, irrigation infrastructure, buildings, and tools (excluding specialized tools)
* The production of medicines and seeds (excluding due to lack of unit processes in LCA databases)
* Carbon sequestration and biogenic carbon emissions of locally produced feeds (excluding due to vegetation cycles shorter than one year)
* The fattening and cow-calf subsystems (for intensive beef production)
* The breeding farm (for breeding and reproduction)
* The pasture production (for grazing and forage)
* The manure and feed production (for animal transport and feeding)
* The fattening farm (for fattening and finishing)
* The cow-calf subsystem (for backgrounding and raising)
* The animal transport (for transportation of cattle to and","[1, 0, 1, 1, 1, 0, 0, 0, 1, 0, 1, 1, 1, 0, 1, 1, 1, 0, 1]","[1, 0, 1, 1, 1, 0, 1, 0, 1, 0, 1, 1, 1, 0, 1, 1, 1, 0, 1]","['True_liveAnimalInput', 'True_cropResidue', 'True_seed', 'True_product', 'True_pesticideVeterinaryDrug', 'True_excreta', 'True_freshForage', 'True_transport', 'True_animalFeed', 'True_waste', 'True_ingredient', 'True_operation', 'True_soilAmendment', 'True_material', 'True_animalPopulation', 'True_otherChemical', 'True_electricityFuel', 'True_water', 'True_fertiliser']",74,climatebert/distilroberta-base-climate-f,systemBoundary,recalculated,rag
79,"animal housing producing Beef cattle, bull in Ireland. Additional description: 19AL treatment where Bulls are offered grass silage ad libitum plus 1.5kg dry matter DM per head daily over the Winter period, turned out to pasture for 100 days and finished indoors on a concentrate ad libitum diet for 100 days and slaughtered at 19 months of age (this is the Winter housing phase). What is in the system boundary? Additional Context: Here is a summary of the life cycle assessment (LCA) relevant information:

**System Boundaries:**

* The system boundaries include all stages from breeding to slaughter, excluding:
	+ Transport of bulls to the slaughterhouse
	+ Processing of the meat
* The system includes:
	+ Feed production (cultivation, seeding, fertilizing, pesticide application, liming and harvest)
	+ Breeding (recreational activity in the herd, care taking of cows, heifers and calves)
	+ Fattening
	+ Transport of animals between farms
	+ Manure handling (reused for fertilization)
	+ Machinery production and operation
	+ Energy, concentrates, fertilizer and pesticide production

**Input and Output:**

* Inputs:
	+ Bulls
	+ Grass silage
	+ Concentrate
	+ Fertilizers
	+ Pesticides
	+ Energy
	+ Machinery
* Outputs:
	+ Beef cattle
	+ Manure (reused for fertilization)
	+ Meat (excluded from system boundaries)","[1, 1, 0, 1, 0, 0, 0, 1, 0, 0, 1, 1, 0, 0, 1, 1, 1, 0, 0]","[1, 0, 0, 1, 0, 0, 0, 1, 0, 0, 1, 1, 0, 0, 1, 1, 1, 0, 0]","['True_liveAnimalInput', 'True_cropResidue', 'True_seed', 'True_product', 'True_pesticideVeterinaryDrug', 'True_excreta', 'True_freshForage', 'True_transport', 'True_animalFeed', 'True_waste', 'True_ingredient', 'True_operation', 'True_soilAmendment', 'True_material', 'True_animalPopulation', 'True_otherChemical', 'True_electricityFuel', 'True_water', 'True_fertiliser']",79,climatebert/distilroberta-base-climate-f,systemBoundary,recalculated,rag
82,"animal housing producing Pig in Germany. Additional description: Fattening-FARM. What is in the system boundary? Additional Context: The system boundary of this production system includes:

1. Feed production, both on-farm and off-farm
2. Manure management, including emissions due to manure storage and application
3. Manure in the sample farms
4. Emissions from enteric fermentation of all animal categories
5. Emissions from land use change (not included in this study)
6. Feed consumption and transportation to the farms
7. Recycling of products, such as manure exceeding on-farm feed production needs
8. Emissions from agricultural operations, including fertilizers, pesticides, and herbicides
9. Energy consumption and transportation activities
10. Slaughter and processing of animals
11. Distribution of pig feed from feed producers to the farm gate
12. Emissions from slurry management and application on agricultural lands
13. Emissions from electricity production and use
14. Emissions from water and soil pollution
15. Emissions from pharmaceutical and chemical management
16. Avoided mineral fertilizer production and application
17. Natural gas production and use
18. System boundaries do not include packaging, disposal, and incidental use of veterinary products.","[1, 1, 1, 1, 0, 1, 1, 0, 1, 0, 1, 0, 1, 0, 1, 1, 0, 0, 1]","[1, 1, 1, 1, 0, 0, 1, 0, 1, 0, 1, 0, 1, 0, 1, 1, 0, 0, 1]","['True_liveAnimalInput', 'True_cropResidue', 'True_seed', 'True_product', 'True_pesticideVeterinaryDrug', 'True_excreta', 'True_freshForage', 'True_transport', 'True_animalFeed', 'True_waste', 'True_ingredient', 'True_operation', 'True_soilAmendment', 'True_material', 'True_animalPopulation', 'True_otherChemical', 'True_electricityFuel', 'True_water', 'True_fertiliser']",82,climatebert/distilroberta-base-climate-f,systemBoundary,recalculated,rag
90,"agri-food processor producing Cheese, cow in Portugal. Additional description: Mature cheese production. What is in the system boundary? Additional Context: Here is a summary of the system boundary for the cheese production system:

* Dairy farm: 
  - Animal feed production (maize silage, ryegrass silage, straw, and concentrates)
  - Raw milk production
  - Cleaning agents (not considered due to lack of data)
* Dairy factory:
  - Milk treatment
  - Coagulation and moulding
  - Salting and curing
  - Pressing
  - Packaging
  - WWTP (wastewater treatment)
  - Storage
* Waste treatment:
  - Treatment of packaging materials and sludge from WWTP
  - Transport to waste management destination","[1, 1, 1, 1, 1, 1, 1, 0, 1, 1, 1, 0, 1, 0, 1, 1, 1, 1, 1]","[1, 1, 1, 1, 1, 1, 1, 0, 1, 0, 1, 0, 1, 0, 1, 1, 1, 1, 1]","['True_liveAnimalInput', 'True_cropResidue', 'True_seed', 'True_product', 'True_pesticideVeterinaryDrug', 'True_excreta', 'True_freshForage', 'True_transport', 'True_animalFeed', 'True_waste', 'True_ingredient', 'True_operation', 'True_soilAmendment', 'True_material', 'True_animalPopulation', 'True_otherChemical', 'True_electricityFuel', 'True_water', 'True_fertiliser']",90,climatebert/distilroberta-base-climate-f,systemBoundary,recalculated,rag
98," producing Broiler chicken in France. Additional description: France standard system (Fr-ST). What is in the system boundary? Additional Context: The system boundary of the Broiler chicken production system in France (Fr-ST) includes:

1. Crop production
2. Feed production
3. Slaughterhouse
4. Packaging process
5. Transport

The following processes are excluded from the system boundary:

1. Production of cleaning agents
2. Solid-stream processing (e.g. processing of feathers, heads, feet, and viscera)
3. Production of vaccines
4. Production of fungicides
5. Production of phosphate","[1, 1, 1, 1, 1, 0, 1, 0, 1, 0, 1, 0, 1, 0, 1, 1, 0, 0, 1]","[1, 1, 1, 1, 0, 0, 1, 0, 1, 0, 1, 0, 1, 0, 1, 1, 1, 0, 1]","['True_liveAnimalInput', 'True_cropResidue', 'True_seed', 'True_product', 'True_pesticideVeterinaryDrug', 'True_excreta', 'True_freshForage', 'True_transport', 'True_animalFeed', 'True_waste', 'True_ingredient', 'True_operation', 'True_soilAmendment', 'True_material', 'True_animalPopulation', 'True_otherChemical', 'True_electricityFuel', 'True_water', 'True_fertiliser']",98,climatebert/distilroberta-base-climate-f,systemBoundary,recalculated,rag
3,"permanent pasture producing Beef cattle, calf (female, weaned) in United Kingdom. Additional description: Generic grass pasture for sheep and cattle.. What is in the system boundary? Additional Context: The system boundary of the production system includes:

- Livestock (cattle, bulls, heifers, calves, and dry cows)
- Local feeds (alfalfa and maize)
- Fertilizers
- Irrigation
- Pesticides
- Machinery (roads, irrigation infrastructure, buildings, and tools)
- Fuels (diesel and electricity)
- Water for livestock
- Manure management
- Pasture production
- Crop production
- Animal transport
- Calf production
- Fattening
- Breeding
- Feed production
- Manure
- Pasture recovery
- Grazing
- Supplements (mineral salts)
- Farm infrastructure (corral, administration building, workers' housing)
- Farm operations (fertilizer application, manure application, forage production)
- Farm management (farm decisions, including animal selection, feeding, and breeding)
- Farm endowments (prices, farm resources)
- Farm activities (cash crop and dairy production)
- Farm operations (livestock management, feed planning, and animal health)
- Farm infrastructure (access road, ponds, creek)
- Farm management practices (animal breeding, reproduction, and slaughter)
- Farm operations (animal transport, slaughter, and processing)
- Farm","[1, 0, 1, 1, 1, 0, 0, 0, 1, 0, 1, 1, 1, 0, 1, 1, 1, 0, 1]","[1, 0, 1, 1, 1, 0, 1, 0, 1, 0, 1, 1, 1, 0, 1, 1, 1, 0, 1]","['True_liveAnimalInput', 'True_cropResidue', 'True_seed', 'True_product', 'True_pesticideVeterinaryDrug', 'True_excreta', 'True_freshForage', 'True_transport', 'True_animalFeed', 'True_waste', 'True_ingredient', 'True_operation', 'True_soilAmendment', 'True_material', 'True_animalPopulation', 'True_otherChemical', 'True_electricityFuel', 'True_water', 'True_fertiliser']",3,ESGBERT/EnvironmentalBERT-base,systemBoundary,recalculated,rag
13,"permanent pasture producing Beef cattle, heifer in United Kingdom. Additional description: High sugar pasture for sheep and cattle.. What is in the system boundary? Additional Context: The system boundary of the beef production system includes:

* The whole dairy herd, including lactating and dry cows, heifers, calves, and bulls
* Non-lactating animals of the dairy herd (bulls for insemination and labor, female calves and heifers for replacement, and male calves and young bulls for sale)
* Production of local feeds, including fertilizers, irrigation, pesticides, and machinery
* Production of ancillary inputs such as fuels and electricity
* Drinking water for the cattle
* The equipment of the farms with roads, irrigation infrastructure, buildings, and tools (excluding small-scale infrastructure)
* The production of concentrates and by-products, such as molasses and manure
* The breeding and fattening of cattle
* The sale of calves, heifers, and young bulls
* The production of grass silage and pasture
* The grazing of cattle on permanent pasture
* The use of manure as fertilizer
* The production of electricity and diesel fuel for agricultural operations
* The transportation of cattle to and from the farm
* The sale of beef and other products.","[1, 0, 1, 1, 1, 0, 0, 0, 1, 0, 1, 1, 1, 0, 1, 1, 1, 0, 1]","[1, 0, 1, 1, 1, 0, 1, 0, 1, 0, 1, 1, 1, 0, 1, 1, 1, 0, 1]","['True_liveAnimalInput', 'True_cropResidue', 'True_seed', 'True_product', 'True_pesticideVeterinaryDrug', 'True_excreta', 'True_freshForage', 'True_transport', 'True_animalFeed', 'True_waste', 'True_ingredient', 'True_operation', 'True_soilAmendment', 'True_material', 'True_animalPopulation', 'True_otherChemical', 'True_electricityFuel', 'True_water', 'True_fertiliser']",13,ESGBERT/EnvironmentalBERT-base,systemBoundary,recalculated,rag
34,"animal housing producing Eggs, hen, in shell (number) in Thailand. Additional description: CB1-Parent farm 4. What is in the system boundary? Additional Context: Here is a summary of the relevant life cycle assessment (LCA) information:

**System Boundaries:**

* The study focuses on the production of egg phospholipids in a cradle-to-gate perspective, starting from the raw material extraction of feed for hens.
* The system boundaries include:
	+ Breeder flock facilities
	+ Feed production
	+ Water and energy use
	+ Manure management
	+ Spent hen disposal
	+ Egg production
	+ Egg processing and packaging
* The system does not include downstream impacts, such as user perspective or downstream emissions.

**Input Materials and Energy:**

* Feed (e.g. hen feed, fertilizers, pesticides)
* Water
* Energy (e.g. electricity, diesel, fuel oil)
* Solvents
* Manure

**Output Materials and Energy:**

* Eggs
* Egg phospholipids
* Egg yolk powder
* Defatted egg
* Manure

**Excluded Processes:**

* Fertilizer production
* Pesticide production
* Transportation of feed and eggs
* Processing of feed and eggs (e.g. grinding, washing, packaging)

**System Boundaries for the Portuguese Pork Production System:**

* The system","[1, 1, 1, 1, 0, 1, 1, 0, 1, 1, 1, 0, 1, 0, 1, 1, 1, 1, 1]","[0, 1, 1, 1, 0, 1, 1, 0, 1, 1, 1, 0, 1, 0, 1, 1, 1, 1, 1]","['True_liveAnimalInput', 'True_cropResidue', 'True_seed', 'True_product', 'True_pesticideVeterinaryDrug', 'True_excreta', 'True_freshForage', 'True_transport', 'True_animalFeed', 'True_waste', 'True_ingredient', 'True_operation', 'True_soilAmendment', 'True_material', 'True_animalPopulation', 'True_otherChemical', 'True_electricityFuel', 'True_water', 'True_fertiliser']",34,ESGBERT/EnvironmentalBERT-base,systemBoundary,recalculated,rag
38,"permanent pasture producing Dairy cattle, heifer in New Zealand. Additional description: Off-site replacement cow pasture grazing from weaned calf -> 90% of mature weight (2mo -> 22mo) (2017/18). What is in the system boundary? Additional Context: The system boundary of the production system includes:

- Dairy cattle
- Heifers
- Pasture (permanent pasture producing dairy cattle)
- Off-site replacement cow pasture grazing (from weaned calf to 90% of mature weight, 2 months to 22 months)
- Feed inputs:
  - Alfalfa
  - Grain premix
  - Other grass hays and silages
- Farm inputs:
  - Fertilizers
  - Lime
  - Manure spreading
  - Irrigation
  - Seeding of pastures
- Background processes:
  - Grazing
  - Silage production
  - Manure spreading
  - Diffuse emissions (N2O, CH4) from manure spread or deposited on pastures","[1, 1, 0, 1, 0, 0, 0, 0, 0, 0, 1, 0, 1, 0, 0, 1, 0, 0, 1]","[1, 1, 0, 1, 0, 0, 1, 0, 1, 0, 1, 0, 1, 0, 1, 1, 0, 0, 1]","['True_liveAnimalInput', 'True_cropResidue', 'True_seed', 'True_product', 'True_pesticideVeterinaryDrug', 'True_excreta', 'True_freshForage', 'True_transport', 'True_animalFeed', 'True_waste', 'True_ingredient', 'True_operation', 'True_soilAmendment', 'True_material', 'True_animalPopulation', 'True_otherChemical', 'True_electricityFuel', 'True_water', 'True_fertiliser']",38,ESGBERT/EnvironmentalBERT-base,systemBoundary,recalculated,rag
40,"permanent pasture producing Sheep, ewe in United Kingdom. Additional description: Generic grass pasture for sheep and cattle.. What is in the system boundary? Additional Context: The system boundary includes:

- On-farm production of sheep (including feed grown on the farm and imported to the farm)
- Production of a range of crops
- Stubble
- Interrelationships between the sheep and cropping activities
- Transport between processes (where explicitly shown)
- Farm services
- Off-farm inputs (e.g. fertiliser, pesticides, machinery)
- Infrastructure (excluding construction and establishment)
- Farm boundary","[1, 0, 1, 1, 1, 0, 0, 0, 1, 0, 1, 1, 1, 0, 1, 1, 1, 0, 1]","[1, 0, 1, 1, 1, 0, 1, 0, 1, 0, 1, 1, 1, 0, 1, 1, 1, 0, 1]","['True_liveAnimalInput', 'True_cropResidue', 'True_seed', 'True_product', 'True_pesticideVeterinaryDrug', 'True_excreta', 'True_freshForage', 'True_transport', 'True_animalFeed', 'True_waste', 'True_ingredient', 'True_operation', 'True_soilAmendment', 'True_material', 'True_animalPopulation', 'True_otherChemical', 'True_electricityFuel', 'True_water', 'True_fertiliser']",40,ESGBERT/EnvironmentalBERT-base,systemBoundary,recalculated,rag
44,"permanent pasture producing Beef cattle, calf (male, weaned) in United Kingdom. Additional description: High sugar pasture for sheep and cattle.. What is in the system boundary? Additional Context: The system boundary includes:

* The production of beef cattle
* The production of calf (male, weaned)
* High sugar pasture for sheep and cattle
* The production of feed (not specified)
* The production of fertilizers
* The production of pesticides
* The production of electricity and diesel fuel
* The production of medicines and insecticides
* The production of machinery and buildings
* The production of roads
* The transportation of feed, fertilizers, and other inputs
* The grazing and management of cattle
* The production of manure
* The production of grass silage
* The production of concentrates
* The slaughter of cattle
* The processing of beef
* The transportation of beef to market

Note that the system boundary does not include:

* The production of milk (as it is a separate system)
* The production of dairy products (as it is a separate system)
* The production of other crops (such as wheat, barley, etc.)
* The production of other livestock (such as sheep, pigs, etc.)
* The production of other agricultural products (such as fruits, vegetables, etc.)
* The production of biofuels
* The production of biogenic carbon emissions
* The production of carbon sequestration","[1, 0, 1, 1, 1, 0, 0, 0, 1, 0, 1, 1, 1, 0, 1, 1, 1, 0, 1]","[1, 0, 1, 1, 1, 0, 1, 0, 1, 0, 1, 1, 1, 0, 1, 1, 1, 0, 1]","['True_liveAnimalInput', 'True_cropResidue', 'True_seed', 'True_product', 'True_pesticideVeterinaryDrug', 'True_excreta', 'True_freshForage', 'True_transport', 'True_animalFeed', 'True_waste', 'True_ingredient', 'True_operation', 'True_soilAmendment', 'True_material', 'True_animalPopulation', 'True_otherChemical', 'True_electricityFuel', 'True_water', 'True_fertiliser']",44,ESGBERT/EnvironmentalBERT-base,systemBoundary,recalculated,rag
46,"permanent pasture producing Beef cattle, steer in United Kingdom. Additional description: Generic grass pasture for sheep and cattle.. What is in the system boundary? Additional Context: Here is a summary of the system boundary for the beef production system:

* The system boundary includes:
	+ Farm operations (e.g. breeding, feeding, manure management)
	+ Feed production (e.g. grass, cereals, soy meal)
	+ Land use (e.g. pasture, grazing)
	+ Livestock production (e.g. cattle, sheep)
	+ Manure management
	+ Transportation of animals and feed
	+ Processing and slaughter of animals
	+ Energy and fuel use (e.g. diesel, electricity)
	+ Water use
	+ Fertilizer and pesticide use
	+ Crop production (e.g. grass, cereals)
	+ Farm infrastructure (e.g. buildings, roads)
	+ Off-farm processes (e.g. soybean production, mineral feed supplement production)

The system boundary does not include:

* Impacts from transport of bulls to the slaughterhouse
* Impacts from processing of the meat
* Carbon sequestration and biogenic carbon emissions of locally produced feeds
* Medicines and seeds
* Basic infrastructure (e.g. unpaved roads, unfortified irrigation channels)","[1, 0, 1, 1, 1, 0, 0, 0, 1, 0, 1, 1, 1, 0, 1, 1, 1, 0, 1]","[1, 0, 1, 1, 1, 0, 1, 0, 1, 0, 1, 1, 1, 0, 1, 1, 1, 0, 1]","['True_liveAnimalInput', 'True_cropResidue', 'True_seed', 'True_product', 'True_pesticideVeterinaryDrug', 'True_excreta', 'True_freshForage', 'True_transport', 'True_animalFeed', 'True_waste', 'True_ingredient', 'True_operation', 'True_soilAmendment', 'True_material', 'True_animalPopulation', 'True_otherChemical', 'True_electricityFuel', 'True_water', 'True_fertiliser']",46,ESGBERT/EnvironmentalBERT-base,systemBoundary,recalculated,rag
53,"animal housing producing Electricity, produced on in site, solar PV. Additional description: Kipster-Laying hens scenario 1. What is in the system boundary? Additional Context: The system boundary includes:

- Manure storage in the animal house
- Anaerobic digestion
- Storage and field application of digestate
- Produced electricity and heat from biogas
- Avoided production of fossil-based electricity, heat, and mineral fertilizer
- Production of substitutes for initial use of the co-substrates
- Transport between several life cycle stages
- Cultivation of silage maize (as a co-substrate) and the displaced barley
- Impacts related to production of capital goods","[1, 1, 1, 1, 0, 1, 1, 0, 1, 0, 1, 0, 1, 0, 1, 1, 1, 0, 1]","[1, 1, 1, 1, 0, 1, 1, 0, 1, 0, 1, 0, 1, 0, 1, 1, 0, 0, 1]","['True_liveAnimalInput', 'True_cropResidue', 'True_seed', 'True_product', 'True_pesticideVeterinaryDrug', 'True_excreta', 'True_freshForage', 'True_transport', 'True_animalFeed', 'True_waste', 'True_ingredient', 'True_operation', 'True_soilAmendment', 'True_material', 'True_animalPopulation', 'True_otherChemical', 'True_electricityFuel', 'True_water', 'True_fertiliser']",53,ESGBERT/EnvironmentalBERT-base,systemBoundary,recalculated,rag
58,"agri-food processor producing Whey, liquid in Spain. What is in the system boundary? Additional Context: The system boundary of the agri-food processor producing Whey, liquid in Spain includes:

* Production of feed on supplier farms
* Agricultural activities (e.g. cultivation, harvesting, manure management)
* Dairy farm (including milk production, pasteurization, homogenization, and packaging)
* Dairy factory (including cooling, storage, and packaging)
* Transport of animal feed and milk products
* WWTP (wastewater treatment plant)
* Emissions from manure and agricultural activities
* Energy and water usage
* Agricultural machinery and equipment
* Farm buildings and infrastructure
* Employee transport and corporate office operation

The following is excluded from the system boundary:

* Delivery of final products to wholesale and retailers
* Consumption phase of the different products
* Production of capital goods (e.g. equipment, machinery)
* Off-farm activities (e.g. transportation of raw materials, packaging, and distribution)","[1, 1, 1, 1, 1, 1, 1, 1, 1, 0, 0, 0, 1, 0, 1, 1, 1, 1, 1]","[1, 1, 1, 1, 1, 1, 1, 1, 1, 0, 1, 0, 1, 0, 1, 1, 1, 1, 1]","['True_liveAnimalInput', 'True_cropResidue', 'True_seed', 'True_product', 'True_pesticideVeterinaryDrug', 'True_excreta', 'True_freshForage', 'True_transport', 'True_animalFeed', 'True_waste', 'True_ingredient', 'True_operation', 'True_soilAmendment', 'True_material', 'True_animalPopulation', 'True_otherChemical', 'True_electricityFuel', 'True_water', 'True_fertiliser']",58,ESGBERT/EnvironmentalBERT-base,systemBoundary,recalculated,rag
59,"agri-food processor producing Ripened cheese in Italy. What is in the system boundary? Additional Context: The system boundary of the production system includes:

- Dairy farm
- Dairy factory
- Raw milk production
- Concentrated feed production
- Fodder production
- Milk treatment
- Coagulation and moulding
- Salting and curing
- Pressing
- Packaging
- Waste treatment
- Emissions to:
  - Soil
  - Water
  - Air","[1, 1, 1, 1, 1, 1, 1, 1, 1, 1, 1, 0, 1, 0, 1, 1, 1, 1, 1]","[1, 1, 1, 1, 1, 1, 1, 1, 1, 0, 1, 0, 1, 0, 1, 1, 1, 1, 1]","['True_liveAnimalInput', 'True_cropResidue', 'True_seed', 'True_product', 'True_pesticideVeterinaryDrug', 'True_excreta', 'True_freshForage', 'True_transport', 'True_animalFeed', 'True_waste', 'True_ingredient', 'True_operation', 'True_soilAmendment', 'True_material', 'True_animalPopulation', 'True_otherChemical', 'True_electricityFuel', 'True_water', 'True_fertiliser']",59,ESGBERT/EnvironmentalBERT-base,systemBoundary,recalculated,rag
68,"permanent pasture producing Meat, beef cattle (liveweight) in Colombia. What is in the system boundary? Additional Context: Here is a summary of the relevant life cycle assessment (LCA) information:

**System boundary**: The system boundary includes the production of beef cattle from birth to slaughter, from the farm to the point of transportation away from the farm gate.

**Components included**:

1. Feed production:
	* Grass silage
	* Cereals (e.g. spring barley, maize)
	* Soy meal
	* Minerals
2. Fertilizer production
3. Manure management
4. Electricity and diesel fuel use
5. Land use (pasture and grazing)

**Exclusions**:

1. Direct N2O emissions from cattle
2. CO2 from enteric fermentation
3. Emissions from production of medicines, insecticides, machines, buildings, and roads
4. Emissions from transportation of feed and other inputs outside the system boundary

**Allocation methods**:

1. Energy allocation method based on energy contents of meat and milk produced
2. Mass allocation method based on mass of meat and milk produced

**System types**:

1. Extensive (EXT) beef production system: small-scale, no fencing, cattle grazed in the same manner
2. Intensive (INT) beef production system: three subsystems:","[1, 1, 1, 1, 0, 0, 1, 0, 1, 0, 1, 0, 1, 0, 1, 1, 1, 0, 1]","[0, 1, 1, 1, 0, 0, 1, 0, 1, 0, 1, 0, 1, 0, 1, 1, 1, 0, 1]","['True_liveAnimalInput', 'True_cropResidue', 'True_seed', 'True_product', 'True_pesticideVeterinaryDrug', 'True_excreta', 'True_freshForage', 'True_transport', 'True_animalFeed', 'True_waste', 'True_ingredient', 'True_operation', 'True_soilAmendment', 'True_material', 'True_animalPopulation', 'True_otherChemical', 'True_electricityFuel', 'True_water', 'True_fertiliser']",68,ESGBERT/EnvironmentalBERT-base,systemBoundary,recalculated,rag
70,"animal housing producing Electricity, produced on in site, solar PV. Additional description: Kipster-Laying hens scenario 3. What is in the system boundary? Additional Context: The system boundary includes:

* Animal housing
* Manure storage in the animal house
* Anaerobic digestion
* Storage and field application of digestate
* Produced electricity and heat from biogas
* Avoided production of fossil-based electricity, heat, and mineral fertilizer
* Production of substitutes for initial use of the co-substrates
* Transport between several life cycle stages
* Cultivation of silage maize (as a co-substrate) and the displaced barley
* Impacts related to production of capital goods

Note that pig production, veterinary medicines, cleaning products, post-production transport, processing, distribution, consumption, and waste disposal are excluded from the system boundary.","[1, 1, 1, 1, 0, 1, 1, 0, 1, 0, 1, 0, 1, 0, 1, 1, 1, 0, 1]","[1, 1, 1, 1, 0, 1, 1, 0, 1, 0, 1, 0, 1, 0, 1, 1, 0, 0, 1]","['True_liveAnimalInput', 'True_cropResidue', 'True_seed', 'True_product', 'True_pesticideVeterinaryDrug', 'True_excreta', 'True_freshForage', 'True_transport', 'True_animalFeed', 'True_waste', 'True_ingredient', 'True_operation', 'True_soilAmendment', 'True_material', 'True_animalPopulation', 'True_otherChemical', 'True_electricityFuel', 'True_water', 'True_fertiliser']",70,ESGBERT/EnvironmentalBERT-base,systemBoundary,recalculated,rag
74,"permanent pasture producing Beef cattle, heifer in United Kingdom. Additional description: Generic grass pasture for sheep and cattle.. What is in the system boundary? Additional Context: The system boundary of the beef production system includes:

* The whole dairy herd, including lactating and dry cows, heifers, calves, and bulls
* Non-lactating animals of the dairy herd (bulls for insemination and labor, female calves and heifers for replacement, and male calves and young bulls for sale)
* Production of local feeds, including fertilizers, irrigation, pesticides, and machinery
* Production of ancillary inputs such as fuels and electricity
* Drinking water for the cattle
* The equipment of the farms with roads, irrigation infrastructure, buildings, and tools (excluding specialized tools)
* The production of medicines and seeds (excluding due to lack of unit processes in LCA databases)
* Carbon sequestration and biogenic carbon emissions of locally produced feeds (excluding due to vegetation cycles shorter than one year)
* The fattening and cow-calf subsystems (for intensive beef production)
* The breeding farm (for breeding and reproduction)
* The pasture production (for grazing and forage)
* The manure and feed production (for animal transport and feeding)
* The fattening farm (for fattening and finishing)
* The cow-calf subsystem (for backgrounding and raising)
* The animal transport (for transportation of cattle to and","[1, 0, 1, 1, 1, 0, 0, 0, 1, 0, 1, 1, 1, 0, 1, 1, 1, 0, 1]","[1, 0, 1, 1, 1, 0, 1, 0, 1, 0, 1, 1, 1, 0, 1, 1, 1, 0, 1]","['True_liveAnimalInput', 'True_cropResidue', 'True_seed', 'True_product', 'True_pesticideVeterinaryDrug', 'True_excreta', 'True_freshForage', 'True_transport', 'True_animalFeed', 'True_waste', 'True_ingredient', 'True_operation', 'True_soilAmendment', 'True_material', 'True_animalPopulation', 'True_otherChemical', 'True_electricityFuel', 'True_water', 'True_fertiliser']",74,ESGBERT/EnvironmentalBERT-base,systemBoundary,recalculated,rag
82,"animal housing producing Pig in Germany. Additional description: Fattening-FARM. What is in the system boundary? Additional Context: The system boundary of this production system includes:

1. Feed production, both on-farm and off-farm
2. Manure management, including emissions due to manure storage and application
3. Manure in the sample farms
4. Emissions from enteric fermentation of all animal categories
5. Emissions from land use change (not included in this study)
6. Feed consumption and transportation to the farms
7. Recycling of products, such as manure exceeding on-farm feed production needs
8. Emissions from agricultural operations, including fertilizers, pesticides, and herbicides
9. Energy consumption and transportation activities
10. Slaughter and processing of animals
11. Distribution of pig feed from feed producers to the farm gate
12. Emissions from slurry management and application on agricultural lands
13. Emissions from electricity production and use
14. Emissions from water and soil pollution
15. Emissions from pharmaceutical and chemical management
16. Avoided mineral fertilizer production and application
17. Natural gas production and use
18. System boundaries do not include packaging, disposal, and incidental use of veterinary products.","[1, 1, 1, 1, 0, 1, 1, 0, 1, 0, 1, 0, 1, 0, 1, 1, 0, 0, 1]","[1, 1, 1, 1, 0, 0, 1, 0, 1, 0, 1, 0, 1, 0, 1, 1, 0, 0, 1]","['True_liveAnimalInput', 'True_cropResidue', 'True_seed', 'True_product', 'True_pesticideVeterinaryDrug', 'True_excreta', 'True_freshForage', 'True_transport', 'True_animalFeed', 'True_waste', 'True_ingredient', 'True_operation', 'True_soilAmendment', 'True_material', 'True_animalPopulation', 'True_otherChemical', 'True_electricityFuel', 'True_water', 'True_fertiliser']",82,ESGBERT/EnvironmentalBERT-base,systemBoundary,recalculated,rag
3,"permanent pasture producing Beef cattle, calf (female, weaned) in United Kingdom. Additional description: Generic grass pasture for sheep and cattle.. What is in the system boundary? Additional Context: The system boundary of the production system includes:

- Livestock (cattle, bulls, heifers, calves, and dry cows)
- Local feeds (alfalfa and maize)
- Fertilizers
- Irrigation
- Pesticides
- Machinery (roads, irrigation infrastructure, buildings, and tools)
- Fuels (diesel and electricity)
- Water for livestock
- Manure management
- Pasture production
- Crop production
- Animal transport
- Calf production
- Fattening
- Breeding
- Feed production
- Manure
- Pasture recovery
- Grazing
- Supplements (mineral salts)
- Farm infrastructure (corral, administration building, workers' housing)
- Farm operations (fertilizer application, manure application, forage production)
- Farm management (farm decisions, including animal selection, feeding, and breeding)
- Farm endowments (prices, farm resources)
- Farm activities (cash crop and dairy production)
- Farm operations (livestock management, feed planning, and animal health)
- Farm infrastructure (access road, ponds, creek)
- Farm management practices (animal breeding, reproduction, and slaughter)
- Farm operations (animal transport, slaughter, and processing)
- Farm","[1, 0, 1, 1, 1, 0, 0, 0, 1, 0, 1, 1, 1, 0, 1, 1, 1, 0, 1]","[1, 0, 1, 1, 1, 0, 1, 0, 1, 0, 1, 1, 1, 0, 1, 1, 1, 0, 1]","['True_liveAnimalInput', 'True_cropResidue', 'True_seed', 'True_product', 'True_pesticideVeterinaryDrug', 'True_excreta', 'True_freshForage', 'True_transport', 'True_animalFeed', 'True_waste', 'True_ingredient', 'True_operation', 'True_soilAmendment', 'True_material', 'True_animalPopulation', 'True_otherChemical', 'True_electricityFuel', 'True_water', 'True_fertiliser']",3,FacebookAI/roberta-large,systemBoundary,recalculated,rag
13,"permanent pasture producing Beef cattle, heifer in United Kingdom. Additional description: High sugar pasture for sheep and cattle.. What is in the system boundary? Additional Context: The system boundary of the beef production system includes:

* The whole dairy herd, including lactating and dry cows, heifers, calves, and bulls
* Non-lactating animals of the dairy herd (bulls for insemination and labor, female calves and heifers for replacement, and male calves and young bulls for sale)
* Production of local feeds, including fertilizers, irrigation, pesticides, and machinery
* Production of ancillary inputs such as fuels and electricity
* Drinking water for the cattle
* The equipment of the farms with roads, irrigation infrastructure, buildings, and tools (excluding small-scale infrastructure)
* The production of concentrates and by-products, such as molasses and manure
* The breeding and fattening of cattle
* The sale of calves, heifers, and young bulls
* The production of grass silage and pasture
* The grazing of cattle on permanent pasture
* The use of manure as fertilizer
* The production of electricity and diesel fuel for agricultural operations
* The transportation of cattle to and from the farm
* The sale of beef and other products.","[1, 0, 1, 1, 1, 0, 0, 0, 1, 0, 1, 1, 1, 0, 1, 1, 1, 0, 1]","[1, 0, 1, 1, 1, 0, 1, 0, 1, 0, 1, 1, 1, 0, 1, 1, 1, 0, 1]","['True_liveAnimalInput', 'True_cropResidue', 'True_seed', 'True_product', 'True_pesticideVeterinaryDrug', 'True_excreta', 'True_freshForage', 'True_transport', 'True_animalFeed', 'True_waste', 'True_ingredient', 'True_operation', 'True_soilAmendment', 'True_material', 'True_animalPopulation', 'True_otherChemical', 'True_electricityFuel', 'True_water', 'True_fertiliser']",13,FacebookAI/roberta-large,systemBoundary,recalculated,rag
38,"permanent pasture producing Dairy cattle, heifer in New Zealand. Additional description: Off-site replacement cow pasture grazing from weaned calf -> 90% of mature weight (2mo -> 22mo) (2017/18). What is in the system boundary? Additional Context: The system boundary of the production system includes:

- Dairy cattle
- Heifers
- Pasture (permanent pasture producing dairy cattle)
- Off-site replacement cow pasture grazing (from weaned calf to 90% of mature weight, 2 months to 22 months)
- Feed inputs:
  - Alfalfa
  - Grain premix
  - Other grass hays and silages
- Farm inputs:
  - Fertilizers
  - Lime
  - Manure spreading
  - Irrigation
  - Seeding of pastures
- Background processes:
  - Grazing
  - Silage production
  - Manure spreading
  - Diffuse emissions (N2O, CH4) from manure spread or deposited on pastures","[1, 1, 0, 1, 0, 0, 0, 0, 0, 0, 1, 0, 1, 0, 0, 1, 0, 0, 1]","[1, 1, 0, 1, 0, 0, 1, 0, 1, 0, 1, 0, 1, 0, 0, 1, 0, 0, 1]","['True_liveAnimalInput', 'True_cropResidue', 'True_seed', 'True_product', 'True_pesticideVeterinaryDrug', 'True_excreta', 'True_freshForage', 'True_transport', 'True_animalFeed', 'True_waste', 'True_ingredient', 'True_operation', 'True_soilAmendment', 'True_material', 'True_animalPopulation', 'True_otherChemical', 'True_electricityFuel', 'True_water', 'True_fertiliser']",38,FacebookAI/roberta-large,systemBoundary,recalculated,rag
40,"permanent pasture producing Sheep, ewe in United Kingdom. Additional description: Generic grass pasture for sheep and cattle.. What is in the system boundary? Additional Context: The system boundary includes:

- On-farm production of sheep (including feed grown on the farm and imported to the farm)
- Production of a range of crops
- Stubble
- Interrelationships between the sheep and cropping activities
- Transport between processes (where explicitly shown)
- Farm services
- Off-farm inputs (e.g. fertiliser, pesticides, machinery)
- Infrastructure (excluding construction and establishment)
- Farm boundary","[1, 0, 1, 1, 1, 0, 0, 0, 1, 0, 1, 1, 1, 0, 1, 1, 1, 0, 1]","[1, 0, 1, 1, 1, 0, 1, 0, 1, 0, 1, 1, 1, 0, 1, 1, 1, 0, 1]","['True_liveAnimalInput', 'True_cropResidue', 'True_seed', 'True_product', 'True_pesticideVeterinaryDrug', 'True_excreta', 'True_freshForage', 'True_transport', 'True_animalFeed', 'True_waste', 'True_ingredient', 'True_operation', 'True_soilAmendment', 'True_material', 'True_animalPopulation', 'True_otherChemical', 'True_electricityFuel', 'True_water', 'True_fertiliser']",40,FacebookAI/roberta-large,systemBoundary,recalculated,rag
44,"permanent pasture producing Beef cattle, calf (male, weaned) in United Kingdom. Additional description: High sugar pasture for sheep and cattle.. What is in the system boundary? Additional Context: The system boundary includes:

* The production of beef cattle
* The production of calf (male, weaned)
* High sugar pasture for sheep and cattle
* The production of feed (not specified)
* The production of fertilizers
* The production of pesticides
* The production of electricity and diesel fuel
* The production of medicines and insecticides
* The production of machinery and buildings
* The production of roads
* The transportation of feed, fertilizers, and other inputs
* The grazing and management of cattle
* The production of manure
* The production of grass silage
* The production of concentrates
* The slaughter of cattle
* The processing of beef
* The transportation of beef to market

Note that the system boundary does not include:

* The production of milk (as it is a separate system)
* The production of dairy products (as it is a separate system)
* The production of other crops (such as wheat, barley, etc.)
* The production of other livestock (such as sheep, pigs, etc.)
* The production of other agricultural products (such as fruits, vegetables, etc.)
* The production of biofuels
* The production of biogenic carbon emissions
* The production of carbon sequestration","[1, 0, 1, 1, 1, 0, 0, 0, 1, 0, 1, 1, 1, 0, 1, 1, 1, 0, 1]","[1, 0, 1, 1, 1, 0, 1, 0, 1, 0, 1, 1, 1, 0, 1, 1, 1, 0, 1]","['True_liveAnimalInput', 'True_cropResidue', 'True_seed', 'True_product', 'True_pesticideVeterinaryDrug', 'True_excreta', 'True_freshForage', 'True_transport', 'True_animalFeed', 'True_waste', 'True_ingredient', 'True_operation', 'True_soilAmendment', 'True_material', 'True_animalPopulation', 'True_otherChemical', 'True_electricityFuel', 'True_water', 'True_fertiliser']",44,FacebookAI/roberta-large,systemBoundary,recalculated,rag
46,"permanent pasture producing Beef cattle, steer in United Kingdom. Additional description: Generic grass pasture for sheep and cattle.. What is in the system boundary? Additional Context: Here is a summary of the system boundary for the beef production system:

* The system boundary includes:
	+ Farm operations (e.g. breeding, feeding, manure management)
	+ Feed production (e.g. grass, cereals, soy meal)
	+ Land use (e.g. pasture, grazing)
	+ Livestock production (e.g. cattle, sheep)
	+ Manure management
	+ Transportation of animals and feed
	+ Processing and slaughter of animals
	+ Energy and fuel use (e.g. diesel, electricity)
	+ Water use
	+ Fertilizer and pesticide use
	+ Crop production (e.g. grass, cereals)
	+ Farm infrastructure (e.g. buildings, roads)
	+ Off-farm processes (e.g. soybean production, mineral feed supplement production)

The system boundary does not include:

* Impacts from transport of bulls to the slaughterhouse
* Impacts from processing of the meat
* Carbon sequestration and biogenic carbon emissions of locally produced feeds
* Medicines and seeds
* Basic infrastructure (e.g. unpaved roads, unfortified irrigation channels)","[1, 0, 1, 1, 1, 0, 0, 0, 1, 0, 1, 1, 1, 0, 1, 1, 1, 0, 1]","[1, 0, 1, 1, 1, 0, 1, 0, 1, 0, 1, 1, 1, 0, 1, 1, 1, 0, 1]","['True_liveAnimalInput', 'True_cropResidue', 'True_seed', 'True_product', 'True_pesticideVeterinaryDrug', 'True_excreta', 'True_freshForage', 'True_transport', 'True_animalFeed', 'True_waste', 'True_ingredient', 'True_operation', 'True_soilAmendment', 'True_material', 'True_animalPopulation', 'True_otherChemical', 'True_electricityFuel', 'True_water', 'True_fertiliser']",46,FacebookAI/roberta-large,systemBoundary,recalculated,rag
58,"agri-food processor producing Whey, liquid in Spain. What is in the system boundary? Additional Context: The system boundary of the agri-food processor producing Whey, liquid in Spain includes:

* Production of feed on supplier farms
* Agricultural activities (e.g. cultivation, harvesting, manure management)
* Dairy farm (including milk production, pasteurization, homogenization, and packaging)
* Dairy factory (including cooling, storage, and packaging)
* Transport of animal feed and milk products
* WWTP (wastewater treatment plant)
* Emissions from manure and agricultural activities
* Energy and water usage
* Agricultural machinery and equipment
* Farm buildings and infrastructure
* Employee transport and corporate office operation

The following is excluded from the system boundary:

* Delivery of final products to wholesale and retailers
* Consumption phase of the different products
* Production of capital goods (e.g. equipment, machinery)
* Off-farm activities (e.g. transportation of raw materials, packaging, and distribution)","[1, 1, 1, 1, 1, 1, 1, 1, 1, 0, 0, 0, 1, 0, 1, 1, 1, 1, 1]","[1, 1, 1, 1, 1, 1, 1, 1, 1, 0, 1, 0, 1, 0, 1, 1, 1, 1, 1]","['True_liveAnimalInput', 'True_cropResidue', 'True_seed', 'True_product', 'True_pesticideVeterinaryDrug', 'True_excreta', 'True_freshForage', 'True_transport', 'True_animalFeed', 'True_waste', 'True_ingredient', 'True_operation', 'True_soilAmendment', 'True_material', 'True_animalPopulation', 'True_otherChemical', 'True_electricityFuel', 'True_water', 'True_fertiliser']",58,FacebookAI/roberta-large,systemBoundary,recalculated,rag
59,"agri-food processor producing Ripened cheese in Italy. What is in the system boundary? Additional Context: The system boundary of the production system includes:

- Dairy farm
- Dairy factory
- Raw milk production
- Concentrated feed production
- Fodder production
- Milk treatment
- Coagulation and moulding
- Salting and curing
- Pressing
- Packaging
- Waste treatment
- Emissions to:
  - Soil
  - Water
  - Air","[1, 1, 1, 1, 1, 1, 1, 1, 1, 1, 1, 0, 1, 0, 1, 1, 1, 1, 1]","[1, 1, 1, 1, 1, 1, 1, 1, 1, 0, 0, 0, 1, 0, 1, 1, 1, 1, 1]","['True_liveAnimalInput', 'True_cropResidue', 'True_seed', 'True_product', 'True_pesticideVeterinaryDrug', 'True_excreta', 'True_freshForage', 'True_transport', 'True_animalFeed', 'True_waste', 'True_ingredient', 'True_operation', 'True_soilAmendment', 'True_material', 'True_animalPopulation', 'True_otherChemical', 'True_electricityFuel', 'True_water', 'True_fertiliser']",59,FacebookAI/roberta-large,systemBoundary,recalculated,rag
68,"permanent pasture producing Meat, beef cattle (liveweight) in Colombia. What is in the system boundary? Additional Context: Here is a summary of the relevant life cycle assessment (LCA) information:

**System boundary**: The system boundary includes the production of beef cattle from birth to slaughter, from the farm to the point of transportation away from the farm gate.

**Components included**:

1. Feed production:
	* Grass silage
	* Cereals (e.g. spring barley, maize)
	* Soy meal
	* Minerals
2. Fertilizer production
3. Manure management
4. Electricity and diesel fuel use
5. Land use (pasture and grazing)

**Exclusions**:

1. Direct N2O emissions from cattle
2. CO2 from enteric fermentation
3. Emissions from production of medicines, insecticides, machines, buildings, and roads
4. Emissions from transportation of feed and other inputs outside the system boundary

**Allocation methods**:

1. Energy allocation method based on energy contents of meat and milk produced
2. Mass allocation method based on mass of meat and milk produced

**System types**:

1. Extensive (EXT) beef production system: small-scale, no fencing, cattle grazed in the same manner
2. Intensive (INT) beef production system: three subsystems:","[1, 1, 1, 1, 0, 0, 1, 0, 1, 0, 1, 0, 1, 0, 1, 1, 1, 0, 1]","[0, 1, 1, 1, 0, 0, 1, 0, 1, 0, 1, 0, 1, 0, 1, 1, 1, 0, 1]","['True_liveAnimalInput', 'True_cropResidue', 'True_seed', 'True_product', 'True_pesticideVeterinaryDrug', 'True_excreta', 'True_freshForage', 'True_transport', 'True_animalFeed', 'True_waste', 'True_ingredient', 'True_operation', 'True_soilAmendment', 'True_material', 'True_animalPopulation', 'True_otherChemical', 'True_electricityFuel', 'True_water', 'True_fertiliser']",68,FacebookAI/roberta-large,systemBoundary,recalculated,rag
74,"permanent pasture producing Beef cattle, heifer in United Kingdom. Additional description: Generic grass pasture for sheep and cattle.. What is in the system boundary? Additional Context: The system boundary of the beef production system includes:

* The whole dairy herd, including lactating and dry cows, heifers, calves, and bulls
* Non-lactating animals of the dairy herd (bulls for insemination and labor, female calves and heifers for replacement, and male calves and young bulls for sale)
* Production of local feeds, including fertilizers, irrigation, pesticides, and machinery
* Production of ancillary inputs such as fuels and electricity
* Drinking water for the cattle
* The equipment of the farms with roads, irrigation infrastructure, buildings, and tools (excluding specialized tools)
* The production of medicines and seeds (excluding due to lack of unit processes in LCA databases)
* Carbon sequestration and biogenic carbon emissions of locally produced feeds (excluding due to vegetation cycles shorter than one year)
* The fattening and cow-calf subsystems (for intensive beef production)
* The breeding farm (for breeding and reproduction)
* The pasture production (for grazing and forage)
* The manure and feed production (for animal transport and feeding)
* The fattening farm (for fattening and finishing)
* The cow-calf subsystem (for backgrounding and raising)
* The animal transport (for transportation of cattle to and","[1, 0, 1, 1, 1, 0, 0, 0, 1, 0, 1, 1, 1, 0, 1, 1, 1, 0, 1]","[1, 0, 1, 1, 1, 0, 1, 0, 1, 0, 1, 1, 1, 0, 1, 1, 1, 0, 1]","['True_liveAnimalInput', 'True_cropResidue', 'True_seed', 'True_product', 'True_pesticideVeterinaryDrug', 'True_excreta', 'True_freshForage', 'True_transport', 'True_animalFeed', 'True_waste', 'True_ingredient', 'True_operation', 'True_soilAmendment', 'True_material', 'True_animalPopulation', 'True_otherChemical', 'True_electricityFuel', 'True_water', 'True_fertiliser']",74,FacebookAI/roberta-large,systemBoundary,recalculated,rag
82,"animal housing producing Pig in Germany. Additional description: Fattening-FARM. What is in the system boundary? Additional Context: The system boundary of this production system includes:

1. Feed production, both on-farm and off-farm
2. Manure management, including emissions due to manure storage and application
3. Manure in the sample farms
4. Emissions from enteric fermentation of all animal categories
5. Emissions from land use change (not included in this study)
6. Feed consumption and transportation to the farms
7. Recycling of products, such as manure exceeding on-farm feed production needs
8. Emissions from agricultural operations, including fertilizers, pesticides, and herbicides
9. Energy consumption and transportation activities
10. Slaughter and processing of animals
11. Distribution of pig feed from feed producers to the farm gate
12. Emissions from slurry management and application on agricultural lands
13. Emissions from electricity production and use
14. Emissions from water and soil pollution
15. Emissions from pharmaceutical and chemical management
16. Avoided mineral fertilizer production and application
17. Natural gas production and use
18. System boundaries do not include packaging, disposal, and incidental use of veterinary products.","[1, 1, 1, 1, 0, 1, 1, 0, 1, 0, 1, 0, 1, 0, 1, 1, 0, 0, 1]","[1, 1, 1, 1, 0, 0, 1, 0, 1, 0, 1, 0, 1, 0, 1, 1, 0, 0, 1]","['True_liveAnimalInput', 'True_cropResidue', 'True_seed', 'True_product', 'True_pesticideVeterinaryDrug', 'True_excreta', 'True_freshForage', 'True_transport', 'True_animalFeed', 'True_waste', 'True_ingredient', 'True_operation', 'True_soilAmendment', 'True_material', 'True_animalPopulation', 'True_otherChemical', 'True_electricityFuel', 'True_water', 'True_fertiliser']",82,FacebookAI/roberta-large,systemBoundary,recalculated,rag
3,"permanent pasture producing Beef cattle, calf (female, weaned) in United Kingdom. Additional description: Generic grass pasture for sheep and cattle.. What is in the system boundary? Additional Context: The system boundary of the production system includes:

- Livestock (cattle, bulls, heifers, calves, and dry cows)
- Local feeds (alfalfa and maize)
- Fertilizers
- Irrigation
- Pesticides
- Machinery (roads, irrigation infrastructure, buildings, and tools)
- Fuels (diesel and electricity)
- Water for livestock
- Manure management
- Pasture production
- Crop production
- Animal transport
- Calf production
- Fattening
- Breeding
- Feed production
- Manure
- Pasture recovery
- Grazing
- Supplements (mineral salts)
- Farm infrastructure (corral, administration building, workers' housing)
- Farm operations (fertilizer application, manure application, forage production)
- Farm management (farm decisions, including animal selection, feeding, and breeding)
- Farm endowments (prices, farm resources)
- Farm activities (cash crop and dairy production)
- Farm operations (livestock management, feed planning, and animal health)
- Farm infrastructure (access road, ponds, creek)
- Farm management practices (animal breeding, reproduction, and slaughter)
- Farm operations (animal transport, slaughter, and processing)
- Farm","[1, 0, 1, 1, 1, 0, 0, 0, 1, 0, 1, 1, 1, 0, 1, 1, 1, 0, 1]","[1, 0, 1, 1, 1, 0, 1, 0, 1, 0, 1, 1, 1, 0, 1, 1, 1, 0, 1]","['True_liveAnimalInput', 'True_cropResidue', 'True_seed', 'True_product', 'True_pesticideVeterinaryDrug', 'True_excreta', 'True_freshForage', 'True_transport', 'True_animalFeed', 'True_waste', 'True_ingredient', 'True_operation', 'True_soilAmendment', 'True_material', 'True_animalPopulation', 'True_otherChemical', 'True_electricityFuel', 'True_water', 'True_fertiliser']",3,google-bert/bert-base-uncased,systemBoundary,recalculated,rag
13,"permanent pasture producing Beef cattle, heifer in United Kingdom. Additional description: High sugar pasture for sheep and cattle.. What is in the system boundary? Additional Context: The system boundary of the beef production system includes:

* The whole dairy herd, including lactating and dry cows, heifers, calves, and bulls
* Non-lactating animals of the dairy herd (bulls for insemination and labor, female calves and heifers for replacement, and male calves and young bulls for sale)
* Production of local feeds, including fertilizers, irrigation, pesticides, and machinery
* Production of ancillary inputs such as fuels and electricity
* Drinking water for the cattle
* The equipment of the farms with roads, irrigation infrastructure, buildings, and tools (excluding small-scale infrastructure)
* The production of concentrates and by-products, such as molasses and manure
* The breeding and fattening of cattle
* The sale of calves, heifers, and young bulls
* The production of grass silage and pasture
* The grazing of cattle on permanent pasture
* The use of manure as fertilizer
* The production of electricity and diesel fuel for agricultural operations
* The transportation of cattle to and from the farm
* The sale of beef and other products.","[1, 0, 1, 1, 1, 0, 0, 0, 1, 0, 1, 1, 1, 0, 1, 1, 1, 0, 1]","[1, 0, 1, 1, 1, 0, 1, 0, 1, 0, 1, 1, 1, 0, 1, 1, 1, 0, 1]","['True_liveAnimalInput', 'True_cropResidue', 'True_seed', 'True_product', 'True_pesticideVeterinaryDrug', 'True_excreta', 'True_freshForage', 'True_transport', 'True_animalFeed', 'True_waste', 'True_ingredient', 'True_operation', 'True_soilAmendment', 'True_material', 'True_animalPopulation', 'True_otherChemical', 'True_electricityFuel', 'True_water', 'True_fertiliser']",13,google-bert/bert-base-uncased,systemBoundary,recalculated,rag
16,"permanent pasture producing Beef cattle, steer in Brazil. Additional description: Beef, degraded Brachiaria pasture (Scenario 1). What is in the system boundary? Additional Context: Here is a summary of the system boundary for the beef production system:

* Feedstuffs: home-grown grass (silage, grazed grass), home-grown cereals (e.g. spring barley, maize), imported soy meal and minerals
* Farm processes: feed production, fertilizer production, fertilizer application, manure management, electricity and diesel fuel use
* Off-farm processes: soybean production, mineral feed supplement production, fertilizer production, energy production for farm operations
* Farm land allocated to the herd: sufficient to utilize the manure produced by the animals efficiently
* Non-included processes: medicines, seeds, carbon sequestration and biogenic carbon emissions of locally produced feeds, equipment, tools, and infrastructure (roads, irrigation, buildings)","[0, 0, 1, 1, 0, 1, 1, 0, 1, 0, 1, 1, 1, 0, 1, 1, 1, 1, 1]","[0, 0, 1, 1, 0, 1, 1, 0, 1, 0, 1, 0, 1, 0, 1, 1, 1, 1, 1]","['True_liveAnimalInput', 'True_cropResidue', 'True_seed', 'True_product', 'True_pesticideVeterinaryDrug', 'True_excreta', 'True_freshForage', 'True_transport', 'True_animalFeed', 'True_waste', 'True_ingredient', 'True_operation', 'True_soilAmendment', 'True_material', 'True_animalPopulation', 'True_otherChemical', 'True_electricityFuel', 'True_water', 'True_fertiliser']",16,google-bert/bert-base-uncased,systemBoundary,recalculated,rag
38,"permanent pasture producing Dairy cattle, heifer in New Zealand. Additional description: Off-site replacement cow pasture grazing from weaned calf -> 90% of mature weight (2mo -> 22mo) (2017/18). What is in the system boundary? Additional Context: The system boundary of the production system includes:

- Dairy cattle
- Heifers
- Pasture (permanent pasture producing dairy cattle)
- Off-site replacement cow pasture grazing (from weaned calf to 90% of mature weight, 2 months to 22 months)
- Feed inputs:
  - Alfalfa
  - Grain premix
  - Other grass hays and silages
- Farm inputs:
  - Fertilizers
  - Lime
  - Manure spreading
  - Irrigation
  - Seeding of pastures
- Background processes:
  - Grazing
  - Silage production
  - Manure spreading
  - Diffuse emissions (N2O, CH4) from manure spread or deposited on pastures","[1, 1, 0, 1, 0, 0, 0, 0, 0, 0, 1, 0, 1, 0, 0, 1, 0, 0, 1]","[1, 1, 0, 1, 0, 0, 1, 0, 1, 0, 1, 0, 1, 0, 0, 1, 0, 0, 1]","['True_liveAnimalInput', 'True_cropResidue', 'True_seed', 'True_product', 'True_pesticideVeterinaryDrug', 'True_excreta', 'True_freshForage', 'True_transport', 'True_animalFeed', 'True_waste', 'True_ingredient', 'True_operation', 'True_soilAmendment', 'True_material', 'True_animalPopulation', 'True_otherChemical', 'True_electricityFuel', 'True_water', 'True_fertiliser']",38,google-bert/bert-base-uncased,systemBoundary,recalculated,rag
39,"permanent pasture producing Beef cattle, heifer in United Kingdom. Additional description: High sugar pasture for sheep and cattle.. What is in the system boundary? Additional Context: The system boundary of the beef production system includes:

* The whole dairy herd, including lactating and dry cows, heifers, calves, and bulls
* Non-lactating animals of the dairy herd (bulls for insemination and labor, female calves and heifers for replacement, male calves and young bulls for sale)
* Production of local feeds (alfalfa and maize)
* Fertilizers, pesticides, and machinery
* Irrigation infrastructure
* Buildings and tools (excluded due to small impact)
* Medicines and seeds (excluded due to lack of unit processes in LCA databases)
* Carbon sequestration and biogenic carbon emissions of locally produced feeds (excluded due to vegetation cycles shorter than one year)
* Emissions associated with:
	+ Concentrate feed production, transport, and processing
	+ N fertilizer production, transportation, and application
	+ Livestock and related manure management
	+ Electricity and diesel fuel use
	+ Manure management
	+ Pasture production
	+ Crop production
	+ Animal transport
	+ Fattening and breeding operations
	+ Culling and selling of animals
	+ Grazing and foraging systems
	+ Manure collection, storage, and end","[1, 0, 1, 1, 1, 0, 1, 0, 1, 0, 1, 1, 1, 0, 1, 1, 1, 0, 1]","[1, 0, 1, 1, 1, 0, 0, 0, 1, 0, 1, 1, 1, 0, 1, 1, 1, 0, 1]","['True_liveAnimalInput', 'True_cropResidue', 'True_seed', 'True_product', 'True_pesticideVeterinaryDrug', 'True_excreta', 'True_freshForage', 'True_transport', 'True_animalFeed', 'True_waste', 'True_ingredient', 'True_operation', 'True_soilAmendment', 'True_material', 'True_animalPopulation', 'True_otherChemical', 'True_electricityFuel', 'True_water', 'True_fertiliser']",39,google-bert/bert-base-uncased,systemBoundary,recalculated,rag
40,"permanent pasture producing Sheep, ewe in United Kingdom. Additional description: Generic grass pasture for sheep and cattle.. What is in the system boundary? Additional Context: The system boundary includes:

- On-farm production of sheep (including feed grown on the farm and imported to the farm)
- Production of a range of crops
- Stubble
- Interrelationships between the sheep and cropping activities
- Transport between processes (where explicitly shown)
- Farm services
- Off-farm inputs (e.g. fertiliser, pesticides, machinery)
- Infrastructure (excluding construction and establishment)
- Farm boundary","[1, 0, 1, 1, 1, 0, 0, 0, 1, 0, 1, 1, 1, 0, 1, 1, 1, 0, 1]","[1, 0, 1, 1, 1, 0, 1, 0, 1, 0, 1, 1, 1, 0, 1, 1, 1, 0, 1]","['True_liveAnimalInput', 'True_cropResidue', 'True_seed', 'True_product', 'True_pesticideVeterinaryDrug', 'True_excreta', 'True_freshForage', 'True_transport', 'True_animalFeed', 'True_waste', 'True_ingredient', 'True_operation', 'True_soilAmendment', 'True_material', 'True_animalPopulation', 'True_otherChemical', 'True_electricityFuel', 'True_water', 'True_fertiliser']",40,google-bert/bert-base-uncased,systemBoundary,recalculated,rag
44,"permanent pasture producing Beef cattle, calf (male, weaned) in United Kingdom. Additional description: High sugar pasture for sheep and cattle.. What is in the system boundary? Additional Context: The system boundary includes:

* The production of beef cattle
* The production of calf (male, weaned)
* High sugar pasture for sheep and cattle
* The production of feed (not specified)
* The production of fertilizers
* The production of pesticides
* The production of electricity and diesel fuel
* The production of medicines and insecticides
* The production of machinery and buildings
* The production of roads
* The transportation of feed, fertilizers, and other inputs
* The grazing and management of cattle
* The production of manure
* The production of grass silage
* The production of concentrates
* The slaughter of cattle
* The processing of beef
* The transportation of beef to market

Note that the system boundary does not include:

* The production of milk (as it is a separate system)
* The production of dairy products (as it is a separate system)
* The production of other crops (such as wheat, barley, etc.)
* The production of other livestock (such as sheep, pigs, etc.)
* The production of other agricultural products (such as fruits, vegetables, etc.)
* The production of biofuels
* The production of biogenic carbon emissions
* The production of carbon sequestration","[1, 0, 1, 1, 1, 0, 0, 0, 1, 0, 1, 1, 1, 0, 1, 1, 1, 0, 1]","[1, 0, 1, 1, 1, 0, 1, 0, 1, 0, 1, 1, 1, 0, 1, 1, 1, 0, 1]","['True_liveAnimalInput', 'True_cropResidue', 'True_seed', 'True_product', 'True_pesticideVeterinaryDrug', 'True_excreta', 'True_freshForage', 'True_transport', 'True_animalFeed', 'True_waste', 'True_ingredient', 'True_operation', 'True_soilAmendment', 'True_material', 'True_animalPopulation', 'True_otherChemical', 'True_electricityFuel', 'True_water', 'True_fertiliser']",44,google-bert/bert-base-uncased,systemBoundary,recalculated,rag
46,"permanent pasture producing Beef cattle, steer in United Kingdom. Additional description: Generic grass pasture for sheep and cattle.. What is in the system boundary? Additional Context: Here is a summary of the system boundary for the beef production system:

* The system boundary includes:
	+ Farm operations (e.g. breeding, feeding, manure management)
	+ Feed production (e.g. grass, cereals, soy meal)
	+ Land use (e.g. pasture, grazing)
	+ Livestock production (e.g. cattle, sheep)
	+ Manure management
	+ Transportation of animals and feed
	+ Processing and slaughter of animals
	+ Energy and fuel use (e.g. diesel, electricity)
	+ Water use
	+ Fertilizer and pesticide use
	+ Crop production (e.g. grass, cereals)
	+ Farm infrastructure (e.g. buildings, roads)
	+ Off-farm processes (e.g. soybean production, mineral feed supplement production)

The system boundary does not include:

* Impacts from transport of bulls to the slaughterhouse
* Impacts from processing of the meat
* Carbon sequestration and biogenic carbon emissions of locally produced feeds
* Medicines and seeds
* Basic infrastructure (e.g. unpaved roads, unfortified irrigation channels)","[1, 0, 1, 1, 1, 0, 0, 0, 1, 0, 1, 1, 1, 0, 1, 1, 1, 0, 1]","[1, 0, 1, 1, 1, 0, 1, 0, 1, 0, 1, 1, 1, 0, 1, 1, 1, 0, 1]","['True_liveAnimalInput', 'True_cropResidue', 'True_seed', 'True_product', 'True_pesticideVeterinaryDrug', 'True_excreta', 'True_freshForage', 'True_transport', 'True_animalFeed', 'True_waste', 'True_ingredient', 'True_operation', 'True_soilAmendment', 'True_material', 'True_animalPopulation', 'True_otherChemical', 'True_electricityFuel', 'True_water', 'True_fertiliser']",46,google-bert/bert-base-uncased,systemBoundary,recalculated,rag
58,"agri-food processor producing Whey, liquid in Spain. What is in the system boundary? Additional Context: The system boundary of the agri-food processor producing Whey, liquid in Spain includes:

* Production of feed on supplier farms
* Agricultural activities (e.g. cultivation, harvesting, manure management)
* Dairy farm (including milk production, pasteurization, homogenization, and packaging)
* Dairy factory (including cooling, storage, and packaging)
* Transport of animal feed and milk products
* WWTP (wastewater treatment plant)
* Emissions from manure and agricultural activities
* Energy and water usage
* Agricultural machinery and equipment
* Farm buildings and infrastructure
* Employee transport and corporate office operation

The following is excluded from the system boundary:

* Delivery of final products to wholesale and retailers
* Consumption phase of the different products
* Production of capital goods (e.g. equipment, machinery)
* Off-farm activities (e.g. transportation of raw materials, packaging, and distribution)","[1, 1, 1, 1, 1, 1, 1, 1, 1, 0, 0, 0, 1, 0, 1, 1, 1, 1, 1]","[1, 1, 1, 1, 1, 1, 1, 1, 1, 0, 1, 0, 1, 0, 1, 1, 1, 1, 1]","['True_liveAnimalInput', 'True_cropResidue', 'True_seed', 'True_product', 'True_pesticideVeterinaryDrug', 'True_excreta', 'True_freshForage', 'True_transport', 'True_animalFeed', 'True_waste', 'True_ingredient', 'True_operation', 'True_soilAmendment', 'True_material', 'True_animalPopulation', 'True_otherChemical', 'True_electricityFuel', 'True_water', 'True_fertiliser']",58,google-bert/bert-base-uncased,systemBoundary,recalculated,rag
59,"agri-food processor producing Ripened cheese in Italy. What is in the system boundary? Additional Context: The system boundary of the production system includes:

- Dairy farm
- Dairy factory
- Raw milk production
- Concentrated feed production
- Fodder production
- Milk treatment
- Coagulation and moulding
- Salting and curing
- Pressing
- Packaging
- Waste treatment
- Emissions to:
  - Soil
  - Water
  - Air","[1, 1, 1, 1, 1, 1, 1, 1, 1, 1, 1, 0, 1, 0, 1, 1, 1, 1, 1]","[1, 1, 1, 1, 1, 1, 1, 1, 1, 0, 0, 0, 1, 0, 1, 1, 1, 1, 1]","['True_liveAnimalInput', 'True_cropResidue', 'True_seed', 'True_product', 'True_pesticideVeterinaryDrug', 'True_excreta', 'True_freshForage', 'True_transport', 'True_animalFeed', 'True_waste', 'True_ingredient', 'True_operation', 'True_soilAmendment', 'True_material', 'True_animalPopulation', 'True_otherChemical', 'True_electricityFuel', 'True_water', 'True_fertiliser']",59,google-bert/bert-base-uncased,systemBoundary,recalculated,rag
68,"permanent pasture producing Meat, beef cattle (liveweight) in Colombia. What is in the system boundary? Additional Context: Here is a summary of the relevant life cycle assessment (LCA) information:

**System boundary**: The system boundary includes the production of beef cattle from birth to slaughter, from the farm to the point of transportation away from the farm gate.

**Components included**:

1. Feed production:
	* Grass silage
	* Cereals (e.g. spring barley, maize)
	* Soy meal
	* Minerals
2. Fertilizer production
3. Manure management
4. Electricity and diesel fuel use
5. Land use (pasture and grazing)

**Exclusions**:

1. Direct N2O emissions from cattle
2. CO2 from enteric fermentation
3. Emissions from production of medicines, insecticides, machines, buildings, and roads
4. Emissions from transportation of feed and other inputs outside the system boundary

**Allocation methods**:

1. Energy allocation method based on energy contents of meat and milk produced
2. Mass allocation method based on mass of meat and milk produced

**System types**:

1. Extensive (EXT) beef production system: small-scale, no fencing, cattle grazed in the same manner
2. Intensive (INT) beef production system: three subsystems:","[1, 1, 1, 1, 0, 0, 1, 0, 1, 0, 1, 0, 1, 0, 1, 1, 1, 0, 1]","[0, 1, 1, 1, 0, 0, 1, 0, 1, 0, 1, 0, 1, 0, 1, 1, 1, 0, 1]","['True_liveAnimalInput', 'True_cropResidue', 'True_seed', 'True_product', 'True_pesticideVeterinaryDrug', 'True_excreta', 'True_freshForage', 'True_transport', 'True_animalFeed', 'True_waste', 'True_ingredient', 'True_operation', 'True_soilAmendment', 'True_material', 'True_animalPopulation', 'True_otherChemical', 'True_electricityFuel', 'True_water', 'True_fertiliser']",68,google-bert/bert-base-uncased,systemBoundary,recalculated,rag
74,"permanent pasture producing Beef cattle, heifer in United Kingdom. Additional description: Generic grass pasture for sheep and cattle.. What is in the system boundary? Additional Context: The system boundary of the beef production system includes:

* The whole dairy herd, including lactating and dry cows, heifers, calves, and bulls
* Non-lactating animals of the dairy herd (bulls for insemination and labor, female calves and heifers for replacement, and male calves and young bulls for sale)
* Production of local feeds, including fertilizers, irrigation, pesticides, and machinery
* Production of ancillary inputs such as fuels and electricity
* Drinking water for the cattle
* The equipment of the farms with roads, irrigation infrastructure, buildings, and tools (excluding specialized tools)
* The production of medicines and seeds (excluding due to lack of unit processes in LCA databases)
* Carbon sequestration and biogenic carbon emissions of locally produced feeds (excluding due to vegetation cycles shorter than one year)
* The fattening and cow-calf subsystems (for intensive beef production)
* The breeding farm (for breeding and reproduction)
* The pasture production (for grazing and forage)
* The manure and feed production (for animal transport and feeding)
* The fattening farm (for fattening and finishing)
* The cow-calf subsystem (for backgrounding and raising)
* The animal transport (for transportation of cattle to and","[1, 0, 1, 1, 1, 0, 0, 0, 1, 0, 1, 1, 1, 0, 1, 1, 1, 0, 1]","[1, 0, 1, 1, 1, 0, 1, 0, 1, 0, 1, 1, 1, 0, 1, 1, 1, 0, 1]","['True_liveAnimalInput', 'True_cropResidue', 'True_seed', 'True_product', 'True_pesticideVeterinaryDrug', 'True_excreta', 'True_freshForage', 'True_transport', 'True_animalFeed', 'True_waste', 'True_ingredient', 'True_operation', 'True_soilAmendment', 'True_material', 'True_animalPopulation', 'True_otherChemical', 'True_electricityFuel', 'True_water', 'True_fertiliser']",74,google-bert/bert-base-uncased,systemBoundary,recalculated,rag
79,"animal housing producing Beef cattle, bull in Ireland. Additional description: 19AL treatment where Bulls are offered grass silage ad libitum plus 1.5kg dry matter DM per head daily over the Winter period, turned out to pasture for 100 days and finished indoors on a concentrate ad libitum diet for 100 days and slaughtered at 19 months of age (this is the Winter housing phase). What is in the system boundary? Additional Context: Here is a summary of the life cycle assessment (LCA) relevant information:

**System Boundaries:**

* The system boundaries include all stages from breeding to slaughter, excluding:
	+ Transport of bulls to the slaughterhouse
	+ Processing of the meat
* The system includes:
	+ Feed production (cultivation, seeding, fertilizing, pesticide application, liming and harvest)
	+ Breeding (recreational activity in the herd, care taking of cows, heifers and calves)
	+ Fattening
	+ Transport of animals between farms
	+ Manure handling (reused for fertilization)
	+ Machinery production and operation
	+ Energy, concentrates, fertilizer and pesticide production

**Input and Output:**

* Inputs:
	+ Bulls
	+ Grass silage
	+ Concentrate
	+ Fertilizers
	+ Pesticides
	+ Energy
	+ Machinery
* Outputs:
	+ Beef cattle
	+ Manure (reused for fertilization)
	+ Meat (excluded from system boundaries)","[1, 1, 0, 1, 0, 0, 0, 1, 0, 0, 1, 1, 0, 0, 1, 1, 1, 0, 0]","[1, 0, 0, 1, 0, 0, 0, 1, 0, 0, 1, 1, 0, 0, 1, 1, 1, 0, 0]","['True_liveAnimalInput', 'True_cropResidue', 'True_seed', 'True_product', 'True_pesticideVeterinaryDrug', 'True_excreta', 'True_freshForage', 'True_transport', 'True_animalFeed', 'True_waste', 'True_ingredient', 'True_operation', 'True_soilAmendment', 'True_material', 'True_animalPopulation', 'True_otherChemical', 'True_electricityFuel', 'True_water', 'True_fertiliser']",79,google-bert/bert-base-uncased,systemBoundary,recalculated,rag
82,"animal housing producing Pig in Germany. Additional description: Fattening-FARM. What is in the system boundary? Additional Context: The system boundary of this production system includes:

1. Feed production, both on-farm and off-farm
2. Manure management, including emissions due to manure storage and application
3. Manure in the sample farms
4. Emissions from enteric fermentation of all animal categories
5. Emissions from land use change (not included in this study)
6. Feed consumption and transportation to the farms
7. Recycling of products, such as manure exceeding on-farm feed production needs
8. Emissions from agricultural operations, including fertilizers, pesticides, and herbicides
9. Energy consumption and transportation activities
10. Slaughter and processing of animals
11. Distribution of pig feed from feed producers to the farm gate
12. Emissions from slurry management and application on agricultural lands
13. Emissions from electricity production and use
14. Emissions from water and soil pollution
15. Emissions from pharmaceutical and chemical management
16. Avoided mineral fertilizer production and application
17. Natural gas production and use
18. System boundaries do not include packaging, disposal, and incidental use of veterinary products.","[1, 1, 1, 1, 0, 1, 1, 0, 1, 0, 1, 0, 1, 0, 1, 1, 0, 0, 1]","[1, 1, 1, 1, 0, 0, 1, 0, 1, 0, 1, 0, 1, 0, 1, 1, 0, 0, 1]","['True_liveAnimalInput', 'True_cropResidue', 'True_seed', 'True_product', 'True_pesticideVeterinaryDrug', 'True_excreta', 'True_freshForage', 'True_transport', 'True_animalFeed', 'True_waste', 'True_ingredient', 'True_operation', 'True_soilAmendment', 'True_material', 'True_animalPopulation', 'True_otherChemical', 'True_electricityFuel', 'True_water', 'True_fertiliser']",82,google-bert/bert-base-uncased,systemBoundary,recalculated,rag
90,"agri-food processor producing Cheese, cow in Portugal. Additional description: Mature cheese production. What is in the system boundary? Additional Context: Here is a summary of the system boundary for the cheese production system:

* Dairy farm: 
  - Animal feed production (maize silage, ryegrass silage, straw, and concentrates)
  - Raw milk production
  - Cleaning agents (not considered due to lack of data)
* Dairy factory:
  - Milk treatment
  - Coagulation and moulding
  - Salting and curing
  - Pressing
  - Packaging
  - WWTP (wastewater treatment)
  - Storage
* Waste treatment:
  - Treatment of packaging materials and sludge from WWTP
  - Transport to waste management destination","[1, 1, 1, 1, 1, 1, 1, 0, 1, 1, 1, 0, 1, 0, 1, 1, 1, 1, 1]","[1, 1, 1, 1, 1, 1, 1, 0, 1, 0, 1, 0, 1, 0, 1, 1, 1, 1, 1]","['True_liveAnimalInput', 'True_cropResidue', 'True_seed', 'True_product', 'True_pesticideVeterinaryDrug', 'True_excreta', 'True_freshForage', 'True_transport', 'True_animalFeed', 'True_waste', 'True_ingredient', 'True_operation', 'True_soilAmendment', 'True_material', 'True_animalPopulation', 'True_otherChemical', 'True_electricityFuel', 'True_water', 'True_fertiliser']",90,google-bert/bert-base-uncased,systemBoundary,recalculated,rag
3,"permanent pasture producing Beef cattle, calf (female, weaned) in United Kingdom. Additional description: Generic grass pasture for sheep and cattle.. What is in the system boundary? Additional Context: The system boundary of the production system includes:

- Livestock (cattle, bulls, heifers, calves, and dry cows)
- Local feeds (alfalfa and maize)
- Fertilizers
- Irrigation
- Pesticides
- Machinery (roads, irrigation infrastructure, buildings, and tools)
- Fuels (diesel and electricity)
- Water for livestock
- Manure management
- Pasture production
- Crop production
- Animal transport
- Calf production
- Fattening
- Breeding
- Feed production
- Manure
- Pasture recovery
- Grazing
- Supplements (mineral salts)
- Farm infrastructure (corral, administration building, workers' housing)
- Farm operations (fertilizer application, manure application, forage production)
- Farm management (farm decisions, including animal selection, feeding, and breeding)
- Farm endowments (prices, farm resources)
- Farm activities (cash crop and dairy production)
- Farm operations (livestock management, feed planning, and animal health)
- Farm infrastructure (access road, ponds, creek)
- Farm management practices (animal breeding, reproduction, and slaughter)
- Farm operations (animal transport, slaughter, and processing)
- Farm","[1, 0, 1, 1, 1, 0, 0, 0, 1, 0, 1, 1, 1, 0, 1, 1, 1, 0, 1]","[1, 0, 1, 1, 1, 0, 1, 0, 1, 0, 1, 1, 1, 0, 1, 1, 1, 0, 1]","['True_liveAnimalInput', 'True_cropResidue', 'True_seed', 'True_product', 'True_pesticideVeterinaryDrug', 'True_excreta', 'True_freshForage', 'True_transport', 'True_animalFeed', 'True_waste', 'True_ingredient', 'True_operation', 'True_soilAmendment', 'True_material', 'True_animalPopulation', 'True_otherChemical', 'True_electricityFuel', 'True_water', 'True_fertiliser']",3,microsoft/deberta-v3-base,systemBoundary,recalculated,rag
13,"permanent pasture producing Beef cattle, heifer in United Kingdom. Additional description: High sugar pasture for sheep and cattle.. What is in the system boundary? Additional Context: The system boundary of the beef production system includes:

* The whole dairy herd, including lactating and dry cows, heifers, calves, and bulls
* Non-lactating animals of the dairy herd (bulls for insemination and labor, female calves and heifers for replacement, and male calves and young bulls for sale)
* Production of local feeds, including fertilizers, irrigation, pesticides, and machinery
* Production of ancillary inputs such as fuels and electricity
* Drinking water for the cattle
* The equipment of the farms with roads, irrigation infrastructure, buildings, and tools (excluding small-scale infrastructure)
* The production of concentrates and by-products, such as molasses and manure
* The breeding and fattening of cattle
* The sale of calves, heifers, and young bulls
* The production of grass silage and pasture
* The grazing of cattle on permanent pasture
* The use of manure as fertilizer
* The production of electricity and diesel fuel for agricultural operations
* The transportation of cattle to and from the farm
* The sale of beef and other products.","[1, 0, 1, 1, 1, 0, 0, 0, 1, 0, 1, 1, 1, 0, 1, 1, 1, 0, 1]","[1, 0, 1, 1, 1, 0, 1, 0, 1, 0, 1, 1, 1, 0, 1, 1, 1, 0, 1]","['True_liveAnimalInput', 'True_cropResidue', 'True_seed', 'True_product', 'True_pesticideVeterinaryDrug', 'True_excreta', 'True_freshForage', 'True_transport', 'True_animalFeed', 'True_waste', 'True_ingredient', 'True_operation', 'True_soilAmendment', 'True_material', 'True_animalPopulation', 'True_otherChemical', 'True_electricityFuel', 'True_water', 'True_fertiliser']",13,microsoft/deberta-v3-base,systemBoundary,recalculated,rag
16,"permanent pasture producing Beef cattle, steer in Brazil. Additional description: Beef, degraded Brachiaria pasture (Scenario 1). What is in the system boundary? Additional Context: Here is a summary of the system boundary for the beef production system:

* Feedstuffs: home-grown grass (silage, grazed grass), home-grown cereals (e.g. spring barley, maize), imported soy meal and minerals
* Farm processes: feed production, fertilizer production, fertilizer application, manure management, electricity and diesel fuel use
* Off-farm processes: soybean production, mineral feed supplement production, fertilizer production, energy production for farm operations
* Farm land allocated to the herd: sufficient to utilize the manure produced by the animals efficiently
* Non-included processes: medicines, seeds, carbon sequestration and biogenic carbon emissions of locally produced feeds, equipment, tools, and infrastructure (roads, irrigation, buildings)","[0, 0, 1, 1, 0, 1, 1, 0, 1, 0, 1, 1, 1, 0, 1, 1, 1, 1, 1]","[0, 0, 1, 1, 0, 1, 1, 0, 1, 0, 1, 0, 1, 0, 1, 1, 1, 1, 1]","['True_liveAnimalInput', 'True_cropResidue', 'True_seed', 'True_product', 'True_pesticideVeterinaryDrug', 'True_excreta', 'True_freshForage', 'True_transport', 'True_animalFeed', 'True_waste', 'True_ingredient', 'True_operation', 'True_soilAmendment', 'True_material', 'True_animalPopulation', 'True_otherChemical', 'True_electricityFuel', 'True_water', 'True_fertiliser']",16,microsoft/deberta-v3-base,systemBoundary,recalculated,rag
38,"permanent pasture producing Dairy cattle, heifer in New Zealand. Additional description: Off-site replacement cow pasture grazing from weaned calf -> 90% of mature weight (2mo -> 22mo) (2017/18). What is in the system boundary? Additional Context: The system boundary of the production system includes:

- Dairy cattle
- Heifers
- Pasture (permanent pasture producing dairy cattle)
- Off-site replacement cow pasture grazing (from weaned calf to 90% of mature weight, 2 months to 22 months)
- Feed inputs:
  - Alfalfa
  - Grain premix
  - Other grass hays and silages
- Farm inputs:
  - Fertilizers
  - Lime
  - Manure spreading
  - Irrigation
  - Seeding of pastures
- Background processes:
  - Grazing
  - Silage production
  - Manure spreading
  - Diffuse emissions (N2O, CH4) from manure spread or deposited on pastures","[1, 1, 0, 1, 0, 0, 0, 0, 0, 0, 1, 0, 1, 0, 0, 1, 0, 0, 1]","[1, 1, 0, 1, 0, 0, 1, 0, 1, 0, 1, 0, 1, 0, 1, 1, 0, 0, 1]","['True_liveAnimalInput', 'True_cropResidue', 'True_seed', 'True_product', 'True_pesticideVeterinaryDrug', 'True_excreta', 'True_freshForage', 'True_transport', 'True_animalFeed', 'True_waste', 'True_ingredient', 'True_operation', 'True_soilAmendment', 'True_material', 'True_animalPopulation', 'True_otherChemical', 'True_electricityFuel', 'True_water', 'True_fertiliser']",38,microsoft/deberta-v3-base,systemBoundary,recalculated,rag
40,"permanent pasture producing Sheep, ewe in United Kingdom. Additional description: Generic grass pasture for sheep and cattle.. What is in the system boundary? Additional Context: The system boundary includes:

- On-farm production of sheep (including feed grown on the farm and imported to the farm)
- Production of a range of crops
- Stubble
- Interrelationships between the sheep and cropping activities
- Transport between processes (where explicitly shown)
- Farm services
- Off-farm inputs (e.g. fertiliser, pesticides, machinery)
- Infrastructure (excluding construction and establishment)
- Farm boundary","[1, 0, 1, 1, 1, 0, 0, 0, 1, 0, 1, 1, 1, 0, 1, 1, 1, 0, 1]","[1, 0, 1, 1, 1, 0, 1, 0, 1, 0, 1, 1, 1, 0, 1, 1, 1, 0, 1]","['True_liveAnimalInput', 'True_cropResidue', 'True_seed', 'True_product', 'True_pesticideVeterinaryDrug', 'True_excreta', 'True_freshForage', 'True_transport', 'True_animalFeed', 'True_waste', 'True_ingredient', 'True_operation', 'True_soilAmendment', 'True_material', 'True_animalPopulation', 'True_otherChemical', 'True_electricityFuel', 'True_water', 'True_fertiliser']",40,microsoft/deberta-v3-base,systemBoundary,recalculated,rag
44,"permanent pasture producing Beef cattle, calf (male, weaned) in United Kingdom. Additional description: High sugar pasture for sheep and cattle.. What is in the system boundary? Additional Context: The system boundary includes:

* The production of beef cattle
* The production of calf (male, weaned)
* High sugar pasture for sheep and cattle
* The production of feed (not specified)
* The production of fertilizers
* The production of pesticides
* The production of electricity and diesel fuel
* The production of medicines and insecticides
* The production of machinery and buildings
* The production of roads
* The transportation of feed, fertilizers, and other inputs
* The grazing and management of cattle
* The production of manure
* The production of grass silage
* The production of concentrates
* The slaughter of cattle
* The processing of beef
* The transportation of beef to market

Note that the system boundary does not include:

* The production of milk (as it is a separate system)
* The production of dairy products (as it is a separate system)
* The production of other crops (such as wheat, barley, etc.)
* The production of other livestock (such as sheep, pigs, etc.)
* The production of other agricultural products (such as fruits, vegetables, etc.)
* The production of biofuels
* The production of biogenic carbon emissions
* The production of carbon sequestration","[1, 0, 1, 1, 1, 0, 0, 0, 1, 0, 1, 1, 1, 0, 1, 1, 1, 0, 1]","[1, 0, 1, 1, 1, 0, 1, 0, 1, 0, 1, 1, 1, 0, 1, 1, 1, 0, 1]","['True_liveAnimalInput', 'True_cropResidue', 'True_seed', 'True_product', 'True_pesticideVeterinaryDrug', 'True_excreta', 'True_freshForage', 'True_transport', 'True_animalFeed', 'True_waste', 'True_ingredient', 'True_operation', 'True_soilAmendment', 'True_material', 'True_animalPopulation', 'True_otherChemical', 'True_electricityFuel', 'True_water', 'True_fertiliser']",44,microsoft/deberta-v3-base,systemBoundary,recalculated,rag
46,"permanent pasture producing Beef cattle, steer in United Kingdom. Additional description: Generic grass pasture for sheep and cattle.. What is in the system boundary? Additional Context: Here is a summary of the system boundary for the beef production system:

* The system boundary includes:
	+ Farm operations (e.g. breeding, feeding, manure management)
	+ Feed production (e.g. grass, cereals, soy meal)
	+ Land use (e.g. pasture, grazing)
	+ Livestock production (e.g. cattle, sheep)
	+ Manure management
	+ Transportation of animals and feed
	+ Processing and slaughter of animals
	+ Energy and fuel use (e.g. diesel, electricity)
	+ Water use
	+ Fertilizer and pesticide use
	+ Crop production (e.g. grass, cereals)
	+ Farm infrastructure (e.g. buildings, roads)
	+ Off-farm processes (e.g. soybean production, mineral feed supplement production)

The system boundary does not include:

* Impacts from transport of bulls to the slaughterhouse
* Impacts from processing of the meat
* Carbon sequestration and biogenic carbon emissions of locally produced feeds
* Medicines and seeds
* Basic infrastructure (e.g. unpaved roads, unfortified irrigation channels)","[1, 0, 1, 1, 1, 0, 0, 0, 1, 0, 1, 1, 1, 0, 1, 1, 1, 0, 1]","[1, 0, 1, 1, 1, 0, 1, 0, 1, 0, 1, 1, 1, 0, 1, 1, 1, 0, 1]","['True_liveAnimalInput', 'True_cropResidue', 'True_seed', 'True_product', 'True_pesticideVeterinaryDrug', 'True_excreta', 'True_freshForage', 'True_transport', 'True_animalFeed', 'True_waste', 'True_ingredient', 'True_operation', 'True_soilAmendment', 'True_material', 'True_animalPopulation', 'True_otherChemical', 'True_electricityFuel', 'True_water', 'True_fertiliser']",46,microsoft/deberta-v3-base,systemBoundary,recalculated,rag
53,"animal housing producing Electricity, produced on in site, solar PV. Additional description: Kipster-Laying hens scenario 1. What is in the system boundary? Additional Context: The system boundary includes:

- Manure storage in the animal house
- Anaerobic digestion
- Storage and field application of digestate
- Produced electricity and heat from biogas
- Avoided production of fossil-based electricity, heat, and mineral fertilizer
- Production of substitutes for initial use of the co-substrates
- Transport between several life cycle stages
- Cultivation of silage maize (as a co-substrate) and the displaced barley
- Impacts related to production of capital goods","[1, 1, 1, 1, 0, 1, 1, 0, 1, 0, 1, 0, 1, 0, 1, 1, 1, 0, 1]","[1, 1, 1, 1, 0, 1, 1, 0, 1, 0, 1, 0, 1, 0, 1, 1, 1, 1, 1]","['True_liveAnimalInput', 'True_cropResidue', 'True_seed', 'True_product', 'True_pesticideVeterinaryDrug', 'True_excreta', 'True_freshForage', 'True_transport', 'True_animalFeed', 'True_waste', 'True_ingredient', 'True_operation', 'True_soilAmendment', 'True_material', 'True_animalPopulation', 'True_otherChemical', 'True_electricityFuel', 'True_water', 'True_fertiliser']",53,microsoft/deberta-v3-base,systemBoundary,recalculated,rag
59,"agri-food processor producing Ripened cheese in Italy. What is in the system boundary? Additional Context: The system boundary of the production system includes:

- Dairy farm
- Dairy factory
- Raw milk production
- Concentrated feed production
- Fodder production
- Milk treatment
- Coagulation and moulding
- Salting and curing
- Pressing
- Packaging
- Waste treatment
- Emissions to:
  - Soil
  - Water
  - Air","[1, 1, 1, 1, 1, 1, 1, 1, 1, 1, 1, 0, 1, 0, 1, 1, 1, 1, 1]","[1, 1, 1, 1, 1, 1, 1, 1, 1, 0, 0, 0, 1, 0, 1, 1, 1, 1, 1]","['True_liveAnimalInput', 'True_cropResidue', 'True_seed', 'True_product', 'True_pesticideVeterinaryDrug', 'True_excreta', 'True_freshForage', 'True_transport', 'True_animalFeed', 'True_waste', 'True_ingredient', 'True_operation', 'True_soilAmendment', 'True_material', 'True_animalPopulation', 'True_otherChemical', 'True_electricityFuel', 'True_water', 'True_fertiliser']",59,microsoft/deberta-v3-base,systemBoundary,recalculated,rag
68,"permanent pasture producing Meat, beef cattle (liveweight) in Colombia. What is in the system boundary? Additional Context: Here is a summary of the relevant life cycle assessment (LCA) information:

**System boundary**: The system boundary includes the production of beef cattle from birth to slaughter, from the farm to the point of transportation away from the farm gate.

**Components included**:

1. Feed production:
	* Grass silage
	* Cereals (e.g. spring barley, maize)
	* Soy meal
	* Minerals
2. Fertilizer production
3. Manure management
4. Electricity and diesel fuel use
5. Land use (pasture and grazing)

**Exclusions**:

1. Direct N2O emissions from cattle
2. CO2 from enteric fermentation
3. Emissions from production of medicines, insecticides, machines, buildings, and roads
4. Emissions from transportation of feed and other inputs outside the system boundary

**Allocation methods**:

1. Energy allocation method based on energy contents of meat and milk produced
2. Mass allocation method based on mass of meat and milk produced

**System types**:

1. Extensive (EXT) beef production system: small-scale, no fencing, cattle grazed in the same manner
2. Intensive (INT) beef production system: three subsystems:","[1, 1, 1, 1, 0, 0, 1, 0, 1, 0, 1, 0, 1, 0, 1, 1, 1, 0, 1]","[0, 1, 1, 1, 0, 0, 1, 0, 1, 0, 1, 0, 1, 0, 1, 1, 1, 0, 1]","['True_liveAnimalInput', 'True_cropResidue', 'True_seed', 'True_product', 'True_pesticideVeterinaryDrug', 'True_excreta', 'True_freshForage', 'True_transport', 'True_animalFeed', 'True_waste', 'True_ingredient', 'True_operation', 'True_soilAmendment', 'True_material', 'True_animalPopulation', 'True_otherChemical', 'True_electricityFuel', 'True_water', 'True_fertiliser']",68,microsoft/deberta-v3-base,systemBoundary,recalculated,rag
70,"animal housing producing Electricity, produced on in site, solar PV. Additional description: Kipster-Laying hens scenario 3. What is in the system boundary? Additional Context: The system boundary includes:

* Animal housing
* Manure storage in the animal house
* Anaerobic digestion
* Storage and field application of digestate
* Produced electricity and heat from biogas
* Avoided production of fossil-based electricity, heat, and mineral fertilizer
* Production of substitutes for initial use of the co-substrates
* Transport between several life cycle stages
* Cultivation of silage maize (as a co-substrate) and the displaced barley
* Impacts related to production of capital goods

Note that pig production, veterinary medicines, cleaning products, post-production transport, processing, distribution, consumption, and waste disposal are excluded from the system boundary.","[1, 1, 1, 1, 0, 1, 1, 0, 1, 0, 1, 0, 1, 0, 1, 1, 1, 0, 1]","[1, 1, 1, 1, 0, 1, 1, 0, 1, 0, 1, 0, 1, 0, 1, 1, 1, 1, 1]","['True_liveAnimalInput', 'True_cropResidue', 'True_seed', 'True_product', 'True_pesticideVeterinaryDrug', 'True_excreta', 'True_freshForage', 'True_transport', 'True_animalFeed', 'True_waste', 'True_ingredient', 'True_operation', 'True_soilAmendment', 'True_material', 'True_animalPopulation', 'True_otherChemical', 'True_electricityFuel', 'True_water', 'True_fertiliser']",70,microsoft/deberta-v3-base,systemBoundary,recalculated,rag
74,"permanent pasture producing Beef cattle, heifer in United Kingdom. Additional description: Generic grass pasture for sheep and cattle.. What is in the system boundary? Additional Context: The system boundary of the beef production system includes:

* The whole dairy herd, including lactating and dry cows, heifers, calves, and bulls
* Non-lactating animals of the dairy herd (bulls for insemination and labor, female calves and heifers for replacement, and male calves and young bulls for sale)
* Production of local feeds, including fertilizers, irrigation, pesticides, and machinery
* Production of ancillary inputs such as fuels and electricity
* Drinking water for the cattle
* The equipment of the farms with roads, irrigation infrastructure, buildings, and tools (excluding specialized tools)
* The production of medicines and seeds (excluding due to lack of unit processes in LCA databases)
* Carbon sequestration and biogenic carbon emissions of locally produced feeds (excluding due to vegetation cycles shorter than one year)
* The fattening and cow-calf subsystems (for intensive beef production)
* The breeding farm (for breeding and reproduction)
* The pasture production (for grazing and forage)
* The manure and feed production (for animal transport and feeding)
* The fattening farm (for fattening and finishing)
* The cow-calf subsystem (for backgrounding and raising)
* The animal transport (for transportation of cattle to and","[1, 0, 1, 1, 1, 0, 0, 0, 1, 0, 1, 1, 1, 0, 1, 1, 1, 0, 1]","[1, 0, 1, 1, 1, 0, 1, 0, 1, 0, 1, 1, 1, 0, 1, 1, 1, 0, 1]","['True_liveAnimalInput', 'True_cropResidue', 'True_seed', 'True_product', 'True_pesticideVeterinaryDrug', 'True_excreta', 'True_freshForage', 'True_transport', 'True_animalFeed', 'True_waste', 'True_ingredient', 'True_operation', 'True_soilAmendment', 'True_material', 'True_animalPopulation', 'True_otherChemical', 'True_electricityFuel', 'True_water', 'True_fertiliser']",74,microsoft/deberta-v3-base,systemBoundary,recalculated,rag
79,"animal housing producing Beef cattle, bull in Ireland. Additional description: 19AL treatment where Bulls are offered grass silage ad libitum plus 1.5kg dry matter DM per head daily over the Winter period, turned out to pasture for 100 days and finished indoors on a concentrate ad libitum diet for 100 days and slaughtered at 19 months of age (this is the Winter housing phase). What is in the system boundary? Additional Context: Here is a summary of the life cycle assessment (LCA) relevant information:

**System Boundaries:**

* The system boundaries include all stages from breeding to slaughter, excluding:
	+ Transport of bulls to the slaughterhouse
	+ Processing of the meat
* The system includes:
	+ Feed production (cultivation, seeding, fertilizing, pesticide application, liming and harvest)
	+ Breeding (recreational activity in the herd, care taking of cows, heifers and calves)
	+ Fattening
	+ Transport of animals between farms
	+ Manure handling (reused for fertilization)
	+ Machinery production and operation
	+ Energy, concentrates, fertilizer and pesticide production

**Input and Output:**

* Inputs:
	+ Bulls
	+ Grass silage
	+ Concentrate
	+ Fertilizers
	+ Pesticides
	+ Energy
	+ Machinery
* Outputs:
	+ Beef cattle
	+ Manure (reused for fertilization)
	+ Meat (excluded from system boundaries)","[1, 1, 0, 1, 0, 0, 0, 1, 0, 0, 1, 1, 0, 0, 1, 1, 1, 0, 0]","[1, 0, 0, 1, 0, 0, 0, 1, 0, 0, 1, 1, 0, 0, 1, 1, 1, 0, 0]","['True_liveAnimalInput', 'True_cropResidue', 'True_seed', 'True_product', 'True_pesticideVeterinaryDrug', 'True_excreta', 'True_freshForage', 'True_transport', 'True_animalFeed', 'True_waste', 'True_ingredient', 'True_operation', 'True_soilAmendment', 'True_material', 'True_animalPopulation', 'True_otherChemical', 'True_electricityFuel', 'True_water', 'True_fertiliser']",79,microsoft/deberta-v3-base,systemBoundary,recalculated,rag
82,"animal housing producing Pig in Germany. Additional description: Fattening-FARM. What is in the system boundary? Additional Context: The system boundary of this production system includes:

1. Feed production, both on-farm and off-farm
2. Manure management, including emissions due to manure storage and application
3. Manure in the sample farms
4. Emissions from enteric fermentation of all animal categories
5. Emissions from land use change (not included in this study)
6. Feed consumption and transportation to the farms
7. Recycling of products, such as manure exceeding on-farm feed production needs
8. Emissions from agricultural operations, including fertilizers, pesticides, and herbicides
9. Energy consumption and transportation activities
10. Slaughter and processing of animals
11. Distribution of pig feed from feed producers to the farm gate
12. Emissions from slurry management and application on agricultural lands
13. Emissions from electricity production and use
14. Emissions from water and soil pollution
15. Emissions from pharmaceutical and chemical management
16. Avoided mineral fertilizer production and application
17. Natural gas production and use
18. System boundaries do not include packaging, disposal, and incidental use of veterinary products.","[1, 1, 1, 1, 0, 1, 1, 0, 1, 0, 1, 0, 1, 0, 1, 1, 0, 0, 1]","[1, 1, 1, 1, 0, 0, 1, 0, 1, 0, 1, 0, 1, 0, 1, 1, 0, 0, 1]","['True_liveAnimalInput', 'True_cropResidue', 'True_seed', 'True_product', 'True_pesticideVeterinaryDrug', 'True_excreta', 'True_freshForage', 'True_transport', 'True_animalFeed', 'True_waste', 'True_ingredient', 'True_operation', 'True_soilAmendment', 'True_material', 'True_animalPopulation', 'True_otherChemical', 'True_electricityFuel', 'True_water', 'True_fertiliser']",82,microsoft/deberta-v3-base,systemBoundary,recalculated,rag
87,"animal housing producing Dairy cattle, cow in Southern Europe. Additional description: Aggregate cycle representing all 75 dairy farms sampled. What is in the system boundary? Additional Context: The system boundary of this production system includes:

1. Animal housing
2. Dairy cattle production
3. Feed production (including alfalfa, silages, and grain premix)
4. Manure management
5. Fertilizer and pesticide use
6. Irrigation and water management
7. Fuel use (diesel, electricity, and natural gas)
8. Equipment maintenance and operation
9. Transportation of animal feed and milk products
10. Farm infrastructure (buildings, roads, and tools)
11. Labor and management of the dairy herd
12. Breeding and reproduction of dairy cattle
13. Sale of surplus animals (male calves and young bulls)
14. Post-consumer waste disposal (manure and other waste)

The system does not include:

1. Emissions from land use change
2. Carbon sequestration and biogenic carbon emissions
3. Emissions from transport of bulls to the slaughterhouse
4. Emissions from processing of meat
5. Emissions from the consumption phase of the different products
6. Fertilizer and pesticide production
7. Seeds production
8. Background data of purchased feed production (except for soybeans in Brazil)","[1, 1, 0, 1, 0, 0, 1, 0, 1, 0, 1, 0, 1, 0, 1, 1, 1, 0, 0]","[1, 1, 0, 1, 0, 0, 1, 0, 1, 0, 1, 0, 0, 0, 1, 1, 1, 0, 0]","['True_liveAnimalInput', 'True_cropResidue', 'True_seed', 'True_product', 'True_pesticideVeterinaryDrug', 'True_excreta', 'True_freshForage', 'True_transport', 'True_animalFeed', 'True_waste', 'True_ingredient', 'True_operation', 'True_soilAmendment', 'True_material', 'True_animalPopulation', 'True_otherChemical', 'True_electricityFuel', 'True_water', 'True_fertiliser']",87,microsoft/deberta-v3-base,systemBoundary,recalculated,rag
89,"permanent pasture producing Milk, cow, raw in United Kingdom. Additional description: Annual production cycle of an average baseline, grass-based UK dairy farm on conventional ryegrass. What is in the system boundary? Additional Context: The system boundary includes:

1. Farm activities:
   - Milk production
   - Feed production (on-farm and off-farm)
   - Manure management
   - Grazing
   - Pasture management (irrigation, seeding, and manure spreading)
   - Diffuse emissions (N2O, CH4) from manure spread or deposited on pastures

2. Feed production:
   - Organic alfalfa
   - Organic grain premix (corn, barley, wheat midds, soybean meal, and minerals)
   - Silages
   - Other grass hays and silages

3. Farm operations:
   - Employee transport
   - Corporate office operation

4. Processing plant activities:
   - Milk processing (ultrapasteurization)
   - Packaging
   - Cooling and storage

5. Transportation:
   - Transport of animal feed and milk products
   - Employee transport

6. Inputs:
   - Water
   - Energy and resources (electricity, diesel, methane, liquid petroleum gas)
   - Fertilizers
   - Pesticides
   - Seeds
   - Building materials (farm and processing plant buildings)

7. Outputs:
   - Raw milk
   - Manure","[1, 1, 0, 1, 0, 0, 1, 0, 1, 0, 1, 0, 1, 0, 1, 1, 1, 0, 0]","[1, 1, 0, 1, 0, 0, 1, 0, 1, 0, 1, 0, 0, 0, 1, 1, 1, 0, 0]","['True_liveAnimalInput', 'True_cropResidue', 'True_seed', 'True_product', 'True_pesticideVeterinaryDrug', 'True_excreta', 'True_freshForage', 'True_transport', 'True_animalFeed', 'True_waste', 'True_ingredient', 'True_operation', 'True_soilAmendment', 'True_material', 'True_animalPopulation', 'True_otherChemical', 'True_electricityFuel', 'True_water', 'True_fertiliser']",89,microsoft/deberta-v3-base,systemBoundary,recalculated,rag
90,"agri-food processor producing Cheese, cow in Portugal. Additional description: Mature cheese production. What is in the system boundary? Additional Context: Here is a summary of the system boundary for the cheese production system:

* Dairy farm: 
  - Animal feed production (maize silage, ryegrass silage, straw, and concentrates)
  - Raw milk production
  - Cleaning agents (not considered due to lack of data)
* Dairy factory:
  - Milk treatment
  - Coagulation and moulding
  - Salting and curing
  - Pressing
  - Packaging
  - WWTP (wastewater treatment)
  - Storage
* Waste treatment:
  - Treatment of packaging materials and sludge from WWTP
  - Transport to waste management destination","[1, 1, 1, 1, 1, 1, 1, 0, 1, 1, 1, 0, 1, 0, 1, 1, 1, 1, 1]","[1, 1, 1, 1, 1, 1, 1, 0, 1, 0, 1, 0, 1, 0, 1, 1, 1, 1, 1]","['True_liveAnimalInput', 'True_cropResidue', 'True_seed', 'True_product', 'True_pesticideVeterinaryDrug', 'True_excreta', 'True_freshForage', 'True_transport', 'True_animalFeed', 'True_waste', 'True_ingredient', 'True_operation', 'True_soilAmendment', 'True_material', 'True_animalPopulation', 'True_otherChemical', 'True_electricityFuel', 'True_water', 'True_fertiliser']",90,microsoft/deberta-v3-base,systemBoundary,recalculated,rag
3,"permanent pasture producing Beef cattle, calf (female, weaned) in United Kingdom. Additional description: Generic grass pasture for sheep and cattle.. What is in the system boundary? Additional Context: The system boundary of the production system includes:

- Livestock (cattle, bulls, heifers, calves, and dry cows)
- Local feeds (alfalfa and maize)
- Fertilizers
- Irrigation
- Pesticides
- Machinery (roads, irrigation infrastructure, buildings, and tools)
- Fuels (diesel and electricity)
- Water for livestock
- Manure management
- Pasture production
- Crop production
- Animal transport
- Calf production
- Fattening
- Breeding
- Feed production
- Manure
- Pasture recovery
- Grazing
- Supplements (mineral salts)
- Farm infrastructure (corral, administration building, workers' housing)
- Farm operations (fertilizer application, manure application, forage production)
- Farm management (farm decisions, including animal selection, feeding, and breeding)
- Farm endowments (prices, farm resources)
- Farm activities (cash crop and dairy production)
- Farm operations (livestock management, feed planning, and animal health)
- Farm infrastructure (access road, ponds, creek)
- Farm management practices (animal breeding, reproduction, and slaughter)
- Farm operations (animal transport, slaughter, and processing)
- Farm","[1, 0, 1, 1, 1, 0, 0, 0, 1, 0, 1, 1, 1, 0, 1, 1, 1, 0, 1]","[1, 0, 1, 1, 1, 0, 1, 0, 1, 0, 1, 1, 1, 0, 1, 1, 1, 0, 1]","['True_liveAnimalInput', 'True_cropResidue', 'True_seed', 'True_product', 'True_pesticideVeterinaryDrug', 'True_excreta', 'True_freshForage', 'True_transport', 'True_animalFeed', 'True_waste', 'True_ingredient', 'True_operation', 'True_soilAmendment', 'True_material', 'True_animalPopulation', 'True_otherChemical', 'True_electricityFuel', 'True_water', 'True_fertiliser']",3,microsoft/deberta-v3-large,systemBoundary,recalculated,rag
13,"permanent pasture producing Beef cattle, heifer in United Kingdom. Additional description: High sugar pasture for sheep and cattle.. What is in the system boundary? Additional Context: The system boundary of the beef production system includes:

* The whole dairy herd, including lactating and dry cows, heifers, calves, and bulls
* Non-lactating animals of the dairy herd (bulls for insemination and labor, female calves and heifers for replacement, and male calves and young bulls for sale)
* Production of local feeds, including fertilizers, irrigation, pesticides, and machinery
* Production of ancillary inputs such as fuels and electricity
* Drinking water for the cattle
* The equipment of the farms with roads, irrigation infrastructure, buildings, and tools (excluding small-scale infrastructure)
* The production of concentrates and by-products, such as molasses and manure
* The breeding and fattening of cattle
* The sale of calves, heifers, and young bulls
* The production of grass silage and pasture
* The grazing of cattle on permanent pasture
* The use of manure as fertilizer
* The production of electricity and diesel fuel for agricultural operations
* The transportation of cattle to and from the farm
* The sale of beef and other products.","[1, 0, 1, 1, 1, 0, 0, 0, 1, 0, 1, 1, 1, 0, 1, 1, 1, 0, 1]","[1, 0, 1, 1, 1, 0, 1, 0, 1, 0, 1, 1, 1, 0, 1, 1, 1, 0, 1]","['True_liveAnimalInput', 'True_cropResidue', 'True_seed', 'True_product', 'True_pesticideVeterinaryDrug', 'True_excreta', 'True_freshForage', 'True_transport', 'True_animalFeed', 'True_waste', 'True_ingredient', 'True_operation', 'True_soilAmendment', 'True_material', 'True_animalPopulation', 'True_otherChemical', 'True_electricityFuel', 'True_water', 'True_fertiliser']",13,microsoft/deberta-v3-large,systemBoundary,recalculated,rag
38,"permanent pasture producing Dairy cattle, heifer in New Zealand. Additional description: Off-site replacement cow pasture grazing from weaned calf -> 90% of mature weight (2mo -> 22mo) (2017/18). What is in the system boundary? Additional Context: The system boundary of the production system includes:

- Dairy cattle
- Heifers
- Pasture (permanent pasture producing dairy cattle)
- Off-site replacement cow pasture grazing (from weaned calf to 90% of mature weight, 2 months to 22 months)
- Feed inputs:
  - Alfalfa
  - Grain premix
  - Other grass hays and silages
- Farm inputs:
  - Fertilizers
  - Lime
  - Manure spreading
  - Irrigation
  - Seeding of pastures
- Background processes:
  - Grazing
  - Silage production
  - Manure spreading
  - Diffuse emissions (N2O, CH4) from manure spread or deposited on pastures","[1, 1, 0, 1, 0, 0, 0, 0, 0, 0, 1, 0, 1, 0, 0, 1, 0, 0, 1]","[1, 1, 0, 1, 0, 0, 1, 0, 1, 0, 1, 0, 1, 0, 0, 1, 0, 0, 1]","['True_liveAnimalInput', 'True_cropResidue', 'True_seed', 'True_product', 'True_pesticideVeterinaryDrug', 'True_excreta', 'True_freshForage', 'True_transport', 'True_animalFeed', 'True_waste', 'True_ingredient', 'True_operation', 'True_soilAmendment', 'True_material', 'True_animalPopulation', 'True_otherChemical', 'True_electricityFuel', 'True_water', 'True_fertiliser']",38,microsoft/deberta-v3-large,systemBoundary,recalculated,rag
40,"permanent pasture producing Sheep, ewe in United Kingdom. Additional description: Generic grass pasture for sheep and cattle.. What is in the system boundary? Additional Context: The system boundary includes:

- On-farm production of sheep (including feed grown on the farm and imported to the farm)
- Production of a range of crops
- Stubble
- Interrelationships between the sheep and cropping activities
- Transport between processes (where explicitly shown)
- Farm services
- Off-farm inputs (e.g. fertiliser, pesticides, machinery)
- Infrastructure (excluding construction and establishment)
- Farm boundary","[1, 0, 1, 1, 1, 0, 0, 0, 1, 0, 1, 1, 1, 0, 1, 1, 1, 0, 1]","[1, 0, 1, 1, 1, 0, 1, 0, 1, 0, 1, 1, 1, 0, 1, 1, 1, 0, 1]","['True_liveAnimalInput', 'True_cropResidue', 'True_seed', 'True_product', 'True_pesticideVeterinaryDrug', 'True_excreta', 'True_freshForage', 'True_transport', 'True_animalFeed', 'True_waste', 'True_ingredient', 'True_operation', 'True_soilAmendment', 'True_material', 'True_animalPopulation', 'True_otherChemical', 'True_electricityFuel', 'True_water', 'True_fertiliser']",40,microsoft/deberta-v3-large,systemBoundary,recalculated,rag
44,"permanent pasture producing Beef cattle, calf (male, weaned) in United Kingdom. Additional description: High sugar pasture for sheep and cattle.. What is in the system boundary? Additional Context: The system boundary includes:

* The production of beef cattle
* The production of calf (male, weaned)
* High sugar pasture for sheep and cattle
* The production of feed (not specified)
* The production of fertilizers
* The production of pesticides
* The production of electricity and diesel fuel
* The production of medicines and insecticides
* The production of machinery and buildings
* The production of roads
* The transportation of feed, fertilizers, and other inputs
* The grazing and management of cattle
* The production of manure
* The production of grass silage
* The production of concentrates
* The slaughter of cattle
* The processing of beef
* The transportation of beef to market

Note that the system boundary does not include:

* The production of milk (as it is a separate system)
* The production of dairy products (as it is a separate system)
* The production of other crops (such as wheat, barley, etc.)
* The production of other livestock (such as sheep, pigs, etc.)
* The production of other agricultural products (such as fruits, vegetables, etc.)
* The production of biofuels
* The production of biogenic carbon emissions
* The production of carbon sequestration","[1, 0, 1, 1, 1, 0, 0, 0, 1, 0, 1, 1, 1, 0, 1, 1, 1, 0, 1]","[1, 0, 1, 1, 1, 0, 1, 0, 1, 0, 1, 1, 1, 0, 1, 1, 1, 0, 1]","['True_liveAnimalInput', 'True_cropResidue', 'True_seed', 'True_product', 'True_pesticideVeterinaryDrug', 'True_excreta', 'True_freshForage', 'True_transport', 'True_animalFeed', 'True_waste', 'True_ingredient', 'True_operation', 'True_soilAmendment', 'True_material', 'True_animalPopulation', 'True_otherChemical', 'True_electricityFuel', 'True_water', 'True_fertiliser']",44,microsoft/deberta-v3-large,systemBoundary,recalculated,rag
46,"permanent pasture producing Beef cattle, steer in United Kingdom. Additional description: Generic grass pasture for sheep and cattle.. What is in the system boundary? Additional Context: Here is a summary of the system boundary for the beef production system:

* The system boundary includes:
	+ Farm operations (e.g. breeding, feeding, manure management)
	+ Feed production (e.g. grass, cereals, soy meal)
	+ Land use (e.g. pasture, grazing)
	+ Livestock production (e.g. cattle, sheep)
	+ Manure management
	+ Transportation of animals and feed
	+ Processing and slaughter of animals
	+ Energy and fuel use (e.g. diesel, electricity)
	+ Water use
	+ Fertilizer and pesticide use
	+ Crop production (e.g. grass, cereals)
	+ Farm infrastructure (e.g. buildings, roads)
	+ Off-farm processes (e.g. soybean production, mineral feed supplement production)

The system boundary does not include:

* Impacts from transport of bulls to the slaughterhouse
* Impacts from processing of the meat
* Carbon sequestration and biogenic carbon emissions of locally produced feeds
* Medicines and seeds
* Basic infrastructure (e.g. unpaved roads, unfortified irrigation channels)","[1, 0, 1, 1, 1, 0, 0, 0, 1, 0, 1, 1, 1, 0, 1, 1, 1, 0, 1]","[1, 0, 1, 1, 1, 0, 1, 0, 1, 0, 1, 1, 1, 0, 1, 1, 1, 0, 1]","['True_liveAnimalInput', 'True_cropResidue', 'True_seed', 'True_product', 'True_pesticideVeterinaryDrug', 'True_excreta', 'True_freshForage', 'True_transport', 'True_animalFeed', 'True_waste', 'True_ingredient', 'True_operation', 'True_soilAmendment', 'True_material', 'True_animalPopulation', 'True_otherChemical', 'True_electricityFuel', 'True_water', 'True_fertiliser']",46,microsoft/deberta-v3-large,systemBoundary,recalculated,rag
58,"agri-food processor producing Whey, liquid in Spain. What is in the system boundary? Additional Context: The system boundary of the agri-food processor producing Whey, liquid in Spain includes:

* Production of feed on supplier farms
* Agricultural activities (e.g. cultivation, harvesting, manure management)
* Dairy farm (including milk production, pasteurization, homogenization, and packaging)
* Dairy factory (including cooling, storage, and packaging)
* Transport of animal feed and milk products
* WWTP (wastewater treatment plant)
* Emissions from manure and agricultural activities
* Energy and water usage
* Agricultural machinery and equipment
* Farm buildings and infrastructure
* Employee transport and corporate office operation

The following is excluded from the system boundary:

* Delivery of final products to wholesale and retailers
* Consumption phase of the different products
* Production of capital goods (e.g. equipment, machinery)
* Off-farm activities (e.g. transportation of raw materials, packaging, and distribution)","[1, 1, 1, 1, 1, 1, 1, 1, 1, 0, 0, 0, 1, 0, 1, 1, 1, 1, 1]","[1, 1, 1, 1, 1, 1, 1, 1, 1, 0, 1, 0, 1, 0, 1, 1, 1, 1, 1]","['True_liveAnimalInput', 'True_cropResidue', 'True_seed', 'True_product', 'True_pesticideVeterinaryDrug', 'True_excreta', 'True_freshForage', 'True_transport', 'True_animalFeed', 'True_waste', 'True_ingredient', 'True_operation', 'True_soilAmendment', 'True_material', 'True_animalPopulation', 'True_otherChemical', 'True_electricityFuel', 'True_water', 'True_fertiliser']",58,microsoft/deberta-v3-large,systemBoundary,recalculated,rag
59,"agri-food processor producing Ripened cheese in Italy. What is in the system boundary? Additional Context: The system boundary of the production system includes:

- Dairy farm
- Dairy factory
- Raw milk production
- Concentrated feed production
- Fodder production
- Milk treatment
- Coagulation and moulding
- Salting and curing
- Pressing
- Packaging
- Waste treatment
- Emissions to:
  - Soil
  - Water
  - Air","[1, 1, 1, 1, 1, 1, 1, 1, 1, 1, 1, 0, 1, 0, 1, 1, 1, 1, 1]","[1, 1, 1, 0, 1, 1, 1, 0, 1, 0, 0, 0, 1, 0, 1, 1, 1, 1, 1]","['True_liveAnimalInput', 'True_cropResidue', 'True_seed', 'True_product', 'True_pesticideVeterinaryDrug', 'True_excreta', 'True_freshForage', 'True_transport', 'True_animalFeed', 'True_waste', 'True_ingredient', 'True_operation', 'True_soilAmendment', 'True_material', 'True_animalPopulation', 'True_otherChemical', 'True_electricityFuel', 'True_water', 'True_fertiliser']",59,microsoft/deberta-v3-large,systemBoundary,recalculated,rag
68,"permanent pasture producing Meat, beef cattle (liveweight) in Colombia. What is in the system boundary? Additional Context: Here is a summary of the relevant life cycle assessment (LCA) information:

**System boundary**: The system boundary includes the production of beef cattle from birth to slaughter, from the farm to the point of transportation away from the farm gate.

**Components included**:

1. Feed production:
	* Grass silage
	* Cereals (e.g. spring barley, maize)
	* Soy meal
	* Minerals
2. Fertilizer production
3. Manure management
4. Electricity and diesel fuel use
5. Land use (pasture and grazing)

**Exclusions**:

1. Direct N2O emissions from cattle
2. CO2 from enteric fermentation
3. Emissions from production of medicines, insecticides, machines, buildings, and roads
4. Emissions from transportation of feed and other inputs outside the system boundary

**Allocation methods**:

1. Energy allocation method based on energy contents of meat and milk produced
2. Mass allocation method based on mass of meat and milk produced

**System types**:

1. Extensive (EXT) beef production system: small-scale, no fencing, cattle grazed in the same manner
2. Intensive (INT) beef production system: three subsystems:","[1, 1, 1, 1, 0, 0, 1, 0, 1, 0, 1, 0, 1, 0, 1, 1, 1, 0, 1]","[0, 1, 1, 1, 0, 0, 1, 0, 1, 0, 1, 0, 1, 0, 1, 1, 1, 0, 1]","['True_liveAnimalInput', 'True_cropResidue', 'True_seed', 'True_product', 'True_pesticideVeterinaryDrug', 'True_excreta', 'True_freshForage', 'True_transport', 'True_animalFeed', 'True_waste', 'True_ingredient', 'True_operation', 'True_soilAmendment', 'True_material', 'True_animalPopulation', 'True_otherChemical', 'True_electricityFuel', 'True_water', 'True_fertiliser']",68,microsoft/deberta-v3-large,systemBoundary,recalculated,rag
74,"permanent pasture producing Beef cattle, heifer in United Kingdom. Additional description: Generic grass pasture for sheep and cattle.. What is in the system boundary? Additional Context: The system boundary of the beef production system includes:

* The whole dairy herd, including lactating and dry cows, heifers, calves, and bulls
* Non-lactating animals of the dairy herd (bulls for insemination and labor, female calves and heifers for replacement, and male calves and young bulls for sale)
* Production of local feeds, including fertilizers, irrigation, pesticides, and machinery
* Production of ancillary inputs such as fuels and electricity
* Drinking water for the cattle
* The equipment of the farms with roads, irrigation infrastructure, buildings, and tools (excluding specialized tools)
* The production of medicines and seeds (excluding due to lack of unit processes in LCA databases)
* Carbon sequestration and biogenic carbon emissions of locally produced feeds (excluding due to vegetation cycles shorter than one year)
* The fattening and cow-calf subsystems (for intensive beef production)
* The breeding farm (for breeding and reproduction)
* The pasture production (for grazing and forage)
* The manure and feed production (for animal transport and feeding)
* The fattening farm (for fattening and finishing)
* The cow-calf subsystem (for backgrounding and raising)
* The animal transport (for transportation of cattle to and","[1, 0, 1, 1, 1, 0, 0, 0, 1, 0, 1, 1, 1, 0, 1, 1, 1, 0, 1]","[1, 0, 1, 1, 1, 0, 1, 0, 1, 0, 1, 1, 1, 0, 1, 1, 1, 0, 1]","['True_liveAnimalInput', 'True_cropResidue', 'True_seed', 'True_product', 'True_pesticideVeterinaryDrug', 'True_excreta', 'True_freshForage', 'True_transport', 'True_animalFeed', 'True_waste', 'True_ingredient', 'True_operation', 'True_soilAmendment', 'True_material', 'True_animalPopulation', 'True_otherChemical', 'True_electricityFuel', 'True_water', 'True_fertiliser']",74,microsoft/deberta-v3-large,systemBoundary,recalculated,rag
3,"permanent pasture producing Beef cattle, calf (female, weaned) in United Kingdom. Additional description: Generic grass pasture for sheep and cattle.. What is in the system boundary? Additional Context: The system boundary of the production system includes:

- Livestock (cattle, bulls, heifers, calves, and dry cows)
- Local feeds (alfalfa and maize)
- Fertilizers
- Irrigation
- Pesticides
- Machinery (roads, irrigation infrastructure, buildings, and tools)
- Fuels (diesel and electricity)
- Water for livestock
- Manure management
- Pasture production
- Crop production
- Animal transport
- Calf production
- Fattening
- Breeding
- Feed production
- Manure
- Pasture recovery
- Grazing
- Supplements (mineral salts)
- Farm infrastructure (corral, administration building, workers' housing)
- Farm operations (fertilizer application, manure application, forage production)
- Farm management (farm decisions, including animal selection, feeding, and breeding)
- Farm endowments (prices, farm resources)
- Farm activities (cash crop and dairy production)
- Farm operations (livestock management, feed planning, and animal health)
- Farm infrastructure (access road, ponds, creek)
- Farm management practices (animal breeding, reproduction, and slaughter)
- Farm operations (animal transport, slaughter, and processing)
- Farm","[1, 0, 1, 1, 1, 0, 0, 0, 1, 0, 1, 1, 1, 0, 1, 1, 1, 0, 1]","[1, 0, 1, 1, 1, 0, 1, 0, 1, 0, 1, 1, 1, 0, 1, 1, 1, 0, 1]","['True_liveAnimalInput', 'True_cropResidue', 'True_seed', 'True_product', 'True_pesticideVeterinaryDrug', 'True_excreta', 'True_freshForage', 'True_transport', 'True_animalFeed', 'True_waste', 'True_ingredient', 'True_operation', 'True_soilAmendment', 'True_material', 'True_animalPopulation', 'True_otherChemical', 'True_electricityFuel', 'True_water', 'True_fertiliser']",3,microsoft/deberta-v3-small,systemBoundary,recalculated,rag
10,"animal housing producing Sheep, ram in United Kingdom. Additional description: Indoor cattle system.. What is in the system boundary? Additional Context: The system boundary for the sheep production system includes:

* On-farm production of sheep, including feed grown on the farm and imported to the farm
* Production of a range of crops and stubble
* Interrelationships between the sheep and cropping activities
* Transport between processes
* Farm establishment and infrastructure (excluding construction of new infrastructure)
* Farm services
* Off-farm inputs, including:
	+ Feed
	+ Fertilizers
	+ Pesticides
	+ Machinery
	+ Fuel
	+ Electricity
	+ Water
	+ Seeds
	+ Other inputs

The system boundary does not include:

* Carbon sequestration and biogenic carbon emissions
* Medicine and seeds
* Carbon emissions from locally produced feeds (if the vegetation cycle is shorter than one year)
* Packaging and disposal of products
* Buildings and maintenance of facilities and infrastructures
* Off-farm energy production
* Off-farm water treatment and supply
* Off-farm waste treatment and disposal","[1, 0, 1, 1, 1, 0, 0, 0, 1, 0, 1, 1, 1, 0, 1, 1, 1, 0, 1]","[1, 0, 1, 1, 1, 0, 1, 0, 1, 0, 1, 1, 1, 0, 1, 1, 1, 0, 1]","['True_liveAnimalInput', 'True_cropResidue', 'True_seed', 'True_product', 'True_pesticideVeterinaryDrug', 'True_excreta', 'True_freshForage', 'True_transport', 'True_animalFeed', 'True_waste', 'True_ingredient', 'True_operation', 'True_soilAmendment', 'True_material', 'True_animalPopulation', 'True_otherChemical', 'True_electricityFuel', 'True_water', 'True_fertiliser']",10,microsoft/deberta-v3-small,systemBoundary,recalculated,rag
13,"permanent pasture producing Beef cattle, heifer in United Kingdom. Additional description: High sugar pasture for sheep and cattle.. What is in the system boundary? Additional Context: The system boundary of the beef production system includes:

* The whole dairy herd, including lactating and dry cows, heifers, calves, and bulls
* Non-lactating animals of the dairy herd (bulls for insemination and labor, female calves and heifers for replacement, and male calves and young bulls for sale)
* Production of local feeds, including fertilizers, irrigation, pesticides, and machinery
* Production of ancillary inputs such as fuels and electricity
* Drinking water for the cattle
* The equipment of the farms with roads, irrigation infrastructure, buildings, and tools (excluding small-scale infrastructure)
* The production of concentrates and by-products, such as molasses and manure
* The breeding and fattening of cattle
* The sale of calves, heifers, and young bulls
* The production of grass silage and pasture
* The grazing of cattle on permanent pasture
* The use of manure as fertilizer
* The production of electricity and diesel fuel for agricultural operations
* The transportation of cattle to and from the farm
* The sale of beef and other products.","[1, 0, 1, 1, 1, 0, 0, 0, 1, 0, 1, 1, 1, 0, 1, 1, 1, 0, 1]","[1, 0, 1, 1, 1, 0, 1, 0, 1, 0, 1, 1, 1, 0, 1, 1, 1, 0, 1]","['True_liveAnimalInput', 'True_cropResidue', 'True_seed', 'True_product', 'True_pesticideVeterinaryDrug', 'True_excreta', 'True_freshForage', 'True_transport', 'True_animalFeed', 'True_waste', 'True_ingredient', 'True_operation', 'True_soilAmendment', 'True_material', 'True_animalPopulation', 'True_otherChemical', 'True_electricityFuel', 'True_water', 'True_fertiliser']",13,microsoft/deberta-v3-small,systemBoundary,recalculated,rag
15,"agri-food processor producing Ripened cheese in Italy. Additional description: Grana Padano cheese production. What is in the system boundary? Additional Context: The system boundary of the Parmigiano-Reggiano production system includes:

1. Dairy farm (Subsystem 1: Concentrated feed production, Subsystem 2: Fodder production, and Subsystem 3: Milk production)
2. Raw milk transport
3. Cheese making
4. Product transport
5. Product transport
6. Product and by-products
7. Emissions to Air, Water, and Soil

The system excludes:

1. Land use and soil quality changes
2. Production of raw milk components (rennet, starter culture, calcium chloride, and saltpetre)
3. Delivery of final products to wholesale and retailers
4. Consumption phase of the different products","[1, 1, 0, 0, 1, 1, 1, 0, 1, 0, 1, 0, 1, 0, 1, 1, 1, 1, 1]","[1, 1, 1, 0, 1, 1, 1, 0, 1, 0, 1, 0, 1, 0, 1, 1, 1, 1, 1]","['True_liveAnimalInput', 'True_cropResidue', 'True_seed', 'True_product', 'True_pesticideVeterinaryDrug', 'True_excreta', 'True_freshForage', 'True_transport', 'True_animalFeed', 'True_waste', 'True_ingredient', 'True_operation', 'True_soilAmendment', 'True_material', 'True_animalPopulation', 'True_otherChemical', 'True_electricityFuel', 'True_water', 'True_fertiliser']",15,microsoft/deberta-v3-small,systemBoundary,recalculated,rag
16,"permanent pasture producing Beef cattle, steer in Brazil. Additional description: Beef, degraded Brachiaria pasture (Scenario 1). What is in the system boundary? Additional Context: Here is a summary of the system boundary for the beef production system:

* Feedstuffs: home-grown grass (silage, grazed grass), home-grown cereals (e.g. spring barley, maize), imported soy meal and minerals
* Farm processes: feed production, fertilizer production, fertilizer application, manure management, electricity and diesel fuel use
* Off-farm processes: soybean production, mineral feed supplement production, fertilizer production, energy production for farm operations
* Farm land allocated to the herd: sufficient to utilize the manure produced by the animals efficiently
* Non-included processes: medicines, seeds, carbon sequestration and biogenic carbon emissions of locally produced feeds, equipment, tools, and infrastructure (roads, irrigation, buildings)","[0, 0, 1, 1, 0, 1, 1, 0, 1, 0, 1, 1, 1, 0, 1, 1, 1, 1, 1]","[0, 0, 1, 1, 0, 1, 1, 0, 1, 0, 1, 0, 1, 0, 1, 1, 1, 1, 1]","['True_liveAnimalInput', 'True_cropResidue', 'True_seed', 'True_product', 'True_pesticideVeterinaryDrug', 'True_excreta', 'True_freshForage', 'True_transport', 'True_animalFeed', 'True_waste', 'True_ingredient', 'True_operation', 'True_soilAmendment', 'True_material', 'True_animalPopulation', 'True_otherChemical', 'True_electricityFuel', 'True_water', 'True_fertiliser']",16,microsoft/deberta-v3-small,systemBoundary,recalculated,rag
20,"agri-food processor producing Ripened cheese in Italy. Additional description: Grana Padano cheese production. What is in the system boundary? Additional Context: The system boundary of the Parmigiano-Reggiano production system includes:

1. Dairy farm (Subsystem 1: Concentrated feed production, Subsystem 2: Fodder production, and Subsystem 3: Milk production)
2. Raw milk transport
3. Cheese making
4. Product transport
5. Product transport
6. Product and by-products
7. Emissions to Air, Water, and Soil

The system excludes:

1. Land use and soil quality changes
2. Production of raw milk components (rennet, starter culture, calcium chloride, and saltpetre)
3. Delivery of final products to wholesale and retailers
4. Consumption phase of the different products","[1, 1, 0, 0, 1, 1, 1, 0, 1, 0, 1, 0, 1, 0, 1, 1, 1, 1, 1]","[1, 1, 1, 0, 1, 1, 1, 0, 1, 0, 1, 0, 1, 0, 1, 1, 1, 1, 1]","['True_liveAnimalInput', 'True_cropResidue', 'True_seed', 'True_product', 'True_pesticideVeterinaryDrug', 'True_excreta', 'True_freshForage', 'True_transport', 'True_animalFeed', 'True_waste', 'True_ingredient', 'True_operation', 'True_soilAmendment', 'True_material', 'True_animalPopulation', 'True_otherChemical', 'True_electricityFuel', 'True_water', 'True_fertiliser']",20,microsoft/deberta-v3-small,systemBoundary,recalculated,rag
38,"permanent pasture producing Dairy cattle, heifer in New Zealand. Additional description: Off-site replacement cow pasture grazing from weaned calf -> 90% of mature weight (2mo -> 22mo) (2017/18). What is in the system boundary? Additional Context: The system boundary of the production system includes:

- Dairy cattle
- Heifers
- Pasture (permanent pasture producing dairy cattle)
- Off-site replacement cow pasture grazing (from weaned calf to 90% of mature weight, 2 months to 22 months)
- Feed inputs:
  - Alfalfa
  - Grain premix
  - Other grass hays and silages
- Farm inputs:
  - Fertilizers
  - Lime
  - Manure spreading
  - Irrigation
  - Seeding of pastures
- Background processes:
  - Grazing
  - Silage production
  - Manure spreading
  - Diffuse emissions (N2O, CH4) from manure spread or deposited on pastures","[1, 1, 0, 1, 0, 0, 0, 0, 0, 0, 1, 0, 1, 0, 0, 1, 0, 0, 1]","[1, 1, 0, 1, 0, 0, 1, 0, 1, 0, 1, 0, 1, 0, 1, 1, 0, 0, 1]","['True_liveAnimalInput', 'True_cropResidue', 'True_seed', 'True_product', 'True_pesticideVeterinaryDrug', 'True_excreta', 'True_freshForage', 'True_transport', 'True_animalFeed', 'True_waste', 'True_ingredient', 'True_operation', 'True_soilAmendment', 'True_material', 'True_animalPopulation', 'True_otherChemical', 'True_electricityFuel', 'True_water', 'True_fertiliser']",38,microsoft/deberta-v3-small,systemBoundary,recalculated,rag
40,"permanent pasture producing Sheep, ewe in United Kingdom. Additional description: Generic grass pasture for sheep and cattle.. What is in the system boundary? Additional Context: The system boundary includes:

- On-farm production of sheep (including feed grown on the farm and imported to the farm)
- Production of a range of crops
- Stubble
- Interrelationships between the sheep and cropping activities
- Transport between processes (where explicitly shown)
- Farm services
- Off-farm inputs (e.g. fertiliser, pesticides, machinery)
- Infrastructure (excluding construction and establishment)
- Farm boundary","[1, 0, 1, 1, 1, 0, 0, 0, 1, 0, 1, 1, 1, 0, 1, 1, 1, 0, 1]","[1, 0, 1, 1, 1, 0, 1, 0, 1, 0, 1, 1, 1, 0, 1, 1, 1, 0, 1]","['True_liveAnimalInput', 'True_cropResidue', 'True_seed', 'True_product', 'True_pesticideVeterinaryDrug', 'True_excreta', 'True_freshForage', 'True_transport', 'True_animalFeed', 'True_waste', 'True_ingredient', 'True_operation', 'True_soilAmendment', 'True_material', 'True_animalPopulation', 'True_otherChemical', 'True_electricityFuel', 'True_water', 'True_fertiliser']",40,microsoft/deberta-v3-small,systemBoundary,recalculated,rag
44,"permanent pasture producing Beef cattle, calf (male, weaned) in United Kingdom. Additional description: High sugar pasture for sheep and cattle.. What is in the system boundary? Additional Context: The system boundary includes:

* The production of beef cattle
* The production of calf (male, weaned)
* High sugar pasture for sheep and cattle
* The production of feed (not specified)
* The production of fertilizers
* The production of pesticides
* The production of electricity and diesel fuel
* The production of medicines and insecticides
* The production of machinery and buildings
* The production of roads
* The transportation of feed, fertilizers, and other inputs
* The grazing and management of cattle
* The production of manure
* The production of grass silage
* The production of concentrates
* The slaughter of cattle
* The processing of beef
* The transportation of beef to market

Note that the system boundary does not include:

* The production of milk (as it is a separate system)
* The production of dairy products (as it is a separate system)
* The production of other crops (such as wheat, barley, etc.)
* The production of other livestock (such as sheep, pigs, etc.)
* The production of other agricultural products (such as fruits, vegetables, etc.)
* The production of biofuels
* The production of biogenic carbon emissions
* The production of carbon sequestration","[1, 0, 1, 1, 1, 0, 0, 0, 1, 0, 1, 1, 1, 0, 1, 1, 1, 0, 1]","[1, 0, 1, 1, 1, 0, 1, 0, 1, 0, 1, 1, 1, 0, 1, 1, 1, 0, 1]","['True_liveAnimalInput', 'True_cropResidue', 'True_seed', 'True_product', 'True_pesticideVeterinaryDrug', 'True_excreta', 'True_freshForage', 'True_transport', 'True_animalFeed', 'True_waste', 'True_ingredient', 'True_operation', 'True_soilAmendment', 'True_material', 'True_animalPopulation', 'True_otherChemical', 'True_electricityFuel', 'True_water', 'True_fertiliser']",44,microsoft/deberta-v3-small,systemBoundary,recalculated,rag
46,"permanent pasture producing Beef cattle, steer in United Kingdom. Additional description: Generic grass pasture for sheep and cattle.. What is in the system boundary? Additional Context: Here is a summary of the system boundary for the beef production system:

* The system boundary includes:
	+ Farm operations (e.g. breeding, feeding, manure management)
	+ Feed production (e.g. grass, cereals, soy meal)
	+ Land use (e.g. pasture, grazing)
	+ Livestock production (e.g. cattle, sheep)
	+ Manure management
	+ Transportation of animals and feed
	+ Processing and slaughter of animals
	+ Energy and fuel use (e.g. diesel, electricity)
	+ Water use
	+ Fertilizer and pesticide use
	+ Crop production (e.g. grass, cereals)
	+ Farm infrastructure (e.g. buildings, roads)
	+ Off-farm processes (e.g. soybean production, mineral feed supplement production)

The system boundary does not include:

* Impacts from transport of bulls to the slaughterhouse
* Impacts from processing of the meat
* Carbon sequestration and biogenic carbon emissions of locally produced feeds
* Medicines and seeds
* Basic infrastructure (e.g. unpaved roads, unfortified irrigation channels)","[1, 0, 1, 1, 1, 0, 0, 0, 1, 0, 1, 1, 1, 0, 1, 1, 1, 0, 1]","[1, 0, 1, 1, 1, 0, 1, 0, 1, 0, 1, 1, 1, 0, 1, 1, 1, 0, 1]","['True_liveAnimalInput', 'True_cropResidue', 'True_seed', 'True_product', 'True_pesticideVeterinaryDrug', 'True_excreta', 'True_freshForage', 'True_transport', 'True_animalFeed', 'True_waste', 'True_ingredient', 'True_operation', 'True_soilAmendment', 'True_material', 'True_animalPopulation', 'True_otherChemical', 'True_electricityFuel', 'True_water', 'True_fertiliser']",46,microsoft/deberta-v3-small,systemBoundary,recalculated,rag
53,"animal housing producing Electricity, produced on in site, solar PV. Additional description: Kipster-Laying hens scenario 1. What is in the system boundary? Additional Context: The system boundary includes:

- Manure storage in the animal house
- Anaerobic digestion
- Storage and field application of digestate
- Produced electricity and heat from biogas
- Avoided production of fossil-based electricity, heat, and mineral fertilizer
- Production of substitutes for initial use of the co-substrates
- Transport between several life cycle stages
- Cultivation of silage maize (as a co-substrate) and the displaced barley
- Impacts related to production of capital goods","[1, 1, 1, 1, 0, 1, 1, 0, 1, 0, 1, 0, 1, 0, 1, 1, 1, 0, 1]","[1, 1, 1, 1, 0, 0, 1, 0, 1, 0, 1, 0, 1, 0, 1, 1, 1, 0, 1]","['True_liveAnimalInput', 'True_cropResidue', 'True_seed', 'True_product', 'True_pesticideVeterinaryDrug', 'True_excreta', 'True_freshForage', 'True_transport', 'True_animalFeed', 'True_waste', 'True_ingredient', 'True_operation', 'True_soilAmendment', 'True_material', 'True_animalPopulation', 'True_otherChemical', 'True_electricityFuel', 'True_water', 'True_fertiliser']",53,microsoft/deberta-v3-small,systemBoundary,recalculated,rag
58,"agri-food processor producing Whey, liquid in Spain. What is in the system boundary? Additional Context: The system boundary of the agri-food processor producing Whey, liquid in Spain includes:

* Production of feed on supplier farms
* Agricultural activities (e.g. cultivation, harvesting, manure management)
* Dairy farm (including milk production, pasteurization, homogenization, and packaging)
* Dairy factory (including cooling, storage, and packaging)
* Transport of animal feed and milk products
* WWTP (wastewater treatment plant)
* Emissions from manure and agricultural activities
* Energy and water usage
* Agricultural machinery and equipment
* Farm buildings and infrastructure
* Employee transport and corporate office operation

The following is excluded from the system boundary:

* Delivery of final products to wholesale and retailers
* Consumption phase of the different products
* Production of capital goods (e.g. equipment, machinery)
* Off-farm activities (e.g. transportation of raw materials, packaging, and distribution)","[1, 1, 1, 1, 1, 1, 1, 1, 1, 0, 0, 0, 1, 0, 1, 1, 1, 1, 1]","[1, 1, 1, 1, 1, 1, 1, 1, 1, 0, 1, 0, 1, 0, 1, 1, 1, 1, 1]","['True_liveAnimalInput', 'True_cropResidue', 'True_seed', 'True_product', 'True_pesticideVeterinaryDrug', 'True_excreta', 'True_freshForage', 'True_transport', 'True_animalFeed', 'True_waste', 'True_ingredient', 'True_operation', 'True_soilAmendment', 'True_material', 'True_animalPopulation', 'True_otherChemical', 'True_electricityFuel', 'True_water', 'True_fertiliser']",58,microsoft/deberta-v3-small,systemBoundary,recalculated,rag
59,"agri-food processor producing Ripened cheese in Italy. What is in the system boundary? Additional Context: The system boundary of the production system includes:

- Dairy farm
- Dairy factory
- Raw milk production
- Concentrated feed production
- Fodder production
- Milk treatment
- Coagulation and moulding
- Salting and curing
- Pressing
- Packaging
- Waste treatment
- Emissions to:
  - Soil
  - Water
  - Air","[1, 1, 1, 1, 1, 1, 1, 1, 1, 1, 1, 0, 1, 0, 1, 1, 1, 1, 1]","[1, 1, 1, 1, 1, 1, 1, 1, 1, 0, 0, 0, 1, 0, 1, 1, 1, 1, 1]","['True_liveAnimalInput', 'True_cropResidue', 'True_seed', 'True_product', 'True_pesticideVeterinaryDrug', 'True_excreta', 'True_freshForage', 'True_transport', 'True_animalFeed', 'True_waste', 'True_ingredient', 'True_operation', 'True_soilAmendment', 'True_material', 'True_animalPopulation', 'True_otherChemical', 'True_electricityFuel', 'True_water', 'True_fertiliser']",59,microsoft/deberta-v3-small,systemBoundary,recalculated,rag
68,"permanent pasture producing Meat, beef cattle (liveweight) in Colombia. What is in the system boundary? Additional Context: Here is a summary of the relevant life cycle assessment (LCA) information:

**System boundary**: The system boundary includes the production of beef cattle from birth to slaughter, from the farm to the point of transportation away from the farm gate.

**Components included**:

1. Feed production:
	* Grass silage
	* Cereals (e.g. spring barley, maize)
	* Soy meal
	* Minerals
2. Fertilizer production
3. Manure management
4. Electricity and diesel fuel use
5. Land use (pasture and grazing)

**Exclusions**:

1. Direct N2O emissions from cattle
2. CO2 from enteric fermentation
3. Emissions from production of medicines, insecticides, machines, buildings, and roads
4. Emissions from transportation of feed and other inputs outside the system boundary

**Allocation methods**:

1. Energy allocation method based on energy contents of meat and milk produced
2. Mass allocation method based on mass of meat and milk produced

**System types**:

1. Extensive (EXT) beef production system: small-scale, no fencing, cattle grazed in the same manner
2. Intensive (INT) beef production system: three subsystems:","[1, 1, 1, 1, 0, 0, 1, 0, 1, 0, 1, 0, 1, 0, 1, 1, 1, 0, 1]","[0, 1, 1, 1, 0, 0, 1, 0, 1, 0, 1, 0, 1, 0, 1, 1, 1, 0, 1]","['True_liveAnimalInput', 'True_cropResidue', 'True_seed', 'True_product', 'True_pesticideVeterinaryDrug', 'True_excreta', 'True_freshForage', 'True_transport', 'True_animalFeed', 'True_waste', 'True_ingredient', 'True_operation', 'True_soilAmendment', 'True_material', 'True_animalPopulation', 'True_otherChemical', 'True_electricityFuel', 'True_water', 'True_fertiliser']",68,microsoft/deberta-v3-small,systemBoundary,recalculated,rag
70,"animal housing producing Electricity, produced on in site, solar PV. Additional description: Kipster-Laying hens scenario 3. What is in the system boundary? Additional Context: The system boundary includes:

* Animal housing
* Manure storage in the animal house
* Anaerobic digestion
* Storage and field application of digestate
* Produced electricity and heat from biogas
* Avoided production of fossil-based electricity, heat, and mineral fertilizer
* Production of substitutes for initial use of the co-substrates
* Transport between several life cycle stages
* Cultivation of silage maize (as a co-substrate) and the displaced barley
* Impacts related to production of capital goods

Note that pig production, veterinary medicines, cleaning products, post-production transport, processing, distribution, consumption, and waste disposal are excluded from the system boundary.","[1, 1, 1, 1, 0, 1, 1, 0, 1, 0, 1, 0, 1, 0, 1, 1, 1, 0, 1]","[1, 1, 1, 1, 0, 0, 1, 0, 1, 0, 1, 0, 1, 0, 1, 1, 1, 0, 1]","['True_liveAnimalInput', 'True_cropResidue', 'True_seed', 'True_product', 'True_pesticideVeterinaryDrug', 'True_excreta', 'True_freshForage', 'True_transport', 'True_animalFeed', 'True_waste', 'True_ingredient', 'True_operation', 'True_soilAmendment', 'True_material', 'True_animalPopulation', 'True_otherChemical', 'True_electricityFuel', 'True_water', 'True_fertiliser']",70,microsoft/deberta-v3-small,systemBoundary,recalculated,rag
74,"permanent pasture producing Beef cattle, heifer in United Kingdom. Additional description: Generic grass pasture for sheep and cattle.. What is in the system boundary? Additional Context: The system boundary of the beef production system includes:

* The whole dairy herd, including lactating and dry cows, heifers, calves, and bulls
* Non-lactating animals of the dairy herd (bulls for insemination and labor, female calves and heifers for replacement, and male calves and young bulls for sale)
* Production of local feeds, including fertilizers, irrigation, pesticides, and machinery
* Production of ancillary inputs such as fuels and electricity
* Drinking water for the cattle
* The equipment of the farms with roads, irrigation infrastructure, buildings, and tools (excluding specialized tools)
* The production of medicines and seeds (excluding due to lack of unit processes in LCA databases)
* Carbon sequestration and biogenic carbon emissions of locally produced feeds (excluding due to vegetation cycles shorter than one year)
* The fattening and cow-calf subsystems (for intensive beef production)
* The breeding farm (for breeding and reproduction)
* The pasture production (for grazing and forage)
* The manure and feed production (for animal transport and feeding)
* The fattening farm (for fattening and finishing)
* The cow-calf subsystem (for backgrounding and raising)
* The animal transport (for transportation of cattle to and","[1, 0, 1, 1, 1, 0, 0, 0, 1, 0, 1, 1, 1, 0, 1, 1, 1, 0, 1]","[1, 0, 1, 1, 1, 0, 1, 0, 1, 0, 1, 1, 1, 0, 1, 1, 1, 0, 1]","['True_liveAnimalInput', 'True_cropResidue', 'True_seed', 'True_product', 'True_pesticideVeterinaryDrug', 'True_excreta', 'True_freshForage', 'True_transport', 'True_animalFeed', 'True_waste', 'True_ingredient', 'True_operation', 'True_soilAmendment', 'True_material', 'True_animalPopulation', 'True_otherChemical', 'True_electricityFuel', 'True_water', 'True_fertiliser']",74,microsoft/deberta-v3-small,systemBoundary,recalculated,rag
79,"animal housing producing Beef cattle, bull in Ireland. Additional description: 19AL treatment where Bulls are offered grass silage ad libitum plus 1.5kg dry matter DM per head daily over the Winter period, turned out to pasture for 100 days and finished indoors on a concentrate ad libitum diet for 100 days and slaughtered at 19 months of age (this is the Winter housing phase). What is in the system boundary? Additional Context: Here is a summary of the life cycle assessment (LCA) relevant information:

**System Boundaries:**

* The system boundaries include all stages from breeding to slaughter, excluding:
	+ Transport of bulls to the slaughterhouse
	+ Processing of the meat
* The system includes:
	+ Feed production (cultivation, seeding, fertilizing, pesticide application, liming and harvest)
	+ Breeding (recreational activity in the herd, care taking of cows, heifers and calves)
	+ Fattening
	+ Transport of animals between farms
	+ Manure handling (reused for fertilization)
	+ Machinery production and operation
	+ Energy, concentrates, fertilizer and pesticide production

**Input and Output:**

* Inputs:
	+ Bulls
	+ Grass silage
	+ Concentrate
	+ Fertilizers
	+ Pesticides
	+ Energy
	+ Machinery
* Outputs:
	+ Beef cattle
	+ Manure (reused for fertilization)
	+ Meat (excluded from system boundaries)","[1, 1, 0, 1, 0, 0, 0, 1, 0, 0, 1, 1, 0, 0, 1, 1, 1, 0, 0]","[1, 0, 0, 1, 0, 0, 0, 1, 0, 0, 1, 1, 0, 0, 1, 1, 1, 0, 0]","['True_liveAnimalInput', 'True_cropResidue', 'True_seed', 'True_product', 'True_pesticideVeterinaryDrug', 'True_excreta', 'True_freshForage', 'True_transport', 'True_animalFeed', 'True_waste', 'True_ingredient', 'True_operation', 'True_soilAmendment', 'True_material', 'True_animalPopulation', 'True_otherChemical', 'True_electricityFuel', 'True_water', 'True_fertiliser']",79,microsoft/deberta-v3-small,systemBoundary,recalculated,rag
82,"animal housing producing Pig in Germany. Additional description: Fattening-FARM. What is in the system boundary? Additional Context: The system boundary of this production system includes:

1. Feed production, both on-farm and off-farm
2. Manure management, including emissions due to manure storage and application
3. Manure in the sample farms
4. Emissions from enteric fermentation of all animal categories
5. Emissions from land use change (not included in this study)
6. Feed consumption and transportation to the farms
7. Recycling of products, such as manure exceeding on-farm feed production needs
8. Emissions from agricultural operations, including fertilizers, pesticides, and herbicides
9. Energy consumption and transportation activities
10. Slaughter and processing of animals
11. Distribution of pig feed from feed producers to the farm gate
12. Emissions from slurry management and application on agricultural lands
13. Emissions from electricity production and use
14. Emissions from water and soil pollution
15. Emissions from pharmaceutical and chemical management
16. Avoided mineral fertilizer production and application
17. Natural gas production and use
18. System boundaries do not include packaging, disposal, and incidental use of veterinary products.","[1, 1, 1, 1, 0, 1, 1, 0, 1, 0, 1, 0, 1, 0, 1, 1, 0, 0, 1]","[1, 1, 1, 1, 0, 0, 1, 0, 1, 0, 1, 0, 1, 0, 1, 1, 0, 0, 1]","['True_liveAnimalInput', 'True_cropResidue', 'True_seed', 'True_product', 'True_pesticideVeterinaryDrug', 'True_excreta', 'True_freshForage', 'True_transport', 'True_animalFeed', 'True_waste', 'True_ingredient', 'True_operation', 'True_soilAmendment', 'True_material', 'True_animalPopulation', 'True_otherChemical', 'True_electricityFuel', 'True_water', 'True_fertiliser']",82,microsoft/deberta-v3-small,systemBoundary,recalculated,rag
90,"agri-food processor producing Cheese, cow in Portugal. Additional description: Mature cheese production. What is in the system boundary? Additional Context: Here is a summary of the system boundary for the cheese production system:

* Dairy farm: 
  - Animal feed production (maize silage, ryegrass silage, straw, and concentrates)
  - Raw milk production
  - Cleaning agents (not considered due to lack of data)
* Dairy factory:
  - Milk treatment
  - Coagulation and moulding
  - Salting and curing
  - Pressing
  - Packaging
  - WWTP (wastewater treatment)
  - Storage
* Waste treatment:
  - Treatment of packaging materials and sludge from WWTP
  - Transport to waste management destination","[1, 1, 1, 1, 1, 1, 1, 0, 1, 1, 1, 0, 1, 0, 1, 1, 1, 1, 1]","[1, 1, 1, 1, 1, 1, 1, 0, 1, 0, 1, 0, 1, 0, 1, 1, 1, 1, 1]","['True_liveAnimalInput', 'True_cropResidue', 'True_seed', 'True_product', 'True_pesticideVeterinaryDrug', 'True_excreta', 'True_freshForage', 'True_transport', 'True_animalFeed', 'True_waste', 'True_ingredient', 'True_operation', 'True_soilAmendment', 'True_material', 'True_animalPopulation', 'True_otherChemical', 'True_electricityFuel', 'True_water', 'True_fertiliser']",90,microsoft/deberta-v3-small,systemBoundary,recalculated,rag
98," producing Broiler chicken in France. Additional description: France standard system (Fr-ST). What is in the system boundary? Additional Context: The system boundary of the Broiler chicken production system in France (Fr-ST) includes:

1. Crop production
2. Feed production
3. Slaughterhouse
4. Packaging process
5. Transport

The following processes are excluded from the system boundary:

1. Production of cleaning agents
2. Solid-stream processing (e.g. processing of feathers, heads, feet, and viscera)
3. Production of vaccines
4. Production of fungicides
5. Production of phosphate","[1, 1, 1, 1, 1, 0, 1, 0, 1, 0, 1, 0, 1, 0, 1, 1, 0, 0, 1]","[1, 1, 1, 1, 1, 1, 1, 0, 1, 0, 1, 0, 1, 0, 1, 0, 0, 0, 1]","['True_liveAnimalInput', 'True_cropResidue', 'True_seed', 'True_product', 'True_pesticideVeterinaryDrug', 'True_excreta', 'True_freshForage', 'True_transport', 'True_animalFeed', 'True_waste', 'True_ingredient', 'True_operation', 'True_soilAmendment', 'True_material', 'True_animalPopulation', 'True_otherChemical', 'True_electricityFuel', 'True_water', 'True_fertiliser']",98,microsoft/deberta-v3-small,systemBoundary,recalculated,rag
