,model,dataset,dataset_type,RAG,label,precision,count
0,climatebert/distilroberta-base-climate-f,functionalUnit,recalculated,no rag,days,1.0,
1,climatebert/distilroberta-base-climate-f,functionalUnit,recalculated,no rag,1 ha,1.0,
2,climatebert/distilroberta-base-climate-f,functionalUnit,recalculated,no rag,kg,1.0,
3,climatebert/distilroberta-base-climate-f,functionalUnit,recalculated,no rag,kg cold dressed carcass weight/head,0.0,
4,climatebert/distilroberta-base-climate-f,functionalUnit,recalculated,no rag,kg cold carcass weight/head,0.9411764705882353,
5,climatebert/distilroberta-base-climate-f,functionalUnit,recalculated,no rag,kg liveweight/head,0.8666666666666667,
6,climatebert/distilroberta-base-climate-f,functionalUnit,recalculated,no rag,relative,0.989247311827957,
7,climatebert/distilroberta-base-climate-f,functionalUnit,recalculated,no rag,unitless,0.0,
8,climatebert/distilroberta-base-climate-f,functionalUnit,recalculated,no rag,kg ready-to-cook weight/head,0.0,
9,climatebert/distilroberta-base-climate-f,functionalUnit,recalculated,no rag,%,1.0,
10,ESGBERT/EnvironmentalBERT-base,functionalUnit,recalculated,no rag,days,1.0,
11,ESGBERT/EnvironmentalBERT-base,functionalUnit,recalculated,no rag,1 ha,1.0,
12,ESGBERT/EnvironmentalBERT-base,functionalUnit,recalculated,no rag,kg,1.0,
13,ESGBERT/EnvironmentalBERT-base,functionalUnit,recalculated,no rag,kg cold dressed carcass weight/head,0.0,
14,ESGBERT/EnvironmentalBERT-base,functionalUnit,recalculated,no rag,kg cold carcass weight/head,0.9411764705882353,
15,ESGBERT/EnvironmentalBERT-base,functionalUnit,recalculated,no rag,kg liveweight/head,0.896551724137931,
16,ESGBERT/EnvironmentalBERT-base,functionalUnit,recalculated,no rag,relative,1.0,
17,ESGBERT/EnvironmentalBERT-base,functionalUnit,recalculated,no rag,unitless,0.0,
18,ESGBERT/EnvironmentalBERT-base,functionalUnit,recalculated,no rag,kg ready-to-cook weight/head,0.0,
19,ESGBERT/EnvironmentalBERT-base,functionalUnit,recalculated,no rag,%,1.0,
20,FacebookAI/roberta-large,functionalUnit,recalculated,no rag,days,1.0,
21,FacebookAI/roberta-large,functionalUnit,recalculated,no rag,1 ha,1.0,
22,FacebookAI/roberta-large,functionalUnit,recalculated,no rag,kg,1.0,
23,FacebookAI/roberta-large,functionalUnit,recalculated,no rag,kg cold dressed carcass weight/head,0.0,
24,FacebookAI/roberta-large,functionalUnit,recalculated,no rag,kg cold carcass weight/head,0.9411764705882353,
25,FacebookAI/roberta-large,functionalUnit,recalculated,no rag,kg liveweight/head,0.8666666666666667,
26,FacebookAI/roberta-large,functionalUnit,recalculated,no rag,relative,1.0,
27,FacebookAI/roberta-large,functionalUnit,recalculated,no rag,unitless,0.0,
28,FacebookAI/roberta-large,functionalUnit,recalculated,no rag,kg ready-to-cook weight/head,0.0,
29,FacebookAI/roberta-large,functionalUnit,recalculated,no rag,%,0.7142857142857143,
30,google-bert/bert-base-uncased,functionalUnit,recalculated,no rag,days,0.7777777777777778,
31,google-bert/bert-base-uncased,functionalUnit,recalculated,no rag,1 ha,1.0,
32,google-bert/bert-base-uncased,functionalUnit,recalculated,no rag,kg,1.0,
33,google-bert/bert-base-uncased,functionalUnit,recalculated,no rag,kg cold dressed carcass weight/head,0.0,
34,google-bert/bert-base-uncased,functionalUnit,recalculated,no rag,kg cold carcass weight/head,0.9411764705882353,
35,google-bert/bert-base-uncased,functionalUnit,recalculated,no rag,kg liveweight/head,0.8524590163934426,
36,google-bert/bert-base-uncased,functionalUnit,recalculated,no rag,relative,1.0,
37,google-bert/bert-base-uncased,functionalUnit,recalculated,no rag,unitless,0.0,
38,google-bert/bert-base-uncased,functionalUnit,recalculated,no rag,kg ready-to-cook weight/head,0.0,
39,google-bert/bert-base-uncased,functionalUnit,recalculated,no rag,%,1.0,
40,microsoft/deberta-v3-base,functionalUnit,recalculated,no rag,days,0.7777777777777778,
41,microsoft/deberta-v3-base,functionalUnit,recalculated,no rag,1 ha,1.0,
42,microsoft/deberta-v3-base,functionalUnit,recalculated,no rag,kg,1.0,
43,microsoft/deberta-v3-base,functionalUnit,recalculated,no rag,kg cold dressed carcass weight/head,0.0,
44,microsoft/deberta-v3-base,functionalUnit,recalculated,no rag,kg cold carcass weight/head,0.9411764705882353,
45,microsoft/deberta-v3-base,functionalUnit,recalculated,no rag,kg liveweight/head,0.8666666666666667,
46,microsoft/deberta-v3-base,functionalUnit,recalculated,no rag,relative,0.989247311827957,
47,microsoft/deberta-v3-base,functionalUnit,recalculated,no rag,unitless,0.0,
48,microsoft/deberta-v3-base,functionalUnit,recalculated,no rag,kg ready-to-cook weight/head,0.0,
49,microsoft/deberta-v3-base,functionalUnit,recalculated,no rag,%,1.0,
50,microsoft/deberta-v3-large,functionalUnit,recalculated,no rag,days,0.7777777777777778,
51,microsoft/deberta-v3-large,functionalUnit,recalculated,no rag,1 ha,1.0,
52,microsoft/deberta-v3-large,functionalUnit,recalculated,no rag,kg,1.0,
53,microsoft/deberta-v3-large,functionalUnit,recalculated,no rag,kg cold dressed carcass weight/head,0.0,
54,microsoft/deberta-v3-large,functionalUnit,recalculated,no rag,kg cold carcass weight/head,0.9411764705882353,
55,microsoft/deberta-v3-large,functionalUnit,recalculated,no rag,kg liveweight/head,0.8666666666666667,
56,microsoft/deberta-v3-large,functionalUnit,recalculated,no rag,relative,0.989247311827957,
57,microsoft/deberta-v3-large,functionalUnit,recalculated,no rag,unitless,0.0,
58,microsoft/deberta-v3-large,functionalUnit,recalculated,no rag,kg ready-to-cook weight/head,0.0,
59,microsoft/deberta-v3-large,functionalUnit,recalculated,no rag,%,1.0,
60,microsoft/deberta-v3-small,functionalUnit,recalculated,no rag,days,0.7777777777777778,
61,microsoft/deberta-v3-small,functionalUnit,recalculated,no rag,1 ha,1.0,
62,microsoft/deberta-v3-small,functionalUnit,recalculated,no rag,kg,1.0,
63,microsoft/deberta-v3-small,functionalUnit,recalculated,no rag,kg cold dressed carcass weight/head,0.0,
64,microsoft/deberta-v3-small,functionalUnit,recalculated,no rag,kg cold carcass weight/head,0.9411764705882353,
65,microsoft/deberta-v3-small,functionalUnit,recalculated,no rag,kg liveweight/head,0.8666666666666667,
66,microsoft/deberta-v3-small,functionalUnit,recalculated,no rag,relative,0.989247311827957,
67,microsoft/deberta-v3-small,functionalUnit,recalculated,no rag,unitless,0.0,
68,microsoft/deberta-v3-small,functionalUnit,recalculated,no rag,kg ready-to-cook weight/head,0.0,
69,microsoft/deberta-v3-small,functionalUnit,recalculated,no rag,%,1.0,
70,climatebert/distilroberta-base-climate-f,product,recalculated,no rag,"Beef cattle, steer",1.0,
71,climatebert/distilroberta-base-climate-f,product,recalculated,no rag,"Beef cattle, heifer and steer",0.0,
72,climatebert/distilroberta-base-climate-f,product,recalculated,no rag,Broiler chicken,1.0,
73,climatebert/distilroberta-base-climate-f,product,recalculated,no rag,"Dairy cattle, calf (male, unweaned)",0.0,
74,climatebert/distilroberta-base-climate-f,product,recalculated,no rag,Eggs,1.0,
75,climatebert/distilroberta-base-climate-f,product,recalculated,no rag,Soft,1.0,
76,climatebert/distilroberta-base-climate-f,product,recalculated,no rag,"Sheep, ewe",1.0,
77,climatebert/distilroberta-base-climate-f,product,recalculated,no rag,Electricity,0.0,
78,climatebert/distilroberta-base-climate-f,product,recalculated,no rag,"Cheese, sheep",0.0,
79,climatebert/distilroberta-base-climate-f,product,recalculated,no rag,"Layer chicken, hen",1.0,
80,climatebert/distilroberta-base-climate-f,product,recalculated,no rag,"Milk, cow, raw (FPCM)",1.0,
81,climatebert/distilroberta-base-climate-f,product,recalculated,no rag,Milk,1.0,
82,climatebert/distilroberta-base-climate-f,product,recalculated,no rag,"Meat, chicken, leg",0.0,
83,climatebert/distilroberta-base-climate-f,product,recalculated,no rag,"Whey, liquid",1.0,
84,climatebert/distilroberta-base-climate-f,product,recalculated,no rag,"Electricity, produced on",0.0,
85,climatebert/distilroberta-base-climate-f,product,recalculated,no rag,Dairy cattle,1.0,
86,climatebert/distilroberta-base-climate-f,product,recalculated,no rag,"Meat, chicken, breast",0.0,
87,climatebert/distilroberta-base-climate-f,product,recalculated,no rag,"Meat, dairy cattle (liveweight)",1.0,
88,climatebert/distilroberta-base-climate-f,product,recalculated,no rag,"Beef cattle, bull",1.0,
89,climatebert/distilroberta-base-climate-f,product,recalculated,no rag,"Milk, cow, raw",1.0,
90,climatebert/distilroberta-base-climate-f,product,recalculated,no rag,"Sheep, ram",1.0,
91,climatebert/distilroberta-base-climate-f,product,recalculated,no rag,Caciotta,1.0,
92,climatebert/distilroberta-base-climate-f,product,recalculated,no rag,"Whey, powder",0.0,
93,climatebert/distilroberta-base-climate-f,product,recalculated,no rag,Buttermilk,0.0,
94,climatebert/distilroberta-base-climate-f,product,recalculated,no rag,"Meat, chicken (cold carcass weight)",0.0,
95,climatebert/distilroberta-base-climate-f,product,recalculated,no rag,"Pig, sow",1.0,
96,climatebert/distilroberta-base-climate-f,product,recalculated,no rag,"Broiler chicken, chick",0.0,
97,climatebert/distilroberta-base-climate-f,product,recalculated,no rag,Sheep,1.0,
98,climatebert/distilroberta-base-climate-f,product,recalculated,no rag,"Dairy cattle, calf",0.0,
99,climatebert/distilroberta-base-climate-f,product,recalculated,no rag,"Beef cattle, calf (weaned)",0.0,
100,climatebert/distilroberta-base-climate-f,product,recalculated,no rag,"Dairy cattle, calf (female, weaned)",0.0,
101,climatebert/distilroberta-base-climate-f,product,recalculated,no rag,Ricotta,1.0,
102,climatebert/distilroberta-base-climate-f,product,recalculated,no rag,"Dairy cattle, heifer",1.0,
103,climatebert/distilroberta-base-climate-f,product,recalculated,no rag,"Meat, beef cattle (cold carcass weight)",0.0,
104,climatebert/distilroberta-base-climate-f,product,recalculated,no rag,"Beef cattle, calf (male, weaned)",1.0,
105,climatebert/distilroberta-base-climate-f,product,recalculated,no rag,Wastewater (kg mass),1.0,
106,climatebert/distilroberta-base-climate-f,product,recalculated,no rag,Poultry by,0.0,
107,climatebert/distilroberta-base-climate-f,product,recalculated,no rag,"Sheep, lamb",1.0,
108,climatebert/distilroberta-base-climate-f,product,recalculated,no rag,"Eggs, hen, in shell (number)",1.0,
109,climatebert/distilroberta-base-climate-f,product,recalculated,no rag,"Meat, dairy cattle (cold carcass weight)",0.0,
110,climatebert/distilroberta-base-climate-f,product,recalculated,no rag,Meat,1.0,
111,climatebert/distilroberta-base-climate-f,product,recalculated,no rag,Layer chicken,1.0,
112,climatebert/distilroberta-base-climate-f,product,recalculated,no rag,Butter,1.0,
113,climatebert/distilroberta-base-climate-f,product,recalculated,no rag,"Meat, pig (cold dressed carcass weight)",1.0,
114,climatebert/distilroberta-base-climate-f,product,recalculated,no rag,"Eggs, hen, in shell",0.0,
115,climatebert/distilroberta-base-climate-f,product,recalculated,no rag,"Dairy cattle, cow",1.0,
116,climatebert/distilroberta-base-climate-f,product,recalculated,no rag,Fresh cheese,0.0,
117,climatebert/distilroberta-base-climate-f,product,recalculated,no rag,"Cattle, urine (kg mass)",0.0,
118,climatebert/distilroberta-base-climate-f,product,recalculated,no rag,Cattle,0.0,
119,climatebert/distilroberta-base-climate-f,product,recalculated,no rag,"Beef cattle, heifer",1.0,
120,climatebert/distilroberta-base-climate-f,product,recalculated,no rag,Pig,1.0,
121,climatebert/distilroberta-base-climate-f,product,recalculated,no rag,"Beef cattle, cow",0.0,
122,climatebert/distilroberta-base-climate-f,product,recalculated,no rag,Cream,0.0,
123,climatebert/distilroberta-base-climate-f,product,recalculated,no rag,Ripened cheese,1.0,
124,climatebert/distilroberta-base-climate-f,product,recalculated,no rag,"Dairy cattle, calf (weaned)",0.0,
125,climatebert/distilroberta-base-climate-f,product,recalculated,no rag,Yoghurt,1.0,
126,climatebert/distilroberta-base-climate-f,product,recalculated,no rag,Whey,1.0,
127,climatebert/distilroberta-base-climate-f,product,recalculated,no rag,"Meat, beef cattle (liveweight)",1.0,
128,climatebert/distilroberta-base-climate-f,product,recalculated,no rag,"Cheese, cow",1.0,
129,climatebert/distilroberta-base-climate-f,product,recalculated,no rag,"Pig, piglet",1.0,
130,climatebert/distilroberta-base-climate-f,product,recalculated,no rag,Cheese,1.0,
131,climatebert/distilroberta-base-climate-f,product,recalculated,no rag,"Meat, chicken (liveweight)",0.0,
132,climatebert/distilroberta-base-climate-f,product,recalculated,no rag,"Beef cattle, calf (female, weaned)",1.0,
133,climatebert/distilroberta-base-climate-f,product,recalculated,no rag,"Broiler chicken, hen",1.0,
134,climatebert/distilroberta-base-climate-f,product,recalculated,no rag,"Cream, cow, raw",0.0,
135,climatebert/distilroberta-base-climate-f,product,recalculated,no rag,"Sheep, lamb (weaned)",1.0,
136,climatebert/distilroberta-base-climate-f,product,recalculated,no rag,Beef cattle,1.0,
137,climatebert/distilroberta-base-climate-f,product,recalculated,no rag,"Meat, chicken, wings",1.0,
138,climatebert/distilroberta-base-climate-f,product,recalculated,no rag,"Meat, beef cattle (cold dressed carcass weight)",1.0,
139,climatebert/distilroberta-base-climate-f,product,recalculated,no rag,"Layer chicken, pullet",1.0,
140,ESGBERT/EnvironmentalBERT-base,product,recalculated,no rag,"Beef cattle, steer",1.0,
141,ESGBERT/EnvironmentalBERT-base,product,recalculated,no rag,"Beef cattle, heifer and steer",0.0,
142,ESGBERT/EnvironmentalBERT-base,product,recalculated,no rag,Broiler chicken,1.0,
143,ESGBERT/EnvironmentalBERT-base,product,recalculated,no rag,"Dairy cattle, calf (male, unweaned)",0.0,
144,ESGBERT/EnvironmentalBERT-base,product,recalculated,no rag,Eggs,1.0,
145,ESGBERT/EnvironmentalBERT-base,product,recalculated,no rag,Soft,1.0,
146,ESGBERT/EnvironmentalBERT-base,product,recalculated,no rag,"Sheep, ewe",1.0,
147,ESGBERT/EnvironmentalBERT-base,product,recalculated,no rag,Electricity,0.0,
148,ESGBERT/EnvironmentalBERT-base,product,recalculated,no rag,"Cheese, sheep",0.0,
149,ESGBERT/EnvironmentalBERT-base,product,recalculated,no rag,"Layer chicken, hen",1.0,
150,ESGBERT/EnvironmentalBERT-base,product,recalculated,no rag,"Milk, cow, raw (FPCM)",1.0,
151,ESGBERT/EnvironmentalBERT-base,product,recalculated,no rag,Milk,1.0,
152,ESGBERT/EnvironmentalBERT-base,product,recalculated,no rag,"Meat, chicken, leg",0.0,
153,ESGBERT/EnvironmentalBERT-base,product,recalculated,no rag,"Whey, liquid",1.0,
154,ESGBERT/EnvironmentalBERT-base,product,recalculated,no rag,"Electricity, produced on",0.0,
155,ESGBERT/EnvironmentalBERT-base,product,recalculated,no rag,Dairy cattle,1.0,
156,ESGBERT/EnvironmentalBERT-base,product,recalculated,no rag,"Meat, chicken, breast",0.0,
157,ESGBERT/EnvironmentalBERT-base,product,recalculated,no rag,"Meat, dairy cattle (liveweight)",1.0,
158,ESGBERT/EnvironmentalBERT-base,product,recalculated,no rag,"Beef cattle, bull",1.0,
159,ESGBERT/EnvironmentalBERT-base,product,recalculated,no rag,"Milk, cow, raw",1.0,
160,ESGBERT/EnvironmentalBERT-base,product,recalculated,no rag,"Sheep, ram",1.0,
161,ESGBERT/EnvironmentalBERT-base,product,recalculated,no rag,Caciotta,1.0,
162,ESGBERT/EnvironmentalBERT-base,product,recalculated,no rag,"Whey, powder",0.0,
163,ESGBERT/EnvironmentalBERT-base,product,recalculated,no rag,Buttermilk,0.0,
164,ESGBERT/EnvironmentalBERT-base,product,recalculated,no rag,"Meat, chicken (cold carcass weight)",0.0,
165,ESGBERT/EnvironmentalBERT-base,product,recalculated,no rag,"Pig, sow",1.0,
166,ESGBERT/EnvironmentalBERT-base,product,recalculated,no rag,"Broiler chicken, chick",0.0,
167,ESGBERT/EnvironmentalBERT-base,product,recalculated,no rag,Sheep,1.0,
168,ESGBERT/EnvironmentalBERT-base,product,recalculated,no rag,"Dairy cattle, calf",0.0,
169,ESGBERT/EnvironmentalBERT-base,product,recalculated,no rag,"Beef cattle, calf (weaned)",0.0,
170,ESGBERT/EnvironmentalBERT-base,product,recalculated,no rag,"Dairy cattle, calf (female, weaned)",0.0,
171,ESGBERT/EnvironmentalBERT-base,product,recalculated,no rag,Ricotta,1.0,
172,ESGBERT/EnvironmentalBERT-base,product,recalculated,no rag,"Dairy cattle, heifer",1.0,
173,ESGBERT/EnvironmentalBERT-base,product,recalculated,no rag,"Meat, beef cattle (cold carcass weight)",0.0,
174,ESGBERT/EnvironmentalBERT-base,product,recalculated,no rag,"Beef cattle, calf (male, weaned)",1.0,
175,ESGBERT/EnvironmentalBERT-base,product,recalculated,no rag,Wastewater (kg mass),1.0,
176,ESGBERT/EnvironmentalBERT-base,product,recalculated,no rag,Poultry by,0.0,
177,ESGBERT/EnvironmentalBERT-base,product,recalculated,no rag,"Sheep, lamb",1.0,
178,ESGBERT/EnvironmentalBERT-base,product,recalculated,no rag,"Eggs, hen, in shell (number)",1.0,
179,ESGBERT/EnvironmentalBERT-base,product,recalculated,no rag,"Meat, dairy cattle (cold carcass weight)",0.0,
180,ESGBERT/EnvironmentalBERT-base,product,recalculated,no rag,Meat,1.0,
181,ESGBERT/EnvironmentalBERT-base,product,recalculated,no rag,Layer chicken,1.0,
182,ESGBERT/EnvironmentalBERT-base,product,recalculated,no rag,Butter,1.0,
183,ESGBERT/EnvironmentalBERT-base,product,recalculated,no rag,"Meat, pig (cold dressed carcass weight)",1.0,
184,ESGBERT/EnvironmentalBERT-base,product,recalculated,no rag,"Eggs, hen, in shell",0.0,
185,ESGBERT/EnvironmentalBERT-base,product,recalculated,no rag,"Dairy cattle, cow",1.0,
186,ESGBERT/EnvironmentalBERT-base,product,recalculated,no rag,Fresh cheese,0.0,
187,ESGBERT/EnvironmentalBERT-base,product,recalculated,no rag,"Cattle, urine (kg mass)",0.0,
188,ESGBERT/EnvironmentalBERT-base,product,recalculated,no rag,Cattle,0.0,
189,ESGBERT/EnvironmentalBERT-base,product,recalculated,no rag,"Beef cattle, heifer",1.0,
190,ESGBERT/EnvironmentalBERT-base,product,recalculated,no rag,Pig,1.0,
191,ESGBERT/EnvironmentalBERT-base,product,recalculated,no rag,"Beef cattle, cow",0.0,
192,ESGBERT/EnvironmentalBERT-base,product,recalculated,no rag,Cream,0.0,
193,ESGBERT/EnvironmentalBERT-base,product,recalculated,no rag,Ripened cheese,1.0,
194,ESGBERT/EnvironmentalBERT-base,product,recalculated,no rag,"Dairy cattle, calf (weaned)",0.0,
195,ESGBERT/EnvironmentalBERT-base,product,recalculated,no rag,Yoghurt,1.0,
196,ESGBERT/EnvironmentalBERT-base,product,recalculated,no rag,Whey,1.0,
197,ESGBERT/EnvironmentalBERT-base,product,recalculated,no rag,"Meat, beef cattle (liveweight)",1.0,
198,ESGBERT/EnvironmentalBERT-base,product,recalculated,no rag,"Cheese, cow",1.0,
199,ESGBERT/EnvironmentalBERT-base,product,recalculated,no rag,"Pig, piglet",1.0,
200,ESGBERT/EnvironmentalBERT-base,product,recalculated,no rag,Cheese,1.0,
201,ESGBERT/EnvironmentalBERT-base,product,recalculated,no rag,"Meat, chicken (liveweight)",0.0,
202,ESGBERT/EnvironmentalBERT-base,product,recalculated,no rag,"Beef cattle, calf (female, weaned)",1.0,
203,ESGBERT/EnvironmentalBERT-base,product,recalculated,no rag,"Broiler chicken, hen",1.0,
204,ESGBERT/EnvironmentalBERT-base,product,recalculated,no rag,"Cream, cow, raw",0.0,
205,ESGBERT/EnvironmentalBERT-base,product,recalculated,no rag,"Sheep, lamb (weaned)",1.0,
206,ESGBERT/EnvironmentalBERT-base,product,recalculated,no rag,Beef cattle,1.0,
207,ESGBERT/EnvironmentalBERT-base,product,recalculated,no rag,"Meat, chicken, wings",1.0,
208,ESGBERT/EnvironmentalBERT-base,product,recalculated,no rag,"Meat, beef cattle (cold dressed carcass weight)",1.0,
209,ESGBERT/EnvironmentalBERT-base,product,recalculated,no rag,"Layer chicken, pullet",1.0,
210,FacebookAI/roberta-large,product,recalculated,no rag,"Beef cattle, steer",1.0,
211,FacebookAI/roberta-large,product,recalculated,no rag,"Beef cattle, heifer and steer",0.0,
212,FacebookAI/roberta-large,product,recalculated,no rag,Broiler chicken,1.0,
213,FacebookAI/roberta-large,product,recalculated,no rag,"Dairy cattle, calf (male, unweaned)",0.0,
214,FacebookAI/roberta-large,product,recalculated,no rag,Eggs,1.0,
215,FacebookAI/roberta-large,product,recalculated,no rag,Soft,1.0,
216,FacebookAI/roberta-large,product,recalculated,no rag,"Sheep, ewe",1.0,
217,FacebookAI/roberta-large,product,recalculated,no rag,Electricity,0.0,
218,FacebookAI/roberta-large,product,recalculated,no rag,"Cheese, sheep",0.0,
219,FacebookAI/roberta-large,product,recalculated,no rag,"Layer chicken, hen",1.0,
220,FacebookAI/roberta-large,product,recalculated,no rag,"Milk, cow, raw (FPCM)",1.0,
221,FacebookAI/roberta-large,product,recalculated,no rag,Milk,1.0,
222,FacebookAI/roberta-large,product,recalculated,no rag,"Meat, chicken, leg",0.0,
223,FacebookAI/roberta-large,product,recalculated,no rag,"Whey, liquid",1.0,
224,FacebookAI/roberta-large,product,recalculated,no rag,"Electricity, produced on",0.0,
225,FacebookAI/roberta-large,product,recalculated,no rag,Dairy cattle,1.0,
226,FacebookAI/roberta-large,product,recalculated,no rag,"Meat, chicken, breast",0.0,
227,FacebookAI/roberta-large,product,recalculated,no rag,"Meat, dairy cattle (liveweight)",1.0,
228,FacebookAI/roberta-large,product,recalculated,no rag,"Beef cattle, bull",1.0,
229,FacebookAI/roberta-large,product,recalculated,no rag,"Milk, cow, raw",1.0,
230,FacebookAI/roberta-large,product,recalculated,no rag,"Sheep, ram",1.0,
231,FacebookAI/roberta-large,product,recalculated,no rag,Caciotta,1.0,
232,FacebookAI/roberta-large,product,recalculated,no rag,"Whey, powder",0.0,
233,FacebookAI/roberta-large,product,recalculated,no rag,Buttermilk,0.0,
234,FacebookAI/roberta-large,product,recalculated,no rag,"Meat, chicken (cold carcass weight)",0.0,
235,FacebookAI/roberta-large,product,recalculated,no rag,"Pig, sow",1.0,
236,FacebookAI/roberta-large,product,recalculated,no rag,"Broiler chicken, chick",0.0,
237,FacebookAI/roberta-large,product,recalculated,no rag,Sheep,1.0,
238,FacebookAI/roberta-large,product,recalculated,no rag,"Dairy cattle, calf",0.0,
239,FacebookAI/roberta-large,product,recalculated,no rag,"Beef cattle, calf (weaned)",0.0,
240,FacebookAI/roberta-large,product,recalculated,no rag,"Dairy cattle, calf (female, weaned)",0.0,
241,FacebookAI/roberta-large,product,recalculated,no rag,Ricotta,1.0,
242,FacebookAI/roberta-large,product,recalculated,no rag,"Dairy cattle, heifer",1.0,
243,FacebookAI/roberta-large,product,recalculated,no rag,"Meat, beef cattle (cold carcass weight)",0.0,
244,FacebookAI/roberta-large,product,recalculated,no rag,"Beef cattle, calf (male, weaned)",1.0,
245,FacebookAI/roberta-large,product,recalculated,no rag,Wastewater (kg mass),1.0,
246,FacebookAI/roberta-large,product,recalculated,no rag,Poultry by,0.0,
247,FacebookAI/roberta-large,product,recalculated,no rag,"Sheep, lamb",1.0,
248,FacebookAI/roberta-large,product,recalculated,no rag,"Eggs, hen, in shell (number)",1.0,
249,FacebookAI/roberta-large,product,recalculated,no rag,"Meat, dairy cattle (cold carcass weight)",0.0,
250,FacebookAI/roberta-large,product,recalculated,no rag,Meat,1.0,
251,FacebookAI/roberta-large,product,recalculated,no rag,Layer chicken,1.0,
252,FacebookAI/roberta-large,product,recalculated,no rag,Butter,1.0,
253,FacebookAI/roberta-large,product,recalculated,no rag,"Meat, pig (cold dressed carcass weight)",1.0,
254,FacebookAI/roberta-large,product,recalculated,no rag,"Eggs, hen, in shell",0.0,
255,FacebookAI/roberta-large,product,recalculated,no rag,"Dairy cattle, cow",1.0,
256,FacebookAI/roberta-large,product,recalculated,no rag,Fresh cheese,0.0,
257,FacebookAI/roberta-large,product,recalculated,no rag,"Cattle, urine (kg mass)",0.0,
258,FacebookAI/roberta-large,product,recalculated,no rag,Cattle,0.0,
259,FacebookAI/roberta-large,product,recalculated,no rag,"Beef cattle, heifer",1.0,
260,FacebookAI/roberta-large,product,recalculated,no rag,Pig,1.0,
261,FacebookAI/roberta-large,product,recalculated,no rag,"Beef cattle, cow",0.0,
262,FacebookAI/roberta-large,product,recalculated,no rag,Cream,0.0,
263,FacebookAI/roberta-large,product,recalculated,no rag,Ripened cheese,1.0,
264,FacebookAI/roberta-large,product,recalculated,no rag,"Dairy cattle, calf (weaned)",0.0,
265,FacebookAI/roberta-large,product,recalculated,no rag,Yoghurt,1.0,
266,FacebookAI/roberta-large,product,recalculated,no rag,Whey,1.0,
267,FacebookAI/roberta-large,product,recalculated,no rag,"Meat, beef cattle (liveweight)",1.0,
268,FacebookAI/roberta-large,product,recalculated,no rag,"Cheese, cow",1.0,
269,FacebookAI/roberta-large,product,recalculated,no rag,"Pig, piglet",1.0,
270,FacebookAI/roberta-large,product,recalculated,no rag,Cheese,1.0,
271,FacebookAI/roberta-large,product,recalculated,no rag,"Meat, chicken (liveweight)",0.0,
272,FacebookAI/roberta-large,product,recalculated,no rag,"Beef cattle, calf (female, weaned)",1.0,
273,FacebookAI/roberta-large,product,recalculated,no rag,"Broiler chicken, hen",1.0,
274,FacebookAI/roberta-large,product,recalculated,no rag,"Cream, cow, raw",0.0,
275,FacebookAI/roberta-large,product,recalculated,no rag,"Sheep, lamb (weaned)",1.0,
276,FacebookAI/roberta-large,product,recalculated,no rag,Beef cattle,1.0,
277,FacebookAI/roberta-large,product,recalculated,no rag,"Meat, chicken, wings",1.0,
278,FacebookAI/roberta-large,product,recalculated,no rag,"Meat, beef cattle (cold dressed carcass weight)",1.0,
279,FacebookAI/roberta-large,product,recalculated,no rag,"Layer chicken, pullet",1.0,
280,google-bert/bert-base-uncased,product,recalculated,no rag,"Beef cattle, steer",1.0,
281,google-bert/bert-base-uncased,product,recalculated,no rag,"Beef cattle, heifer and steer",0.0,
282,google-bert/bert-base-uncased,product,recalculated,no rag,Broiler chicken,1.0,
283,google-bert/bert-base-uncased,product,recalculated,no rag,"Dairy cattle, calf (male, unweaned)",0.0,
284,google-bert/bert-base-uncased,product,recalculated,no rag,Eggs,1.0,
285,google-bert/bert-base-uncased,product,recalculated,no rag,Soft,1.0,
286,google-bert/bert-base-uncased,product,recalculated,no rag,"Sheep, ewe",1.0,
287,google-bert/bert-base-uncased,product,recalculated,no rag,Electricity,0.0,
288,google-bert/bert-base-uncased,product,recalculated,no rag,"Cheese, sheep",0.0,
289,google-bert/bert-base-uncased,product,recalculated,no rag,"Layer chicken, hen",1.0,
290,google-bert/bert-base-uncased,product,recalculated,no rag,"Milk, cow, raw (FPCM)",1.0,
291,google-bert/bert-base-uncased,product,recalculated,no rag,Milk,1.0,
292,google-bert/bert-base-uncased,product,recalculated,no rag,"Meat, chicken, leg",0.0,
293,google-bert/bert-base-uncased,product,recalculated,no rag,"Whey, liquid",1.0,
294,google-bert/bert-base-uncased,product,recalculated,no rag,"Electricity, produced on",0.0,
295,google-bert/bert-base-uncased,product,recalculated,no rag,Dairy cattle,1.0,
296,google-bert/bert-base-uncased,product,recalculated,no rag,"Meat, chicken, breast",0.0,
297,google-bert/bert-base-uncased,product,recalculated,no rag,"Meat, dairy cattle (liveweight)",1.0,
298,google-bert/bert-base-uncased,product,recalculated,no rag,"Beef cattle, bull",1.0,
299,google-bert/bert-base-uncased,product,recalculated,no rag,"Milk, cow, raw",1.0,
300,google-bert/bert-base-uncased,product,recalculated,no rag,"Sheep, ram",1.0,
301,google-bert/bert-base-uncased,product,recalculated,no rag,Caciotta,1.0,
302,google-bert/bert-base-uncased,product,recalculated,no rag,"Whey, powder",0.0,
303,google-bert/bert-base-uncased,product,recalculated,no rag,Buttermilk,0.0,
304,google-bert/bert-base-uncased,product,recalculated,no rag,"Meat, chicken (cold carcass weight)",0.0,
305,google-bert/bert-base-uncased,product,recalculated,no rag,"Pig, sow",1.0,
306,google-bert/bert-base-uncased,product,recalculated,no rag,"Broiler chicken, chick",0.0,
307,google-bert/bert-base-uncased,product,recalculated,no rag,Sheep,1.0,
308,google-bert/bert-base-uncased,product,recalculated,no rag,"Dairy cattle, calf",0.0,
309,google-bert/bert-base-uncased,product,recalculated,no rag,"Beef cattle, calf (weaned)",0.0,
310,google-bert/bert-base-uncased,product,recalculated,no rag,"Dairy cattle, calf (female, weaned)",0.0,
311,google-bert/bert-base-uncased,product,recalculated,no rag,Ricotta,1.0,
312,google-bert/bert-base-uncased,product,recalculated,no rag,"Dairy cattle, heifer",1.0,
313,google-bert/bert-base-uncased,product,recalculated,no rag,"Meat, beef cattle (cold carcass weight)",0.0,
314,google-bert/bert-base-uncased,product,recalculated,no rag,"Beef cattle, calf (male, weaned)",1.0,
315,google-bert/bert-base-uncased,product,recalculated,no rag,Wastewater (kg mass),1.0,
316,google-bert/bert-base-uncased,product,recalculated,no rag,Poultry by,0.0,
317,google-bert/bert-base-uncased,product,recalculated,no rag,"Sheep, lamb",1.0,
318,google-bert/bert-base-uncased,product,recalculated,no rag,"Eggs, hen, in shell (number)",1.0,
319,google-bert/bert-base-uncased,product,recalculated,no rag,"Meat, dairy cattle (cold carcass weight)",0.0,
320,google-bert/bert-base-uncased,product,recalculated,no rag,Meat,1.0,
321,google-bert/bert-base-uncased,product,recalculated,no rag,Layer chicken,1.0,
322,google-bert/bert-base-uncased,product,recalculated,no rag,Butter,1.0,
323,google-bert/bert-base-uncased,product,recalculated,no rag,"Meat, pig (cold dressed carcass weight)",1.0,
324,google-bert/bert-base-uncased,product,recalculated,no rag,"Eggs, hen, in shell",0.0,
325,google-bert/bert-base-uncased,product,recalculated,no rag,"Dairy cattle, cow",1.0,
326,google-bert/bert-base-uncased,product,recalculated,no rag,Fresh cheese,0.0,
327,google-bert/bert-base-uncased,product,recalculated,no rag,"Cattle, urine (kg mass)",0.0,
328,google-bert/bert-base-uncased,product,recalculated,no rag,Cattle,0.0,
329,google-bert/bert-base-uncased,product,recalculated,no rag,"Beef cattle, heifer",1.0,
330,google-bert/bert-base-uncased,product,recalculated,no rag,Pig,1.0,
331,google-bert/bert-base-uncased,product,recalculated,no rag,"Beef cattle, cow",0.0,
332,google-bert/bert-base-uncased,product,recalculated,no rag,Cream,0.0,
333,google-bert/bert-base-uncased,product,recalculated,no rag,Ripened cheese,1.0,
334,google-bert/bert-base-uncased,product,recalculated,no rag,"Dairy cattle, calf (weaned)",0.0,
335,google-bert/bert-base-uncased,product,recalculated,no rag,Yoghurt,0.0,
336,google-bert/bert-base-uncased,product,recalculated,no rag,Whey,1.0,
337,google-bert/bert-base-uncased,product,recalculated,no rag,"Meat, beef cattle (liveweight)",1.0,
338,google-bert/bert-base-uncased,product,recalculated,no rag,"Cheese, cow",1.0,
339,google-bert/bert-base-uncased,product,recalculated,no rag,"Pig, piglet",1.0,
340,google-bert/bert-base-uncased,product,recalculated,no rag,Cheese,1.0,
341,google-bert/bert-base-uncased,product,recalculated,no rag,"Meat, chicken (liveweight)",0.0,
342,google-bert/bert-base-uncased,product,recalculated,no rag,"Beef cattle, calf (female, weaned)",1.0,
343,google-bert/bert-base-uncased,product,recalculated,no rag,"Broiler chicken, hen",1.0,
344,google-bert/bert-base-uncased,product,recalculated,no rag,"Cream, cow, raw",0.0,
345,google-bert/bert-base-uncased,product,recalculated,no rag,"Sheep, lamb (weaned)",1.0,
346,google-bert/bert-base-uncased,product,recalculated,no rag,Beef cattle,1.0,
347,google-bert/bert-base-uncased,product,recalculated,no rag,"Meat, chicken, wings",1.0,
348,google-bert/bert-base-uncased,product,recalculated,no rag,"Meat, beef cattle (cold dressed carcass weight)",1.0,
349,google-bert/bert-base-uncased,product,recalculated,no rag,"Layer chicken, pullet",1.0,
350,microsoft/deberta-v3-base,product,recalculated,no rag,"Beef cattle, steer",1.0,
351,microsoft/deberta-v3-base,product,recalculated,no rag,"Beef cattle, heifer and steer",0.0,
352,microsoft/deberta-v3-base,product,recalculated,no rag,Broiler chicken,1.0,
353,microsoft/deberta-v3-base,product,recalculated,no rag,"Dairy cattle, calf (male, unweaned)",0.0,
354,microsoft/deberta-v3-base,product,recalculated,no rag,Eggs,1.0,
355,microsoft/deberta-v3-base,product,recalculated,no rag,Soft,1.0,
356,microsoft/deberta-v3-base,product,recalculated,no rag,"Sheep, ewe",1.0,
357,microsoft/deberta-v3-base,product,recalculated,no rag,Electricity,0.0,
358,microsoft/deberta-v3-base,product,recalculated,no rag,"Cheese, sheep",0.0,
359,microsoft/deberta-v3-base,product,recalculated,no rag,"Layer chicken, hen",1.0,
360,microsoft/deberta-v3-base,product,recalculated,no rag,"Milk, cow, raw (FPCM)",1.0,
361,microsoft/deberta-v3-base,product,recalculated,no rag,Milk,1.0,
362,microsoft/deberta-v3-base,product,recalculated,no rag,"Meat, chicken, leg",0.0,
363,microsoft/deberta-v3-base,product,recalculated,no rag,"Whey, liquid",1.0,
364,microsoft/deberta-v3-base,product,recalculated,no rag,"Electricity, produced on",0.0,
365,microsoft/deberta-v3-base,product,recalculated,no rag,Dairy cattle,1.0,
366,microsoft/deberta-v3-base,product,recalculated,no rag,"Meat, chicken, breast",0.0,
367,microsoft/deberta-v3-base,product,recalculated,no rag,"Meat, dairy cattle (liveweight)",1.0,
368,microsoft/deberta-v3-base,product,recalculated,no rag,"Beef cattle, bull",1.0,
369,microsoft/deberta-v3-base,product,recalculated,no rag,"Milk, cow, raw",1.0,
370,microsoft/deberta-v3-base,product,recalculated,no rag,"Sheep, ram",1.0,
371,microsoft/deberta-v3-base,product,recalculated,no rag,Caciotta,1.0,
372,microsoft/deberta-v3-base,product,recalculated,no rag,"Whey, powder",0.0,
373,microsoft/deberta-v3-base,product,recalculated,no rag,Buttermilk,0.0,
374,microsoft/deberta-v3-base,product,recalculated,no rag,"Meat, chicken (cold carcass weight)",0.0,
375,microsoft/deberta-v3-base,product,recalculated,no rag,"Pig, sow",1.0,
376,microsoft/deberta-v3-base,product,recalculated,no rag,"Broiler chicken, chick",0.0,
377,microsoft/deberta-v3-base,product,recalculated,no rag,Sheep,1.0,
378,microsoft/deberta-v3-base,product,recalculated,no rag,"Dairy cattle, calf",0.0,
379,microsoft/deberta-v3-base,product,recalculated,no rag,"Beef cattle, calf (weaned)",0.0,
380,microsoft/deberta-v3-base,product,recalculated,no rag,"Dairy cattle, calf (female, weaned)",0.0,
381,microsoft/deberta-v3-base,product,recalculated,no rag,Ricotta,1.0,
382,microsoft/deberta-v3-base,product,recalculated,no rag,"Dairy cattle, heifer",1.0,
383,microsoft/deberta-v3-base,product,recalculated,no rag,"Meat, beef cattle (cold carcass weight)",0.0,
384,microsoft/deberta-v3-base,product,recalculated,no rag,"Beef cattle, calf (male, weaned)",1.0,
385,microsoft/deberta-v3-base,product,recalculated,no rag,Wastewater (kg mass),0.6,
386,microsoft/deberta-v3-base,product,recalculated,no rag,Poultry by,0.0,
387,microsoft/deberta-v3-base,product,recalculated,no rag,"Sheep, lamb",1.0,
388,microsoft/deberta-v3-base,product,recalculated,no rag,"Eggs, hen, in shell (number)",1.0,
389,microsoft/deberta-v3-base,product,recalculated,no rag,"Meat, dairy cattle (cold carcass weight)",0.0,
390,microsoft/deberta-v3-base,product,recalculated,no rag,Meat,1.0,
391,microsoft/deberta-v3-base,product,recalculated,no rag,Layer chicken,1.0,
392,microsoft/deberta-v3-base,product,recalculated,no rag,Butter,1.0,
393,microsoft/deberta-v3-base,product,recalculated,no rag,"Meat, pig (cold dressed carcass weight)",1.0,
394,microsoft/deberta-v3-base,product,recalculated,no rag,"Eggs, hen, in shell",0.0,
395,microsoft/deberta-v3-base,product,recalculated,no rag,"Dairy cattle, cow",1.0,
396,microsoft/deberta-v3-base,product,recalculated,no rag,Fresh cheese,0.0,
397,microsoft/deberta-v3-base,product,recalculated,no rag,"Cattle, urine (kg mass)",0.0,
398,microsoft/deberta-v3-base,product,recalculated,no rag,Cattle,0.0,
399,microsoft/deberta-v3-base,product,recalculated,no rag,"Beef cattle, heifer",1.0,
400,microsoft/deberta-v3-base,product,recalculated,no rag,Pig,1.0,
401,microsoft/deberta-v3-base,product,recalculated,no rag,"Beef cattle, cow",0.0,
402,microsoft/deberta-v3-base,product,recalculated,no rag,Cream,0.0,
403,microsoft/deberta-v3-base,product,recalculated,no rag,Ripened cheese,1.0,
404,microsoft/deberta-v3-base,product,recalculated,no rag,"Dairy cattle, calf (weaned)",0.0,
405,microsoft/deberta-v3-base,product,recalculated,no rag,Yoghurt,0.0,
406,microsoft/deberta-v3-base,product,recalculated,no rag,Whey,1.0,
407,microsoft/deberta-v3-base,product,recalculated,no rag,"Meat, beef cattle (liveweight)",1.0,
408,microsoft/deberta-v3-base,product,recalculated,no rag,"Cheese, cow",1.0,
409,microsoft/deberta-v3-base,product,recalculated,no rag,"Pig, piglet",1.0,
410,microsoft/deberta-v3-base,product,recalculated,no rag,Cheese,1.0,
411,microsoft/deberta-v3-base,product,recalculated,no rag,"Meat, chicken (liveweight)",0.0,
412,microsoft/deberta-v3-base,product,recalculated,no rag,"Beef cattle, calf (female, weaned)",1.0,
413,microsoft/deberta-v3-base,product,recalculated,no rag,"Broiler chicken, hen",1.0,
414,microsoft/deberta-v3-base,product,recalculated,no rag,"Cream, cow, raw",0.0,
415,microsoft/deberta-v3-base,product,recalculated,no rag,"Sheep, lamb (weaned)",1.0,
416,microsoft/deberta-v3-base,product,recalculated,no rag,Beef cattle,1.0,
417,microsoft/deberta-v3-base,product,recalculated,no rag,"Meat, chicken, wings",1.0,
418,microsoft/deberta-v3-base,product,recalculated,no rag,"Meat, beef cattle (cold dressed carcass weight)",1.0,
419,microsoft/deberta-v3-base,product,recalculated,no rag,"Layer chicken, pullet",1.0,
420,microsoft/deberta-v3-large,product,recalculated,no rag,"Beef cattle, steer",1.0,
421,microsoft/deberta-v3-large,product,recalculated,no rag,"Beef cattle, heifer and steer",0.0,
422,microsoft/deberta-v3-large,product,recalculated,no rag,Broiler chicken,1.0,
423,microsoft/deberta-v3-large,product,recalculated,no rag,"Dairy cattle, calf (male, unweaned)",0.0,
424,microsoft/deberta-v3-large,product,recalculated,no rag,Eggs,1.0,
425,microsoft/deberta-v3-large,product,recalculated,no rag,Soft,1.0,
426,microsoft/deberta-v3-large,product,recalculated,no rag,"Sheep, ewe",1.0,
427,microsoft/deberta-v3-large,product,recalculated,no rag,Electricity,0.0,
428,microsoft/deberta-v3-large,product,recalculated,no rag,"Cheese, sheep",0.0,
429,microsoft/deberta-v3-large,product,recalculated,no rag,"Layer chicken, hen",1.0,
430,microsoft/deberta-v3-large,product,recalculated,no rag,"Milk, cow, raw (FPCM)",1.0,
431,microsoft/deberta-v3-large,product,recalculated,no rag,Milk,1.0,
432,microsoft/deberta-v3-large,product,recalculated,no rag,"Meat, chicken, leg",0.0,
433,microsoft/deberta-v3-large,product,recalculated,no rag,"Whey, liquid",1.0,
434,microsoft/deberta-v3-large,product,recalculated,no rag,"Electricity, produced on",0.0,
435,microsoft/deberta-v3-large,product,recalculated,no rag,Dairy cattle,1.0,
436,microsoft/deberta-v3-large,product,recalculated,no rag,"Meat, chicken, breast",0.0,
437,microsoft/deberta-v3-large,product,recalculated,no rag,"Meat, dairy cattle (liveweight)",1.0,
438,microsoft/deberta-v3-large,product,recalculated,no rag,"Beef cattle, bull",1.0,
439,microsoft/deberta-v3-large,product,recalculated,no rag,"Milk, cow, raw",1.0,
440,microsoft/deberta-v3-large,product,recalculated,no rag,"Sheep, ram",1.0,
441,microsoft/deberta-v3-large,product,recalculated,no rag,Caciotta,1.0,
442,microsoft/deberta-v3-large,product,recalculated,no rag,"Whey, powder",0.0,
443,microsoft/deberta-v3-large,product,recalculated,no rag,Buttermilk,0.0,
444,microsoft/deberta-v3-large,product,recalculated,no rag,"Meat, chicken (cold carcass weight)",0.0,
445,microsoft/deberta-v3-large,product,recalculated,no rag,"Pig, sow",1.0,
446,microsoft/deberta-v3-large,product,recalculated,no rag,"Broiler chicken, chick",0.0,
447,microsoft/deberta-v3-large,product,recalculated,no rag,Sheep,1.0,
448,microsoft/deberta-v3-large,product,recalculated,no rag,"Dairy cattle, calf",0.0,
449,microsoft/deberta-v3-large,product,recalculated,no rag,"Beef cattle, calf (weaned)",0.0,
450,microsoft/deberta-v3-large,product,recalculated,no rag,"Dairy cattle, calf (female, weaned)",0.0,
451,microsoft/deberta-v3-large,product,recalculated,no rag,Ricotta,1.0,
452,microsoft/deberta-v3-large,product,recalculated,no rag,"Dairy cattle, heifer",1.0,
453,microsoft/deberta-v3-large,product,recalculated,no rag,"Meat, beef cattle (cold carcass weight)",0.0,
454,microsoft/deberta-v3-large,product,recalculated,no rag,"Beef cattle, calf (male, weaned)",1.0,
455,microsoft/deberta-v3-large,product,recalculated,no rag,Wastewater (kg mass),1.0,
456,microsoft/deberta-v3-large,product,recalculated,no rag,Poultry by,0.0,
457,microsoft/deberta-v3-large,product,recalculated,no rag,"Sheep, lamb",1.0,
458,microsoft/deberta-v3-large,product,recalculated,no rag,"Eggs, hen, in shell (number)",1.0,
459,microsoft/deberta-v3-large,product,recalculated,no rag,"Meat, dairy cattle (cold carcass weight)",0.0,
460,microsoft/deberta-v3-large,product,recalculated,no rag,Meat,1.0,
461,microsoft/deberta-v3-large,product,recalculated,no rag,Layer chicken,1.0,
462,microsoft/deberta-v3-large,product,recalculated,no rag,Butter,1.0,
463,microsoft/deberta-v3-large,product,recalculated,no rag,"Meat, pig (cold dressed carcass weight)",1.0,
464,microsoft/deberta-v3-large,product,recalculated,no rag,"Eggs, hen, in shell",0.0,
465,microsoft/deberta-v3-large,product,recalculated,no rag,"Dairy cattle, cow",1.0,
466,microsoft/deberta-v3-large,product,recalculated,no rag,Fresh cheese,0.0,
467,microsoft/deberta-v3-large,product,recalculated,no rag,"Cattle, urine (kg mass)",0.0,
468,microsoft/deberta-v3-large,product,recalculated,no rag,Cattle,0.0,
469,microsoft/deberta-v3-large,product,recalculated,no rag,"Beef cattle, heifer",0.8571428571428571,
470,microsoft/deberta-v3-large,product,recalculated,no rag,Pig,1.0,
471,microsoft/deberta-v3-large,product,recalculated,no rag,"Beef cattle, cow",0.0,
472,microsoft/deberta-v3-large,product,recalculated,no rag,Cream,0.0,
473,microsoft/deberta-v3-large,product,recalculated,no rag,Ripened cheese,1.0,
474,microsoft/deberta-v3-large,product,recalculated,no rag,"Dairy cattle, calf (weaned)",0.0,
475,microsoft/deberta-v3-large,product,recalculated,no rag,Yoghurt,1.0,
476,microsoft/deberta-v3-large,product,recalculated,no rag,Whey,1.0,
477,microsoft/deberta-v3-large,product,recalculated,no rag,"Meat, beef cattle (liveweight)",1.0,
478,microsoft/deberta-v3-large,product,recalculated,no rag,"Cheese, cow",1.0,
479,microsoft/deberta-v3-large,product,recalculated,no rag,"Pig, piglet",1.0,
480,microsoft/deberta-v3-large,product,recalculated,no rag,Cheese,1.0,
481,microsoft/deberta-v3-large,product,recalculated,no rag,"Meat, chicken (liveweight)",0.0,
482,microsoft/deberta-v3-large,product,recalculated,no rag,"Beef cattle, calf (female, weaned)",1.0,
483,microsoft/deberta-v3-large,product,recalculated,no rag,"Broiler chicken, hen",1.0,
484,microsoft/deberta-v3-large,product,recalculated,no rag,"Cream, cow, raw",0.0,
485,microsoft/deberta-v3-large,product,recalculated,no rag,"Sheep, lamb (weaned)",1.0,
486,microsoft/deberta-v3-large,product,recalculated,no rag,Beef cattle,1.0,
487,microsoft/deberta-v3-large,product,recalculated,no rag,"Meat, chicken, wings",1.0,
488,microsoft/deberta-v3-large,product,recalculated,no rag,"Meat, beef cattle (cold dressed carcass weight)",1.0,
489,microsoft/deberta-v3-large,product,recalculated,no rag,"Layer chicken, pullet",1.0,
490,microsoft/deberta-v3-small,product,recalculated,no rag,"Beef cattle, steer",1.0,
491,microsoft/deberta-v3-small,product,recalculated,no rag,"Beef cattle, heifer and steer",0.0,
492,microsoft/deberta-v3-small,product,recalculated,no rag,Broiler chicken,1.0,
493,microsoft/deberta-v3-small,product,recalculated,no rag,"Dairy cattle, calf (male, unweaned)",0.0,
494,microsoft/deberta-v3-small,product,recalculated,no rag,Eggs,1.0,
495,microsoft/deberta-v3-small,product,recalculated,no rag,Soft,1.0,
496,microsoft/deberta-v3-small,product,recalculated,no rag,"Sheep, ewe",1.0,
497,microsoft/deberta-v3-small,product,recalculated,no rag,Electricity,0.0,
498,microsoft/deberta-v3-small,product,recalculated,no rag,"Cheese, sheep",0.0,
499,microsoft/deberta-v3-small,product,recalculated,no rag,"Layer chicken, hen",1.0,
500,microsoft/deberta-v3-small,product,recalculated,no rag,"Milk, cow, raw (FPCM)",1.0,
501,microsoft/deberta-v3-small,product,recalculated,no rag,Milk,0.5,
502,microsoft/deberta-v3-small,product,recalculated,no rag,"Meat, chicken, leg",0.0,
503,microsoft/deberta-v3-small,product,recalculated,no rag,"Whey, liquid",1.0,
504,microsoft/deberta-v3-small,product,recalculated,no rag,"Electricity, produced on",0.0,
505,microsoft/deberta-v3-small,product,recalculated,no rag,Dairy cattle,1.0,
506,microsoft/deberta-v3-small,product,recalculated,no rag,"Meat, chicken, breast",0.0,
507,microsoft/deberta-v3-small,product,recalculated,no rag,"Meat, dairy cattle (liveweight)",1.0,
508,microsoft/deberta-v3-small,product,recalculated,no rag,"Beef cattle, bull",1.0,
509,microsoft/deberta-v3-small,product,recalculated,no rag,"Milk, cow, raw",0.3333333333333333,
510,microsoft/deberta-v3-small,product,recalculated,no rag,"Sheep, ram",1.0,
511,microsoft/deberta-v3-small,product,recalculated,no rag,Caciotta,1.0,
512,microsoft/deberta-v3-small,product,recalculated,no rag,"Whey, powder",0.0,
513,microsoft/deberta-v3-small,product,recalculated,no rag,Buttermilk,0.0,
514,microsoft/deberta-v3-small,product,recalculated,no rag,"Meat, chicken (cold carcass weight)",0.0,
515,microsoft/deberta-v3-small,product,recalculated,no rag,"Pig, sow",1.0,
516,microsoft/deberta-v3-small,product,recalculated,no rag,"Broiler chicken, chick",0.0,
517,microsoft/deberta-v3-small,product,recalculated,no rag,Sheep,1.0,
518,microsoft/deberta-v3-small,product,recalculated,no rag,"Dairy cattle, calf",0.0,
519,microsoft/deberta-v3-small,product,recalculated,no rag,"Beef cattle, calf (weaned)",0.0,
520,microsoft/deberta-v3-small,product,recalculated,no rag,"Dairy cattle, calf (female, weaned)",0.0,
521,microsoft/deberta-v3-small,product,recalculated,no rag,Ricotta,1.0,
522,microsoft/deberta-v3-small,product,recalculated,no rag,"Dairy cattle, heifer",1.0,
523,microsoft/deberta-v3-small,product,recalculated,no rag,"Meat, beef cattle (cold carcass weight)",0.0,
524,microsoft/deberta-v3-small,product,recalculated,no rag,"Beef cattle, calf (male, weaned)",1.0,
525,microsoft/deberta-v3-small,product,recalculated,no rag,Wastewater (kg mass),1.0,
526,microsoft/deberta-v3-small,product,recalculated,no rag,Poultry by,0.0,
527,microsoft/deberta-v3-small,product,recalculated,no rag,"Sheep, lamb",1.0,
528,microsoft/deberta-v3-small,product,recalculated,no rag,"Eggs, hen, in shell (number)",1.0,
529,microsoft/deberta-v3-small,product,recalculated,no rag,"Meat, dairy cattle (cold carcass weight)",0.0,
530,microsoft/deberta-v3-small,product,recalculated,no rag,Meat,1.0,
531,microsoft/deberta-v3-small,product,recalculated,no rag,Layer chicken,1.0,
532,microsoft/deberta-v3-small,product,recalculated,no rag,Butter,1.0,
533,microsoft/deberta-v3-small,product,recalculated,no rag,"Meat, pig (cold dressed carcass weight)",1.0,
534,microsoft/deberta-v3-small,product,recalculated,no rag,"Eggs, hen, in shell",0.0,
535,microsoft/deberta-v3-small,product,recalculated,no rag,"Dairy cattle, cow",1.0,
536,microsoft/deberta-v3-small,product,recalculated,no rag,Fresh cheese,0.0,
537,microsoft/deberta-v3-small,product,recalculated,no rag,"Cattle, urine (kg mass)",0.0,
538,microsoft/deberta-v3-small,product,recalculated,no rag,Cattle,0.0,
539,microsoft/deberta-v3-small,product,recalculated,no rag,"Beef cattle, heifer",1.0,
540,microsoft/deberta-v3-small,product,recalculated,no rag,Pig,1.0,
541,microsoft/deberta-v3-small,product,recalculated,no rag,"Beef cattle, cow",0.0,
542,microsoft/deberta-v3-small,product,recalculated,no rag,Cream,0.0,
543,microsoft/deberta-v3-small,product,recalculated,no rag,Ripened cheese,1.0,
544,microsoft/deberta-v3-small,product,recalculated,no rag,"Dairy cattle, calf (weaned)",0.0,
545,microsoft/deberta-v3-small,product,recalculated,no rag,Yoghurt,0.0,
546,microsoft/deberta-v3-small,product,recalculated,no rag,Whey,1.0,
547,microsoft/deberta-v3-small,product,recalculated,no rag,"Meat, beef cattle (liveweight)",1.0,
548,microsoft/deberta-v3-small,product,recalculated,no rag,"Cheese, cow",1.0,
549,microsoft/deberta-v3-small,product,recalculated,no rag,"Pig, piglet",1.0,
550,microsoft/deberta-v3-small,product,recalculated,no rag,Cheese,1.0,
551,microsoft/deberta-v3-small,product,recalculated,no rag,"Meat, chicken (liveweight)",0.0,
552,microsoft/deberta-v3-small,product,recalculated,no rag,"Beef cattle, calf (female, weaned)",1.0,
553,microsoft/deberta-v3-small,product,recalculated,no rag,"Broiler chicken, hen",1.0,
554,microsoft/deberta-v3-small,product,recalculated,no rag,"Cream, cow, raw",0.0,
555,microsoft/deberta-v3-small,product,recalculated,no rag,"Sheep, lamb (weaned)",1.0,
556,microsoft/deberta-v3-small,product,recalculated,no rag,Beef cattle,1.0,
557,microsoft/deberta-v3-small,product,recalculated,no rag,"Meat, chicken, wings",1.0,
558,microsoft/deberta-v3-small,product,recalculated,no rag,"Meat, beef cattle (cold dressed carcass weight)",1.0,
559,microsoft/deberta-v3-small,product,recalculated,no rag,"Layer chicken, pullet",1.0,
560,climatebert/distilroberta-base-climate-f,systemBoundary,recalculated,no rag,True_product,1.0,
561,climatebert/distilroberta-base-climate-f,systemBoundary,recalculated,no rag,True_ingredient,0.9897959183673469,
562,climatebert/distilroberta-base-climate-f,systemBoundary,recalculated,no rag,True_animalPopulation,0.9894736842105263,
563,climatebert/distilroberta-base-climate-f,systemBoundary,recalculated,no rag,True_fertiliser,1.0,
564,climatebert/distilroberta-base-climate-f,systemBoundary,recalculated,no rag,True_freshForage,0.9247311827956989,
565,climatebert/distilroberta-base-climate-f,systemBoundary,recalculated,no rag,True_excreta,1.0,
566,climatebert/distilroberta-base-climate-f,systemBoundary,recalculated,no rag,True_water,1.0,
567,climatebert/distilroberta-base-climate-f,systemBoundary,recalculated,no rag,True_seed,0.9887640449438202,
568,climatebert/distilroberta-base-climate-f,systemBoundary,recalculated,no rag,True_waste,1.0,
569,climatebert/distilroberta-base-climate-f,systemBoundary,recalculated,no rag,True_transport,1.0,
570,climatebert/distilroberta-base-climate-f,systemBoundary,recalculated,no rag,True_soilAmendment,1.0,
571,climatebert/distilroberta-base-climate-f,systemBoundary,recalculated,no rag,True_otherChemical,1.0,
572,climatebert/distilroberta-base-climate-f,systemBoundary,recalculated,no rag,True_cropResidue,1.0,
573,climatebert/distilroberta-base-climate-f,systemBoundary,recalculated,no rag,True_liveAnimalInput,1.0,
574,climatebert/distilroberta-base-climate-f,systemBoundary,recalculated,no rag,True_operation,1.0,
575,climatebert/distilroberta-base-climate-f,systemBoundary,recalculated,no rag,True_material,0.0,
576,climatebert/distilroberta-base-climate-f,systemBoundary,recalculated,no rag,True_electricityFuel,1.0,
577,climatebert/distilroberta-base-climate-f,systemBoundary,recalculated,no rag,True_animalFeed,0.9894736842105263,
578,climatebert/distilroberta-base-climate-f,systemBoundary,recalculated,no rag,True_pesticideVeterinaryDrug,1.0,
579,ESGBERT/EnvironmentalBERT-base,systemBoundary,recalculated,no rag,True_product,1.0,
580,ESGBERT/EnvironmentalBERT-base,systemBoundary,recalculated,no rag,True_ingredient,0.9897959183673469,
581,ESGBERT/EnvironmentalBERT-base,systemBoundary,recalculated,no rag,True_animalPopulation,0.9894736842105263,
582,ESGBERT/EnvironmentalBERT-base,systemBoundary,recalculated,no rag,True_fertiliser,1.0,
583,ESGBERT/EnvironmentalBERT-base,systemBoundary,recalculated,no rag,True_freshForage,0.9247311827956989,
584,ESGBERT/EnvironmentalBERT-base,systemBoundary,recalculated,no rag,True_excreta,1.0,
585,ESGBERT/EnvironmentalBERT-base,systemBoundary,recalculated,no rag,True_water,1.0,
586,ESGBERT/EnvironmentalBERT-base,systemBoundary,recalculated,no rag,True_seed,1.0,
587,ESGBERT/EnvironmentalBERT-base,systemBoundary,recalculated,no rag,True_waste,1.0,
588,ESGBERT/EnvironmentalBERT-base,systemBoundary,recalculated,no rag,True_transport,1.0,
589,ESGBERT/EnvironmentalBERT-base,systemBoundary,recalculated,no rag,True_soilAmendment,1.0,
590,ESGBERT/EnvironmentalBERT-base,systemBoundary,recalculated,no rag,True_otherChemical,1.0,
591,ESGBERT/EnvironmentalBERT-base,systemBoundary,recalculated,no rag,True_cropResidue,1.0,
592,ESGBERT/EnvironmentalBERT-base,systemBoundary,recalculated,no rag,True_liveAnimalInput,1.0,
593,ESGBERT/EnvironmentalBERT-base,systemBoundary,recalculated,no rag,True_operation,1.0,
594,ESGBERT/EnvironmentalBERT-base,systemBoundary,recalculated,no rag,True_material,0.0,
595,ESGBERT/EnvironmentalBERT-base,systemBoundary,recalculated,no rag,True_electricityFuel,1.0,
596,ESGBERT/EnvironmentalBERT-base,systemBoundary,recalculated,no rag,True_animalFeed,0.9894736842105263,
597,ESGBERT/EnvironmentalBERT-base,systemBoundary,recalculated,no rag,True_pesticideVeterinaryDrug,1.0,
598,FacebookAI/roberta-large,systemBoundary,recalculated,no rag,True_product,1.0,
599,FacebookAI/roberta-large,systemBoundary,recalculated,no rag,True_ingredient,0.9897959183673469,
600,FacebookAI/roberta-large,systemBoundary,recalculated,no rag,True_animalPopulation,0.9894736842105263,
601,FacebookAI/roberta-large,systemBoundary,recalculated,no rag,True_fertiliser,1.0,
602,FacebookAI/roberta-large,systemBoundary,recalculated,no rag,True_freshForage,0.9247311827956989,
603,FacebookAI/roberta-large,systemBoundary,recalculated,no rag,True_excreta,1.0,
604,FacebookAI/roberta-large,systemBoundary,recalculated,no rag,True_water,1.0,
605,FacebookAI/roberta-large,systemBoundary,recalculated,no rag,True_seed,1.0,
606,FacebookAI/roberta-large,systemBoundary,recalculated,no rag,True_waste,1.0,
607,FacebookAI/roberta-large,systemBoundary,recalculated,no rag,True_transport,1.0,
608,FacebookAI/roberta-large,systemBoundary,recalculated,no rag,True_soilAmendment,1.0,
609,FacebookAI/roberta-large,systemBoundary,recalculated,no rag,True_otherChemical,1.0,
610,FacebookAI/roberta-large,systemBoundary,recalculated,no rag,True_cropResidue,1.0,
611,FacebookAI/roberta-large,systemBoundary,recalculated,no rag,True_liveAnimalInput,1.0,
612,FacebookAI/roberta-large,systemBoundary,recalculated,no rag,True_operation,1.0,
613,FacebookAI/roberta-large,systemBoundary,recalculated,no rag,True_material,0.0,
614,FacebookAI/roberta-large,systemBoundary,recalculated,no rag,True_electricityFuel,0.9868421052631579,
615,FacebookAI/roberta-large,systemBoundary,recalculated,no rag,True_animalFeed,0.9894736842105263,
616,FacebookAI/roberta-large,systemBoundary,recalculated,no rag,True_pesticideVeterinaryDrug,1.0,
617,google-bert/bert-base-uncased,systemBoundary,recalculated,no rag,True_product,1.0,
618,google-bert/bert-base-uncased,systemBoundary,recalculated,no rag,True_ingredient,0.9897959183673469,
619,google-bert/bert-base-uncased,systemBoundary,recalculated,no rag,True_animalPopulation,0.9894736842105263,
620,google-bert/bert-base-uncased,systemBoundary,recalculated,no rag,True_fertiliser,1.0,
621,google-bert/bert-base-uncased,systemBoundary,recalculated,no rag,True_freshForage,0.9247311827956989,
622,google-bert/bert-base-uncased,systemBoundary,recalculated,no rag,True_excreta,1.0,
623,google-bert/bert-base-uncased,systemBoundary,recalculated,no rag,True_water,1.0,
624,google-bert/bert-base-uncased,systemBoundary,recalculated,no rag,True_seed,1.0,
625,google-bert/bert-base-uncased,systemBoundary,recalculated,no rag,True_waste,1.0,
626,google-bert/bert-base-uncased,systemBoundary,recalculated,no rag,True_transport,1.0,
627,google-bert/bert-base-uncased,systemBoundary,recalculated,no rag,True_soilAmendment,1.0,
628,google-bert/bert-base-uncased,systemBoundary,recalculated,no rag,True_otherChemical,1.0,
629,google-bert/bert-base-uncased,systemBoundary,recalculated,no rag,True_cropResidue,1.0,
630,google-bert/bert-base-uncased,systemBoundary,recalculated,no rag,True_liveAnimalInput,1.0,
631,google-bert/bert-base-uncased,systemBoundary,recalculated,no rag,True_operation,1.0,
632,google-bert/bert-base-uncased,systemBoundary,recalculated,no rag,True_material,0.0,
633,google-bert/bert-base-uncased,systemBoundary,recalculated,no rag,True_electricityFuel,1.0,
634,google-bert/bert-base-uncased,systemBoundary,recalculated,no rag,True_animalFeed,0.9894736842105263,
635,google-bert/bert-base-uncased,systemBoundary,recalculated,no rag,True_pesticideVeterinaryDrug,1.0,
636,microsoft/deberta-v3-base,systemBoundary,recalculated,no rag,True_product,1.0,
637,microsoft/deberta-v3-base,systemBoundary,recalculated,no rag,True_ingredient,1.0,
638,microsoft/deberta-v3-base,systemBoundary,recalculated,no rag,True_animalPopulation,0.9894736842105263,
639,microsoft/deberta-v3-base,systemBoundary,recalculated,no rag,True_fertiliser,1.0,
640,microsoft/deberta-v3-base,systemBoundary,recalculated,no rag,True_freshForage,0.9247311827956989,
641,microsoft/deberta-v3-base,systemBoundary,recalculated,no rag,True_excreta,1.0,
642,microsoft/deberta-v3-base,systemBoundary,recalculated,no rag,True_water,1.0,
643,microsoft/deberta-v3-base,systemBoundary,recalculated,no rag,True_seed,1.0,
644,microsoft/deberta-v3-base,systemBoundary,recalculated,no rag,True_waste,1.0,
645,microsoft/deberta-v3-base,systemBoundary,recalculated,no rag,True_transport,1.0,
646,microsoft/deberta-v3-base,systemBoundary,recalculated,no rag,True_soilAmendment,1.0,
647,microsoft/deberta-v3-base,systemBoundary,recalculated,no rag,True_otherChemical,1.0,
648,microsoft/deberta-v3-base,systemBoundary,recalculated,no rag,True_cropResidue,1.0,
649,microsoft/deberta-v3-base,systemBoundary,recalculated,no rag,True_liveAnimalInput,1.0,
650,microsoft/deberta-v3-base,systemBoundary,recalculated,no rag,True_operation,1.0,
651,microsoft/deberta-v3-base,systemBoundary,recalculated,no rag,True_material,0.0,
652,microsoft/deberta-v3-base,systemBoundary,recalculated,no rag,True_electricityFuel,1.0,
653,microsoft/deberta-v3-base,systemBoundary,recalculated,no rag,True_animalFeed,0.9894736842105263,
654,microsoft/deberta-v3-base,systemBoundary,recalculated,no rag,True_pesticideVeterinaryDrug,1.0,
655,microsoft/deberta-v3-large,systemBoundary,recalculated,no rag,True_product,1.0,
656,microsoft/deberta-v3-large,systemBoundary,recalculated,no rag,True_ingredient,0.98989898989899,
657,microsoft/deberta-v3-large,systemBoundary,recalculated,no rag,True_animalPopulation,0.9894736842105263,
658,microsoft/deberta-v3-large,systemBoundary,recalculated,no rag,True_fertiliser,1.0,
659,microsoft/deberta-v3-large,systemBoundary,recalculated,no rag,True_freshForage,0.9247311827956989,
660,microsoft/deberta-v3-large,systemBoundary,recalculated,no rag,True_excreta,1.0,
661,microsoft/deberta-v3-large,systemBoundary,recalculated,no rag,True_water,1.0,
662,microsoft/deberta-v3-large,systemBoundary,recalculated,no rag,True_seed,1.0,
663,microsoft/deberta-v3-large,systemBoundary,recalculated,no rag,True_waste,1.0,
664,microsoft/deberta-v3-large,systemBoundary,recalculated,no rag,True_transport,1.0,
665,microsoft/deberta-v3-large,systemBoundary,recalculated,no rag,True_soilAmendment,1.0,
666,microsoft/deberta-v3-large,systemBoundary,recalculated,no rag,True_otherChemical,1.0,
667,microsoft/deberta-v3-large,systemBoundary,recalculated,no rag,True_cropResidue,1.0,
668,microsoft/deberta-v3-large,systemBoundary,recalculated,no rag,True_liveAnimalInput,1.0,
669,microsoft/deberta-v3-large,systemBoundary,recalculated,no rag,True_operation,1.0,
670,microsoft/deberta-v3-large,systemBoundary,recalculated,no rag,True_material,0.0,
671,microsoft/deberta-v3-large,systemBoundary,recalculated,no rag,True_electricityFuel,1.0,
672,microsoft/deberta-v3-large,systemBoundary,recalculated,no rag,True_animalFeed,0.9894736842105263,
673,microsoft/deberta-v3-large,systemBoundary,recalculated,no rag,True_pesticideVeterinaryDrug,1.0,
674,microsoft/deberta-v3-small,systemBoundary,recalculated,no rag,True_product,1.0,
675,microsoft/deberta-v3-small,systemBoundary,recalculated,no rag,True_ingredient,0.9895833333333334,
676,microsoft/deberta-v3-small,systemBoundary,recalculated,no rag,True_animalPopulation,0.9894736842105263,
677,microsoft/deberta-v3-small,systemBoundary,recalculated,no rag,True_fertiliser,1.0,
678,microsoft/deberta-v3-small,systemBoundary,recalculated,no rag,True_freshForage,0.9247311827956989,
679,microsoft/deberta-v3-small,systemBoundary,recalculated,no rag,True_excreta,1.0,
680,microsoft/deberta-v3-small,systemBoundary,recalculated,no rag,True_water,1.0,
681,microsoft/deberta-v3-small,systemBoundary,recalculated,no rag,True_seed,0.9777777777777777,
682,microsoft/deberta-v3-small,systemBoundary,recalculated,no rag,True_waste,1.0,
683,microsoft/deberta-v3-small,systemBoundary,recalculated,no rag,True_transport,1.0,
684,microsoft/deberta-v3-small,systemBoundary,recalculated,no rag,True_soilAmendment,1.0,
685,microsoft/deberta-v3-small,systemBoundary,recalculated,no rag,True_otherChemical,1.0,
686,microsoft/deberta-v3-small,systemBoundary,recalculated,no rag,True_cropResidue,1.0,
687,microsoft/deberta-v3-small,systemBoundary,recalculated,no rag,True_liveAnimalInput,1.0,
688,microsoft/deberta-v3-small,systemBoundary,recalculated,no rag,True_operation,1.0,
689,microsoft/deberta-v3-small,systemBoundary,recalculated,no rag,True_material,0.0,
690,microsoft/deberta-v3-small,systemBoundary,recalculated,no rag,True_electricityFuel,1.0,
691,microsoft/deberta-v3-small,systemBoundary,recalculated,no rag,True_animalFeed,0.9894736842105263,
692,microsoft/deberta-v3-small,systemBoundary,recalculated,no rag,True_pesticideVeterinaryDrug,1.0,
693,climatebert/distilroberta-base-climate-f,functionalUnit,recalculated,rag,kg cold carcass weight/head,0.9411764705882353,143.0
694,climatebert/distilroberta-base-climate-f,functionalUnit,recalculated,rag,kg cold carcass weight/head,0.9411764705882353,140.0
695,climatebert/distilroberta-base-climate-f,functionalUnit,recalculated,rag,1 ha,1.0,31.0
696,climatebert/distilroberta-base-climate-f,functionalUnit,recalculated,rag,1 ha,1.0,39.0
697,climatebert/distilroberta-base-climate-f,functionalUnit,recalculated,rag,kg cold dressed carcass weight/head,0.0,3.0
698,climatebert/distilroberta-base-climate-f,functionalUnit,recalculated,rag,kg cold dressed carcass weight/head,0.0,4.0
699,climatebert/distilroberta-base-climate-f,functionalUnit,recalculated,rag,days,1.0,80.0
700,climatebert/distilroberta-base-climate-f,functionalUnit,recalculated,rag,days,1.0,83.0
701,climatebert/distilroberta-base-climate-f,functionalUnit,recalculated,rag,relative,1.0,754.0
702,climatebert/distilroberta-base-climate-f,functionalUnit,recalculated,rag,relative,1.0,791.0
703,climatebert/distilroberta-base-climate-f,functionalUnit,recalculated,rag,kg,1.0,11.0
704,climatebert/distilroberta-base-climate-f,functionalUnit,recalculated,rag,kg,1.0,19.0
705,climatebert/distilroberta-base-climate-f,functionalUnit,recalculated,rag,unitless,0.0,4.0
706,climatebert/distilroberta-base-climate-f,functionalUnit,recalculated,rag,unitless,0.0,4.0
707,climatebert/distilroberta-base-climate-f,functionalUnit,recalculated,rag,kg liveweight/head,0.864406779661017,446.0
708,climatebert/distilroberta-base-climate-f,functionalUnit,recalculated,rag,kg liveweight/head,0.864406779661017,452.0
709,climatebert/distilroberta-base-climate-f,functionalUnit,recalculated,rag,%,1.0,86.0
710,climatebert/distilroberta-base-climate-f,functionalUnit,recalculated,rag,%,1.0,92.0
711,climatebert/distilroberta-base-climate-f,functionalUnit,recalculated,rag,kg ready-to-cook weight/head,0.0,4.0
712,climatebert/distilroberta-base-climate-f,functionalUnit,recalculated,rag,kg ready-to-cook weight/head,0.0,4.0
713,ESGBERT/EnvironmentalBERT-base,functionalUnit,recalculated,rag,kg cold carcass weight/head,0.9411764705882353,143.0
714,ESGBERT/EnvironmentalBERT-base,functionalUnit,recalculated,rag,kg cold carcass weight/head,0.9411764705882353,140.0
715,ESGBERT/EnvironmentalBERT-base,functionalUnit,recalculated,rag,1 ha,1.0,31.0
716,ESGBERT/EnvironmentalBERT-base,functionalUnit,recalculated,rag,1 ha,1.0,39.0
717,ESGBERT/EnvironmentalBERT-base,functionalUnit,recalculated,rag,kg cold dressed carcass weight/head,0.0,3.0
718,ESGBERT/EnvironmentalBERT-base,functionalUnit,recalculated,rag,kg cold dressed carcass weight/head,0.0,4.0
719,ESGBERT/EnvironmentalBERT-base,functionalUnit,recalculated,rag,days,0.75,80.0
720,ESGBERT/EnvironmentalBERT-base,functionalUnit,recalculated,rag,days,0.75,83.0
721,ESGBERT/EnvironmentalBERT-base,functionalUnit,recalculated,rag,relative,1.0,754.0
722,ESGBERT/EnvironmentalBERT-base,functionalUnit,recalculated,rag,relative,1.0,791.0
723,ESGBERT/EnvironmentalBERT-base,functionalUnit,recalculated,rag,kg,1.0,11.0
724,ESGBERT/EnvironmentalBERT-base,functionalUnit,recalculated,rag,kg,1.0,19.0
725,ESGBERT/EnvironmentalBERT-base,functionalUnit,recalculated,rag,unitless,0.0,4.0
726,ESGBERT/EnvironmentalBERT-base,functionalUnit,recalculated,rag,unitless,0.0,4.0
727,ESGBERT/EnvironmentalBERT-base,functionalUnit,recalculated,rag,kg liveweight/head,0.8524590163934426,446.0
728,ESGBERT/EnvironmentalBERT-base,functionalUnit,recalculated,rag,kg liveweight/head,0.8524590163934426,452.0
729,ESGBERT/EnvironmentalBERT-base,functionalUnit,recalculated,rag,%,0.8333333333333334,86.0
730,ESGBERT/EnvironmentalBERT-base,functionalUnit,recalculated,rag,%,0.8333333333333334,92.0
731,ESGBERT/EnvironmentalBERT-base,functionalUnit,recalculated,rag,kg ready-to-cook weight/head,0.0,4.0
732,ESGBERT/EnvironmentalBERT-base,functionalUnit,recalculated,rag,kg ready-to-cook weight/head,0.0,4.0
733,FacebookAI/roberta-large,functionalUnit,recalculated,rag,kg cold carcass weight/head,0.9411764705882353,143.0
734,FacebookAI/roberta-large,functionalUnit,recalculated,rag,kg cold carcass weight/head,0.9411764705882353,140.0
735,FacebookAI/roberta-large,functionalUnit,recalculated,rag,1 ha,1.0,31.0
736,FacebookAI/roberta-large,functionalUnit,recalculated,rag,1 ha,1.0,39.0
737,FacebookAI/roberta-large,functionalUnit,recalculated,rag,kg cold dressed carcass weight/head,0.0,3.0
738,FacebookAI/roberta-large,functionalUnit,recalculated,rag,kg cold dressed carcass weight/head,0.0,4.0
739,FacebookAI/roberta-large,functionalUnit,recalculated,rag,days,1.0,80.0
740,FacebookAI/roberta-large,functionalUnit,recalculated,rag,days,1.0,83.0
741,FacebookAI/roberta-large,functionalUnit,recalculated,rag,relative,1.0,754.0
742,FacebookAI/roberta-large,functionalUnit,recalculated,rag,relative,1.0,791.0
743,FacebookAI/roberta-large,functionalUnit,recalculated,rag,kg,0.0,11.0
744,FacebookAI/roberta-large,functionalUnit,recalculated,rag,kg,0.0,19.0
745,FacebookAI/roberta-large,functionalUnit,recalculated,rag,unitless,0.0,4.0
746,FacebookAI/roberta-large,functionalUnit,recalculated,rag,unitless,0.0,4.0
747,FacebookAI/roberta-large,functionalUnit,recalculated,rag,kg liveweight/head,0.8793103448275862,446.0
748,FacebookAI/roberta-large,functionalUnit,recalculated,rag,kg liveweight/head,0.8793103448275862,452.0
749,FacebookAI/roberta-large,functionalUnit,recalculated,rag,%,1.0,86.0
750,FacebookAI/roberta-large,functionalUnit,recalculated,rag,%,1.0,92.0
751,FacebookAI/roberta-large,functionalUnit,recalculated,rag,kg ready-to-cook weight/head,0.0,4.0
752,FacebookAI/roberta-large,functionalUnit,recalculated,rag,kg ready-to-cook weight/head,0.0,4.0
753,google-bert/bert-base-uncased,functionalUnit,recalculated,rag,kg cold carcass weight/head,0.9411764705882353,143.0
754,google-bert/bert-base-uncased,functionalUnit,recalculated,rag,kg cold carcass weight/head,0.9411764705882353,140.0
755,google-bert/bert-base-uncased,functionalUnit,recalculated,rag,1 ha,1.0,31.0
756,google-bert/bert-base-uncased,functionalUnit,recalculated,rag,1 ha,1.0,39.0
757,google-bert/bert-base-uncased,functionalUnit,recalculated,rag,kg cold dressed carcass weight/head,0.0,3.0
758,google-bert/bert-base-uncased,functionalUnit,recalculated,rag,kg cold dressed carcass weight/head,0.0,4.0
759,google-bert/bert-base-uncased,functionalUnit,recalculated,rag,days,0.75,80.0
760,google-bert/bert-base-uncased,functionalUnit,recalculated,rag,days,0.75,83.0
761,google-bert/bert-base-uncased,functionalUnit,recalculated,rag,relative,1.0,754.0
762,google-bert/bert-base-uncased,functionalUnit,recalculated,rag,relative,1.0,791.0
763,google-bert/bert-base-uncased,functionalUnit,recalculated,rag,kg,1.0,11.0
764,google-bert/bert-base-uncased,functionalUnit,recalculated,rag,kg,1.0,19.0
765,google-bert/bert-base-uncased,functionalUnit,recalculated,rag,unitless,0.0,4.0
766,google-bert/bert-base-uncased,functionalUnit,recalculated,rag,unitless,0.0,4.0
767,google-bert/bert-base-uncased,functionalUnit,recalculated,rag,kg liveweight/head,0.8387096774193549,446.0
768,google-bert/bert-base-uncased,functionalUnit,recalculated,rag,kg liveweight/head,0.8387096774193549,452.0
769,google-bert/bert-base-uncased,functionalUnit,recalculated,rag,%,0.8333333333333334,86.0
770,google-bert/bert-base-uncased,functionalUnit,recalculated,rag,%,0.8333333333333334,92.0
771,google-bert/bert-base-uncased,functionalUnit,recalculated,rag,kg ready-to-cook weight/head,0.0,4.0
772,google-bert/bert-base-uncased,functionalUnit,recalculated,rag,kg ready-to-cook weight/head,0.0,4.0
773,microsoft/deberta-v3-base,functionalUnit,recalculated,rag,kg cold carcass weight/head,0.9411764705882353,143.0
774,microsoft/deberta-v3-base,functionalUnit,recalculated,rag,kg cold carcass weight/head,0.9411764705882353,140.0
775,microsoft/deberta-v3-base,functionalUnit,recalculated,rag,1 ha,0.875,31.0
776,microsoft/deberta-v3-base,functionalUnit,recalculated,rag,1 ha,0.875,39.0
777,microsoft/deberta-v3-base,functionalUnit,recalculated,rag,kg cold dressed carcass weight/head,0.0,3.0
778,microsoft/deberta-v3-base,functionalUnit,recalculated,rag,kg cold dressed carcass weight/head,0.0,4.0
779,microsoft/deberta-v3-base,functionalUnit,recalculated,rag,days,0.75,80.0
780,microsoft/deberta-v3-base,functionalUnit,recalculated,rag,days,0.75,83.0
781,microsoft/deberta-v3-base,functionalUnit,recalculated,rag,relative,1.0,754.0
782,microsoft/deberta-v3-base,functionalUnit,recalculated,rag,relative,1.0,791.0
783,microsoft/deberta-v3-base,functionalUnit,recalculated,rag,kg,1.0,11.0
784,microsoft/deberta-v3-base,functionalUnit,recalculated,rag,kg,1.0,19.0
785,microsoft/deberta-v3-base,functionalUnit,recalculated,rag,unitless,0.0,4.0
786,microsoft/deberta-v3-base,functionalUnit,recalculated,rag,unitless,0.0,4.0
787,microsoft/deberta-v3-base,functionalUnit,recalculated,rag,kg liveweight/head,0.85,446.0
788,microsoft/deberta-v3-base,functionalUnit,recalculated,rag,kg liveweight/head,0.85,452.0
789,microsoft/deberta-v3-base,functionalUnit,recalculated,rag,%,1.0,86.0
790,microsoft/deberta-v3-base,functionalUnit,recalculated,rag,%,1.0,92.0
791,microsoft/deberta-v3-base,functionalUnit,recalculated,rag,kg ready-to-cook weight/head,0.0,4.0
792,microsoft/deberta-v3-base,functionalUnit,recalculated,rag,kg ready-to-cook weight/head,0.0,4.0
793,microsoft/deberta-v3-large,functionalUnit,recalculated,rag,kg cold carcass weight/head,0.9411764705882353,143.0
794,microsoft/deberta-v3-large,functionalUnit,recalculated,rag,kg cold carcass weight/head,0.9411764705882353,140.0
795,microsoft/deberta-v3-large,functionalUnit,recalculated,rag,1 ha,1.0,31.0
796,microsoft/deberta-v3-large,functionalUnit,recalculated,rag,1 ha,1.0,39.0
797,microsoft/deberta-v3-large,functionalUnit,recalculated,rag,kg cold dressed carcass weight/head,0.0,3.0
798,microsoft/deberta-v3-large,functionalUnit,recalculated,rag,kg cold dressed carcass weight/head,0.0,4.0
799,microsoft/deberta-v3-large,functionalUnit,recalculated,rag,days,0.7777777777777778,80.0
800,microsoft/deberta-v3-large,functionalUnit,recalculated,rag,days,0.7777777777777778,83.0
801,microsoft/deberta-v3-large,functionalUnit,recalculated,rag,relative,1.0,754.0
802,microsoft/deberta-v3-large,functionalUnit,recalculated,rag,relative,1.0,791.0
803,microsoft/deberta-v3-large,functionalUnit,recalculated,rag,kg,1.0,11.0
804,microsoft/deberta-v3-large,functionalUnit,recalculated,rag,kg,1.0,19.0
805,microsoft/deberta-v3-large,functionalUnit,recalculated,rag,unitless,0.0,4.0
806,microsoft/deberta-v3-large,functionalUnit,recalculated,rag,unitless,0.0,4.0
807,microsoft/deberta-v3-large,functionalUnit,recalculated,rag,kg liveweight/head,0.8524590163934426,446.0
808,microsoft/deberta-v3-large,functionalUnit,recalculated,rag,kg liveweight/head,0.8524590163934426,452.0
809,microsoft/deberta-v3-large,functionalUnit,recalculated,rag,%,1.0,86.0
810,microsoft/deberta-v3-large,functionalUnit,recalculated,rag,%,1.0,92.0
811,microsoft/deberta-v3-large,functionalUnit,recalculated,rag,kg ready-to-cook weight/head,0.0,4.0
812,microsoft/deberta-v3-large,functionalUnit,recalculated,rag,kg ready-to-cook weight/head,0.0,4.0
813,microsoft/deberta-v3-small,functionalUnit,recalculated,rag,kg cold carcass weight/head,0.9411764705882353,143.0
814,microsoft/deberta-v3-small,functionalUnit,recalculated,rag,kg cold carcass weight/head,0.9411764705882353,140.0
815,microsoft/deberta-v3-small,functionalUnit,recalculated,rag,1 ha,1.0,31.0
816,microsoft/deberta-v3-small,functionalUnit,recalculated,rag,1 ha,1.0,39.0
817,microsoft/deberta-v3-small,functionalUnit,recalculated,rag,kg cold dressed carcass weight/head,0.0,3.0
818,microsoft/deberta-v3-small,functionalUnit,recalculated,rag,kg cold dressed carcass weight/head,0.0,4.0
819,microsoft/deberta-v3-small,functionalUnit,recalculated,rag,days,0.6666666666666666,80.0
820,microsoft/deberta-v3-small,functionalUnit,recalculated,rag,days,0.6666666666666666,83.0
821,microsoft/deberta-v3-small,functionalUnit,recalculated,rag,relative,0.989247311827957,754.0
822,microsoft/deberta-v3-small,functionalUnit,recalculated,rag,relative,0.989247311827957,791.0
823,microsoft/deberta-v3-small,functionalUnit,recalculated,rag,kg,0.5,11.0
824,microsoft/deberta-v3-small,functionalUnit,recalculated,rag,kg,0.5,19.0
825,microsoft/deberta-v3-small,functionalUnit,recalculated,rag,unitless,0.0,4.0
826,microsoft/deberta-v3-small,functionalUnit,recalculated,rag,unitless,0.0,4.0
827,microsoft/deberta-v3-small,functionalUnit,recalculated,rag,kg liveweight/head,0.85,446.0
828,microsoft/deberta-v3-small,functionalUnit,recalculated,rag,kg liveweight/head,0.85,452.0
829,microsoft/deberta-v3-small,functionalUnit,recalculated,rag,%,0.7142857142857143,86.0
830,microsoft/deberta-v3-small,functionalUnit,recalculated,rag,%,0.7142857142857143,92.0
831,microsoft/deberta-v3-small,functionalUnit,recalculated,rag,kg ready-to-cook weight/head,0.0,4.0
832,microsoft/deberta-v3-small,functionalUnit,recalculated,rag,kg ready-to-cook weight/head,0.0,4.0
833,climatebert/distilroberta-base-climate-f,product,recalculated,rag,"Meat, beef cattle (cold carcass weight)",0.0,24.0
834,climatebert/distilroberta-base-climate-f,product,recalculated,rag,"Meat, beef cattle (cold carcass weight)",0.0,20.0
835,climatebert/distilroberta-base-climate-f,product,recalculated,rag,Layer chicken,1.0,52.0
836,climatebert/distilroberta-base-climate-f,product,recalculated,rag,Layer chicken,1.0,49.0
837,climatebert/distilroberta-base-climate-f,product,recalculated,rag,Pig,1.0,125.0
838,climatebert/distilroberta-base-climate-f,product,recalculated,rag,Pig,1.0,140.0
839,climatebert/distilroberta-base-climate-f,product,recalculated,rag,"Meat, beef cattle (cold dressed carcass weight)",1.0,11.0
840,climatebert/distilroberta-base-climate-f,product,recalculated,rag,"Meat, beef cattle (cold dressed carcass weight)",1.0,10.0
841,climatebert/distilroberta-base-climate-f,product,recalculated,rag,Dairy cattle,1.0,23.0
842,climatebert/distilroberta-base-climate-f,product,recalculated,rag,Dairy cattle,1.0,26.0
843,climatebert/distilroberta-base-climate-f,product,recalculated,rag,Milk,1.0,48.0
844,climatebert/distilroberta-base-climate-f,product,recalculated,rag,Milk,1.0,51.0
845,climatebert/distilroberta-base-climate-f,product,recalculated,rag,Cream,0.0,1.0
846,climatebert/distilroberta-base-climate-f,product,recalculated,rag,Cream,0.0,1.0
847,climatebert/distilroberta-base-climate-f,product,recalculated,rag,"Beef cattle, calf (male, weaned)",1.0,27.0
848,climatebert/distilroberta-base-climate-f,product,recalculated,rag,"Beef cattle, calf (male, weaned)",1.0,31.0
849,climatebert/distilroberta-base-climate-f,product,recalculated,rag,"Beef cattle, cow",0.0,12.0
850,climatebert/distilroberta-base-climate-f,product,recalculated,rag,"Beef cattle, cow",0.0,9.0
851,climatebert/distilroberta-base-climate-f,product,recalculated,rag,"Whey, liquid",1.0,3.0
852,climatebert/distilroberta-base-climate-f,product,recalculated,rag,"Whey, liquid",1.0,3.0
853,climatebert/distilroberta-base-climate-f,product,recalculated,rag,Wastewater (kg mass),1.0,16.0
854,climatebert/distilroberta-base-climate-f,product,recalculated,rag,Wastewater (kg mass),1.0,18.0
855,climatebert/distilroberta-base-climate-f,product,recalculated,rag,"Milk, cow, raw (FPCM)",1.0,40.0
856,climatebert/distilroberta-base-climate-f,product,recalculated,rag,"Milk, cow, raw (FPCM)",1.0,39.0
857,climatebert/distilroberta-base-climate-f,product,recalculated,rag,"Meat, chicken, wings",1.0,3.0
858,climatebert/distilroberta-base-climate-f,product,recalculated,rag,"Meat, chicken, wings",1.0,4.0
859,climatebert/distilroberta-base-climate-f,product,recalculated,rag,"Beef cattle, heifer and steer",0.0,4.0
860,climatebert/distilroberta-base-climate-f,product,recalculated,rag,"Beef cattle, heifer and steer",0.0,5.0
861,climatebert/distilroberta-base-climate-f,product,recalculated,rag,"Meat, dairy cattle (cold carcass weight)",0.0,7.0
862,climatebert/distilroberta-base-climate-f,product,recalculated,rag,"Meat, dairy cattle (cold carcass weight)",0.0,6.0
863,climatebert/distilroberta-base-climate-f,product,recalculated,rag,Buttermilk,0.0,2.0
864,climatebert/distilroberta-base-climate-f,product,recalculated,rag,Buttermilk,0.0,2.0
865,climatebert/distilroberta-base-climate-f,product,recalculated,rag,"Pig, sow",1.0,17.0
866,climatebert/distilroberta-base-climate-f,product,recalculated,rag,"Pig, sow",1.0,20.0
867,climatebert/distilroberta-base-climate-f,product,recalculated,rag,"Cattle, urine (kg mass)",0.0,6.0
868,climatebert/distilroberta-base-climate-f,product,recalculated,rag,"Cattle, urine (kg mass)",0.0,6.0
869,climatebert/distilroberta-base-climate-f,product,recalculated,rag,"Beef cattle, calf (female, weaned)",1.0,22.0
870,climatebert/distilroberta-base-climate-f,product,recalculated,rag,"Beef cattle, calf (female, weaned)",1.0,22.0
871,climatebert/distilroberta-base-climate-f,product,recalculated,rag,Yoghurt,1.0,2.0
872,climatebert/distilroberta-base-climate-f,product,recalculated,rag,Yoghurt,1.0,6.0
873,climatebert/distilroberta-base-climate-f,product,recalculated,rag,"Meat, beef cattle (liveweight)",1.0,8.0
874,climatebert/distilroberta-base-climate-f,product,recalculated,rag,"Meat, beef cattle (liveweight)",1.0,9.0
875,climatebert/distilroberta-base-climate-f,product,recalculated,rag,"Dairy cattle, heifer",1.0,5.0
876,climatebert/distilroberta-base-climate-f,product,recalculated,rag,"Dairy cattle, heifer",1.0,5.0
877,climatebert/distilroberta-base-climate-f,product,recalculated,rag,"Sheep, ram",1.0,29.0
878,climatebert/distilroberta-base-climate-f,product,recalculated,rag,"Sheep, ram",1.0,29.0
879,climatebert/distilroberta-base-climate-f,product,recalculated,rag,Caciotta,1.0,4.0
880,climatebert/distilroberta-base-climate-f,product,recalculated,rag,"Electricity, produced on",0.0,3.0
881,climatebert/distilroberta-base-climate-f,product,recalculated,rag,Fresh cheese,0.0,12.0
882,climatebert/distilroberta-base-climate-f,product,recalculated,rag,Fresh cheese,0.0,12.0
883,climatebert/distilroberta-base-climate-f,product,recalculated,rag,Electricity,0.0,3.0
884,climatebert/distilroberta-base-climate-f,product,recalculated,rag,"Sheep, ewe",1.0,62.0
885,climatebert/distilroberta-base-climate-f,product,recalculated,rag,"Sheep, ewe",1.0,59.0
886,climatebert/distilroberta-base-climate-f,product,recalculated,rag,"Dairy cattle, calf (male, unweaned)",0.0,3.0
887,climatebert/distilroberta-base-climate-f,product,recalculated,rag,"Dairy cattle, calf (male, unweaned)",0.0,2.0
888,climatebert/distilroberta-base-climate-f,product,recalculated,rag,"Beef cattle, calf (weaned)",0.0,2.0
889,climatebert/distilroberta-base-climate-f,product,recalculated,rag,"Beef cattle, calf (weaned)",0.0,2.0
890,climatebert/distilroberta-base-climate-f,product,recalculated,rag,"Meat, pig (cold dressed carcass weight)",1.0,17.0
891,climatebert/distilroberta-base-climate-f,product,recalculated,rag,"Meat, pig (cold dressed carcass weight)",1.0,16.0
892,climatebert/distilroberta-base-climate-f,product,recalculated,rag,"Dairy cattle, calf (female, weaned)",0.0,1.0
893,climatebert/distilroberta-base-climate-f,product,recalculated,rag,"Dairy cattle, calf (female, weaned)",0.0,1.0
894,climatebert/distilroberta-base-climate-f,product,recalculated,rag,Whey,1.0,4.0
895,climatebert/distilroberta-base-climate-f,product,recalculated,rag,Whey,1.0,4.0
896,climatebert/distilroberta-base-climate-f,product,recalculated,rag,Cattle,0.0,6.0
897,climatebert/distilroberta-base-climate-f,product,recalculated,rag,Cattle,0.0,6.0
898,climatebert/distilroberta-base-climate-f,product,recalculated,rag,"Dairy cattle, calf (weaned)",0.0,6.0
899,climatebert/distilroberta-base-climate-f,product,recalculated,rag,"Dairy cattle, calf (weaned)",0.0,4.0
900,climatebert/distilroberta-base-climate-f,product,recalculated,rag,"Dairy cattle, calf",0.0,1.0
901,climatebert/distilroberta-base-climate-f,product,recalculated,rag,Sheep,1.0,152.0
902,climatebert/distilroberta-base-climate-f,product,recalculated,rag,Sheep,1.0,154.0
903,climatebert/distilroberta-base-climate-f,product,recalculated,rag,"Meat, chicken, breast",0.0,4.0
904,climatebert/distilroberta-base-climate-f,product,recalculated,rag,"Meat, chicken, breast",0.0,3.0
905,climatebert/distilroberta-base-climate-f,product,recalculated,rag,"Beef cattle, bull",1.0,19.0
906,climatebert/distilroberta-base-climate-f,product,recalculated,rag,"Beef cattle, bull",1.0,20.0
907,climatebert/distilroberta-base-climate-f,product,recalculated,rag,"Cream, cow, raw",0.0,1.0
908,climatebert/distilroberta-base-climate-f,product,recalculated,rag,"Cream, cow, raw",0.0,1.0
909,climatebert/distilroberta-base-climate-f,product,recalculated,rag,"Broiler chicken, hen",1.0,4.0
910,climatebert/distilroberta-base-climate-f,product,recalculated,rag,"Broiler chicken, hen",1.0,5.0
911,climatebert/distilroberta-base-climate-f,product,recalculated,rag,"Broiler chicken, chick",0.0,6.0
912,climatebert/distilroberta-base-climate-f,product,recalculated,rag,"Broiler chicken, chick",0.0,9.0
913,climatebert/distilroberta-base-climate-f,product,recalculated,rag,"Sheep, lamb (weaned)",1.0,32.0
914,climatebert/distilroberta-base-climate-f,product,recalculated,rag,"Sheep, lamb (weaned)",1.0,35.0
915,climatebert/distilroberta-base-climate-f,product,recalculated,rag,"Meat, dairy cattle (liveweight)",1.0,17.0
916,climatebert/distilroberta-base-climate-f,product,recalculated,rag,"Meat, dairy cattle (liveweight)",1.0,22.0
917,climatebert/distilroberta-base-climate-f,product,recalculated,rag,"Layer chicken, pullet",1.0,7.0
918,climatebert/distilroberta-base-climate-f,product,recalculated,rag,"Layer chicken, pullet",1.0,6.0
919,climatebert/distilroberta-base-climate-f,product,recalculated,rag,Broiler chicken,1.0,48.0
920,climatebert/distilroberta-base-climate-f,product,recalculated,rag,Broiler chicken,1.0,54.0
921,climatebert/distilroberta-base-climate-f,product,recalculated,rag,Beef cattle,1.0,240.0
922,climatebert/distilroberta-base-climate-f,product,recalculated,rag,Beef cattle,1.0,235.0
923,climatebert/distilroberta-base-climate-f,product,recalculated,rag,"Cheese, cow",1.0,4.0
924,climatebert/distilroberta-base-climate-f,product,recalculated,rag,"Cheese, cow",1.0,4.0
925,climatebert/distilroberta-base-climate-f,product,recalculated,rag,"Eggs, hen, in shell",0.0,9.0
926,climatebert/distilroberta-base-climate-f,product,recalculated,rag,"Eggs, hen, in shell",0.0,16.0
927,climatebert/distilroberta-base-climate-f,product,recalculated,rag,"Cheese, sheep",0.0,1.0
928,climatebert/distilroberta-base-climate-f,product,recalculated,rag,"Cheese, sheep",0.0,1.0
929,climatebert/distilroberta-base-climate-f,product,recalculated,rag,Eggs,1.0,24.0
930,climatebert/distilroberta-base-climate-f,product,recalculated,rag,Eggs,1.0,34.0
931,climatebert/distilroberta-base-climate-f,product,recalculated,rag,"Layer chicken, hen",1.0,7.0
932,climatebert/distilroberta-base-climate-f,product,recalculated,rag,"Layer chicken, hen",1.0,7.0
933,climatebert/distilroberta-base-climate-f,product,recalculated,rag,"Sheep, lamb",1.0,29.0
934,climatebert/distilroberta-base-climate-f,product,recalculated,rag,"Sheep, lamb",1.0,31.0
935,climatebert/distilroberta-base-climate-f,product,recalculated,rag,"Milk, cow, raw",1.0,8.0
936,climatebert/distilroberta-base-climate-f,product,recalculated,rag,"Milk, cow, raw",1.0,12.0
937,climatebert/distilroberta-base-climate-f,product,recalculated,rag,"Beef cattle, steer",1.0,85.0
938,climatebert/distilroberta-base-climate-f,product,recalculated,rag,"Beef cattle, steer",1.0,76.0
939,climatebert/distilroberta-base-climate-f,product,recalculated,rag,Butter,1.0,10.0
940,climatebert/distilroberta-base-climate-f,product,recalculated,rag,Butter,1.0,8.0
941,climatebert/distilroberta-base-climate-f,product,recalculated,rag,Poultry by,0.0,2.0
942,climatebert/distilroberta-base-climate-f,product,recalculated,rag,"Dairy cattle, cow",1.0,7.0
943,climatebert/distilroberta-base-climate-f,product,recalculated,rag,"Dairy cattle, cow",1.0,14.0
944,climatebert/distilroberta-base-climate-f,product,recalculated,rag,"Pig, piglet",1.0,24.0
945,climatebert/distilroberta-base-climate-f,product,recalculated,rag,"Pig, piglet",1.0,24.0
946,climatebert/distilroberta-base-climate-f,product,recalculated,rag,"Meat, chicken, leg",0.0,4.0
947,climatebert/distilroberta-base-climate-f,product,recalculated,rag,"Meat, chicken, leg",0.0,3.0
948,climatebert/distilroberta-base-climate-f,product,recalculated,rag,"Meat, chicken (cold carcass weight)",0.0,4.0
949,climatebert/distilroberta-base-climate-f,product,recalculated,rag,"Meat, chicken (cold carcass weight)",0.0,6.0
950,climatebert/distilroberta-base-climate-f,product,recalculated,rag,"Whey, powder",0.0,1.0
951,climatebert/distilroberta-base-climate-f,product,recalculated,rag,"Whey, powder",0.0,1.0
952,climatebert/distilroberta-base-climate-f,product,recalculated,rag,Cheese,1.0,5.0
953,climatebert/distilroberta-base-climate-f,product,recalculated,rag,Cheese,1.0,5.0
954,climatebert/distilroberta-base-climate-f,product,recalculated,rag,Soft,1.0,8.0
955,climatebert/distilroberta-base-climate-f,product,recalculated,rag,Soft,1.0,12.0
956,climatebert/distilroberta-base-climate-f,product,recalculated,rag,"Eggs, hen, in shell (number)",1.0,15.0
957,climatebert/distilroberta-base-climate-f,product,recalculated,rag,"Eggs, hen, in shell (number)",1.0,18.0
958,climatebert/distilroberta-base-climate-f,product,recalculated,rag,Meat,1.0,103.0
959,climatebert/distilroberta-base-climate-f,product,recalculated,rag,Meat,1.0,113.0
960,climatebert/distilroberta-base-climate-f,product,recalculated,rag,"Meat, chicken (liveweight)",0.0,4.0
961,climatebert/distilroberta-base-climate-f,product,recalculated,rag,"Meat, chicken (liveweight)",0.0,12.0
962,climatebert/distilroberta-base-climate-f,product,recalculated,rag,"Beef cattle, heifer",1.0,63.0
963,climatebert/distilroberta-base-climate-f,product,recalculated,rag,"Beef cattle, heifer",1.0,64.0
964,climatebert/distilroberta-base-climate-f,product,recalculated,rag,Ricotta,1.0,6.0
965,climatebert/distilroberta-base-climate-f,product,recalculated,rag,Ricotta,1.0,4.0
966,climatebert/distilroberta-base-climate-f,product,recalculated,rag,Ripened cheese,1.0,14.0
967,climatebert/distilroberta-base-climate-f,product,recalculated,rag,Ripened cheese,1.0,20.0
968,ESGBERT/EnvironmentalBERT-base,product,recalculated,rag,"Meat, beef cattle (cold carcass weight)",0.0,24.0
969,ESGBERT/EnvironmentalBERT-base,product,recalculated,rag,"Meat, beef cattle (cold carcass weight)",0.0,20.0
970,ESGBERT/EnvironmentalBERT-base,product,recalculated,rag,Layer chicken,1.0,52.0
971,ESGBERT/EnvironmentalBERT-base,product,recalculated,rag,Layer chicken,1.0,49.0
972,ESGBERT/EnvironmentalBERT-base,product,recalculated,rag,Pig,1.0,125.0
973,ESGBERT/EnvironmentalBERT-base,product,recalculated,rag,Pig,1.0,140.0
974,ESGBERT/EnvironmentalBERT-base,product,recalculated,rag,"Meat, beef cattle (cold dressed carcass weight)",1.0,11.0
975,ESGBERT/EnvironmentalBERT-base,product,recalculated,rag,"Meat, beef cattle (cold dressed carcass weight)",1.0,10.0
976,ESGBERT/EnvironmentalBERT-base,product,recalculated,rag,Dairy cattle,1.0,23.0
977,ESGBERT/EnvironmentalBERT-base,product,recalculated,rag,Dairy cattle,1.0,26.0
978,ESGBERT/EnvironmentalBERT-base,product,recalculated,rag,Milk,1.0,48.0
979,ESGBERT/EnvironmentalBERT-base,product,recalculated,rag,Milk,1.0,51.0
980,ESGBERT/EnvironmentalBERT-base,product,recalculated,rag,Cream,0.0,1.0
981,ESGBERT/EnvironmentalBERT-base,product,recalculated,rag,Cream,0.0,1.0
982,ESGBERT/EnvironmentalBERT-base,product,recalculated,rag,"Beef cattle, calf (male, weaned)",1.0,27.0
983,ESGBERT/EnvironmentalBERT-base,product,recalculated,rag,"Beef cattle, calf (male, weaned)",1.0,31.0
984,ESGBERT/EnvironmentalBERT-base,product,recalculated,rag,"Beef cattle, cow",0.0,12.0
985,ESGBERT/EnvironmentalBERT-base,product,recalculated,rag,"Beef cattle, cow",0.0,9.0
986,ESGBERT/EnvironmentalBERT-base,product,recalculated,rag,"Whey, liquid",1.0,3.0
987,ESGBERT/EnvironmentalBERT-base,product,recalculated,rag,"Whey, liquid",1.0,3.0
988,ESGBERT/EnvironmentalBERT-base,product,recalculated,rag,Wastewater (kg mass),1.0,16.0
989,ESGBERT/EnvironmentalBERT-base,product,recalculated,rag,Wastewater (kg mass),1.0,18.0
990,ESGBERT/EnvironmentalBERT-base,product,recalculated,rag,"Milk, cow, raw (FPCM)",1.0,40.0
991,ESGBERT/EnvironmentalBERT-base,product,recalculated,rag,"Milk, cow, raw (FPCM)",1.0,39.0
992,ESGBERT/EnvironmentalBERT-base,product,recalculated,rag,"Meat, chicken, wings",1.0,3.0
993,ESGBERT/EnvironmentalBERT-base,product,recalculated,rag,"Meat, chicken, wings",1.0,4.0
994,ESGBERT/EnvironmentalBERT-base,product,recalculated,rag,"Beef cattle, heifer and steer",0.0,4.0
995,ESGBERT/EnvironmentalBERT-base,product,recalculated,rag,"Beef cattle, heifer and steer",0.0,5.0
996,ESGBERT/EnvironmentalBERT-base,product,recalculated,rag,"Meat, dairy cattle (cold carcass weight)",0.0,7.0
997,ESGBERT/EnvironmentalBERT-base,product,recalculated,rag,"Meat, dairy cattle (cold carcass weight)",0.0,6.0
998,ESGBERT/EnvironmentalBERT-base,product,recalculated,rag,Buttermilk,0.0,2.0
999,ESGBERT/EnvironmentalBERT-base,product,recalculated,rag,Buttermilk,0.0,2.0
1000,ESGBERT/EnvironmentalBERT-base,product,recalculated,rag,"Pig, sow",1.0,17.0
1001,ESGBERT/EnvironmentalBERT-base,product,recalculated,rag,"Pig, sow",1.0,20.0
1002,ESGBERT/EnvironmentalBERT-base,product,recalculated,rag,"Cattle, urine (kg mass)",0.0,6.0
1003,ESGBERT/EnvironmentalBERT-base,product,recalculated,rag,"Cattle, urine (kg mass)",0.0,6.0
1004,ESGBERT/EnvironmentalBERT-base,product,recalculated,rag,"Beef cattle, calf (female, weaned)",1.0,22.0
1005,ESGBERT/EnvironmentalBERT-base,product,recalculated,rag,"Beef cattle, calf (female, weaned)",1.0,22.0
1006,ESGBERT/EnvironmentalBERT-base,product,recalculated,rag,Yoghurt,1.0,2.0
1007,ESGBERT/EnvironmentalBERT-base,product,recalculated,rag,Yoghurt,1.0,6.0
1008,ESGBERT/EnvironmentalBERT-base,product,recalculated,rag,"Meat, beef cattle (liveweight)",1.0,8.0
1009,ESGBERT/EnvironmentalBERT-base,product,recalculated,rag,"Meat, beef cattle (liveweight)",1.0,9.0
1010,ESGBERT/EnvironmentalBERT-base,product,recalculated,rag,"Dairy cattle, heifer",1.0,5.0
1011,ESGBERT/EnvironmentalBERT-base,product,recalculated,rag,"Dairy cattle, heifer",1.0,5.0
1012,ESGBERT/EnvironmentalBERT-base,product,recalculated,rag,"Sheep, ram",1.0,29.0
1013,ESGBERT/EnvironmentalBERT-base,product,recalculated,rag,"Sheep, ram",1.0,29.0
1014,ESGBERT/EnvironmentalBERT-base,product,recalculated,rag,Caciotta,1.0,4.0
1015,ESGBERT/EnvironmentalBERT-base,product,recalculated,rag,"Electricity, produced on",0.0,3.0
1016,ESGBERT/EnvironmentalBERT-base,product,recalculated,rag,Fresh cheese,0.0,12.0
1017,ESGBERT/EnvironmentalBERT-base,product,recalculated,rag,Fresh cheese,0.0,12.0
1018,ESGBERT/EnvironmentalBERT-base,product,recalculated,rag,Electricity,0.0,3.0
1019,ESGBERT/EnvironmentalBERT-base,product,recalculated,rag,"Sheep, ewe",1.0,62.0
1020,ESGBERT/EnvironmentalBERT-base,product,recalculated,rag,"Sheep, ewe",1.0,59.0
1021,ESGBERT/EnvironmentalBERT-base,product,recalculated,rag,"Dairy cattle, calf (male, unweaned)",0.0,3.0
1022,ESGBERT/EnvironmentalBERT-base,product,recalculated,rag,"Dairy cattle, calf (male, unweaned)",0.0,2.0
1023,ESGBERT/EnvironmentalBERT-base,product,recalculated,rag,"Beef cattle, calf (weaned)",0.0,2.0
1024,ESGBERT/EnvironmentalBERT-base,product,recalculated,rag,"Beef cattle, calf (weaned)",0.0,2.0
1025,ESGBERT/EnvironmentalBERT-base,product,recalculated,rag,"Meat, pig (cold dressed carcass weight)",1.0,17.0
1026,ESGBERT/EnvironmentalBERT-base,product,recalculated,rag,"Meat, pig (cold dressed carcass weight)",1.0,16.0
1027,ESGBERT/EnvironmentalBERT-base,product,recalculated,rag,"Dairy cattle, calf (female, weaned)",0.0,1.0
1028,ESGBERT/EnvironmentalBERT-base,product,recalculated,rag,"Dairy cattle, calf (female, weaned)",0.0,1.0
1029,ESGBERT/EnvironmentalBERT-base,product,recalculated,rag,Whey,1.0,4.0
1030,ESGBERT/EnvironmentalBERT-base,product,recalculated,rag,Whey,1.0,4.0
1031,ESGBERT/EnvironmentalBERT-base,product,recalculated,rag,Cattle,0.0,6.0
1032,ESGBERT/EnvironmentalBERT-base,product,recalculated,rag,Cattle,0.0,6.0
1033,ESGBERT/EnvironmentalBERT-base,product,recalculated,rag,"Dairy cattle, calf (weaned)",0.0,6.0
1034,ESGBERT/EnvironmentalBERT-base,product,recalculated,rag,"Dairy cattle, calf (weaned)",0.0,4.0
1035,ESGBERT/EnvironmentalBERT-base,product,recalculated,rag,"Dairy cattle, calf",0.0,1.0
1036,ESGBERT/EnvironmentalBERT-base,product,recalculated,rag,Sheep,1.0,152.0
1037,ESGBERT/EnvironmentalBERT-base,product,recalculated,rag,Sheep,1.0,154.0
1038,ESGBERT/EnvironmentalBERT-base,product,recalculated,rag,"Meat, chicken, breast",0.0,4.0
1039,ESGBERT/EnvironmentalBERT-base,product,recalculated,rag,"Meat, chicken, breast",0.0,3.0
1040,ESGBERT/EnvironmentalBERT-base,product,recalculated,rag,"Beef cattle, bull",1.0,19.0
1041,ESGBERT/EnvironmentalBERT-base,product,recalculated,rag,"Beef cattle, bull",1.0,20.0
1042,ESGBERT/EnvironmentalBERT-base,product,recalculated,rag,"Cream, cow, raw",0.0,1.0
1043,ESGBERT/EnvironmentalBERT-base,product,recalculated,rag,"Cream, cow, raw",0.0,1.0
1044,ESGBERT/EnvironmentalBERT-base,product,recalculated,rag,"Broiler chicken, hen",1.0,4.0
1045,ESGBERT/EnvironmentalBERT-base,product,recalculated,rag,"Broiler chicken, hen",1.0,5.0
1046,ESGBERT/EnvironmentalBERT-base,product,recalculated,rag,"Broiler chicken, chick",0.0,6.0
1047,ESGBERT/EnvironmentalBERT-base,product,recalculated,rag,"Broiler chicken, chick",0.0,9.0
1048,ESGBERT/EnvironmentalBERT-base,product,recalculated,rag,"Sheep, lamb (weaned)",1.0,32.0
1049,ESGBERT/EnvironmentalBERT-base,product,recalculated,rag,"Sheep, lamb (weaned)",1.0,35.0
1050,ESGBERT/EnvironmentalBERT-base,product,recalculated,rag,"Meat, dairy cattle (liveweight)",1.0,17.0
1051,ESGBERT/EnvironmentalBERT-base,product,recalculated,rag,"Meat, dairy cattle (liveweight)",1.0,22.0
1052,ESGBERT/EnvironmentalBERT-base,product,recalculated,rag,"Layer chicken, pullet",1.0,7.0
1053,ESGBERT/EnvironmentalBERT-base,product,recalculated,rag,"Layer chicken, pullet",1.0,6.0
1054,ESGBERT/EnvironmentalBERT-base,product,recalculated,rag,Broiler chicken,1.0,48.0
1055,ESGBERT/EnvironmentalBERT-base,product,recalculated,rag,Broiler chicken,1.0,54.0
1056,ESGBERT/EnvironmentalBERT-base,product,recalculated,rag,Beef cattle,1.0,240.0
1057,ESGBERT/EnvironmentalBERT-base,product,recalculated,rag,Beef cattle,1.0,235.0
1058,ESGBERT/EnvironmentalBERT-base,product,recalculated,rag,"Cheese, cow",1.0,4.0
1059,ESGBERT/EnvironmentalBERT-base,product,recalculated,rag,"Cheese, cow",1.0,4.0
1060,ESGBERT/EnvironmentalBERT-base,product,recalculated,rag,"Eggs, hen, in shell",0.0,9.0
1061,ESGBERT/EnvironmentalBERT-base,product,recalculated,rag,"Eggs, hen, in shell",0.0,16.0
1062,ESGBERT/EnvironmentalBERT-base,product,recalculated,rag,"Cheese, sheep",0.0,1.0
1063,ESGBERT/EnvironmentalBERT-base,product,recalculated,rag,"Cheese, sheep",0.0,1.0
1064,ESGBERT/EnvironmentalBERT-base,product,recalculated,rag,Eggs,1.0,24.0
1065,ESGBERT/EnvironmentalBERT-base,product,recalculated,rag,Eggs,1.0,34.0
1066,ESGBERT/EnvironmentalBERT-base,product,recalculated,rag,"Layer chicken, hen",1.0,7.0
1067,ESGBERT/EnvironmentalBERT-base,product,recalculated,rag,"Layer chicken, hen",1.0,7.0
1068,ESGBERT/EnvironmentalBERT-base,product,recalculated,rag,"Sheep, lamb",1.0,29.0
1069,ESGBERT/EnvironmentalBERT-base,product,recalculated,rag,"Sheep, lamb",1.0,31.0
1070,ESGBERT/EnvironmentalBERT-base,product,recalculated,rag,"Milk, cow, raw",1.0,8.0
1071,ESGBERT/EnvironmentalBERT-base,product,recalculated,rag,"Milk, cow, raw",1.0,12.0
1072,ESGBERT/EnvironmentalBERT-base,product,recalculated,rag,"Beef cattle, steer",1.0,85.0
1073,ESGBERT/EnvironmentalBERT-base,product,recalculated,rag,"Beef cattle, steer",1.0,76.0
1074,ESGBERT/EnvironmentalBERT-base,product,recalculated,rag,Butter,1.0,10.0
1075,ESGBERT/EnvironmentalBERT-base,product,recalculated,rag,Butter,1.0,8.0
1076,ESGBERT/EnvironmentalBERT-base,product,recalculated,rag,Poultry by,0.0,2.0
1077,ESGBERT/EnvironmentalBERT-base,product,recalculated,rag,"Dairy cattle, cow",1.0,7.0
1078,ESGBERT/EnvironmentalBERT-base,product,recalculated,rag,"Dairy cattle, cow",1.0,14.0
1079,ESGBERT/EnvironmentalBERT-base,product,recalculated,rag,"Pig, piglet",1.0,24.0
1080,ESGBERT/EnvironmentalBERT-base,product,recalculated,rag,"Pig, piglet",1.0,24.0
1081,ESGBERT/EnvironmentalBERT-base,product,recalculated,rag,"Meat, chicken, leg",0.0,4.0
1082,ESGBERT/EnvironmentalBERT-base,product,recalculated,rag,"Meat, chicken, leg",0.0,3.0
1083,ESGBERT/EnvironmentalBERT-base,product,recalculated,rag,"Meat, chicken (cold carcass weight)",0.0,4.0
1084,ESGBERT/EnvironmentalBERT-base,product,recalculated,rag,"Meat, chicken (cold carcass weight)",0.0,6.0
1085,ESGBERT/EnvironmentalBERT-base,product,recalculated,rag,"Whey, powder",0.0,1.0
1086,ESGBERT/EnvironmentalBERT-base,product,recalculated,rag,"Whey, powder",0.0,1.0
1087,ESGBERT/EnvironmentalBERT-base,product,recalculated,rag,Cheese,1.0,5.0
1088,ESGBERT/EnvironmentalBERT-base,product,recalculated,rag,Cheese,1.0,5.0
1089,ESGBERT/EnvironmentalBERT-base,product,recalculated,rag,Soft,1.0,8.0
1090,ESGBERT/EnvironmentalBERT-base,product,recalculated,rag,Soft,1.0,12.0
1091,ESGBERT/EnvironmentalBERT-base,product,recalculated,rag,"Eggs, hen, in shell (number)",1.0,15.0
1092,ESGBERT/EnvironmentalBERT-base,product,recalculated,rag,"Eggs, hen, in shell (number)",1.0,18.0
1093,ESGBERT/EnvironmentalBERT-base,product,recalculated,rag,Meat,1.0,103.0
1094,ESGBERT/EnvironmentalBERT-base,product,recalculated,rag,Meat,1.0,113.0
1095,ESGBERT/EnvironmentalBERT-base,product,recalculated,rag,"Meat, chicken (liveweight)",0.0,4.0
1096,ESGBERT/EnvironmentalBERT-base,product,recalculated,rag,"Meat, chicken (liveweight)",0.0,12.0
1097,ESGBERT/EnvironmentalBERT-base,product,recalculated,rag,"Beef cattle, heifer",1.0,63.0
1098,ESGBERT/EnvironmentalBERT-base,product,recalculated,rag,"Beef cattle, heifer",1.0,64.0
1099,ESGBERT/EnvironmentalBERT-base,product,recalculated,rag,Ricotta,1.0,6.0
1100,ESGBERT/EnvironmentalBERT-base,product,recalculated,rag,Ricotta,1.0,4.0
1101,ESGBERT/EnvironmentalBERT-base,product,recalculated,rag,Ripened cheese,1.0,14.0
1102,ESGBERT/EnvironmentalBERT-base,product,recalculated,rag,Ripened cheese,1.0,20.0
1103,FacebookAI/roberta-large,product,recalculated,rag,"Meat, beef cattle (cold carcass weight)",0.0,24.0
1104,FacebookAI/roberta-large,product,recalculated,rag,"Meat, beef cattle (cold carcass weight)",0.0,20.0
1105,FacebookAI/roberta-large,product,recalculated,rag,Layer chicken,1.0,52.0
1106,FacebookAI/roberta-large,product,recalculated,rag,Layer chicken,1.0,49.0
1107,FacebookAI/roberta-large,product,recalculated,rag,Pig,1.0,125.0
1108,FacebookAI/roberta-large,product,recalculated,rag,Pig,1.0,140.0
1109,FacebookAI/roberta-large,product,recalculated,rag,"Meat, beef cattle (cold dressed carcass weight)",1.0,11.0
1110,FacebookAI/roberta-large,product,recalculated,rag,"Meat, beef cattle (cold dressed carcass weight)",1.0,10.0
1111,FacebookAI/roberta-large,product,recalculated,rag,Dairy cattle,1.0,23.0
1112,FacebookAI/roberta-large,product,recalculated,rag,Dairy cattle,1.0,26.0
1113,FacebookAI/roberta-large,product,recalculated,rag,Milk,1.0,48.0
1114,FacebookAI/roberta-large,product,recalculated,rag,Milk,1.0,51.0
1115,FacebookAI/roberta-large,product,recalculated,rag,Cream,0.0,1.0
1116,FacebookAI/roberta-large,product,recalculated,rag,Cream,0.0,1.0
1117,FacebookAI/roberta-large,product,recalculated,rag,"Beef cattle, calf (male, weaned)",1.0,27.0
1118,FacebookAI/roberta-large,product,recalculated,rag,"Beef cattle, calf (male, weaned)",1.0,31.0
1119,FacebookAI/roberta-large,product,recalculated,rag,"Beef cattle, cow",0.0,12.0
1120,FacebookAI/roberta-large,product,recalculated,rag,"Beef cattle, cow",0.0,9.0
1121,FacebookAI/roberta-large,product,recalculated,rag,"Whey, liquid",1.0,3.0
1122,FacebookAI/roberta-large,product,recalculated,rag,"Whey, liquid",1.0,3.0
1123,FacebookAI/roberta-large,product,recalculated,rag,Wastewater (kg mass),1.0,16.0
1124,FacebookAI/roberta-large,product,recalculated,rag,Wastewater (kg mass),1.0,18.0
1125,FacebookAI/roberta-large,product,recalculated,rag,"Milk, cow, raw (FPCM)",1.0,40.0
1126,FacebookAI/roberta-large,product,recalculated,rag,"Milk, cow, raw (FPCM)",1.0,39.0
1127,FacebookAI/roberta-large,product,recalculated,rag,"Meat, chicken, wings",1.0,3.0
1128,FacebookAI/roberta-large,product,recalculated,rag,"Meat, chicken, wings",1.0,4.0
1129,FacebookAI/roberta-large,product,recalculated,rag,"Beef cattle, heifer and steer",0.0,4.0
1130,FacebookAI/roberta-large,product,recalculated,rag,"Beef cattle, heifer and steer",0.0,5.0
1131,FacebookAI/roberta-large,product,recalculated,rag,"Meat, dairy cattle (cold carcass weight)",0.0,7.0
1132,FacebookAI/roberta-large,product,recalculated,rag,"Meat, dairy cattle (cold carcass weight)",0.0,6.0
1133,FacebookAI/roberta-large,product,recalculated,rag,Buttermilk,0.0,2.0
1134,FacebookAI/roberta-large,product,recalculated,rag,Buttermilk,0.0,2.0
1135,FacebookAI/roberta-large,product,recalculated,rag,"Pig, sow",1.0,17.0
1136,FacebookAI/roberta-large,product,recalculated,rag,"Pig, sow",1.0,20.0
1137,FacebookAI/roberta-large,product,recalculated,rag,"Cattle, urine (kg mass)",0.0,6.0
1138,FacebookAI/roberta-large,product,recalculated,rag,"Cattle, urine (kg mass)",0.0,6.0
1139,FacebookAI/roberta-large,product,recalculated,rag,"Beef cattle, calf (female, weaned)",1.0,22.0
1140,FacebookAI/roberta-large,product,recalculated,rag,"Beef cattle, calf (female, weaned)",1.0,22.0
1141,FacebookAI/roberta-large,product,recalculated,rag,Yoghurt,1.0,2.0
1142,FacebookAI/roberta-large,product,recalculated,rag,Yoghurt,1.0,6.0
1143,FacebookAI/roberta-large,product,recalculated,rag,"Meat, beef cattle (liveweight)",1.0,8.0
1144,FacebookAI/roberta-large,product,recalculated,rag,"Meat, beef cattle (liveweight)",1.0,9.0
1145,FacebookAI/roberta-large,product,recalculated,rag,"Dairy cattle, heifer",1.0,5.0
1146,FacebookAI/roberta-large,product,recalculated,rag,"Dairy cattle, heifer",1.0,5.0
1147,FacebookAI/roberta-large,product,recalculated,rag,"Sheep, ram",1.0,29.0
1148,FacebookAI/roberta-large,product,recalculated,rag,"Sheep, ram",1.0,29.0
1149,FacebookAI/roberta-large,product,recalculated,rag,Caciotta,1.0,4.0
1150,FacebookAI/roberta-large,product,recalculated,rag,"Electricity, produced on",0.0,3.0
1151,FacebookAI/roberta-large,product,recalculated,rag,Fresh cheese,0.0,12.0
1152,FacebookAI/roberta-large,product,recalculated,rag,Fresh cheese,0.0,12.0
1153,FacebookAI/roberta-large,product,recalculated,rag,Electricity,0.0,3.0
1154,FacebookAI/roberta-large,product,recalculated,rag,"Sheep, ewe",1.0,62.0
1155,FacebookAI/roberta-large,product,recalculated,rag,"Sheep, ewe",1.0,59.0
1156,FacebookAI/roberta-large,product,recalculated,rag,"Dairy cattle, calf (male, unweaned)",0.0,3.0
1157,FacebookAI/roberta-large,product,recalculated,rag,"Dairy cattle, calf (male, unweaned)",0.0,2.0
1158,FacebookAI/roberta-large,product,recalculated,rag,"Beef cattle, calf (weaned)",0.0,2.0
1159,FacebookAI/roberta-large,product,recalculated,rag,"Beef cattle, calf (weaned)",0.0,2.0
1160,FacebookAI/roberta-large,product,recalculated,rag,"Meat, pig (cold dressed carcass weight)",1.0,17.0
1161,FacebookAI/roberta-large,product,recalculated,rag,"Meat, pig (cold dressed carcass weight)",1.0,16.0
1162,FacebookAI/roberta-large,product,recalculated,rag,"Dairy cattle, calf (female, weaned)",0.0,1.0
1163,FacebookAI/roberta-large,product,recalculated,rag,"Dairy cattle, calf (female, weaned)",0.0,1.0
1164,FacebookAI/roberta-large,product,recalculated,rag,Whey,1.0,4.0
1165,FacebookAI/roberta-large,product,recalculated,rag,Whey,1.0,4.0
1166,FacebookAI/roberta-large,product,recalculated,rag,Cattle,0.0,6.0
1167,FacebookAI/roberta-large,product,recalculated,rag,Cattle,0.0,6.0
1168,FacebookAI/roberta-large,product,recalculated,rag,"Dairy cattle, calf (weaned)",0.0,6.0
1169,FacebookAI/roberta-large,product,recalculated,rag,"Dairy cattle, calf (weaned)",0.0,4.0
1170,FacebookAI/roberta-large,product,recalculated,rag,"Dairy cattle, calf",0.0,1.0
1171,FacebookAI/roberta-large,product,recalculated,rag,Sheep,1.0,152.0
1172,FacebookAI/roberta-large,product,recalculated,rag,Sheep,1.0,154.0
1173,FacebookAI/roberta-large,product,recalculated,rag,"Meat, chicken, breast",0.0,4.0
1174,FacebookAI/roberta-large,product,recalculated,rag,"Meat, chicken, breast",0.0,3.0
1175,FacebookAI/roberta-large,product,recalculated,rag,"Beef cattle, bull",1.0,19.0
1176,FacebookAI/roberta-large,product,recalculated,rag,"Beef cattle, bull",1.0,20.0
1177,FacebookAI/roberta-large,product,recalculated,rag,"Cream, cow, raw",0.0,1.0
1178,FacebookAI/roberta-large,product,recalculated,rag,"Cream, cow, raw",0.0,1.0
1179,FacebookAI/roberta-large,product,recalculated,rag,"Broiler chicken, hen",1.0,4.0
1180,FacebookAI/roberta-large,product,recalculated,rag,"Broiler chicken, hen",1.0,5.0
1181,FacebookAI/roberta-large,product,recalculated,rag,"Broiler chicken, chick",0.0,6.0
1182,FacebookAI/roberta-large,product,recalculated,rag,"Broiler chicken, chick",0.0,9.0
1183,FacebookAI/roberta-large,product,recalculated,rag,"Sheep, lamb (weaned)",1.0,32.0
1184,FacebookAI/roberta-large,product,recalculated,rag,"Sheep, lamb (weaned)",1.0,35.0
1185,FacebookAI/roberta-large,product,recalculated,rag,"Meat, dairy cattle (liveweight)",1.0,17.0
1186,FacebookAI/roberta-large,product,recalculated,rag,"Meat, dairy cattle (liveweight)",1.0,22.0
1187,FacebookAI/roberta-large,product,recalculated,rag,"Layer chicken, pullet",1.0,7.0
1188,FacebookAI/roberta-large,product,recalculated,rag,"Layer chicken, pullet",1.0,6.0
1189,FacebookAI/roberta-large,product,recalculated,rag,Broiler chicken,1.0,48.0
1190,FacebookAI/roberta-large,product,recalculated,rag,Broiler chicken,1.0,54.0
1191,FacebookAI/roberta-large,product,recalculated,rag,Beef cattle,1.0,240.0
1192,FacebookAI/roberta-large,product,recalculated,rag,Beef cattle,1.0,235.0
1193,FacebookAI/roberta-large,product,recalculated,rag,"Cheese, cow",1.0,4.0
1194,FacebookAI/roberta-large,product,recalculated,rag,"Cheese, cow",1.0,4.0
1195,FacebookAI/roberta-large,product,recalculated,rag,"Eggs, hen, in shell",0.0,9.0
1196,FacebookAI/roberta-large,product,recalculated,rag,"Eggs, hen, in shell",0.0,16.0
1197,FacebookAI/roberta-large,product,recalculated,rag,"Cheese, sheep",0.0,1.0
1198,FacebookAI/roberta-large,product,recalculated,rag,"Cheese, sheep",0.0,1.0
1199,FacebookAI/roberta-large,product,recalculated,rag,Eggs,1.0,24.0
1200,FacebookAI/roberta-large,product,recalculated,rag,Eggs,1.0,34.0
1201,FacebookAI/roberta-large,product,recalculated,rag,"Layer chicken, hen",1.0,7.0
1202,FacebookAI/roberta-large,product,recalculated,rag,"Layer chicken, hen",1.0,7.0
1203,FacebookAI/roberta-large,product,recalculated,rag,"Sheep, lamb",1.0,29.0
1204,FacebookAI/roberta-large,product,recalculated,rag,"Sheep, lamb",1.0,31.0
1205,FacebookAI/roberta-large,product,recalculated,rag,"Milk, cow, raw",1.0,8.0
1206,FacebookAI/roberta-large,product,recalculated,rag,"Milk, cow, raw",1.0,12.0
1207,FacebookAI/roberta-large,product,recalculated,rag,"Beef cattle, steer",1.0,85.0
1208,FacebookAI/roberta-large,product,recalculated,rag,"Beef cattle, steer",1.0,76.0
1209,FacebookAI/roberta-large,product,recalculated,rag,Butter,1.0,10.0
1210,FacebookAI/roberta-large,product,recalculated,rag,Butter,1.0,8.0
1211,FacebookAI/roberta-large,product,recalculated,rag,Poultry by,0.0,2.0
1212,FacebookAI/roberta-large,product,recalculated,rag,"Dairy cattle, cow",1.0,7.0
1213,FacebookAI/roberta-large,product,recalculated,rag,"Dairy cattle, cow",1.0,14.0
1214,FacebookAI/roberta-large,product,recalculated,rag,"Pig, piglet",1.0,24.0
1215,FacebookAI/roberta-large,product,recalculated,rag,"Pig, piglet",1.0,24.0
1216,FacebookAI/roberta-large,product,recalculated,rag,"Meat, chicken, leg",0.0,4.0
1217,FacebookAI/roberta-large,product,recalculated,rag,"Meat, chicken, leg",0.0,3.0
1218,FacebookAI/roberta-large,product,recalculated,rag,"Meat, chicken (cold carcass weight)",0.0,4.0
1219,FacebookAI/roberta-large,product,recalculated,rag,"Meat, chicken (cold carcass weight)",0.0,6.0
1220,FacebookAI/roberta-large,product,recalculated,rag,"Whey, powder",0.0,1.0
1221,FacebookAI/roberta-large,product,recalculated,rag,"Whey, powder",0.0,1.0
1222,FacebookAI/roberta-large,product,recalculated,rag,Cheese,1.0,5.0
1223,FacebookAI/roberta-large,product,recalculated,rag,Cheese,1.0,5.0
1224,FacebookAI/roberta-large,product,recalculated,rag,Soft,1.0,8.0
1225,FacebookAI/roberta-large,product,recalculated,rag,Soft,1.0,12.0
1226,FacebookAI/roberta-large,product,recalculated,rag,"Eggs, hen, in shell (number)",1.0,15.0
1227,FacebookAI/roberta-large,product,recalculated,rag,"Eggs, hen, in shell (number)",1.0,18.0
1228,FacebookAI/roberta-large,product,recalculated,rag,Meat,1.0,103.0
1229,FacebookAI/roberta-large,product,recalculated,rag,Meat,1.0,113.0
1230,FacebookAI/roberta-large,product,recalculated,rag,"Meat, chicken (liveweight)",0.0,4.0
1231,FacebookAI/roberta-large,product,recalculated,rag,"Meat, chicken (liveweight)",0.0,12.0
1232,FacebookAI/roberta-large,product,recalculated,rag,"Beef cattle, heifer",1.0,63.0
1233,FacebookAI/roberta-large,product,recalculated,rag,"Beef cattle, heifer",1.0,64.0
1234,FacebookAI/roberta-large,product,recalculated,rag,Ricotta,1.0,6.0
1235,FacebookAI/roberta-large,product,recalculated,rag,Ricotta,1.0,4.0
1236,FacebookAI/roberta-large,product,recalculated,rag,Ripened cheese,1.0,14.0
1237,FacebookAI/roberta-large,product,recalculated,rag,Ripened cheese,1.0,20.0
1238,google-bert/bert-base-uncased,product,recalculated,rag,"Meat, beef cattle (cold carcass weight)",0.0,24.0
1239,google-bert/bert-base-uncased,product,recalculated,rag,"Meat, beef cattle (cold carcass weight)",0.0,20.0
1240,google-bert/bert-base-uncased,product,recalculated,rag,Layer chicken,1.0,52.0
1241,google-bert/bert-base-uncased,product,recalculated,rag,Layer chicken,1.0,49.0
1242,google-bert/bert-base-uncased,product,recalculated,rag,Pig,1.0,125.0
1243,google-bert/bert-base-uncased,product,recalculated,rag,Pig,1.0,140.0
1244,google-bert/bert-base-uncased,product,recalculated,rag,"Meat, beef cattle (cold dressed carcass weight)",1.0,11.0
1245,google-bert/bert-base-uncased,product,recalculated,rag,"Meat, beef cattle (cold dressed carcass weight)",1.0,10.0
1246,google-bert/bert-base-uncased,product,recalculated,rag,Dairy cattle,1.0,23.0
1247,google-bert/bert-base-uncased,product,recalculated,rag,Dairy cattle,1.0,26.0
1248,google-bert/bert-base-uncased,product,recalculated,rag,Milk,1.0,48.0
1249,google-bert/bert-base-uncased,product,recalculated,rag,Milk,1.0,51.0
1250,google-bert/bert-base-uncased,product,recalculated,rag,Cream,0.0,1.0
1251,google-bert/bert-base-uncased,product,recalculated,rag,Cream,0.0,1.0
1252,google-bert/bert-base-uncased,product,recalculated,rag,"Beef cattle, calf (male, weaned)",1.0,27.0
1253,google-bert/bert-base-uncased,product,recalculated,rag,"Beef cattle, calf (male, weaned)",1.0,31.0
1254,google-bert/bert-base-uncased,product,recalculated,rag,"Beef cattle, cow",0.0,12.0
1255,google-bert/bert-base-uncased,product,recalculated,rag,"Beef cattle, cow",0.0,9.0
1256,google-bert/bert-base-uncased,product,recalculated,rag,"Whey, liquid",1.0,3.0
1257,google-bert/bert-base-uncased,product,recalculated,rag,"Whey, liquid",1.0,3.0
1258,google-bert/bert-base-uncased,product,recalculated,rag,Wastewater (kg mass),1.0,16.0
1259,google-bert/bert-base-uncased,product,recalculated,rag,Wastewater (kg mass),1.0,18.0
1260,google-bert/bert-base-uncased,product,recalculated,rag,"Milk, cow, raw (FPCM)",1.0,40.0
1261,google-bert/bert-base-uncased,product,recalculated,rag,"Milk, cow, raw (FPCM)",1.0,39.0
1262,google-bert/bert-base-uncased,product,recalculated,rag,"Meat, chicken, wings",1.0,3.0
1263,google-bert/bert-base-uncased,product,recalculated,rag,"Meat, chicken, wings",1.0,4.0
1264,google-bert/bert-base-uncased,product,recalculated,rag,"Beef cattle, heifer and steer",0.0,4.0
1265,google-bert/bert-base-uncased,product,recalculated,rag,"Beef cattle, heifer and steer",0.0,5.0
1266,google-bert/bert-base-uncased,product,recalculated,rag,"Meat, dairy cattle (cold carcass weight)",0.0,7.0
1267,google-bert/bert-base-uncased,product,recalculated,rag,"Meat, dairy cattle (cold carcass weight)",0.0,6.0
1268,google-bert/bert-base-uncased,product,recalculated,rag,Buttermilk,0.0,2.0
1269,google-bert/bert-base-uncased,product,recalculated,rag,Buttermilk,0.0,2.0
1270,google-bert/bert-base-uncased,product,recalculated,rag,"Pig, sow",1.0,17.0
1271,google-bert/bert-base-uncased,product,recalculated,rag,"Pig, sow",1.0,20.0
1272,google-bert/bert-base-uncased,product,recalculated,rag,"Cattle, urine (kg mass)",0.0,6.0
1273,google-bert/bert-base-uncased,product,recalculated,rag,"Cattle, urine (kg mass)",0.0,6.0
1274,google-bert/bert-base-uncased,product,recalculated,rag,"Beef cattle, calf (female, weaned)",1.0,22.0
1275,google-bert/bert-base-uncased,product,recalculated,rag,"Beef cattle, calf (female, weaned)",1.0,22.0
1276,google-bert/bert-base-uncased,product,recalculated,rag,Yoghurt,0.0,2.0
1277,google-bert/bert-base-uncased,product,recalculated,rag,Yoghurt,0.0,6.0
1278,google-bert/bert-base-uncased,product,recalculated,rag,"Meat, beef cattle (liveweight)",1.0,8.0
1279,google-bert/bert-base-uncased,product,recalculated,rag,"Meat, beef cattle (liveweight)",1.0,9.0
1280,google-bert/bert-base-uncased,product,recalculated,rag,"Dairy cattle, heifer",1.0,5.0
1281,google-bert/bert-base-uncased,product,recalculated,rag,"Dairy cattle, heifer",1.0,5.0
1282,google-bert/bert-base-uncased,product,recalculated,rag,"Sheep, ram",1.0,29.0
1283,google-bert/bert-base-uncased,product,recalculated,rag,"Sheep, ram",1.0,29.0
1284,google-bert/bert-base-uncased,product,recalculated,rag,Caciotta,1.0,4.0
1285,google-bert/bert-base-uncased,product,recalculated,rag,"Electricity, produced on",0.0,3.0
1286,google-bert/bert-base-uncased,product,recalculated,rag,Fresh cheese,0.0,12.0
1287,google-bert/bert-base-uncased,product,recalculated,rag,Fresh cheese,0.0,12.0
1288,google-bert/bert-base-uncased,product,recalculated,rag,Electricity,0.0,3.0
1289,google-bert/bert-base-uncased,product,recalculated,rag,"Sheep, ewe",1.0,62.0
1290,google-bert/bert-base-uncased,product,recalculated,rag,"Sheep, ewe",1.0,59.0
1291,google-bert/bert-base-uncased,product,recalculated,rag,"Dairy cattle, calf (male, unweaned)",0.0,3.0
1292,google-bert/bert-base-uncased,product,recalculated,rag,"Dairy cattle, calf (male, unweaned)",0.0,2.0
1293,google-bert/bert-base-uncased,product,recalculated,rag,"Beef cattle, calf (weaned)",0.0,2.0
1294,google-bert/bert-base-uncased,product,recalculated,rag,"Beef cattle, calf (weaned)",0.0,2.0
1295,google-bert/bert-base-uncased,product,recalculated,rag,"Meat, pig (cold dressed carcass weight)",1.0,17.0
1296,google-bert/bert-base-uncased,product,recalculated,rag,"Meat, pig (cold dressed carcass weight)",1.0,16.0
1297,google-bert/bert-base-uncased,product,recalculated,rag,"Dairy cattle, calf (female, weaned)",0.0,1.0
1298,google-bert/bert-base-uncased,product,recalculated,rag,"Dairy cattle, calf (female, weaned)",0.0,1.0
1299,google-bert/bert-base-uncased,product,recalculated,rag,Whey,1.0,4.0
1300,google-bert/bert-base-uncased,product,recalculated,rag,Whey,1.0,4.0
1301,google-bert/bert-base-uncased,product,recalculated,rag,Cattle,0.0,6.0
1302,google-bert/bert-base-uncased,product,recalculated,rag,Cattle,0.0,6.0
1303,google-bert/bert-base-uncased,product,recalculated,rag,"Dairy cattle, calf (weaned)",0.0,6.0
1304,google-bert/bert-base-uncased,product,recalculated,rag,"Dairy cattle, calf (weaned)",0.0,4.0
1305,google-bert/bert-base-uncased,product,recalculated,rag,"Dairy cattle, calf",0.0,1.0
1306,google-bert/bert-base-uncased,product,recalculated,rag,Sheep,1.0,152.0
1307,google-bert/bert-base-uncased,product,recalculated,rag,Sheep,1.0,154.0
1308,google-bert/bert-base-uncased,product,recalculated,rag,"Meat, chicken, breast",0.0,4.0
1309,google-bert/bert-base-uncased,product,recalculated,rag,"Meat, chicken, breast",0.0,3.0
1310,google-bert/bert-base-uncased,product,recalculated,rag,"Beef cattle, bull",1.0,19.0
1311,google-bert/bert-base-uncased,product,recalculated,rag,"Beef cattle, bull",1.0,20.0
1312,google-bert/bert-base-uncased,product,recalculated,rag,"Cream, cow, raw",0.0,1.0
1313,google-bert/bert-base-uncased,product,recalculated,rag,"Cream, cow, raw",0.0,1.0
1314,google-bert/bert-base-uncased,product,recalculated,rag,"Broiler chicken, hen",1.0,4.0
1315,google-bert/bert-base-uncased,product,recalculated,rag,"Broiler chicken, hen",1.0,5.0
1316,google-bert/bert-base-uncased,product,recalculated,rag,"Broiler chicken, chick",0.0,6.0
1317,google-bert/bert-base-uncased,product,recalculated,rag,"Broiler chicken, chick",0.0,9.0
1318,google-bert/bert-base-uncased,product,recalculated,rag,"Sheep, lamb (weaned)",1.0,32.0
1319,google-bert/bert-base-uncased,product,recalculated,rag,"Sheep, lamb (weaned)",1.0,35.0
1320,google-bert/bert-base-uncased,product,recalculated,rag,"Meat, dairy cattle (liveweight)",1.0,17.0
1321,google-bert/bert-base-uncased,product,recalculated,rag,"Meat, dairy cattle (liveweight)",1.0,22.0
1322,google-bert/bert-base-uncased,product,recalculated,rag,"Layer chicken, pullet",1.0,7.0
1323,google-bert/bert-base-uncased,product,recalculated,rag,"Layer chicken, pullet",1.0,6.0
1324,google-bert/bert-base-uncased,product,recalculated,rag,Broiler chicken,1.0,48.0
1325,google-bert/bert-base-uncased,product,recalculated,rag,Broiler chicken,1.0,54.0
1326,google-bert/bert-base-uncased,product,recalculated,rag,Beef cattle,1.0,240.0
1327,google-bert/bert-base-uncased,product,recalculated,rag,Beef cattle,1.0,235.0
1328,google-bert/bert-base-uncased,product,recalculated,rag,"Cheese, cow",1.0,4.0
1329,google-bert/bert-base-uncased,product,recalculated,rag,"Cheese, cow",1.0,4.0
1330,google-bert/bert-base-uncased,product,recalculated,rag,"Eggs, hen, in shell",0.0,9.0
1331,google-bert/bert-base-uncased,product,recalculated,rag,"Eggs, hen, in shell",0.0,16.0
1332,google-bert/bert-base-uncased,product,recalculated,rag,"Cheese, sheep",0.0,1.0
1333,google-bert/bert-base-uncased,product,recalculated,rag,"Cheese, sheep",0.0,1.0
1334,google-bert/bert-base-uncased,product,recalculated,rag,Eggs,1.0,24.0
1335,google-bert/bert-base-uncased,product,recalculated,rag,Eggs,1.0,34.0
1336,google-bert/bert-base-uncased,product,recalculated,rag,"Layer chicken, hen",1.0,7.0
1337,google-bert/bert-base-uncased,product,recalculated,rag,"Layer chicken, hen",1.0,7.0
1338,google-bert/bert-base-uncased,product,recalculated,rag,"Sheep, lamb",1.0,29.0
1339,google-bert/bert-base-uncased,product,recalculated,rag,"Sheep, lamb",1.0,31.0
1340,google-bert/bert-base-uncased,product,recalculated,rag,"Milk, cow, raw",1.0,8.0
1341,google-bert/bert-base-uncased,product,recalculated,rag,"Milk, cow, raw",1.0,12.0
1342,google-bert/bert-base-uncased,product,recalculated,rag,"Beef cattle, steer",1.0,85.0
1343,google-bert/bert-base-uncased,product,recalculated,rag,"Beef cattle, steer",1.0,76.0
1344,google-bert/bert-base-uncased,product,recalculated,rag,Butter,1.0,10.0
1345,google-bert/bert-base-uncased,product,recalculated,rag,Butter,1.0,8.0
1346,google-bert/bert-base-uncased,product,recalculated,rag,Poultry by,0.0,2.0
1347,google-bert/bert-base-uncased,product,recalculated,rag,"Dairy cattle, cow",1.0,7.0
1348,google-bert/bert-base-uncased,product,recalculated,rag,"Dairy cattle, cow",1.0,14.0
1349,google-bert/bert-base-uncased,product,recalculated,rag,"Pig, piglet",1.0,24.0
1350,google-bert/bert-base-uncased,product,recalculated,rag,"Pig, piglet",1.0,24.0
1351,google-bert/bert-base-uncased,product,recalculated,rag,"Meat, chicken, leg",0.0,4.0
1352,google-bert/bert-base-uncased,product,recalculated,rag,"Meat, chicken, leg",0.0,3.0
1353,google-bert/bert-base-uncased,product,recalculated,rag,"Meat, chicken (cold carcass weight)",0.0,4.0
1354,google-bert/bert-base-uncased,product,recalculated,rag,"Meat, chicken (cold carcass weight)",0.0,6.0
1355,google-bert/bert-base-uncased,product,recalculated,rag,"Whey, powder",0.0,1.0
1356,google-bert/bert-base-uncased,product,recalculated,rag,"Whey, powder",0.0,1.0
1357,google-bert/bert-base-uncased,product,recalculated,rag,Cheese,1.0,5.0
1358,google-bert/bert-base-uncased,product,recalculated,rag,Cheese,1.0,5.0
1359,google-bert/bert-base-uncased,product,recalculated,rag,Soft,1.0,8.0
1360,google-bert/bert-base-uncased,product,recalculated,rag,Soft,1.0,12.0
1361,google-bert/bert-base-uncased,product,recalculated,rag,"Eggs, hen, in shell (number)",1.0,15.0
1362,google-bert/bert-base-uncased,product,recalculated,rag,"Eggs, hen, in shell (number)",1.0,18.0
1363,google-bert/bert-base-uncased,product,recalculated,rag,Meat,1.0,103.0
1364,google-bert/bert-base-uncased,product,recalculated,rag,Meat,1.0,113.0
1365,google-bert/bert-base-uncased,product,recalculated,rag,"Meat, chicken (liveweight)",0.0,4.0
1366,google-bert/bert-base-uncased,product,recalculated,rag,"Meat, chicken (liveweight)",0.0,12.0
1367,google-bert/bert-base-uncased,product,recalculated,rag,"Beef cattle, heifer",1.0,63.0
1368,google-bert/bert-base-uncased,product,recalculated,rag,"Beef cattle, heifer",1.0,64.0
1369,google-bert/bert-base-uncased,product,recalculated,rag,Ricotta,1.0,6.0
1370,google-bert/bert-base-uncased,product,recalculated,rag,Ricotta,1.0,4.0
1371,google-bert/bert-base-uncased,product,recalculated,rag,Ripened cheese,1.0,14.0
1372,google-bert/bert-base-uncased,product,recalculated,rag,Ripened cheese,1.0,20.0
1373,microsoft/deberta-v3-base,product,recalculated,rag,"Meat, beef cattle (cold carcass weight)",0.0,24.0
1374,microsoft/deberta-v3-base,product,recalculated,rag,"Meat, beef cattle (cold carcass weight)",0.0,20.0
1375,microsoft/deberta-v3-base,product,recalculated,rag,Layer chicken,1.0,52.0
1376,microsoft/deberta-v3-base,product,recalculated,rag,Layer chicken,1.0,49.0
1377,microsoft/deberta-v3-base,product,recalculated,rag,Pig,1.0,125.0
1378,microsoft/deberta-v3-base,product,recalculated,rag,Pig,1.0,140.0
1379,microsoft/deberta-v3-base,product,recalculated,rag,"Meat, beef cattle (cold dressed carcass weight)",1.0,11.0
1380,microsoft/deberta-v3-base,product,recalculated,rag,"Meat, beef cattle (cold dressed carcass weight)",1.0,10.0
1381,microsoft/deberta-v3-base,product,recalculated,rag,Dairy cattle,1.0,23.0
1382,microsoft/deberta-v3-base,product,recalculated,rag,Dairy cattle,1.0,26.0
1383,microsoft/deberta-v3-base,product,recalculated,rag,Milk,1.0,48.0
1384,microsoft/deberta-v3-base,product,recalculated,rag,Milk,1.0,51.0
1385,microsoft/deberta-v3-base,product,recalculated,rag,Cream,0.0,1.0
1386,microsoft/deberta-v3-base,product,recalculated,rag,Cream,0.0,1.0
1387,microsoft/deberta-v3-base,product,recalculated,rag,"Beef cattle, calf (male, weaned)",1.0,27.0
1388,microsoft/deberta-v3-base,product,recalculated,rag,"Beef cattle, calf (male, weaned)",1.0,31.0
1389,microsoft/deberta-v3-base,product,recalculated,rag,"Beef cattle, cow",0.0,12.0
1390,microsoft/deberta-v3-base,product,recalculated,rag,"Beef cattle, cow",0.0,9.0
1391,microsoft/deberta-v3-base,product,recalculated,rag,"Whey, liquid",1.0,3.0
1392,microsoft/deberta-v3-base,product,recalculated,rag,"Whey, liquid",1.0,3.0
1393,microsoft/deberta-v3-base,product,recalculated,rag,Wastewater (kg mass),1.0,16.0
1394,microsoft/deberta-v3-base,product,recalculated,rag,Wastewater (kg mass),1.0,18.0
1395,microsoft/deberta-v3-base,product,recalculated,rag,"Milk, cow, raw (FPCM)",1.0,40.0
1396,microsoft/deberta-v3-base,product,recalculated,rag,"Milk, cow, raw (FPCM)",1.0,39.0
1397,microsoft/deberta-v3-base,product,recalculated,rag,"Meat, chicken, wings",1.0,3.0
1398,microsoft/deberta-v3-base,product,recalculated,rag,"Meat, chicken, wings",1.0,4.0
1399,microsoft/deberta-v3-base,product,recalculated,rag,"Beef cattle, heifer and steer",0.0,4.0
1400,microsoft/deberta-v3-base,product,recalculated,rag,"Beef cattle, heifer and steer",0.0,5.0
1401,microsoft/deberta-v3-base,product,recalculated,rag,"Meat, dairy cattle (cold carcass weight)",0.0,7.0
1402,microsoft/deberta-v3-base,product,recalculated,rag,"Meat, dairy cattle (cold carcass weight)",0.0,6.0
1403,microsoft/deberta-v3-base,product,recalculated,rag,Buttermilk,0.0,2.0
1404,microsoft/deberta-v3-base,product,recalculated,rag,Buttermilk,0.0,2.0
1405,microsoft/deberta-v3-base,product,recalculated,rag,"Pig, sow",1.0,17.0
1406,microsoft/deberta-v3-base,product,recalculated,rag,"Pig, sow",1.0,20.0
1407,microsoft/deberta-v3-base,product,recalculated,rag,"Cattle, urine (kg mass)",0.0,6.0
1408,microsoft/deberta-v3-base,product,recalculated,rag,"Cattle, urine (kg mass)",0.0,6.0
1409,microsoft/deberta-v3-base,product,recalculated,rag,"Beef cattle, calf (female, weaned)",1.0,22.0
1410,microsoft/deberta-v3-base,product,recalculated,rag,"Beef cattle, calf (female, weaned)",1.0,22.0
1411,microsoft/deberta-v3-base,product,recalculated,rag,Yoghurt,0.0,2.0
1412,microsoft/deberta-v3-base,product,recalculated,rag,Yoghurt,0.0,6.0
1413,microsoft/deberta-v3-base,product,recalculated,rag,"Meat, beef cattle (liveweight)",1.0,8.0
1414,microsoft/deberta-v3-base,product,recalculated,rag,"Meat, beef cattle (liveweight)",1.0,9.0
1415,microsoft/deberta-v3-base,product,recalculated,rag,"Dairy cattle, heifer",1.0,5.0
1416,microsoft/deberta-v3-base,product,recalculated,rag,"Dairy cattle, heifer",1.0,5.0
1417,microsoft/deberta-v3-base,product,recalculated,rag,"Sheep, ram",1.0,29.0
1418,microsoft/deberta-v3-base,product,recalculated,rag,"Sheep, ram",1.0,29.0
1419,microsoft/deberta-v3-base,product,recalculated,rag,Caciotta,0.0,4.0
1420,microsoft/deberta-v3-base,product,recalculated,rag,"Electricity, produced on",0.0,3.0
1421,microsoft/deberta-v3-base,product,recalculated,rag,Fresh cheese,0.0,12.0
1422,microsoft/deberta-v3-base,product,recalculated,rag,Fresh cheese,0.0,12.0
1423,microsoft/deberta-v3-base,product,recalculated,rag,Electricity,0.0,3.0
1424,microsoft/deberta-v3-base,product,recalculated,rag,"Sheep, ewe",1.0,62.0
1425,microsoft/deberta-v3-base,product,recalculated,rag,"Sheep, ewe",1.0,59.0
1426,microsoft/deberta-v3-base,product,recalculated,rag,"Dairy cattle, calf (male, unweaned)",0.0,3.0
1427,microsoft/deberta-v3-base,product,recalculated,rag,"Dairy cattle, calf (male, unweaned)",0.0,2.0
1428,microsoft/deberta-v3-base,product,recalculated,rag,"Beef cattle, calf (weaned)",0.0,2.0
1429,microsoft/deberta-v3-base,product,recalculated,rag,"Beef cattle, calf (weaned)",0.0,2.0
1430,microsoft/deberta-v3-base,product,recalculated,rag,"Meat, pig (cold dressed carcass weight)",1.0,17.0
1431,microsoft/deberta-v3-base,product,recalculated,rag,"Meat, pig (cold dressed carcass weight)",1.0,16.0
1432,microsoft/deberta-v3-base,product,recalculated,rag,"Dairy cattle, calf (female, weaned)",0.0,1.0
1433,microsoft/deberta-v3-base,product,recalculated,rag,"Dairy cattle, calf (female, weaned)",0.0,1.0
1434,microsoft/deberta-v3-base,product,recalculated,rag,Whey,1.0,4.0
1435,microsoft/deberta-v3-base,product,recalculated,rag,Whey,1.0,4.0
1436,microsoft/deberta-v3-base,product,recalculated,rag,Cattle,0.0,6.0
1437,microsoft/deberta-v3-base,product,recalculated,rag,Cattle,0.0,6.0
1438,microsoft/deberta-v3-base,product,recalculated,rag,"Dairy cattle, calf (weaned)",0.0,6.0
1439,microsoft/deberta-v3-base,product,recalculated,rag,"Dairy cattle, calf (weaned)",0.0,4.0
1440,microsoft/deberta-v3-base,product,recalculated,rag,"Dairy cattle, calf",0.0,1.0
1441,microsoft/deberta-v3-base,product,recalculated,rag,Sheep,1.0,152.0
1442,microsoft/deberta-v3-base,product,recalculated,rag,Sheep,1.0,154.0
1443,microsoft/deberta-v3-base,product,recalculated,rag,"Meat, chicken, breast",0.0,4.0
1444,microsoft/deberta-v3-base,product,recalculated,rag,"Meat, chicken, breast",0.0,3.0
1445,microsoft/deberta-v3-base,product,recalculated,rag,"Beef cattle, bull",1.0,19.0
1446,microsoft/deberta-v3-base,product,recalculated,rag,"Beef cattle, bull",1.0,20.0
1447,microsoft/deberta-v3-base,product,recalculated,rag,"Cream, cow, raw",0.0,1.0
1448,microsoft/deberta-v3-base,product,recalculated,rag,"Cream, cow, raw",0.0,1.0
1449,microsoft/deberta-v3-base,product,recalculated,rag,"Broiler chicken, hen",1.0,4.0
1450,microsoft/deberta-v3-base,product,recalculated,rag,"Broiler chicken, hen",1.0,5.0
1451,microsoft/deberta-v3-base,product,recalculated,rag,"Broiler chicken, chick",0.0,6.0
1452,microsoft/deberta-v3-base,product,recalculated,rag,"Broiler chicken, chick",0.0,9.0
1453,microsoft/deberta-v3-base,product,recalculated,rag,"Sheep, lamb (weaned)",1.0,32.0
1454,microsoft/deberta-v3-base,product,recalculated,rag,"Sheep, lamb (weaned)",1.0,35.0
1455,microsoft/deberta-v3-base,product,recalculated,rag,"Meat, dairy cattle (liveweight)",1.0,17.0
1456,microsoft/deberta-v3-base,product,recalculated,rag,"Meat, dairy cattle (liveweight)",1.0,22.0
1457,microsoft/deberta-v3-base,product,recalculated,rag,"Layer chicken, pullet",1.0,7.0
1458,microsoft/deberta-v3-base,product,recalculated,rag,"Layer chicken, pullet",1.0,6.0
1459,microsoft/deberta-v3-base,product,recalculated,rag,Broiler chicken,1.0,48.0
1460,microsoft/deberta-v3-base,product,recalculated,rag,Broiler chicken,1.0,54.0
1461,microsoft/deberta-v3-base,product,recalculated,rag,Beef cattle,1.0,240.0
1462,microsoft/deberta-v3-base,product,recalculated,rag,Beef cattle,1.0,235.0
1463,microsoft/deberta-v3-base,product,recalculated,rag,"Cheese, cow",1.0,4.0
1464,microsoft/deberta-v3-base,product,recalculated,rag,"Cheese, cow",1.0,4.0
1465,microsoft/deberta-v3-base,product,recalculated,rag,"Eggs, hen, in shell",0.0,9.0
1466,microsoft/deberta-v3-base,product,recalculated,rag,"Eggs, hen, in shell",0.0,16.0
1467,microsoft/deberta-v3-base,product,recalculated,rag,"Cheese, sheep",0.0,1.0
1468,microsoft/deberta-v3-base,product,recalculated,rag,"Cheese, sheep",0.0,1.0
1469,microsoft/deberta-v3-base,product,recalculated,rag,Eggs,1.0,24.0
1470,microsoft/deberta-v3-base,product,recalculated,rag,Eggs,1.0,34.0
1471,microsoft/deberta-v3-base,product,recalculated,rag,"Layer chicken, hen",1.0,7.0
1472,microsoft/deberta-v3-base,product,recalculated,rag,"Layer chicken, hen",1.0,7.0
1473,microsoft/deberta-v3-base,product,recalculated,rag,"Sheep, lamb",1.0,29.0
1474,microsoft/deberta-v3-base,product,recalculated,rag,"Sheep, lamb",1.0,31.0
1475,microsoft/deberta-v3-base,product,recalculated,rag,"Milk, cow, raw",1.0,8.0
1476,microsoft/deberta-v3-base,product,recalculated,rag,"Milk, cow, raw",1.0,12.0
1477,microsoft/deberta-v3-base,product,recalculated,rag,"Beef cattle, steer",1.0,85.0
1478,microsoft/deberta-v3-base,product,recalculated,rag,"Beef cattle, steer",1.0,76.0
1479,microsoft/deberta-v3-base,product,recalculated,rag,Butter,1.0,10.0
1480,microsoft/deberta-v3-base,product,recalculated,rag,Butter,1.0,8.0
1481,microsoft/deberta-v3-base,product,recalculated,rag,Poultry by,0.0,2.0
1482,microsoft/deberta-v3-base,product,recalculated,rag,"Dairy cattle, cow",1.0,7.0
1483,microsoft/deberta-v3-base,product,recalculated,rag,"Dairy cattle, cow",1.0,14.0
1484,microsoft/deberta-v3-base,product,recalculated,rag,"Pig, piglet",1.0,24.0
1485,microsoft/deberta-v3-base,product,recalculated,rag,"Pig, piglet",1.0,24.0
1486,microsoft/deberta-v3-base,product,recalculated,rag,"Meat, chicken, leg",0.0,4.0
1487,microsoft/deberta-v3-base,product,recalculated,rag,"Meat, chicken, leg",0.0,3.0
1488,microsoft/deberta-v3-base,product,recalculated,rag,"Meat, chicken (cold carcass weight)",0.0,4.0
1489,microsoft/deberta-v3-base,product,recalculated,rag,"Meat, chicken (cold carcass weight)",0.0,6.0
1490,microsoft/deberta-v3-base,product,recalculated,rag,"Whey, powder",0.0,1.0
1491,microsoft/deberta-v3-base,product,recalculated,rag,"Whey, powder",0.0,1.0
1492,microsoft/deberta-v3-base,product,recalculated,rag,Cheese,1.0,5.0
1493,microsoft/deberta-v3-base,product,recalculated,rag,Cheese,1.0,5.0
1494,microsoft/deberta-v3-base,product,recalculated,rag,Soft,1.0,8.0
1495,microsoft/deberta-v3-base,product,recalculated,rag,Soft,1.0,12.0
1496,microsoft/deberta-v3-base,product,recalculated,rag,"Eggs, hen, in shell (number)",1.0,15.0
1497,microsoft/deberta-v3-base,product,recalculated,rag,"Eggs, hen, in shell (number)",1.0,18.0
1498,microsoft/deberta-v3-base,product,recalculated,rag,Meat,1.0,103.0
1499,microsoft/deberta-v3-base,product,recalculated,rag,Meat,1.0,113.0
1500,microsoft/deberta-v3-base,product,recalculated,rag,"Meat, chicken (liveweight)",0.0,4.0
1501,microsoft/deberta-v3-base,product,recalculated,rag,"Meat, chicken (liveweight)",0.0,12.0
1502,microsoft/deberta-v3-base,product,recalculated,rag,"Beef cattle, heifer",1.0,63.0
1503,microsoft/deberta-v3-base,product,recalculated,rag,"Beef cattle, heifer",1.0,64.0
1504,microsoft/deberta-v3-base,product,recalculated,rag,Ricotta,1.0,6.0
1505,microsoft/deberta-v3-base,product,recalculated,rag,Ricotta,1.0,4.0
1506,microsoft/deberta-v3-base,product,recalculated,rag,Ripened cheese,1.0,14.0
1507,microsoft/deberta-v3-base,product,recalculated,rag,Ripened cheese,1.0,20.0
1508,microsoft/deberta-v3-large,product,recalculated,rag,"Meat, beef cattle (cold carcass weight)",0.0,24.0
1509,microsoft/deberta-v3-large,product,recalculated,rag,"Meat, beef cattle (cold carcass weight)",0.0,20.0
1510,microsoft/deberta-v3-large,product,recalculated,rag,Layer chicken,1.0,52.0
1511,microsoft/deberta-v3-large,product,recalculated,rag,Layer chicken,1.0,49.0
1512,microsoft/deberta-v3-large,product,recalculated,rag,Pig,1.0,125.0
1513,microsoft/deberta-v3-large,product,recalculated,rag,Pig,1.0,140.0
1514,microsoft/deberta-v3-large,product,recalculated,rag,"Meat, beef cattle (cold dressed carcass weight)",1.0,11.0
1515,microsoft/deberta-v3-large,product,recalculated,rag,"Meat, beef cattle (cold dressed carcass weight)",1.0,10.0
1516,microsoft/deberta-v3-large,product,recalculated,rag,Dairy cattle,1.0,23.0
1517,microsoft/deberta-v3-large,product,recalculated,rag,Dairy cattle,1.0,26.0
1518,microsoft/deberta-v3-large,product,recalculated,rag,Milk,1.0,48.0
1519,microsoft/deberta-v3-large,product,recalculated,rag,Milk,1.0,51.0
1520,microsoft/deberta-v3-large,product,recalculated,rag,Cream,0.0,1.0
1521,microsoft/deberta-v3-large,product,recalculated,rag,Cream,0.0,1.0
1522,microsoft/deberta-v3-large,product,recalculated,rag,"Beef cattle, calf (male, weaned)",1.0,27.0
1523,microsoft/deberta-v3-large,product,recalculated,rag,"Beef cattle, calf (male, weaned)",1.0,31.0
1524,microsoft/deberta-v3-large,product,recalculated,rag,"Beef cattle, cow",0.0,12.0
1525,microsoft/deberta-v3-large,product,recalculated,rag,"Beef cattle, cow",0.0,9.0
1526,microsoft/deberta-v3-large,product,recalculated,rag,"Whey, liquid",1.0,3.0
1527,microsoft/deberta-v3-large,product,recalculated,rag,"Whey, liquid",1.0,3.0
1528,microsoft/deberta-v3-large,product,recalculated,rag,Wastewater (kg mass),1.0,16.0
1529,microsoft/deberta-v3-large,product,recalculated,rag,Wastewater (kg mass),1.0,18.0
1530,microsoft/deberta-v3-large,product,recalculated,rag,"Milk, cow, raw (FPCM)",1.0,40.0
1531,microsoft/deberta-v3-large,product,recalculated,rag,"Milk, cow, raw (FPCM)",1.0,39.0
1532,microsoft/deberta-v3-large,product,recalculated,rag,"Meat, chicken, wings",1.0,3.0
1533,microsoft/deberta-v3-large,product,recalculated,rag,"Meat, chicken, wings",1.0,4.0
1534,microsoft/deberta-v3-large,product,recalculated,rag,"Beef cattle, heifer and steer",0.0,4.0
1535,microsoft/deberta-v3-large,product,recalculated,rag,"Beef cattle, heifer and steer",0.0,5.0
1536,microsoft/deberta-v3-large,product,recalculated,rag,"Meat, dairy cattle (cold carcass weight)",0.0,7.0
1537,microsoft/deberta-v3-large,product,recalculated,rag,"Meat, dairy cattle (cold carcass weight)",0.0,6.0
1538,microsoft/deberta-v3-large,product,recalculated,rag,Buttermilk,0.0,2.0
1539,microsoft/deberta-v3-large,product,recalculated,rag,Buttermilk,0.0,2.0
1540,microsoft/deberta-v3-large,product,recalculated,rag,"Pig, sow",1.0,17.0
1541,microsoft/deberta-v3-large,product,recalculated,rag,"Pig, sow",1.0,20.0
1542,microsoft/deberta-v3-large,product,recalculated,rag,"Cattle, urine (kg mass)",0.0,6.0
1543,microsoft/deberta-v3-large,product,recalculated,rag,"Cattle, urine (kg mass)",0.0,6.0
1544,microsoft/deberta-v3-large,product,recalculated,rag,"Beef cattle, calf (female, weaned)",1.0,22.0
1545,microsoft/deberta-v3-large,product,recalculated,rag,"Beef cattle, calf (female, weaned)",1.0,22.0
1546,microsoft/deberta-v3-large,product,recalculated,rag,Yoghurt,1.0,2.0
1547,microsoft/deberta-v3-large,product,recalculated,rag,Yoghurt,1.0,6.0
1548,microsoft/deberta-v3-large,product,recalculated,rag,"Meat, beef cattle (liveweight)",1.0,8.0
1549,microsoft/deberta-v3-large,product,recalculated,rag,"Meat, beef cattle (liveweight)",1.0,9.0
1550,microsoft/deberta-v3-large,product,recalculated,rag,"Dairy cattle, heifer",1.0,5.0
1551,microsoft/deberta-v3-large,product,recalculated,rag,"Dairy cattle, heifer",1.0,5.0
1552,microsoft/deberta-v3-large,product,recalculated,rag,"Sheep, ram",1.0,29.0
1553,microsoft/deberta-v3-large,product,recalculated,rag,"Sheep, ram",1.0,29.0
1554,microsoft/deberta-v3-large,product,recalculated,rag,Caciotta,1.0,4.0
1555,microsoft/deberta-v3-large,product,recalculated,rag,"Electricity, produced on",0.0,3.0
1556,microsoft/deberta-v3-large,product,recalculated,rag,Fresh cheese,0.0,12.0
1557,microsoft/deberta-v3-large,product,recalculated,rag,Fresh cheese,0.0,12.0
1558,microsoft/deberta-v3-large,product,recalculated,rag,Electricity,0.0,3.0
1559,microsoft/deberta-v3-large,product,recalculated,rag,"Sheep, ewe",1.0,62.0
1560,microsoft/deberta-v3-large,product,recalculated,rag,"Sheep, ewe",1.0,59.0
1561,microsoft/deberta-v3-large,product,recalculated,rag,"Dairy cattle, calf (male, unweaned)",0.0,3.0
1562,microsoft/deberta-v3-large,product,recalculated,rag,"Dairy cattle, calf (male, unweaned)",0.0,2.0
1563,microsoft/deberta-v3-large,product,recalculated,rag,"Beef cattle, calf (weaned)",0.0,2.0
1564,microsoft/deberta-v3-large,product,recalculated,rag,"Beef cattle, calf (weaned)",0.0,2.0
1565,microsoft/deberta-v3-large,product,recalculated,rag,"Meat, pig (cold dressed carcass weight)",1.0,17.0
1566,microsoft/deberta-v3-large,product,recalculated,rag,"Meat, pig (cold dressed carcass weight)",1.0,16.0
1567,microsoft/deberta-v3-large,product,recalculated,rag,"Dairy cattle, calf (female, weaned)",0.0,1.0
1568,microsoft/deberta-v3-large,product,recalculated,rag,"Dairy cattle, calf (female, weaned)",0.0,1.0
1569,microsoft/deberta-v3-large,product,recalculated,rag,Whey,1.0,4.0
1570,microsoft/deberta-v3-large,product,recalculated,rag,Whey,1.0,4.0
1571,microsoft/deberta-v3-large,product,recalculated,rag,Cattle,0.0,6.0
1572,microsoft/deberta-v3-large,product,recalculated,rag,Cattle,0.0,6.0
1573,microsoft/deberta-v3-large,product,recalculated,rag,"Dairy cattle, calf (weaned)",0.0,6.0
1574,microsoft/deberta-v3-large,product,recalculated,rag,"Dairy cattle, calf (weaned)",0.0,4.0
1575,microsoft/deberta-v3-large,product,recalculated,rag,"Dairy cattle, calf",0.0,1.0
1576,microsoft/deberta-v3-large,product,recalculated,rag,Sheep,1.0,152.0
1577,microsoft/deberta-v3-large,product,recalculated,rag,Sheep,1.0,154.0
1578,microsoft/deberta-v3-large,product,recalculated,rag,"Meat, chicken, breast",0.0,4.0
1579,microsoft/deberta-v3-large,product,recalculated,rag,"Meat, chicken, breast",0.0,3.0
1580,microsoft/deberta-v3-large,product,recalculated,rag,"Beef cattle, bull",1.0,19.0
1581,microsoft/deberta-v3-large,product,recalculated,rag,"Beef cattle, bull",1.0,20.0
1582,microsoft/deberta-v3-large,product,recalculated,rag,"Cream, cow, raw",0.0,1.0
1583,microsoft/deberta-v3-large,product,recalculated,rag,"Cream, cow, raw",0.0,1.0
1584,microsoft/deberta-v3-large,product,recalculated,rag,"Broiler chicken, hen",1.0,4.0
1585,microsoft/deberta-v3-large,product,recalculated,rag,"Broiler chicken, hen",1.0,5.0
1586,microsoft/deberta-v3-large,product,recalculated,rag,"Broiler chicken, chick",0.0,6.0
1587,microsoft/deberta-v3-large,product,recalculated,rag,"Broiler chicken, chick",0.0,9.0
1588,microsoft/deberta-v3-large,product,recalculated,rag,"Sheep, lamb (weaned)",1.0,32.0
1589,microsoft/deberta-v3-large,product,recalculated,rag,"Sheep, lamb (weaned)",1.0,35.0
1590,microsoft/deberta-v3-large,product,recalculated,rag,"Meat, dairy cattle (liveweight)",1.0,17.0
1591,microsoft/deberta-v3-large,product,recalculated,rag,"Meat, dairy cattle (liveweight)",1.0,22.0
1592,microsoft/deberta-v3-large,product,recalculated,rag,"Layer chicken, pullet",1.0,7.0
1593,microsoft/deberta-v3-large,product,recalculated,rag,"Layer chicken, pullet",1.0,6.0
1594,microsoft/deberta-v3-large,product,recalculated,rag,Broiler chicken,1.0,48.0
1595,microsoft/deberta-v3-large,product,recalculated,rag,Broiler chicken,1.0,54.0
1596,microsoft/deberta-v3-large,product,recalculated,rag,Beef cattle,1.0,240.0
1597,microsoft/deberta-v3-large,product,recalculated,rag,Beef cattle,1.0,235.0
1598,microsoft/deberta-v3-large,product,recalculated,rag,"Cheese, cow",1.0,4.0
1599,microsoft/deberta-v3-large,product,recalculated,rag,"Cheese, cow",1.0,4.0
1600,microsoft/deberta-v3-large,product,recalculated,rag,"Eggs, hen, in shell",0.0,9.0
1601,microsoft/deberta-v3-large,product,recalculated,rag,"Eggs, hen, in shell",0.0,16.0
1602,microsoft/deberta-v3-large,product,recalculated,rag,"Cheese, sheep",0.0,1.0
1603,microsoft/deberta-v3-large,product,recalculated,rag,"Cheese, sheep",0.0,1.0
1604,microsoft/deberta-v3-large,product,recalculated,rag,Eggs,1.0,24.0
1605,microsoft/deberta-v3-large,product,recalculated,rag,Eggs,1.0,34.0
1606,microsoft/deberta-v3-large,product,recalculated,rag,"Layer chicken, hen",1.0,7.0
1607,microsoft/deberta-v3-large,product,recalculated,rag,"Layer chicken, hen",1.0,7.0
1608,microsoft/deberta-v3-large,product,recalculated,rag,"Sheep, lamb",1.0,29.0
1609,microsoft/deberta-v3-large,product,recalculated,rag,"Sheep, lamb",1.0,31.0
1610,microsoft/deberta-v3-large,product,recalculated,rag,"Milk, cow, raw",1.0,8.0
1611,microsoft/deberta-v3-large,product,recalculated,rag,"Milk, cow, raw",1.0,12.0
1612,microsoft/deberta-v3-large,product,recalculated,rag,"Beef cattle, steer",1.0,85.0
1613,microsoft/deberta-v3-large,product,recalculated,rag,"Beef cattle, steer",1.0,76.0
1614,microsoft/deberta-v3-large,product,recalculated,rag,Butter,1.0,10.0
1615,microsoft/deberta-v3-large,product,recalculated,rag,Butter,1.0,8.0
1616,microsoft/deberta-v3-large,product,recalculated,rag,Poultry by,0.0,2.0
1617,microsoft/deberta-v3-large,product,recalculated,rag,"Dairy cattle, cow",1.0,7.0
1618,microsoft/deberta-v3-large,product,recalculated,rag,"Dairy cattle, cow",1.0,14.0
1619,microsoft/deberta-v3-large,product,recalculated,rag,"Pig, piglet",1.0,24.0
1620,microsoft/deberta-v3-large,product,recalculated,rag,"Pig, piglet",1.0,24.0
1621,microsoft/deberta-v3-large,product,recalculated,rag,"Meat, chicken, leg",0.0,4.0
1622,microsoft/deberta-v3-large,product,recalculated,rag,"Meat, chicken, leg",0.0,3.0
1623,microsoft/deberta-v3-large,product,recalculated,rag,"Meat, chicken (cold carcass weight)",0.0,4.0
1624,microsoft/deberta-v3-large,product,recalculated,rag,"Meat, chicken (cold carcass weight)",0.0,6.0
1625,microsoft/deberta-v3-large,product,recalculated,rag,"Whey, powder",0.0,1.0
1626,microsoft/deberta-v3-large,product,recalculated,rag,"Whey, powder",0.0,1.0
1627,microsoft/deberta-v3-large,product,recalculated,rag,Cheese,1.0,5.0
1628,microsoft/deberta-v3-large,product,recalculated,rag,Cheese,1.0,5.0
1629,microsoft/deberta-v3-large,product,recalculated,rag,Soft,1.0,8.0
1630,microsoft/deberta-v3-large,product,recalculated,rag,Soft,1.0,12.0
1631,microsoft/deberta-v3-large,product,recalculated,rag,"Eggs, hen, in shell (number)",1.0,15.0
1632,microsoft/deberta-v3-large,product,recalculated,rag,"Eggs, hen, in shell (number)",1.0,18.0
1633,microsoft/deberta-v3-large,product,recalculated,rag,Meat,1.0,103.0
1634,microsoft/deberta-v3-large,product,recalculated,rag,Meat,1.0,113.0
1635,microsoft/deberta-v3-large,product,recalculated,rag,"Meat, chicken (liveweight)",0.0,4.0
1636,microsoft/deberta-v3-large,product,recalculated,rag,"Meat, chicken (liveweight)",0.0,12.0
1637,microsoft/deberta-v3-large,product,recalculated,rag,"Beef cattle, heifer",1.0,63.0
1638,microsoft/deberta-v3-large,product,recalculated,rag,"Beef cattle, heifer",1.0,64.0
1639,microsoft/deberta-v3-large,product,recalculated,rag,Ricotta,1.0,6.0
1640,microsoft/deberta-v3-large,product,recalculated,rag,Ricotta,1.0,4.0
1641,microsoft/deberta-v3-large,product,recalculated,rag,Ripened cheese,1.0,14.0
1642,microsoft/deberta-v3-large,product,recalculated,rag,Ripened cheese,1.0,20.0
1643,microsoft/deberta-v3-small,product,recalculated,rag,"Meat, beef cattle (cold carcass weight)",0.0,24.0
1644,microsoft/deberta-v3-small,product,recalculated,rag,"Meat, beef cattle (cold carcass weight)",0.0,20.0
1645,microsoft/deberta-v3-small,product,recalculated,rag,Layer chicken,1.0,52.0
1646,microsoft/deberta-v3-small,product,recalculated,rag,Layer chicken,1.0,49.0
1647,microsoft/deberta-v3-small,product,recalculated,rag,Pig,1.0,125.0
1648,microsoft/deberta-v3-small,product,recalculated,rag,Pig,1.0,140.0
1649,microsoft/deberta-v3-small,product,recalculated,rag,"Meat, beef cattle (cold dressed carcass weight)",1.0,11.0
1650,microsoft/deberta-v3-small,product,recalculated,rag,"Meat, beef cattle (cold dressed carcass weight)",1.0,10.0
1651,microsoft/deberta-v3-small,product,recalculated,rag,Dairy cattle,1.0,23.0
1652,microsoft/deberta-v3-small,product,recalculated,rag,Dairy cattle,1.0,26.0
1653,microsoft/deberta-v3-small,product,recalculated,rag,Milk,0.5,48.0
1654,microsoft/deberta-v3-small,product,recalculated,rag,Milk,0.5,51.0
1655,microsoft/deberta-v3-small,product,recalculated,rag,Cream,0.0,1.0
1656,microsoft/deberta-v3-small,product,recalculated,rag,Cream,0.0,1.0
1657,microsoft/deberta-v3-small,product,recalculated,rag,"Beef cattle, calf (male, weaned)",1.0,27.0
1658,microsoft/deberta-v3-small,product,recalculated,rag,"Beef cattle, calf (male, weaned)",1.0,31.0
1659,microsoft/deberta-v3-small,product,recalculated,rag,"Beef cattle, cow",0.0,12.0
1660,microsoft/deberta-v3-small,product,recalculated,rag,"Beef cattle, cow",0.0,9.0
1661,microsoft/deberta-v3-small,product,recalculated,rag,"Whey, liquid",1.0,3.0
1662,microsoft/deberta-v3-small,product,recalculated,rag,"Whey, liquid",1.0,3.0
1663,microsoft/deberta-v3-small,product,recalculated,rag,Wastewater (kg mass),1.0,16.0
1664,microsoft/deberta-v3-small,product,recalculated,rag,Wastewater (kg mass),1.0,18.0
1665,microsoft/deberta-v3-small,product,recalculated,rag,"Milk, cow, raw (FPCM)",1.0,40.0
1666,microsoft/deberta-v3-small,product,recalculated,rag,"Milk, cow, raw (FPCM)",1.0,39.0
1667,microsoft/deberta-v3-small,product,recalculated,rag,"Meat, chicken, wings",1.0,3.0
1668,microsoft/deberta-v3-small,product,recalculated,rag,"Meat, chicken, wings",1.0,4.0
1669,microsoft/deberta-v3-small,product,recalculated,rag,"Beef cattle, heifer and steer",0.0,4.0
1670,microsoft/deberta-v3-small,product,recalculated,rag,"Beef cattle, heifer and steer",0.0,5.0
1671,microsoft/deberta-v3-small,product,recalculated,rag,"Meat, dairy cattle (cold carcass weight)",0.0,7.0
1672,microsoft/deberta-v3-small,product,recalculated,rag,"Meat, dairy cattle (cold carcass weight)",0.0,6.0
1673,microsoft/deberta-v3-small,product,recalculated,rag,Buttermilk,0.0,2.0
1674,microsoft/deberta-v3-small,product,recalculated,rag,Buttermilk,0.0,2.0
1675,microsoft/deberta-v3-small,product,recalculated,rag,"Pig, sow",1.0,17.0
1676,microsoft/deberta-v3-small,product,recalculated,rag,"Pig, sow",1.0,20.0
1677,microsoft/deberta-v3-small,product,recalculated,rag,"Cattle, urine (kg mass)",0.0,6.0
1678,microsoft/deberta-v3-small,product,recalculated,rag,"Cattle, urine (kg mass)",0.0,6.0
1679,microsoft/deberta-v3-small,product,recalculated,rag,"Beef cattle, calf (female, weaned)",1.0,22.0
1680,microsoft/deberta-v3-small,product,recalculated,rag,"Beef cattle, calf (female, weaned)",1.0,22.0
1681,microsoft/deberta-v3-small,product,recalculated,rag,Yoghurt,0.0,2.0
1682,microsoft/deberta-v3-small,product,recalculated,rag,Yoghurt,0.0,6.0
1683,microsoft/deberta-v3-small,product,recalculated,rag,"Meat, beef cattle (liveweight)",1.0,8.0
1684,microsoft/deberta-v3-small,product,recalculated,rag,"Meat, beef cattle (liveweight)",1.0,9.0
1685,microsoft/deberta-v3-small,product,recalculated,rag,"Dairy cattle, heifer",1.0,5.0
1686,microsoft/deberta-v3-small,product,recalculated,rag,"Dairy cattle, heifer",1.0,5.0
1687,microsoft/deberta-v3-small,product,recalculated,rag,"Sheep, ram",1.0,29.0
1688,microsoft/deberta-v3-small,product,recalculated,rag,"Sheep, ram",1.0,29.0
1689,microsoft/deberta-v3-small,product,recalculated,rag,Caciotta,1.0,4.0
1690,microsoft/deberta-v3-small,product,recalculated,rag,"Electricity, produced on",0.0,3.0
1691,microsoft/deberta-v3-small,product,recalculated,rag,Fresh cheese,0.0,12.0
1692,microsoft/deberta-v3-small,product,recalculated,rag,Fresh cheese,0.0,12.0
1693,microsoft/deberta-v3-small,product,recalculated,rag,Electricity,0.0,3.0
1694,microsoft/deberta-v3-small,product,recalculated,rag,"Sheep, ewe",1.0,62.0
1695,microsoft/deberta-v3-small,product,recalculated,rag,"Sheep, ewe",1.0,59.0
1696,microsoft/deberta-v3-small,product,recalculated,rag,"Dairy cattle, calf (male, unweaned)",0.0,3.0
1697,microsoft/deberta-v3-small,product,recalculated,rag,"Dairy cattle, calf (male, unweaned)",0.0,2.0
1698,microsoft/deberta-v3-small,product,recalculated,rag,"Beef cattle, calf (weaned)",0.0,2.0
1699,microsoft/deberta-v3-small,product,recalculated,rag,"Beef cattle, calf (weaned)",0.0,2.0
1700,microsoft/deberta-v3-small,product,recalculated,rag,"Meat, pig (cold dressed carcass weight)",1.0,17.0
1701,microsoft/deberta-v3-small,product,recalculated,rag,"Meat, pig (cold dressed carcass weight)",1.0,16.0
1702,microsoft/deberta-v3-small,product,recalculated,rag,"Dairy cattle, calf (female, weaned)",0.0,1.0
1703,microsoft/deberta-v3-small,product,recalculated,rag,"Dairy cattle, calf (female, weaned)",0.0,1.0
1704,microsoft/deberta-v3-small,product,recalculated,rag,Whey,1.0,4.0
1705,microsoft/deberta-v3-small,product,recalculated,rag,Whey,1.0,4.0
1706,microsoft/deberta-v3-small,product,recalculated,rag,Cattle,0.0,6.0
1707,microsoft/deberta-v3-small,product,recalculated,rag,Cattle,0.0,6.0
1708,microsoft/deberta-v3-small,product,recalculated,rag,"Dairy cattle, calf (weaned)",0.0,6.0
1709,microsoft/deberta-v3-small,product,recalculated,rag,"Dairy cattle, calf (weaned)",0.0,4.0
1710,microsoft/deberta-v3-small,product,recalculated,rag,"Dairy cattle, calf",0.0,1.0
1711,microsoft/deberta-v3-small,product,recalculated,rag,Sheep,1.0,152.0
1712,microsoft/deberta-v3-small,product,recalculated,rag,Sheep,1.0,154.0
1713,microsoft/deberta-v3-small,product,recalculated,rag,"Meat, chicken, breast",0.0,4.0
1714,microsoft/deberta-v3-small,product,recalculated,rag,"Meat, chicken, breast",0.0,3.0
1715,microsoft/deberta-v3-small,product,recalculated,rag,"Beef cattle, bull",1.0,19.0
1716,microsoft/deberta-v3-small,product,recalculated,rag,"Beef cattle, bull",1.0,20.0
1717,microsoft/deberta-v3-small,product,recalculated,rag,"Cream, cow, raw",0.0,1.0
1718,microsoft/deberta-v3-small,product,recalculated,rag,"Cream, cow, raw",0.0,1.0
1719,microsoft/deberta-v3-small,product,recalculated,rag,"Broiler chicken, hen",1.0,4.0
1720,microsoft/deberta-v3-small,product,recalculated,rag,"Broiler chicken, hen",1.0,5.0
1721,microsoft/deberta-v3-small,product,recalculated,rag,"Broiler chicken, chick",0.0,6.0
1722,microsoft/deberta-v3-small,product,recalculated,rag,"Broiler chicken, chick",0.0,9.0
1723,microsoft/deberta-v3-small,product,recalculated,rag,"Sheep, lamb (weaned)",1.0,32.0
1724,microsoft/deberta-v3-small,product,recalculated,rag,"Sheep, lamb (weaned)",1.0,35.0
1725,microsoft/deberta-v3-small,product,recalculated,rag,"Meat, dairy cattle (liveweight)",1.0,17.0
1726,microsoft/deberta-v3-small,product,recalculated,rag,"Meat, dairy cattle (liveweight)",1.0,22.0
1727,microsoft/deberta-v3-small,product,recalculated,rag,"Layer chicken, pullet",1.0,7.0
1728,microsoft/deberta-v3-small,product,recalculated,rag,"Layer chicken, pullet",1.0,6.0
1729,microsoft/deberta-v3-small,product,recalculated,rag,Broiler chicken,1.0,48.0
1730,microsoft/deberta-v3-small,product,recalculated,rag,Broiler chicken,1.0,54.0
1731,microsoft/deberta-v3-small,product,recalculated,rag,Beef cattle,1.0,240.0
1732,microsoft/deberta-v3-small,product,recalculated,rag,Beef cattle,1.0,235.0
1733,microsoft/deberta-v3-small,product,recalculated,rag,"Cheese, cow",1.0,4.0
1734,microsoft/deberta-v3-small,product,recalculated,rag,"Cheese, cow",1.0,4.0
1735,microsoft/deberta-v3-small,product,recalculated,rag,"Eggs, hen, in shell",0.0,9.0
1736,microsoft/deberta-v3-small,product,recalculated,rag,"Eggs, hen, in shell",0.0,16.0
1737,microsoft/deberta-v3-small,product,recalculated,rag,"Cheese, sheep",0.0,1.0
1738,microsoft/deberta-v3-small,product,recalculated,rag,"Cheese, sheep",0.0,1.0
1739,microsoft/deberta-v3-small,product,recalculated,rag,Eggs,1.0,24.0
1740,microsoft/deberta-v3-small,product,recalculated,rag,Eggs,1.0,34.0
1741,microsoft/deberta-v3-small,product,recalculated,rag,"Layer chicken, hen",1.0,7.0
1742,microsoft/deberta-v3-small,product,recalculated,rag,"Layer chicken, hen",1.0,7.0
1743,microsoft/deberta-v3-small,product,recalculated,rag,"Sheep, lamb",1.0,29.0
1744,microsoft/deberta-v3-small,product,recalculated,rag,"Sheep, lamb",1.0,31.0
1745,microsoft/deberta-v3-small,product,recalculated,rag,"Milk, cow, raw",1.0,8.0
1746,microsoft/deberta-v3-small,product,recalculated,rag,"Milk, cow, raw",1.0,12.0
1747,microsoft/deberta-v3-small,product,recalculated,rag,"Beef cattle, steer",1.0,85.0
1748,microsoft/deberta-v3-small,product,recalculated,rag,"Beef cattle, steer",1.0,76.0
1749,microsoft/deberta-v3-small,product,recalculated,rag,Butter,1.0,10.0
1750,microsoft/deberta-v3-small,product,recalculated,rag,Butter,1.0,8.0
1751,microsoft/deberta-v3-small,product,recalculated,rag,Poultry by,0.0,2.0
1752,microsoft/deberta-v3-small,product,recalculated,rag,"Dairy cattle, cow",1.0,7.0
1753,microsoft/deberta-v3-small,product,recalculated,rag,"Dairy cattle, cow",1.0,14.0
1754,microsoft/deberta-v3-small,product,recalculated,rag,"Pig, piglet",1.0,24.0
1755,microsoft/deberta-v3-small,product,recalculated,rag,"Pig, piglet",1.0,24.0
1756,microsoft/deberta-v3-small,product,recalculated,rag,"Meat, chicken, leg",0.0,4.0
1757,microsoft/deberta-v3-small,product,recalculated,rag,"Meat, chicken, leg",0.0,3.0
1758,microsoft/deberta-v3-small,product,recalculated,rag,"Meat, chicken (cold carcass weight)",0.0,4.0
1759,microsoft/deberta-v3-small,product,recalculated,rag,"Meat, chicken (cold carcass weight)",0.0,6.0
1760,microsoft/deberta-v3-small,product,recalculated,rag,"Whey, powder",0.0,1.0
1761,microsoft/deberta-v3-small,product,recalculated,rag,"Whey, powder",0.0,1.0
1762,microsoft/deberta-v3-small,product,recalculated,rag,Cheese,1.0,5.0
1763,microsoft/deberta-v3-small,product,recalculated,rag,Cheese,1.0,5.0
1764,microsoft/deberta-v3-small,product,recalculated,rag,Soft,1.0,8.0
1765,microsoft/deberta-v3-small,product,recalculated,rag,Soft,1.0,12.0
1766,microsoft/deberta-v3-small,product,recalculated,rag,"Eggs, hen, in shell (number)",1.0,15.0
1767,microsoft/deberta-v3-small,product,recalculated,rag,"Eggs, hen, in shell (number)",1.0,18.0
1768,microsoft/deberta-v3-small,product,recalculated,rag,Meat,1.0,103.0
1769,microsoft/deberta-v3-small,product,recalculated,rag,Meat,1.0,113.0
1770,microsoft/deberta-v3-small,product,recalculated,rag,"Meat, chicken (liveweight)",0.0,4.0
1771,microsoft/deberta-v3-small,product,recalculated,rag,"Meat, chicken (liveweight)",0.0,12.0
1772,microsoft/deberta-v3-small,product,recalculated,rag,"Beef cattle, heifer",1.0,63.0
1773,microsoft/deberta-v3-small,product,recalculated,rag,"Beef cattle, heifer",1.0,64.0
1774,microsoft/deberta-v3-small,product,recalculated,rag,Ricotta,1.0,6.0
1775,microsoft/deberta-v3-small,product,recalculated,rag,Ricotta,1.0,4.0
1776,microsoft/deberta-v3-small,product,recalculated,rag,Ripened cheese,1.0,14.0
1777,microsoft/deberta-v3-small,product,recalculated,rag,Ripened cheese,1.0,20.0
1778,climatebert/distilroberta-base-climate-f,systemBoundary,recalculated,rag,True_liveAnimalInput,1.0,732.0
1779,climatebert/distilroberta-base-climate-f,systemBoundary,recalculated,rag,True_liveAnimalInput,1.0,780.0
1780,climatebert/distilroberta-base-climate-f,systemBoundary,recalculated,rag,True_cropResidue,1.0,443.0
1781,climatebert/distilroberta-base-climate-f,systemBoundary,recalculated,rag,True_cropResidue,1.0,490.0
1782,climatebert/distilroberta-base-climate-f,systemBoundary,recalculated,rag,True_seed,0.9887640449438202,717.0
1783,climatebert/distilroberta-base-climate-f,systemBoundary,recalculated,rag,True_seed,0.9887640449438202,753.0
1784,climatebert/distilroberta-base-climate-f,systemBoundary,recalculated,rag,True_product,1.0,709.0
1785,climatebert/distilroberta-base-climate-f,systemBoundary,recalculated,rag,True_product,1.0,753.0
1786,climatebert/distilroberta-base-climate-f,systemBoundary,recalculated,rag,True_pesticideVeterinaryDrug,1.0,447.0
1787,climatebert/distilroberta-base-climate-f,systemBoundary,recalculated,rag,True_pesticideVeterinaryDrug,1.0,451.0
1788,climatebert/distilroberta-base-climate-f,systemBoundary,recalculated,rag,True_excreta,1.0,198.0
1789,climatebert/distilroberta-base-climate-f,systemBoundary,recalculated,rag,True_excreta,1.0,227.0
1790,climatebert/distilroberta-base-climate-f,systemBoundary,recalculated,rag,True_freshForage,0.9247311827956989,686.0
1791,climatebert/distilroberta-base-climate-f,systemBoundary,recalculated,rag,True_freshForage,0.9247311827956989,447.0
1792,climatebert/distilroberta-base-climate-f,systemBoundary,recalculated,rag,True_transport,1.0,39.0
1793,climatebert/distilroberta-base-climate-f,systemBoundary,recalculated,rag,True_transport,1.0,45.0
1794,climatebert/distilroberta-base-climate-f,systemBoundary,recalculated,rag,True_animalFeed,0.9894736842105263,744.0
1795,climatebert/distilroberta-base-climate-f,systemBoundary,recalculated,rag,True_animalFeed,0.9894736842105263,789.0
1796,climatebert/distilroberta-base-climate-f,systemBoundary,recalculated,rag,True_waste,1.0,70.0
1797,climatebert/distilroberta-base-climate-f,systemBoundary,recalculated,rag,True_waste,1.0,68.0
1798,climatebert/distilroberta-base-climate-f,systemBoundary,recalculated,rag,True_ingredient,0.9897959183673469,779.0
1799,climatebert/distilroberta-base-climate-f,systemBoundary,recalculated,rag,True_ingredient,0.9897959183673469,824.0
1800,climatebert/distilroberta-base-climate-f,systemBoundary,recalculated,rag,True_operation,1.0,318.0
1801,climatebert/distilroberta-base-climate-f,systemBoundary,recalculated,rag,True_operation,1.0,318.0
1802,climatebert/distilroberta-base-climate-f,systemBoundary,recalculated,rag,True_soilAmendment,1.0,736.0
1803,climatebert/distilroberta-base-climate-f,systemBoundary,recalculated,rag,True_soilAmendment,1.0,785.0
1804,climatebert/distilroberta-base-climate-f,systemBoundary,recalculated,rag,True_material,0.0,7.0
1805,climatebert/distilroberta-base-climate-f,systemBoundary,recalculated,rag,True_material,0.0,12.0
1806,climatebert/distilroberta-base-climate-f,systemBoundary,recalculated,rag,True_animalPopulation,0.9894736842105263,761.0
1807,climatebert/distilroberta-base-climate-f,systemBoundary,recalculated,rag,True_animalPopulation,0.9894736842105263,799.0
1808,climatebert/distilroberta-base-climate-f,systemBoundary,recalculated,rag,True_otherChemical,1.0,730.0
1809,climatebert/distilroberta-base-climate-f,systemBoundary,recalculated,rag,True_otherChemical,1.0,779.0
1810,climatebert/distilroberta-base-climate-f,systemBoundary,recalculated,rag,True_electricityFuel,0.9868421052631579,576.0
1811,climatebert/distilroberta-base-climate-f,systemBoundary,recalculated,rag,True_electricityFuel,0.9868421052631579,601.0
1812,climatebert/distilroberta-base-climate-f,systemBoundary,recalculated,rag,True_water,0.9047619047619048,165.0
1813,climatebert/distilroberta-base-climate-f,systemBoundary,recalculated,rag,True_water,0.9047619047619048,202.0
1814,climatebert/distilroberta-base-climate-f,systemBoundary,recalculated,rag,True_fertiliser,1.0,742.0
1815,climatebert/distilroberta-base-climate-f,systemBoundary,recalculated,rag,True_fertiliser,1.0,788.0
1816,ESGBERT/EnvironmentalBERT-base,systemBoundary,recalculated,rag,True_liveAnimalInput,1.0,732.0
1817,ESGBERT/EnvironmentalBERT-base,systemBoundary,recalculated,rag,True_liveAnimalInput,1.0,780.0
1818,ESGBERT/EnvironmentalBERT-base,systemBoundary,recalculated,rag,True_cropResidue,1.0,443.0
1819,ESGBERT/EnvironmentalBERT-base,systemBoundary,recalculated,rag,True_cropResidue,1.0,490.0
1820,ESGBERT/EnvironmentalBERT-base,systemBoundary,recalculated,rag,True_seed,1.0,717.0
1821,ESGBERT/EnvironmentalBERT-base,systemBoundary,recalculated,rag,True_seed,1.0,753.0
1822,ESGBERT/EnvironmentalBERT-base,systemBoundary,recalculated,rag,True_product,1.0,709.0
1823,ESGBERT/EnvironmentalBERT-base,systemBoundary,recalculated,rag,True_product,1.0,753.0
1824,ESGBERT/EnvironmentalBERT-base,systemBoundary,recalculated,rag,True_pesticideVeterinaryDrug,1.0,447.0
1825,ESGBERT/EnvironmentalBERT-base,systemBoundary,recalculated,rag,True_pesticideVeterinaryDrug,1.0,451.0
1826,ESGBERT/EnvironmentalBERT-base,systemBoundary,recalculated,rag,True_excreta,1.0,198.0
1827,ESGBERT/EnvironmentalBERT-base,systemBoundary,recalculated,rag,True_excreta,1.0,227.0
1828,ESGBERT/EnvironmentalBERT-base,systemBoundary,recalculated,rag,True_freshForage,0.9247311827956989,686.0
1829,ESGBERT/EnvironmentalBERT-base,systemBoundary,recalculated,rag,True_freshForage,0.9247311827956989,447.0
1830,ESGBERT/EnvironmentalBERT-base,systemBoundary,recalculated,rag,True_transport,1.0,39.0
1831,ESGBERT/EnvironmentalBERT-base,systemBoundary,recalculated,rag,True_transport,1.0,45.0
1832,ESGBERT/EnvironmentalBERT-base,systemBoundary,recalculated,rag,True_animalFeed,0.9894736842105263,744.0
1833,ESGBERT/EnvironmentalBERT-base,systemBoundary,recalculated,rag,True_animalFeed,0.9894736842105263,789.0
1834,ESGBERT/EnvironmentalBERT-base,systemBoundary,recalculated,rag,True_waste,1.0,70.0
1835,ESGBERT/EnvironmentalBERT-base,systemBoundary,recalculated,rag,True_waste,1.0,68.0
1836,ESGBERT/EnvironmentalBERT-base,systemBoundary,recalculated,rag,True_ingredient,0.98989898989899,779.0
1837,ESGBERT/EnvironmentalBERT-base,systemBoundary,recalculated,rag,True_ingredient,0.98989898989899,824.0
1838,ESGBERT/EnvironmentalBERT-base,systemBoundary,recalculated,rag,True_operation,1.0,318.0
1839,ESGBERT/EnvironmentalBERT-base,systemBoundary,recalculated,rag,True_operation,1.0,318.0
1840,ESGBERT/EnvironmentalBERT-base,systemBoundary,recalculated,rag,True_soilAmendment,1.0,736.0
1841,ESGBERT/EnvironmentalBERT-base,systemBoundary,recalculated,rag,True_soilAmendment,1.0,785.0
1842,ESGBERT/EnvironmentalBERT-base,systemBoundary,recalculated,rag,True_material,0.0,7.0
1843,ESGBERT/EnvironmentalBERT-base,systemBoundary,recalculated,rag,True_material,0.0,12.0
1844,ESGBERT/EnvironmentalBERT-base,systemBoundary,recalculated,rag,True_animalPopulation,0.9894736842105263,761.0
1845,ESGBERT/EnvironmentalBERT-base,systemBoundary,recalculated,rag,True_animalPopulation,0.9894736842105263,799.0
1846,ESGBERT/EnvironmentalBERT-base,systemBoundary,recalculated,rag,True_otherChemical,1.0,730.0
1847,ESGBERT/EnvironmentalBERT-base,systemBoundary,recalculated,rag,True_otherChemical,1.0,779.0
1848,ESGBERT/EnvironmentalBERT-base,systemBoundary,recalculated,rag,True_electricityFuel,1.0,576.0
1849,ESGBERT/EnvironmentalBERT-base,systemBoundary,recalculated,rag,True_electricityFuel,1.0,601.0
1850,ESGBERT/EnvironmentalBERT-base,systemBoundary,recalculated,rag,True_water,1.0,165.0
1851,ESGBERT/EnvironmentalBERT-base,systemBoundary,recalculated,rag,True_water,1.0,202.0
1852,ESGBERT/EnvironmentalBERT-base,systemBoundary,recalculated,rag,True_fertiliser,1.0,742.0
1853,ESGBERT/EnvironmentalBERT-base,systemBoundary,recalculated,rag,True_fertiliser,1.0,788.0
1854,FacebookAI/roberta-large,systemBoundary,recalculated,rag,True_liveAnimalInput,1.0,732.0
1855,FacebookAI/roberta-large,systemBoundary,recalculated,rag,True_liveAnimalInput,1.0,780.0
1856,FacebookAI/roberta-large,systemBoundary,recalculated,rag,True_cropResidue,1.0,443.0
1857,FacebookAI/roberta-large,systemBoundary,recalculated,rag,True_cropResidue,1.0,490.0
1858,FacebookAI/roberta-large,systemBoundary,recalculated,rag,True_seed,1.0,717.0
1859,FacebookAI/roberta-large,systemBoundary,recalculated,rag,True_seed,1.0,753.0
1860,FacebookAI/roberta-large,systemBoundary,recalculated,rag,True_product,1.0,709.0
1861,FacebookAI/roberta-large,systemBoundary,recalculated,rag,True_product,1.0,753.0
1862,FacebookAI/roberta-large,systemBoundary,recalculated,rag,True_pesticideVeterinaryDrug,1.0,447.0
1863,FacebookAI/roberta-large,systemBoundary,recalculated,rag,True_pesticideVeterinaryDrug,1.0,451.0
1864,FacebookAI/roberta-large,systemBoundary,recalculated,rag,True_excreta,1.0,198.0
1865,FacebookAI/roberta-large,systemBoundary,recalculated,rag,True_excreta,1.0,227.0
1866,FacebookAI/roberta-large,systemBoundary,recalculated,rag,True_freshForage,0.9247311827956989,686.0
1867,FacebookAI/roberta-large,systemBoundary,recalculated,rag,True_freshForage,0.9247311827956989,447.0
1868,FacebookAI/roberta-large,systemBoundary,recalculated,rag,True_transport,1.0,39.0
1869,FacebookAI/roberta-large,systemBoundary,recalculated,rag,True_transport,1.0,45.0
1870,FacebookAI/roberta-large,systemBoundary,recalculated,rag,True_animalFeed,0.9894736842105263,744.0
1871,FacebookAI/roberta-large,systemBoundary,recalculated,rag,True_animalFeed,0.9894736842105263,789.0
1872,FacebookAI/roberta-large,systemBoundary,recalculated,rag,True_waste,1.0,70.0
1873,FacebookAI/roberta-large,systemBoundary,recalculated,rag,True_waste,1.0,68.0
1874,FacebookAI/roberta-large,systemBoundary,recalculated,rag,True_ingredient,0.9897959183673469,779.0
1875,FacebookAI/roberta-large,systemBoundary,recalculated,rag,True_ingredient,0.9897959183673469,824.0
1876,FacebookAI/roberta-large,systemBoundary,recalculated,rag,True_operation,1.0,318.0
1877,FacebookAI/roberta-large,systemBoundary,recalculated,rag,True_operation,1.0,318.0
1878,FacebookAI/roberta-large,systemBoundary,recalculated,rag,True_soilAmendment,1.0,736.0
1879,FacebookAI/roberta-large,systemBoundary,recalculated,rag,True_soilAmendment,1.0,785.0
1880,FacebookAI/roberta-large,systemBoundary,recalculated,rag,True_material,0.0,7.0
1881,FacebookAI/roberta-large,systemBoundary,recalculated,rag,True_material,0.0,12.0
1882,FacebookAI/roberta-large,systemBoundary,recalculated,rag,True_animalPopulation,1.0,761.0
1883,FacebookAI/roberta-large,systemBoundary,recalculated,rag,True_animalPopulation,1.0,799.0
1884,FacebookAI/roberta-large,systemBoundary,recalculated,rag,True_otherChemical,1.0,730.0
1885,FacebookAI/roberta-large,systemBoundary,recalculated,rag,True_otherChemical,1.0,779.0
1886,FacebookAI/roberta-large,systemBoundary,recalculated,rag,True_electricityFuel,1.0,576.0
1887,FacebookAI/roberta-large,systemBoundary,recalculated,rag,True_electricityFuel,1.0,601.0
1888,FacebookAI/roberta-large,systemBoundary,recalculated,rag,True_water,1.0,165.0
1889,FacebookAI/roberta-large,systemBoundary,recalculated,rag,True_water,1.0,202.0
1890,FacebookAI/roberta-large,systemBoundary,recalculated,rag,True_fertiliser,1.0,742.0
1891,FacebookAI/roberta-large,systemBoundary,recalculated,rag,True_fertiliser,1.0,788.0
1892,google-bert/bert-base-uncased,systemBoundary,recalculated,rag,True_liveAnimalInput,1.0,732.0
1893,google-bert/bert-base-uncased,systemBoundary,recalculated,rag,True_liveAnimalInput,1.0,780.0
1894,google-bert/bert-base-uncased,systemBoundary,recalculated,rag,True_cropResidue,1.0,443.0
1895,google-bert/bert-base-uncased,systemBoundary,recalculated,rag,True_cropResidue,1.0,490.0
1896,google-bert/bert-base-uncased,systemBoundary,recalculated,rag,True_seed,1.0,717.0
1897,google-bert/bert-base-uncased,systemBoundary,recalculated,rag,True_seed,1.0,753.0
1898,google-bert/bert-base-uncased,systemBoundary,recalculated,rag,True_product,1.0,709.0
1899,google-bert/bert-base-uncased,systemBoundary,recalculated,rag,True_product,1.0,753.0
1900,google-bert/bert-base-uncased,systemBoundary,recalculated,rag,True_pesticideVeterinaryDrug,1.0,447.0
1901,google-bert/bert-base-uncased,systemBoundary,recalculated,rag,True_pesticideVeterinaryDrug,1.0,451.0
1902,google-bert/bert-base-uncased,systemBoundary,recalculated,rag,True_excreta,1.0,198.0
1903,google-bert/bert-base-uncased,systemBoundary,recalculated,rag,True_excreta,1.0,227.0
1904,google-bert/bert-base-uncased,systemBoundary,recalculated,rag,True_freshForage,0.9239130434782609,686.0
1905,google-bert/bert-base-uncased,systemBoundary,recalculated,rag,True_freshForage,0.9239130434782609,447.0
1906,google-bert/bert-base-uncased,systemBoundary,recalculated,rag,True_transport,1.0,39.0
1907,google-bert/bert-base-uncased,systemBoundary,recalculated,rag,True_transport,1.0,45.0
1908,google-bert/bert-base-uncased,systemBoundary,recalculated,rag,True_animalFeed,0.9894736842105263,744.0
1909,google-bert/bert-base-uncased,systemBoundary,recalculated,rag,True_animalFeed,0.9894736842105263,789.0
1910,google-bert/bert-base-uncased,systemBoundary,recalculated,rag,True_waste,1.0,70.0
1911,google-bert/bert-base-uncased,systemBoundary,recalculated,rag,True_waste,1.0,68.0
1912,google-bert/bert-base-uncased,systemBoundary,recalculated,rag,True_ingredient,0.9897959183673469,779.0
1913,google-bert/bert-base-uncased,systemBoundary,recalculated,rag,True_ingredient,0.9897959183673469,824.0
1914,google-bert/bert-base-uncased,systemBoundary,recalculated,rag,True_operation,1.0,318.0
1915,google-bert/bert-base-uncased,systemBoundary,recalculated,rag,True_operation,1.0,318.0
1916,google-bert/bert-base-uncased,systemBoundary,recalculated,rag,True_soilAmendment,1.0,736.0
1917,google-bert/bert-base-uncased,systemBoundary,recalculated,rag,True_soilAmendment,1.0,785.0
1918,google-bert/bert-base-uncased,systemBoundary,recalculated,rag,True_material,0.0,7.0
1919,google-bert/bert-base-uncased,systemBoundary,recalculated,rag,True_material,0.0,12.0
1920,google-bert/bert-base-uncased,systemBoundary,recalculated,rag,True_animalPopulation,1.0,761.0
1921,google-bert/bert-base-uncased,systemBoundary,recalculated,rag,True_animalPopulation,1.0,799.0
1922,google-bert/bert-base-uncased,systemBoundary,recalculated,rag,True_otherChemical,1.0,730.0
1923,google-bert/bert-base-uncased,systemBoundary,recalculated,rag,True_otherChemical,1.0,779.0
1924,google-bert/bert-base-uncased,systemBoundary,recalculated,rag,True_electricityFuel,1.0,576.0
1925,google-bert/bert-base-uncased,systemBoundary,recalculated,rag,True_electricityFuel,1.0,601.0
1926,google-bert/bert-base-uncased,systemBoundary,recalculated,rag,True_water,1.0,165.0
1927,google-bert/bert-base-uncased,systemBoundary,recalculated,rag,True_water,1.0,202.0
1928,google-bert/bert-base-uncased,systemBoundary,recalculated,rag,True_fertiliser,1.0,742.0
1929,google-bert/bert-base-uncased,systemBoundary,recalculated,rag,True_fertiliser,1.0,788.0
1930,microsoft/deberta-v3-base,systemBoundary,recalculated,rag,True_liveAnimalInput,1.0,732.0
1931,microsoft/deberta-v3-base,systemBoundary,recalculated,rag,True_liveAnimalInput,1.0,780.0
1932,microsoft/deberta-v3-base,systemBoundary,recalculated,rag,True_cropResidue,1.0,443.0
1933,microsoft/deberta-v3-base,systemBoundary,recalculated,rag,True_cropResidue,1.0,490.0
1934,microsoft/deberta-v3-base,systemBoundary,recalculated,rag,True_seed,1.0,717.0
1935,microsoft/deberta-v3-base,systemBoundary,recalculated,rag,True_seed,1.0,753.0
1936,microsoft/deberta-v3-base,systemBoundary,recalculated,rag,True_product,1.0,709.0
1937,microsoft/deberta-v3-base,systemBoundary,recalculated,rag,True_product,1.0,753.0
1938,microsoft/deberta-v3-base,systemBoundary,recalculated,rag,True_pesticideVeterinaryDrug,1.0,447.0
1939,microsoft/deberta-v3-base,systemBoundary,recalculated,rag,True_pesticideVeterinaryDrug,1.0,451.0
1940,microsoft/deberta-v3-base,systemBoundary,recalculated,rag,True_excreta,1.0,198.0
1941,microsoft/deberta-v3-base,systemBoundary,recalculated,rag,True_excreta,1.0,227.0
1942,microsoft/deberta-v3-base,systemBoundary,recalculated,rag,True_freshForage,0.9247311827956989,686.0
1943,microsoft/deberta-v3-base,systemBoundary,recalculated,rag,True_freshForage,0.9247311827956989,447.0
1944,microsoft/deberta-v3-base,systemBoundary,recalculated,rag,True_transport,1.0,39.0
1945,microsoft/deberta-v3-base,systemBoundary,recalculated,rag,True_transport,1.0,45.0
1946,microsoft/deberta-v3-base,systemBoundary,recalculated,rag,True_animalFeed,0.9894736842105263,744.0
1947,microsoft/deberta-v3-base,systemBoundary,recalculated,rag,True_animalFeed,0.9894736842105263,789.0
1948,microsoft/deberta-v3-base,systemBoundary,recalculated,rag,True_waste,1.0,70.0
1949,microsoft/deberta-v3-base,systemBoundary,recalculated,rag,True_waste,1.0,68.0
1950,microsoft/deberta-v3-base,systemBoundary,recalculated,rag,True_ingredient,1.0,779.0
1951,microsoft/deberta-v3-base,systemBoundary,recalculated,rag,True_ingredient,1.0,824.0
1952,microsoft/deberta-v3-base,systemBoundary,recalculated,rag,True_operation,1.0,318.0
1953,microsoft/deberta-v3-base,systemBoundary,recalculated,rag,True_operation,1.0,318.0
1954,microsoft/deberta-v3-base,systemBoundary,recalculated,rag,True_soilAmendment,1.0,736.0
1955,microsoft/deberta-v3-base,systemBoundary,recalculated,rag,True_soilAmendment,1.0,785.0
1956,microsoft/deberta-v3-base,systemBoundary,recalculated,rag,True_material,0.0,7.0
1957,microsoft/deberta-v3-base,systemBoundary,recalculated,rag,True_material,0.0,12.0
1958,microsoft/deberta-v3-base,systemBoundary,recalculated,rag,True_animalPopulation,0.9894736842105263,761.0
1959,microsoft/deberta-v3-base,systemBoundary,recalculated,rag,True_animalPopulation,0.9894736842105263,799.0
1960,microsoft/deberta-v3-base,systemBoundary,recalculated,rag,True_otherChemical,1.0,730.0
1961,microsoft/deberta-v3-base,systemBoundary,recalculated,rag,True_otherChemical,1.0,779.0
1962,microsoft/deberta-v3-base,systemBoundary,recalculated,rag,True_electricityFuel,1.0,576.0
1963,microsoft/deberta-v3-base,systemBoundary,recalculated,rag,True_electricityFuel,1.0,601.0
1964,microsoft/deberta-v3-base,systemBoundary,recalculated,rag,True_water,0.9047619047619048,165.0
1965,microsoft/deberta-v3-base,systemBoundary,recalculated,rag,True_water,0.9047619047619048,202.0
1966,microsoft/deberta-v3-base,systemBoundary,recalculated,rag,True_fertiliser,1.0,742.0
1967,microsoft/deberta-v3-base,systemBoundary,recalculated,rag,True_fertiliser,1.0,788.0
1968,microsoft/deberta-v3-large,systemBoundary,recalculated,rag,True_liveAnimalInput,1.0,732.0
1969,microsoft/deberta-v3-large,systemBoundary,recalculated,rag,True_liveAnimalInput,1.0,780.0
1970,microsoft/deberta-v3-large,systemBoundary,recalculated,rag,True_cropResidue,1.0,443.0
1971,microsoft/deberta-v3-large,systemBoundary,recalculated,rag,True_cropResidue,1.0,490.0
1972,microsoft/deberta-v3-large,systemBoundary,recalculated,rag,True_seed,1.0,717.0
1973,microsoft/deberta-v3-large,systemBoundary,recalculated,rag,True_seed,1.0,753.0
1974,microsoft/deberta-v3-large,systemBoundary,recalculated,rag,True_product,1.0,709.0
1975,microsoft/deberta-v3-large,systemBoundary,recalculated,rag,True_product,1.0,753.0
1976,microsoft/deberta-v3-large,systemBoundary,recalculated,rag,True_pesticideVeterinaryDrug,1.0,447.0
1977,microsoft/deberta-v3-large,systemBoundary,recalculated,rag,True_pesticideVeterinaryDrug,1.0,451.0
1978,microsoft/deberta-v3-large,systemBoundary,recalculated,rag,True_excreta,1.0,198.0
1979,microsoft/deberta-v3-large,systemBoundary,recalculated,rag,True_excreta,1.0,227.0
1980,microsoft/deberta-v3-large,systemBoundary,recalculated,rag,True_freshForage,0.9247311827956989,686.0
1981,microsoft/deberta-v3-large,systemBoundary,recalculated,rag,True_freshForage,0.9247311827956989,447.0
1982,microsoft/deberta-v3-large,systemBoundary,recalculated,rag,True_transport,1.0,39.0
1983,microsoft/deberta-v3-large,systemBoundary,recalculated,rag,True_transport,1.0,45.0
1984,microsoft/deberta-v3-large,systemBoundary,recalculated,rag,True_animalFeed,0.9894736842105263,744.0
1985,microsoft/deberta-v3-large,systemBoundary,recalculated,rag,True_animalFeed,0.9894736842105263,789.0
1986,microsoft/deberta-v3-large,systemBoundary,recalculated,rag,True_waste,1.0,70.0
1987,microsoft/deberta-v3-large,systemBoundary,recalculated,rag,True_waste,1.0,68.0
1988,microsoft/deberta-v3-large,systemBoundary,recalculated,rag,True_ingredient,0.9897959183673469,779.0
1989,microsoft/deberta-v3-large,systemBoundary,recalculated,rag,True_ingredient,0.9897959183673469,824.0
1990,microsoft/deberta-v3-large,systemBoundary,recalculated,rag,True_operation,1.0,318.0
1991,microsoft/deberta-v3-large,systemBoundary,recalculated,rag,True_operation,1.0,318.0
1992,microsoft/deberta-v3-large,systemBoundary,recalculated,rag,True_soilAmendment,1.0,736.0
1993,microsoft/deberta-v3-large,systemBoundary,recalculated,rag,True_soilAmendment,1.0,785.0
1994,microsoft/deberta-v3-large,systemBoundary,recalculated,rag,True_material,0.0,7.0
1995,microsoft/deberta-v3-large,systemBoundary,recalculated,rag,True_material,0.0,12.0
1996,microsoft/deberta-v3-large,systemBoundary,recalculated,rag,True_animalPopulation,1.0,761.0
1997,microsoft/deberta-v3-large,systemBoundary,recalculated,rag,True_animalPopulation,1.0,799.0
1998,microsoft/deberta-v3-large,systemBoundary,recalculated,rag,True_otherChemical,1.0,730.0
1999,microsoft/deberta-v3-large,systemBoundary,recalculated,rag,True_otherChemical,1.0,779.0
2000,microsoft/deberta-v3-large,systemBoundary,recalculated,rag,True_electricityFuel,1.0,576.0
2001,microsoft/deberta-v3-large,systemBoundary,recalculated,rag,True_electricityFuel,1.0,601.0
2002,microsoft/deberta-v3-large,systemBoundary,recalculated,rag,True_water,1.0,165.0
2003,microsoft/deberta-v3-large,systemBoundary,recalculated,rag,True_water,1.0,202.0
2004,microsoft/deberta-v3-large,systemBoundary,recalculated,rag,True_fertiliser,1.0,742.0
2005,microsoft/deberta-v3-large,systemBoundary,recalculated,rag,True_fertiliser,1.0,788.0
2006,microsoft/deberta-v3-small,systemBoundary,recalculated,rag,True_liveAnimalInput,1.0,732.0
2007,microsoft/deberta-v3-small,systemBoundary,recalculated,rag,True_liveAnimalInput,1.0,780.0
2008,microsoft/deberta-v3-small,systemBoundary,recalculated,rag,True_cropResidue,1.0,443.0
2009,microsoft/deberta-v3-small,systemBoundary,recalculated,rag,True_cropResidue,1.0,490.0
2010,microsoft/deberta-v3-small,systemBoundary,recalculated,rag,True_seed,0.9777777777777777,717.0
2011,microsoft/deberta-v3-small,systemBoundary,recalculated,rag,True_seed,0.9777777777777777,753.0
2012,microsoft/deberta-v3-small,systemBoundary,recalculated,rag,True_product,1.0,709.0
2013,microsoft/deberta-v3-small,systemBoundary,recalculated,rag,True_product,1.0,753.0
2014,microsoft/deberta-v3-small,systemBoundary,recalculated,rag,True_pesticideVeterinaryDrug,1.0,447.0
2015,microsoft/deberta-v3-small,systemBoundary,recalculated,rag,True_pesticideVeterinaryDrug,1.0,451.0
2016,microsoft/deberta-v3-small,systemBoundary,recalculated,rag,True_excreta,0.9523809523809523,198.0
2017,microsoft/deberta-v3-small,systemBoundary,recalculated,rag,True_excreta,0.9523809523809523,227.0
2018,microsoft/deberta-v3-small,systemBoundary,recalculated,rag,True_freshForage,0.9148936170212766,686.0
2019,microsoft/deberta-v3-small,systemBoundary,recalculated,rag,True_freshForage,0.9148936170212766,447.0
2020,microsoft/deberta-v3-small,systemBoundary,recalculated,rag,True_transport,1.0,39.0
2021,microsoft/deberta-v3-small,systemBoundary,recalculated,rag,True_transport,1.0,45.0
2022,microsoft/deberta-v3-small,systemBoundary,recalculated,rag,True_animalFeed,0.9894736842105263,744.0
2023,microsoft/deberta-v3-small,systemBoundary,recalculated,rag,True_animalFeed,0.9894736842105263,789.0
2024,microsoft/deberta-v3-small,systemBoundary,recalculated,rag,True_waste,1.0,70.0
2025,microsoft/deberta-v3-small,systemBoundary,recalculated,rag,True_waste,1.0,68.0
2026,microsoft/deberta-v3-small,systemBoundary,recalculated,rag,True_ingredient,0.9897959183673469,779.0
2027,microsoft/deberta-v3-small,systemBoundary,recalculated,rag,True_ingredient,0.9897959183673469,824.0
2028,microsoft/deberta-v3-small,systemBoundary,recalculated,rag,True_operation,1.0,318.0
2029,microsoft/deberta-v3-small,systemBoundary,recalculated,rag,True_operation,1.0,318.0
2030,microsoft/deberta-v3-small,systemBoundary,recalculated,rag,True_soilAmendment,1.0,736.0
2031,microsoft/deberta-v3-small,systemBoundary,recalculated,rag,True_soilAmendment,1.0,785.0
2032,microsoft/deberta-v3-small,systemBoundary,recalculated,rag,True_material,0.0,7.0
2033,microsoft/deberta-v3-small,systemBoundary,recalculated,rag,True_material,0.0,12.0
2034,microsoft/deberta-v3-small,systemBoundary,recalculated,rag,True_animalPopulation,0.9894736842105263,761.0
2035,microsoft/deberta-v3-small,systemBoundary,recalculated,rag,True_animalPopulation,0.9894736842105263,799.0
2036,microsoft/deberta-v3-small,systemBoundary,recalculated,rag,True_otherChemical,1.0,730.0
2037,microsoft/deberta-v3-small,systemBoundary,recalculated,rag,True_otherChemical,1.0,779.0
2038,microsoft/deberta-v3-small,systemBoundary,recalculated,rag,True_electricityFuel,1.0,576.0
2039,microsoft/deberta-v3-small,systemBoundary,recalculated,rag,True_electricityFuel,1.0,601.0
2040,microsoft/deberta-v3-small,systemBoundary,recalculated,rag,True_water,1.0,165.0
2041,microsoft/deberta-v3-small,systemBoundary,recalculated,rag,True_water,1.0,202.0
2042,microsoft/deberta-v3-small,systemBoundary,recalculated,rag,True_fertiliser,1.0,742.0
2043,microsoft/deberta-v3-small,systemBoundary,recalculated,rag,True_fertiliser,1.0,788.0
