,model,dataset,dataset_type,RAG,label,precision,count
0,climatebert/distilroberta-base-climate-f,allocation,original,no rag,none required,0.8823529411764706,116.0
1,climatebert/distilroberta-base-climate-f,allocation,original,no rag,mass,1.0,4.0
2,climatebert/distilroberta-base-climate-f,allocation,original,no rag,economic,0.9452054794520548,610.0
3,climatebert/distilroberta-base-climate-f,allocation,original,no rag,energy,0.0,2.0
4,climatebert/distilroberta-base-climate-f,allocation,original,no rag,biophysical,1.0,26.0
5,climatebert/distilroberta-base-climate-f,allocation,original,no rag,none,1.0,72.0
6,ESGBERT/EnvironmentalBERT-base,allocation,original,no rag,none required,0.8666666666666667,116.0
7,ESGBERT/EnvironmentalBERT-base,allocation,original,no rag,mass,0.0,4.0
8,ESGBERT/EnvironmentalBERT-base,allocation,original,no rag,economic,0.9324324324324325,610.0
9,ESGBERT/EnvironmentalBERT-base,allocation,original,no rag,energy,0.0,2.0
10,ESGBERT/EnvironmentalBERT-base,allocation,original,no rag,biophysical,1.0,26.0
11,ESGBERT/EnvironmentalBERT-base,allocation,original,no rag,none,0.9,72.0
12,FacebookAI/roberta-large,allocation,original,no rag,none required,0.9285714285714286,116.0
13,FacebookAI/roberta-large,allocation,original,no rag,mass,0.0,4.0
14,FacebookAI/roberta-large,allocation,original,no rag,economic,0.9577464788732394,610.0
15,FacebookAI/roberta-large,allocation,original,no rag,energy,0.0,2.0
16,FacebookAI/roberta-large,allocation,original,no rag,biophysical,1.0,26.0
17,FacebookAI/roberta-large,allocation,original,no rag,none,0.6666666666666666,72.0
18,google-bert/bert-base-uncased,allocation,original,no rag,none required,0.8823529411764706,116.0
19,google-bert/bert-base-uncased,allocation,original,no rag,mass,1.0,4.0
20,google-bert/bert-base-uncased,allocation,original,no rag,economic,0.9324324324324325,610.0
21,google-bert/bert-base-uncased,allocation,original,no rag,energy,0.0,2.0
22,google-bert/bert-base-uncased,allocation,original,no rag,biophysical,1.0,26.0
23,google-bert/bert-base-uncased,allocation,original,no rag,none,1.0,72.0
24,microsoft/deberta-v3-base,allocation,original,no rag,none required,1.0,116.0
25,microsoft/deberta-v3-base,allocation,original,no rag,mass,0.0,4.0
26,microsoft/deberta-v3-base,allocation,original,no rag,economic,0.9324324324324325,610.0
27,microsoft/deberta-v3-base,allocation,original,no rag,energy,0.0,2.0
28,microsoft/deberta-v3-base,allocation,original,no rag,biophysical,1.0,26.0
29,microsoft/deberta-v3-base,allocation,original,no rag,none,1.0,72.0
30,microsoft/deberta-v3-large,allocation,original,no rag,none required,1.0,116.0
31,microsoft/deberta-v3-large,allocation,original,no rag,mass,0.0,4.0
32,microsoft/deberta-v3-large,allocation,original,no rag,economic,0.9078947368421053,610.0
33,microsoft/deberta-v3-large,allocation,original,no rag,energy,0.0,2.0
34,microsoft/deberta-v3-large,allocation,original,no rag,biophysical,1.0,26.0
35,microsoft/deberta-v3-large,allocation,original,no rag,none,1.0,72.0
36,microsoft/deberta-v3-small,allocation,original,no rag,none required,1.0,116.0
37,microsoft/deberta-v3-small,allocation,original,no rag,mass,1.0,4.0
38,microsoft/deberta-v3-small,allocation,original,no rag,economic,0.9452054794520548,610.0
39,microsoft/deberta-v3-small,allocation,original,no rag,energy,0.0,2.0
40,microsoft/deberta-v3-small,allocation,original,no rag,biophysical,1.0,26.0
41,microsoft/deberta-v3-small,allocation,original,no rag,none,0.9090909090909091,72.0
42,climatebert/distilroberta-base-climate-f,functionalUnit,original,no rag,days,0.6666666666666666,83.0
43,climatebert/distilroberta-base-climate-f,functionalUnit,original,no rag,1 ha,1.0,39.0
44,climatebert/distilroberta-base-climate-f,functionalUnit,original,no rag,kg,0.75,19.0
45,climatebert/distilroberta-base-climate-f,functionalUnit,original,no rag,kg cold dressed carcass weight/head,0.0,4.0
46,climatebert/distilroberta-base-climate-f,functionalUnit,original,no rag,kg cold carcass weight/head,0.9523809523809523,140.0
47,climatebert/distilroberta-base-climate-f,functionalUnit,original,no rag,kg liveweight/head,0.9166666666666666,452.0
48,climatebert/distilroberta-base-climate-f,functionalUnit,original,no rag,relative,0.9705882352941176,791.0
49,climatebert/distilroberta-base-climate-f,functionalUnit,original,no rag,unitless,0.0,4.0
50,climatebert/distilroberta-base-climate-f,functionalUnit,original,no rag,kg ready-to-cook weight/head,0.0,4.0
51,climatebert/distilroberta-base-climate-f,functionalUnit,original,no rag,%,0.5714285714285714,92.0
52,ESGBERT/EnvironmentalBERT-base,functionalUnit,original,no rag,days,0.7777777777777778,83.0
53,ESGBERT/EnvironmentalBERT-base,functionalUnit,original,no rag,1 ha,1.0,39.0
54,ESGBERT/EnvironmentalBERT-base,functionalUnit,original,no rag,kg,1.0,19.0
55,ESGBERT/EnvironmentalBERT-base,functionalUnit,original,no rag,kg cold dressed carcass weight/head,0.0,4.0
56,ESGBERT/EnvironmentalBERT-base,functionalUnit,original,no rag,kg cold carcass weight/head,0.9523809523809523,140.0
57,ESGBERT/EnvironmentalBERT-base,functionalUnit,original,no rag,kg liveweight/head,0.9016393442622951,452.0
58,ESGBERT/EnvironmentalBERT-base,functionalUnit,original,no rag,relative,0.9705882352941176,791.0
59,ESGBERT/EnvironmentalBERT-base,functionalUnit,original,no rag,unitless,0.0,4.0
60,ESGBERT/EnvironmentalBERT-base,functionalUnit,original,no rag,kg ready-to-cook weight/head,0.0,4.0
61,ESGBERT/EnvironmentalBERT-base,functionalUnit,original,no rag,%,0.7272727272727273,92.0
62,FacebookAI/roberta-large,functionalUnit,original,no rag,days,0.7777777777777778,83.0
63,FacebookAI/roberta-large,functionalUnit,original,no rag,1 ha,1.0,39.0
64,FacebookAI/roberta-large,functionalUnit,original,no rag,kg,1.0,19.0
65,FacebookAI/roberta-large,functionalUnit,original,no rag,kg cold dressed carcass weight/head,0.0,4.0
66,FacebookAI/roberta-large,functionalUnit,original,no rag,kg cold carcass weight/head,0.9523809523809523,140.0
67,FacebookAI/roberta-large,functionalUnit,original,no rag,kg liveweight/head,0.896551724137931,452.0
68,FacebookAI/roberta-large,functionalUnit,original,no rag,relative,0.9801980198019802,791.0
69,FacebookAI/roberta-large,functionalUnit,original,no rag,unitless,0.0,4.0
70,FacebookAI/roberta-large,functionalUnit,original,no rag,kg ready-to-cook weight/head,0.0,4.0
71,FacebookAI/roberta-large,functionalUnit,original,no rag,%,0.875,92.0
72,google-bert/bert-base-uncased,functionalUnit,original,no rag,days,0.875,83.0
73,google-bert/bert-base-uncased,functionalUnit,original,no rag,1 ha,1.0,39.0
74,google-bert/bert-base-uncased,functionalUnit,original,no rag,kg,1.0,19.0
75,google-bert/bert-base-uncased,functionalUnit,original,no rag,kg cold dressed carcass weight/head,0.0,4.0
76,google-bert/bert-base-uncased,functionalUnit,original,no rag,kg cold carcass weight/head,0.9523809523809523,140.0
77,google-bert/bert-base-uncased,functionalUnit,original,no rag,kg liveweight/head,0.9322033898305084,452.0
78,google-bert/bert-base-uncased,functionalUnit,original,no rag,relative,0.9705882352941176,791.0
79,google-bert/bert-base-uncased,functionalUnit,original,no rag,unitless,0.0,4.0
80,google-bert/bert-base-uncased,functionalUnit,original,no rag,kg ready-to-cook weight/head,0.0,4.0
81,google-bert/bert-base-uncased,functionalUnit,original,no rag,%,0.6,92.0
82,microsoft/deberta-v3-base,functionalUnit,original,no rag,days,0.6153846153846154,83.0
83,microsoft/deberta-v3-base,functionalUnit,original,no rag,1 ha,1.0,39.0
84,microsoft/deberta-v3-base,functionalUnit,original,no rag,kg,1.0,19.0
85,microsoft/deberta-v3-base,functionalUnit,original,no rag,kg cold dressed carcass weight/head,0.0,4.0
86,microsoft/deberta-v3-base,functionalUnit,original,no rag,kg cold carcass weight/head,0.9523809523809523,140.0
87,microsoft/deberta-v3-base,functionalUnit,original,no rag,kg liveweight/head,0.9166666666666666,452.0
88,microsoft/deberta-v3-base,functionalUnit,original,no rag,relative,0.9705882352941176,791.0
89,microsoft/deberta-v3-base,functionalUnit,original,no rag,unitless,0.0,4.0
90,microsoft/deberta-v3-base,functionalUnit,original,no rag,kg ready-to-cook weight/head,0.0,4.0
91,microsoft/deberta-v3-base,functionalUnit,original,no rag,%,0.4,92.0
92,microsoft/deberta-v3-large,functionalUnit,original,no rag,days,0.875,83.0
93,microsoft/deberta-v3-large,functionalUnit,original,no rag,1 ha,1.0,39.0
94,microsoft/deberta-v3-large,functionalUnit,original,no rag,kg,1.0,19.0
95,microsoft/deberta-v3-large,functionalUnit,original,no rag,kg cold dressed carcass weight/head,0.0,4.0
96,microsoft/deberta-v3-large,functionalUnit,original,no rag,kg cold carcass weight/head,0.9523809523809523,140.0
97,microsoft/deberta-v3-large,functionalUnit,original,no rag,kg liveweight/head,0.8852459016393442,452.0
98,microsoft/deberta-v3-large,functionalUnit,original,no rag,relative,0.9705882352941176,791.0
99,microsoft/deberta-v3-large,functionalUnit,original,no rag,unitless,0.0,4.0
100,microsoft/deberta-v3-large,functionalUnit,original,no rag,kg ready-to-cook weight/head,0.0,4.0
101,microsoft/deberta-v3-large,functionalUnit,original,no rag,%,0.7777777777777778,92.0
102,microsoft/deberta-v3-small,functionalUnit,original,no rag,days,1.0,83.0
103,microsoft/deberta-v3-small,functionalUnit,original,no rag,1 ha,1.0,39.0
104,microsoft/deberta-v3-small,functionalUnit,original,no rag,kg,0.0,19.0
105,microsoft/deberta-v3-small,functionalUnit,original,no rag,kg cold dressed carcass weight/head,0.0,4.0
106,microsoft/deberta-v3-small,functionalUnit,original,no rag,kg cold carcass weight/head,0.9523809523809523,140.0
107,microsoft/deberta-v3-small,functionalUnit,original,no rag,kg liveweight/head,0.8983050847457628,452.0
108,microsoft/deberta-v3-small,functionalUnit,original,no rag,relative,0.9705882352941176,791.0
109,microsoft/deberta-v3-small,functionalUnit,original,no rag,unitless,0.0,4.0
110,microsoft/deberta-v3-small,functionalUnit,original,no rag,kg ready-to-cook weight/head,0.0,4.0
111,microsoft/deberta-v3-small,functionalUnit,original,no rag,%,0.6666666666666666,92.0
112,climatebert/distilroberta-base-climate-f,product,original,no rag,"Beef cattle, steer",1.0,76.0
113,climatebert/distilroberta-base-climate-f,product,original,no rag,"Hides, dairy cattle, fresh",0.0,
114,climatebert/distilroberta-base-climate-f,product,original,no rag,"Beef cattle, heifer and steer",0.0,5.0
115,climatebert/distilroberta-base-climate-f,product,original,no rag,Broiler chicken,1.0,54.0
116,climatebert/distilroberta-base-climate-f,product,original,no rag,"Dairy cattle, calf (male, unweaned)",0.0,2.0
117,climatebert/distilroberta-base-climate-f,product,original,no rag,Eggs,1.0,34.0
118,climatebert/distilroberta-base-climate-f,product,original,no rag,Soft,1.0,12.0
119,climatebert/distilroberta-base-climate-f,product,original,no rag,"Sheep, ewe",1.0,59.0
120,climatebert/distilroberta-base-climate-f,product,original,no rag,Electricity,0.0,3.0
121,climatebert/distilroberta-base-climate-f,product,original,no rag,"Cheese, sheep",0.0,1.0
122,climatebert/distilroberta-base-climate-f,product,original,no rag,"Layer chicken, hen",0.0,7.0
123,climatebert/distilroberta-base-climate-f,product,original,no rag,"Milk, cow, raw (FPCM)",1.0,39.0
124,climatebert/distilroberta-base-climate-f,product,original,no rag,Milk,1.0,51.0
125,climatebert/distilroberta-base-climate-f,product,original,no rag,"Meat, chicken, leg",1.0,3.0
126,climatebert/distilroberta-base-climate-f,product,original,no rag,"Whey, liquid",0.0,3.0
127,climatebert/distilroberta-base-climate-f,product,original,no rag,"Electricity, produced on",0.0,3.0
128,climatebert/distilroberta-base-climate-f,product,original,no rag,Dairy cattle,0.8333333333333334,26.0
129,climatebert/distilroberta-base-climate-f,product,original,no rag,"Meat, chicken, breast",0.0,3.0
130,climatebert/distilroberta-base-climate-f,product,original,no rag,"Meat, dairy cattle (liveweight)",1.0,22.0
131,climatebert/distilroberta-base-climate-f,product,original,no rag,"Beef cattle, bull",1.0,20.0
132,climatebert/distilroberta-base-climate-f,product,original,no rag,"Milk, cow, raw",1.0,12.0
133,climatebert/distilroberta-base-climate-f,product,original,no rag,"Sheep, ram",0.0,29.0
134,climatebert/distilroberta-base-climate-f,product,original,no rag,Caciotta,0.0,
135,climatebert/distilroberta-base-climate-f,product,original,no rag,Offal,0.0,2.0
136,climatebert/distilroberta-base-climate-f,product,original,no rag,"Whey, powder",0.0,1.0
137,climatebert/distilroberta-base-climate-f,product,original,no rag,Buttermilk,0.0,2.0
138,climatebert/distilroberta-base-climate-f,product,original,no rag,"Meat, chicken (cold carcass weight)",1.0,6.0
139,climatebert/distilroberta-base-climate-f,product,original,no rag,"Pig, sow",1.0,20.0
140,climatebert/distilroberta-base-climate-f,product,original,no rag,"Broiler chicken, chick",1.0,9.0
141,climatebert/distilroberta-base-climate-f,product,original,no rag,Sheep,1.0,154.0
142,climatebert/distilroberta-base-climate-f,product,original,no rag,"Dairy cattle, calf",0.0,
143,climatebert/distilroberta-base-climate-f,product,original,no rag,"Beef cattle, calf (weaned)",0.0,2.0
144,climatebert/distilroberta-base-climate-f,product,original,no rag,"Dairy cattle, calf (female, weaned)",0.0,1.0
145,climatebert/distilroberta-base-climate-f,product,original,no rag,Ricotta,0.3333333333333333,4.0
146,climatebert/distilroberta-base-climate-f,product,original,no rag,"Offal, pigs",0.0,2.0
147,climatebert/distilroberta-base-climate-f,product,original,no rag,"Dairy cattle, heifer",1.0,5.0
148,climatebert/distilroberta-base-climate-f,product,original,no rag,Hides,0.0,
149,climatebert/distilroberta-base-climate-f,product,original,no rag,"Meat, beef cattle (cold carcass weight)",1.0,20.0
150,climatebert/distilroberta-base-climate-f,product,original,no rag,"Beef cattle, calf (male, weaned)",1.0,31.0
151,climatebert/distilroberta-base-climate-f,product,original,no rag,Wastewater (kg mass),0.0,18.0
152,climatebert/distilroberta-base-climate-f,product,original,no rag,Poultry by,0.0,2.0
153,climatebert/distilroberta-base-climate-f,product,original,no rag,"Meat, pig (cold carcass weight)",0.0,2.0
154,climatebert/distilroberta-base-climate-f,product,original,no rag,"Sheep, lamb",1.0,31.0
155,climatebert/distilroberta-base-climate-f,product,original,no rag,"Eggs, hen, in shell (number)",1.0,18.0
156,climatebert/distilroberta-base-climate-f,product,original,no rag,"Meat, dairy cattle (cold carcass weight)",0.0,6.0
157,climatebert/distilroberta-base-climate-f,product,original,no rag,Meat,1.0,113.0
158,climatebert/distilroberta-base-climate-f,product,original,no rag,Layer chicken,1.0,49.0
159,climatebert/distilroberta-base-climate-f,product,original,no rag,Butter,0.0,8.0
160,climatebert/distilroberta-base-climate-f,product,original,no rag,"Meat, pig (cold dressed carcass weight)",1.0,16.0
161,climatebert/distilroberta-base-climate-f,product,original,no rag,"Eggs, hen, in shell",1.0,16.0
162,climatebert/distilroberta-base-climate-f,product,original,no rag,"Dairy cattle, cow",0.75,14.0
163,climatebert/distilroberta-base-climate-f,product,original,no rag,Fresh cheese,0.0,12.0
164,climatebert/distilroberta-base-climate-f,product,original,no rag,"Cattle, urine (kg mass)",0.0,6.0
165,climatebert/distilroberta-base-climate-f,product,original,no rag,Cattle,0.0,6.0
166,climatebert/distilroberta-base-climate-f,product,original,no rag,"Beef cattle, heifer",1.0,64.0
167,climatebert/distilroberta-base-climate-f,product,original,no rag,Pig,1.0,140.0
168,climatebert/distilroberta-base-climate-f,product,original,no rag,"Beef cattle, cow",1.0,9.0
169,climatebert/distilroberta-base-climate-f,product,original,no rag,Cream,0.0,1.0
170,climatebert/distilroberta-base-climate-f,product,original,no rag,Ripened cheese,1.0,20.0
171,climatebert/distilroberta-base-climate-f,product,original,no rag,"Dairy cattle, calf (weaned)",0.0,4.0
172,climatebert/distilroberta-base-climate-f,product,original,no rag,Yoghurt,0.0,6.0
173,climatebert/distilroberta-base-climate-f,product,original,no rag,Whey,0.0,4.0
174,climatebert/distilroberta-base-climate-f,product,original,no rag,"Meat, beef cattle (liveweight)",0.0,9.0
175,climatebert/distilroberta-base-climate-f,product,original,no rag,"Cheese, cow",1.0,4.0
176,climatebert/distilroberta-base-climate-f,product,original,no rag,"Pig, piglet",1.0,24.0
177,climatebert/distilroberta-base-climate-f,product,original,no rag,Cheese,1.0,5.0
178,climatebert/distilroberta-base-climate-f,product,original,no rag,"Meat, chicken (liveweight)",0.0,12.0
179,climatebert/distilroberta-base-climate-f,product,original,no rag,"Beef cattle, calf (female, weaned)",1.0,22.0
180,climatebert/distilroberta-base-climate-f,product,original,no rag,"Broiler chicken, hen",1.0,5.0
181,climatebert/distilroberta-base-climate-f,product,original,no rag,"Cream, cow, raw",0.0,1.0
182,climatebert/distilroberta-base-climate-f,product,original,no rag,"Sheep, lamb (weaned)",1.0,35.0
183,climatebert/distilroberta-base-climate-f,product,original,no rag,Beef cattle,1.0,235.0
184,climatebert/distilroberta-base-climate-f,product,original,no rag,"Meat, chicken, wings",0.0,4.0
185,climatebert/distilroberta-base-climate-f,product,original,no rag,"Meat, beef cattle (cold dressed carcass weight)",1.0,10.0
186,climatebert/distilroberta-base-climate-f,product,original,no rag,"Layer chicken, pullet",1.0,6.0
187,ESGBERT/EnvironmentalBERT-base,product,original,no rag,"Beef cattle, steer",1.0,76.0
188,ESGBERT/EnvironmentalBERT-base,product,original,no rag,"Hides, dairy cattle, fresh",0.0,
189,ESGBERT/EnvironmentalBERT-base,product,original,no rag,"Beef cattle, heifer and steer",0.0,5.0
190,ESGBERT/EnvironmentalBERT-base,product,original,no rag,Broiler chicken,1.0,54.0
191,ESGBERT/EnvironmentalBERT-base,product,original,no rag,"Dairy cattle, calf (male, unweaned)",0.0,2.0
192,ESGBERT/EnvironmentalBERT-base,product,original,no rag,Eggs,1.0,34.0
193,ESGBERT/EnvironmentalBERT-base,product,original,no rag,Soft,1.0,12.0
194,ESGBERT/EnvironmentalBERT-base,product,original,no rag,"Sheep, ewe",1.0,59.0
195,ESGBERT/EnvironmentalBERT-base,product,original,no rag,Electricity,0.0,3.0
196,ESGBERT/EnvironmentalBERT-base,product,original,no rag,"Cheese, sheep",0.0,1.0
197,ESGBERT/EnvironmentalBERT-base,product,original,no rag,"Layer chicken, hen",0.0,7.0
198,ESGBERT/EnvironmentalBERT-base,product,original,no rag,"Milk, cow, raw (FPCM)",1.0,39.0
199,ESGBERT/EnvironmentalBERT-base,product,original,no rag,Milk,1.0,51.0
200,ESGBERT/EnvironmentalBERT-base,product,original,no rag,"Meat, chicken, leg",1.0,3.0
201,ESGBERT/EnvironmentalBERT-base,product,original,no rag,"Whey, liquid",0.0,3.0
202,ESGBERT/EnvironmentalBERT-base,product,original,no rag,"Electricity, produced on",0.0,3.0
203,ESGBERT/EnvironmentalBERT-base,product,original,no rag,Dairy cattle,0.8333333333333334,26.0
204,ESGBERT/EnvironmentalBERT-base,product,original,no rag,"Meat, chicken, breast",0.0,3.0
205,ESGBERT/EnvironmentalBERT-base,product,original,no rag,"Meat, dairy cattle (liveweight)",1.0,22.0
206,ESGBERT/EnvironmentalBERT-base,product,original,no rag,"Beef cattle, bull",1.0,20.0
207,ESGBERT/EnvironmentalBERT-base,product,original,no rag,"Milk, cow, raw",1.0,12.0
208,ESGBERT/EnvironmentalBERT-base,product,original,no rag,"Sheep, ram",0.0,29.0
209,ESGBERT/EnvironmentalBERT-base,product,original,no rag,Caciotta,0.0,
210,ESGBERT/EnvironmentalBERT-base,product,original,no rag,Offal,0.0,2.0
211,ESGBERT/EnvironmentalBERT-base,product,original,no rag,"Whey, powder",0.0,1.0
212,ESGBERT/EnvironmentalBERT-base,product,original,no rag,Buttermilk,0.0,2.0
213,ESGBERT/EnvironmentalBERT-base,product,original,no rag,"Meat, chicken (cold carcass weight)",1.0,6.0
214,ESGBERT/EnvironmentalBERT-base,product,original,no rag,"Pig, sow",1.0,20.0
215,ESGBERT/EnvironmentalBERT-base,product,original,no rag,"Broiler chicken, chick",1.0,9.0
216,ESGBERT/EnvironmentalBERT-base,product,original,no rag,Sheep,1.0,154.0
217,ESGBERT/EnvironmentalBERT-base,product,original,no rag,"Dairy cattle, calf",0.0,
218,ESGBERT/EnvironmentalBERT-base,product,original,no rag,"Beef cattle, calf (weaned)",0.0,2.0
219,ESGBERT/EnvironmentalBERT-base,product,original,no rag,"Dairy cattle, calf (female, weaned)",0.0,1.0
220,ESGBERT/EnvironmentalBERT-base,product,original,no rag,Ricotta,0.3333333333333333,4.0
221,ESGBERT/EnvironmentalBERT-base,product,original,no rag,"Offal, pigs",0.0,2.0
222,ESGBERT/EnvironmentalBERT-base,product,original,no rag,"Dairy cattle, heifer",1.0,5.0
223,ESGBERT/EnvironmentalBERT-base,product,original,no rag,Hides,0.0,
224,ESGBERT/EnvironmentalBERT-base,product,original,no rag,"Meat, beef cattle (cold carcass weight)",1.0,20.0
225,ESGBERT/EnvironmentalBERT-base,product,original,no rag,"Beef cattle, calf (male, weaned)",1.0,31.0
226,ESGBERT/EnvironmentalBERT-base,product,original,no rag,Wastewater (kg mass),0.0,18.0
227,ESGBERT/EnvironmentalBERT-base,product,original,no rag,Poultry by,0.0,2.0
228,ESGBERT/EnvironmentalBERT-base,product,original,no rag,"Meat, pig (cold carcass weight)",0.0,2.0
229,ESGBERT/EnvironmentalBERT-base,product,original,no rag,"Sheep, lamb",1.0,31.0
230,ESGBERT/EnvironmentalBERT-base,product,original,no rag,"Eggs, hen, in shell (number)",1.0,18.0
231,ESGBERT/EnvironmentalBERT-base,product,original,no rag,"Meat, dairy cattle (cold carcass weight)",0.0,6.0
232,ESGBERT/EnvironmentalBERT-base,product,original,no rag,Meat,0.9375,113.0
233,ESGBERT/EnvironmentalBERT-base,product,original,no rag,Layer chicken,1.0,49.0
234,ESGBERT/EnvironmentalBERT-base,product,original,no rag,Butter,0.0,8.0
235,ESGBERT/EnvironmentalBERT-base,product,original,no rag,"Meat, pig (cold dressed carcass weight)",1.0,16.0
236,ESGBERT/EnvironmentalBERT-base,product,original,no rag,"Eggs, hen, in shell",1.0,16.0
237,ESGBERT/EnvironmentalBERT-base,product,original,no rag,"Dairy cattle, cow",0.75,14.0
238,ESGBERT/EnvironmentalBERT-base,product,original,no rag,Fresh cheese,0.0,12.0
239,ESGBERT/EnvironmentalBERT-base,product,original,no rag,"Cattle, urine (kg mass)",0.0,6.0
240,ESGBERT/EnvironmentalBERT-base,product,original,no rag,Cattle,0.0,6.0
241,ESGBERT/EnvironmentalBERT-base,product,original,no rag,"Beef cattle, heifer",1.0,64.0
242,ESGBERT/EnvironmentalBERT-base,product,original,no rag,Pig,1.0,140.0
243,ESGBERT/EnvironmentalBERT-base,product,original,no rag,"Beef cattle, cow",1.0,9.0
244,ESGBERT/EnvironmentalBERT-base,product,original,no rag,Cream,0.0,1.0
245,ESGBERT/EnvironmentalBERT-base,product,original,no rag,Ripened cheese,1.0,20.0
246,ESGBERT/EnvironmentalBERT-base,product,original,no rag,"Dairy cattle, calf (weaned)",0.0,4.0
247,ESGBERT/EnvironmentalBERT-base,product,original,no rag,Yoghurt,0.0,6.0
248,ESGBERT/EnvironmentalBERT-base,product,original,no rag,Whey,0.0,4.0
249,ESGBERT/EnvironmentalBERT-base,product,original,no rag,"Meat, beef cattle (liveweight)",0.0,9.0
250,ESGBERT/EnvironmentalBERT-base,product,original,no rag,"Cheese, cow",1.0,4.0
251,ESGBERT/EnvironmentalBERT-base,product,original,no rag,"Pig, piglet",1.0,24.0
252,ESGBERT/EnvironmentalBERT-base,product,original,no rag,Cheese,1.0,5.0
253,ESGBERT/EnvironmentalBERT-base,product,original,no rag,"Meat, chicken (liveweight)",0.0,12.0
254,ESGBERT/EnvironmentalBERT-base,product,original,no rag,"Beef cattle, calf (female, weaned)",1.0,22.0
255,ESGBERT/EnvironmentalBERT-base,product,original,no rag,"Broiler chicken, hen",1.0,5.0
256,ESGBERT/EnvironmentalBERT-base,product,original,no rag,"Cream, cow, raw",0.0,1.0
257,ESGBERT/EnvironmentalBERT-base,product,original,no rag,"Sheep, lamb (weaned)",1.0,35.0
258,ESGBERT/EnvironmentalBERT-base,product,original,no rag,Beef cattle,1.0,235.0
259,ESGBERT/EnvironmentalBERT-base,product,original,no rag,"Meat, chicken, wings",0.0,4.0
260,ESGBERT/EnvironmentalBERT-base,product,original,no rag,"Meat, beef cattle (cold dressed carcass weight)",1.0,10.0
261,ESGBERT/EnvironmentalBERT-base,product,original,no rag,"Layer chicken, pullet",1.0,6.0
262,FacebookAI/roberta-large,product,original,no rag,"Beef cattle, steer",1.0,76.0
263,FacebookAI/roberta-large,product,original,no rag,"Hides, dairy cattle, fresh",0.0,
264,FacebookAI/roberta-large,product,original,no rag,"Beef cattle, heifer and steer",0.0,5.0
265,FacebookAI/roberta-large,product,original,no rag,Broiler chicken,1.0,54.0
266,FacebookAI/roberta-large,product,original,no rag,"Dairy cattle, calf (male, unweaned)",0.0,2.0
267,FacebookAI/roberta-large,product,original,no rag,Eggs,1.0,34.0
268,FacebookAI/roberta-large,product,original,no rag,Soft,1.0,12.0
269,FacebookAI/roberta-large,product,original,no rag,"Sheep, ewe",1.0,59.0
270,FacebookAI/roberta-large,product,original,no rag,Electricity,0.0,3.0
271,FacebookAI/roberta-large,product,original,no rag,"Cheese, sheep",0.0,1.0
272,FacebookAI/roberta-large,product,original,no rag,"Layer chicken, hen",0.0,7.0
273,FacebookAI/roberta-large,product,original,no rag,"Milk, cow, raw (FPCM)",1.0,39.0
274,FacebookAI/roberta-large,product,original,no rag,Milk,1.0,51.0
275,FacebookAI/roberta-large,product,original,no rag,"Meat, chicken, leg",1.0,3.0
276,FacebookAI/roberta-large,product,original,no rag,"Whey, liquid",0.0,3.0
277,FacebookAI/roberta-large,product,original,no rag,"Electricity, produced on",0.0,3.0
278,FacebookAI/roberta-large,product,original,no rag,Dairy cattle,1.0,26.0
279,FacebookAI/roberta-large,product,original,no rag,"Meat, chicken, breast",0.0,3.0
280,FacebookAI/roberta-large,product,original,no rag,"Meat, dairy cattle (liveweight)",1.0,22.0
281,FacebookAI/roberta-large,product,original,no rag,"Beef cattle, bull",1.0,20.0
282,FacebookAI/roberta-large,product,original,no rag,"Milk, cow, raw",1.0,12.0
283,FacebookAI/roberta-large,product,original,no rag,"Sheep, ram",0.0,29.0
284,FacebookAI/roberta-large,product,original,no rag,Caciotta,0.0,
285,FacebookAI/roberta-large,product,original,no rag,Offal,0.0,2.0
286,FacebookAI/roberta-large,product,original,no rag,"Whey, powder",0.0,1.0
287,FacebookAI/roberta-large,product,original,no rag,Buttermilk,0.0,2.0
288,FacebookAI/roberta-large,product,original,no rag,"Meat, chicken (cold carcass weight)",1.0,6.0
289,FacebookAI/roberta-large,product,original,no rag,"Pig, sow",1.0,20.0
290,FacebookAI/roberta-large,product,original,no rag,"Broiler chicken, chick",1.0,9.0
291,FacebookAI/roberta-large,product,original,no rag,Sheep,1.0,154.0
292,FacebookAI/roberta-large,product,original,no rag,"Dairy cattle, calf",0.0,
293,FacebookAI/roberta-large,product,original,no rag,"Beef cattle, calf (weaned)",0.0,2.0
294,FacebookAI/roberta-large,product,original,no rag,"Dairy cattle, calf (female, weaned)",0.0,1.0
295,FacebookAI/roberta-large,product,original,no rag,Ricotta,1.0,4.0
296,FacebookAI/roberta-large,product,original,no rag,"Offal, pigs",0.0,2.0
297,FacebookAI/roberta-large,product,original,no rag,"Dairy cattle, heifer",1.0,5.0
298,FacebookAI/roberta-large,product,original,no rag,Hides,0.0,
299,FacebookAI/roberta-large,product,original,no rag,"Meat, beef cattle (cold carcass weight)",1.0,20.0
300,FacebookAI/roberta-large,product,original,no rag,"Beef cattle, calf (male, weaned)",1.0,31.0
301,FacebookAI/roberta-large,product,original,no rag,Wastewater (kg mass),0.0,18.0
302,FacebookAI/roberta-large,product,original,no rag,Poultry by,0.0,2.0
303,FacebookAI/roberta-large,product,original,no rag,"Meat, pig (cold carcass weight)",0.0,2.0
304,FacebookAI/roberta-large,product,original,no rag,"Sheep, lamb",1.0,31.0
305,FacebookAI/roberta-large,product,original,no rag,"Eggs, hen, in shell (number)",1.0,18.0
306,FacebookAI/roberta-large,product,original,no rag,"Meat, dairy cattle (cold carcass weight)",0.0,6.0
307,FacebookAI/roberta-large,product,original,no rag,Meat,1.0,113.0
308,FacebookAI/roberta-large,product,original,no rag,Layer chicken,1.0,49.0
309,FacebookAI/roberta-large,product,original,no rag,Butter,0.0,8.0
310,FacebookAI/roberta-large,product,original,no rag,"Meat, pig (cold dressed carcass weight)",1.0,16.0
311,FacebookAI/roberta-large,product,original,no rag,"Eggs, hen, in shell",1.0,16.0
312,FacebookAI/roberta-large,product,original,no rag,"Dairy cattle, cow",1.0,14.0
313,FacebookAI/roberta-large,product,original,no rag,Fresh cheese,0.0,12.0
314,FacebookAI/roberta-large,product,original,no rag,"Cattle, urine (kg mass)",0.0,6.0
315,FacebookAI/roberta-large,product,original,no rag,Cattle,0.0,6.0
316,FacebookAI/roberta-large,product,original,no rag,"Beef cattle, heifer",1.0,64.0
317,FacebookAI/roberta-large,product,original,no rag,Pig,1.0,140.0
318,FacebookAI/roberta-large,product,original,no rag,"Beef cattle, cow",1.0,9.0
319,FacebookAI/roberta-large,product,original,no rag,Cream,0.0,1.0
320,FacebookAI/roberta-large,product,original,no rag,Ripened cheese,1.0,20.0
321,FacebookAI/roberta-large,product,original,no rag,"Dairy cattle, calf (weaned)",0.0,4.0
322,FacebookAI/roberta-large,product,original,no rag,Yoghurt,0.0,6.0
323,FacebookAI/roberta-large,product,original,no rag,Whey,0.0,4.0
324,FacebookAI/roberta-large,product,original,no rag,"Meat, beef cattle (liveweight)",0.0,9.0
325,FacebookAI/roberta-large,product,original,no rag,"Cheese, cow",1.0,4.0
326,FacebookAI/roberta-large,product,original,no rag,"Pig, piglet",1.0,24.0
327,FacebookAI/roberta-large,product,original,no rag,Cheese,1.0,5.0
328,FacebookAI/roberta-large,product,original,no rag,"Meat, chicken (liveweight)",0.0,12.0
329,FacebookAI/roberta-large,product,original,no rag,"Beef cattle, calf (female, weaned)",1.0,22.0
330,FacebookAI/roberta-large,product,original,no rag,"Broiler chicken, hen",1.0,5.0
331,FacebookAI/roberta-large,product,original,no rag,"Cream, cow, raw",0.0,1.0
332,FacebookAI/roberta-large,product,original,no rag,"Sheep, lamb (weaned)",1.0,35.0
333,FacebookAI/roberta-large,product,original,no rag,Beef cattle,1.0,235.0
334,FacebookAI/roberta-large,product,original,no rag,"Meat, chicken, wings",0.0,4.0
335,FacebookAI/roberta-large,product,original,no rag,"Meat, beef cattle (cold dressed carcass weight)",1.0,10.0
336,FacebookAI/roberta-large,product,original,no rag,"Layer chicken, pullet",1.0,6.0
337,google-bert/bert-base-uncased,product,original,no rag,"Beef cattle, steer",1.0,76.0
338,google-bert/bert-base-uncased,product,original,no rag,"Hides, dairy cattle, fresh",0.0,
339,google-bert/bert-base-uncased,product,original,no rag,"Beef cattle, heifer and steer",0.0,5.0
340,google-bert/bert-base-uncased,product,original,no rag,Broiler chicken,1.0,54.0
341,google-bert/bert-base-uncased,product,original,no rag,"Dairy cattle, calf (male, unweaned)",0.0,2.0
342,google-bert/bert-base-uncased,product,original,no rag,Eggs,1.0,34.0
343,google-bert/bert-base-uncased,product,original,no rag,Soft,1.0,12.0
344,google-bert/bert-base-uncased,product,original,no rag,"Sheep, ewe",1.0,59.0
345,google-bert/bert-base-uncased,product,original,no rag,Electricity,0.0,3.0
346,google-bert/bert-base-uncased,product,original,no rag,"Cheese, sheep",0.0,1.0
347,google-bert/bert-base-uncased,product,original,no rag,"Layer chicken, hen",0.0,7.0
348,google-bert/bert-base-uncased,product,original,no rag,"Milk, cow, raw (FPCM)",1.0,39.0
349,google-bert/bert-base-uncased,product,original,no rag,Milk,1.0,51.0
350,google-bert/bert-base-uncased,product,original,no rag,"Meat, chicken, leg",1.0,3.0
351,google-bert/bert-base-uncased,product,original,no rag,"Whey, liquid",0.0,3.0
352,google-bert/bert-base-uncased,product,original,no rag,"Electricity, produced on",0.0,3.0
353,google-bert/bert-base-uncased,product,original,no rag,Dairy cattle,1.0,26.0
354,google-bert/bert-base-uncased,product,original,no rag,"Meat, chicken, breast",0.0,3.0
355,google-bert/bert-base-uncased,product,original,no rag,"Meat, dairy cattle (liveweight)",1.0,22.0
356,google-bert/bert-base-uncased,product,original,no rag,"Beef cattle, bull",1.0,20.0
357,google-bert/bert-base-uncased,product,original,no rag,"Milk, cow, raw",1.0,12.0
358,google-bert/bert-base-uncased,product,original,no rag,"Sheep, ram",0.0,29.0
359,google-bert/bert-base-uncased,product,original,no rag,Caciotta,0.0,
360,google-bert/bert-base-uncased,product,original,no rag,Offal,0.0,2.0
361,google-bert/bert-base-uncased,product,original,no rag,"Whey, powder",0.0,1.0
362,google-bert/bert-base-uncased,product,original,no rag,Buttermilk,0.0,2.0
363,google-bert/bert-base-uncased,product,original,no rag,"Meat, chicken (cold carcass weight)",1.0,6.0
364,google-bert/bert-base-uncased,product,original,no rag,"Pig, sow",1.0,20.0
365,google-bert/bert-base-uncased,product,original,no rag,"Broiler chicken, chick",1.0,9.0
366,google-bert/bert-base-uncased,product,original,no rag,Sheep,1.0,154.0
367,google-bert/bert-base-uncased,product,original,no rag,"Dairy cattle, calf",0.0,
368,google-bert/bert-base-uncased,product,original,no rag,"Beef cattle, calf (weaned)",0.0,2.0
369,google-bert/bert-base-uncased,product,original,no rag,"Dairy cattle, calf (female, weaned)",0.0,1.0
370,google-bert/bert-base-uncased,product,original,no rag,Ricotta,1.0,4.0
371,google-bert/bert-base-uncased,product,original,no rag,"Offal, pigs",0.0,2.0
372,google-bert/bert-base-uncased,product,original,no rag,"Dairy cattle, heifer",1.0,5.0
373,google-bert/bert-base-uncased,product,original,no rag,Hides,0.0,
374,google-bert/bert-base-uncased,product,original,no rag,"Meat, beef cattle (cold carcass weight)",1.0,20.0
375,google-bert/bert-base-uncased,product,original,no rag,"Beef cattle, calf (male, weaned)",1.0,31.0
376,google-bert/bert-base-uncased,product,original,no rag,Wastewater (kg mass),0.0,18.0
377,google-bert/bert-base-uncased,product,original,no rag,Poultry by,0.0,2.0
378,google-bert/bert-base-uncased,product,original,no rag,"Meat, pig (cold carcass weight)",0.0,2.0
379,google-bert/bert-base-uncased,product,original,no rag,"Sheep, lamb",1.0,31.0
380,google-bert/bert-base-uncased,product,original,no rag,"Eggs, hen, in shell (number)",1.0,18.0
381,google-bert/bert-base-uncased,product,original,no rag,"Meat, dairy cattle (cold carcass weight)",0.0,6.0
382,google-bert/bert-base-uncased,product,original,no rag,Meat,1.0,113.0
383,google-bert/bert-base-uncased,product,original,no rag,Layer chicken,1.0,49.0
384,google-bert/bert-base-uncased,product,original,no rag,Butter,0.0,8.0
385,google-bert/bert-base-uncased,product,original,no rag,"Meat, pig (cold dressed carcass weight)",1.0,16.0
386,google-bert/bert-base-uncased,product,original,no rag,"Eggs, hen, in shell",1.0,16.0
387,google-bert/bert-base-uncased,product,original,no rag,"Dairy cattle, cow",1.0,14.0
388,google-bert/bert-base-uncased,product,original,no rag,Fresh cheese,0.0,12.0
389,google-bert/bert-base-uncased,product,original,no rag,"Cattle, urine (kg mass)",0.0,6.0
390,google-bert/bert-base-uncased,product,original,no rag,Cattle,0.0,6.0
391,google-bert/bert-base-uncased,product,original,no rag,"Beef cattle, heifer",1.0,64.0
392,google-bert/bert-base-uncased,product,original,no rag,Pig,1.0,140.0
393,google-bert/bert-base-uncased,product,original,no rag,"Beef cattle, cow",1.0,9.0
394,google-bert/bert-base-uncased,product,original,no rag,Cream,0.0,1.0
395,google-bert/bert-base-uncased,product,original,no rag,Ripened cheese,1.0,20.0
396,google-bert/bert-base-uncased,product,original,no rag,"Dairy cattle, calf (weaned)",0.0,4.0
397,google-bert/bert-base-uncased,product,original,no rag,Yoghurt,0.0,6.0
398,google-bert/bert-base-uncased,product,original,no rag,Whey,0.0,4.0
399,google-bert/bert-base-uncased,product,original,no rag,"Meat, beef cattle (liveweight)",0.0,9.0
400,google-bert/bert-base-uncased,product,original,no rag,"Cheese, cow",1.0,4.0
401,google-bert/bert-base-uncased,product,original,no rag,"Pig, piglet",1.0,24.0
402,google-bert/bert-base-uncased,product,original,no rag,Cheese,1.0,5.0
403,google-bert/bert-base-uncased,product,original,no rag,"Meat, chicken (liveweight)",0.0,12.0
404,google-bert/bert-base-uncased,product,original,no rag,"Beef cattle, calf (female, weaned)",1.0,22.0
405,google-bert/bert-base-uncased,product,original,no rag,"Broiler chicken, hen",1.0,5.0
406,google-bert/bert-base-uncased,product,original,no rag,"Cream, cow, raw",0.0,1.0
407,google-bert/bert-base-uncased,product,original,no rag,"Sheep, lamb (weaned)",1.0,35.0
408,google-bert/bert-base-uncased,product,original,no rag,Beef cattle,1.0,235.0
409,google-bert/bert-base-uncased,product,original,no rag,"Meat, chicken, wings",0.0,4.0
410,google-bert/bert-base-uncased,product,original,no rag,"Meat, beef cattle (cold dressed carcass weight)",1.0,10.0
411,google-bert/bert-base-uncased,product,original,no rag,"Layer chicken, pullet",1.0,6.0
412,microsoft/deberta-v3-base,product,original,no rag,"Beef cattle, steer",1.0,76.0
413,microsoft/deberta-v3-base,product,original,no rag,"Hides, dairy cattle, fresh",0.0,
414,microsoft/deberta-v3-base,product,original,no rag,"Beef cattle, heifer and steer",0.0,5.0
415,microsoft/deberta-v3-base,product,original,no rag,Broiler chicken,1.0,54.0
416,microsoft/deberta-v3-base,product,original,no rag,"Dairy cattle, calf (male, unweaned)",0.0,2.0
417,microsoft/deberta-v3-base,product,original,no rag,Eggs,1.0,34.0
418,microsoft/deberta-v3-base,product,original,no rag,Soft,1.0,12.0
419,microsoft/deberta-v3-base,product,original,no rag,"Sheep, ewe",1.0,59.0
420,microsoft/deberta-v3-base,product,original,no rag,Electricity,0.0,3.0
421,microsoft/deberta-v3-base,product,original,no rag,"Cheese, sheep",0.0,1.0
422,microsoft/deberta-v3-base,product,original,no rag,"Layer chicken, hen",0.0,7.0
423,microsoft/deberta-v3-base,product,original,no rag,"Milk, cow, raw (FPCM)",1.0,39.0
424,microsoft/deberta-v3-base,product,original,no rag,Milk,1.0,51.0
425,microsoft/deberta-v3-base,product,original,no rag,"Meat, chicken, leg",1.0,3.0
426,microsoft/deberta-v3-base,product,original,no rag,"Whey, liquid",0.0,3.0
427,microsoft/deberta-v3-base,product,original,no rag,"Electricity, produced on",0.0,3.0
428,microsoft/deberta-v3-base,product,original,no rag,Dairy cattle,1.0,26.0
429,microsoft/deberta-v3-base,product,original,no rag,"Meat, chicken, breast",0.0,3.0
430,microsoft/deberta-v3-base,product,original,no rag,"Meat, dairy cattle (liveweight)",1.0,22.0
431,microsoft/deberta-v3-base,product,original,no rag,"Beef cattle, bull",1.0,20.0
432,microsoft/deberta-v3-base,product,original,no rag,"Milk, cow, raw",1.0,12.0
433,microsoft/deberta-v3-base,product,original,no rag,"Sheep, ram",0.0,29.0
434,microsoft/deberta-v3-base,product,original,no rag,Caciotta,0.0,
435,microsoft/deberta-v3-base,product,original,no rag,Offal,0.0,2.0
436,microsoft/deberta-v3-base,product,original,no rag,"Whey, powder",0.0,1.0
437,microsoft/deberta-v3-base,product,original,no rag,Buttermilk,0.0,2.0
438,microsoft/deberta-v3-base,product,original,no rag,"Meat, chicken (cold carcass weight)",1.0,6.0
439,microsoft/deberta-v3-base,product,original,no rag,"Pig, sow",1.0,20.0
440,microsoft/deberta-v3-base,product,original,no rag,"Broiler chicken, chick",1.0,9.0
441,microsoft/deberta-v3-base,product,original,no rag,Sheep,1.0,154.0
442,microsoft/deberta-v3-base,product,original,no rag,"Dairy cattle, calf",0.0,
443,microsoft/deberta-v3-base,product,original,no rag,"Beef cattle, calf (weaned)",0.0,2.0
444,microsoft/deberta-v3-base,product,original,no rag,"Dairy cattle, calf (female, weaned)",0.0,1.0
445,microsoft/deberta-v3-base,product,original,no rag,Ricotta,1.0,4.0
446,microsoft/deberta-v3-base,product,original,no rag,"Offal, pigs",0.0,2.0
447,microsoft/deberta-v3-base,product,original,no rag,"Dairy cattle, heifer",1.0,5.0
448,microsoft/deberta-v3-base,product,original,no rag,Hides,0.0,
449,microsoft/deberta-v3-base,product,original,no rag,"Meat, beef cattle (cold carcass weight)",1.0,20.0
450,microsoft/deberta-v3-base,product,original,no rag,"Beef cattle, calf (male, weaned)",1.0,31.0
451,microsoft/deberta-v3-base,product,original,no rag,Wastewater (kg mass),0.0,18.0
452,microsoft/deberta-v3-base,product,original,no rag,Poultry by,0.0,2.0
453,microsoft/deberta-v3-base,product,original,no rag,"Meat, pig (cold carcass weight)",0.0,2.0
454,microsoft/deberta-v3-base,product,original,no rag,"Sheep, lamb",1.0,31.0
455,microsoft/deberta-v3-base,product,original,no rag,"Eggs, hen, in shell (number)",1.0,18.0
456,microsoft/deberta-v3-base,product,original,no rag,"Meat, dairy cattle (cold carcass weight)",0.0,6.0
457,microsoft/deberta-v3-base,product,original,no rag,Meat,0.9375,113.0
458,microsoft/deberta-v3-base,product,original,no rag,Layer chicken,1.0,49.0
459,microsoft/deberta-v3-base,product,original,no rag,Butter,0.0,8.0
460,microsoft/deberta-v3-base,product,original,no rag,"Meat, pig (cold dressed carcass weight)",1.0,16.0
461,microsoft/deberta-v3-base,product,original,no rag,"Eggs, hen, in shell",1.0,16.0
462,microsoft/deberta-v3-base,product,original,no rag,"Dairy cattle, cow",0.75,14.0
463,microsoft/deberta-v3-base,product,original,no rag,Fresh cheese,0.0,12.0
464,microsoft/deberta-v3-base,product,original,no rag,"Cattle, urine (kg mass)",0.0,6.0
465,microsoft/deberta-v3-base,product,original,no rag,Cattle,0.0,6.0
466,microsoft/deberta-v3-base,product,original,no rag,"Beef cattle, heifer",1.0,64.0
467,microsoft/deberta-v3-base,product,original,no rag,Pig,1.0,140.0
468,microsoft/deberta-v3-base,product,original,no rag,"Beef cattle, cow",1.0,9.0
469,microsoft/deberta-v3-base,product,original,no rag,Cream,0.0,1.0
470,microsoft/deberta-v3-base,product,original,no rag,Ripened cheese,1.0,20.0
471,microsoft/deberta-v3-base,product,original,no rag,"Dairy cattle, calf (weaned)",0.0,4.0
472,microsoft/deberta-v3-base,product,original,no rag,Yoghurt,0.0,6.0
473,microsoft/deberta-v3-base,product,original,no rag,Whey,0.0,4.0
474,microsoft/deberta-v3-base,product,original,no rag,"Meat, beef cattle (liveweight)",0.0,9.0
475,microsoft/deberta-v3-base,product,original,no rag,"Cheese, cow",1.0,4.0
476,microsoft/deberta-v3-base,product,original,no rag,"Pig, piglet",0.875,24.0
477,microsoft/deberta-v3-base,product,original,no rag,Cheese,1.0,5.0
478,microsoft/deberta-v3-base,product,original,no rag,"Meat, chicken (liveweight)",0.0,12.0
479,microsoft/deberta-v3-base,product,original,no rag,"Beef cattle, calf (female, weaned)",1.0,22.0
480,microsoft/deberta-v3-base,product,original,no rag,"Broiler chicken, hen",1.0,5.0
481,microsoft/deberta-v3-base,product,original,no rag,"Cream, cow, raw",0.0,1.0
482,microsoft/deberta-v3-base,product,original,no rag,"Sheep, lamb (weaned)",1.0,35.0
483,microsoft/deberta-v3-base,product,original,no rag,Beef cattle,1.0,235.0
484,microsoft/deberta-v3-base,product,original,no rag,"Meat, chicken, wings",0.0,4.0
485,microsoft/deberta-v3-base,product,original,no rag,"Meat, beef cattle (cold dressed carcass weight)",1.0,10.0
486,microsoft/deberta-v3-base,product,original,no rag,"Layer chicken, pullet",1.0,6.0
487,microsoft/deberta-v3-large,product,original,no rag,"Beef cattle, steer",1.0,76.0
488,microsoft/deberta-v3-large,product,original,no rag,"Hides, dairy cattle, fresh",0.0,
489,microsoft/deberta-v3-large,product,original,no rag,"Beef cattle, heifer and steer",0.0,5.0
490,microsoft/deberta-v3-large,product,original,no rag,Broiler chicken,1.0,54.0
491,microsoft/deberta-v3-large,product,original,no rag,"Dairy cattle, calf (male, unweaned)",0.0,2.0
492,microsoft/deberta-v3-large,product,original,no rag,Eggs,1.0,34.0
493,microsoft/deberta-v3-large,product,original,no rag,Soft,1.0,12.0
494,microsoft/deberta-v3-large,product,original,no rag,"Sheep, ewe",1.0,59.0
495,microsoft/deberta-v3-large,product,original,no rag,Electricity,0.0,3.0
496,microsoft/deberta-v3-large,product,original,no rag,"Cheese, sheep",0.0,1.0
497,microsoft/deberta-v3-large,product,original,no rag,"Layer chicken, hen",0.0,7.0
498,microsoft/deberta-v3-large,product,original,no rag,"Milk, cow, raw (FPCM)",1.0,39.0
499,microsoft/deberta-v3-large,product,original,no rag,Milk,1.0,51.0
500,microsoft/deberta-v3-large,product,original,no rag,"Meat, chicken, leg",1.0,3.0
501,microsoft/deberta-v3-large,product,original,no rag,"Whey, liquid",0.0,3.0
502,microsoft/deberta-v3-large,product,original,no rag,"Electricity, produced on",0.0,3.0
503,microsoft/deberta-v3-large,product,original,no rag,Dairy cattle,1.0,26.0
504,microsoft/deberta-v3-large,product,original,no rag,"Meat, chicken, breast",0.0,3.0
505,microsoft/deberta-v3-large,product,original,no rag,"Meat, dairy cattle (liveweight)",1.0,22.0
506,microsoft/deberta-v3-large,product,original,no rag,"Beef cattle, bull",1.0,20.0
507,microsoft/deberta-v3-large,product,original,no rag,"Milk, cow, raw",1.0,12.0
508,microsoft/deberta-v3-large,product,original,no rag,"Sheep, ram",0.0,29.0
509,microsoft/deberta-v3-large,product,original,no rag,Caciotta,0.0,
510,microsoft/deberta-v3-large,product,original,no rag,Offal,0.0,2.0
511,microsoft/deberta-v3-large,product,original,no rag,"Whey, powder",0.0,1.0
512,microsoft/deberta-v3-large,product,original,no rag,Buttermilk,0.0,2.0
513,microsoft/deberta-v3-large,product,original,no rag,"Meat, chicken (cold carcass weight)",1.0,6.0
514,microsoft/deberta-v3-large,product,original,no rag,"Pig, sow",1.0,20.0
515,microsoft/deberta-v3-large,product,original,no rag,"Broiler chicken, chick",1.0,9.0
516,microsoft/deberta-v3-large,product,original,no rag,Sheep,1.0,154.0
517,microsoft/deberta-v3-large,product,original,no rag,"Dairy cattle, calf",0.0,
518,microsoft/deberta-v3-large,product,original,no rag,"Beef cattle, calf (weaned)",0.0,2.0
519,microsoft/deberta-v3-large,product,original,no rag,"Dairy cattle, calf (female, weaned)",0.0,1.0
520,microsoft/deberta-v3-large,product,original,no rag,Ricotta,1.0,4.0
521,microsoft/deberta-v3-large,product,original,no rag,"Offal, pigs",0.0,2.0
522,microsoft/deberta-v3-large,product,original,no rag,"Dairy cattle, heifer",1.0,5.0
523,microsoft/deberta-v3-large,product,original,no rag,Hides,0.0,
524,microsoft/deberta-v3-large,product,original,no rag,"Meat, beef cattle (cold carcass weight)",1.0,20.0
525,microsoft/deberta-v3-large,product,original,no rag,"Beef cattle, calf (male, weaned)",1.0,31.0
526,microsoft/deberta-v3-large,product,original,no rag,Wastewater (kg mass),0.0,18.0
527,microsoft/deberta-v3-large,product,original,no rag,Poultry by,0.0,2.0
528,microsoft/deberta-v3-large,product,original,no rag,"Meat, pig (cold carcass weight)",0.0,2.0
529,microsoft/deberta-v3-large,product,original,no rag,"Sheep, lamb",1.0,31.0
530,microsoft/deberta-v3-large,product,original,no rag,"Eggs, hen, in shell (number)",1.0,18.0
531,microsoft/deberta-v3-large,product,original,no rag,"Meat, dairy cattle (cold carcass weight)",0.0,6.0
532,microsoft/deberta-v3-large,product,original,no rag,Meat,1.0,113.0
533,microsoft/deberta-v3-large,product,original,no rag,Layer chicken,1.0,49.0
534,microsoft/deberta-v3-large,product,original,no rag,Butter,0.0,8.0
535,microsoft/deberta-v3-large,product,original,no rag,"Meat, pig (cold dressed carcass weight)",1.0,16.0
536,microsoft/deberta-v3-large,product,original,no rag,"Eggs, hen, in shell",1.0,16.0
537,microsoft/deberta-v3-large,product,original,no rag,"Dairy cattle, cow",0.75,14.0
538,microsoft/deberta-v3-large,product,original,no rag,Fresh cheese,0.0,12.0
539,microsoft/deberta-v3-large,product,original,no rag,"Cattle, urine (kg mass)",0.0,6.0
540,microsoft/deberta-v3-large,product,original,no rag,Cattle,0.0,6.0
541,microsoft/deberta-v3-large,product,original,no rag,"Beef cattle, heifer",1.0,64.0
542,microsoft/deberta-v3-large,product,original,no rag,Pig,1.0,140.0
543,microsoft/deberta-v3-large,product,original,no rag,"Beef cattle, cow",1.0,9.0
544,microsoft/deberta-v3-large,product,original,no rag,Cream,0.0,1.0
545,microsoft/deberta-v3-large,product,original,no rag,Ripened cheese,1.0,20.0
546,microsoft/deberta-v3-large,product,original,no rag,"Dairy cattle, calf (weaned)",0.0,4.0
547,microsoft/deberta-v3-large,product,original,no rag,Yoghurt,0.0,6.0
548,microsoft/deberta-v3-large,product,original,no rag,Whey,0.0,4.0
549,microsoft/deberta-v3-large,product,original,no rag,"Meat, beef cattle (liveweight)",0.0,9.0
550,microsoft/deberta-v3-large,product,original,no rag,"Cheese, cow",1.0,4.0
551,microsoft/deberta-v3-large,product,original,no rag,"Pig, piglet",1.0,24.0
552,microsoft/deberta-v3-large,product,original,no rag,Cheese,1.0,5.0
553,microsoft/deberta-v3-large,product,original,no rag,"Meat, chicken (liveweight)",0.0,12.0
554,microsoft/deberta-v3-large,product,original,no rag,"Beef cattle, calf (female, weaned)",1.0,22.0
555,microsoft/deberta-v3-large,product,original,no rag,"Broiler chicken, hen",1.0,5.0
556,microsoft/deberta-v3-large,product,original,no rag,"Cream, cow, raw",0.0,1.0
557,microsoft/deberta-v3-large,product,original,no rag,"Sheep, lamb (weaned)",1.0,35.0
558,microsoft/deberta-v3-large,product,original,no rag,Beef cattle,1.0,235.0
559,microsoft/deberta-v3-large,product,original,no rag,"Meat, chicken, wings",0.0,4.0
560,microsoft/deberta-v3-large,product,original,no rag,"Meat, beef cattle (cold dressed carcass weight)",1.0,10.0
561,microsoft/deberta-v3-large,product,original,no rag,"Layer chicken, pullet",1.0,6.0
562,microsoft/deberta-v3-small,product,original,no rag,"Beef cattle, steer",1.0,76.0
563,microsoft/deberta-v3-small,product,original,no rag,"Hides, dairy cattle, fresh",0.0,
564,microsoft/deberta-v3-small,product,original,no rag,"Beef cattle, heifer and steer",0.0,5.0
565,microsoft/deberta-v3-small,product,original,no rag,Broiler chicken,1.0,54.0
566,microsoft/deberta-v3-small,product,original,no rag,"Dairy cattle, calf (male, unweaned)",0.0,2.0
567,microsoft/deberta-v3-small,product,original,no rag,Eggs,1.0,34.0
568,microsoft/deberta-v3-small,product,original,no rag,Soft,1.0,12.0
569,microsoft/deberta-v3-small,product,original,no rag,"Sheep, ewe",1.0,59.0
570,microsoft/deberta-v3-small,product,original,no rag,Electricity,0.0,3.0
571,microsoft/deberta-v3-small,product,original,no rag,"Cheese, sheep",0.0,1.0
572,microsoft/deberta-v3-small,product,original,no rag,"Layer chicken, hen",0.0,7.0
573,microsoft/deberta-v3-small,product,original,no rag,"Milk, cow, raw (FPCM)",1.0,39.0
574,microsoft/deberta-v3-small,product,original,no rag,Milk,1.0,51.0
575,microsoft/deberta-v3-small,product,original,no rag,"Meat, chicken, leg",1.0,3.0
576,microsoft/deberta-v3-small,product,original,no rag,"Whey, liquid",0.0,3.0
577,microsoft/deberta-v3-small,product,original,no rag,"Electricity, produced on",0.0,3.0
578,microsoft/deberta-v3-small,product,original,no rag,Dairy cattle,0.8333333333333334,26.0
579,microsoft/deberta-v3-small,product,original,no rag,"Meat, chicken, breast",0.0,3.0
580,microsoft/deberta-v3-small,product,original,no rag,"Meat, dairy cattle (liveweight)",1.0,22.0
581,microsoft/deberta-v3-small,product,original,no rag,"Beef cattle, bull",1.0,20.0
582,microsoft/deberta-v3-small,product,original,no rag,"Milk, cow, raw",1.0,12.0
583,microsoft/deberta-v3-small,product,original,no rag,"Sheep, ram",0.0,29.0
584,microsoft/deberta-v3-small,product,original,no rag,Caciotta,0.0,
585,microsoft/deberta-v3-small,product,original,no rag,Offal,0.0,2.0
586,microsoft/deberta-v3-small,product,original,no rag,"Whey, powder",0.0,1.0
587,microsoft/deberta-v3-small,product,original,no rag,Buttermilk,0.0,2.0
588,microsoft/deberta-v3-small,product,original,no rag,"Meat, chicken (cold carcass weight)",1.0,6.0
589,microsoft/deberta-v3-small,product,original,no rag,"Pig, sow",1.0,20.0
590,microsoft/deberta-v3-small,product,original,no rag,"Broiler chicken, chick",1.0,9.0
591,microsoft/deberta-v3-small,product,original,no rag,Sheep,1.0,154.0
592,microsoft/deberta-v3-small,product,original,no rag,"Dairy cattle, calf",0.0,
593,microsoft/deberta-v3-small,product,original,no rag,"Beef cattle, calf (weaned)",0.0,2.0
594,microsoft/deberta-v3-small,product,original,no rag,"Dairy cattle, calf (female, weaned)",0.0,1.0
595,microsoft/deberta-v3-small,product,original,no rag,Ricotta,1.0,4.0
596,microsoft/deberta-v3-small,product,original,no rag,"Offal, pigs",0.0,2.0
597,microsoft/deberta-v3-small,product,original,no rag,"Dairy cattle, heifer",1.0,5.0
598,microsoft/deberta-v3-small,product,original,no rag,Hides,0.0,
599,microsoft/deberta-v3-small,product,original,no rag,"Meat, beef cattle (cold carcass weight)",1.0,20.0
600,microsoft/deberta-v3-small,product,original,no rag,"Beef cattle, calf (male, weaned)",1.0,31.0
601,microsoft/deberta-v3-small,product,original,no rag,Wastewater (kg mass),0.0,18.0
602,microsoft/deberta-v3-small,product,original,no rag,Poultry by,0.0,2.0
603,microsoft/deberta-v3-small,product,original,no rag,"Meat, pig (cold carcass weight)",0.0,2.0
604,microsoft/deberta-v3-small,product,original,no rag,"Sheep, lamb",1.0,31.0
605,microsoft/deberta-v3-small,product,original,no rag,"Eggs, hen, in shell (number)",1.0,18.0
606,microsoft/deberta-v3-small,product,original,no rag,"Meat, dairy cattle (cold carcass weight)",0.0,6.0
607,microsoft/deberta-v3-small,product,original,no rag,Meat,1.0,113.0
608,microsoft/deberta-v3-small,product,original,no rag,Layer chicken,1.0,49.0
609,microsoft/deberta-v3-small,product,original,no rag,Butter,0.0,8.0
610,microsoft/deberta-v3-small,product,original,no rag,"Meat, pig (cold dressed carcass weight)",1.0,16.0
611,microsoft/deberta-v3-small,product,original,no rag,"Eggs, hen, in shell",1.0,16.0
612,microsoft/deberta-v3-small,product,original,no rag,"Dairy cattle, cow",0.6,14.0
613,microsoft/deberta-v3-small,product,original,no rag,Fresh cheese,0.0,12.0
614,microsoft/deberta-v3-small,product,original,no rag,"Cattle, urine (kg mass)",0.0,6.0
615,microsoft/deberta-v3-small,product,original,no rag,Cattle,0.0,6.0
616,microsoft/deberta-v3-small,product,original,no rag,"Beef cattle, heifer",1.0,64.0
617,microsoft/deberta-v3-small,product,original,no rag,Pig,1.0,140.0
618,microsoft/deberta-v3-small,product,original,no rag,"Beef cattle, cow",1.0,9.0
619,microsoft/deberta-v3-small,product,original,no rag,Cream,0.0,1.0
620,microsoft/deberta-v3-small,product,original,no rag,Ripened cheese,1.0,20.0
621,microsoft/deberta-v3-small,product,original,no rag,"Dairy cattle, calf (weaned)",0.0,4.0
622,microsoft/deberta-v3-small,product,original,no rag,Yoghurt,0.0,6.0
623,microsoft/deberta-v3-small,product,original,no rag,Whey,0.0,4.0
624,microsoft/deberta-v3-small,product,original,no rag,"Meat, beef cattle (liveweight)",0.0,9.0
625,microsoft/deberta-v3-small,product,original,no rag,"Cheese, cow",1.0,4.0
626,microsoft/deberta-v3-small,product,original,no rag,"Pig, piglet",1.0,24.0
627,microsoft/deberta-v3-small,product,original,no rag,Cheese,1.0,5.0
628,microsoft/deberta-v3-small,product,original,no rag,"Meat, chicken (liveweight)",0.0,12.0
629,microsoft/deberta-v3-small,product,original,no rag,"Beef cattle, calf (female, weaned)",1.0,22.0
630,microsoft/deberta-v3-small,product,original,no rag,"Broiler chicken, hen",1.0,5.0
631,microsoft/deberta-v3-small,product,original,no rag,"Cream, cow, raw",0.0,1.0
632,microsoft/deberta-v3-small,product,original,no rag,"Sheep, lamb (weaned)",1.0,35.0
633,microsoft/deberta-v3-small,product,original,no rag,Beef cattle,1.0,235.0
634,microsoft/deberta-v3-small,product,original,no rag,"Meat, chicken, wings",0.0,4.0
635,microsoft/deberta-v3-small,product,original,no rag,"Meat, beef cattle (cold dressed carcass weight)",1.0,10.0
636,microsoft/deberta-v3-small,product,original,no rag,"Layer chicken, pullet",1.0,6.0
637,climatebert/distilroberta-base-climate-f,systemBoundary,original,no rag,True_waste,1.0,68.0
638,climatebert/distilroberta-base-climate-f,systemBoundary,original,no rag,True_pesticideVeterinaryDrug,1.0,451.0
639,climatebert/distilroberta-base-climate-f,systemBoundary,original,no rag,True_excreta,1.0,227.0
640,climatebert/distilroberta-base-climate-f,systemBoundary,original,no rag,True_fertiliser,0.9897959183673469,788.0
641,climatebert/distilroberta-base-climate-f,systemBoundary,original,no rag,True_water,0.9629629629629629,202.0
642,climatebert/distilroberta-base-climate-f,systemBoundary,original,no rag,True_soilAmendment,1.0,785.0
643,climatebert/distilroberta-base-climate-f,systemBoundary,original,no rag,True_operation,1.0,318.0
644,climatebert/distilroberta-base-climate-f,systemBoundary,original,no rag,True_material,1.0,12.0
645,climatebert/distilroberta-base-climate-f,systemBoundary,original,no rag,True_seed,1.0,753.0
646,climatebert/distilroberta-base-climate-f,systemBoundary,original,no rag,True_product,1.0,753.0
647,climatebert/distilroberta-base-climate-f,systemBoundary,original,no rag,True_cropResidue,1.0,490.0
648,climatebert/distilroberta-base-climate-f,systemBoundary,original,no rag,True_liveAnimalInput,0.9797979797979798,780.0
649,climatebert/distilroberta-base-climate-f,systemBoundary,original,no rag,True_animalFeed,1.0,789.0
650,climatebert/distilroberta-base-climate-f,systemBoundary,original,no rag,True_freshForage,1.0,447.0
651,climatebert/distilroberta-base-climate-f,systemBoundary,original,no rag,True_ingredient,1.0,824.0
652,climatebert/distilroberta-base-climate-f,systemBoundary,original,no rag,True_animalPopulation,1.0,799.0
653,climatebert/distilroberta-base-climate-f,systemBoundary,original,no rag,True_electricityFuel,1.0,601.0
654,climatebert/distilroberta-base-climate-f,systemBoundary,original,no rag,True_otherChemical,0.989247311827957,779.0
655,climatebert/distilroberta-base-climate-f,systemBoundary,original,no rag,True_transport,1.0,45.0
656,ESGBERT/EnvironmentalBERT-base,systemBoundary,original,no rag,True_waste,1.0,68.0
657,ESGBERT/EnvironmentalBERT-base,systemBoundary,original,no rag,True_pesticideVeterinaryDrug,1.0,451.0
658,ESGBERT/EnvironmentalBERT-base,systemBoundary,original,no rag,True_excreta,1.0,227.0
659,ESGBERT/EnvironmentalBERT-base,systemBoundary,original,no rag,True_fertiliser,0.9897959183673469,788.0
660,ESGBERT/EnvironmentalBERT-base,systemBoundary,original,no rag,True_water,0.9629629629629629,202.0
661,ESGBERT/EnvironmentalBERT-base,systemBoundary,original,no rag,True_soilAmendment,1.0,785.0
662,ESGBERT/EnvironmentalBERT-base,systemBoundary,original,no rag,True_operation,1.0,318.0
663,ESGBERT/EnvironmentalBERT-base,systemBoundary,original,no rag,True_material,1.0,12.0
664,ESGBERT/EnvironmentalBERT-base,systemBoundary,original,no rag,True_seed,0.989247311827957,753.0
665,ESGBERT/EnvironmentalBERT-base,systemBoundary,original,no rag,True_product,1.0,753.0
666,ESGBERT/EnvironmentalBERT-base,systemBoundary,original,no rag,True_cropResidue,0.9841269841269841,490.0
667,ESGBERT/EnvironmentalBERT-base,systemBoundary,original,no rag,True_liveAnimalInput,0.97,780.0
668,ESGBERT/EnvironmentalBERT-base,systemBoundary,original,no rag,True_animalFeed,1.0,789.0
669,ESGBERT/EnvironmentalBERT-base,systemBoundary,original,no rag,True_freshForage,1.0,447.0
670,ESGBERT/EnvironmentalBERT-base,systemBoundary,original,no rag,True_ingredient,1.0,824.0
671,ESGBERT/EnvironmentalBERT-base,systemBoundary,original,no rag,True_animalPopulation,1.0,799.0
672,ESGBERT/EnvironmentalBERT-base,systemBoundary,original,no rag,True_electricityFuel,0.9868421052631579,601.0
673,ESGBERT/EnvironmentalBERT-base,systemBoundary,original,no rag,True_otherChemical,0.989247311827957,779.0
674,ESGBERT/EnvironmentalBERT-base,systemBoundary,original,no rag,True_transport,1.0,45.0
675,FacebookAI/roberta-large,systemBoundary,original,no rag,True_waste,1.0,68.0
676,FacebookAI/roberta-large,systemBoundary,original,no rag,True_pesticideVeterinaryDrug,0.9642857142857143,451.0
677,FacebookAI/roberta-large,systemBoundary,original,no rag,True_excreta,1.0,227.0
678,FacebookAI/roberta-large,systemBoundary,original,no rag,True_fertiliser,0.9897959183673469,788.0
679,FacebookAI/roberta-large,systemBoundary,original,no rag,True_water,0.9642857142857143,202.0
680,FacebookAI/roberta-large,systemBoundary,original,no rag,True_soilAmendment,1.0,785.0
681,FacebookAI/roberta-large,systemBoundary,original,no rag,True_operation,1.0,318.0
682,FacebookAI/roberta-large,systemBoundary,original,no rag,True_material,1.0,12.0
683,FacebookAI/roberta-large,systemBoundary,original,no rag,True_seed,0.989247311827957,753.0
684,FacebookAI/roberta-large,systemBoundary,original,no rag,True_product,1.0,753.0
685,FacebookAI/roberta-large,systemBoundary,original,no rag,True_cropResidue,0.9841269841269841,490.0
686,FacebookAI/roberta-large,systemBoundary,original,no rag,True_liveAnimalInput,0.97,780.0
687,FacebookAI/roberta-large,systemBoundary,original,no rag,True_animalFeed,1.0,789.0
688,FacebookAI/roberta-large,systemBoundary,original,no rag,True_freshForage,1.0,447.0
689,FacebookAI/roberta-large,systemBoundary,original,no rag,True_ingredient,1.0,824.0
690,FacebookAI/roberta-large,systemBoundary,original,no rag,True_animalPopulation,0.9797979797979798,799.0
691,FacebookAI/roberta-large,systemBoundary,original,no rag,True_electricityFuel,0.9864864864864865,601.0
692,FacebookAI/roberta-large,systemBoundary,original,no rag,True_otherChemical,0.9787234042553191,779.0
693,FacebookAI/roberta-large,systemBoundary,original,no rag,True_transport,0.9090909090909091,45.0
694,google-bert/bert-base-uncased,systemBoundary,original,no rag,True_waste,1.0,68.0
695,google-bert/bert-base-uncased,systemBoundary,original,no rag,True_pesticideVeterinaryDrug,1.0,451.0
696,google-bert/bert-base-uncased,systemBoundary,original,no rag,True_excreta,1.0,227.0
697,google-bert/bert-base-uncased,systemBoundary,original,no rag,True_fertiliser,0.9897959183673469,788.0
698,google-bert/bert-base-uncased,systemBoundary,original,no rag,True_water,0.9642857142857143,202.0
699,google-bert/bert-base-uncased,systemBoundary,original,no rag,True_soilAmendment,1.0,785.0
700,google-bert/bert-base-uncased,systemBoundary,original,no rag,True_operation,1.0,318.0
701,google-bert/bert-base-uncased,systemBoundary,original,no rag,True_material,1.0,12.0
702,google-bert/bert-base-uncased,systemBoundary,original,no rag,True_seed,0.989247311827957,753.0
703,google-bert/bert-base-uncased,systemBoundary,original,no rag,True_product,1.0,753.0
704,google-bert/bert-base-uncased,systemBoundary,original,no rag,True_cropResidue,0.9838709677419355,490.0
705,google-bert/bert-base-uncased,systemBoundary,original,no rag,True_liveAnimalInput,0.9897959183673469,780.0
706,google-bert/bert-base-uncased,systemBoundary,original,no rag,True_animalFeed,1.0,789.0
707,google-bert/bert-base-uncased,systemBoundary,original,no rag,True_freshForage,1.0,447.0
708,google-bert/bert-base-uncased,systemBoundary,original,no rag,True_ingredient,1.0,824.0
709,google-bert/bert-base-uncased,systemBoundary,original,no rag,True_animalPopulation,0.9897959183673469,799.0
710,google-bert/bert-base-uncased,systemBoundary,original,no rag,True_electricityFuel,1.0,601.0
711,google-bert/bert-base-uncased,systemBoundary,original,no rag,True_otherChemical,0.989247311827957,779.0
712,google-bert/bert-base-uncased,systemBoundary,original,no rag,True_transport,1.0,45.0
713,microsoft/deberta-v3-base,systemBoundary,original,no rag,True_waste,1.0,68.0
714,microsoft/deberta-v3-base,systemBoundary,original,no rag,True_pesticideVeterinaryDrug,1.0,451.0
715,microsoft/deberta-v3-base,systemBoundary,original,no rag,True_excreta,1.0,227.0
716,microsoft/deberta-v3-base,systemBoundary,original,no rag,True_fertiliser,1.0,788.0
717,microsoft/deberta-v3-base,systemBoundary,original,no rag,True_water,0.9655172413793104,202.0
718,microsoft/deberta-v3-base,systemBoundary,original,no rag,True_soilAmendment,1.0,785.0
719,microsoft/deberta-v3-base,systemBoundary,original,no rag,True_operation,1.0,318.0
720,microsoft/deberta-v3-base,systemBoundary,original,no rag,True_material,1.0,12.0
721,microsoft/deberta-v3-base,systemBoundary,original,no rag,True_seed,1.0,753.0
722,microsoft/deberta-v3-base,systemBoundary,original,no rag,True_product,1.0,753.0
723,microsoft/deberta-v3-base,systemBoundary,original,no rag,True_cropResidue,1.0,490.0
724,microsoft/deberta-v3-base,systemBoundary,original,no rag,True_liveAnimalInput,0.9797979797979798,780.0
725,microsoft/deberta-v3-base,systemBoundary,original,no rag,True_animalFeed,0.9896907216494846,789.0
726,microsoft/deberta-v3-base,systemBoundary,original,no rag,True_freshForage,1.0,447.0
727,microsoft/deberta-v3-base,systemBoundary,original,no rag,True_ingredient,1.0,824.0
728,microsoft/deberta-v3-base,systemBoundary,original,no rag,True_animalPopulation,0.9897959183673469,799.0
729,microsoft/deberta-v3-base,systemBoundary,original,no rag,True_electricityFuel,0.9866666666666667,601.0
730,microsoft/deberta-v3-base,systemBoundary,original,no rag,True_otherChemical,0.9787234042553191,779.0
731,microsoft/deberta-v3-base,systemBoundary,original,no rag,True_transport,0.8888888888888888,45.0
732,microsoft/deberta-v3-large,systemBoundary,original,no rag,True_waste,0.875,68.0
733,microsoft/deberta-v3-large,systemBoundary,original,no rag,True_pesticideVeterinaryDrug,0.9818181818181818,451.0
734,microsoft/deberta-v3-large,systemBoundary,original,no rag,True_excreta,1.0,227.0
735,microsoft/deberta-v3-large,systemBoundary,original,no rag,True_fertiliser,0.9897959183673469,788.0
736,microsoft/deberta-v3-large,systemBoundary,original,no rag,True_water,0.9629629629629629,202.0
737,microsoft/deberta-v3-large,systemBoundary,original,no rag,True_soilAmendment,1.0,785.0
738,microsoft/deberta-v3-large,systemBoundary,original,no rag,True_operation,1.0,318.0
739,microsoft/deberta-v3-large,systemBoundary,original,no rag,True_material,1.0,12.0
740,microsoft/deberta-v3-large,systemBoundary,original,no rag,True_seed,0.9891304347826086,753.0
741,microsoft/deberta-v3-large,systemBoundary,original,no rag,True_product,1.0,753.0
742,microsoft/deberta-v3-large,systemBoundary,original,no rag,True_cropResidue,1.0,490.0
743,microsoft/deberta-v3-large,systemBoundary,original,no rag,True_liveAnimalInput,0.9696969696969697,780.0
744,microsoft/deberta-v3-large,systemBoundary,original,no rag,True_animalFeed,1.0,789.0
745,microsoft/deberta-v3-large,systemBoundary,original,no rag,True_freshForage,1.0,447.0
746,microsoft/deberta-v3-large,systemBoundary,original,no rag,True_ingredient,1.0,824.0
747,microsoft/deberta-v3-large,systemBoundary,original,no rag,True_animalPopulation,1.0,799.0
748,microsoft/deberta-v3-large,systemBoundary,original,no rag,True_electricityFuel,1.0,601.0
749,microsoft/deberta-v3-large,systemBoundary,original,no rag,True_otherChemical,0.989247311827957,779.0
750,microsoft/deberta-v3-large,systemBoundary,original,no rag,True_transport,1.0,45.0
751,microsoft/deberta-v3-small,systemBoundary,original,no rag,True_waste,1.0,68.0
752,microsoft/deberta-v3-small,systemBoundary,original,no rag,True_pesticideVeterinaryDrug,0.9818181818181818,451.0
753,microsoft/deberta-v3-small,systemBoundary,original,no rag,True_excreta,1.0,227.0
754,microsoft/deberta-v3-small,systemBoundary,original,no rag,True_fertiliser,1.0,788.0
755,microsoft/deberta-v3-small,systemBoundary,original,no rag,True_water,0.9615384615384616,202.0
756,microsoft/deberta-v3-small,systemBoundary,original,no rag,True_soilAmendment,1.0,785.0
757,microsoft/deberta-v3-small,systemBoundary,original,no rag,True_operation,1.0,318.0
758,microsoft/deberta-v3-small,systemBoundary,original,no rag,True_material,0.5,12.0
759,microsoft/deberta-v3-small,systemBoundary,original,no rag,True_seed,1.0,753.0
760,microsoft/deberta-v3-small,systemBoundary,original,no rag,True_product,1.0,753.0
761,microsoft/deberta-v3-small,systemBoundary,original,no rag,True_cropResidue,0.9838709677419355,490.0
762,microsoft/deberta-v3-small,systemBoundary,original,no rag,True_liveAnimalInput,0.97,780.0
763,microsoft/deberta-v3-small,systemBoundary,original,no rag,True_animalFeed,0.9897959183673469,789.0
764,microsoft/deberta-v3-small,systemBoundary,original,no rag,True_freshForage,1.0,447.0
765,microsoft/deberta-v3-small,systemBoundary,original,no rag,True_ingredient,1.0,824.0
766,microsoft/deberta-v3-small,systemBoundary,original,no rag,True_animalPopulation,0.9895833333333334,799.0
767,microsoft/deberta-v3-small,systemBoundary,original,no rag,True_electricityFuel,1.0,601.0
768,microsoft/deberta-v3-small,systemBoundary,original,no rag,True_otherChemical,0.9787234042553191,779.0
769,microsoft/deberta-v3-small,systemBoundary,original,no rag,True_transport,1.0,45.0
770,climatebert/distilroberta-base-climate-f,allocation,original,rag,none,1.0,72.0
771,climatebert/distilroberta-base-climate-f,allocation,original,rag,energy,0.0,2.0
772,climatebert/distilroberta-base-climate-f,allocation,original,rag,mass,0.5,4.0
773,climatebert/distilroberta-base-climate-f,allocation,original,rag,none required,1.0,116.0
774,climatebert/distilroberta-base-climate-f,allocation,original,rag,economic,0.92,610.0
775,climatebert/distilroberta-base-climate-f,allocation,original,rag,biophysical,1.0,26.0
776,ESGBERT/EnvironmentalBERT-base,allocation,original,rag,none,0.9090909090909091,72.0
777,ESGBERT/EnvironmentalBERT-base,allocation,original,rag,energy,0.0,2.0
778,ESGBERT/EnvironmentalBERT-base,allocation,original,rag,mass,1.0,4.0
779,ESGBERT/EnvironmentalBERT-base,allocation,original,rag,none required,1.0,116.0
780,ESGBERT/EnvironmentalBERT-base,allocation,original,rag,economic,0.9452054794520548,610.0
781,ESGBERT/EnvironmentalBERT-base,allocation,original,rag,biophysical,1.0,26.0
782,FacebookAI/roberta-large,allocation,original,rag,none,0.9090909090909091,72.0
783,FacebookAI/roberta-large,allocation,original,rag,energy,0.0,2.0
784,FacebookAI/roberta-large,allocation,original,rag,mass,1.0,4.0
785,FacebookAI/roberta-large,allocation,original,rag,none required,0.9333333333333333,116.0
786,FacebookAI/roberta-large,allocation,original,rag,economic,0.9452054794520548,610.0
787,FacebookAI/roberta-large,allocation,original,rag,biophysical,1.0,26.0
788,google-bert/bert-base-uncased,allocation,original,rag,none,1.0,72.0
789,google-bert/bert-base-uncased,allocation,original,rag,energy,0.0,2.0
790,google-bert/bert-base-uncased,allocation,original,rag,mass,0.0,4.0
791,google-bert/bert-base-uncased,allocation,original,rag,none required,0.9375,116.0
792,google-bert/bert-base-uncased,allocation,original,rag,economic,0.9324324324324325,610.0
793,google-bert/bert-base-uncased,allocation,original,rag,biophysical,1.0,26.0
794,microsoft/deberta-v3-base,allocation,original,rag,none,0.7777777777777778,72.0
795,microsoft/deberta-v3-base,allocation,original,rag,energy,0.0,2.0
796,microsoft/deberta-v3-base,allocation,original,rag,mass,0.0,4.0
797,microsoft/deberta-v3-base,allocation,original,rag,none required,0.9333333333333333,116.0
798,microsoft/deberta-v3-base,allocation,original,rag,economic,0.92,610.0
799,microsoft/deberta-v3-base,allocation,original,rag,biophysical,1.0,26.0
800,microsoft/deberta-v3-large,allocation,original,rag,none,0.0,72.0
801,microsoft/deberta-v3-large,allocation,original,rag,energy,0.0,2.0
802,microsoft/deberta-v3-large,allocation,original,rag,mass,0.0,4.0
803,microsoft/deberta-v3-large,allocation,original,rag,none required,0.0,116.0
804,microsoft/deberta-v3-large,allocation,original,rag,economic,0.6634615384615384,610.0
805,microsoft/deberta-v3-large,allocation,original,rag,biophysical,0.0,26.0
806,microsoft/deberta-v3-small,allocation,original,rag,none,1.0,72.0
807,microsoft/deberta-v3-small,allocation,original,rag,energy,0.0,2.0
808,microsoft/deberta-v3-small,allocation,original,rag,mass,1.0,4.0
809,microsoft/deberta-v3-small,allocation,original,rag,none required,0.9411764705882353,116.0
810,microsoft/deberta-v3-small,allocation,original,rag,economic,0.971830985915493,610.0
811,microsoft/deberta-v3-small,allocation,original,rag,biophysical,1.0,26.0
812,climatebert/distilroberta-base-climate-f,functionalUnit,original,rag,kg cold carcass weight/head,0.9444444444444444,140.0
813,climatebert/distilroberta-base-climate-f,functionalUnit,original,rag,1 ha,1.0,39.0
814,climatebert/distilroberta-base-climate-f,functionalUnit,original,rag,kg cold dressed carcass weight/head,0.0,4.0
815,climatebert/distilroberta-base-climate-f,functionalUnit,original,rag,days,0.6666666666666666,83.0
816,climatebert/distilroberta-base-climate-f,functionalUnit,original,rag,relative,0.9611650485436893,791.0
817,climatebert/distilroberta-base-climate-f,functionalUnit,original,rag,kg,1.0,19.0
818,climatebert/distilroberta-base-climate-f,functionalUnit,original,rag,unitless,0.0,4.0
819,climatebert/distilroberta-base-climate-f,functionalUnit,original,rag,kg liveweight/head,0.9285714285714286,452.0
820,climatebert/distilroberta-base-climate-f,functionalUnit,original,rag,%,0.4,92.0
821,climatebert/distilroberta-base-climate-f,functionalUnit,original,rag,kg ready-to-cook weight/head,0.0,4.0
822,ESGBERT/EnvironmentalBERT-base,functionalUnit,original,rag,kg cold carcass weight/head,0.9523809523809523,140.0
823,ESGBERT/EnvironmentalBERT-base,functionalUnit,original,rag,1 ha,1.0,39.0
824,ESGBERT/EnvironmentalBERT-base,functionalUnit,original,rag,kg cold dressed carcass weight/head,0.0,4.0
825,ESGBERT/EnvironmentalBERT-base,functionalUnit,original,rag,days,0.875,83.0
826,ESGBERT/EnvironmentalBERT-base,functionalUnit,original,rag,relative,0.9705882352941176,791.0
827,ESGBERT/EnvironmentalBERT-base,functionalUnit,original,rag,kg,1.0,19.0
828,ESGBERT/EnvironmentalBERT-base,functionalUnit,original,rag,unitless,0.0,4.0
829,ESGBERT/EnvironmentalBERT-base,functionalUnit,original,rag,kg liveweight/head,0.9310344827586207,452.0
830,ESGBERT/EnvironmentalBERT-base,functionalUnit,original,rag,%,0.7272727272727273,92.0
831,ESGBERT/EnvironmentalBERT-base,functionalUnit,original,rag,kg ready-to-cook weight/head,0.0,4.0
832,FacebookAI/roberta-large,functionalUnit,original,rag,kg cold carcass weight/head,0.9090909090909091,140.0
833,FacebookAI/roberta-large,functionalUnit,original,rag,1 ha,1.0,39.0
834,FacebookAI/roberta-large,functionalUnit,original,rag,kg cold dressed carcass weight/head,0.0,4.0
835,FacebookAI/roberta-large,functionalUnit,original,rag,days,0.3333333333333333,83.0
836,FacebookAI/roberta-large,functionalUnit,original,rag,relative,0.9611650485436893,791.0
837,FacebookAI/roberta-large,functionalUnit,original,rag,kg,1.0,19.0
838,FacebookAI/roberta-large,functionalUnit,original,rag,unitless,0.0,4.0
839,FacebookAI/roberta-large,functionalUnit,original,rag,kg liveweight/head,0.873015873015873,452.0
840,FacebookAI/roberta-large,functionalUnit,original,rag,%,0.5,92.0
841,FacebookAI/roberta-large,functionalUnit,original,rag,kg ready-to-cook weight/head,0.0,4.0
842,google-bert/bert-base-uncased,functionalUnit,original,rag,kg cold carcass weight/head,0.9523809523809523,140.0
843,google-bert/bert-base-uncased,functionalUnit,original,rag,1 ha,1.0,39.0
844,google-bert/bert-base-uncased,functionalUnit,original,rag,kg cold dressed carcass weight/head,0.0,4.0
845,google-bert/bert-base-uncased,functionalUnit,original,rag,days,0.7,83.0
846,google-bert/bert-base-uncased,functionalUnit,original,rag,relative,0.9705882352941176,791.0
847,google-bert/bert-base-uncased,functionalUnit,original,rag,kg,1.0,19.0
848,google-bert/bert-base-uncased,functionalUnit,original,rag,unitless,0.0,4.0
849,google-bert/bert-base-uncased,functionalUnit,original,rag,kg liveweight/head,0.9016393442622951,452.0
850,google-bert/bert-base-uncased,functionalUnit,original,rag,%,0.8,92.0
851,google-bert/bert-base-uncased,functionalUnit,original,rag,kg ready-to-cook weight/head,0.0,4.0
852,microsoft/deberta-v3-base,functionalUnit,original,rag,kg cold carcass weight/head,0.9523809523809523,140.0
853,microsoft/deberta-v3-base,functionalUnit,original,rag,1 ha,1.0,39.0
854,microsoft/deberta-v3-base,functionalUnit,original,rag,kg cold dressed carcass weight/head,0.0,4.0
855,microsoft/deberta-v3-base,functionalUnit,original,rag,days,0.8333333333333334,83.0
856,microsoft/deberta-v3-base,functionalUnit,original,rag,relative,0.9801980198019802,791.0
857,microsoft/deberta-v3-base,functionalUnit,original,rag,kg,1.0,19.0
858,microsoft/deberta-v3-base,functionalUnit,original,rag,unitless,0.0,4.0
859,microsoft/deberta-v3-base,functionalUnit,original,rag,kg liveweight/head,0.8983050847457628,452.0
860,microsoft/deberta-v3-base,functionalUnit,original,rag,%,0.625,92.0
861,microsoft/deberta-v3-base,functionalUnit,original,rag,kg ready-to-cook weight/head,0.0,4.0
862,microsoft/deberta-v3-large,functionalUnit,original,rag,kg cold carcass weight/head,0.9523809523809523,140.0
863,microsoft/deberta-v3-large,functionalUnit,original,rag,1 ha,0.6666666666666666,39.0
864,microsoft/deberta-v3-large,functionalUnit,original,rag,kg cold dressed carcass weight/head,0.0,4.0
865,microsoft/deberta-v3-large,functionalUnit,original,rag,days,0.7,83.0
866,microsoft/deberta-v3-large,functionalUnit,original,rag,relative,0.9705882352941176,791.0
867,microsoft/deberta-v3-large,functionalUnit,original,rag,kg,1.0,19.0
868,microsoft/deberta-v3-large,functionalUnit,original,rag,unitless,0.0,4.0
869,microsoft/deberta-v3-large,functionalUnit,original,rag,kg liveweight/head,0.9137931034482759,452.0
870,microsoft/deberta-v3-large,functionalUnit,original,rag,%,0.6153846153846154,92.0
871,microsoft/deberta-v3-large,functionalUnit,original,rag,kg ready-to-cook weight/head,0.0,4.0
872,microsoft/deberta-v3-small,functionalUnit,original,rag,kg cold carcass weight/head,0.9523809523809523,140.0
873,microsoft/deberta-v3-small,functionalUnit,original,rag,1 ha,1.0,39.0
874,microsoft/deberta-v3-small,functionalUnit,original,rag,kg cold dressed carcass weight/head,0.0,4.0
875,microsoft/deberta-v3-small,functionalUnit,original,rag,days,0.6363636363636364,83.0
876,microsoft/deberta-v3-small,functionalUnit,original,rag,relative,0.9705882352941176,791.0
877,microsoft/deberta-v3-small,functionalUnit,original,rag,kg,1.0,19.0
878,microsoft/deberta-v3-small,functionalUnit,original,rag,unitless,0.0,4.0
879,microsoft/deberta-v3-small,functionalUnit,original,rag,kg liveweight/head,0.9285714285714286,452.0
880,microsoft/deberta-v3-small,functionalUnit,original,rag,%,0.7777777777777778,92.0
881,microsoft/deberta-v3-small,functionalUnit,original,rag,kg ready-to-cook weight/head,0.0,4.0
882,climatebert/distilroberta-base-climate-f,product,original,rag,"Meat, beef cattle (cold carcass weight)",1.0,20.0
883,climatebert/distilroberta-base-climate-f,product,original,rag,Layer chicken,1.0,49.0
884,climatebert/distilroberta-base-climate-f,product,original,rag,Pig,1.0,140.0
885,climatebert/distilroberta-base-climate-f,product,original,rag,"Meat, beef cattle (cold dressed carcass weight)",1.0,10.0
886,climatebert/distilroberta-base-climate-f,product,original,rag,Hides,0.0,
887,climatebert/distilroberta-base-climate-f,product,original,rag,Dairy cattle,1.0,26.0
888,climatebert/distilroberta-base-climate-f,product,original,rag,Milk,1.0,51.0
889,climatebert/distilroberta-base-climate-f,product,original,rag,Cream,0.0,1.0
890,climatebert/distilroberta-base-climate-f,product,original,rag,"Beef cattle, calf (male, weaned)",1.0,31.0
891,climatebert/distilroberta-base-climate-f,product,original,rag,"Beef cattle, cow",1.0,9.0
892,climatebert/distilroberta-base-climate-f,product,original,rag,"Whey, liquid",0.0,3.0
893,climatebert/distilroberta-base-climate-f,product,original,rag,Wastewater (kg mass),0.0,18.0
894,climatebert/distilroberta-base-climate-f,product,original,rag,"Milk, cow, raw (FPCM)",1.0,39.0
895,climatebert/distilroberta-base-climate-f,product,original,rag,"Meat, chicken, wings",0.0,4.0
896,climatebert/distilroberta-base-climate-f,product,original,rag,"Beef cattle, heifer and steer",0.0,5.0
897,climatebert/distilroberta-base-climate-f,product,original,rag,"Meat, dairy cattle (cold carcass weight)",0.0,6.0
898,climatebert/distilroberta-base-climate-f,product,original,rag,Buttermilk,0.0,2.0
899,climatebert/distilroberta-base-climate-f,product,original,rag,"Pig, sow",1.0,20.0
900,climatebert/distilroberta-base-climate-f,product,original,rag,"Cattle, urine (kg mass)",0.0,6.0
901,climatebert/distilroberta-base-climate-f,product,original,rag,"Beef cattle, calf (female, weaned)",1.0,22.0
902,climatebert/distilroberta-base-climate-f,product,original,rag,Yoghurt,0.0,6.0
903,climatebert/distilroberta-base-climate-f,product,original,rag,"Meat, beef cattle (liveweight)",0.0,9.0
904,climatebert/distilroberta-base-climate-f,product,original,rag,"Dairy cattle, heifer",1.0,5.0
905,climatebert/distilroberta-base-climate-f,product,original,rag,"Sheep, ram",0.0,29.0
906,climatebert/distilroberta-base-climate-f,product,original,rag,Caciotta,0.0,
907,climatebert/distilroberta-base-climate-f,product,original,rag,"Electricity, produced on",0.0,3.0
908,climatebert/distilroberta-base-climate-f,product,original,rag,Fresh cheese,0.0,12.0
909,climatebert/distilroberta-base-climate-f,product,original,rag,Electricity,0.0,3.0
910,climatebert/distilroberta-base-climate-f,product,original,rag,"Sheep, ewe",1.0,59.0
911,climatebert/distilroberta-base-climate-f,product,original,rag,"Dairy cattle, calf (male, unweaned)",0.0,2.0
912,climatebert/distilroberta-base-climate-f,product,original,rag,"Meat, pig (cold carcass weight)",0.0,2.0
913,climatebert/distilroberta-base-climate-f,product,original,rag,"Beef cattle, calf (weaned)",0.0,2.0
914,climatebert/distilroberta-base-climate-f,product,original,rag,"Meat, pig (cold dressed carcass weight)",1.0,16.0
915,climatebert/distilroberta-base-climate-f,product,original,rag,"Dairy cattle, calf (female, weaned)",0.0,1.0
916,climatebert/distilroberta-base-climate-f,product,original,rag,Whey,0.0,4.0
917,climatebert/distilroberta-base-climate-f,product,original,rag,Offal,0.0,2.0
918,climatebert/distilroberta-base-climate-f,product,original,rag,Cattle,0.0,6.0
919,climatebert/distilroberta-base-climate-f,product,original,rag,"Dairy cattle, calf (weaned)",0.0,4.0
920,climatebert/distilroberta-base-climate-f,product,original,rag,"Dairy cattle, calf",0.0,
921,climatebert/distilroberta-base-climate-f,product,original,rag,Sheep,1.0,154.0
922,climatebert/distilroberta-base-climate-f,product,original,rag,"Meat, chicken, breast",0.0,3.0
923,climatebert/distilroberta-base-climate-f,product,original,rag,"Beef cattle, bull",1.0,20.0
924,climatebert/distilroberta-base-climate-f,product,original,rag,"Offal, pigs",0.0,2.0
925,climatebert/distilroberta-base-climate-f,product,original,rag,"Cream, cow, raw",0.0,1.0
926,climatebert/distilroberta-base-climate-f,product,original,rag,"Broiler chicken, hen",1.0,5.0
927,climatebert/distilroberta-base-climate-f,product,original,rag,"Broiler chicken, chick",1.0,9.0
928,climatebert/distilroberta-base-climate-f,product,original,rag,"Sheep, lamb (weaned)",1.0,35.0
929,climatebert/distilroberta-base-climate-f,product,original,rag,"Meat, dairy cattle (liveweight)",1.0,22.0
930,climatebert/distilroberta-base-climate-f,product,original,rag,"Layer chicken, pullet",1.0,6.0
931,climatebert/distilroberta-base-climate-f,product,original,rag,Broiler chicken,1.0,54.0
932,climatebert/distilroberta-base-climate-f,product,original,rag,Beef cattle,0.9655172413793104,235.0
933,climatebert/distilroberta-base-climate-f,product,original,rag,"Cheese, cow",1.0,4.0
934,climatebert/distilroberta-base-climate-f,product,original,rag,"Eggs, hen, in shell",1.0,16.0
935,climatebert/distilroberta-base-climate-f,product,original,rag,"Cheese, sheep",0.0,1.0
936,climatebert/distilroberta-base-climate-f,product,original,rag,Eggs,1.0,34.0
937,climatebert/distilroberta-base-climate-f,product,original,rag,"Layer chicken, hen",0.0,7.0
938,climatebert/distilroberta-base-climate-f,product,original,rag,"Sheep, lamb",1.0,31.0
939,climatebert/distilroberta-base-climate-f,product,original,rag,"Milk, cow, raw",1.0,12.0
940,climatebert/distilroberta-base-climate-f,product,original,rag,"Beef cattle, steer",1.0,76.0
941,climatebert/distilroberta-base-climate-f,product,original,rag,Butter,0.0,8.0
942,climatebert/distilroberta-base-climate-f,product,original,rag,Poultry by,0.0,2.0
943,climatebert/distilroberta-base-climate-f,product,original,rag,"Dairy cattle, cow",1.0,14.0
944,climatebert/distilroberta-base-climate-f,product,original,rag,"Pig, piglet",1.0,24.0
945,climatebert/distilroberta-base-climate-f,product,original,rag,"Meat, chicken, leg",1.0,3.0
946,climatebert/distilroberta-base-climate-f,product,original,rag,"Hides, dairy cattle, fresh",0.0,
947,climatebert/distilroberta-base-climate-f,product,original,rag,"Meat, chicken (cold carcass weight)",1.0,6.0
948,climatebert/distilroberta-base-climate-f,product,original,rag,"Whey, powder",0.0,1.0
949,climatebert/distilroberta-base-climate-f,product,original,rag,Cheese,1.0,5.0
950,climatebert/distilroberta-base-climate-f,product,original,rag,Soft,1.0,12.0
951,climatebert/distilroberta-base-climate-f,product,original,rag,"Eggs, hen, in shell (number)",1.0,18.0
952,climatebert/distilroberta-base-climate-f,product,original,rag,Meat,1.0,113.0
953,climatebert/distilroberta-base-climate-f,product,original,rag,"Meat, chicken (liveweight)",0.0,12.0
954,climatebert/distilroberta-base-climate-f,product,original,rag,"Beef cattle, heifer",1.0,64.0
955,climatebert/distilroberta-base-climate-f,product,original,rag,Ricotta,1.0,4.0
956,climatebert/distilroberta-base-climate-f,product,original,rag,Ripened cheese,0.3333333333333333,20.0
957,ESGBERT/EnvironmentalBERT-base,product,original,rag,"Meat, beef cattle (cold carcass weight)",1.0,20.0
958,ESGBERT/EnvironmentalBERT-base,product,original,rag,Layer chicken,1.0,49.0
959,ESGBERT/EnvironmentalBERT-base,product,original,rag,Pig,1.0,140.0
960,ESGBERT/EnvironmentalBERT-base,product,original,rag,"Meat, beef cattle (cold dressed carcass weight)",1.0,10.0
961,ESGBERT/EnvironmentalBERT-base,product,original,rag,Hides,0.0,
962,ESGBERT/EnvironmentalBERT-base,product,original,rag,Dairy cattle,0.8333333333333334,26.0
963,ESGBERT/EnvironmentalBERT-base,product,original,rag,Milk,1.0,51.0
964,ESGBERT/EnvironmentalBERT-base,product,original,rag,Cream,0.0,1.0
965,ESGBERT/EnvironmentalBERT-base,product,original,rag,"Beef cattle, calf (male, weaned)",1.0,31.0
966,ESGBERT/EnvironmentalBERT-base,product,original,rag,"Beef cattle, cow",1.0,9.0
967,ESGBERT/EnvironmentalBERT-base,product,original,rag,"Whey, liquid",0.0,3.0
968,ESGBERT/EnvironmentalBERT-base,product,original,rag,Wastewater (kg mass),0.0,18.0
969,ESGBERT/EnvironmentalBERT-base,product,original,rag,"Milk, cow, raw (FPCM)",1.0,39.0
970,ESGBERT/EnvironmentalBERT-base,product,original,rag,"Meat, chicken, wings",0.0,4.0
971,ESGBERT/EnvironmentalBERT-base,product,original,rag,"Beef cattle, heifer and steer",0.0,5.0
972,ESGBERT/EnvironmentalBERT-base,product,original,rag,"Meat, dairy cattle (cold carcass weight)",0.0,6.0
973,ESGBERT/EnvironmentalBERT-base,product,original,rag,Buttermilk,0.0,2.0
974,ESGBERT/EnvironmentalBERT-base,product,original,rag,"Pig, sow",1.0,20.0
975,ESGBERT/EnvironmentalBERT-base,product,original,rag,"Cattle, urine (kg mass)",0.0,6.0
976,ESGBERT/EnvironmentalBERT-base,product,original,rag,"Beef cattle, calf (female, weaned)",1.0,22.0
977,ESGBERT/EnvironmentalBERT-base,product,original,rag,Yoghurt,0.0,6.0
978,ESGBERT/EnvironmentalBERT-base,product,original,rag,"Meat, beef cattle (liveweight)",0.0,9.0
979,ESGBERT/EnvironmentalBERT-base,product,original,rag,"Dairy cattle, heifer",1.0,5.0
980,ESGBERT/EnvironmentalBERT-base,product,original,rag,"Sheep, ram",0.0,29.0
981,ESGBERT/EnvironmentalBERT-base,product,original,rag,Caciotta,0.0,
982,ESGBERT/EnvironmentalBERT-base,product,original,rag,"Electricity, produced on",0.0,3.0
983,ESGBERT/EnvironmentalBERT-base,product,original,rag,Fresh cheese,0.0,12.0
984,ESGBERT/EnvironmentalBERT-base,product,original,rag,Electricity,0.0,3.0
985,ESGBERT/EnvironmentalBERT-base,product,original,rag,"Sheep, ewe",1.0,59.0
986,ESGBERT/EnvironmentalBERT-base,product,original,rag,"Dairy cattle, calf (male, unweaned)",0.0,2.0
987,ESGBERT/EnvironmentalBERT-base,product,original,rag,"Meat, pig (cold carcass weight)",0.0,2.0
988,ESGBERT/EnvironmentalBERT-base,product,original,rag,"Beef cattle, calf (weaned)",0.0,2.0
989,ESGBERT/EnvironmentalBERT-base,product,original,rag,"Meat, pig (cold dressed carcass weight)",1.0,16.0
990,ESGBERT/EnvironmentalBERT-base,product,original,rag,"Dairy cattle, calf (female, weaned)",0.0,1.0
991,ESGBERT/EnvironmentalBERT-base,product,original,rag,Whey,0.0,4.0
992,ESGBERT/EnvironmentalBERT-base,product,original,rag,Offal,0.0,2.0
993,ESGBERT/EnvironmentalBERT-base,product,original,rag,Cattle,0.0,6.0
994,ESGBERT/EnvironmentalBERT-base,product,original,rag,"Dairy cattle, calf (weaned)",0.0,4.0
995,ESGBERT/EnvironmentalBERT-base,product,original,rag,"Dairy cattle, calf",0.0,
996,ESGBERT/EnvironmentalBERT-base,product,original,rag,Sheep,1.0,154.0
997,ESGBERT/EnvironmentalBERT-base,product,original,rag,"Meat, chicken, breast",0.0,3.0
998,ESGBERT/EnvironmentalBERT-base,product,original,rag,"Beef cattle, bull",1.0,20.0
999,ESGBERT/EnvironmentalBERT-base,product,original,rag,"Offal, pigs",0.0,2.0
1000,ESGBERT/EnvironmentalBERT-base,product,original,rag,"Cream, cow, raw",0.0,1.0
1001,ESGBERT/EnvironmentalBERT-base,product,original,rag,"Broiler chicken, hen",1.0,5.0
1002,ESGBERT/EnvironmentalBERT-base,product,original,rag,"Broiler chicken, chick",1.0,9.0
1003,ESGBERT/EnvironmentalBERT-base,product,original,rag,"Sheep, lamb (weaned)",1.0,35.0
1004,ESGBERT/EnvironmentalBERT-base,product,original,rag,"Meat, dairy cattle (liveweight)",1.0,22.0
1005,ESGBERT/EnvironmentalBERT-base,product,original,rag,"Layer chicken, pullet",1.0,6.0
1006,ESGBERT/EnvironmentalBERT-base,product,original,rag,Broiler chicken,1.0,54.0
1007,ESGBERT/EnvironmentalBERT-base,product,original,rag,Beef cattle,1.0,235.0
1008,ESGBERT/EnvironmentalBERT-base,product,original,rag,"Cheese, cow",1.0,4.0
1009,ESGBERT/EnvironmentalBERT-base,product,original,rag,"Eggs, hen, in shell",1.0,16.0
1010,ESGBERT/EnvironmentalBERT-base,product,original,rag,"Cheese, sheep",0.0,1.0
1011,ESGBERT/EnvironmentalBERT-base,product,original,rag,Eggs,1.0,34.0
1012,ESGBERT/EnvironmentalBERT-base,product,original,rag,"Layer chicken, hen",0.0,7.0
1013,ESGBERT/EnvironmentalBERT-base,product,original,rag,"Sheep, lamb",1.0,31.0
1014,ESGBERT/EnvironmentalBERT-base,product,original,rag,"Milk, cow, raw",1.0,12.0
1015,ESGBERT/EnvironmentalBERT-base,product,original,rag,"Beef cattle, steer",1.0,76.0
1016,ESGBERT/EnvironmentalBERT-base,product,original,rag,Butter,0.0,8.0
1017,ESGBERT/EnvironmentalBERT-base,product,original,rag,Poultry by,0.0,2.0
1018,ESGBERT/EnvironmentalBERT-base,product,original,rag,"Dairy cattle, cow",0.75,14.0
1019,ESGBERT/EnvironmentalBERT-base,product,original,rag,"Pig, piglet",1.0,24.0
1020,ESGBERT/EnvironmentalBERT-base,product,original,rag,"Meat, chicken, leg",1.0,3.0
1021,ESGBERT/EnvironmentalBERT-base,product,original,rag,"Hides, dairy cattle, fresh",0.0,
1022,ESGBERT/EnvironmentalBERT-base,product,original,rag,"Meat, chicken (cold carcass weight)",1.0,6.0
1023,ESGBERT/EnvironmentalBERT-base,product,original,rag,"Whey, powder",0.0,1.0
1024,ESGBERT/EnvironmentalBERT-base,product,original,rag,Cheese,1.0,5.0
1025,ESGBERT/EnvironmentalBERT-base,product,original,rag,Soft,1.0,12.0
1026,ESGBERT/EnvironmentalBERT-base,product,original,rag,"Eggs, hen, in shell (number)",1.0,18.0
1027,ESGBERT/EnvironmentalBERT-base,product,original,rag,Meat,1.0,113.0
1028,ESGBERT/EnvironmentalBERT-base,product,original,rag,"Meat, chicken (liveweight)",0.0,12.0
1029,ESGBERT/EnvironmentalBERT-base,product,original,rag,"Beef cattle, heifer",1.0,64.0
1030,ESGBERT/EnvironmentalBERT-base,product,original,rag,Ricotta,0.3333333333333333,4.0
1031,ESGBERT/EnvironmentalBERT-base,product,original,rag,Ripened cheese,1.0,20.0
1032,FacebookAI/roberta-large,product,original,rag,"Meat, beef cattle (cold carcass weight)",1.0,20.0
1033,FacebookAI/roberta-large,product,original,rag,Layer chicken,1.0,49.0
1034,FacebookAI/roberta-large,product,original,rag,Pig,1.0,140.0
1035,FacebookAI/roberta-large,product,original,rag,"Meat, beef cattle (cold dressed carcass weight)",1.0,10.0
1036,FacebookAI/roberta-large,product,original,rag,Hides,0.0,
1037,FacebookAI/roberta-large,product,original,rag,Dairy cattle,0.8333333333333334,26.0
1038,FacebookAI/roberta-large,product,original,rag,Milk,1.0,51.0
1039,FacebookAI/roberta-large,product,original,rag,Cream,0.0,1.0
1040,FacebookAI/roberta-large,product,original,rag,"Beef cattle, calf (male, weaned)",1.0,31.0
1041,FacebookAI/roberta-large,product,original,rag,"Beef cattle, cow",1.0,9.0
1042,FacebookAI/roberta-large,product,original,rag,"Whey, liquid",0.0,3.0
1043,FacebookAI/roberta-large,product,original,rag,Wastewater (kg mass),0.0,18.0
1044,FacebookAI/roberta-large,product,original,rag,"Milk, cow, raw (FPCM)",1.0,39.0
1045,FacebookAI/roberta-large,product,original,rag,"Meat, chicken, wings",0.0,4.0
1046,FacebookAI/roberta-large,product,original,rag,"Beef cattle, heifer and steer",0.0,5.0
1047,FacebookAI/roberta-large,product,original,rag,"Meat, dairy cattle (cold carcass weight)",0.0,6.0
1048,FacebookAI/roberta-large,product,original,rag,Buttermilk,0.0,2.0
1049,FacebookAI/roberta-large,product,original,rag,"Pig, sow",1.0,20.0
1050,FacebookAI/roberta-large,product,original,rag,"Cattle, urine (kg mass)",0.0,6.0
1051,FacebookAI/roberta-large,product,original,rag,"Beef cattle, calf (female, weaned)",1.0,22.0
1052,FacebookAI/roberta-large,product,original,rag,Yoghurt,0.0,6.0
1053,FacebookAI/roberta-large,product,original,rag,"Meat, beef cattle (liveweight)",0.0,9.0
1054,FacebookAI/roberta-large,product,original,rag,"Dairy cattle, heifer",1.0,5.0
1055,FacebookAI/roberta-large,product,original,rag,"Sheep, ram",0.0,29.0
1056,FacebookAI/roberta-large,product,original,rag,Caciotta,0.0,
1057,FacebookAI/roberta-large,product,original,rag,"Electricity, produced on",0.0,3.0
1058,FacebookAI/roberta-large,product,original,rag,Fresh cheese,0.0,12.0
1059,FacebookAI/roberta-large,product,original,rag,Electricity,0.0,3.0
1060,FacebookAI/roberta-large,product,original,rag,"Sheep, ewe",1.0,59.0
1061,FacebookAI/roberta-large,product,original,rag,"Dairy cattle, calf (male, unweaned)",0.0,2.0
1062,FacebookAI/roberta-large,product,original,rag,"Meat, pig (cold carcass weight)",0.0,2.0
1063,FacebookAI/roberta-large,product,original,rag,"Beef cattle, calf (weaned)",0.0,2.0
1064,FacebookAI/roberta-large,product,original,rag,"Meat, pig (cold dressed carcass weight)",1.0,16.0
1065,FacebookAI/roberta-large,product,original,rag,"Dairy cattle, calf (female, weaned)",0.0,1.0
1066,FacebookAI/roberta-large,product,original,rag,Whey,0.0,4.0
1067,FacebookAI/roberta-large,product,original,rag,Offal,0.0,2.0
1068,FacebookAI/roberta-large,product,original,rag,Cattle,0.0,6.0
1069,FacebookAI/roberta-large,product,original,rag,"Dairy cattle, calf (weaned)",0.0,4.0
1070,FacebookAI/roberta-large,product,original,rag,"Dairy cattle, calf",0.0,
1071,FacebookAI/roberta-large,product,original,rag,Sheep,1.0,154.0
1072,FacebookAI/roberta-large,product,original,rag,"Meat, chicken, breast",0.0,3.0
1073,FacebookAI/roberta-large,product,original,rag,"Beef cattle, bull",1.0,20.0
1074,FacebookAI/roberta-large,product,original,rag,"Offal, pigs",0.0,2.0
1075,FacebookAI/roberta-large,product,original,rag,"Cream, cow, raw",0.0,1.0
1076,FacebookAI/roberta-large,product,original,rag,"Broiler chicken, hen",1.0,5.0
1077,FacebookAI/roberta-large,product,original,rag,"Broiler chicken, chick",1.0,9.0
1078,FacebookAI/roberta-large,product,original,rag,"Sheep, lamb (weaned)",1.0,35.0
1079,FacebookAI/roberta-large,product,original,rag,"Meat, dairy cattle (liveweight)",1.0,22.0
1080,FacebookAI/roberta-large,product,original,rag,"Layer chicken, pullet",1.0,6.0
1081,FacebookAI/roberta-large,product,original,rag,Broiler chicken,1.0,54.0
1082,FacebookAI/roberta-large,product,original,rag,Beef cattle,1.0,235.0
1083,FacebookAI/roberta-large,product,original,rag,"Cheese, cow",1.0,4.0
1084,FacebookAI/roberta-large,product,original,rag,"Eggs, hen, in shell",1.0,16.0
1085,FacebookAI/roberta-large,product,original,rag,"Cheese, sheep",0.0,1.0
1086,FacebookAI/roberta-large,product,original,rag,Eggs,1.0,34.0
1087,FacebookAI/roberta-large,product,original,rag,"Layer chicken, hen",0.0,7.0
1088,FacebookAI/roberta-large,product,original,rag,"Sheep, lamb",1.0,31.0
1089,FacebookAI/roberta-large,product,original,rag,"Milk, cow, raw",1.0,12.0
1090,FacebookAI/roberta-large,product,original,rag,"Beef cattle, steer",1.0,76.0
1091,FacebookAI/roberta-large,product,original,rag,Butter,0.0,8.0
1092,FacebookAI/roberta-large,product,original,rag,Poultry by,0.0,2.0
1093,FacebookAI/roberta-large,product,original,rag,"Dairy cattle, cow",0.6,14.0
1094,FacebookAI/roberta-large,product,original,rag,"Pig, piglet",1.0,24.0
1095,FacebookAI/roberta-large,product,original,rag,"Meat, chicken, leg",1.0,3.0
1096,FacebookAI/roberta-large,product,original,rag,"Hides, dairy cattle, fresh",0.0,
1097,FacebookAI/roberta-large,product,original,rag,"Meat, chicken (cold carcass weight)",1.0,6.0
1098,FacebookAI/roberta-large,product,original,rag,"Whey, powder",0.0,1.0
1099,FacebookAI/roberta-large,product,original,rag,Cheese,1.0,5.0
1100,FacebookAI/roberta-large,product,original,rag,Soft,1.0,12.0
1101,FacebookAI/roberta-large,product,original,rag,"Eggs, hen, in shell (number)",1.0,18.0
1102,FacebookAI/roberta-large,product,original,rag,Meat,1.0,113.0
1103,FacebookAI/roberta-large,product,original,rag,"Meat, chicken (liveweight)",0.0,12.0
1104,FacebookAI/roberta-large,product,original,rag,"Beef cattle, heifer",1.0,64.0
1105,FacebookAI/roberta-large,product,original,rag,Ricotta,0.3333333333333333,4.0
1106,FacebookAI/roberta-large,product,original,rag,Ripened cheese,1.0,20.0
1107,google-bert/bert-base-uncased,product,original,rag,"Meat, beef cattle (cold carcass weight)",1.0,20.0
1108,google-bert/bert-base-uncased,product,original,rag,Layer chicken,1.0,49.0
1109,google-bert/bert-base-uncased,product,original,rag,Pig,1.0,140.0
1110,google-bert/bert-base-uncased,product,original,rag,"Meat, beef cattle (cold dressed carcass weight)",1.0,10.0
1111,google-bert/bert-base-uncased,product,original,rag,Hides,0.0,
1112,google-bert/bert-base-uncased,product,original,rag,Dairy cattle,0.8333333333333334,26.0
1113,google-bert/bert-base-uncased,product,original,rag,Milk,1.0,51.0
1114,google-bert/bert-base-uncased,product,original,rag,Cream,0.0,1.0
1115,google-bert/bert-base-uncased,product,original,rag,"Beef cattle, calf (male, weaned)",1.0,31.0
1116,google-bert/bert-base-uncased,product,original,rag,"Beef cattle, cow",1.0,9.0
1117,google-bert/bert-base-uncased,product,original,rag,"Whey, liquid",0.0,3.0
1118,google-bert/bert-base-uncased,product,original,rag,Wastewater (kg mass),0.0,18.0
1119,google-bert/bert-base-uncased,product,original,rag,"Milk, cow, raw (FPCM)",1.0,39.0
1120,google-bert/bert-base-uncased,product,original,rag,"Meat, chicken, wings",0.0,4.0
1121,google-bert/bert-base-uncased,product,original,rag,"Beef cattle, heifer and steer",0.0,5.0
1122,google-bert/bert-base-uncased,product,original,rag,"Meat, dairy cattle (cold carcass weight)",0.0,6.0
1123,google-bert/bert-base-uncased,product,original,rag,Buttermilk,0.0,2.0
1124,google-bert/bert-base-uncased,product,original,rag,"Pig, sow",1.0,20.0
1125,google-bert/bert-base-uncased,product,original,rag,"Cattle, urine (kg mass)",0.0,6.0
1126,google-bert/bert-base-uncased,product,original,rag,"Beef cattle, calf (female, weaned)",1.0,22.0
1127,google-bert/bert-base-uncased,product,original,rag,Yoghurt,0.0,6.0
1128,google-bert/bert-base-uncased,product,original,rag,"Meat, beef cattle (liveweight)",0.0,9.0
1129,google-bert/bert-base-uncased,product,original,rag,"Dairy cattle, heifer",1.0,5.0
1130,google-bert/bert-base-uncased,product,original,rag,"Sheep, ram",0.0,29.0
1131,google-bert/bert-base-uncased,product,original,rag,Caciotta,0.0,
1132,google-bert/bert-base-uncased,product,original,rag,"Electricity, produced on",0.0,3.0
1133,google-bert/bert-base-uncased,product,original,rag,Fresh cheese,0.0,12.0
1134,google-bert/bert-base-uncased,product,original,rag,Electricity,0.0,3.0
1135,google-bert/bert-base-uncased,product,original,rag,"Sheep, ewe",1.0,59.0
1136,google-bert/bert-base-uncased,product,original,rag,"Dairy cattle, calf (male, unweaned)",0.0,2.0
1137,google-bert/bert-base-uncased,product,original,rag,"Meat, pig (cold carcass weight)",0.0,2.0
1138,google-bert/bert-base-uncased,product,original,rag,"Beef cattle, calf (weaned)",0.0,2.0
1139,google-bert/bert-base-uncased,product,original,rag,"Meat, pig (cold dressed carcass weight)",1.0,16.0
1140,google-bert/bert-base-uncased,product,original,rag,"Dairy cattle, calf (female, weaned)",0.0,1.0
1141,google-bert/bert-base-uncased,product,original,rag,Whey,0.0,4.0
1142,google-bert/bert-base-uncased,product,original,rag,Offal,0.0,2.0
1143,google-bert/bert-base-uncased,product,original,rag,Cattle,0.0,6.0
1144,google-bert/bert-base-uncased,product,original,rag,"Dairy cattle, calf (weaned)",0.0,4.0
1145,google-bert/bert-base-uncased,product,original,rag,"Dairy cattle, calf",0.0,
1146,google-bert/bert-base-uncased,product,original,rag,Sheep,1.0,154.0
1147,google-bert/bert-base-uncased,product,original,rag,"Meat, chicken, breast",0.0,3.0
1148,google-bert/bert-base-uncased,product,original,rag,"Beef cattle, bull",1.0,20.0
1149,google-bert/bert-base-uncased,product,original,rag,"Offal, pigs",0.0,2.0
1150,google-bert/bert-base-uncased,product,original,rag,"Cream, cow, raw",0.0,1.0
1151,google-bert/bert-base-uncased,product,original,rag,"Broiler chicken, hen",1.0,5.0
1152,google-bert/bert-base-uncased,product,original,rag,"Broiler chicken, chick",1.0,9.0
1153,google-bert/bert-base-uncased,product,original,rag,"Sheep, lamb (weaned)",1.0,35.0
1154,google-bert/bert-base-uncased,product,original,rag,"Meat, dairy cattle (liveweight)",1.0,22.0
1155,google-bert/bert-base-uncased,product,original,rag,"Layer chicken, pullet",1.0,6.0
1156,google-bert/bert-base-uncased,product,original,rag,Broiler chicken,1.0,54.0
1157,google-bert/bert-base-uncased,product,original,rag,Beef cattle,1.0,235.0
1158,google-bert/bert-base-uncased,product,original,rag,"Cheese, cow",1.0,4.0
1159,google-bert/bert-base-uncased,product,original,rag,"Eggs, hen, in shell",1.0,16.0
1160,google-bert/bert-base-uncased,product,original,rag,"Cheese, sheep",0.0,1.0
1161,google-bert/bert-base-uncased,product,original,rag,Eggs,1.0,34.0
1162,google-bert/bert-base-uncased,product,original,rag,"Layer chicken, hen",0.0,7.0
1163,google-bert/bert-base-uncased,product,original,rag,"Sheep, lamb",1.0,31.0
1164,google-bert/bert-base-uncased,product,original,rag,"Milk, cow, raw",1.0,12.0
1165,google-bert/bert-base-uncased,product,original,rag,"Beef cattle, steer",1.0,76.0
1166,google-bert/bert-base-uncased,product,original,rag,Butter,0.0,8.0
1167,google-bert/bert-base-uncased,product,original,rag,Poultry by,0.0,2.0
1168,google-bert/bert-base-uncased,product,original,rag,"Dairy cattle, cow",1.0,14.0
1169,google-bert/bert-base-uncased,product,original,rag,"Pig, piglet",0.875,24.0
1170,google-bert/bert-base-uncased,product,original,rag,"Meat, chicken, leg",1.0,3.0
1171,google-bert/bert-base-uncased,product,original,rag,"Hides, dairy cattle, fresh",0.0,
1172,google-bert/bert-base-uncased,product,original,rag,"Meat, chicken (cold carcass weight)",1.0,6.0
1173,google-bert/bert-base-uncased,product,original,rag,"Whey, powder",0.0,1.0
1174,google-bert/bert-base-uncased,product,original,rag,Cheese,1.0,5.0
1175,google-bert/bert-base-uncased,product,original,rag,Soft,1.0,12.0
1176,google-bert/bert-base-uncased,product,original,rag,"Eggs, hen, in shell (number)",1.0,18.0
1177,google-bert/bert-base-uncased,product,original,rag,Meat,1.0,113.0
1178,google-bert/bert-base-uncased,product,original,rag,"Meat, chicken (liveweight)",0.0,12.0
1179,google-bert/bert-base-uncased,product,original,rag,"Beef cattle, heifer",1.0,64.0
1180,google-bert/bert-base-uncased,product,original,rag,Ricotta,1.0,4.0
1181,google-bert/bert-base-uncased,product,original,rag,Ripened cheese,1.0,20.0
1182,microsoft/deberta-v3-base,product,original,rag,"Meat, beef cattle (cold carcass weight)",1.0,20.0
1183,microsoft/deberta-v3-base,product,original,rag,Layer chicken,1.0,49.0
1184,microsoft/deberta-v3-base,product,original,rag,Pig,1.0,140.0
1185,microsoft/deberta-v3-base,product,original,rag,"Meat, beef cattle (cold dressed carcass weight)",1.0,10.0
1186,microsoft/deberta-v3-base,product,original,rag,Hides,0.0,
1187,microsoft/deberta-v3-base,product,original,rag,Dairy cattle,1.0,26.0
1188,microsoft/deberta-v3-base,product,original,rag,Milk,1.0,51.0
1189,microsoft/deberta-v3-base,product,original,rag,Cream,0.0,1.0
1190,microsoft/deberta-v3-base,product,original,rag,"Beef cattle, calf (male, weaned)",1.0,31.0
1191,microsoft/deberta-v3-base,product,original,rag,"Beef cattle, cow",1.0,9.0
1192,microsoft/deberta-v3-base,product,original,rag,"Whey, liquid",0.0,3.0
1193,microsoft/deberta-v3-base,product,original,rag,Wastewater (kg mass),0.0,18.0
1194,microsoft/deberta-v3-base,product,original,rag,"Milk, cow, raw (FPCM)",1.0,39.0
1195,microsoft/deberta-v3-base,product,original,rag,"Meat, chicken, wings",0.0,4.0
1196,microsoft/deberta-v3-base,product,original,rag,"Beef cattle, heifer and steer",0.0,5.0
1197,microsoft/deberta-v3-base,product,original,rag,"Meat, dairy cattle (cold carcass weight)",0.0,6.0
1198,microsoft/deberta-v3-base,product,original,rag,Buttermilk,0.0,2.0
1199,microsoft/deberta-v3-base,product,original,rag,"Pig, sow",1.0,20.0
1200,microsoft/deberta-v3-base,product,original,rag,"Cattle, urine (kg mass)",0.0,6.0
1201,microsoft/deberta-v3-base,product,original,rag,"Beef cattle, calf (female, weaned)",1.0,22.0
1202,microsoft/deberta-v3-base,product,original,rag,Yoghurt,0.0,6.0
1203,microsoft/deberta-v3-base,product,original,rag,"Meat, beef cattle (liveweight)",0.0,9.0
1204,microsoft/deberta-v3-base,product,original,rag,"Dairy cattle, heifer",1.0,5.0
1205,microsoft/deberta-v3-base,product,original,rag,"Sheep, ram",0.0,29.0
1206,microsoft/deberta-v3-base,product,original,rag,Caciotta,0.0,
1207,microsoft/deberta-v3-base,product,original,rag,"Electricity, produced on",0.0,3.0
1208,microsoft/deberta-v3-base,product,original,rag,Fresh cheese,0.0,12.0
1209,microsoft/deberta-v3-base,product,original,rag,Electricity,0.0,3.0
1210,microsoft/deberta-v3-base,product,original,rag,"Sheep, ewe",1.0,59.0
1211,microsoft/deberta-v3-base,product,original,rag,"Dairy cattle, calf (male, unweaned)",0.0,2.0
1212,microsoft/deberta-v3-base,product,original,rag,"Meat, pig (cold carcass weight)",0.0,2.0
1213,microsoft/deberta-v3-base,product,original,rag,"Beef cattle, calf (weaned)",0.0,2.0
1214,microsoft/deberta-v3-base,product,original,rag,"Meat, pig (cold dressed carcass weight)",1.0,16.0
1215,microsoft/deberta-v3-base,product,original,rag,"Dairy cattle, calf (female, weaned)",0.0,1.0
1216,microsoft/deberta-v3-base,product,original,rag,Whey,0.0,4.0
1217,microsoft/deberta-v3-base,product,original,rag,Offal,0.0,2.0
1218,microsoft/deberta-v3-base,product,original,rag,Cattle,0.0,6.0
1219,microsoft/deberta-v3-base,product,original,rag,"Dairy cattle, calf (weaned)",0.0,4.0
1220,microsoft/deberta-v3-base,product,original,rag,"Dairy cattle, calf",0.0,
1221,microsoft/deberta-v3-base,product,original,rag,Sheep,1.0,154.0
1222,microsoft/deberta-v3-base,product,original,rag,"Meat, chicken, breast",0.0,3.0
1223,microsoft/deberta-v3-base,product,original,rag,"Beef cattle, bull",1.0,20.0
1224,microsoft/deberta-v3-base,product,original,rag,"Offal, pigs",0.0,2.0
1225,microsoft/deberta-v3-base,product,original,rag,"Cream, cow, raw",0.0,1.0
1226,microsoft/deberta-v3-base,product,original,rag,"Broiler chicken, hen",1.0,5.0
1227,microsoft/deberta-v3-base,product,original,rag,"Broiler chicken, chick",1.0,9.0
1228,microsoft/deberta-v3-base,product,original,rag,"Sheep, lamb (weaned)",1.0,35.0
1229,microsoft/deberta-v3-base,product,original,rag,"Meat, dairy cattle (liveweight)",0.75,22.0
1230,microsoft/deberta-v3-base,product,original,rag,"Layer chicken, pullet",1.0,6.0
1231,microsoft/deberta-v3-base,product,original,rag,Broiler chicken,1.0,54.0
1232,microsoft/deberta-v3-base,product,original,rag,Beef cattle,1.0,235.0
1233,microsoft/deberta-v3-base,product,original,rag,"Cheese, cow",1.0,4.0
1234,microsoft/deberta-v3-base,product,original,rag,"Eggs, hen, in shell",1.0,16.0
1235,microsoft/deberta-v3-base,product,original,rag,"Cheese, sheep",0.0,1.0
1236,microsoft/deberta-v3-base,product,original,rag,Eggs,1.0,34.0
1237,microsoft/deberta-v3-base,product,original,rag,"Layer chicken, hen",0.0,7.0
1238,microsoft/deberta-v3-base,product,original,rag,"Sheep, lamb",1.0,31.0
1239,microsoft/deberta-v3-base,product,original,rag,"Milk, cow, raw",1.0,12.0
1240,microsoft/deberta-v3-base,product,original,rag,"Beef cattle, steer",1.0,76.0
1241,microsoft/deberta-v3-base,product,original,rag,Butter,0.0,8.0
1242,microsoft/deberta-v3-base,product,original,rag,Poultry by,0.0,2.0
1243,microsoft/deberta-v3-base,product,original,rag,"Dairy cattle, cow",0.75,14.0
1244,microsoft/deberta-v3-base,product,original,rag,"Pig, piglet",1.0,24.0
1245,microsoft/deberta-v3-base,product,original,rag,"Meat, chicken, leg",1.0,3.0
1246,microsoft/deberta-v3-base,product,original,rag,"Hides, dairy cattle, fresh",0.0,
1247,microsoft/deberta-v3-base,product,original,rag,"Meat, chicken (cold carcass weight)",1.0,6.0
1248,microsoft/deberta-v3-base,product,original,rag,"Whey, powder",0.0,1.0
1249,microsoft/deberta-v3-base,product,original,rag,Cheese,1.0,5.0
1250,microsoft/deberta-v3-base,product,original,rag,Soft,1.0,12.0
1251,microsoft/deberta-v3-base,product,original,rag,"Eggs, hen, in shell (number)",1.0,18.0
1252,microsoft/deberta-v3-base,product,original,rag,Meat,0.9375,113.0
1253,microsoft/deberta-v3-base,product,original,rag,"Meat, chicken (liveweight)",0.0,12.0
1254,microsoft/deberta-v3-base,product,original,rag,"Beef cattle, heifer",1.0,64.0
1255,microsoft/deberta-v3-base,product,original,rag,Ricotta,1.0,4.0
1256,microsoft/deberta-v3-base,product,original,rag,Ripened cheese,1.0,20.0
1257,microsoft/deberta-v3-large,product,original,rag,"Meat, beef cattle (cold carcass weight)",1.0,20.0
1258,microsoft/deberta-v3-large,product,original,rag,Layer chicken,1.0,49.0
1259,microsoft/deberta-v3-large,product,original,rag,Pig,1.0,140.0
1260,microsoft/deberta-v3-large,product,original,rag,"Meat, beef cattle (cold dressed carcass weight)",1.0,10.0
1261,microsoft/deberta-v3-large,product,original,rag,Hides,0.0,
1262,microsoft/deberta-v3-large,product,original,rag,Dairy cattle,1.0,26.0
1263,microsoft/deberta-v3-large,product,original,rag,Milk,1.0,51.0
1264,microsoft/deberta-v3-large,product,original,rag,Cream,0.0,1.0
1265,microsoft/deberta-v3-large,product,original,rag,"Beef cattle, calf (male, weaned)",1.0,31.0
1266,microsoft/deberta-v3-large,product,original,rag,"Beef cattle, cow",1.0,9.0
1267,microsoft/deberta-v3-large,product,original,rag,"Whey, liquid",0.0,3.0
1268,microsoft/deberta-v3-large,product,original,rag,Wastewater (kg mass),0.0,18.0
1269,microsoft/deberta-v3-large,product,original,rag,"Milk, cow, raw (FPCM)",1.0,39.0
1270,microsoft/deberta-v3-large,product,original,rag,"Meat, chicken, wings",0.0,4.0
1271,microsoft/deberta-v3-large,product,original,rag,"Beef cattle, heifer and steer",0.0,5.0
1272,microsoft/deberta-v3-large,product,original,rag,"Meat, dairy cattle (cold carcass weight)",0.0,6.0
1273,microsoft/deberta-v3-large,product,original,rag,Buttermilk,0.0,2.0
1274,microsoft/deberta-v3-large,product,original,rag,"Pig, sow",1.0,20.0
1275,microsoft/deberta-v3-large,product,original,rag,"Cattle, urine (kg mass)",0.0,6.0
1276,microsoft/deberta-v3-large,product,original,rag,"Beef cattle, calf (female, weaned)",1.0,22.0
1277,microsoft/deberta-v3-large,product,original,rag,Yoghurt,0.0,6.0
1278,microsoft/deberta-v3-large,product,original,rag,"Meat, beef cattle (liveweight)",0.0,9.0
1279,microsoft/deberta-v3-large,product,original,rag,"Dairy cattle, heifer",1.0,5.0
1280,microsoft/deberta-v3-large,product,original,rag,"Sheep, ram",0.0,29.0
1281,microsoft/deberta-v3-large,product,original,rag,Caciotta,0.0,
1282,microsoft/deberta-v3-large,product,original,rag,"Electricity, produced on",0.0,3.0
1283,microsoft/deberta-v3-large,product,original,rag,Fresh cheese,0.0,12.0
1284,microsoft/deberta-v3-large,product,original,rag,Electricity,0.0,3.0
1285,microsoft/deberta-v3-large,product,original,rag,"Sheep, ewe",1.0,59.0
1286,microsoft/deberta-v3-large,product,original,rag,"Dairy cattle, calf (male, unweaned)",0.0,2.0
1287,microsoft/deberta-v3-large,product,original,rag,"Meat, pig (cold carcass weight)",0.0,2.0
1288,microsoft/deberta-v3-large,product,original,rag,"Beef cattle, calf (weaned)",0.0,2.0
1289,microsoft/deberta-v3-large,product,original,rag,"Meat, pig (cold dressed carcass weight)",1.0,16.0
1290,microsoft/deberta-v3-large,product,original,rag,"Dairy cattle, calf (female, weaned)",0.0,1.0
1291,microsoft/deberta-v3-large,product,original,rag,Whey,0.0,4.0
1292,microsoft/deberta-v3-large,product,original,rag,Offal,0.0,2.0
1293,microsoft/deberta-v3-large,product,original,rag,Cattle,0.0,6.0
1294,microsoft/deberta-v3-large,product,original,rag,"Dairy cattle, calf (weaned)",0.0,4.0
1295,microsoft/deberta-v3-large,product,original,rag,"Dairy cattle, calf",0.0,
1296,microsoft/deberta-v3-large,product,original,rag,Sheep,1.0,154.0
1297,microsoft/deberta-v3-large,product,original,rag,"Meat, chicken, breast",0.0,3.0
1298,microsoft/deberta-v3-large,product,original,rag,"Beef cattle, bull",1.0,20.0
1299,microsoft/deberta-v3-large,product,original,rag,"Offal, pigs",0.0,2.0
1300,microsoft/deberta-v3-large,product,original,rag,"Cream, cow, raw",0.0,1.0
1301,microsoft/deberta-v3-large,product,original,rag,"Broiler chicken, hen",1.0,5.0
1302,microsoft/deberta-v3-large,product,original,rag,"Broiler chicken, chick",1.0,9.0
1303,microsoft/deberta-v3-large,product,original,rag,"Sheep, lamb (weaned)",1.0,35.0
1304,microsoft/deberta-v3-large,product,original,rag,"Meat, dairy cattle (liveweight)",1.0,22.0
1305,microsoft/deberta-v3-large,product,original,rag,"Layer chicken, pullet",1.0,6.0
1306,microsoft/deberta-v3-large,product,original,rag,Broiler chicken,1.0,54.0
1307,microsoft/deberta-v3-large,product,original,rag,Beef cattle,1.0,235.0
1308,microsoft/deberta-v3-large,product,original,rag,"Cheese, cow",1.0,4.0
1309,microsoft/deberta-v3-large,product,original,rag,"Eggs, hen, in shell",1.0,16.0
1310,microsoft/deberta-v3-large,product,original,rag,"Cheese, sheep",0.0,1.0
1311,microsoft/deberta-v3-large,product,original,rag,Eggs,1.0,34.0
1312,microsoft/deberta-v3-large,product,original,rag,"Layer chicken, hen",0.0,7.0
1313,microsoft/deberta-v3-large,product,original,rag,"Sheep, lamb",1.0,31.0
1314,microsoft/deberta-v3-large,product,original,rag,"Milk, cow, raw",1.0,12.0
1315,microsoft/deberta-v3-large,product,original,rag,"Beef cattle, steer",1.0,76.0
1316,microsoft/deberta-v3-large,product,original,rag,Butter,0.0,8.0
1317,microsoft/deberta-v3-large,product,original,rag,Poultry by,0.0,2.0
1318,microsoft/deberta-v3-large,product,original,rag,"Dairy cattle, cow",1.0,14.0
1319,microsoft/deberta-v3-large,product,original,rag,"Pig, piglet",1.0,24.0
1320,microsoft/deberta-v3-large,product,original,rag,"Meat, chicken, leg",0.0,3.0
1321,microsoft/deberta-v3-large,product,original,rag,"Hides, dairy cattle, fresh",0.0,
1322,microsoft/deberta-v3-large,product,original,rag,"Meat, chicken (cold carcass weight)",1.0,6.0
1323,microsoft/deberta-v3-large,product,original,rag,"Whey, powder",0.0,1.0
1324,microsoft/deberta-v3-large,product,original,rag,Cheese,1.0,5.0
1325,microsoft/deberta-v3-large,product,original,rag,Soft,1.0,12.0
1326,microsoft/deberta-v3-large,product,original,rag,"Eggs, hen, in shell (number)",1.0,18.0
1327,microsoft/deberta-v3-large,product,original,rag,Meat,1.0,113.0
1328,microsoft/deberta-v3-large,product,original,rag,"Meat, chicken (liveweight)",0.0,12.0
1329,microsoft/deberta-v3-large,product,original,rag,"Beef cattle, heifer",1.0,64.0
1330,microsoft/deberta-v3-large,product,original,rag,Ricotta,1.0,4.0
1331,microsoft/deberta-v3-large,product,original,rag,Ripened cheese,0.3333333333333333,20.0
1332,microsoft/deberta-v3-small,product,original,rag,"Meat, beef cattle (cold carcass weight)",1.0,20.0
1333,microsoft/deberta-v3-small,product,original,rag,Layer chicken,1.0,49.0
1334,microsoft/deberta-v3-small,product,original,rag,Pig,1.0,140.0
1335,microsoft/deberta-v3-small,product,original,rag,"Meat, beef cattle (cold dressed carcass weight)",1.0,10.0
1336,microsoft/deberta-v3-small,product,original,rag,Hides,0.0,
1337,microsoft/deberta-v3-small,product,original,rag,Dairy cattle,0.8333333333333334,26.0
1338,microsoft/deberta-v3-small,product,original,rag,Milk,1.0,51.0
1339,microsoft/deberta-v3-small,product,original,rag,Cream,0.0,1.0
1340,microsoft/deberta-v3-small,product,original,rag,"Beef cattle, calf (male, weaned)",1.0,31.0
1341,microsoft/deberta-v3-small,product,original,rag,"Beef cattle, cow",1.0,9.0
1342,microsoft/deberta-v3-small,product,original,rag,"Whey, liquid",0.0,3.0
1343,microsoft/deberta-v3-small,product,original,rag,Wastewater (kg mass),0.0,18.0
1344,microsoft/deberta-v3-small,product,original,rag,"Milk, cow, raw (FPCM)",1.0,39.0
1345,microsoft/deberta-v3-small,product,original,rag,"Meat, chicken, wings",0.0,4.0
1346,microsoft/deberta-v3-small,product,original,rag,"Beef cattle, heifer and steer",0.0,5.0
1347,microsoft/deberta-v3-small,product,original,rag,"Meat, dairy cattle (cold carcass weight)",0.0,6.0
1348,microsoft/deberta-v3-small,product,original,rag,Buttermilk,0.0,2.0
1349,microsoft/deberta-v3-small,product,original,rag,"Pig, sow",1.0,20.0
1350,microsoft/deberta-v3-small,product,original,rag,"Cattle, urine (kg mass)",0.0,6.0
1351,microsoft/deberta-v3-small,product,original,rag,"Beef cattle, calf (female, weaned)",1.0,22.0
1352,microsoft/deberta-v3-small,product,original,rag,Yoghurt,0.0,6.0
1353,microsoft/deberta-v3-small,product,original,rag,"Meat, beef cattle (liveweight)",0.0,9.0
1354,microsoft/deberta-v3-small,product,original,rag,"Dairy cattle, heifer",1.0,5.0
1355,microsoft/deberta-v3-small,product,original,rag,"Sheep, ram",0.0,29.0
1356,microsoft/deberta-v3-small,product,original,rag,Caciotta,0.0,
1357,microsoft/deberta-v3-small,product,original,rag,"Electricity, produced on",0.0,3.0
1358,microsoft/deberta-v3-small,product,original,rag,Fresh cheese,0.0,12.0
1359,microsoft/deberta-v3-small,product,original,rag,Electricity,0.0,3.0
1360,microsoft/deberta-v3-small,product,original,rag,"Sheep, ewe",1.0,59.0
1361,microsoft/deberta-v3-small,product,original,rag,"Dairy cattle, calf (male, unweaned)",0.0,2.0
1362,microsoft/deberta-v3-small,product,original,rag,"Meat, pig (cold carcass weight)",0.0,2.0
1363,microsoft/deberta-v3-small,product,original,rag,"Beef cattle, calf (weaned)",0.0,2.0
1364,microsoft/deberta-v3-small,product,original,rag,"Meat, pig (cold dressed carcass weight)",1.0,16.0
1365,microsoft/deberta-v3-small,product,original,rag,"Dairy cattle, calf (female, weaned)",0.0,1.0
1366,microsoft/deberta-v3-small,product,original,rag,Whey,0.0,4.0
1367,microsoft/deberta-v3-small,product,original,rag,Offal,0.0,2.0
1368,microsoft/deberta-v3-small,product,original,rag,Cattle,0.0,6.0
1369,microsoft/deberta-v3-small,product,original,rag,"Dairy cattle, calf (weaned)",0.0,4.0
1370,microsoft/deberta-v3-small,product,original,rag,"Dairy cattle, calf",0.0,
1371,microsoft/deberta-v3-small,product,original,rag,Sheep,1.0,154.0
1372,microsoft/deberta-v3-small,product,original,rag,"Meat, chicken, breast",0.0,3.0
1373,microsoft/deberta-v3-small,product,original,rag,"Beef cattle, bull",1.0,20.0
1374,microsoft/deberta-v3-small,product,original,rag,"Offal, pigs",0.0,2.0
1375,microsoft/deberta-v3-small,product,original,rag,"Cream, cow, raw",0.0,1.0
1376,microsoft/deberta-v3-small,product,original,rag,"Broiler chicken, hen",1.0,5.0
1377,microsoft/deberta-v3-small,product,original,rag,"Broiler chicken, chick",1.0,9.0
1378,microsoft/deberta-v3-small,product,original,rag,"Sheep, lamb (weaned)",1.0,35.0
1379,microsoft/deberta-v3-small,product,original,rag,"Meat, dairy cattle (liveweight)",1.0,22.0
1380,microsoft/deberta-v3-small,product,original,rag,"Layer chicken, pullet",1.0,6.0
1381,microsoft/deberta-v3-small,product,original,rag,Broiler chicken,1.0,54.0
1382,microsoft/deberta-v3-small,product,original,rag,Beef cattle,1.0,235.0
1383,microsoft/deberta-v3-small,product,original,rag,"Cheese, cow",1.0,4.0
1384,microsoft/deberta-v3-small,product,original,rag,"Eggs, hen, in shell",1.0,16.0
1385,microsoft/deberta-v3-small,product,original,rag,"Cheese, sheep",0.0,1.0
1386,microsoft/deberta-v3-small,product,original,rag,Eggs,1.0,34.0
1387,microsoft/deberta-v3-small,product,original,rag,"Layer chicken, hen",0.0,7.0
1388,microsoft/deberta-v3-small,product,original,rag,"Sheep, lamb",1.0,31.0
1389,microsoft/deberta-v3-small,product,original,rag,"Milk, cow, raw",1.0,12.0
1390,microsoft/deberta-v3-small,product,original,rag,"Beef cattle, steer",1.0,76.0
1391,microsoft/deberta-v3-small,product,original,rag,Butter,0.0,8.0
1392,microsoft/deberta-v3-small,product,original,rag,Poultry by,0.0,2.0
1393,microsoft/deberta-v3-small,product,original,rag,"Dairy cattle, cow",0.6,14.0
1394,microsoft/deberta-v3-small,product,original,rag,"Pig, piglet",1.0,24.0
1395,microsoft/deberta-v3-small,product,original,rag,"Meat, chicken, leg",0.0,3.0
1396,microsoft/deberta-v3-small,product,original,rag,"Hides, dairy cattle, fresh",0.0,
1397,microsoft/deberta-v3-small,product,original,rag,"Meat, chicken (cold carcass weight)",1.0,6.0
1398,microsoft/deberta-v3-small,product,original,rag,"Whey, powder",0.0,1.0
1399,microsoft/deberta-v3-small,product,original,rag,Cheese,1.0,5.0
1400,microsoft/deberta-v3-small,product,original,rag,Soft,1.0,12.0
1401,microsoft/deberta-v3-small,product,original,rag,"Eggs, hen, in shell (number)",1.0,18.0
1402,microsoft/deberta-v3-small,product,original,rag,Meat,1.0,113.0
1403,microsoft/deberta-v3-small,product,original,rag,"Meat, chicken (liveweight)",0.0,12.0
1404,microsoft/deberta-v3-small,product,original,rag,"Beef cattle, heifer",1.0,64.0
1405,microsoft/deberta-v3-small,product,original,rag,Ricotta,1.0,4.0
1406,microsoft/deberta-v3-small,product,original,rag,Ripened cheese,0.3333333333333333,20.0
1407,climatebert/distilroberta-base-climate-f,systemBoundary,original,rag,True_liveAnimalInput,0.9797979797979798,780.0
1408,climatebert/distilroberta-base-climate-f,systemBoundary,original,rag,True_cropResidue,0.953125,490.0
1409,climatebert/distilroberta-base-climate-f,systemBoundary,original,rag,True_seed,1.0,753.0
1410,climatebert/distilroberta-base-climate-f,systemBoundary,original,rag,True_product,1.0,753.0
1411,climatebert/distilroberta-base-climate-f,systemBoundary,original,rag,True_pesticideVeterinaryDrug,0.9818181818181818,451.0
1412,climatebert/distilroberta-base-climate-f,systemBoundary,original,rag,True_excreta,1.0,227.0
1413,climatebert/distilroberta-base-climate-f,systemBoundary,original,rag,True_freshForage,1.0,447.0
1414,climatebert/distilroberta-base-climate-f,systemBoundary,original,rag,True_transport,1.0,45.0
1415,climatebert/distilroberta-base-climate-f,systemBoundary,original,rag,True_animalFeed,0.9897959183673469,789.0
1416,climatebert/distilroberta-base-climate-f,systemBoundary,original,rag,True_waste,0.875,68.0
1417,climatebert/distilroberta-base-climate-f,systemBoundary,original,rag,True_ingredient,1.0,824.0
1418,climatebert/distilroberta-base-climate-f,systemBoundary,original,rag,True_operation,1.0,318.0
1419,climatebert/distilroberta-base-climate-f,systemBoundary,original,rag,True_soilAmendment,1.0,785.0
1420,climatebert/distilroberta-base-climate-f,systemBoundary,original,rag,True_material,1.0,12.0
1421,climatebert/distilroberta-base-climate-f,systemBoundary,original,rag,True_animalPopulation,1.0,799.0
1422,climatebert/distilroberta-base-climate-f,systemBoundary,original,rag,True_otherChemical,0.9891304347826086,779.0
1423,climatebert/distilroberta-base-climate-f,systemBoundary,original,rag,True_electricityFuel,0.9863013698630136,601.0
1424,climatebert/distilroberta-base-climate-f,systemBoundary,original,rag,True_water,0.9615384615384616,202.0
1425,climatebert/distilroberta-base-climate-f,systemBoundary,original,rag,True_fertiliser,0.9897959183673469,788.0
1426,ESGBERT/EnvironmentalBERT-base,systemBoundary,original,rag,True_liveAnimalInput,0.9797979797979798,780.0
1427,ESGBERT/EnvironmentalBERT-base,systemBoundary,original,rag,True_cropResidue,1.0,490.0
1428,ESGBERT/EnvironmentalBERT-base,systemBoundary,original,rag,True_seed,1.0,753.0
1429,ESGBERT/EnvironmentalBERT-base,systemBoundary,original,rag,True_product,1.0,753.0
1430,ESGBERT/EnvironmentalBERT-base,systemBoundary,original,rag,True_pesticideVeterinaryDrug,0.9814814814814815,451.0
1431,ESGBERT/EnvironmentalBERT-base,systemBoundary,original,rag,True_excreta,1.0,227.0
1432,ESGBERT/EnvironmentalBERT-base,systemBoundary,original,rag,True_freshForage,1.0,447.0
1433,ESGBERT/EnvironmentalBERT-base,systemBoundary,original,rag,True_transport,1.0,45.0
1434,ESGBERT/EnvironmentalBERT-base,systemBoundary,original,rag,True_animalFeed,0.9897959183673469,789.0
1435,ESGBERT/EnvironmentalBERT-base,systemBoundary,original,rag,True_waste,0.8571428571428571,68.0
1436,ESGBERT/EnvironmentalBERT-base,systemBoundary,original,rag,True_ingredient,1.0,824.0
1437,ESGBERT/EnvironmentalBERT-base,systemBoundary,original,rag,True_operation,1.0,318.0
1438,ESGBERT/EnvironmentalBERT-base,systemBoundary,original,rag,True_soilAmendment,1.0,785.0
1439,ESGBERT/EnvironmentalBERT-base,systemBoundary,original,rag,True_material,1.0,12.0
1440,ESGBERT/EnvironmentalBERT-base,systemBoundary,original,rag,True_animalPopulation,1.0,799.0
1441,ESGBERT/EnvironmentalBERT-base,systemBoundary,original,rag,True_otherChemical,0.989247311827957,779.0
1442,ESGBERT/EnvironmentalBERT-base,systemBoundary,original,rag,True_electricityFuel,1.0,601.0
1443,ESGBERT/EnvironmentalBERT-base,systemBoundary,original,rag,True_water,0.9583333333333334,202.0
1444,ESGBERT/EnvironmentalBERT-base,systemBoundary,original,rag,True_fertiliser,1.0,788.0
1445,FacebookAI/roberta-large,systemBoundary,original,rag,True_liveAnimalInput,0.97,780.0
1446,FacebookAI/roberta-large,systemBoundary,original,rag,True_cropResidue,0.9393939393939394,490.0
1447,FacebookAI/roberta-large,systemBoundary,original,rag,True_seed,1.0,753.0
1448,FacebookAI/roberta-large,systemBoundary,original,rag,True_product,1.0,753.0
1449,FacebookAI/roberta-large,systemBoundary,original,rag,True_pesticideVeterinaryDrug,0.9818181818181818,451.0
1450,FacebookAI/roberta-large,systemBoundary,original,rag,True_excreta,1.0,227.0
1451,FacebookAI/roberta-large,systemBoundary,original,rag,True_freshForage,1.0,447.0
1452,FacebookAI/roberta-large,systemBoundary,original,rag,True_transport,0.8888888888888888,45.0
1453,FacebookAI/roberta-large,systemBoundary,original,rag,True_animalFeed,0.9897959183673469,789.0
1454,FacebookAI/roberta-large,systemBoundary,original,rag,True_waste,0.8571428571428571,68.0
1455,FacebookAI/roberta-large,systemBoundary,original,rag,True_ingredient,1.0,824.0
1456,FacebookAI/roberta-large,systemBoundary,original,rag,True_operation,1.0,318.0
1457,FacebookAI/roberta-large,systemBoundary,original,rag,True_soilAmendment,1.0,785.0
1458,FacebookAI/roberta-large,systemBoundary,original,rag,True_material,1.0,12.0
1459,FacebookAI/roberta-large,systemBoundary,original,rag,True_animalPopulation,1.0,799.0
1460,FacebookAI/roberta-large,systemBoundary,original,rag,True_otherChemical,0.9891304347826086,779.0
1461,FacebookAI/roberta-large,systemBoundary,original,rag,True_electricityFuel,0.9864864864864865,601.0
1462,FacebookAI/roberta-large,systemBoundary,original,rag,True_water,0.9583333333333334,202.0
1463,FacebookAI/roberta-large,systemBoundary,original,rag,True_fertiliser,0.9897959183673469,788.0
1464,google-bert/bert-base-uncased,systemBoundary,original,rag,True_liveAnimalInput,0.9696969696969697,780.0
1465,google-bert/bert-base-uncased,systemBoundary,original,rag,True_cropResidue,0.9682539682539683,490.0
1466,google-bert/bert-base-uncased,systemBoundary,original,rag,True_seed,1.0,753.0
1467,google-bert/bert-base-uncased,systemBoundary,original,rag,True_product,0.9896907216494846,753.0
1468,google-bert/bert-base-uncased,systemBoundary,original,rag,True_pesticideVeterinaryDrug,1.0,451.0
1469,google-bert/bert-base-uncased,systemBoundary,original,rag,True_excreta,1.0,227.0
1470,google-bert/bert-base-uncased,systemBoundary,original,rag,True_freshForage,1.0,447.0
1471,google-bert/bert-base-uncased,systemBoundary,original,rag,True_transport,1.0,45.0
1472,google-bert/bert-base-uncased,systemBoundary,original,rag,True_animalFeed,1.0,789.0
1473,google-bert/bert-base-uncased,systemBoundary,original,rag,True_waste,0.8333333333333334,68.0
1474,google-bert/bert-base-uncased,systemBoundary,original,rag,True_ingredient,1.0,824.0
1475,google-bert/bert-base-uncased,systemBoundary,original,rag,True_operation,1.0,318.0
1476,google-bert/bert-base-uncased,systemBoundary,original,rag,True_soilAmendment,1.0,785.0
1477,google-bert/bert-base-uncased,systemBoundary,original,rag,True_material,1.0,12.0
1478,google-bert/bert-base-uncased,systemBoundary,original,rag,True_animalPopulation,0.9897959183673469,799.0
1479,google-bert/bert-base-uncased,systemBoundary,original,rag,True_otherChemical,0.9891304347826086,779.0
1480,google-bert/bert-base-uncased,systemBoundary,original,rag,True_electricityFuel,0.9866666666666667,601.0
1481,google-bert/bert-base-uncased,systemBoundary,original,rag,True_water,0.9615384615384616,202.0
1482,google-bert/bert-base-uncased,systemBoundary,original,rag,True_fertiliser,0.9897959183673469,788.0
1483,microsoft/deberta-v3-base,systemBoundary,original,rag,True_liveAnimalInput,0.9693877551020408,780.0
1484,microsoft/deberta-v3-base,systemBoundary,original,rag,True_cropResidue,0.9384615384615385,490.0
1485,microsoft/deberta-v3-base,systemBoundary,original,rag,True_seed,1.0,753.0
1486,microsoft/deberta-v3-base,systemBoundary,original,rag,True_product,1.0,753.0
1487,microsoft/deberta-v3-base,systemBoundary,original,rag,True_pesticideVeterinaryDrug,0.9642857142857143,451.0
1488,microsoft/deberta-v3-base,systemBoundary,original,rag,True_excreta,1.0,227.0
1489,microsoft/deberta-v3-base,systemBoundary,original,rag,True_freshForage,1.0,447.0
1490,microsoft/deberta-v3-base,systemBoundary,original,rag,True_transport,1.0,45.0
1491,microsoft/deberta-v3-base,systemBoundary,original,rag,True_animalFeed,0.9795918367346939,789.0
1492,microsoft/deberta-v3-base,systemBoundary,original,rag,True_waste,0.7142857142857143,68.0
1493,microsoft/deberta-v3-base,systemBoundary,original,rag,True_ingredient,1.0,824.0
1494,microsoft/deberta-v3-base,systemBoundary,original,rag,True_operation,1.0,318.0
1495,microsoft/deberta-v3-base,systemBoundary,original,rag,True_soilAmendment,1.0,785.0
1496,microsoft/deberta-v3-base,systemBoundary,original,rag,True_material,1.0,12.0
1497,microsoft/deberta-v3-base,systemBoundary,original,rag,True_animalPopulation,1.0,799.0
1498,microsoft/deberta-v3-base,systemBoundary,original,rag,True_otherChemical,0.978494623655914,779.0
1499,microsoft/deberta-v3-base,systemBoundary,original,rag,True_electricityFuel,1.0,601.0
1500,microsoft/deberta-v3-base,systemBoundary,original,rag,True_water,0.9629629629629629,202.0
1501,microsoft/deberta-v3-base,systemBoundary,original,rag,True_fertiliser,0.9797979797979798,788.0
1502,microsoft/deberta-v3-large,systemBoundary,original,rag,True_liveAnimalInput,0.97,780.0
1503,microsoft/deberta-v3-large,systemBoundary,original,rag,True_cropResidue,0.9838709677419355,490.0
1504,microsoft/deberta-v3-large,systemBoundary,original,rag,True_seed,1.0,753.0
1505,microsoft/deberta-v3-large,systemBoundary,original,rag,True_product,1.0,753.0
1506,microsoft/deberta-v3-large,systemBoundary,original,rag,True_pesticideVeterinaryDrug,0.9821428571428571,451.0
1507,microsoft/deberta-v3-large,systemBoundary,original,rag,True_excreta,1.0,227.0
1508,microsoft/deberta-v3-large,systemBoundary,original,rag,True_freshForage,1.0,447.0
1509,microsoft/deberta-v3-large,systemBoundary,original,rag,True_transport,1.0,45.0
1510,microsoft/deberta-v3-large,systemBoundary,original,rag,True_animalFeed,1.0,789.0
1511,microsoft/deberta-v3-large,systemBoundary,original,rag,True_waste,1.0,68.0
1512,microsoft/deberta-v3-large,systemBoundary,original,rag,True_ingredient,1.0,824.0
1513,microsoft/deberta-v3-large,systemBoundary,original,rag,True_operation,1.0,318.0
1514,microsoft/deberta-v3-large,systemBoundary,original,rag,True_soilAmendment,1.0,785.0
1515,microsoft/deberta-v3-large,systemBoundary,original,rag,True_material,1.0,12.0
1516,microsoft/deberta-v3-large,systemBoundary,original,rag,True_animalPopulation,1.0,799.0
1517,microsoft/deberta-v3-large,systemBoundary,original,rag,True_otherChemical,0.989247311827957,779.0
1518,microsoft/deberta-v3-large,systemBoundary,original,rag,True_electricityFuel,1.0,601.0
1519,microsoft/deberta-v3-large,systemBoundary,original,rag,True_water,0.9642857142857143,202.0
1520,microsoft/deberta-v3-large,systemBoundary,original,rag,True_fertiliser,1.0,788.0
1521,microsoft/deberta-v3-small,systemBoundary,original,rag,True_liveAnimalInput,0.96875,780.0
1522,microsoft/deberta-v3-small,systemBoundary,original,rag,True_cropResidue,0.9666666666666667,490.0
1523,microsoft/deberta-v3-small,systemBoundary,original,rag,True_seed,0.9574468085106383,753.0
1524,microsoft/deberta-v3-small,systemBoundary,original,rag,True_product,0.9893617021276596,753.0
1525,microsoft/deberta-v3-small,systemBoundary,original,rag,True_pesticideVeterinaryDrug,0.9464285714285714,451.0
1526,microsoft/deberta-v3-small,systemBoundary,original,rag,True_excreta,1.0,227.0
1527,microsoft/deberta-v3-small,systemBoundary,original,rag,True_freshForage,0.9655172413793104,447.0
1528,microsoft/deberta-v3-small,systemBoundary,original,rag,True_transport,1.0,45.0
1529,microsoft/deberta-v3-small,systemBoundary,original,rag,True_animalFeed,0.9894736842105263,789.0
1530,microsoft/deberta-v3-small,systemBoundary,original,rag,True_waste,1.0,68.0
1531,microsoft/deberta-v3-small,systemBoundary,original,rag,True_ingredient,1.0,824.0
1532,microsoft/deberta-v3-small,systemBoundary,original,rag,True_operation,1.0,318.0
1533,microsoft/deberta-v3-small,systemBoundary,original,rag,True_soilAmendment,1.0,785.0
1534,microsoft/deberta-v3-small,systemBoundary,original,rag,True_material,1.0,12.0
1535,microsoft/deberta-v3-small,systemBoundary,original,rag,True_animalPopulation,0.9795918367346939,799.0
1536,microsoft/deberta-v3-small,systemBoundary,original,rag,True_otherChemical,0.9782608695652174,779.0
1537,microsoft/deberta-v3-small,systemBoundary,original,rag,True_electricityFuel,0.9722222222222222,601.0
1538,microsoft/deberta-v3-small,systemBoundary,original,rag,True_water,1.0,202.0
1539,microsoft/deberta-v3-small,systemBoundary,original,rag,True_fertiliser,0.97,788.0
