true_labels,preds_70,classes,sample index,dataset,dataset_type,RAG,Number of Models with Error
"[0, 0, 0, 0, 0, 0, 0, 0, 0, 0, 0, 0, 0, 0, 0, 0, 0, 0, 0, 0, 0, 0, 0, 0, 0, 0, 0, 0, 0, 0, 0, 0, 0, 0, 0, 0, 0, 0, 0, 0, 0, 0, 0, 0, 0, 0, 0, 0, 0, 0, 0, 0, 0, 0, 0, 0, 0, 0, 0, 0, 0, 0, 0, 1, 0, 0, 0, 0, 0, 0, 1, 0, 0, 0, 0]","[0, 0, 0, 0, 0, 0, 0, 0, 0, 0, 0, 0, 0, 0, 0, 0, 0, 0, 0, 0, 0, 0, 0, 0, 0, 0, 0, 0, 0, 0, 0, 0, 0, 0, 0, 0, 0, 0, 0, 0, 0, 0, 0, 0, 0, 0, 0, 0, 0, 0, 0, 0, 0, 0, 0, 0, 0, 0, 0, 0, 0, 0, 0, 0, 0, 0, 0, 0, 0, 0, 1, 0, 0, 0, 0]","['Meat, beef cattle (cold carcass weight)', 'Layer chicken', 'Pig', 'Meat, beef cattle (cold dressed carcass weight)', 'Hides', 'Dairy cattle', 'Milk', 'Cream', 'Beef cattle, calf (male, weaned)', 'Beef cattle, cow', 'Whey, liquid', 'Wastewater (kg mass)', 'Milk, cow, raw (FPCM)', 'Meat, chicken, wings', 'Beef cattle, heifer and steer', 'Meat, dairy cattle (cold carcass weight)', 'Buttermilk', 'Pig, sow', 'Cattle, urine (kg mass)', 'Beef cattle, calf (female, weaned)', 'Yoghurt', 'Meat, beef cattle (liveweight)', 'Dairy cattle, heifer', 'Sheep, ram', 'Caciotta', 'Electricity, produced on', 'Fresh cheese', 'Electricity', 'Sheep, ewe', 'Dairy cattle, calf (male, unweaned)', 'Meat, pig (cold carcass weight)', 'Beef cattle, calf (weaned)', 'Meat, pig (cold dressed carcass weight)', 'Dairy cattle, calf (female, weaned)', 'Whey', 'Offal', 'Cattle', 'Dairy cattle, calf (weaned)', 'Dairy cattle, calf', 'Sheep', 'Meat, chicken, breast', 'Beef cattle, bull', 'Offal, pigs', 'Cream, cow, raw', 'Broiler chicken, hen', 'Broiler chicken, chick', 'Sheep, lamb (weaned)', 'Meat, dairy cattle (liveweight)', 'Layer chicken, pullet', 'Broiler chicken', 'Beef cattle', 'Cheese, cow', 'Eggs, hen, in shell', 'Cheese, sheep', 'Eggs', 'Layer chicken, hen', 'Sheep, lamb', 'Milk, cow, raw', 'Beef cattle, steer', 'Butter', 'Poultry by', 'Dairy cattle, cow', 'Pig, piglet', 'Meat, chicken, leg', 'Hides, dairy cattle, fresh', 'Meat, chicken (cold carcass weight)', 'Whey, powder', 'Cheese', 'Soft', 'Eggs, hen, in shell (number)', 'Meat', 'Meat, chicken (liveweight)', 'Beef cattle, heifer', 'Ricotta', 'Ripened cheese']",7,product,original,rag,2
"[0, 0, 0, 0, 0, 0, 0, 0, 0, 0, 0, 0, 0, 0, 0, 0, 0, 0, 0, 0, 0, 0, 0, 0, 0, 0, 0, 0, 0, 0, 0, 0, 0, 0, 0, 0, 0, 0, 0, 0, 0, 0, 0, 0, 0, 0, 0, 0, 0, 0, 0, 0, 0, 0, 0, 1, 0, 0, 0, 0, 0, 0, 0, 0, 0, 0, 0, 0, 0, 0, 0, 0, 0, 0, 0]","[0, 0, 0, 0, 0, 0, 0, 0, 0, 0, 0, 0, 0, 0, 0, 0, 0, 0, 0, 0, 0, 0, 0, 0, 0, 0, 0, 0, 0, 0, 0, 0, 0, 0, 0, 0, 0, 0, 0, 0, 0, 0, 0, 0, 0, 0, 0, 0, 0, 0, 0, 0, 0, 0, 0, 1, 0, 0, 0, 0, 0, 0, 0, 0, 1, 0, 0, 0, 0, 0, 0, 0, 0, 0, 0]","['Beef cattle, steer', 'Hides, dairy cattle, fresh', 'Beef cattle, heifer and steer', 'Broiler chicken', 'Dairy cattle, calf (male, unweaned)', 'Eggs', 'Soft', 'Sheep, ewe', 'Electricity', 'Cheese, sheep', 'Layer chicken, hen', 'Milk, cow, raw (FPCM)', 'Milk', 'Meat, chicken, leg', 'Whey, liquid', 'Electricity, produced on', 'Dairy cattle', 'Meat, chicken, breast', 'Meat, dairy cattle (liveweight)', 'Beef cattle, bull', 'Milk, cow, raw', 'Sheep, ram', 'Caciotta', 'Offal', 'Whey, powder', 'Buttermilk', 'Meat, chicken (cold carcass weight)', 'Pig, sow', 'Broiler chicken, chick', 'Sheep', 'Dairy cattle, calf', 'Beef cattle, calf (weaned)', 'Dairy cattle, calf (female, weaned)', 'Ricotta', 'Offal, pigs', 'Dairy cattle, heifer', 'Hides', 'Meat, beef cattle (cold carcass weight)', 'Beef cattle, calf (male, weaned)', 'Wastewater (kg mass)', 'Poultry by', 'Meat, pig (cold carcass weight)', 'Sheep, lamb', 'Eggs, hen, in shell (number)', 'Meat, dairy cattle (cold carcass weight)', 'Meat', 'Layer chicken', 'Butter', 'Meat, pig (cold dressed carcass weight)', 'Eggs, hen, in shell', 'Dairy cattle, cow', 'Fresh cheese', 'Cattle, urine (kg mass)', 'Cattle', 'Beef cattle, heifer', 'Pig', 'Beef cattle, cow', 'Cream', 'Ripened cheese', 'Dairy cattle, calf (weaned)', 'Yoghurt', 'Whey', 'Meat, beef cattle (liveweight)', 'Cheese, cow', 'Pig, piglet', 'Cheese', 'Meat, chicken (liveweight)', 'Beef cattle, calf (female, weaned)', 'Broiler chicken, hen', 'Cream, cow, raw', 'Sheep, lamb (weaned)', 'Beef cattle', 'Meat, chicken, wings', 'Meat, beef cattle (cold dressed carcass weight)', 'Layer chicken, pullet']",95,product,original,no rag,1
"[0, 0, 0, 0, 0, 0, 0, 0, 0, 0, 0, 0, 0, 0, 0, 0, 0, 0, 0, 0, 0, 0, 0, 0, 0, 0, 0, 0, 0, 0, 0, 0, 0, 0, 0, 0, 0, 0, 0, 0, 0, 0, 0, 0, 0, 0, 0, 0, 0, 0, 0, 0, 0, 0, 0, 1, 0, 0, 0, 0, 0, 0, 0, 0, 0, 0, 0, 0, 0, 0]","[0, 0, 0, 0, 0, 0, 0, 0, 0, 0, 0, 0, 0, 0, 0, 0, 0, 0, 0, 0, 0, 0, 0, 0, 0, 0, 0, 0, 0, 0, 0, 0, 0, 0, 0, 0, 0, 0, 0, 0, 0, 0, 0, 0, 0, 0, 0, 0, 0, 0, 0, 0, 0, 0, 0, 0, 0, 0, 0, 0, 0, 0, 0, 0, 0, 0, 0, 0, 0, 0]","['Beef cattle, steer', 'Beef cattle, heifer and steer', 'Broiler chicken', 'Dairy cattle, calf (male, unweaned)', 'Eggs', 'Soft', 'Sheep, ewe', 'Electricity', 'Cheese, sheep', 'Layer chicken, hen', 'Milk, cow, raw (FPCM)', 'Milk', 'Meat, chicken, leg', 'Whey, liquid', 'Electricity, produced on', 'Dairy cattle', 'Meat, chicken, breast', 'Meat, dairy cattle (liveweight)', 'Beef cattle, bull', 'Milk, cow, raw', 'Sheep, ram', 'Caciotta', 'Whey, powder', 'Buttermilk', 'Meat, chicken (cold carcass weight)', 'Pig, sow', 'Broiler chicken, chick', 'Sheep', 'Dairy cattle, calf', 'Beef cattle, calf (weaned)', 'Dairy cattle, calf (female, weaned)', 'Ricotta', 'Dairy cattle, heifer', 'Meat, beef cattle (cold carcass weight)', 'Beef cattle, calf (male, weaned)', 'Wastewater (kg mass)', 'Poultry by', 'Sheep, lamb', 'Eggs, hen, in shell (number)', 'Meat, dairy cattle (cold carcass weight)', 'Meat', 'Layer chicken', 'Butter', 'Meat, pig (cold dressed carcass weight)', 'Eggs, hen, in shell', 'Dairy cattle, cow', 'Fresh cheese', 'Cattle, urine (kg mass)', 'Cattle', 'Beef cattle, heifer', 'Pig', 'Beef cattle, cow', 'Cream', 'Ripened cheese', 'Dairy cattle, calf (weaned)', 'Yoghurt', 'Whey', 'Meat, beef cattle (liveweight)', 'Cheese, cow', 'Pig, piglet', 'Cheese', 'Meat, chicken (liveweight)', 'Beef cattle, calf (female, weaned)', 'Broiler chicken, hen', 'Cream, cow, raw', 'Sheep, lamb (weaned)', 'Beef cattle', 'Meat, chicken, wings', 'Meat, beef cattle (cold dressed carcass weight)', 'Layer chicken, pullet']",6,product,recalculated,no rag,3
"[0, 0, 0, 0, 0, 0, 0, 0, 0, 0, 0, 0, 0, 0, 0, 0, 0, 0, 0, 0, 0, 0, 0, 0, 1, 0, 0, 0, 0, 0, 0, 0, 0, 0, 0, 0, 0, 0, 0, 0, 0, 0, 0, 0, 0, 0, 0, 0, 0, 0, 0, 0, 0, 0, 0, 0, 0, 0, 0, 0, 0, 0, 0, 0, 0, 0, 0, 0, 0, 0, 0, 0, 0, 0, 0]","[0, 0, 0, 0, 0, 0, 0, 0, 0, 0, 0, 0, 0, 0, 0, 0, 0, 0, 0, 0, 0, 0, 0, 0, 0, 0, 0, 0, 0, 0, 0, 0, 0, 0, 0, 0, 0, 0, 0, 0, 0, 0, 0, 0, 0, 0, 0, 0, 0, 0, 0, 0, 0, 0, 0, 0, 0, 0, 0, 0, 0, 0, 0, 0, 0, 0, 0, 0, 0, 0, 0, 0, 0, 0, 0]","['Meat, beef cattle (cold carcass weight)', 'Layer chicken', 'Pig', 'Meat, beef cattle (cold dressed carcass weight)', 'Hides', 'Dairy cattle', 'Milk', 'Cream', 'Beef cattle, calf (male, weaned)', 'Beef cattle, cow', 'Whey, liquid', 'Wastewater (kg mass)', 'Milk, cow, raw (FPCM)', 'Meat, chicken, wings', 'Beef cattle, heifer and steer', 'Meat, dairy cattle (cold carcass weight)', 'Buttermilk', 'Pig, sow', 'Cattle, urine (kg mass)', 'Beef cattle, calf (female, weaned)', 'Yoghurt', 'Meat, beef cattle (liveweight)', 'Dairy cattle, heifer', 'Sheep, ram', 'Caciotta', 'Electricity, produced on', 'Fresh cheese', 'Electricity', 'Sheep, ewe', 'Dairy cattle, calf (male, unweaned)', 'Meat, pig (cold carcass weight)', 'Beef cattle, calf (weaned)', 'Meat, pig (cold dressed carcass weight)', 'Dairy cattle, calf (female, weaned)', 'Whey', 'Offal', 'Cattle', 'Dairy cattle, calf (weaned)', 'Dairy cattle, calf', 'Sheep', 'Meat, chicken, breast', 'Beef cattle, bull', 'Offal, pigs', 'Cream, cow, raw', 'Broiler chicken, hen', 'Broiler chicken, chick', 'Sheep, lamb (weaned)', 'Meat, dairy cattle (liveweight)', 'Layer chicken, pullet', 'Broiler chicken', 'Beef cattle', 'Cheese, cow', 'Eggs, hen, in shell', 'Cheese, sheep', 'Eggs', 'Layer chicken, hen', 'Sheep, lamb', 'Milk, cow, raw', 'Beef cattle, steer', 'Butter', 'Poultry by', 'Dairy cattle, cow', 'Pig, piglet', 'Meat, chicken, leg', 'Hides, dairy cattle, fresh', 'Meat, chicken (cold carcass weight)', 'Whey, powder', 'Cheese', 'Soft', 'Eggs, hen, in shell (number)', 'Meat', 'Meat, chicken (liveweight)', 'Beef cattle, heifer', 'Ricotta', 'Ripened cheese']",82,product,original,rag,2
"[0, 0, 0, 0, 0, 0, 0, 0, 0, 0, 0, 0, 0, 0, 0, 0, 0, 0, 0, 0, 0, 0, 0, 0, 1, 0, 0, 0, 0, 0, 0, 0, 0, 0, 0, 0, 0, 0, 0, 0, 0, 0, 0, 0, 0, 0, 0, 0, 0, 0, 0, 0, 0, 0, 0, 0, 0, 0, 0, 0, 0, 0, 0, 0, 0, 0, 0, 0, 0, 0, 0, 0, 0, 0, 0]","[0, 0, 0, 0, 0, 0, 0, 0, 0, 0, 0, 0, 0, 0, 0, 0, 0, 0, 0, 0, 0, 0, 0, 0, 0, 0, 0, 0, 0, 0, 0, 0, 0, 0, 0, 0, 0, 0, 0, 0, 0, 0, 0, 0, 0, 0, 0, 0, 0, 0, 0, 0, 0, 0, 0, 0, 0, 0, 0, 0, 0, 0, 0, 0, 0, 0, 0, 0, 0, 0, 0, 0, 0, 0, 0]","['Meat, beef cattle (cold carcass weight)', 'Layer chicken', 'Pig', 'Meat, beef cattle (cold dressed carcass weight)', 'Hides', 'Dairy cattle', 'Milk', 'Cream', 'Beef cattle, calf (male, weaned)', 'Beef cattle, cow', 'Whey, liquid', 'Wastewater (kg mass)', 'Milk, cow, raw (FPCM)', 'Meat, chicken, wings', 'Beef cattle, heifer and steer', 'Meat, dairy cattle (cold carcass weight)', 'Buttermilk', 'Pig, sow', 'Cattle, urine (kg mass)', 'Beef cattle, calf (female, weaned)', 'Yoghurt', 'Meat, beef cattle (liveweight)', 'Dairy cattle, heifer', 'Sheep, ram', 'Caciotta', 'Electricity, produced on', 'Fresh cheese', 'Electricity', 'Sheep, ewe', 'Dairy cattle, calf (male, unweaned)', 'Meat, pig (cold carcass weight)', 'Beef cattle, calf (weaned)', 'Meat, pig (cold dressed carcass weight)', 'Dairy cattle, calf (female, weaned)', 'Whey', 'Offal', 'Cattle', 'Dairy cattle, calf (weaned)', 'Dairy cattle, calf', 'Sheep', 'Meat, chicken, breast', 'Beef cattle, bull', 'Offal, pigs', 'Cream, cow, raw', 'Broiler chicken, hen', 'Broiler chicken, chick', 'Sheep, lamb (weaned)', 'Meat, dairy cattle (liveweight)', 'Layer chicken, pullet', 'Broiler chicken', 'Beef cattle', 'Cheese, cow', 'Eggs, hen, in shell', 'Cheese, sheep', 'Eggs', 'Layer chicken, hen', 'Sheep, lamb', 'Milk, cow, raw', 'Beef cattle, steer', 'Butter', 'Poultry by', 'Dairy cattle, cow', 'Pig, piglet', 'Meat, chicken, leg', 'Hides, dairy cattle, fresh', 'Meat, chicken (cold carcass weight)', 'Whey, powder', 'Cheese', 'Soft', 'Eggs, hen, in shell (number)', 'Meat', 'Meat, chicken (liveweight)', 'Beef cattle, heifer', 'Ricotta', 'Ripened cheese']",87,product,original,rag,2
"[0, 0, 0, 0, 0, 0, 0, 0, 0, 0, 0, 0, 0, 0, 0, 0, 0, 0, 0, 0, 0, 0, 0, 0, 1, 0, 0, 0, 0, 0, 0, 0, 0, 0, 0, 0, 0, 0, 0, 0, 0, 0, 0, 0, 0, 0, 0, 0, 0, 0, 0, 0, 0, 0, 0, 0, 0, 0, 0, 0, 0, 0, 0, 0, 0, 0, 0, 0, 0, 0, 0, 0, 0, 0, 0]","[0, 0, 0, 0, 0, 0, 0, 0, 0, 0, 0, 0, 0, 0, 0, 0, 0, 0, 0, 0, 0, 0, 0, 0, 0, 0, 0, 0, 0, 0, 0, 0, 0, 0, 0, 0, 0, 0, 0, 0, 0, 0, 0, 0, 0, 0, 0, 0, 0, 0, 0, 0, 0, 0, 0, 0, 0, 0, 0, 0, 0, 0, 0, 0, 0, 0, 0, 0, 0, 0, 0, 0, 0, 0, 1]","['Meat, beef cattle (cold carcass weight)', 'Layer chicken', 'Pig', 'Meat, beef cattle (cold dressed carcass weight)', 'Hides', 'Dairy cattle', 'Milk', 'Cream', 'Beef cattle, calf (male, weaned)', 'Beef cattle, cow', 'Whey, liquid', 'Wastewater (kg mass)', 'Milk, cow, raw (FPCM)', 'Meat, chicken, wings', 'Beef cattle, heifer and steer', 'Meat, dairy cattle (cold carcass weight)', 'Buttermilk', 'Pig, sow', 'Cattle, urine (kg mass)', 'Beef cattle, calf (female, weaned)', 'Yoghurt', 'Meat, beef cattle (liveweight)', 'Dairy cattle, heifer', 'Sheep, ram', 'Caciotta', 'Electricity, produced on', 'Fresh cheese', 'Electricity', 'Sheep, ewe', 'Dairy cattle, calf (male, unweaned)', 'Meat, pig (cold carcass weight)', 'Beef cattle, calf (weaned)', 'Meat, pig (cold dressed carcass weight)', 'Dairy cattle, calf (female, weaned)', 'Whey', 'Offal', 'Cattle', 'Dairy cattle, calf (weaned)', 'Dairy cattle, calf', 'Sheep', 'Meat, chicken, breast', 'Beef cattle, bull', 'Offal, pigs', 'Cream, cow, raw', 'Broiler chicken, hen', 'Broiler chicken, chick', 'Sheep, lamb (weaned)', 'Meat, dairy cattle (liveweight)', 'Layer chicken, pullet', 'Broiler chicken', 'Beef cattle', 'Cheese, cow', 'Eggs, hen, in shell', 'Cheese, sheep', 'Eggs', 'Layer chicken, hen', 'Sheep, lamb', 'Milk, cow, raw', 'Beef cattle, steer', 'Butter', 'Poultry by', 'Dairy cattle, cow', 'Pig, piglet', 'Meat, chicken, leg', 'Hides, dairy cattle, fresh', 'Meat, chicken (cold carcass weight)', 'Whey, powder', 'Cheese', 'Soft', 'Eggs, hen, in shell (number)', 'Meat', 'Meat, chicken (liveweight)', 'Beef cattle, heifer', 'Ricotta', 'Ripened cheese']",82,product,original,rag,3
"[0, 0, 0, 0, 0, 0, 0, 0, 0, 0, 0, 0, 0, 0, 0, 0, 0, 0, 0, 0, 0, 0, 0, 0, 1, 0, 0, 0, 0, 0, 0, 0, 0, 0, 0, 0, 0, 0, 0, 0, 0, 0, 0, 0, 0, 0, 0, 0, 0, 0, 0, 0, 0, 0, 0, 0, 0, 0, 0, 0, 0, 0, 0, 0, 0, 0, 0, 0, 0, 0, 0, 0, 0, 0, 0]","[0, 0, 0, 0, 0, 0, 0, 0, 0, 0, 0, 0, 0, 0, 0, 0, 0, 0, 0, 0, 0, 0, 0, 0, 0, 0, 0, 0, 0, 0, 0, 0, 0, 0, 0, 0, 0, 0, 0, 0, 0, 0, 0, 0, 0, 0, 0, 0, 0, 0, 0, 0, 0, 0, 0, 0, 0, 0, 0, 0, 0, 0, 0, 0, 0, 0, 0, 0, 0, 0, 0, 0, 0, 0, 1]","['Meat, beef cattle (cold carcass weight)', 'Layer chicken', 'Pig', 'Meat, beef cattle (cold dressed carcass weight)', 'Hides', 'Dairy cattle', 'Milk', 'Cream', 'Beef cattle, calf (male, weaned)', 'Beef cattle, cow', 'Whey, liquid', 'Wastewater (kg mass)', 'Milk, cow, raw (FPCM)', 'Meat, chicken, wings', 'Beef cattle, heifer and steer', 'Meat, dairy cattle (cold carcass weight)', 'Buttermilk', 'Pig, sow', 'Cattle, urine (kg mass)', 'Beef cattle, calf (female, weaned)', 'Yoghurt', 'Meat, beef cattle (liveweight)', 'Dairy cattle, heifer', 'Sheep, ram', 'Caciotta', 'Electricity, produced on', 'Fresh cheese', 'Electricity', 'Sheep, ewe', 'Dairy cattle, calf (male, unweaned)', 'Meat, pig (cold carcass weight)', 'Beef cattle, calf (weaned)', 'Meat, pig (cold dressed carcass weight)', 'Dairy cattle, calf (female, weaned)', 'Whey', 'Offal', 'Cattle', 'Dairy cattle, calf (weaned)', 'Dairy cattle, calf', 'Sheep', 'Meat, chicken, breast', 'Beef cattle, bull', 'Offal, pigs', 'Cream, cow, raw', 'Broiler chicken, hen', 'Broiler chicken, chick', 'Sheep, lamb (weaned)', 'Meat, dairy cattle (liveweight)', 'Layer chicken, pullet', 'Broiler chicken', 'Beef cattle', 'Cheese, cow', 'Eggs, hen, in shell', 'Cheese, sheep', 'Eggs', 'Layer chicken, hen', 'Sheep, lamb', 'Milk, cow, raw', 'Beef cattle, steer', 'Butter', 'Poultry by', 'Dairy cattle, cow', 'Pig, piglet', 'Meat, chicken, leg', 'Hides, dairy cattle, fresh', 'Meat, chicken (cold carcass weight)', 'Whey, powder', 'Cheese', 'Soft', 'Eggs, hen, in shell (number)', 'Meat', 'Meat, chicken (liveweight)', 'Beef cattle, heifer', 'Ricotta', 'Ripened cheese']",87,product,original,rag,3
"[0, 0, 0, 0, 0, 0, 0, 0, 0, 0, 0, 0, 0, 0, 0, 0, 0, 0, 0, 0, 0, 0, 0, 0, 1, 0, 0, 0, 0, 0, 0, 0, 0, 0, 0, 0, 0, 0, 0, 0, 0, 0, 0, 0, 0, 0, 0, 0, 0, 0, 0, 0, 0, 0, 0, 0, 0, 0, 0, 0, 0, 0, 0, 0, 0, 0, 0, 0, 0, 0, 0, 0, 0, 0, 0]","[0, 0, 0, 0, 0, 0, 0, 0, 0, 0, 0, 0, 0, 0, 0, 0, 0, 0, 0, 0, 0, 0, 0, 0, 0, 0, 0, 0, 0, 0, 0, 0, 0, 0, 0, 0, 0, 0, 0, 0, 0, 0, 0, 0, 0, 0, 0, 0, 0, 0, 0, 0, 0, 0, 0, 0, 0, 0, 0, 0, 0, 0, 0, 0, 0, 0, 0, 0, 0, 0, 0, 0, 0, 1, 0]","['Meat, beef cattle (cold carcass weight)', 'Layer chicken', 'Pig', 'Meat, beef cattle (cold dressed carcass weight)', 'Hides', 'Dairy cattle', 'Milk', 'Cream', 'Beef cattle, calf (male, weaned)', 'Beef cattle, cow', 'Whey, liquid', 'Wastewater (kg mass)', 'Milk, cow, raw (FPCM)', 'Meat, chicken, wings', 'Beef cattle, heifer and steer', 'Meat, dairy cattle (cold carcass weight)', 'Buttermilk', 'Pig, sow', 'Cattle, urine (kg mass)', 'Beef cattle, calf (female, weaned)', 'Yoghurt', 'Meat, beef cattle (liveweight)', 'Dairy cattle, heifer', 'Sheep, ram', 'Caciotta', 'Electricity, produced on', 'Fresh cheese', 'Electricity', 'Sheep, ewe', 'Dairy cattle, calf (male, unweaned)', 'Meat, pig (cold carcass weight)', 'Beef cattle, calf (weaned)', 'Meat, pig (cold dressed carcass weight)', 'Dairy cattle, calf (female, weaned)', 'Whey', 'Offal', 'Cattle', 'Dairy cattle, calf (weaned)', 'Dairy cattle, calf', 'Sheep', 'Meat, chicken, breast', 'Beef cattle, bull', 'Offal, pigs', 'Cream, cow, raw', 'Broiler chicken, hen', 'Broiler chicken, chick', 'Sheep, lamb (weaned)', 'Meat, dairy cattle (liveweight)', 'Layer chicken, pullet', 'Broiler chicken', 'Beef cattle', 'Cheese, cow', 'Eggs, hen, in shell', 'Cheese, sheep', 'Eggs', 'Layer chicken, hen', 'Sheep, lamb', 'Milk, cow, raw', 'Beef cattle, steer', 'Butter', 'Poultry by', 'Dairy cattle, cow', 'Pig, piglet', 'Meat, chicken, leg', 'Hides, dairy cattle, fresh', 'Meat, chicken (cold carcass weight)', 'Whey, powder', 'Cheese', 'Soft', 'Eggs, hen, in shell (number)', 'Meat', 'Meat, chicken (liveweight)', 'Beef cattle, heifer', 'Ricotta', 'Ripened cheese']",82,product,original,rag,2
"[0, 0, 0, 0, 0, 0, 0, 0, 0, 0, 0, 0, 0, 0, 0, 0, 0, 0, 0, 0, 0, 0, 0, 0, 1, 0, 0, 0, 0, 0, 0, 0, 0, 0, 0, 0, 0, 0, 0, 0, 0, 0, 0, 0, 0, 0, 0, 0, 0, 0, 0, 0, 0, 0, 0, 0, 0, 0, 0, 0, 0, 0, 0, 0, 0, 0, 0, 0, 0, 0, 0, 0, 0, 0, 0]","[0, 0, 0, 0, 0, 0, 0, 0, 0, 0, 0, 0, 0, 0, 0, 0, 0, 0, 0, 0, 0, 0, 0, 0, 0, 0, 0, 0, 0, 0, 0, 0, 0, 0, 0, 0, 0, 0, 0, 0, 0, 0, 0, 0, 0, 0, 0, 0, 0, 0, 0, 0, 0, 0, 0, 0, 0, 0, 0, 0, 0, 0, 0, 0, 0, 0, 0, 0, 0, 0, 0, 0, 0, 1, 0]","['Meat, beef cattle (cold carcass weight)', 'Layer chicken', 'Pig', 'Meat, beef cattle (cold dressed carcass weight)', 'Hides', 'Dairy cattle', 'Milk', 'Cream', 'Beef cattle, calf (male, weaned)', 'Beef cattle, cow', 'Whey, liquid', 'Wastewater (kg mass)', 'Milk, cow, raw (FPCM)', 'Meat, chicken, wings', 'Beef cattle, heifer and steer', 'Meat, dairy cattle (cold carcass weight)', 'Buttermilk', 'Pig, sow', 'Cattle, urine (kg mass)', 'Beef cattle, calf (female, weaned)', 'Yoghurt', 'Meat, beef cattle (liveweight)', 'Dairy cattle, heifer', 'Sheep, ram', 'Caciotta', 'Electricity, produced on', 'Fresh cheese', 'Electricity', 'Sheep, ewe', 'Dairy cattle, calf (male, unweaned)', 'Meat, pig (cold carcass weight)', 'Beef cattle, calf (weaned)', 'Meat, pig (cold dressed carcass weight)', 'Dairy cattle, calf (female, weaned)', 'Whey', 'Offal', 'Cattle', 'Dairy cattle, calf (weaned)', 'Dairy cattle, calf', 'Sheep', 'Meat, chicken, breast', 'Beef cattle, bull', 'Offal, pigs', 'Cream, cow, raw', 'Broiler chicken, hen', 'Broiler chicken, chick', 'Sheep, lamb (weaned)', 'Meat, dairy cattle (liveweight)', 'Layer chicken, pullet', 'Broiler chicken', 'Beef cattle', 'Cheese, cow', 'Eggs, hen, in shell', 'Cheese, sheep', 'Eggs', 'Layer chicken, hen', 'Sheep, lamb', 'Milk, cow, raw', 'Beef cattle, steer', 'Butter', 'Poultry by', 'Dairy cattle, cow', 'Pig, piglet', 'Meat, chicken, leg', 'Hides, dairy cattle, fresh', 'Meat, chicken (cold carcass weight)', 'Whey, powder', 'Cheese', 'Soft', 'Eggs, hen, in shell (number)', 'Meat', 'Meat, chicken (liveweight)', 'Beef cattle, heifer', 'Ricotta', 'Ripened cheese']",87,product,original,rag,2
"[0, 0, 0, 0, 0, 0, 0, 0, 0, 0, 0, 0, 0, 0, 0, 0, 0, 0, 0, 0, 0, 0, 0, 0, 1, 0, 1, 0, 0, 0, 0, 0, 0, 0, 0, 0, 0, 0, 0, 0, 0, 0, 0, 0, 0, 0, 0, 0, 0, 0, 0, 0, 0, 0, 0, 0, 0, 0, 0, 0, 0, 0, 0, 0, 0, 0, 0, 0, 0, 0]","[0, 0, 0, 0, 0, 0, 0, 0, 0, 0, 0, 0, 0, 0, 0, 0, 0, 0, 0, 0, 0, 0, 0, 0, 0, 0, 0, 0, 0, 0, 0, 0, 0, 0, 0, 0, 0, 0, 0, 0, 0, 0, 0, 0, 0, 0, 0, 0, 0, 0, 0, 0, 0, 0, 0, 0, 0, 0, 0, 0, 0, 0, 0, 0, 0, 0, 0, 0, 0, 0]","['Meat, beef cattle (cold carcass weight)', 'Layer chicken', 'Pig', 'Meat, beef cattle (cold dressed carcass weight)', 'Dairy cattle', 'Milk', 'Cream', 'Beef cattle, calf (male, weaned)', 'Beef cattle, cow', 'Whey, liquid', 'Wastewater (kg mass)', 'Milk, cow, raw (FPCM)', 'Meat, chicken, wings', 'Beef cattle, heifer and steer', 'Meat, dairy cattle (cold carcass weight)', 'Buttermilk', 'Pig, sow', 'Cattle, urine (kg mass)', 'Beef cattle, calf (female, weaned)', 'Yoghurt', 'Meat, beef cattle (liveweight)', 'Dairy cattle, heifer', 'Sheep, ram', 'Caciotta', 'Electricity, produced on', 'Fresh cheese', 'Electricity', 'Sheep, ewe', 'Dairy cattle, calf (male, unweaned)', 'Beef cattle, calf (weaned)', 'Meat, pig (cold dressed carcass weight)', 'Dairy cattle, calf (female, weaned)', 'Whey', 'Cattle', 'Dairy cattle, calf (weaned)', 'Dairy cattle, calf', 'Sheep', 'Meat, chicken, breast', 'Beef cattle, bull', 'Cream, cow, raw', 'Broiler chicken, hen', 'Broiler chicken, chick', 'Sheep, lamb (weaned)', 'Meat, dairy cattle (liveweight)', 'Layer chicken, pullet', 'Broiler chicken', 'Beef cattle', 'Cheese, cow', 'Eggs, hen, in shell', 'Cheese, sheep', 'Eggs', 'Layer chicken, hen', 'Sheep, lamb', 'Milk, cow, raw', 'Beef cattle, steer', 'Butter', 'Poultry by', 'Dairy cattle, cow', 'Pig, piglet', 'Meat, chicken, leg', 'Meat, chicken (cold carcass weight)', 'Whey, powder', 'Cheese', 'Soft', 'Eggs, hen, in shell (number)', 'Meat', 'Meat, chicken (liveweight)', 'Beef cattle, heifer', 'Ricotta', 'Ripened cheese']",53,product,recalculated,rag,6
"[0, 0, 0, 0, 0, 0, 0, 0, 0, 0, 0, 0, 0, 0, 0, 0, 0, 0, 0, 0, 0, 0, 0, 0, 1, 0, 1, 0, 0, 0, 0, 0, 0, 0, 0, 0, 0, 0, 0, 0, 0, 0, 0, 0, 0, 0, 0, 0, 0, 0, 0, 0, 0, 0, 0, 0, 0, 0, 0, 0, 0, 0, 0, 0, 0, 0, 0, 0, 0, 0]","[0, 0, 0, 0, 0, 0, 0, 0, 0, 0, 0, 0, 0, 0, 0, 0, 0, 0, 0, 0, 0, 0, 0, 0, 0, 0, 0, 0, 0, 0, 0, 0, 0, 0, 0, 0, 0, 0, 0, 0, 0, 0, 0, 0, 0, 0, 0, 0, 0, 0, 0, 0, 0, 0, 0, 0, 0, 0, 0, 0, 0, 0, 0, 0, 0, 0, 0, 0, 0, 0]","['Meat, beef cattle (cold carcass weight)', 'Layer chicken', 'Pig', 'Meat, beef cattle (cold dressed carcass weight)', 'Dairy cattle', 'Milk', 'Cream', 'Beef cattle, calf (male, weaned)', 'Beef cattle, cow', 'Whey, liquid', 'Wastewater (kg mass)', 'Milk, cow, raw (FPCM)', 'Meat, chicken, wings', 'Beef cattle, heifer and steer', 'Meat, dairy cattle (cold carcass weight)', 'Buttermilk', 'Pig, sow', 'Cattle, urine (kg mass)', 'Beef cattle, calf (female, weaned)', 'Yoghurt', 'Meat, beef cattle (liveweight)', 'Dairy cattle, heifer', 'Sheep, ram', 'Caciotta', 'Electricity, produced on', 'Fresh cheese', 'Electricity', 'Sheep, ewe', 'Dairy cattle, calf (male, unweaned)', 'Beef cattle, calf (weaned)', 'Meat, pig (cold dressed carcass weight)', 'Dairy cattle, calf (female, weaned)', 'Whey', 'Cattle', 'Dairy cattle, calf (weaned)', 'Dairy cattle, calf', 'Sheep', 'Meat, chicken, breast', 'Beef cattle, bull', 'Cream, cow, raw', 'Broiler chicken, hen', 'Broiler chicken, chick', 'Sheep, lamb (weaned)', 'Meat, dairy cattle (liveweight)', 'Layer chicken, pullet', 'Broiler chicken', 'Beef cattle', 'Cheese, cow', 'Eggs, hen, in shell', 'Cheese, sheep', 'Eggs', 'Layer chicken, hen', 'Sheep, lamb', 'Milk, cow, raw', 'Beef cattle, steer', 'Butter', 'Poultry by', 'Dairy cattle, cow', 'Pig, piglet', 'Meat, chicken, leg', 'Meat, chicken (cold carcass weight)', 'Whey, powder', 'Cheese', 'Soft', 'Eggs, hen, in shell (number)', 'Meat', 'Meat, chicken (liveweight)', 'Beef cattle, heifer', 'Ricotta', 'Ripened cheese']",70,product,recalculated,rag,6
"[0, 0, 0, 0, 0, 0, 0, 0, 0, 0, 0, 0, 0, 0, 0, 0, 0, 0, 0, 0, 0, 0, 0, 0, 1, 0, 1, 0, 0, 0, 0, 0, 0, 0, 0, 0, 0, 0, 0, 0, 0, 0, 0, 0, 0, 0, 0, 0, 0, 0, 0, 0, 0, 0, 0, 0, 0, 0, 0, 0, 0, 0, 0, 0, 0, 0, 0, 0, 0, 0]","[0, 0, 0, 0, 0, 1, 0, 0, 0, 0, 0, 0, 0, 0, 0, 0, 0, 0, 0, 0, 0, 0, 0, 0, 0, 0, 0, 0, 0, 0, 0, 0, 0, 0, 0, 0, 0, 0, 0, 0, 0, 0, 0, 0, 0, 0, 0, 0, 0, 0, 0, 0, 0, 0, 0, 0, 0, 0, 0, 0, 0, 0, 0, 0, 0, 0, 0, 0, 0, 0]","['Meat, beef cattle (cold carcass weight)', 'Layer chicken', 'Pig', 'Meat, beef cattle (cold dressed carcass weight)', 'Dairy cattle', 'Milk', 'Cream', 'Beef cattle, calf (male, weaned)', 'Beef cattle, cow', 'Whey, liquid', 'Wastewater (kg mass)', 'Milk, cow, raw (FPCM)', 'Meat, chicken, wings', 'Beef cattle, heifer and steer', 'Meat, dairy cattle (cold carcass weight)', 'Buttermilk', 'Pig, sow', 'Cattle, urine (kg mass)', 'Beef cattle, calf (female, weaned)', 'Yoghurt', 'Meat, beef cattle (liveweight)', 'Dairy cattle, heifer', 'Sheep, ram', 'Caciotta', 'Electricity, produced on', 'Fresh cheese', 'Electricity', 'Sheep, ewe', 'Dairy cattle, calf (male, unweaned)', 'Beef cattle, calf (weaned)', 'Meat, pig (cold dressed carcass weight)', 'Dairy cattle, calf (female, weaned)', 'Whey', 'Cattle', 'Dairy cattle, calf (weaned)', 'Dairy cattle, calf', 'Sheep', 'Meat, chicken, breast', 'Beef cattle, bull', 'Cream, cow, raw', 'Broiler chicken, hen', 'Broiler chicken, chick', 'Sheep, lamb (weaned)', 'Meat, dairy cattle (liveweight)', 'Layer chicken, pullet', 'Broiler chicken', 'Beef cattle', 'Cheese, cow', 'Eggs, hen, in shell', 'Cheese, sheep', 'Eggs', 'Layer chicken, hen', 'Sheep, lamb', 'Milk, cow, raw', 'Beef cattle, steer', 'Butter', 'Poultry by', 'Dairy cattle, cow', 'Pig, piglet', 'Meat, chicken, leg', 'Meat, chicken (cold carcass weight)', 'Whey, powder', 'Cheese', 'Soft', 'Eggs, hen, in shell (number)', 'Meat', 'Meat, chicken (liveweight)', 'Beef cattle, heifer', 'Ricotta', 'Ripened cheese']",53,product,recalculated,rag,1
"[0, 0, 0, 0, 0, 0, 0, 0, 0, 0, 0, 0, 0, 0, 0, 0, 0, 0, 0, 0, 0, 0, 0, 0, 1, 0, 1, 0, 0, 0, 0, 0, 0, 0, 0, 0, 0, 0, 0, 0, 0, 0, 0, 0, 0, 0, 0, 0, 0, 0, 0, 0, 0, 0, 0, 0, 0, 0, 0, 0, 0, 0, 0, 0, 0, 0, 0, 0, 0, 0]","[0, 0, 0, 0, 0, 1, 0, 0, 0, 0, 0, 0, 0, 0, 0, 0, 0, 0, 0, 0, 0, 0, 0, 0, 0, 0, 0, 0, 0, 0, 0, 0, 0, 0, 0, 0, 0, 0, 0, 0, 0, 0, 0, 0, 0, 0, 0, 0, 0, 0, 0, 0, 0, 0, 0, 0, 0, 0, 0, 0, 0, 0, 0, 0, 0, 0, 0, 0, 0, 0]","['Meat, beef cattle (cold carcass weight)', 'Layer chicken', 'Pig', 'Meat, beef cattle (cold dressed carcass weight)', 'Dairy cattle', 'Milk', 'Cream', 'Beef cattle, calf (male, weaned)', 'Beef cattle, cow', 'Whey, liquid', 'Wastewater (kg mass)', 'Milk, cow, raw (FPCM)', 'Meat, chicken, wings', 'Beef cattle, heifer and steer', 'Meat, dairy cattle (cold carcass weight)', 'Buttermilk', 'Pig, sow', 'Cattle, urine (kg mass)', 'Beef cattle, calf (female, weaned)', 'Yoghurt', 'Meat, beef cattle (liveweight)', 'Dairy cattle, heifer', 'Sheep, ram', 'Caciotta', 'Electricity, produced on', 'Fresh cheese', 'Electricity', 'Sheep, ewe', 'Dairy cattle, calf (male, unweaned)', 'Beef cattle, calf (weaned)', 'Meat, pig (cold dressed carcass weight)', 'Dairy cattle, calf (female, weaned)', 'Whey', 'Cattle', 'Dairy cattle, calf (weaned)', 'Dairy cattle, calf', 'Sheep', 'Meat, chicken, breast', 'Beef cattle, bull', 'Cream, cow, raw', 'Broiler chicken, hen', 'Broiler chicken, chick', 'Sheep, lamb (weaned)', 'Meat, dairy cattle (liveweight)', 'Layer chicken, pullet', 'Broiler chicken', 'Beef cattle', 'Cheese, cow', 'Eggs, hen, in shell', 'Cheese, sheep', 'Eggs', 'Layer chicken, hen', 'Sheep, lamb', 'Milk, cow, raw', 'Beef cattle, steer', 'Butter', 'Poultry by', 'Dairy cattle, cow', 'Pig, piglet', 'Meat, chicken, leg', 'Meat, chicken (cold carcass weight)', 'Whey, powder', 'Cheese', 'Soft', 'Eggs, hen, in shell (number)', 'Meat', 'Meat, chicken (liveweight)', 'Beef cattle, heifer', 'Ricotta', 'Ripened cheese']",70,product,recalculated,rag,1
"[0, 0, 0, 0, 0, 0, 0, 0, 0, 0, 0, 0, 0, 0, 0, 0, 0, 0, 0, 0, 0, 0, 0, 1, 0, 0, 0, 0, 0, 0, 0, 0, 0, 0, 0, 0, 0, 0, 0, 0, 0, 0, 0, 0, 0, 0, 0, 0, 0, 0, 0, 0, 0, 0, 0, 0, 0, 0, 0, 0, 0, 0, 0, 0, 0, 0, 0, 0, 0, 0]","[0, 0, 0, 0, 0, 0, 0, 0, 0, 0, 0, 0, 0, 0, 0, 0, 0, 0, 0, 0, 0, 0, 0, 0, 0, 0, 0, 0, 0, 0, 0, 0, 0, 0, 0, 0, 0, 0, 0, 0, 0, 0, 0, 0, 0, 0, 0, 0, 0, 0, 0, 0, 0, 0, 0, 0, 0, 0, 0, 0, 0, 0, 0, 0, 0, 0, 0, 0, 0, 0]","['Meat, beef cattle (cold carcass weight)', 'Layer chicken', 'Pig', 'Meat, beef cattle (cold dressed carcass weight)', 'Dairy cattle', 'Milk', 'Cream', 'Beef cattle, calf (male, weaned)', 'Beef cattle, cow', 'Whey, liquid', 'Wastewater (kg mass)', 'Milk, cow, raw (FPCM)', 'Meat, chicken, wings', 'Beef cattle, heifer and steer', 'Meat, dairy cattle (cold carcass weight)', 'Buttermilk', 'Pig, sow', 'Cattle, urine (kg mass)', 'Beef cattle, calf (female, weaned)', 'Yoghurt', 'Meat, beef cattle (liveweight)', 'Dairy cattle, heifer', 'Sheep, ram', 'Caciotta', 'Electricity, produced on', 'Fresh cheese', 'Electricity', 'Sheep, ewe', 'Dairy cattle, calf (male, unweaned)', 'Beef cattle, calf (weaned)', 'Meat, pig (cold dressed carcass weight)', 'Dairy cattle, calf (female, weaned)', 'Whey', 'Cattle', 'Dairy cattle, calf (weaned)', 'Dairy cattle, calf', 'Sheep', 'Meat, chicken, breast', 'Beef cattle, bull', 'Cream, cow, raw', 'Broiler chicken, hen', 'Broiler chicken, chick', 'Sheep, lamb (weaned)', 'Meat, dairy cattle (liveweight)', 'Layer chicken, pullet', 'Broiler chicken', 'Beef cattle', 'Cheese, cow', 'Eggs, hen, in shell', 'Cheese, sheep', 'Eggs', 'Layer chicken, hen', 'Sheep, lamb', 'Milk, cow, raw', 'Beef cattle, steer', 'Butter', 'Poultry by', 'Dairy cattle, cow', 'Pig, piglet', 'Meat, chicken, leg', 'Meat, chicken (cold carcass weight)', 'Whey, powder', 'Cheese', 'Soft', 'Eggs, hen, in shell (number)', 'Meat', 'Meat, chicken (liveweight)', 'Beef cattle, heifer', 'Ricotta', 'Ripened cheese']",43,product,recalculated,rag,1
"[0, 0, 0, 0, 0, 0, 0, 0, 0, 0, 0, 0, 0, 0, 0, 0, 0, 0, 0, 0, 0, 0, 1, 0, 0, 0, 0, 0, 0, 0, 0, 0, 0, 0, 0, 0, 0, 0, 0, 0, 0, 0, 0, 0, 0, 0, 0, 0, 0, 0, 0, 0, 0, 0, 0, 0, 0, 0, 0, 0, 0, 0, 0, 0, 0, 0, 0, 0, 0, 0, 0, 0, 0, 0, 0]","[0, 0, 0, 0, 0, 0, 0, 0, 0, 0, 0, 0, 0, 0, 0, 0, 0, 0, 0, 0, 0, 0, 0, 0, 0, 0, 0, 0, 0, 0, 0, 0, 0, 0, 0, 0, 0, 0, 0, 0, 0, 0, 0, 0, 0, 0, 0, 0, 0, 0, 0, 0, 0, 0, 0, 0, 0, 0, 0, 0, 0, 0, 0, 0, 0, 0, 0, 0, 0, 0, 0, 0, 0, 0, 0]","['Beef cattle, steer', 'Hides, dairy cattle, fresh', 'Beef cattle, heifer and steer', 'Broiler chicken', 'Dairy cattle, calf (male, unweaned)', 'Eggs', 'Soft', 'Sheep, ewe', 'Electricity', 'Cheese, sheep', 'Layer chicken, hen', 'Milk, cow, raw (FPCM)', 'Milk', 'Meat, chicken, leg', 'Whey, liquid', 'Electricity, produced on', 'Dairy cattle', 'Meat, chicken, breast', 'Meat, dairy cattle (liveweight)', 'Beef cattle, bull', 'Milk, cow, raw', 'Sheep, ram', 'Caciotta', 'Offal', 'Whey, powder', 'Buttermilk', 'Meat, chicken (cold carcass weight)', 'Pig, sow', 'Broiler chicken, chick', 'Sheep', 'Dairy cattle, calf', 'Beef cattle, calf (weaned)', 'Dairy cattle, calf (female, weaned)', 'Ricotta', 'Offal, pigs', 'Dairy cattle, heifer', 'Hides', 'Meat, beef cattle (cold carcass weight)', 'Beef cattle, calf (male, weaned)', 'Wastewater (kg mass)', 'Poultry by', 'Meat, pig (cold carcass weight)', 'Sheep, lamb', 'Eggs, hen, in shell (number)', 'Meat, dairy cattle (cold carcass weight)', 'Meat', 'Layer chicken', 'Butter', 'Meat, pig (cold dressed carcass weight)', 'Eggs, hen, in shell', 'Dairy cattle, cow', 'Fresh cheese', 'Cattle, urine (kg mass)', 'Cattle', 'Beef cattle, heifer', 'Pig', 'Beef cattle, cow', 'Cream', 'Ripened cheese', 'Dairy cattle, calf (weaned)', 'Yoghurt', 'Whey', 'Meat, beef cattle (liveweight)', 'Cheese, cow', 'Pig, piglet', 'Cheese', 'Meat, chicken (liveweight)', 'Beef cattle, calf (female, weaned)', 'Broiler chicken, hen', 'Cream, cow, raw', 'Sheep, lamb (weaned)', 'Beef cattle', 'Meat, chicken, wings', 'Meat, beef cattle (cold dressed carcass weight)', 'Layer chicken, pullet']",82,product,original,no rag,3
"[0, 0, 0, 0, 0, 0, 0, 0, 0, 0, 0, 0, 0, 0, 0, 0, 0, 0, 0, 0, 0, 0, 1, 0, 0, 0, 0, 0, 0, 0, 0, 0, 0, 0, 0, 0, 0, 0, 0, 0, 0, 0, 0, 0, 0, 0, 0, 0, 0, 0, 0, 0, 0, 0, 0, 0, 0, 0, 0, 0, 0, 0, 0, 0, 0, 0, 0, 0, 0, 0, 0, 0, 0, 0, 0]","[0, 0, 0, 0, 0, 0, 0, 0, 0, 0, 0, 0, 0, 0, 0, 0, 0, 0, 0, 0, 0, 0, 0, 0, 0, 0, 0, 0, 0, 0, 0, 0, 0, 0, 0, 0, 0, 0, 0, 0, 0, 0, 0, 0, 0, 0, 0, 0, 0, 0, 0, 0, 0, 0, 0, 0, 0, 0, 0, 0, 0, 0, 0, 0, 0, 0, 0, 0, 0, 0, 0, 0, 0, 0, 0]","['Beef cattle, steer', 'Hides, dairy cattle, fresh', 'Beef cattle, heifer and steer', 'Broiler chicken', 'Dairy cattle, calf (male, unweaned)', 'Eggs', 'Soft', 'Sheep, ewe', 'Electricity', 'Cheese, sheep', 'Layer chicken, hen', 'Milk, cow, raw (FPCM)', 'Milk', 'Meat, chicken, leg', 'Whey, liquid', 'Electricity, produced on', 'Dairy cattle', 'Meat, chicken, breast', 'Meat, dairy cattle (liveweight)', 'Beef cattle, bull', 'Milk, cow, raw', 'Sheep, ram', 'Caciotta', 'Offal', 'Whey, powder', 'Buttermilk', 'Meat, chicken (cold carcass weight)', 'Pig, sow', 'Broiler chicken, chick', 'Sheep', 'Dairy cattle, calf', 'Beef cattle, calf (weaned)', 'Dairy cattle, calf (female, weaned)', 'Ricotta', 'Offal, pigs', 'Dairy cattle, heifer', 'Hides', 'Meat, beef cattle (cold carcass weight)', 'Beef cattle, calf (male, weaned)', 'Wastewater (kg mass)', 'Poultry by', 'Meat, pig (cold carcass weight)', 'Sheep, lamb', 'Eggs, hen, in shell (number)', 'Meat, dairy cattle (cold carcass weight)', 'Meat', 'Layer chicken', 'Butter', 'Meat, pig (cold dressed carcass weight)', 'Eggs, hen, in shell', 'Dairy cattle, cow', 'Fresh cheese', 'Cattle, urine (kg mass)', 'Cattle', 'Beef cattle, heifer', 'Pig', 'Beef cattle, cow', 'Cream', 'Ripened cheese', 'Dairy cattle, calf (weaned)', 'Yoghurt', 'Whey', 'Meat, beef cattle (liveweight)', 'Cheese, cow', 'Pig, piglet', 'Cheese', 'Meat, chicken (liveweight)', 'Beef cattle, calf (female, weaned)', 'Broiler chicken, hen', 'Cream, cow, raw', 'Sheep, lamb (weaned)', 'Beef cattle', 'Meat, chicken, wings', 'Meat, beef cattle (cold dressed carcass weight)', 'Layer chicken, pullet']",87,product,original,no rag,3
"[0, 0, 0, 0, 0, 0, 0, 0, 0, 0, 0, 0, 0, 0, 0, 0, 0, 0, 0, 0, 0, 0, 1, 0, 0, 0, 0, 0, 0, 0, 0, 0, 0, 0, 0, 0, 0, 0, 0, 0, 0, 0, 0, 0, 0, 0, 0, 0, 0, 0, 0, 0, 0, 0, 0, 0, 0, 0, 0, 0, 0, 0, 0, 0, 0, 0, 0, 0, 0, 0, 0, 0, 0, 0, 0]","[0, 0, 0, 0, 0, 0, 0, 0, 0, 0, 0, 0, 0, 0, 0, 0, 0, 0, 0, 0, 0, 0, 0, 0, 0, 0, 0, 0, 0, 0, 0, 0, 0, 0, 0, 0, 0, 0, 0, 0, 0, 0, 0, 0, 0, 0, 0, 0, 0, 0, 0, 0, 0, 0, 0, 0, 0, 0, 0, 0, 1, 0, 0, 0, 0, 0, 0, 0, 0, 0, 0, 0, 0, 0, 0]","['Beef cattle, steer', 'Hides, dairy cattle, fresh', 'Beef cattle, heifer and steer', 'Broiler chicken', 'Dairy cattle, calf (male, unweaned)', 'Eggs', 'Soft', 'Sheep, ewe', 'Electricity', 'Cheese, sheep', 'Layer chicken, hen', 'Milk, cow, raw (FPCM)', 'Milk', 'Meat, chicken, leg', 'Whey, liquid', 'Electricity, produced on', 'Dairy cattle', 'Meat, chicken, breast', 'Meat, dairy cattle (liveweight)', 'Beef cattle, bull', 'Milk, cow, raw', 'Sheep, ram', 'Caciotta', 'Offal', 'Whey, powder', 'Buttermilk', 'Meat, chicken (cold carcass weight)', 'Pig, sow', 'Broiler chicken, chick', 'Sheep', 'Dairy cattle, calf', 'Beef cattle, calf (weaned)', 'Dairy cattle, calf (female, weaned)', 'Ricotta', 'Offal, pigs', 'Dairy cattle, heifer', 'Hides', 'Meat, beef cattle (cold carcass weight)', 'Beef cattle, calf (male, weaned)', 'Wastewater (kg mass)', 'Poultry by', 'Meat, pig (cold carcass weight)', 'Sheep, lamb', 'Eggs, hen, in shell (number)', 'Meat, dairy cattle (cold carcass weight)', 'Meat', 'Layer chicken', 'Butter', 'Meat, pig (cold dressed carcass weight)', 'Eggs, hen, in shell', 'Dairy cattle, cow', 'Fresh cheese', 'Cattle, urine (kg mass)', 'Cattle', 'Beef cattle, heifer', 'Pig', 'Beef cattle, cow', 'Cream', 'Ripened cheese', 'Dairy cattle, calf (weaned)', 'Yoghurt', 'Whey', 'Meat, beef cattle (liveweight)', 'Cheese, cow', 'Pig, piglet', 'Cheese', 'Meat, chicken (liveweight)', 'Beef cattle, calf (female, weaned)', 'Broiler chicken, hen', 'Cream, cow, raw', 'Sheep, lamb (weaned)', 'Beef cattle', 'Meat, chicken, wings', 'Meat, beef cattle (cold dressed carcass weight)', 'Layer chicken, pullet']",82,product,original,no rag,2
"[0, 0, 0, 0, 0, 0, 0, 0, 0, 0, 0, 0, 0, 0, 0, 0, 0, 0, 0, 0, 0, 0, 1, 0, 0, 0, 0, 0, 0, 0, 0, 0, 0, 0, 0, 0, 0, 0, 0, 0, 0, 0, 0, 0, 0, 0, 0, 0, 0, 0, 0, 0, 0, 0, 0, 0, 0, 0, 0, 0, 0, 0, 0, 0, 0, 0, 0, 0, 0, 0, 0, 0, 0, 0, 0]","[0, 0, 0, 0, 0, 0, 0, 0, 0, 0, 0, 0, 0, 0, 0, 0, 0, 0, 0, 0, 0, 0, 0, 0, 0, 0, 0, 0, 0, 0, 0, 0, 0, 0, 0, 0, 0, 0, 0, 0, 0, 0, 0, 0, 0, 0, 0, 0, 0, 0, 0, 0, 0, 0, 0, 0, 0, 0, 0, 0, 1, 0, 0, 0, 0, 0, 0, 0, 0, 0, 0, 0, 0, 0, 0]","['Beef cattle, steer', 'Hides, dairy cattle, fresh', 'Beef cattle, heifer and steer', 'Broiler chicken', 'Dairy cattle, calf (male, unweaned)', 'Eggs', 'Soft', 'Sheep, ewe', 'Electricity', 'Cheese, sheep', 'Layer chicken, hen', 'Milk, cow, raw (FPCM)', 'Milk', 'Meat, chicken, leg', 'Whey, liquid', 'Electricity, produced on', 'Dairy cattle', 'Meat, chicken, breast', 'Meat, dairy cattle (liveweight)', 'Beef cattle, bull', 'Milk, cow, raw', 'Sheep, ram', 'Caciotta', 'Offal', 'Whey, powder', 'Buttermilk', 'Meat, chicken (cold carcass weight)', 'Pig, sow', 'Broiler chicken, chick', 'Sheep', 'Dairy cattle, calf', 'Beef cattle, calf (weaned)', 'Dairy cattle, calf (female, weaned)', 'Ricotta', 'Offal, pigs', 'Dairy cattle, heifer', 'Hides', 'Meat, beef cattle (cold carcass weight)', 'Beef cattle, calf (male, weaned)', 'Wastewater (kg mass)', 'Poultry by', 'Meat, pig (cold carcass weight)', 'Sheep, lamb', 'Eggs, hen, in shell (number)', 'Meat, dairy cattle (cold carcass weight)', 'Meat', 'Layer chicken', 'Butter', 'Meat, pig (cold dressed carcass weight)', 'Eggs, hen, in shell', 'Dairy cattle, cow', 'Fresh cheese', 'Cattle, urine (kg mass)', 'Cattle', 'Beef cattle, heifer', 'Pig', 'Beef cattle, cow', 'Cream', 'Ripened cheese', 'Dairy cattle, calf (weaned)', 'Yoghurt', 'Whey', 'Meat, beef cattle (liveweight)', 'Cheese, cow', 'Pig, piglet', 'Cheese', 'Meat, chicken (liveweight)', 'Beef cattle, calf (female, weaned)', 'Broiler chicken, hen', 'Cream, cow, raw', 'Sheep, lamb (weaned)', 'Beef cattle', 'Meat, chicken, wings', 'Meat, beef cattle (cold dressed carcass weight)', 'Layer chicken, pullet']",87,product,original,no rag,2
"[0, 0, 0, 0, 0, 0, 0, 0, 0, 0, 0, 0, 0, 0, 0, 0, 0, 0, 0, 0, 0, 0, 1, 0, 0, 0, 0, 0, 0, 0, 0, 0, 0, 0, 0, 0, 0, 0, 0, 0, 0, 0, 0, 0, 0, 0, 0, 0, 0, 0, 0, 0, 0, 0, 0, 0, 0, 0, 0, 0, 0, 0, 0, 0, 0, 0, 0, 0, 0, 0, 0, 0, 0, 0, 0]","[0, 0, 0, 0, 0, 0, 0, 0, 0, 0, 0, 0, 0, 0, 0, 0, 0, 0, 0, 0, 0, 0, 0, 0, 0, 0, 0, 0, 0, 0, 0, 0, 0, 1, 0, 0, 0, 0, 0, 0, 0, 0, 0, 0, 0, 0, 0, 0, 0, 0, 0, 0, 0, 0, 0, 0, 0, 0, 0, 0, 0, 0, 0, 0, 0, 0, 0, 0, 0, 0, 0, 0, 0, 0, 0]","['Beef cattle, steer', 'Hides, dairy cattle, fresh', 'Beef cattle, heifer and steer', 'Broiler chicken', 'Dairy cattle, calf (male, unweaned)', 'Eggs', 'Soft', 'Sheep, ewe', 'Electricity', 'Cheese, sheep', 'Layer chicken, hen', 'Milk, cow, raw (FPCM)', 'Milk', 'Meat, chicken, leg', 'Whey, liquid', 'Electricity, produced on', 'Dairy cattle', 'Meat, chicken, breast', 'Meat, dairy cattle (liveweight)', 'Beef cattle, bull', 'Milk, cow, raw', 'Sheep, ram', 'Caciotta', 'Offal', 'Whey, powder', 'Buttermilk', 'Meat, chicken (cold carcass weight)', 'Pig, sow', 'Broiler chicken, chick', 'Sheep', 'Dairy cattle, calf', 'Beef cattle, calf (weaned)', 'Dairy cattle, calf (female, weaned)', 'Ricotta', 'Offal, pigs', 'Dairy cattle, heifer', 'Hides', 'Meat, beef cattle (cold carcass weight)', 'Beef cattle, calf (male, weaned)', 'Wastewater (kg mass)', 'Poultry by', 'Meat, pig (cold carcass weight)', 'Sheep, lamb', 'Eggs, hen, in shell (number)', 'Meat, dairy cattle (cold carcass weight)', 'Meat', 'Layer chicken', 'Butter', 'Meat, pig (cold dressed carcass weight)', 'Eggs, hen, in shell', 'Dairy cattle, cow', 'Fresh cheese', 'Cattle, urine (kg mass)', 'Cattle', 'Beef cattle, heifer', 'Pig', 'Beef cattle, cow', 'Cream', 'Ripened cheese', 'Dairy cattle, calf (weaned)', 'Yoghurt', 'Whey', 'Meat, beef cattle (liveweight)', 'Cheese, cow', 'Pig, piglet', 'Cheese', 'Meat, chicken (liveweight)', 'Beef cattle, calf (female, weaned)', 'Broiler chicken, hen', 'Cream, cow, raw', 'Sheep, lamb (weaned)', 'Beef cattle', 'Meat, chicken, wings', 'Meat, beef cattle (cold dressed carcass weight)', 'Layer chicken, pullet']",82,product,original,no rag,2
"[0, 0, 0, 0, 0, 0, 0, 0, 0, 0, 0, 0, 0, 0, 0, 0, 0, 0, 0, 0, 0, 0, 1, 0, 0, 0, 0, 0, 0, 0, 0, 0, 0, 0, 0, 0, 0, 0, 0, 0, 0, 0, 0, 0, 0, 0, 0, 0, 0, 0, 0, 0, 0, 0, 0, 0, 0, 0, 0, 0, 0, 0, 0, 0, 0, 0, 0, 0, 0, 0, 0, 0, 0, 0, 0]","[0, 0, 0, 0, 0, 0, 0, 0, 0, 0, 0, 0, 0, 0, 0, 0, 0, 0, 0, 0, 0, 0, 0, 0, 0, 0, 0, 0, 0, 0, 0, 0, 0, 1, 0, 0, 0, 0, 0, 0, 0, 0, 0, 0, 0, 0, 0, 0, 0, 0, 0, 0, 0, 0, 0, 0, 0, 0, 0, 0, 0, 0, 0, 0, 0, 0, 0, 0, 0, 0, 0, 0, 0, 0, 0]","['Beef cattle, steer', 'Hides, dairy cattle, fresh', 'Beef cattle, heifer and steer', 'Broiler chicken', 'Dairy cattle, calf (male, unweaned)', 'Eggs', 'Soft', 'Sheep, ewe', 'Electricity', 'Cheese, sheep', 'Layer chicken, hen', 'Milk, cow, raw (FPCM)', 'Milk', 'Meat, chicken, leg', 'Whey, liquid', 'Electricity, produced on', 'Dairy cattle', 'Meat, chicken, breast', 'Meat, dairy cattle (liveweight)', 'Beef cattle, bull', 'Milk, cow, raw', 'Sheep, ram', 'Caciotta', 'Offal', 'Whey, powder', 'Buttermilk', 'Meat, chicken (cold carcass weight)', 'Pig, sow', 'Broiler chicken, chick', 'Sheep', 'Dairy cattle, calf', 'Beef cattle, calf (weaned)', 'Dairy cattle, calf (female, weaned)', 'Ricotta', 'Offal, pigs', 'Dairy cattle, heifer', 'Hides', 'Meat, beef cattle (cold carcass weight)', 'Beef cattle, calf (male, weaned)', 'Wastewater (kg mass)', 'Poultry by', 'Meat, pig (cold carcass weight)', 'Sheep, lamb', 'Eggs, hen, in shell (number)', 'Meat, dairy cattle (cold carcass weight)', 'Meat', 'Layer chicken', 'Butter', 'Meat, pig (cold dressed carcass weight)', 'Eggs, hen, in shell', 'Dairy cattle, cow', 'Fresh cheese', 'Cattle, urine (kg mass)', 'Cattle', 'Beef cattle, heifer', 'Pig', 'Beef cattle, cow', 'Cream', 'Ripened cheese', 'Dairy cattle, calf (weaned)', 'Yoghurt', 'Whey', 'Meat, beef cattle (liveweight)', 'Cheese, cow', 'Pig, piglet', 'Cheese', 'Meat, chicken (liveweight)', 'Beef cattle, calf (female, weaned)', 'Broiler chicken, hen', 'Cream, cow, raw', 'Sheep, lamb (weaned)', 'Beef cattle', 'Meat, chicken, wings', 'Meat, beef cattle (cold dressed carcass weight)', 'Layer chicken, pullet']",87,product,original,no rag,2
"[0, 0, 0, 0, 0, 0, 0, 0, 0, 0, 0, 0, 0, 0, 0, 0, 0, 0, 0, 1, 0, 0, 0, 0, 0, 0, 0, 0, 0, 0, 0, 0, 0, 0, 0, 0, 0, 0, 0, 0, 0, 0, 0, 0, 0, 0, 0, 0, 0, 0, 0, 0, 0, 0, 0, 0, 0, 0, 0, 0, 0, 0, 0, 0, 0, 0, 0, 0, 0, 0]","[0, 0, 0, 0, 0, 0, 0, 0, 0, 0, 0, 0, 0, 0, 0, 0, 0, 0, 0, 0, 0, 0, 0, 0, 0, 0, 0, 0, 0, 0, 0, 0, 0, 0, 0, 0, 0, 0, 0, 0, 0, 0, 0, 0, 0, 0, 0, 0, 0, 0, 0, 0, 0, 0, 0, 0, 0, 0, 0, 0, 0, 0, 0, 0, 0, 0, 0, 0, 0, 0]","['Meat, beef cattle (cold carcass weight)', 'Layer chicken', 'Pig', 'Meat, beef cattle (cold dressed carcass weight)', 'Dairy cattle', 'Milk', 'Cream', 'Beef cattle, calf (male, weaned)', 'Beef cattle, cow', 'Whey, liquid', 'Wastewater (kg mass)', 'Milk, cow, raw (FPCM)', 'Meat, chicken, wings', 'Beef cattle, heifer and steer', 'Meat, dairy cattle (cold carcass weight)', 'Buttermilk', 'Pig, sow', 'Cattle, urine (kg mass)', 'Beef cattle, calf (female, weaned)', 'Yoghurt', 'Meat, beef cattle (liveweight)', 'Dairy cattle, heifer', 'Sheep, ram', 'Caciotta', 'Electricity, produced on', 'Fresh cheese', 'Electricity', 'Sheep, ewe', 'Dairy cattle, calf (male, unweaned)', 'Beef cattle, calf (weaned)', 'Meat, pig (cold dressed carcass weight)', 'Dairy cattle, calf (female, weaned)', 'Whey', 'Cattle', 'Dairy cattle, calf (weaned)', 'Dairy cattle, calf', 'Sheep', 'Meat, chicken, breast', 'Beef cattle, bull', 'Cream, cow, raw', 'Broiler chicken, hen', 'Broiler chicken, chick', 'Sheep, lamb (weaned)', 'Meat, dairy cattle (liveweight)', 'Layer chicken, pullet', 'Broiler chicken', 'Beef cattle', 'Cheese, cow', 'Eggs, hen, in shell', 'Cheese, sheep', 'Eggs', 'Layer chicken, hen', 'Sheep, lamb', 'Milk, cow, raw', 'Beef cattle, steer', 'Butter', 'Poultry by', 'Dairy cattle, cow', 'Pig, piglet', 'Meat, chicken, leg', 'Meat, chicken (cold carcass weight)', 'Whey, powder', 'Cheese', 'Soft', 'Eggs, hen, in shell (number)', 'Meat', 'Meat, chicken (liveweight)', 'Beef cattle, heifer', 'Ricotta', 'Ripened cheese']",6,product,recalculated,rag,3
"[0, 0, 0, 0, 0, 0, 0, 0, 0, 0, 0, 0, 0, 0, 0, 0, 1, 0, 0, 0, 0, 0, 0, 0, 0, 0, 0, 0, 0, 0, 1, 0, 0, 0, 0, 0, 0, 0, 0, 0, 0, 0, 0, 0, 0, 0, 0, 0, 0, 0, 0, 0, 0, 0, 0, 0, 0, 0, 0, 0, 0, 0, 0, 0, 0, 0, 0, 0, 0, 0, 0, 0, 0, 0, 0]","[0, 0, 0, 0, 0, 0, 0, 0, 0, 0, 0, 0, 0, 0, 0, 0, 1, 0, 0, 0, 0, 0, 0, 0, 0, 0, 0, 0, 0, 0, 0, 0, 0, 0, 0, 0, 0, 0, 0, 0, 0, 0, 0, 0, 0, 0, 0, 0, 0, 0, 0, 0, 0, 0, 0, 0, 0, 0, 0, 0, 0, 0, 0, 0, 0, 0, 0, 0, 0, 0, 0, 0, 0, 0, 0]","['Beef cattle, steer', 'Hides, dairy cattle, fresh', 'Beef cattle, heifer and steer', 'Broiler chicken', 'Dairy cattle, calf (male, unweaned)', 'Eggs', 'Soft', 'Sheep, ewe', 'Electricity', 'Cheese, sheep', 'Layer chicken, hen', 'Milk, cow, raw (FPCM)', 'Milk', 'Meat, chicken, leg', 'Whey, liquid', 'Electricity, produced on', 'Dairy cattle', 'Meat, chicken, breast', 'Meat, dairy cattle (liveweight)', 'Beef cattle, bull', 'Milk, cow, raw', 'Sheep, ram', 'Caciotta', 'Offal', 'Whey, powder', 'Buttermilk', 'Meat, chicken (cold carcass weight)', 'Pig, sow', 'Broiler chicken, chick', 'Sheep', 'Dairy cattle, calf', 'Beef cattle, calf (weaned)', 'Dairy cattle, calf (female, weaned)', 'Ricotta', 'Offal, pigs', 'Dairy cattle, heifer', 'Hides', 'Meat, beef cattle (cold carcass weight)', 'Beef cattle, calf (male, weaned)', 'Wastewater (kg mass)', 'Poultry by', 'Meat, pig (cold carcass weight)', 'Sheep, lamb', 'Eggs, hen, in shell (number)', 'Meat, dairy cattle (cold carcass weight)', 'Meat', 'Layer chicken', 'Butter', 'Meat, pig (cold dressed carcass weight)', 'Eggs, hen, in shell', 'Dairy cattle, cow', 'Fresh cheese', 'Cattle, urine (kg mass)', 'Cattle', 'Beef cattle, heifer', 'Pig', 'Beef cattle, cow', 'Cream', 'Ripened cheese', 'Dairy cattle, calf (weaned)', 'Yoghurt', 'Whey', 'Meat, beef cattle (liveweight)', 'Cheese, cow', 'Pig, piglet', 'Cheese', 'Meat, chicken (liveweight)', 'Beef cattle, calf (female, weaned)', 'Broiler chicken, hen', 'Cream, cow, raw', 'Sheep, lamb (weaned)', 'Beef cattle', 'Meat, chicken, wings', 'Meat, beef cattle (cold dressed carcass weight)', 'Layer chicken, pullet']",78,product,original,no rag,2
"[0, 0, 0, 0, 0, 0, 0, 0, 0, 0, 0, 0, 0, 0, 0, 0, 1, 0, 0, 0, 0, 0, 0, 0, 0, 0, 0, 0, 0, 0, 1, 0, 0, 0, 0, 0, 0, 0, 0, 0, 0, 0, 0, 0, 0, 0, 0, 0, 0, 0, 0, 0, 0, 0, 0, 0, 0, 0, 0, 0, 0, 0, 0, 0, 0, 0, 0, 0, 0, 0, 0, 0, 0, 0, 0]","[0, 0, 0, 0, 0, 0, 0, 0, 0, 0, 0, 0, 0, 0, 0, 0, 1, 0, 0, 0, 0, 0, 0, 0, 0, 0, 0, 0, 0, 0, 0, 0, 0, 0, 0, 0, 0, 0, 0, 0, 0, 0, 0, 0, 0, 0, 0, 0, 0, 0, 1, 0, 0, 0, 0, 0, 0, 0, 0, 0, 0, 0, 0, 0, 0, 0, 0, 0, 0, 0, 0, 0, 0, 0, 0]","['Beef cattle, steer', 'Hides, dairy cattle, fresh', 'Beef cattle, heifer and steer', 'Broiler chicken', 'Dairy cattle, calf (male, unweaned)', 'Eggs', 'Soft', 'Sheep, ewe', 'Electricity', 'Cheese, sheep', 'Layer chicken, hen', 'Milk, cow, raw (FPCM)', 'Milk', 'Meat, chicken, leg', 'Whey, liquid', 'Electricity, produced on', 'Dairy cattle', 'Meat, chicken, breast', 'Meat, dairy cattle (liveweight)', 'Beef cattle, bull', 'Milk, cow, raw', 'Sheep, ram', 'Caciotta', 'Offal', 'Whey, powder', 'Buttermilk', 'Meat, chicken (cold carcass weight)', 'Pig, sow', 'Broiler chicken, chick', 'Sheep', 'Dairy cattle, calf', 'Beef cattle, calf (weaned)', 'Dairy cattle, calf (female, weaned)', 'Ricotta', 'Offal, pigs', 'Dairy cattle, heifer', 'Hides', 'Meat, beef cattle (cold carcass weight)', 'Beef cattle, calf (male, weaned)', 'Wastewater (kg mass)', 'Poultry by', 'Meat, pig (cold carcass weight)', 'Sheep, lamb', 'Eggs, hen, in shell (number)', 'Meat, dairy cattle (cold carcass weight)', 'Meat', 'Layer chicken', 'Butter', 'Meat, pig (cold dressed carcass weight)', 'Eggs, hen, in shell', 'Dairy cattle, cow', 'Fresh cheese', 'Cattle, urine (kg mass)', 'Cattle', 'Beef cattle, heifer', 'Pig', 'Beef cattle, cow', 'Cream', 'Ripened cheese', 'Dairy cattle, calf (weaned)', 'Yoghurt', 'Whey', 'Meat, beef cattle (liveweight)', 'Cheese, cow', 'Pig, piglet', 'Cheese', 'Meat, chicken (liveweight)', 'Beef cattle, calf (female, weaned)', 'Broiler chicken, hen', 'Cream, cow, raw', 'Sheep, lamb (weaned)', 'Beef cattle', 'Meat, chicken, wings', 'Meat, beef cattle (cold dressed carcass weight)', 'Layer chicken, pullet']",78,product,original,no rag,5
"[0, 0, 0, 0, 0, 0, 0, 0, 0, 0, 0, 0, 0, 0, 0, 1, 0, 0, 0, 0, 0, 0, 0, 0, 0, 0, 0, 0, 0, 0, 0, 0, 1, 0, 0, 0, 0, 0, 0, 0, 0, 0, 0, 0, 0, 0, 0, 0, 0, 0, 0, 0, 0, 0, 0, 0, 0, 0, 0, 0, 0, 0, 0, 0, 0, 0, 0, 0, 0, 0]","[0, 0, 0, 0, 0, 0, 0, 0, 0, 0, 0, 0, 0, 0, 0, 1, 0, 0, 0, 0, 0, 0, 0, 0, 0, 0, 0, 0, 0, 0, 0, 0, 1, 0, 0, 0, 0, 0, 0, 0, 0, 0, 0, 0, 0, 0, 0, 0, 0, 1, 0, 0, 0, 0, 0, 0, 0, 0, 0, 0, 0, 0, 0, 0, 0, 0, 0, 0, 0, 0]","['Beef cattle, steer', 'Beef cattle, heifer and steer', 'Broiler chicken', 'Dairy cattle, calf (male, unweaned)', 'Eggs', 'Soft', 'Sheep, ewe', 'Electricity', 'Cheese, sheep', 'Layer chicken, hen', 'Milk, cow, raw (FPCM)', 'Milk', 'Meat, chicken, leg', 'Whey, liquid', 'Electricity, produced on', 'Dairy cattle', 'Meat, chicken, breast', 'Meat, dairy cattle (liveweight)', 'Beef cattle, bull', 'Milk, cow, raw', 'Sheep, ram', 'Caciotta', 'Whey, powder', 'Buttermilk', 'Meat, chicken (cold carcass weight)', 'Pig, sow', 'Broiler chicken, chick', 'Sheep', 'Dairy cattle, calf', 'Beef cattle, calf (weaned)', 'Dairy cattle, calf (female, weaned)', 'Ricotta', 'Dairy cattle, heifer', 'Meat, beef cattle (cold carcass weight)', 'Beef cattle, calf (male, weaned)', 'Wastewater (kg mass)', 'Poultry by', 'Sheep, lamb', 'Eggs, hen, in shell (number)', 'Meat, dairy cattle (cold carcass weight)', 'Meat', 'Layer chicken', 'Butter', 'Meat, pig (cold dressed carcass weight)', 'Eggs, hen, in shell', 'Dairy cattle, cow', 'Fresh cheese', 'Cattle, urine (kg mass)', 'Cattle', 'Beef cattle, heifer', 'Pig', 'Beef cattle, cow', 'Cream', 'Ripened cheese', 'Dairy cattle, calf (weaned)', 'Yoghurt', 'Whey', 'Meat, beef cattle (liveweight)', 'Cheese, cow', 'Pig, piglet', 'Cheese', 'Meat, chicken (liveweight)', 'Beef cattle, calf (female, weaned)', 'Broiler chicken, hen', 'Cream, cow, raw', 'Sheep, lamb (weaned)', 'Beef cattle', 'Meat, chicken, wings', 'Meat, beef cattle (cold dressed carcass weight)', 'Layer chicken, pullet']",38,product,recalculated,no rag,1
"[0, 0, 0, 0, 0, 0, 0, 1, 0, 0, 0, 0, 0, 0, 1, 0, 0, 0, 0, 0, 0, 0, 0, 0, 0, 0, 0, 0, 0, 0, 0, 0, 0, 0, 0, 0, 0, 0, 0, 0, 0, 0, 0, 0, 0, 0, 0, 0, 0, 0, 0, 0, 0, 0, 0, 0, 0, 0, 0, 0, 0, 0, 0, 0, 0, 0, 0, 0, 0, 0]","[0, 0, 0, 0, 0, 0, 0, 0, 0, 0, 0, 0, 0, 0, 0, 0, 0, 0, 0, 0, 0, 0, 0, 0, 0, 0, 0, 0, 0, 0, 0, 0, 0, 0, 0, 0, 0, 0, 0, 0, 0, 0, 0, 0, 0, 0, 0, 0, 0, 0, 0, 0, 0, 0, 0, 0, 0, 0, 0, 0, 0, 0, 0, 0, 0, 0, 0, 0, 0, 0]","['Beef cattle, steer', 'Beef cattle, heifer and steer', 'Broiler chicken', 'Dairy cattle, calf (male, unweaned)', 'Eggs', 'Soft', 'Sheep, ewe', 'Electricity', 'Cheese, sheep', 'Layer chicken, hen', 'Milk, cow, raw (FPCM)', 'Milk', 'Meat, chicken, leg', 'Whey, liquid', 'Electricity, produced on', 'Dairy cattle', 'Meat, chicken, breast', 'Meat, dairy cattle (liveweight)', 'Beef cattle, bull', 'Milk, cow, raw', 'Sheep, ram', 'Caciotta', 'Whey, powder', 'Buttermilk', 'Meat, chicken (cold carcass weight)', 'Pig, sow', 'Broiler chicken, chick', 'Sheep', 'Dairy cattle, calf', 'Beef cattle, calf (weaned)', 'Dairy cattle, calf (female, weaned)', 'Ricotta', 'Dairy cattle, heifer', 'Meat, beef cattle (cold carcass weight)', 'Beef cattle, calf (male, weaned)', 'Wastewater (kg mass)', 'Poultry by', 'Sheep, lamb', 'Eggs, hen, in shell (number)', 'Meat, dairy cattle (cold carcass weight)', 'Meat', 'Layer chicken', 'Butter', 'Meat, pig (cold dressed carcass weight)', 'Eggs, hen, in shell', 'Dairy cattle, cow', 'Fresh cheese', 'Cattle, urine (kg mass)', 'Cattle', 'Beef cattle, heifer', 'Pig', 'Beef cattle, cow', 'Cream', 'Ripened cheese', 'Dairy cattle, calf (weaned)', 'Yoghurt', 'Whey', 'Meat, beef cattle (liveweight)', 'Cheese, cow', 'Pig, piglet', 'Cheese', 'Meat, chicken (liveweight)', 'Beef cattle, calf (female, weaned)', 'Broiler chicken, hen', 'Cream, cow, raw', 'Sheep, lamb (weaned)', 'Beef cattle', 'Meat, chicken, wings', 'Meat, beef cattle (cold dressed carcass weight)', 'Layer chicken, pullet']",53,product,recalculated,no rag,5
"[0, 0, 0, 0, 0, 0, 0, 1, 0, 0, 0, 0, 0, 0, 1, 0, 0, 0, 0, 0, 0, 0, 0, 0, 0, 0, 0, 0, 0, 0, 0, 0, 0, 0, 0, 0, 0, 0, 0, 0, 0, 0, 0, 0, 0, 0, 0, 0, 0, 0, 0, 0, 0, 0, 0, 0, 0, 0, 0, 0, 0, 0, 0, 0, 0, 0, 0, 0, 0, 0]","[0, 0, 0, 0, 0, 0, 0, 0, 0, 0, 0, 0, 0, 0, 0, 0, 0, 0, 0, 0, 0, 0, 0, 0, 0, 0, 0, 0, 0, 0, 0, 0, 0, 0, 0, 0, 0, 0, 0, 0, 0, 0, 0, 0, 0, 0, 0, 0, 0, 0, 0, 0, 0, 0, 0, 0, 0, 0, 0, 0, 0, 0, 0, 0, 0, 0, 0, 0, 0, 0]","['Beef cattle, steer', 'Beef cattle, heifer and steer', 'Broiler chicken', 'Dairy cattle, calf (male, unweaned)', 'Eggs', 'Soft', 'Sheep, ewe', 'Electricity', 'Cheese, sheep', 'Layer chicken, hen', 'Milk, cow, raw (FPCM)', 'Milk', 'Meat, chicken, leg', 'Whey, liquid', 'Electricity, produced on', 'Dairy cattle', 'Meat, chicken, breast', 'Meat, dairy cattle (liveweight)', 'Beef cattle, bull', 'Milk, cow, raw', 'Sheep, ram', 'Caciotta', 'Whey, powder', 'Buttermilk', 'Meat, chicken (cold carcass weight)', 'Pig, sow', 'Broiler chicken, chick', 'Sheep', 'Dairy cattle, calf', 'Beef cattle, calf (weaned)', 'Dairy cattle, calf (female, weaned)', 'Ricotta', 'Dairy cattle, heifer', 'Meat, beef cattle (cold carcass weight)', 'Beef cattle, calf (male, weaned)', 'Wastewater (kg mass)', 'Poultry by', 'Sheep, lamb', 'Eggs, hen, in shell (number)', 'Meat, dairy cattle (cold carcass weight)', 'Meat', 'Layer chicken', 'Butter', 'Meat, pig (cold dressed carcass weight)', 'Eggs, hen, in shell', 'Dairy cattle, cow', 'Fresh cheese', 'Cattle, urine (kg mass)', 'Cattle', 'Beef cattle, heifer', 'Pig', 'Beef cattle, cow', 'Cream', 'Ripened cheese', 'Dairy cattle, calf (weaned)', 'Yoghurt', 'Whey', 'Meat, beef cattle (liveweight)', 'Cheese, cow', 'Pig, piglet', 'Cheese', 'Meat, chicken (liveweight)', 'Beef cattle, calf (female, weaned)', 'Broiler chicken, hen', 'Cream, cow, raw', 'Sheep, lamb (weaned)', 'Beef cattle', 'Meat, chicken, wings', 'Meat, beef cattle (cold dressed carcass weight)', 'Layer chicken, pullet']",70,product,recalculated,no rag,5
"[0, 0, 0, 0, 0, 0, 0, 1, 0, 0, 0, 0, 0, 0, 1, 0, 0, 0, 0, 0, 0, 0, 0, 0, 0, 0, 0, 0, 0, 0, 0, 0, 0, 0, 0, 0, 0, 0, 0, 0, 0, 0, 0, 0, 0, 0, 0, 0, 0, 0, 0, 0, 0, 0, 0, 0, 0, 0, 0, 0, 0, 0, 0, 0, 0, 0, 0, 0, 0, 0]","[0, 0, 0, 0, 0, 0, 0, 0, 0, 0, 0, 0, 0, 0, 0, 0, 0, 0, 0, 0, 0, 0, 0, 0, 0, 0, 0, 0, 0, 0, 0, 0, 0, 0, 0, 1, 0, 0, 0, 0, 0, 0, 0, 0, 0, 0, 0, 0, 0, 0, 0, 0, 0, 0, 0, 0, 0, 0, 0, 0, 0, 0, 0, 0, 0, 0, 0, 0, 0, 0]","['Beef cattle, steer', 'Beef cattle, heifer and steer', 'Broiler chicken', 'Dairy cattle, calf (male, unweaned)', 'Eggs', 'Soft', 'Sheep, ewe', 'Electricity', 'Cheese, sheep', 'Layer chicken, hen', 'Milk, cow, raw (FPCM)', 'Milk', 'Meat, chicken, leg', 'Whey, liquid', 'Electricity, produced on', 'Dairy cattle', 'Meat, chicken, breast', 'Meat, dairy cattle (liveweight)', 'Beef cattle, bull', 'Milk, cow, raw', 'Sheep, ram', 'Caciotta', 'Whey, powder', 'Buttermilk', 'Meat, chicken (cold carcass weight)', 'Pig, sow', 'Broiler chicken, chick', 'Sheep', 'Dairy cattle, calf', 'Beef cattle, calf (weaned)', 'Dairy cattle, calf (female, weaned)', 'Ricotta', 'Dairy cattle, heifer', 'Meat, beef cattle (cold carcass weight)', 'Beef cattle, calf (male, weaned)', 'Wastewater (kg mass)', 'Poultry by', 'Sheep, lamb', 'Eggs, hen, in shell (number)', 'Meat, dairy cattle (cold carcass weight)', 'Meat', 'Layer chicken', 'Butter', 'Meat, pig (cold dressed carcass weight)', 'Eggs, hen, in shell', 'Dairy cattle, cow', 'Fresh cheese', 'Cattle, urine (kg mass)', 'Cattle', 'Beef cattle, heifer', 'Pig', 'Beef cattle, cow', 'Cream', 'Ripened cheese', 'Dairy cattle, calf (weaned)', 'Yoghurt', 'Whey', 'Meat, beef cattle (liveweight)', 'Cheese, cow', 'Pig, piglet', 'Cheese', 'Meat, chicken (liveweight)', 'Beef cattle, calf (female, weaned)', 'Broiler chicken, hen', 'Cream, cow, raw', 'Sheep, lamb (weaned)', 'Beef cattle', 'Meat, chicken, wings', 'Meat, beef cattle (cold dressed carcass weight)', 'Layer chicken, pullet']",53,product,recalculated,no rag,1
"[0, 0, 0, 0, 0, 0, 0, 1, 0, 0, 0, 0, 0, 0, 1, 0, 0, 0, 0, 0, 0, 0, 0, 0, 0, 0, 0, 0, 0, 0, 0, 0, 0, 0, 0, 0, 0, 0, 0, 0, 0, 0, 0, 0, 0, 0, 0, 0, 0, 0, 0, 0, 0, 0, 0, 0, 0, 0, 0, 0, 0, 0, 0, 0, 0, 0, 0, 0, 0, 0]","[0, 0, 0, 0, 0, 0, 0, 0, 0, 0, 0, 0, 0, 0, 0, 0, 0, 0, 0, 0, 0, 0, 0, 0, 0, 0, 0, 0, 0, 0, 0, 0, 0, 0, 0, 1, 0, 0, 0, 0, 0, 0, 0, 0, 0, 0, 0, 0, 0, 0, 0, 0, 0, 0, 0, 0, 0, 0, 0, 0, 0, 0, 0, 0, 0, 0, 0, 0, 0, 0]","['Beef cattle, steer', 'Beef cattle, heifer and steer', 'Broiler chicken', 'Dairy cattle, calf (male, unweaned)', 'Eggs', 'Soft', 'Sheep, ewe', 'Electricity', 'Cheese, sheep', 'Layer chicken, hen', 'Milk, cow, raw (FPCM)', 'Milk', 'Meat, chicken, leg', 'Whey, liquid', 'Electricity, produced on', 'Dairy cattle', 'Meat, chicken, breast', 'Meat, dairy cattle (liveweight)', 'Beef cattle, bull', 'Milk, cow, raw', 'Sheep, ram', 'Caciotta', 'Whey, powder', 'Buttermilk', 'Meat, chicken (cold carcass weight)', 'Pig, sow', 'Broiler chicken, chick', 'Sheep', 'Dairy cattle, calf', 'Beef cattle, calf (weaned)', 'Dairy cattle, calf (female, weaned)', 'Ricotta', 'Dairy cattle, heifer', 'Meat, beef cattle (cold carcass weight)', 'Beef cattle, calf (male, weaned)', 'Wastewater (kg mass)', 'Poultry by', 'Sheep, lamb', 'Eggs, hen, in shell (number)', 'Meat, dairy cattle (cold carcass weight)', 'Meat', 'Layer chicken', 'Butter', 'Meat, pig (cold dressed carcass weight)', 'Eggs, hen, in shell', 'Dairy cattle, cow', 'Fresh cheese', 'Cattle, urine (kg mass)', 'Cattle', 'Beef cattle, heifer', 'Pig', 'Beef cattle, cow', 'Cream', 'Ripened cheese', 'Dairy cattle, calf (weaned)', 'Yoghurt', 'Whey', 'Meat, beef cattle (liveweight)', 'Cheese, cow', 'Pig, piglet', 'Cheese', 'Meat, chicken (liveweight)', 'Beef cattle, calf (female, weaned)', 'Broiler chicken, hen', 'Cream, cow, raw', 'Sheep, lamb (weaned)', 'Beef cattle', 'Meat, chicken, wings', 'Meat, beef cattle (cold dressed carcass weight)', 'Layer chicken, pullet']",70,product,recalculated,no rag,1
"[0, 0, 0, 0, 0, 0, 0, 1, 0, 0, 0, 0, 0, 0, 1, 0, 0, 0, 0, 0, 0, 0, 0, 0, 0, 0, 0, 0, 0, 0, 0, 0, 0, 0, 0, 0, 0, 0, 0, 0, 0, 0, 0, 0, 0, 0, 0, 0, 0, 0, 0, 0, 0, 0, 0, 0, 0, 0, 0, 0, 0, 0, 0, 0, 0, 0, 0, 0, 0, 0]","[0, 0, 0, 0, 0, 0, 0, 0, 0, 0, 0, 1, 0, 0, 0, 0, 0, 0, 0, 1, 0, 0, 0, 0, 0, 0, 0, 0, 0, 0, 0, 0, 0, 0, 0, 0, 0, 0, 0, 0, 0, 0, 0, 0, 0, 0, 0, 0, 0, 0, 0, 0, 0, 0, 0, 0, 0, 0, 0, 0, 0, 0, 0, 0, 0, 0, 0, 0, 0, 0]","['Beef cattle, steer', 'Beef cattle, heifer and steer', 'Broiler chicken', 'Dairy cattle, calf (male, unweaned)', 'Eggs', 'Soft', 'Sheep, ewe', 'Electricity', 'Cheese, sheep', 'Layer chicken, hen', 'Milk, cow, raw (FPCM)', 'Milk', 'Meat, chicken, leg', 'Whey, liquid', 'Electricity, produced on', 'Dairy cattle', 'Meat, chicken, breast', 'Meat, dairy cattle (liveweight)', 'Beef cattle, bull', 'Milk, cow, raw', 'Sheep, ram', 'Caciotta', 'Whey, powder', 'Buttermilk', 'Meat, chicken (cold carcass weight)', 'Pig, sow', 'Broiler chicken, chick', 'Sheep', 'Dairy cattle, calf', 'Beef cattle, calf (weaned)', 'Dairy cattle, calf (female, weaned)', 'Ricotta', 'Dairy cattle, heifer', 'Meat, beef cattle (cold carcass weight)', 'Beef cattle, calf (male, weaned)', 'Wastewater (kg mass)', 'Poultry by', 'Sheep, lamb', 'Eggs, hen, in shell (number)', 'Meat, dairy cattle (cold carcass weight)', 'Meat', 'Layer chicken', 'Butter', 'Meat, pig (cold dressed carcass weight)', 'Eggs, hen, in shell', 'Dairy cattle, cow', 'Fresh cheese', 'Cattle, urine (kg mass)', 'Cattle', 'Beef cattle, heifer', 'Pig', 'Beef cattle, cow', 'Cream', 'Ripened cheese', 'Dairy cattle, calf (weaned)', 'Yoghurt', 'Whey', 'Meat, beef cattle (liveweight)', 'Cheese, cow', 'Pig, piglet', 'Cheese', 'Meat, chicken (liveweight)', 'Beef cattle, calf (female, weaned)', 'Broiler chicken, hen', 'Cream, cow, raw', 'Sheep, lamb (weaned)', 'Beef cattle', 'Meat, chicken, wings', 'Meat, beef cattle (cold dressed carcass weight)', 'Layer chicken, pullet']",53,product,recalculated,no rag,1
"[0, 0, 0, 0, 0, 0, 0, 1, 0, 0, 0, 0, 0, 0, 1, 0, 0, 0, 0, 0, 0, 0, 0, 0, 0, 0, 0, 0, 0, 0, 0, 0, 0, 0, 0, 0, 0, 0, 0, 0, 0, 0, 0, 0, 0, 0, 0, 0, 0, 0, 0, 0, 0, 0, 0, 0, 0, 0, 0, 0, 0, 0, 0, 0, 0, 0, 0, 0, 0, 0]","[0, 0, 0, 0, 0, 0, 0, 0, 0, 0, 0, 1, 0, 0, 0, 0, 0, 0, 0, 1, 0, 0, 0, 0, 0, 0, 0, 0, 0, 0, 0, 0, 0, 0, 0, 0, 0, 0, 0, 0, 0, 0, 0, 0, 0, 0, 0, 0, 0, 0, 0, 0, 0, 0, 0, 0, 0, 0, 0, 0, 0, 0, 0, 0, 0, 0, 0, 0, 0, 0]","['Beef cattle, steer', 'Beef cattle, heifer and steer', 'Broiler chicken', 'Dairy cattle, calf (male, unweaned)', 'Eggs', 'Soft', 'Sheep, ewe', 'Electricity', 'Cheese, sheep', 'Layer chicken, hen', 'Milk, cow, raw (FPCM)', 'Milk', 'Meat, chicken, leg', 'Whey, liquid', 'Electricity, produced on', 'Dairy cattle', 'Meat, chicken, breast', 'Meat, dairy cattle (liveweight)', 'Beef cattle, bull', 'Milk, cow, raw', 'Sheep, ram', 'Caciotta', 'Whey, powder', 'Buttermilk', 'Meat, chicken (cold carcass weight)', 'Pig, sow', 'Broiler chicken, chick', 'Sheep', 'Dairy cattle, calf', 'Beef cattle, calf (weaned)', 'Dairy cattle, calf (female, weaned)', 'Ricotta', 'Dairy cattle, heifer', 'Meat, beef cattle (cold carcass weight)', 'Beef cattle, calf (male, weaned)', 'Wastewater (kg mass)', 'Poultry by', 'Sheep, lamb', 'Eggs, hen, in shell (number)', 'Meat, dairy cattle (cold carcass weight)', 'Meat', 'Layer chicken', 'Butter', 'Meat, pig (cold dressed carcass weight)', 'Eggs, hen, in shell', 'Dairy cattle, cow', 'Fresh cheese', 'Cattle, urine (kg mass)', 'Cattle', 'Beef cattle, heifer', 'Pig', 'Beef cattle, cow', 'Cream', 'Ripened cheese', 'Dairy cattle, calf (weaned)', 'Yoghurt', 'Whey', 'Meat, beef cattle (liveweight)', 'Cheese, cow', 'Pig, piglet', 'Cheese', 'Meat, chicken (liveweight)', 'Beef cattle, calf (female, weaned)', 'Broiler chicken, hen', 'Cream, cow, raw', 'Sheep, lamb (weaned)', 'Beef cattle', 'Meat, chicken, wings', 'Meat, beef cattle (cold dressed carcass weight)', 'Layer chicken, pullet']",70,product,recalculated,no rag,1
"[0, 0, 0, 0, 0, 0, 1, 0, 0, 0]","[0, 0, 0, 0, 0, 0, 1, 0, 0, 1]","['days', '1 ha', 'kg', 'kg cold dressed carcass weight/head', 'kg cold carcass weight/head', 'kg liveweight/head', 'relative', 'unitless', 'kg ready-to-cook weight/head', '%']",63,functionalUnit,original,no rag,3
"[0, 0, 0, 0, 0, 0, 1, 0, 0, 0]","[0, 0, 0, 0, 0, 0, 1, 0, 0, 1]","['days', '1 ha', 'kg', 'kg cold dressed carcass weight/head', 'kg cold carcass weight/head', 'kg liveweight/head', 'relative', 'unitless', 'kg ready-to-cook weight/head', '%']",73,functionalUnit,original,no rag,5
"[0, 0, 0, 0, 0, 0, 1, 0, 0, 0]","[0, 0, 0, 0, 0, 1, 1, 0, 0, 0]","['days', '1 ha', 'kg', 'kg cold dressed carcass weight/head', 'kg cold carcass weight/head', 'kg liveweight/head', 'relative', 'unitless', 'kg ready-to-cook weight/head', '%']",0,functionalUnit,original,no rag,6
"[0, 0, 0, 0, 0, 0, 1, 0, 0, 0]","[0, 0, 0, 0, 0, 1, 1, 0, 0, 0]","['days', '1 ha', 'kg', 'kg cold dressed carcass weight/head', 'kg cold carcass weight/head', 'kg liveweight/head', 'relative', 'unitless', 'kg ready-to-cook weight/head', '%']",18,functionalUnit,recalculated,no rag,7
"[0, 0, 0, 0, 0, 0, 1, 0, 0, 0]","[0, 0, 0, 0, 0, 1, 1, 0, 0, 0]","['days', '1 ha', 'kg', 'kg cold dressed carcass weight/head', 'kg cold carcass weight/head', 'kg liveweight/head', 'relative', 'unitless', 'kg ready-to-cook weight/head', '%']",25,functionalUnit,original,no rag,7
"[0, 0, 0, 0, 0, 0, 1, 0, 0, 0]","[0, 0, 0, 0, 0, 1, 1, 0, 0, 0]","['days', '1 ha', 'kg', 'kg cold dressed carcass weight/head', 'kg cold carcass weight/head', 'kg liveweight/head', 'relative', 'unitless', 'kg ready-to-cook weight/head', '%']",31,functionalUnit,original,no rag,3
"[0, 0, 0, 0, 0, 0, 1, 0, 0, 0]","[0, 0, 0, 0, 0, 1, 1, 0, 0, 0]","['days', '1 ha', 'kg', 'kg cold dressed carcass weight/head', 'kg cold carcass weight/head', 'kg liveweight/head', 'relative', 'unitless', 'kg ready-to-cook weight/head', '%']",31,functionalUnit,recalculated,no rag,7
"[0, 0, 0, 0, 0, 0, 1, 0, 0, 0]","[0, 0, 0, 0, 0, 1, 1, 0, 0, 0]","['days', '1 ha', 'kg', 'kg cold dressed carcass weight/head', 'kg cold carcass weight/head', 'kg liveweight/head', 'relative', 'unitless', 'kg ready-to-cook weight/head', '%']",36,functionalUnit,recalculated,no rag,7
"[0, 0, 0, 0, 0, 0, 1, 0, 0, 0]","[0, 0, 0, 0, 0, 1, 1, 0, 0, 0]","['days', '1 ha', 'kg', 'kg cold dressed carcass weight/head', 'kg cold carcass weight/head', 'kg liveweight/head', 'relative', 'unitless', 'kg ready-to-cook weight/head', '%']",41,functionalUnit,original,no rag,5
"[0, 0, 0, 0, 0, 0, 1, 0, 0, 0]","[0, 0, 0, 0, 0, 1, 1, 0, 0, 0]","['days', '1 ha', 'kg', 'kg cold dressed carcass weight/head', 'kg cold carcass weight/head', 'kg liveweight/head', 'relative', 'unitless', 'kg ready-to-cook weight/head', '%']",41,functionalUnit,recalculated,no rag,7
"[0, 0, 0, 0, 0, 0, 1, 0, 0, 0]","[0, 0, 0, 0, 0, 1, 1, 0, 0, 0]","['days', '1 ha', 'kg', 'kg cold dressed carcass weight/head', 'kg cold carcass weight/head', 'kg liveweight/head', 'relative', 'unitless', 'kg ready-to-cook weight/head', '%']",53,functionalUnit,recalculated,no rag,1
"[0, 0, 0, 0, 0, 0, 1, 0, 0, 0]","[0, 0, 0, 0, 0, 1, 1, 0, 0, 0]","['days', '1 ha', 'kg', 'kg cold dressed carcass weight/head', 'kg cold carcass weight/head', 'kg liveweight/head', 'relative', 'unitless', 'kg ready-to-cook weight/head', '%']",58,functionalUnit,original,no rag,7
"[0, 0, 0, 0, 0, 0, 1, 0, 0, 0]","[0, 0, 0, 0, 0, 1, 1, 0, 0, 0]","['days', '1 ha', 'kg', 'kg cold dressed carcass weight/head', 'kg cold carcass weight/head', 'kg liveweight/head', 'relative', 'unitless', 'kg ready-to-cook weight/head', '%']",60,functionalUnit,recalculated,no rag,7
"[0, 0, 0, 0, 0, 0, 1, 0, 0, 0]","[0, 0, 0, 0, 0, 1, 1, 0, 0, 0]","['days', '1 ha', 'kg', 'kg cold dressed carcass weight/head', 'kg cold carcass weight/head', 'kg liveweight/head', 'relative', 'unitless', 'kg ready-to-cook weight/head', '%']",70,functionalUnit,recalculated,no rag,1
"[0, 0, 0, 0, 0, 0, 1, 0, 0, 0]","[0, 0, 0, 0, 0, 1, 1, 0, 0, 0]","['days', '1 ha', 'kg', 'kg cold dressed carcass weight/head', 'kg cold carcass weight/head', 'kg liveweight/head', 'relative', 'unitless', 'kg ready-to-cook weight/head', '%']",84,functionalUnit,original,no rag,6
"[0, 0, 0, 0, 0, 0, 1, 0, 0, 0]","[0, 0, 0, 0, 0, 1, 1, 0, 0, 0]","['days', '1 ha', 'kg', 'kg cold dressed carcass weight/head', 'kg cold carcass weight/head', 'kg liveweight/head', 'relative', 'unitless', 'kg ready-to-cook weight/head', '%']",84,functionalUnit,recalculated,no rag,7
"[0, 0, 0, 0, 0, 0, 1, 0, 0, 0]","[0, 0, 0, 0, 0, 1, 1, 0, 0, 0]","['days', '1 ha', 'kg', 'kg cold dressed carcass weight/head', 'kg cold carcass weight/head', 'kg liveweight/head', 'relative', 'unitless', 'kg ready-to-cook weight/head', '%']",87,functionalUnit,recalculated,no rag,1
"[0, 0, 0, 0, 0, 0, 1, 0, 0, 0]","[0, 0, 0, 0, 0, 1, 1, 0, 0, 1]","['days', '1 ha', 'kg', 'kg cold dressed carcass weight/head', 'kg cold carcass weight/head', 'kg liveweight/head', 'relative', 'unitless', 'kg ready-to-cook weight/head', '%']",53,functionalUnit,recalculated,no rag,1
"[0, 0, 0, 0, 0, 0, 1, 0, 0, 0]","[0, 0, 0, 0, 0, 1, 1, 0, 0, 1]","['days', '1 ha', 'kg', 'kg cold dressed carcass weight/head', 'kg cold carcass weight/head', 'kg liveweight/head', 'relative', 'unitless', 'kg ready-to-cook weight/head', '%']",70,functionalUnit,recalculated,no rag,1
"[0, 0, 0, 0, 0, 0, 1, 0, 0, 0]","[0, 0, 1, 0, 0, 0, 1, 0, 0, 0]","['days', '1 ha', 'kg', 'kg cold dressed carcass weight/head', 'kg cold carcass weight/head', 'kg liveweight/head', 'relative', 'unitless', 'kg ready-to-cook weight/head', '%']",70,functionalUnit,original,no rag,1
"[0, 0, 0, 0, 0, 0, 1, 0, 0, 0]","[1, 0, 0, 0, 0, 0, 1, 0, 0, 0]","['days', '1 ha', 'kg', 'kg cold dressed carcass weight/head', 'kg cold carcass weight/head', 'kg liveweight/head', 'relative', 'unitless', 'kg ready-to-cook weight/head', '%']",31,functionalUnit,original,no rag,1
"[0, 0, 0, 0, 0, 0, 1, 0, 0, 0]","[1, 0, 0, 0, 0, 1, 1, 0, 0, 0]","['days', '1 ha', 'kg', 'kg cold dressed carcass weight/head', 'kg cold carcass weight/head', 'kg liveweight/head', 'relative', 'unitless', 'kg ready-to-cook weight/head', '%']",41,functionalUnit,original,no rag,1
"[0, 0, 0, 0, 0, 0, 1, 0, 0, 0]","[1, 0, 0, 0, 0, 1, 1, 0, 0, 0]","['days', '1 ha', 'kg', 'kg cold dressed carcass weight/head', 'kg cold carcass weight/head', 'kg liveweight/head', 'relative', 'unitless', 'kg ready-to-cook weight/head', '%']",53,functionalUnit,recalculated,no rag,4
"[0, 0, 0, 0, 0, 0, 1, 0, 0, 0]","[1, 0, 0, 0, 0, 1, 1, 0, 0, 0]","['days', '1 ha', 'kg', 'kg cold dressed carcass weight/head', 'kg cold carcass weight/head', 'kg liveweight/head', 'relative', 'unitless', 'kg ready-to-cook weight/head', '%']",70,functionalUnit,recalculated,no rag,4
"[0, 0, 0, 0, 0, 0, 1, 0, 0, 0]","[1, 0, 0, 0, 0, 1, 1, 0, 0, 0]","['days', '1 ha', 'kg', 'kg cold dressed carcass weight/head', 'kg cold carcass weight/head', 'kg liveweight/head', 'relative', 'unitless', 'kg ready-to-cook weight/head', '%']",84,functionalUnit,original,no rag,1
"[0, 0, 0, 0, 0, 0, 1, 0, 0, 1, 0, 1, 0, 0, 1, 1, 0, 1, 1]","[0, 0, 0, 0, 0, 0, 1, 0, 0, 1, 1, 1, 0, 0, 1, 1, 0, 1, 1]","['True_waste', 'True_pesticideVeterinaryDrug', 'True_excreta', 'True_fertiliser', 'True_water', 'True_soilAmendment', 'True_operation', 'True_material', 'True_seed', 'True_product', 'True_cropResidue', 'True_liveAnimalInput', 'True_animalFeed', 'True_freshForage', 'True_ingredient', 'True_animalPopulation', 'True_electricityFuel', 'True_otherChemical', 'True_transport']",22,systemBoundary,original,no rag,1
"[0, 0, 0, 0, 0, 0, 1, 0, 0, 1, 1, 1, 0, 0, 1, 1, 0, 1, 1]","[0, 0, 0, 0, 0, 0, 1, 0, 0, 1, 0, 1, 0, 0, 1, 1, 0, 1, 1]","['True_waste', 'True_pesticideVeterinaryDrug', 'True_excreta', 'True_fertiliser', 'True_water', 'True_soilAmendment', 'True_operation', 'True_material', 'True_seed', 'True_product', 'True_cropResidue', 'True_liveAnimalInput', 'True_animalFeed', 'True_freshForage', 'True_ingredient', 'True_animalPopulation', 'True_electricityFuel', 'True_otherChemical', 'True_transport']",1,systemBoundary,original,no rag,1
"[0, 0, 0, 0, 0, 0, 1, 0, 0, 1]","[0, 0, 0, 0, 0, 0, 1, 0, 0, 0]","['days', '1 ha', 'kg', 'kg cold dressed carcass weight/head', 'kg cold carcass weight/head', 'kg liveweight/head', 'relative', 'unitless', 'kg ready-to-cook weight/head', '%']",46,functionalUnit,original,no rag,3
"[0, 0, 0, 0, 0, 0, 1, 0, 0, 1]","[0, 0, 0, 0, 0, 0, 1, 0, 0, 0]","['days', '1 ha', 'kg', 'kg cold dressed carcass weight/head', 'kg cold carcass weight/head', 'kg liveweight/head', 'relative', 'unitless', 'kg ready-to-cook weight/head', '%']",59,functionalUnit,recalculated,no rag,6
"[0, 0, 0, 0, 0, 0, 1, 0, 0, 1]","[0, 0, 0, 0, 0, 0, 1, 0, 0, 0]","['days', '1 ha', 'kg', 'kg cold dressed carcass weight/head', 'kg cold carcass weight/head', 'kg liveweight/head', 'relative', 'unitless', 'kg ready-to-cook weight/head', '%']",61,functionalUnit,original,no rag,5
"[0, 0, 0, 0, 0, 1, 0, 0, 0, 0, 0, 0, 0, 0, 0, 0, 0, 0, 0, 0, 0, 0, 0, 0, 0, 0, 0, 0, 0, 0, 0, 0, 0, 0, 0, 0, 0, 0, 1, 0, 0, 0, 0, 0, 0, 0, 0, 0, 0, 0, 0, 0, 0, 0, 0, 0, 0, 0, 0, 0, 0, 0, 0, 0, 0, 0, 0, 0, 0, 0, 0, 0, 0, 0, 0]","[0, 0, 0, 0, 0, 1, 0, 0, 0, 0, 0, 0, 0, 0, 0, 0, 0, 0, 0, 0, 0, 0, 0, 0, 0, 0, 0, 0, 0, 0, 0, 0, 0, 0, 0, 0, 0, 0, 0, 0, 0, 0, 0, 0, 0, 0, 0, 0, 0, 0, 0, 0, 0, 0, 0, 0, 0, 0, 0, 0, 0, 0, 0, 0, 0, 0, 0, 0, 0, 0, 0, 0, 0, 0, 0]","['Meat, beef cattle (cold carcass weight)', 'Layer chicken', 'Pig', 'Meat, beef cattle (cold dressed carcass weight)', 'Hides', 'Dairy cattle', 'Milk', 'Cream', 'Beef cattle, calf (male, weaned)', 'Beef cattle, cow', 'Whey, liquid', 'Wastewater (kg mass)', 'Milk, cow, raw (FPCM)', 'Meat, chicken, wings', 'Beef cattle, heifer and steer', 'Meat, dairy cattle (cold carcass weight)', 'Buttermilk', 'Pig, sow', 'Cattle, urine (kg mass)', 'Beef cattle, calf (female, weaned)', 'Yoghurt', 'Meat, beef cattle (liveweight)', 'Dairy cattle, heifer', 'Sheep, ram', 'Caciotta', 'Electricity, produced on', 'Fresh cheese', 'Electricity', 'Sheep, ewe', 'Dairy cattle, calf (male, unweaned)', 'Meat, pig (cold carcass weight)', 'Beef cattle, calf (weaned)', 'Meat, pig (cold dressed carcass weight)', 'Dairy cattle, calf (female, weaned)', 'Whey', 'Offal', 'Cattle', 'Dairy cattle, calf (weaned)', 'Dairy cattle, calf', 'Sheep', 'Meat, chicken, breast', 'Beef cattle, bull', 'Offal, pigs', 'Cream, cow, raw', 'Broiler chicken, hen', 'Broiler chicken, chick', 'Sheep, lamb (weaned)', 'Meat, dairy cattle (liveweight)', 'Layer chicken, pullet', 'Broiler chicken', 'Beef cattle', 'Cheese, cow', 'Eggs, hen, in shell', 'Cheese, sheep', 'Eggs', 'Layer chicken, hen', 'Sheep, lamb', 'Milk, cow, raw', 'Beef cattle, steer', 'Butter', 'Poultry by', 'Dairy cattle, cow', 'Pig, piglet', 'Meat, chicken, leg', 'Hides, dairy cattle, fresh', 'Meat, chicken (cold carcass weight)', 'Whey, powder', 'Cheese', 'Soft', 'Eggs, hen, in shell (number)', 'Meat', 'Meat, chicken (liveweight)', 'Beef cattle, heifer', 'Ricotta', 'Ripened cheese']",78,product,original,rag,2
"[0, 0, 0, 0, 0, 1, 0, 0, 0, 0, 0, 0, 0, 0, 0, 0, 0, 0, 0, 0, 0, 0, 0, 0, 0, 0, 0, 0, 0, 0, 0, 0, 0, 0, 0, 0, 0, 0, 1, 0, 0, 0, 0, 0, 0, 0, 0, 0, 0, 0, 0, 0, 0, 0, 0, 0, 0, 0, 0, 0, 0, 0, 0, 0, 0, 0, 0, 0, 0, 0, 0, 0, 0, 0, 0]","[0, 0, 0, 0, 0, 1, 0, 0, 0, 0, 0, 0, 0, 0, 0, 0, 0, 0, 0, 0, 0, 0, 0, 0, 0, 0, 0, 0, 0, 0, 0, 0, 0, 0, 0, 0, 0, 0, 0, 0, 0, 0, 0, 0, 0, 0, 0, 0, 0, 0, 0, 0, 0, 0, 0, 0, 0, 0, 0, 0, 0, 1, 0, 0, 0, 0, 0, 0, 0, 0, 0, 0, 0, 0, 0]","['Meat, beef cattle (cold carcass weight)', 'Layer chicken', 'Pig', 'Meat, beef cattle (cold dressed carcass weight)', 'Hides', 'Dairy cattle', 'Milk', 'Cream', 'Beef cattle, calf (male, weaned)', 'Beef cattle, cow', 'Whey, liquid', 'Wastewater (kg mass)', 'Milk, cow, raw (FPCM)', 'Meat, chicken, wings', 'Beef cattle, heifer and steer', 'Meat, dairy cattle (cold carcass weight)', 'Buttermilk', 'Pig, sow', 'Cattle, urine (kg mass)', 'Beef cattle, calf (female, weaned)', 'Yoghurt', 'Meat, beef cattle (liveweight)', 'Dairy cattle, heifer', 'Sheep, ram', 'Caciotta', 'Electricity, produced on', 'Fresh cheese', 'Electricity', 'Sheep, ewe', 'Dairy cattle, calf (male, unweaned)', 'Meat, pig (cold carcass weight)', 'Beef cattle, calf (weaned)', 'Meat, pig (cold dressed carcass weight)', 'Dairy cattle, calf (female, weaned)', 'Whey', 'Offal', 'Cattle', 'Dairy cattle, calf (weaned)', 'Dairy cattle, calf', 'Sheep', 'Meat, chicken, breast', 'Beef cattle, bull', 'Offal, pigs', 'Cream, cow, raw', 'Broiler chicken, hen', 'Broiler chicken, chick', 'Sheep, lamb (weaned)', 'Meat, dairy cattle (liveweight)', 'Layer chicken, pullet', 'Broiler chicken', 'Beef cattle', 'Cheese, cow', 'Eggs, hen, in shell', 'Cheese, sheep', 'Eggs', 'Layer chicken, hen', 'Sheep, lamb', 'Milk, cow, raw', 'Beef cattle, steer', 'Butter', 'Poultry by', 'Dairy cattle, cow', 'Pig, piglet', 'Meat, chicken, leg', 'Hides, dairy cattle, fresh', 'Meat, chicken (cold carcass weight)', 'Whey, powder', 'Cheese', 'Soft', 'Eggs, hen, in shell (number)', 'Meat', 'Meat, chicken (liveweight)', 'Beef cattle, heifer', 'Ricotta', 'Ripened cheese']",78,product,original,rag,4
"[0, 0, 0, 0, 0, 1, 0, 0, 0, 0, 0, 0, 0, 0, 0, 0, 0, 0, 0, 0, 0, 0, 0, 0, 0, 0, 0, 0, 0, 0, 0, 0, 0, 0, 0, 0, 0, 0, 1, 0, 0, 0, 0, 0, 0, 0, 0, 0, 0, 0, 0, 0, 0, 0, 0, 0, 0, 0, 0, 0, 0, 0, 0, 0, 0, 0, 0, 0, 0, 0, 0, 0, 0, 0, 0]","[0, 0, 0, 0, 0, 1, 0, 0, 0, 0, 0, 0, 0, 0, 0, 0, 0, 0, 0, 0, 0, 0, 0, 0, 0, 0, 0, 0, 0, 0, 0, 0, 0, 0, 0, 0, 0, 0, 0, 0, 0, 0, 0, 0, 0, 0, 0, 0, 0, 0, 1, 0, 0, 0, 0, 0, 0, 0, 0, 0, 0, 0, 0, 0, 0, 0, 0, 0, 0, 0, 0, 0, 0, 0, 0]","['Meat, beef cattle (cold carcass weight)', 'Layer chicken', 'Pig', 'Meat, beef cattle (cold dressed carcass weight)', 'Hides', 'Dairy cattle', 'Milk', 'Cream', 'Beef cattle, calf (male, weaned)', 'Beef cattle, cow', 'Whey, liquid', 'Wastewater (kg mass)', 'Milk, cow, raw (FPCM)', 'Meat, chicken, wings', 'Beef cattle, heifer and steer', 'Meat, dairy cattle (cold carcass weight)', 'Buttermilk', 'Pig, sow', 'Cattle, urine (kg mass)', 'Beef cattle, calf (female, weaned)', 'Yoghurt', 'Meat, beef cattle (liveweight)', 'Dairy cattle, heifer', 'Sheep, ram', 'Caciotta', 'Electricity, produced on', 'Fresh cheese', 'Electricity', 'Sheep, ewe', 'Dairy cattle, calf (male, unweaned)', 'Meat, pig (cold carcass weight)', 'Beef cattle, calf (weaned)', 'Meat, pig (cold dressed carcass weight)', 'Dairy cattle, calf (female, weaned)', 'Whey', 'Offal', 'Cattle', 'Dairy cattle, calf (weaned)', 'Dairy cattle, calf', 'Sheep', 'Meat, chicken, breast', 'Beef cattle, bull', 'Offal, pigs', 'Cream, cow, raw', 'Broiler chicken, hen', 'Broiler chicken, chick', 'Sheep, lamb (weaned)', 'Meat, dairy cattle (liveweight)', 'Layer chicken, pullet', 'Broiler chicken', 'Beef cattle', 'Cheese, cow', 'Eggs, hen, in shell', 'Cheese, sheep', 'Eggs', 'Layer chicken, hen', 'Sheep, lamb', 'Milk, cow, raw', 'Beef cattle, steer', 'Butter', 'Poultry by', 'Dairy cattle, cow', 'Pig, piglet', 'Meat, chicken, leg', 'Hides, dairy cattle, fresh', 'Meat, chicken (cold carcass weight)', 'Whey, powder', 'Cheese', 'Soft', 'Eggs, hen, in shell (number)', 'Meat', 'Meat, chicken (liveweight)', 'Beef cattle, heifer', 'Ricotta', 'Ripened cheese']",78,product,original,rag,1
"[0, 0, 0, 0, 0, 1, 0, 0, 0, 1, 1, 1, 1, 0, 1, 1, 0, 1, 1]","[0, 0, 0, 0, 0, 1, 0, 0, 0, 1, 0, 1, 0, 0, 1, 1, 1, 1, 0]","['True_waste', 'True_pesticideVeterinaryDrug', 'True_excreta', 'True_fertiliser', 'True_water', 'True_soilAmendment', 'True_operation', 'True_material', 'True_seed', 'True_product', 'True_cropResidue', 'True_liveAnimalInput', 'True_animalFeed', 'True_freshForage', 'True_ingredient', 'True_animalPopulation', 'True_electricityFuel', 'True_otherChemical', 'True_transport']",48,systemBoundary,original,no rag,1
"[0, 0, 0, 0, 0, 1, 0, 0, 0, 1, 1, 1, 1, 0, 1, 1, 0, 1, 1]","[0, 0, 0, 0, 0, 1, 0, 0, 0, 1, 0, 1, 1, 0, 1, 1, 0, 1, 0]","['True_waste', 'True_pesticideVeterinaryDrug', 'True_excreta', 'True_fertiliser', 'True_water', 'True_soilAmendment', 'True_operation', 'True_material', 'True_seed', 'True_product', 'True_cropResidue', 'True_liveAnimalInput', 'True_animalFeed', 'True_freshForage', 'True_ingredient', 'True_animalPopulation', 'True_electricityFuel', 'True_otherChemical', 'True_transport']",48,systemBoundary,original,no rag,1
"[0, 0, 0, 0, 0, 1, 0, 0, 0, 1, 1, 1, 1, 0, 1, 1, 0, 1, 1]","[0, 0, 0, 1, 0, 1, 0, 0, 0, 0, 1, 1, 1, 0, 1, 1, 1, 1, 0]","['True_waste', 'True_pesticideVeterinaryDrug', 'True_excreta', 'True_fertiliser', 'True_water', 'True_soilAmendment', 'True_operation', 'True_material', 'True_seed', 'True_product', 'True_cropResidue', 'True_liveAnimalInput', 'True_animalFeed', 'True_freshForage', 'True_ingredient', 'True_animalPopulation', 'True_electricityFuel', 'True_otherChemical', 'True_transport']",48,systemBoundary,original,no rag,1
"[0, 0, 0, 0, 0, 1, 0, 0, 0, 1, 1, 1, 1, 0, 1, 1, 0, 1, 1]","[0, 0, 0, 1, 0, 1, 0, 0, 0, 1, 0, 1, 1, 0, 1, 1, 0, 1, 0]","['True_waste', 'True_pesticideVeterinaryDrug', 'True_excreta', 'True_fertiliser', 'True_water', 'True_soilAmendment', 'True_operation', 'True_material', 'True_seed', 'True_product', 'True_cropResidue', 'True_liveAnimalInput', 'True_animalFeed', 'True_freshForage', 'True_ingredient', 'True_animalPopulation', 'True_electricityFuel', 'True_otherChemical', 'True_transport']",48,systemBoundary,original,no rag,1
"[0, 0, 0, 0, 0, 1, 0, 0, 0, 1, 1, 1, 1, 0, 1, 1, 0, 1, 1]","[0, 0, 0, 1, 0, 1, 0, 0, 1, 1, 0, 1, 1, 0, 1, 1, 0, 1, 0]","['True_waste', 'True_pesticideVeterinaryDrug', 'True_excreta', 'True_fertiliser', 'True_water', 'True_soilAmendment', 'True_operation', 'True_material', 'True_seed', 'True_product', 'True_cropResidue', 'True_liveAnimalInput', 'True_animalFeed', 'True_freshForage', 'True_ingredient', 'True_animalPopulation', 'True_electricityFuel', 'True_otherChemical', 'True_transport']",48,systemBoundary,original,no rag,1
"[0, 0, 0, 0, 0, 1, 0, 0, 0, 1, 1, 1, 1, 0, 1, 1, 0, 1, 1]","[0, 0, 0, 1, 0, 1, 0, 0, 1, 1, 1, 0, 1, 0, 1, 1, 0, 1, 0]","['True_waste', 'True_pesticideVeterinaryDrug', 'True_excreta', 'True_fertiliser', 'True_water', 'True_soilAmendment', 'True_operation', 'True_material', 'True_seed', 'True_product', 'True_cropResidue', 'True_liveAnimalInput', 'True_animalFeed', 'True_freshForage', 'True_ingredient', 'True_animalPopulation', 'True_electricityFuel', 'True_otherChemical', 'True_transport']",48,systemBoundary,original,no rag,1
"[0, 0, 0, 0, 0, 1, 0, 0, 0, 1, 1, 1, 1, 0, 1, 1, 0, 1, 1]","[0, 0, 0, 1, 0, 1, 0, 0, 1, 1, 1, 1, 1, 0, 1, 1, 1, 1, 0]","['True_waste', 'True_pesticideVeterinaryDrug', 'True_excreta', 'True_fertiliser', 'True_water', 'True_soilAmendment', 'True_operation', 'True_material', 'True_seed', 'True_product', 'True_cropResidue', 'True_liveAnimalInput', 'True_animalFeed', 'True_freshForage', 'True_ingredient', 'True_animalPopulation', 'True_electricityFuel', 'True_otherChemical', 'True_transport']",48,systemBoundary,original,no rag,1
"[0, 0, 0, 0, 0, 1, 0, 0, 0, 1, 1, 1, 1, 1, 1, 1, 1, 1, 0]","[0, 0, 0, 0, 0, 1, 0, 0, 0, 1, 1, 1, 1, 0, 1, 1, 1, 1, 0]","['True_waste', 'True_pesticideVeterinaryDrug', 'True_excreta', 'True_fertiliser', 'True_water', 'True_soilAmendment', 'True_operation', 'True_material', 'True_seed', 'True_product', 'True_cropResidue', 'True_liveAnimalInput', 'True_animalFeed', 'True_freshForage', 'True_ingredient', 'True_animalPopulation', 'True_electricityFuel', 'True_otherChemical', 'True_transport']",85,systemBoundary,original,no rag,1
"[0, 0, 0, 0, 0, 1, 1, 0, 0, 0]","[0, 0, 0, 0, 0, 0, 1, 0, 0, 0]","['days', '1 ha', 'kg', 'kg cold dressed carcass weight/head', 'kg cold carcass weight/head', 'kg liveweight/head', 'relative', 'unitless', 'kg ready-to-cook weight/head', '%']",78,functionalUnit,original,no rag,3
"[0, 0, 0, 0, 0, 1, 1, 0, 0, 0]","[0, 0, 0, 0, 1, 1, 1, 0, 0, 0]","['days', '1 ha', 'kg', 'kg cold dressed carcass weight/head', 'kg cold carcass weight/head', 'kg liveweight/head', 'relative', 'unitless', 'kg ready-to-cook weight/head', '%']",39,functionalUnit,recalculated,no rag,7
"[0, 0, 0, 0, 0, 1, 1, 0, 0, 0]","[0, 0, 0, 0, 1, 1, 1, 0, 0, 0]","['days', '1 ha', 'kg', 'kg cold dressed carcass weight/head', 'kg cold carcass weight/head', 'kg liveweight/head', 'relative', 'unitless', 'kg ready-to-cook weight/head', '%']",92,functionalUnit,original,no rag,7
"[0, 0, 0, 0, 0, 1, 1, 0, 0, 0]","[1, 0, 0, 0, 0, 1, 1, 0, 0, 0]","['days', '1 ha', 'kg', 'kg cold dressed carcass weight/head', 'kg cold carcass weight/head', 'kg liveweight/head', 'relative', 'unitless', 'kg ready-to-cook weight/head', '%']",44,functionalUnit,original,no rag,1
"[0, 0, 0, 0, 0, 1, 1, 0, 0, 0]","[1, 0, 0, 0, 0, 1, 1, 0, 0, 0]","['days', '1 ha', 'kg', 'kg cold dressed carcass weight/head', 'kg cold carcass weight/head', 'kg liveweight/head', 'relative', 'unitless', 'kg ready-to-cook weight/head', '%']",78,functionalUnit,original,no rag,3
"[0, 0, 0, 0, 0, 1, 1, 0, 0, 1]","[0, 0, 0, 0, 0, 0, 1, 0, 0, 0]","['days', '1 ha', 'kg', 'kg cold dressed carcass weight/head', 'kg cold carcass weight/head', 'kg liveweight/head', 'relative', 'unitless', 'kg ready-to-cook weight/head', '%']",40,functionalUnit,original,no rag,1
"[0, 0, 0, 0, 0, 1, 1, 0, 0, 1]","[0, 0, 0, 0, 0, 1, 1, 0, 0, 0]","['days', '1 ha', 'kg', 'kg cold dressed carcass weight/head', 'kg cold carcass weight/head', 'kg liveweight/head', 'relative', 'unitless', 'kg ready-to-cook weight/head', '%']",40,functionalUnit,original,no rag,2
"[0, 0, 0, 0, 0, 1, 1, 0, 0, 1]","[0, 0, 0, 0, 0, 1, 1, 0, 0, 0]","['days', '1 ha', 'kg', 'kg cold dressed carcass weight/head', 'kg cold carcass weight/head', 'kg liveweight/head', 'relative', 'unitless', 'kg ready-to-cook weight/head', '%']",68,functionalUnit,original,no rag,1
"[0, 0, 0, 0, 0, 1, 1, 0, 0, 1]","[1, 0, 0, 0, 0, 0, 1, 0, 0, 0]","['days', '1 ha', 'kg', 'kg cold dressed carcass weight/head', 'kg cold carcass weight/head', 'kg liveweight/head', 'relative', 'unitless', 'kg ready-to-cook weight/head', '%']",68,functionalUnit,original,no rag,1
"[0, 0, 0, 0, 0, 1, 1, 0, 0, 1]","[1, 0, 0, 0, 0, 1, 1, 0, 0, 0]","['days', '1 ha', 'kg', 'kg cold dressed carcass weight/head', 'kg cold carcass weight/head', 'kg liveweight/head', 'relative', 'unitless', 'kg ready-to-cook weight/head', '%']",68,functionalUnit,original,no rag,5
"[0, 0, 0, 0, 0, 1]","[0, 0, 0, 0, 1, 0]","['none', 'energy', 'mass', 'none required', 'economic', 'biophysical']",3,allocation,original,rag,1
"[0, 0, 0, 0, 0, 1]","[0, 0, 0, 0, 1, 0]","['none', 'energy', 'mass', 'none required', 'economic', 'biophysical']",46,allocation,original,rag,3
"[0, 0, 0, 0, 0, 1]","[0, 0, 0, 0, 1, 0]","['none', 'energy', 'mass', 'none required', 'economic', 'biophysical']",62,allocation,original,rag,1
"[0, 0, 0, 0, 0, 1]","[0, 0, 0, 0, 1, 0]","['none', 'energy', 'mass', 'none required', 'economic', 'biophysical']",69,allocation,original,rag,1
"[0, 0, 0, 0, 0, 1]","[0, 0, 0, 0, 1, 0]","['none', 'energy', 'mass', 'none required', 'economic', 'biophysical']",72,allocation,original,rag,1
"[0, 0, 0, 0, 0, 1]","[0, 0, 0, 0, 1, 0]","['none', 'energy', 'mass', 'none required', 'economic', 'biophysical']",73,allocation,original,rag,7
"[0, 0, 0, 0, 0, 1]","[0, 0, 0, 0, 1, 1]","['none', 'energy', 'mass', 'none required', 'economic', 'biophysical']",46,allocation,original,rag,1
"[0, 0, 0, 0, 0, 1]","[0, 0, 0, 0, 1, 1]","['none', 'energy', 'mass', 'none required', 'economic', 'biophysical']",69,allocation,original,rag,1
"[0, 0, 0, 0, 0, 1]","[0, 0, 1, 0, 0, 0]","['none required', 'mass', 'economic', 'energy', 'biophysical', 'none']",68,allocation,original,no rag,6
"[0, 0, 0, 0, 0, 1]","[0, 0, 1, 0, 0, 0]","['none required', 'mass', 'economic', 'energy', 'biophysical', 'none']",84,allocation,original,no rag,1
"[0, 0, 0, 0, 0, 1]","[1, 0, 0, 0, 0, 0]","['none required', 'mass', 'economic', 'energy', 'biophysical', 'none']",41,allocation,original,no rag,3
"[0, 0, 0, 0, 0, 1]","[1, 0, 0, 0, 0, 0]","['none required', 'mass', 'economic', 'energy', 'biophysical', 'none']",84,allocation,original,no rag,3
"[0, 0, 0, 0, 0, 1]","[1, 0, 0, 0, 0, 1]","['none required', 'mass', 'economic', 'energy', 'biophysical', 'none']",41,allocation,original,no rag,1
"[0, 0, 0, 0, 1, 0, 0, 0, 0, 0, 0, 0, 0, 0, 0, 0, 0, 0, 0, 0, 0, 0, 0, 0, 0, 0, 0, 0, 0, 0, 0, 0, 0, 0, 0, 0, 0, 0, 0, 0, 0, 0, 0, 0, 0, 0, 0, 0, 0, 0, 0, 0, 0, 0, 0, 0, 0, 0, 0, 0, 0, 0, 0, 0, 1, 0, 0, 0, 0, 0, 0, 0, 0, 0, 0]","[0, 0, 0, 0, 0, 0, 0, 0, 0, 0, 0, 0, 0, 0, 0, 0, 0, 0, 0, 0, 0, 0, 0, 0, 0, 0, 0, 0, 0, 0, 0, 0, 0, 0, 0, 0, 0, 0, 0, 0, 0, 0, 0, 0, 0, 0, 0, 0, 0, 0, 0, 0, 0, 0, 0, 0, 0, 0, 0, 0, 0, 0, 0, 0, 0, 0, 0, 0, 0, 0, 0, 0, 0, 0, 0]","['Meat, beef cattle (cold carcass weight)', 'Layer chicken', 'Pig', 'Meat, beef cattle (cold dressed carcass weight)', 'Hides', 'Dairy cattle', 'Milk', 'Cream', 'Beef cattle, calf (male, weaned)', 'Beef cattle, cow', 'Whey, liquid', 'Wastewater (kg mass)', 'Milk, cow, raw (FPCM)', 'Meat, chicken, wings', 'Beef cattle, heifer and steer', 'Meat, dairy cattle (cold carcass weight)', 'Buttermilk', 'Pig, sow', 'Cattle, urine (kg mass)', 'Beef cattle, calf (female, weaned)', 'Yoghurt', 'Meat, beef cattle (liveweight)', 'Dairy cattle, heifer', 'Sheep, ram', 'Caciotta', 'Electricity, produced on', 'Fresh cheese', 'Electricity', 'Sheep, ewe', 'Dairy cattle, calf (male, unweaned)', 'Meat, pig (cold carcass weight)', 'Beef cattle, calf (weaned)', 'Meat, pig (cold dressed carcass weight)', 'Dairy cattle, calf (female, weaned)', 'Whey', 'Offal', 'Cattle', 'Dairy cattle, calf (weaned)', 'Dairy cattle, calf', 'Sheep', 'Meat, chicken, breast', 'Beef cattle, bull', 'Offal, pigs', 'Cream, cow, raw', 'Broiler chicken, hen', 'Broiler chicken, chick', 'Sheep, lamb (weaned)', 'Meat, dairy cattle (liveweight)', 'Layer chicken, pullet', 'Broiler chicken', 'Beef cattle', 'Cheese, cow', 'Eggs, hen, in shell', 'Cheese, sheep', 'Eggs', 'Layer chicken, hen', 'Sheep, lamb', 'Milk, cow, raw', 'Beef cattle, steer', 'Butter', 'Poultry by', 'Dairy cattle, cow', 'Pig, piglet', 'Meat, chicken, leg', 'Hides, dairy cattle, fresh', 'Meat, chicken (cold carcass weight)', 'Whey, powder', 'Cheese', 'Soft', 'Eggs, hen, in shell (number)', 'Meat', 'Meat, chicken (liveweight)', 'Beef cattle, heifer', 'Ricotta', 'Ripened cheese']",79,product,original,rag,2
"[0, 0, 0, 0, 1, 0, 0, 0, 0, 0, 0, 0, 0, 0, 0, 0, 0, 0, 0, 0, 0, 0, 0, 0, 0, 0, 0, 0, 0, 0, 0, 0, 0, 0, 0, 0, 0, 0, 0, 0, 0, 0, 0, 0, 0, 0, 0, 0, 0, 0, 0, 0, 0, 0, 0, 0, 0, 0, 0, 0, 0, 0, 0, 0, 1, 0, 0, 0, 0, 0, 0, 0, 0, 0, 0]","[0, 0, 0, 0, 0, 0, 0, 0, 0, 0, 0, 0, 0, 0, 0, 0, 0, 0, 0, 0, 0, 0, 0, 0, 0, 0, 0, 0, 0, 0, 0, 0, 0, 0, 0, 0, 0, 0, 0, 0, 0, 0, 0, 0, 0, 0, 0, 1, 0, 0, 0, 0, 0, 0, 0, 0, 0, 0, 0, 0, 0, 0, 0, 0, 0, 0, 0, 0, 0, 0, 1, 0, 0, 0, 0]","['Meat, beef cattle (cold carcass weight)', 'Layer chicken', 'Pig', 'Meat, beef cattle (cold dressed carcass weight)', 'Hides', 'Dairy cattle', 'Milk', 'Cream', 'Beef cattle, calf (male, weaned)', 'Beef cattle, cow', 'Whey, liquid', 'Wastewater (kg mass)', 'Milk, cow, raw (FPCM)', 'Meat, chicken, wings', 'Beef cattle, heifer and steer', 'Meat, dairy cattle (cold carcass weight)', 'Buttermilk', 'Pig, sow', 'Cattle, urine (kg mass)', 'Beef cattle, calf (female, weaned)', 'Yoghurt', 'Meat, beef cattle (liveweight)', 'Dairy cattle, heifer', 'Sheep, ram', 'Caciotta', 'Electricity, produced on', 'Fresh cheese', 'Electricity', 'Sheep, ewe', 'Dairy cattle, calf (male, unweaned)', 'Meat, pig (cold carcass weight)', 'Beef cattle, calf (weaned)', 'Meat, pig (cold dressed carcass weight)', 'Dairy cattle, calf (female, weaned)', 'Whey', 'Offal', 'Cattle', 'Dairy cattle, calf (weaned)', 'Dairy cattle, calf', 'Sheep', 'Meat, chicken, breast', 'Beef cattle, bull', 'Offal, pigs', 'Cream, cow, raw', 'Broiler chicken, hen', 'Broiler chicken, chick', 'Sheep, lamb (weaned)', 'Meat, dairy cattle (liveweight)', 'Layer chicken, pullet', 'Broiler chicken', 'Beef cattle', 'Cheese, cow', 'Eggs, hen, in shell', 'Cheese, sheep', 'Eggs', 'Layer chicken, hen', 'Sheep, lamb', 'Milk, cow, raw', 'Beef cattle, steer', 'Butter', 'Poultry by', 'Dairy cattle, cow', 'Pig, piglet', 'Meat, chicken, leg', 'Hides, dairy cattle, fresh', 'Meat, chicken (cold carcass weight)', 'Whey, powder', 'Cheese', 'Soft', 'Eggs, hen, in shell (number)', 'Meat', 'Meat, chicken (liveweight)', 'Beef cattle, heifer', 'Ricotta', 'Ripened cheese']",79,product,original,rag,1
"[0, 0, 0, 0, 1, 0, 0, 0, 0, 0, 0, 0, 0, 0, 0, 0, 0, 0, 0, 0, 0, 0, 0, 0, 0, 0, 0, 0, 0, 0, 0, 0, 0, 0, 0, 0, 0, 0, 0, 0, 0, 0, 0, 0, 0, 0, 0, 0, 0, 0, 0, 0, 0, 0, 0, 0, 0, 0, 0, 0, 0, 0, 0, 0, 1, 0, 0, 0, 0, 0, 0, 0, 0, 0, 0]","[0, 0, 0, 0, 0, 1, 0, 0, 0, 0, 0, 0, 0, 0, 0, 0, 0, 0, 0, 0, 0, 0, 0, 0, 0, 0, 0, 0, 0, 0, 0, 0, 0, 0, 0, 0, 0, 0, 0, 0, 0, 0, 0, 0, 0, 0, 0, 0, 0, 0, 0, 0, 0, 0, 0, 0, 0, 0, 0, 0, 0, 0, 0, 0, 0, 0, 0, 0, 0, 0, 0, 0, 0, 0, 0]","['Meat, beef cattle (cold carcass weight)', 'Layer chicken', 'Pig', 'Meat, beef cattle (cold dressed carcass weight)', 'Hides', 'Dairy cattle', 'Milk', 'Cream', 'Beef cattle, calf (male, weaned)', 'Beef cattle, cow', 'Whey, liquid', 'Wastewater (kg mass)', 'Milk, cow, raw (FPCM)', 'Meat, chicken, wings', 'Beef cattle, heifer and steer', 'Meat, dairy cattle (cold carcass weight)', 'Buttermilk', 'Pig, sow', 'Cattle, urine (kg mass)', 'Beef cattle, calf (female, weaned)', 'Yoghurt', 'Meat, beef cattle (liveweight)', 'Dairy cattle, heifer', 'Sheep, ram', 'Caciotta', 'Electricity, produced on', 'Fresh cheese', 'Electricity', 'Sheep, ewe', 'Dairy cattle, calf (male, unweaned)', 'Meat, pig (cold carcass weight)', 'Beef cattle, calf (weaned)', 'Meat, pig (cold dressed carcass weight)', 'Dairy cattle, calf (female, weaned)', 'Whey', 'Offal', 'Cattle', 'Dairy cattle, calf (weaned)', 'Dairy cattle, calf', 'Sheep', 'Meat, chicken, breast', 'Beef cattle, bull', 'Offal, pigs', 'Cream, cow, raw', 'Broiler chicken, hen', 'Broiler chicken, chick', 'Sheep, lamb (weaned)', 'Meat, dairy cattle (liveweight)', 'Layer chicken, pullet', 'Broiler chicken', 'Beef cattle', 'Cheese, cow', 'Eggs, hen, in shell', 'Cheese, sheep', 'Eggs', 'Layer chicken, hen', 'Sheep, lamb', 'Milk, cow, raw', 'Beef cattle, steer', 'Butter', 'Poultry by', 'Dairy cattle, cow', 'Pig, piglet', 'Meat, chicken, leg', 'Hides, dairy cattle, fresh', 'Meat, chicken (cold carcass weight)', 'Whey, powder', 'Cheese', 'Soft', 'Eggs, hen, in shell (number)', 'Meat', 'Meat, chicken (liveweight)', 'Beef cattle, heifer', 'Ricotta', 'Ripened cheese']",79,product,original,rag,2
"[0, 0, 0, 0, 1, 0, 0, 0, 0, 0, 0, 0, 0, 0, 0, 0, 0, 0, 0, 0, 0, 0, 0, 0, 0, 0, 0, 0, 0, 0, 0, 0, 0, 0, 0, 0, 0, 0, 0, 0, 0, 0, 0, 0, 0, 0, 0, 0, 0, 0, 0, 0, 0, 0, 0, 0, 0, 0, 0, 0, 0, 0, 0, 0, 1, 0, 0, 0, 0, 0, 0, 0, 0, 0, 0]","[0, 0, 0, 0, 0, 1, 0, 0, 0, 0, 0, 0, 0, 0, 0, 0, 0, 0, 0, 0, 0, 0, 0, 0, 0, 0, 0, 0, 0, 0, 0, 0, 0, 0, 0, 0, 0, 0, 0, 0, 0, 0, 0, 0, 0, 0, 0, 0, 0, 0, 0, 0, 0, 0, 0, 0, 0, 0, 0, 0, 0, 1, 0, 0, 0, 0, 0, 0, 0, 0, 0, 0, 0, 0, 0]","['Meat, beef cattle (cold carcass weight)', 'Layer chicken', 'Pig', 'Meat, beef cattle (cold dressed carcass weight)', 'Hides', 'Dairy cattle', 'Milk', 'Cream', 'Beef cattle, calf (male, weaned)', 'Beef cattle, cow', 'Whey, liquid', 'Wastewater (kg mass)', 'Milk, cow, raw (FPCM)', 'Meat, chicken, wings', 'Beef cattle, heifer and steer', 'Meat, dairy cattle (cold carcass weight)', 'Buttermilk', 'Pig, sow', 'Cattle, urine (kg mass)', 'Beef cattle, calf (female, weaned)', 'Yoghurt', 'Meat, beef cattle (liveweight)', 'Dairy cattle, heifer', 'Sheep, ram', 'Caciotta', 'Electricity, produced on', 'Fresh cheese', 'Electricity', 'Sheep, ewe', 'Dairy cattle, calf (male, unweaned)', 'Meat, pig (cold carcass weight)', 'Beef cattle, calf (weaned)', 'Meat, pig (cold dressed carcass weight)', 'Dairy cattle, calf (female, weaned)', 'Whey', 'Offal', 'Cattle', 'Dairy cattle, calf (weaned)', 'Dairy cattle, calf', 'Sheep', 'Meat, chicken, breast', 'Beef cattle, bull', 'Offal, pigs', 'Cream, cow, raw', 'Broiler chicken, hen', 'Broiler chicken, chick', 'Sheep, lamb (weaned)', 'Meat, dairy cattle (liveweight)', 'Layer chicken, pullet', 'Broiler chicken', 'Beef cattle', 'Cheese, cow', 'Eggs, hen, in shell', 'Cheese, sheep', 'Eggs', 'Layer chicken, hen', 'Sheep, lamb', 'Milk, cow, raw', 'Beef cattle, steer', 'Butter', 'Poultry by', 'Dairy cattle, cow', 'Pig, piglet', 'Meat, chicken, leg', 'Hides, dairy cattle, fresh', 'Meat, chicken (cold carcass weight)', 'Whey, powder', 'Cheese', 'Soft', 'Eggs, hen, in shell (number)', 'Meat', 'Meat, chicken (liveweight)', 'Beef cattle, heifer', 'Ricotta', 'Ripened cheese']",79,product,original,rag,2
"[0, 0, 0, 0, 1, 0, 0, 0, 0, 0]","[0, 0, 0, 0, 1, 0, 0, 0, 1, 0]","['kg cold carcass weight/head', '1 ha', 'kg cold dressed carcass weight/head', 'days', 'relative', 'kg', 'unitless', 'kg liveweight/head', '%', 'kg ready-to-cook weight/head']",32,functionalUnit,original,rag,1
"[0, 0, 0, 0, 1, 0, 0, 0, 0, 0]","[0, 0, 0, 0, 1, 0, 0, 0, 1, 0]","['kg cold carcass weight/head', '1 ha', 'kg cold dressed carcass weight/head', 'days', 'relative', 'kg', 'unitless', 'kg liveweight/head', '%', 'kg ready-to-cook weight/head']",58,functionalUnit,recalculated,rag,1
"[0, 0, 0, 0, 1, 0, 0, 0, 0, 0]","[0, 0, 0, 0, 1, 0, 0, 0, 1, 0]","['kg cold carcass weight/head', '1 ha', 'kg cold dressed carcass weight/head', 'days', 'relative', 'kg', 'unitless', 'kg liveweight/head', '%', 'kg ready-to-cook weight/head']",61,functionalUnit,recalculated,rag,3
"[0, 0, 0, 0, 1, 0, 0, 0, 0, 0]","[0, 0, 0, 0, 1, 0, 0, 0, 1, 0]","['kg cold carcass weight/head', '1 ha', 'kg cold dressed carcass weight/head', 'days', 'relative', 'kg', 'unitless', 'kg liveweight/head', '%', 'kg ready-to-cook weight/head']",63,functionalUnit,original,rag,6
"[0, 0, 0, 0, 1, 0, 0, 0, 0, 0]","[0, 0, 0, 0, 1, 0, 0, 0, 1, 0]","['kg cold carcass weight/head', '1 ha', 'kg cold dressed carcass weight/head', 'days', 'relative', 'kg', 'unitless', 'kg liveweight/head', '%', 'kg ready-to-cook weight/head']",73,functionalUnit,original,rag,6
"[0, 0, 0, 0, 1, 0, 0, 0, 0, 0]","[0, 0, 0, 0, 1, 0, 0, 1, 0, 0]","['kg cold carcass weight/head', '1 ha', 'kg cold dressed carcass weight/head', 'days', 'relative', 'kg', 'unitless', 'kg liveweight/head', '%', 'kg ready-to-cook weight/head']",0,functionalUnit,original,rag,3
"[0, 0, 0, 0, 1, 0, 0, 0, 0, 0]","[0, 0, 0, 0, 1, 0, 0, 1, 0, 0]","['kg cold carcass weight/head', '1 ha', 'kg cold dressed carcass weight/head', 'days', 'relative', 'kg', 'unitless', 'kg liveweight/head', '%', 'kg ready-to-cook weight/head']",10,functionalUnit,recalculated,rag,7
"[0, 0, 0, 0, 1, 0, 0, 0, 0, 0]","[0, 0, 0, 0, 1, 0, 0, 1, 0, 0]","['kg cold carcass weight/head', '1 ha', 'kg cold dressed carcass weight/head', 'days', 'relative', 'kg', 'unitless', 'kg liveweight/head', '%', 'kg ready-to-cook weight/head']",18,functionalUnit,recalculated,rag,7
"[0, 0, 0, 0, 1, 0, 0, 0, 0, 0]","[0, 0, 0, 0, 1, 0, 0, 1, 0, 0]","['kg cold carcass weight/head', '1 ha', 'kg cold dressed carcass weight/head', 'days', 'relative', 'kg', 'unitless', 'kg liveweight/head', '%', 'kg ready-to-cook weight/head']",20,functionalUnit,original,rag,1
"[0, 0, 0, 0, 1, 0, 0, 0, 0, 0]","[0, 0, 0, 0, 1, 0, 0, 1, 0, 0]","['kg cold carcass weight/head', '1 ha', 'kg cold dressed carcass weight/head', 'days', 'relative', 'kg', 'unitless', 'kg liveweight/head', '%', 'kg ready-to-cook weight/head']",25,functionalUnit,original,rag,7
"[0, 0, 0, 0, 1, 0, 0, 0, 0, 0]","[0, 0, 0, 0, 1, 0, 0, 1, 0, 0]","['kg cold carcass weight/head', '1 ha', 'kg cold dressed carcass weight/head', 'days', 'relative', 'kg', 'unitless', 'kg liveweight/head', '%', 'kg ready-to-cook weight/head']",31,functionalUnit,original,rag,3
"[0, 0, 0, 0, 1, 0, 0, 0, 0, 0]","[0, 0, 0, 0, 1, 0, 0, 1, 0, 0]","['kg cold carcass weight/head', '1 ha', 'kg cold dressed carcass weight/head', 'days', 'relative', 'kg', 'unitless', 'kg liveweight/head', '%', 'kg ready-to-cook weight/head']",31,functionalUnit,recalculated,rag,7
"[0, 0, 0, 0, 1, 0, 0, 0, 0, 0]","[0, 0, 0, 0, 1, 0, 0, 1, 0, 0]","['kg cold carcass weight/head', '1 ha', 'kg cold dressed carcass weight/head', 'days', 'relative', 'kg', 'unitless', 'kg liveweight/head', '%', 'kg ready-to-cook weight/head']",36,functionalUnit,recalculated,rag,7
"[0, 0, 0, 0, 1, 0, 0, 0, 0, 0]","[0, 0, 0, 0, 1, 0, 0, 1, 0, 0]","['kg cold carcass weight/head', '1 ha', 'kg cold dressed carcass weight/head', 'days', 'relative', 'kg', 'unitless', 'kg liveweight/head', '%', 'kg ready-to-cook weight/head']",41,functionalUnit,original,rag,3
"[0, 0, 0, 0, 1, 0, 0, 0, 0, 0]","[0, 0, 0, 0, 1, 0, 0, 1, 0, 0]","['kg cold carcass weight/head', '1 ha', 'kg cold dressed carcass weight/head', 'days', 'relative', 'kg', 'unitless', 'kg liveweight/head', '%', 'kg ready-to-cook weight/head']",41,functionalUnit,recalculated,rag,7
"[0, 0, 0, 0, 1, 0, 0, 0, 0, 0]","[0, 0, 0, 0, 1, 0, 0, 1, 0, 0]","['kg cold carcass weight/head', '1 ha', 'kg cold dressed carcass weight/head', 'days', 'relative', 'kg', 'unitless', 'kg liveweight/head', '%', 'kg ready-to-cook weight/head']",43,functionalUnit,original,rag,1
"[0, 0, 0, 0, 1, 0, 0, 0, 0, 0]","[0, 0, 0, 0, 1, 0, 0, 1, 0, 0]","['kg cold carcass weight/head', '1 ha', 'kg cold dressed carcass weight/head', 'days', 'relative', 'kg', 'unitless', 'kg liveweight/head', '%', 'kg ready-to-cook weight/head']",53,functionalUnit,recalculated,rag,1
"[0, 0, 0, 0, 1, 0, 0, 0, 0, 0]","[0, 0, 0, 0, 1, 0, 0, 1, 0, 0]","['kg cold carcass weight/head', '1 ha', 'kg cold dressed carcass weight/head', 'days', 'relative', 'kg', 'unitless', 'kg liveweight/head', '%', 'kg ready-to-cook weight/head']",58,functionalUnit,original,rag,6
"[0, 0, 0, 0, 1, 0, 0, 0, 0, 0]","[0, 0, 0, 0, 1, 0, 0, 1, 0, 0]","['kg cold carcass weight/head', '1 ha', 'kg cold dressed carcass weight/head', 'days', 'relative', 'kg', 'unitless', 'kg liveweight/head', '%', 'kg ready-to-cook weight/head']",60,functionalUnit,recalculated,rag,7
"[0, 0, 0, 0, 1, 0, 0, 0, 0, 0]","[0, 0, 0, 0, 1, 0, 0, 1, 0, 0]","['kg cold carcass weight/head', '1 ha', 'kg cold dressed carcass weight/head', 'days', 'relative', 'kg', 'unitless', 'kg liveweight/head', '%', 'kg ready-to-cook weight/head']",84,functionalUnit,original,rag,4
"[0, 0, 0, 0, 1, 0, 0, 0, 0, 0]","[0, 0, 0, 0, 1, 0, 0, 1, 0, 0]","['kg cold carcass weight/head', '1 ha', 'kg cold dressed carcass weight/head', 'days', 'relative', 'kg', 'unitless', 'kg liveweight/head', '%', 'kg ready-to-cook weight/head']",84,functionalUnit,recalculated,rag,7
"[0, 0, 0, 0, 1, 0, 0, 0, 0, 0]","[0, 0, 0, 0, 1, 0, 0, 1, 0, 0]","['kg cold carcass weight/head', '1 ha', 'kg cold dressed carcass weight/head', 'days', 'relative', 'kg', 'unitless', 'kg liveweight/head', '%', 'kg ready-to-cook weight/head']",87,functionalUnit,recalculated,rag,1
"[0, 0, 0, 0, 1, 0, 0, 0, 0, 0]","[0, 0, 0, 1, 1, 0, 0, 1, 0, 0]","['kg cold carcass weight/head', '1 ha', 'kg cold dressed carcass weight/head', 'days', 'relative', 'kg', 'unitless', 'kg liveweight/head', '%', 'kg ready-to-cook weight/head']",41,functionalUnit,original,rag,3
"[0, 0, 0, 0, 1, 0, 0, 0, 0, 0]","[0, 0, 0, 1, 1, 0, 0, 1, 0, 0]","['kg cold carcass weight/head', '1 ha', 'kg cold dressed carcass weight/head', 'days', 'relative', 'kg', 'unitless', 'kg liveweight/head', '%', 'kg ready-to-cook weight/head']",53,functionalUnit,recalculated,rag,5
"[0, 0, 0, 0, 1, 0, 0, 0, 0, 0]","[0, 0, 0, 1, 1, 0, 0, 1, 0, 0]","['kg cold carcass weight/head', '1 ha', 'kg cold dressed carcass weight/head', 'days', 'relative', 'kg', 'unitless', 'kg liveweight/head', '%', 'kg ready-to-cook weight/head']",70,functionalUnit,recalculated,rag,5
"[0, 0, 0, 0, 1, 0, 0, 0, 0, 0]","[0, 0, 0, 1, 1, 0, 0, 1, 0, 0]","['kg cold carcass weight/head', '1 ha', 'kg cold dressed carcass weight/head', 'days', 'relative', 'kg', 'unitless', 'kg liveweight/head', '%', 'kg ready-to-cook weight/head']",84,functionalUnit,original,rag,2
"[0, 0, 0, 0, 1, 0, 0, 0, 1, 0]","[0, 0, 0, 0, 1, 0, 0, 0, 0, 0]","['kg cold carcass weight/head', '1 ha', 'kg cold dressed carcass weight/head', 'days', 'relative', 'kg', 'unitless', 'kg liveweight/head', '%', 'kg ready-to-cook weight/head']",46,functionalUnit,original,rag,3
"[0, 0, 0, 0, 1, 0, 0, 0, 1, 0]","[0, 0, 0, 0, 1, 0, 0, 0, 0, 0]","['kg cold carcass weight/head', '1 ha', 'kg cold dressed carcass weight/head', 'days', 'relative', 'kg', 'unitless', 'kg liveweight/head', '%', 'kg ready-to-cook weight/head']",59,functionalUnit,recalculated,rag,7
"[0, 0, 0, 0, 1, 0, 0, 0, 1, 0]","[0, 0, 0, 0, 1, 0, 0, 0, 0, 0]","['kg cold carcass weight/head', '1 ha', 'kg cold dressed carcass weight/head', 'days', 'relative', 'kg', 'unitless', 'kg liveweight/head', '%', 'kg ready-to-cook weight/head']",61,functionalUnit,original,rag,1
"[0, 0, 0, 0, 1, 0, 0, 0, 1, 0]","[0, 1, 0, 0, 1, 0, 0, 0, 1, 0]","['kg cold carcass weight/head', '1 ha', 'kg cold dressed carcass weight/head', 'days', 'relative', 'kg', 'unitless', 'kg liveweight/head', '%', 'kg ready-to-cook weight/head']",89,functionalUnit,recalculated,rag,1
"[0, 0, 0, 0, 1, 0, 0, 1, 0, 0]","[0, 0, 0, 0, 1, 0, 0, 0, 0, 0]","['kg cold carcass weight/head', '1 ha', 'kg cold dressed carcass weight/head', 'days', 'relative', 'kg', 'unitless', 'kg liveweight/head', '%', 'kg ready-to-cook weight/head']",55,functionalUnit,original,rag,1
"[0, 0, 0, 0, 1, 0, 0, 1, 0, 0]","[0, 0, 0, 0, 1, 0, 0, 0, 0, 0]","['kg cold carcass weight/head', '1 ha', 'kg cold dressed carcass weight/head', 'days', 'relative', 'kg', 'unitless', 'kg liveweight/head', '%', 'kg ready-to-cook weight/head']",56,functionalUnit,original,rag,1
"[0, 0, 0, 0, 1, 0, 0, 1, 0, 0]","[0, 0, 0, 0, 1, 0, 0, 0, 0, 0]","['kg cold carcass weight/head', '1 ha', 'kg cold dressed carcass weight/head', 'days', 'relative', 'kg', 'unitless', 'kg liveweight/head', '%', 'kg ready-to-cook weight/head']",78,functionalUnit,original,rag,2
"[0, 0, 0, 0, 1, 0, 0, 1, 0, 0]","[0, 0, 0, 0, 1, 0, 0, 0, 0, 0]","['kg cold carcass weight/head', '1 ha', 'kg cold dressed carcass weight/head', 'days', 'relative', 'kg', 'unitless', 'kg liveweight/head', '%', 'kg ready-to-cook weight/head']",88,functionalUnit,recalculated,rag,4
"[0, 0, 0, 0, 1, 0, 0, 1, 0, 0]","[0, 0, 0, 0, 1, 0, 0, 0, 0, 0]","['kg cold carcass weight/head', '1 ha', 'kg cold dressed carcass weight/head', 'days', 'relative', 'kg', 'unitless', 'kg liveweight/head', '%', 'kg ready-to-cook weight/head']",95,functionalUnit,original,rag,2
"[0, 0, 0, 0, 1, 0, 0, 1, 0, 0]","[0, 0, 0, 0, 1, 0, 0, 1, 1, 0]","['kg cold carcass weight/head', '1 ha', 'kg cold dressed carcass weight/head', 'days', 'relative', 'kg', 'unitless', 'kg liveweight/head', '%', 'kg ready-to-cook weight/head']",95,functionalUnit,original,rag,1
"[0, 0, 0, 0, 1, 0, 0, 1, 0, 0]","[0, 0, 0, 1, 1, 0, 0, 0, 0, 0]","['kg cold carcass weight/head', '1 ha', 'kg cold dressed carcass weight/head', 'days', 'relative', 'kg', 'unitless', 'kg liveweight/head', '%', 'kg ready-to-cook weight/head']",78,functionalUnit,original,rag,1
"[0, 0, 0, 0, 1, 0, 0, 1, 0, 0]","[0, 0, 0, 1, 1, 0, 0, 1, 0, 0]","['kg cold carcass weight/head', '1 ha', 'kg cold dressed carcass weight/head', 'days', 'relative', 'kg', 'unitless', 'kg liveweight/head', '%', 'kg ready-to-cook weight/head']",74,functionalUnit,original,rag,1
"[0, 0, 0, 0, 1, 0, 0, 1, 0, 0]","[0, 0, 0, 1, 1, 0, 0, 1, 0, 0]","['kg cold carcass weight/head', '1 ha', 'kg cold dressed carcass weight/head', 'days', 'relative', 'kg', 'unitless', 'kg liveweight/head', '%', 'kg ready-to-cook weight/head']",78,functionalUnit,original,rag,2
"[0, 0, 0, 0, 1, 0, 0, 1, 0, 0]","[0, 1, 0, 1, 1, 0, 0, 1, 0, 0]","['kg cold carcass weight/head', '1 ha', 'kg cold dressed carcass weight/head', 'days', 'relative', 'kg', 'unitless', 'kg liveweight/head', '%', 'kg ready-to-cook weight/head']",48,functionalUnit,original,rag,1
"[0, 0, 0, 0, 1, 0, 0, 1, 0, 0]","[1, 0, 0, 0, 1, 0, 0, 1, 0, 0]","['kg cold carcass weight/head', '1 ha', 'kg cold dressed carcass weight/head', 'days', 'relative', 'kg', 'unitless', 'kg liveweight/head', '%', 'kg ready-to-cook weight/head']",39,functionalUnit,recalculated,rag,7
"[0, 0, 0, 0, 1, 0, 0, 1, 0, 0]","[1, 0, 0, 0, 1, 0, 0, 1, 0, 0]","['kg cold carcass weight/head', '1 ha', 'kg cold dressed carcass weight/head', 'days', 'relative', 'kg', 'unitless', 'kg liveweight/head', '%', 'kg ready-to-cook weight/head']",92,functionalUnit,original,rag,7
"[0, 0, 0, 0, 1, 0, 0, 1, 1, 0]","[0, 0, 0, 0, 1, 0, 0, 1, 0, 0]","['kg cold carcass weight/head', '1 ha', 'kg cold dressed carcass weight/head', 'days', 'relative', 'kg', 'unitless', 'kg liveweight/head', '%', 'kg ready-to-cook weight/head']",40,functionalUnit,original,rag,2
"[0, 0, 0, 0, 1, 0, 0, 1, 1, 0]","[0, 0, 0, 0, 1, 0, 0, 1, 0, 0]","['kg cold carcass weight/head', '1 ha', 'kg cold dressed carcass weight/head', 'days', 'relative', 'kg', 'unitless', 'kg liveweight/head', '%', 'kg ready-to-cook weight/head']",68,functionalUnit,original,rag,2
"[0, 0, 0, 0, 1, 0, 0, 1, 1, 0]","[0, 0, 0, 1, 1, 0, 0, 1, 0, 0]","['kg cold carcass weight/head', '1 ha', 'kg cold dressed carcass weight/head', 'days', 'relative', 'kg', 'unitless', 'kg liveweight/head', '%', 'kg ready-to-cook weight/head']",68,functionalUnit,original,rag,4
"[0, 0, 0, 0, 1, 0, 0, 1, 1, 0]","[0, 0, 0, 1, 1, 0, 0, 1, 1, 0]","['kg cold carcass weight/head', '1 ha', 'kg cold dressed carcass weight/head', 'days', 'relative', 'kg', 'unitless', 'kg liveweight/head', '%', 'kg ready-to-cook weight/head']",68,functionalUnit,original,rag,1
"[0, 0, 0, 0, 1, 0]","[0, 0, 1, 0, 0, 0]","['none required', 'mass', 'economic', 'energy', 'biophysical', 'none']",46,allocation,original,no rag,2
"[0, 0, 0, 0, 1, 0]","[0, 0, 1, 0, 0, 0]","['none required', 'mass', 'economic', 'energy', 'biophysical', 'none']",73,allocation,original,no rag,6
"[0, 0, 0, 0, 1, 1, 0, 0, 0, 0]","[0, 0, 0, 0, 1, 0, 0, 0, 0, 0]","['kg cold carcass weight/head', '1 ha', 'kg cold dressed carcass weight/head', 'days', 'relative', 'kg', 'unitless', 'kg liveweight/head', '%', 'kg ready-to-cook weight/head']",3,functionalUnit,original,rag,1
"[0, 0, 0, 0, 1, 1, 0, 0, 0, 0]","[0, 0, 0, 0, 1, 0, 0, 0, 0, 0]","['kg cold carcass weight/head', '1 ha', 'kg cold dressed carcass weight/head', 'days', 'relative', 'kg', 'unitless', 'kg liveweight/head', '%', 'kg ready-to-cook weight/head']",30,functionalUnit,original,rag,1
"[0, 0, 0, 0, 1, 1, 0, 0, 0, 0]","[0, 0, 0, 0, 1, 0, 0, 0, 0, 0]","['kg cold carcass weight/head', '1 ha', 'kg cold dressed carcass weight/head', 'days', 'relative', 'kg', 'unitless', 'kg liveweight/head', '%', 'kg ready-to-cook weight/head']",34,functionalUnit,recalculated,rag,1
"[0, 0, 0, 0, 1, 1, 1, 0, 0, 0]","[0, 0, 0, 0, 0, 1, 1, 0, 0, 0]","['days', '1 ha', 'kg', 'kg cold dressed carcass weight/head', 'kg cold carcass weight/head', 'kg liveweight/head', 'relative', 'unitless', 'kg ready-to-cook weight/head', '%']",17,functionalUnit,original,no rag,7
"[0, 0, 0, 0, 1, 1, 1, 0, 0, 0]","[0, 0, 0, 0, 0, 1, 1, 0, 0, 0]","['days', '1 ha', 'kg', 'kg cold dressed carcass weight/head', 'kg cold carcass weight/head', 'kg liveweight/head', 'relative', 'unitless', 'kg ready-to-cook weight/head', '%']",33,functionalUnit,original,no rag,7
"[0, 0, 0, 0, 1, 1, 1, 0, 0, 0]","[0, 0, 0, 0, 0, 1, 1, 0, 0, 0]","['days', '1 ha', 'kg', 'kg cold dressed carcass weight/head', 'kg cold carcass weight/head', 'kg liveweight/head', 'relative', 'unitless', 'kg ready-to-cook weight/head', '%']",35,functionalUnit,recalculated,no rag,7
"[0, 0, 0, 0, 1, 1, 1, 0, 0, 0]","[0, 0, 0, 0, 0, 1, 1, 0, 0, 0]","['days', '1 ha', 'kg', 'kg cold dressed carcass weight/head', 'kg cold carcass weight/head', 'kg liveweight/head', 'relative', 'unitless', 'kg ready-to-cook weight/head', '%']",66,functionalUnit,original,no rag,7
"[0, 0, 0, 0, 1, 1, 1, 0, 0, 0]","[0, 0, 0, 0, 0, 1, 1, 0, 0, 0]","['days', '1 ha', 'kg', 'kg cold dressed carcass weight/head', 'kg cold carcass weight/head', 'kg liveweight/head', 'relative', 'unitless', 'kg ready-to-cook weight/head', '%']",94,functionalUnit,recalculated,no rag,7
"[0, 0, 0, 1, 0, 0]","[0, 0, 0, 0, 0, 0]","['none', 'energy', 'mass', 'none required', 'economic', 'biophysical']",34,allocation,original,rag,1
"[0, 0, 0, 1, 0, 0]","[0, 0, 0, 0, 0, 0]","['none', 'energy', 'mass', 'none required', 'economic', 'biophysical']",48,allocation,original,rag,1
"[0, 0, 0, 1, 0, 0]","[0, 0, 0, 0, 1, 0]","['none', 'energy', 'mass', 'none required', 'economic', 'biophysical']",1,allocation,original,rag,1
"[0, 0, 0, 1, 0, 0]","[0, 0, 0, 0, 1, 0]","['none', 'energy', 'mass', 'none required', 'economic', 'biophysical']",22,allocation,original,rag,1
"[0, 0, 0, 1, 0, 0]","[0, 0, 0, 0, 1, 0]","['none', 'energy', 'mass', 'none required', 'economic', 'biophysical']",24,allocation,original,rag,1
"[0, 0, 0, 1, 0, 0]","[0, 0, 0, 0, 1, 0]","['none', 'energy', 'mass', 'none required', 'economic', 'biophysical']",26,allocation,original,rag,1
"[0, 0, 0, 1, 0, 0]","[0, 0, 0, 0, 1, 0]","['none', 'energy', 'mass', 'none required', 'economic', 'biophysical']",27,allocation,original,rag,1
"[0, 0, 0, 1, 0, 0]","[0, 0, 0, 0, 1, 0]","['none', 'energy', 'mass', 'none required', 'economic', 'biophysical']",28,allocation,original,rag,1
"[0, 0, 0, 1, 0, 0]","[0, 0, 0, 0, 1, 0]","['none', 'energy', 'mass', 'none required', 'economic', 'biophysical']",30,allocation,original,rag,1
"[0, 0, 0, 1, 0, 0]","[0, 0, 0, 0, 1, 0]","['none', 'energy', 'mass', 'none required', 'economic', 'biophysical']",34,allocation,original,rag,1
"[0, 0, 0, 1, 0, 0]","[0, 0, 0, 0, 1, 0]","['none', 'energy', 'mass', 'none required', 'economic', 'biophysical']",48,allocation,original,rag,2
"[0, 0, 0, 1, 0, 0]","[0, 0, 0, 0, 1, 0]","['none', 'energy', 'mass', 'none required', 'economic', 'biophysical']",51,allocation,original,rag,1
"[0, 0, 0, 1, 0, 0]","[0, 0, 0, 0, 1, 0]","['none', 'energy', 'mass', 'none required', 'economic', 'biophysical']",53,allocation,original,rag,1
"[0, 0, 0, 1, 0, 0]","[0, 0, 0, 0, 1, 0]","['none', 'energy', 'mass', 'none required', 'economic', 'biophysical']",60,allocation,original,rag,3
"[0, 0, 0, 1, 0, 0]","[0, 0, 0, 0, 1, 0]","['none', 'energy', 'mass', 'none required', 'economic', 'biophysical']",61,allocation,original,rag,1
"[0, 0, 0, 1, 0, 0]","[0, 0, 0, 0, 1, 0]","['none', 'energy', 'mass', 'none required', 'economic', 'biophysical']",83,allocation,original,rag,1
"[0, 0, 0, 1, 0, 0]","[0, 0, 0, 0, 1, 0]","['none', 'energy', 'mass', 'none required', 'economic', 'biophysical']",95,allocation,original,rag,7
"[0, 0, 0, 1, 0, 0]","[0, 0, 0, 0, 1, 0]","['none', 'energy', 'mass', 'none required', 'economic', 'biophysical']",100,allocation,original,rag,1
"[0, 0, 0, 1, 0, 0]","[0, 0, 0, 0, 1, 0]","['none', 'energy', 'mass', 'none required', 'economic', 'biophysical']",103,allocation,original,rag,1
"[0, 0, 0, 1, 0, 0]","[0, 0, 0, 1, 1, 0]","['none', 'energy', 'mass', 'none required', 'economic', 'biophysical']",60,allocation,original,rag,1
"[0, 0, 0, 1, 0, 0]","[0, 0, 1, 0, 0, 0]","['none', 'energy', 'mass', 'none required', 'economic', 'biophysical']",48,allocation,original,rag,1
"[0, 0, 0, 1, 0, 0]","[1, 0, 0, 0, 0, 0]","['none', 'energy', 'mass', 'none required', 'economic', 'biophysical']",1,allocation,original,rag,1
"[0, 0, 0, 1, 0, 0]","[1, 0, 0, 0, 0, 0]","['none', 'energy', 'mass', 'none required', 'economic', 'biophysical']",22,allocation,original,rag,3
"[0, 0, 0, 1, 0, 1, 0, 0, 1, 1, 1, 1, 0, 1, 1, 0, 0, 1, 0]","[0, 0, 0, 1, 0, 1, 0, 0, 0, 1, 1, 1, 0, 1, 1, 0, 0, 1, 0]","['True_waste', 'True_pesticideVeterinaryDrug', 'True_excreta', 'True_fertiliser', 'True_water', 'True_soilAmendment', 'True_operation', 'True_material', 'True_seed', 'True_product', 'True_cropResidue', 'True_liveAnimalInput', 'True_animalFeed', 'True_freshForage', 'True_ingredient', 'True_animalPopulation', 'True_electricityFuel', 'True_otherChemical', 'True_transport']",73,systemBoundary,original,no rag,2
"[0, 0, 0, 1, 0, 1, 0, 0, 1, 1, 1, 1, 0, 1, 1, 0, 0, 1, 0]","[0, 0, 0, 1, 0, 1, 0, 0, 0, 1, 1, 1, 1, 1, 1, 0, 0, 1, 0]","['True_waste', 'True_pesticideVeterinaryDrug', 'True_excreta', 'True_fertiliser', 'True_water', 'True_soilAmendment', 'True_operation', 'True_material', 'True_seed', 'True_product', 'True_cropResidue', 'True_liveAnimalInput', 'True_animalFeed', 'True_freshForage', 'True_ingredient', 'True_animalPopulation', 'True_electricityFuel', 'True_otherChemical', 'True_transport']",73,systemBoundary,original,no rag,1
"[0, 0, 0, 1, 0, 1, 0, 0, 1, 1, 1, 1, 0, 1, 1, 0, 0, 1, 0]","[0, 0, 0, 1, 0, 1, 0, 0, 1, 1, 1, 1, 1, 1, 1, 0, 0, 1, 0]","['True_waste', 'True_pesticideVeterinaryDrug', 'True_excreta', 'True_fertiliser', 'True_water', 'True_soilAmendment', 'True_operation', 'True_material', 'True_seed', 'True_product', 'True_cropResidue', 'True_liveAnimalInput', 'True_animalFeed', 'True_freshForage', 'True_ingredient', 'True_animalPopulation', 'True_electricityFuel', 'True_otherChemical', 'True_transport']",73,systemBoundary,original,no rag,1
"[0, 0, 0, 1, 0, 1, 0, 0, 1, 1, 1, 1, 1, 1, 1, 1, 0, 1, 0]","[0, 1, 0, 1, 0, 1, 0, 0, 1, 1, 1, 1, 1, 1, 1, 1, 0, 1, 0]","['True_waste', 'True_pesticideVeterinaryDrug', 'True_excreta', 'True_fertiliser', 'True_water', 'True_soilAmendment', 'True_operation', 'True_material', 'True_seed', 'True_product', 'True_cropResidue', 'True_liveAnimalInput', 'True_animalFeed', 'True_freshForage', 'True_ingredient', 'True_animalPopulation', 'True_electricityFuel', 'True_otherChemical', 'True_transport']",18,systemBoundary,original,no rag,3
"[0, 0, 0, 1, 0, 1, 1, 0, 1, 0, 1, 0, 1, 0, 1, 0, 1, 0, 1]","[0, 0, 0, 1, 0, 1, 0, 0, 1, 0, 1, 0, 1, 0, 0, 0, 1, 0, 1]","['True_liveAnimalInput', 'True_cropResidue', 'True_seed', 'True_product', 'True_pesticideVeterinaryDrug', 'True_excreta', 'True_freshForage', 'True_transport', 'True_animalFeed', 'True_waste', 'True_ingredient', 'True_operation', 'True_soilAmendment', 'True_material', 'True_animalPopulation', 'True_otherChemical', 'True_electricityFuel', 'True_water', 'True_fertiliser']",40,systemBoundary,original,rag,1
"[0, 0, 0, 1, 0, 1, 1, 0, 1, 0, 1, 0, 1, 0, 1, 0, 1, 0, 1]","[0, 1, 0, 1, 0, 0, 1, 0, 1, 0, 1, 0, 1, 0, 1, 1, 0, 0, 1]","['True_liveAnimalInput', 'True_cropResidue', 'True_seed', 'True_product', 'True_pesticideVeterinaryDrug', 'True_excreta', 'True_freshForage', 'True_transport', 'True_animalFeed', 'True_waste', 'True_ingredient', 'True_operation', 'True_soilAmendment', 'True_material', 'True_animalPopulation', 'True_otherChemical', 'True_electricityFuel', 'True_water', 'True_fertiliser']",40,systemBoundary,original,rag,1
"[0, 0, 0, 1, 0, 1, 1, 0, 1, 0, 1, 0, 1, 0, 1, 0, 1, 0, 1]","[0, 1, 1, 1, 0, 0, 1, 0, 1, 0, 1, 0, 1, 0, 0, 0, 0, 0, 1]","['True_liveAnimalInput', 'True_cropResidue', 'True_seed', 'True_product', 'True_pesticideVeterinaryDrug', 'True_excreta', 'True_freshForage', 'True_transport', 'True_animalFeed', 'True_waste', 'True_ingredient', 'True_operation', 'True_soilAmendment', 'True_material', 'True_animalPopulation', 'True_otherChemical', 'True_electricityFuel', 'True_water', 'True_fertiliser']",40,systemBoundary,original,rag,1
"[0, 0, 0, 1, 1, 0, 0, 0, 0, 0]","[0, 0, 0, 0, 1, 0, 0, 0, 0, 0]","['kg cold carcass weight/head', '1 ha', 'kg cold dressed carcass weight/head', 'days', 'relative', 'kg', 'unitless', 'kg liveweight/head', '%', 'kg ready-to-cook weight/head']",34,functionalUnit,original,rag,1
"[0, 0, 0, 1, 1, 0, 0, 0, 0, 0]","[0, 0, 0, 0, 1, 0, 0, 0, 0, 0]","['kg cold carcass weight/head', '1 ha', 'kg cold dressed carcass weight/head', 'days', 'relative', 'kg', 'unitless', 'kg liveweight/head', '%', 'kg ready-to-cook weight/head']",37,functionalUnit,recalculated,rag,1
"[0, 0, 0, 1, 1, 0, 0, 0, 0, 0]","[0, 0, 0, 0, 1, 0, 0, 0, 0, 0]","['kg cold carcass weight/head', '1 ha', 'kg cold dressed carcass weight/head', 'days', 'relative', 'kg', 'unitless', 'kg liveweight/head', '%', 'kg ready-to-cook weight/head']",85,functionalUnit,recalculated,rag,1
"[0, 0, 0, 1, 1, 0, 0, 0, 0, 0]","[0, 0, 0, 1, 1, 0, 0, 1, 0, 0]","['kg cold carcass weight/head', '1 ha', 'kg cold dressed carcass weight/head', 'days', 'relative', 'kg', 'unitless', 'kg liveweight/head', '%', 'kg ready-to-cook weight/head']",34,functionalUnit,original,rag,2
"[0, 0, 0, 1, 1, 0, 0, 0, 0, 0]","[0, 0, 0, 1, 1, 0, 0, 1, 0, 0]","['kg cold carcass weight/head', '1 ha', 'kg cold dressed carcass weight/head', 'days', 'relative', 'kg', 'unitless', 'kg liveweight/head', '%', 'kg ready-to-cook weight/head']",103,functionalUnit,original,rag,1
"[0, 0, 0, 1, 1, 0, 0, 1, 0, 0]","[0, 0, 0, 0, 1, 0, 0, 0, 0, 0]","['kg cold carcass weight/head', '1 ha', 'kg cold dressed carcass weight/head', 'days', 'relative', 'kg', 'unitless', 'kg liveweight/head', '%', 'kg ready-to-cook weight/head']",85,functionalUnit,original,rag,2
"[0, 0, 0, 1, 1, 0, 0, 1, 0, 0]","[0, 0, 0, 0, 1, 0, 0, 0, 1, 0]","['kg cold carcass weight/head', '1 ha', 'kg cold dressed carcass weight/head', 'days', 'relative', 'kg', 'unitless', 'kg liveweight/head', '%', 'kg ready-to-cook weight/head']",85,functionalUnit,original,rag,1
"[0, 0, 0, 1, 1, 0, 0, 1, 0, 0]","[0, 0, 0, 0, 1, 0, 0, 1, 0, 0]","['kg cold carcass weight/head', '1 ha', 'kg cold dressed carcass weight/head', 'days', 'relative', 'kg', 'unitless', 'kg liveweight/head', '%', 'kg ready-to-cook weight/head']",50,functionalUnit,original,rag,1
"[0, 0, 0, 1, 1, 0, 0, 1, 0, 0]","[0, 0, 0, 0, 1, 0, 0, 1, 0, 0]","['kg cold carcass weight/head', '1 ha', 'kg cold dressed carcass weight/head', 'days', 'relative', 'kg', 'unitless', 'kg liveweight/head', '%', 'kg ready-to-cook weight/head']",60,functionalUnit,original,rag,7
"[0, 0, 0, 1, 1, 0, 0, 1, 0, 0]","[0, 0, 0, 0, 1, 0, 0, 1, 0, 0]","['kg cold carcass weight/head', '1 ha', 'kg cold dressed carcass weight/head', 'days', 'relative', 'kg', 'unitless', 'kg liveweight/head', '%', 'kg ready-to-cook weight/head']",82,functionalUnit,recalculated,rag,5
"[0, 0, 0, 1, 1, 0, 0, 1, 0, 0]","[0, 0, 0, 0, 1, 0, 0, 1, 0, 0]","['kg cold carcass weight/head', '1 ha', 'kg cold dressed carcass weight/head', 'days', 'relative', 'kg', 'unitless', 'kg liveweight/head', '%', 'kg ready-to-cook weight/head']",85,functionalUnit,original,rag,3
"[0, 0, 0, 1, 1, 0, 0, 1, 0, 0]","[1, 0, 0, 0, 1, 0, 0, 1, 0, 0]","['kg cold carcass weight/head', '1 ha', 'kg cold dressed carcass weight/head', 'days', 'relative', 'kg', 'unitless', 'kg liveweight/head', '%', 'kg ready-to-cook weight/head']",85,functionalUnit,original,rag,1
"[0, 0, 0, 1, 1, 0, 0, 1, 1, 0]","[0, 0, 0, 0, 1, 0, 0, 1, 0, 0]","['kg cold carcass weight/head', '1 ha', 'kg cold dressed carcass weight/head', 'days', 'relative', 'kg', 'unitless', 'kg liveweight/head', '%', 'kg ready-to-cook weight/head']",11,functionalUnit,original,rag,2
"[0, 0, 0, 1, 1, 0, 0, 1, 1, 0]","[0, 0, 0, 0, 1, 0, 0, 1, 0, 0]","['kg cold carcass weight/head', '1 ha', 'kg cold dressed carcass weight/head', 'days', 'relative', 'kg', 'unitless', 'kg liveweight/head', '%', 'kg ready-to-cook weight/head']",22,functionalUnit,recalculated,rag,1
"[0, 0, 0, 1, 1, 0, 0, 1, 1, 0]","[0, 0, 0, 0, 1, 0, 0, 1, 0, 0]","['kg cold carcass weight/head', '1 ha', 'kg cold dressed carcass weight/head', 'days', 'relative', 'kg', 'unitless', 'kg liveweight/head', '%', 'kg ready-to-cook weight/head']",52,functionalUnit,recalculated,rag,1
"[0, 0, 0, 1, 1, 0, 0, 1, 1, 0]","[0, 0, 0, 0, 1, 0, 0, 1, 0, 0]","['kg cold carcass weight/head', '1 ha', 'kg cold dressed carcass weight/head', 'days', 'relative', 'kg', 'unitless', 'kg liveweight/head', '%', 'kg ready-to-cook weight/head']",57,functionalUnit,original,rag,2
"[0, 0, 0, 1, 1, 0, 0, 1, 1, 0]","[0, 0, 0, 0, 1, 0, 0, 1, 0, 0]","['kg cold carcass weight/head', '1 ha', 'kg cold dressed carcass weight/head', 'days', 'relative', 'kg', 'unitless', 'kg liveweight/head', '%', 'kg ready-to-cook weight/head']",99,functionalUnit,original,rag,2
"[0, 0, 0, 1, 1, 0, 0, 1, 1, 0]","[0, 0, 0, 1, 1, 0, 0, 1, 0, 0]","['kg cold carcass weight/head', '1 ha', 'kg cold dressed carcass weight/head', 'days', 'relative', 'kg', 'unitless', 'kg liveweight/head', '%', 'kg ready-to-cook weight/head']",11,functionalUnit,original,rag,1
"[0, 0, 0, 1, 1, 0, 0, 1, 1, 0]","[0, 0, 0, 1, 1, 0, 0, 1, 0, 0]","['kg cold carcass weight/head', '1 ha', 'kg cold dressed carcass weight/head', 'days', 'relative', 'kg', 'unitless', 'kg liveweight/head', '%', 'kg ready-to-cook weight/head']",57,functionalUnit,original,rag,1
"[0, 0, 0, 1, 1, 0, 0, 1, 1, 0]","[0, 0, 0, 1, 1, 0, 0, 1, 0, 0]","['kg cold carcass weight/head', '1 ha', 'kg cold dressed carcass weight/head', 'days', 'relative', 'kg', 'unitless', 'kg liveweight/head', '%', 'kg ready-to-cook weight/head']",99,functionalUnit,original,rag,1
"[0, 0, 0, 1, 1, 1, 0, 0, 1, 1, 1, 1, 1, 1, 1, 0, 1, 1, 1]","[0, 0, 0, 1, 1, 1, 0, 0, 0, 1, 1, 1, 1, 1, 1, 0, 1, 1, 1]","['True_waste', 'True_pesticideVeterinaryDrug', 'True_excreta', 'True_fertiliser', 'True_water', 'True_soilAmendment', 'True_operation', 'True_material', 'True_seed', 'True_product', 'True_cropResidue', 'True_liveAnimalInput', 'True_animalFeed', 'True_freshForage', 'True_ingredient', 'True_animalPopulation', 'True_electricityFuel', 'True_otherChemical', 'True_transport']",78,systemBoundary,original,no rag,1
"[0, 0, 0, 1, 1, 1, 0, 0, 1, 1, 1, 1, 1, 1, 1, 0, 1, 1, 1]","[0, 0, 0, 1, 1, 1, 0, 0, 1, 1, 1, 1, 1, 1, 1, 0, 1, 1, 0]","['True_waste', 'True_pesticideVeterinaryDrug', 'True_excreta', 'True_fertiliser', 'True_water', 'True_soilAmendment', 'True_operation', 'True_material', 'True_seed', 'True_product', 'True_cropResidue', 'True_liveAnimalInput', 'True_animalFeed', 'True_freshForage', 'True_ingredient', 'True_animalPopulation', 'True_electricityFuel', 'True_otherChemical', 'True_transport']",78,systemBoundary,original,no rag,2
"[0, 0, 0, 1, 1, 1, 0, 0, 1, 1, 1, 1, 1, 1, 1, 0, 1, 1, 1]","[0, 0, 0, 1, 1, 1, 0, 1, 1, 1, 1, 1, 1, 1, 1, 0, 1, 1, 0]","['True_waste', 'True_pesticideVeterinaryDrug', 'True_excreta', 'True_fertiliser', 'True_water', 'True_soilAmendment', 'True_operation', 'True_material', 'True_seed', 'True_product', 'True_cropResidue', 'True_liveAnimalInput', 'True_animalFeed', 'True_freshForage', 'True_ingredient', 'True_animalPopulation', 'True_electricityFuel', 'True_otherChemical', 'True_transport']",78,systemBoundary,original,no rag,1
"[0, 0, 1, 0, 0, 0, 0, 0, 0, 0, 0, 0, 0, 0, 0, 0, 0, 0, 0, 0, 0, 0, 0, 0, 0, 0, 0, 0, 0, 0, 0, 0, 0, 0, 0, 0, 0, 0, 0, 0, 0, 0, 0, 0, 0, 0, 0, 0, 0, 0, 0, 0, 0, 0, 0, 0, 0, 0, 0, 0, 0, 0, 0, 0, 0, 0, 0, 0, 0, 0, 0, 0, 0, 0, 0]","[0, 0, 1, 0, 0, 0, 0, 0, 0, 0, 0, 0, 0, 0, 0, 0, 0, 0, 0, 0, 0, 0, 0, 0, 0, 0, 0, 0, 0, 0, 0, 0, 0, 0, 0, 0, 0, 0, 0, 0, 0, 0, 0, 0, 0, 0, 0, 0, 0, 0, 0, 0, 0, 0, 0, 0, 0, 0, 0, 0, 0, 0, 1, 0, 0, 0, 0, 0, 0, 0, 0, 0, 0, 0, 0]","['Meat, beef cattle (cold carcass weight)', 'Layer chicken', 'Pig', 'Meat, beef cattle (cold dressed carcass weight)', 'Hides', 'Dairy cattle', 'Milk', 'Cream', 'Beef cattle, calf (male, weaned)', 'Beef cattle, cow', 'Whey, liquid', 'Wastewater (kg mass)', 'Milk, cow, raw (FPCM)', 'Meat, chicken, wings', 'Beef cattle, heifer and steer', 'Meat, dairy cattle (cold carcass weight)', 'Buttermilk', 'Pig, sow', 'Cattle, urine (kg mass)', 'Beef cattle, calf (female, weaned)', 'Yoghurt', 'Meat, beef cattle (liveweight)', 'Dairy cattle, heifer', 'Sheep, ram', 'Caciotta', 'Electricity, produced on', 'Fresh cheese', 'Electricity', 'Sheep, ewe', 'Dairy cattle, calf (male, unweaned)', 'Meat, pig (cold carcass weight)', 'Beef cattle, calf (weaned)', 'Meat, pig (cold dressed carcass weight)', 'Dairy cattle, calf (female, weaned)', 'Whey', 'Offal', 'Cattle', 'Dairy cattle, calf (weaned)', 'Dairy cattle, calf', 'Sheep', 'Meat, chicken, breast', 'Beef cattle, bull', 'Offal, pigs', 'Cream, cow, raw', 'Broiler chicken, hen', 'Broiler chicken, chick', 'Sheep, lamb (weaned)', 'Meat, dairy cattle (liveweight)', 'Layer chicken, pullet', 'Broiler chicken', 'Beef cattle', 'Cheese, cow', 'Eggs, hen, in shell', 'Cheese, sheep', 'Eggs', 'Layer chicken, hen', 'Sheep, lamb', 'Milk, cow, raw', 'Beef cattle, steer', 'Butter', 'Poultry by', 'Dairy cattle, cow', 'Pig, piglet', 'Meat, chicken, leg', 'Hides, dairy cattle, fresh', 'Meat, chicken (cold carcass weight)', 'Whey, powder', 'Cheese', 'Soft', 'Eggs, hen, in shell (number)', 'Meat', 'Meat, chicken (liveweight)', 'Beef cattle, heifer', 'Ricotta', 'Ripened cheese']",60,product,original,rag,1
"[0, 0, 1, 0, 0, 0, 1, 0, 0, 0]","[0, 0, 0, 0, 0, 0, 1, 0, 0, 0]","['days', '1 ha', 'kg', 'kg cold dressed carcass weight/head', 'kg cold carcass weight/head', 'kg liveweight/head', 'relative', 'unitless', 'kg ready-to-cook weight/head', '%']",3,functionalUnit,original,no rag,1
"[0, 0, 1, 0, 0, 0, 1, 0, 0, 0]","[0, 0, 0, 0, 0, 0, 1, 0, 0, 0]","['days', '1 ha', 'kg', 'kg cold dressed carcass weight/head', 'kg cold carcass weight/head', 'kg liveweight/head', 'relative', 'unitless', 'kg ready-to-cook weight/head', '%']",30,functionalUnit,original,no rag,1
"[0, 0, 1, 0, 0, 0, 1, 0, 0, 0]","[0, 0, 0, 0, 0, 0, 1, 0, 0, 0]","['days', '1 ha', 'kg', 'kg cold dressed carcass weight/head', 'kg cold carcass weight/head', 'kg liveweight/head', 'relative', 'unitless', 'kg ready-to-cook weight/head', '%']",69,functionalUnit,original,no rag,1
"[0, 0, 1, 0, 0, 0]","[0, 0, 0, 0, 0, 1]","['none required', 'mass', 'economic', 'energy', 'biophysical', 'none']",14,allocation,original,no rag,1
"[0, 0, 1, 0, 0, 0]","[0, 0, 0, 0, 1, 0]","['none', 'energy', 'mass', 'none required', 'economic', 'biophysical']",74,allocation,original,rag,2
"[0, 0, 1, 0, 0, 0]","[0, 0, 1, 0, 0, 1]","['none required', 'mass', 'economic', 'energy', 'biophysical', 'none']",89,allocation,original,no rag,1
"[0, 0, 1, 0, 0, 0]","[0, 1, 0, 0, 0, 0]","['none', 'energy', 'mass', 'none required', 'economic', 'biophysical']",74,allocation,original,rag,1
"[0, 0, 1, 1, 0, 1, 0, 0, 0, 1, 0, 0, 1, 1, 1, 1, 1, 0, 0]","[0, 0, 1, 0, 0, 1, 0, 0, 0, 1, 0, 0, 1, 1, 1, 1, 1, 0, 0]","['True_waste', 'True_pesticideVeterinaryDrug', 'True_excreta', 'True_fertiliser', 'True_water', 'True_soilAmendment', 'True_operation', 'True_material', 'True_seed', 'True_product', 'True_cropResidue', 'True_liveAnimalInput', 'True_animalFeed', 'True_freshForage', 'True_ingredient', 'True_animalPopulation', 'True_electricityFuel', 'True_otherChemical', 'True_transport']",40,systemBoundary,original,no rag,1
"[0, 0, 1, 1, 0, 1, 0, 0, 0, 1, 0, 0, 1, 1, 1, 1, 1, 0, 0]","[0, 0, 1, 1, 0, 1, 0, 0, 0, 1, 0, 0, 1, 0, 1, 0, 1, 0, 0]","['True_waste', 'True_pesticideVeterinaryDrug', 'True_excreta', 'True_fertiliser', 'True_water', 'True_soilAmendment', 'True_operation', 'True_material', 'True_seed', 'True_product', 'True_cropResidue', 'True_liveAnimalInput', 'True_animalFeed', 'True_freshForage', 'True_ingredient', 'True_animalPopulation', 'True_electricityFuel', 'True_otherChemical', 'True_transport']",40,systemBoundary,original,no rag,2
"[0, 0, 1, 1, 0, 1, 0, 0, 1, 0, 1, 0, 1, 0, 1, 1, 1, 1, 1]","[0, 0, 1, 1, 0, 1, 0, 0, 1, 0, 1, 0, 1, 0, 1, 1, 1, 0, 1]","['True_liveAnimalInput', 'True_cropResidue', 'True_seed', 'True_product', 'True_pesticideVeterinaryDrug', 'True_excreta', 'True_freshForage', 'True_transport', 'True_animalFeed', 'True_waste', 'True_ingredient', 'True_operation', 'True_soilAmendment', 'True_material', 'True_animalPopulation', 'True_otherChemical', 'True_electricityFuel', 'True_water', 'True_fertiliser']",23,systemBoundary,original,rag,2
"[0, 0, 1, 1, 0, 1, 0, 0, 1, 0, 1, 0, 1, 0, 1, 1, 1, 1, 1]","[1, 1, 1, 1, 0, 1, 0, 0, 1, 0, 1, 0, 1, 0, 1, 1, 1, 0, 1]","['True_liveAnimalInput', 'True_cropResidue', 'True_seed', 'True_product', 'True_pesticideVeterinaryDrug', 'True_excreta', 'True_freshForage', 'True_transport', 'True_animalFeed', 'True_waste', 'True_ingredient', 'True_operation', 'True_soilAmendment', 'True_material', 'True_animalPopulation', 'True_otherChemical', 'True_electricityFuel', 'True_water', 'True_fertiliser']",23,systemBoundary,original,rag,4
"[0, 0, 1, 1, 0, 1, 0, 0, 1, 1, 1, 0, 1, 1, 1, 1, 0, 1, 0]","[0, 0, 0, 1, 0, 1, 0, 0, 1, 1, 1, 1, 1, 1, 1, 1, 0, 1, 0]","['True_waste', 'True_pesticideVeterinaryDrug', 'True_excreta', 'True_fertiliser', 'True_water', 'True_soilAmendment', 'True_operation', 'True_material', 'True_seed', 'True_product', 'True_cropResidue', 'True_liveAnimalInput', 'True_animalFeed', 'True_freshForage', 'True_ingredient', 'True_animalPopulation', 'True_electricityFuel', 'True_otherChemical', 'True_transport']",95,systemBoundary,original,no rag,7
"[0, 0, 1, 1, 0, 1, 1, 0, 1, 0, 1, 1, 1, 0, 1, 1, 1, 1, 1]","[0, 0, 1, 1, 0, 1, 1, 0, 1, 0, 1, 0, 1, 0, 1, 1, 1, 1, 1]","['True_liveAnimalInput', 'True_cropResidue', 'True_seed', 'True_product', 'True_pesticideVeterinaryDrug', 'True_excreta', 'True_freshForage', 'True_transport', 'True_animalFeed', 'True_waste', 'True_ingredient', 'True_operation', 'True_soilAmendment', 'True_material', 'True_animalPopulation', 'True_otherChemical', 'True_electricityFuel', 'True_water', 'True_fertiliser']",16,systemBoundary,recalculated,rag,4
"[0, 0, 1, 1, 1, 1, 0, 0, 0, 1, 1, 1, 1, 0, 1, 0, 1, 1, 0]","[0, 0, 1, 1, 1, 1, 0, 0, 1, 1, 1, 1, 1, 0, 1, 1, 1, 1, 0]","['True_waste', 'True_pesticideVeterinaryDrug', 'True_excreta', 'True_fertiliser', 'True_water', 'True_soilAmendment', 'True_operation', 'True_material', 'True_seed', 'True_product', 'True_cropResidue', 'True_liveAnimalInput', 'True_animalFeed', 'True_freshForage', 'True_ingredient', 'True_animalPopulation', 'True_electricityFuel', 'True_otherChemical', 'True_transport']",14,systemBoundary,original,no rag,1
"[0, 0, 1, 1, 1, 1, 0, 0, 1, 1, 0, 0, 1, 0, 1, 1, 1, 1, 0]","[0, 0, 1, 1, 0, 1, 0, 0, 1, 1, 0, 0, 1, 0, 1, 1, 1, 1, 0]","['True_waste', 'True_pesticideVeterinaryDrug', 'True_excreta', 'True_fertiliser', 'True_water', 'True_soilAmendment', 'True_operation', 'True_material', 'True_seed', 'True_product', 'True_cropResidue', 'True_liveAnimalInput', 'True_animalFeed', 'True_freshForage', 'True_ingredient', 'True_animalPopulation', 'True_electricityFuel', 'True_otherChemical', 'True_transport']",23,systemBoundary,original,no rag,2
"[0, 0, 1, 1, 1, 1, 0, 0, 1, 1, 0, 0, 1, 0, 1, 1, 1, 1, 0]","[0, 0, 1, 1, 0, 1, 0, 0, 1, 1, 0, 1, 1, 0, 1, 1, 1, 1, 0]","['True_waste', 'True_pesticideVeterinaryDrug', 'True_excreta', 'True_fertiliser', 'True_water', 'True_soilAmendment', 'True_operation', 'True_material', 'True_seed', 'True_product', 'True_cropResidue', 'True_liveAnimalInput', 'True_animalFeed', 'True_freshForage', 'True_ingredient', 'True_animalPopulation', 'True_electricityFuel', 'True_otherChemical', 'True_transport']",23,systemBoundary,original,no rag,2
"[0, 0, 1, 1, 1, 1, 0, 0, 1, 1, 0, 0, 1, 0, 1, 1, 1, 1, 0]","[0, 0, 1, 1, 0, 1, 0, 0, 1, 1, 1, 1, 1, 0, 1, 1, 1, 1, 0]","['True_waste', 'True_pesticideVeterinaryDrug', 'True_excreta', 'True_fertiliser', 'True_water', 'True_soilAmendment', 'True_operation', 'True_material', 'True_seed', 'True_product', 'True_cropResidue', 'True_liveAnimalInput', 'True_animalFeed', 'True_freshForage', 'True_ingredient', 'True_animalPopulation', 'True_electricityFuel', 'True_otherChemical', 'True_transport']",23,systemBoundary,original,no rag,2
"[0, 0, 1, 1, 1, 1, 0, 0, 1, 1, 1, 1, 0, 0, 1, 1, 1, 1, 0]","[0, 0, 0, 1, 1, 1, 0, 0, 1, 1, 1, 1, 0, 0, 1, 1, 1, 1, 0]","['True_waste', 'True_pesticideVeterinaryDrug', 'True_excreta', 'True_fertiliser', 'True_water', 'True_soilAmendment', 'True_operation', 'True_material', 'True_seed', 'True_product', 'True_cropResidue', 'True_liveAnimalInput', 'True_animalFeed', 'True_freshForage', 'True_ingredient', 'True_animalPopulation', 'True_electricityFuel', 'True_otherChemical', 'True_transport']",101,systemBoundary,original,no rag,1
"[0, 0, 1, 1, 1, 1, 0, 0, 1, 1, 1, 1, 1, 0, 1, 0, 1, 1, 0]","[0, 0, 1, 1, 1, 1, 0, 0, 0, 1, 1, 1, 1, 0, 1, 0, 1, 1, 0]","['True_waste', 'True_pesticideVeterinaryDrug', 'True_excreta', 'True_fertiliser', 'True_water', 'True_soilAmendment', 'True_operation', 'True_material', 'True_seed', 'True_product', 'True_cropResidue', 'True_liveAnimalInput', 'True_animalFeed', 'True_freshForage', 'True_ingredient', 'True_animalPopulation', 'True_electricityFuel', 'True_otherChemical', 'True_transport']",89,systemBoundary,original,no rag,7
"[0, 0, 1, 1, 1, 1, 0, 0, 1, 1, 1, 1, 1, 1, 1, 1, 1, 1, 0]","[0, 0, 0, 1, 1, 1, 0, 0, 1, 1, 1, 1, 1, 1, 1, 1, 1, 1, 0]","['True_waste', 'True_pesticideVeterinaryDrug', 'True_excreta', 'True_fertiliser', 'True_water', 'True_soilAmendment', 'True_operation', 'True_material', 'True_seed', 'True_product', 'True_cropResidue', 'True_liveAnimalInput', 'True_animalFeed', 'True_freshForage', 'True_ingredient', 'True_animalPopulation', 'True_electricityFuel', 'True_otherChemical', 'True_transport']",41,systemBoundary,original,no rag,1
"[0, 0, 1, 1, 1, 1, 0, 0, 1, 1, 1, 1, 1, 1, 1, 1, 1, 1, 0]","[0, 0, 1, 1, 1, 1, 0, 0, 1, 1, 1, 1, 1, 1, 1, 1, 0, 1, 0]","['True_waste', 'True_pesticideVeterinaryDrug', 'True_excreta', 'True_fertiliser', 'True_water', 'True_soilAmendment', 'True_operation', 'True_material', 'True_seed', 'True_product', 'True_cropResidue', 'True_liveAnimalInput', 'True_animalFeed', 'True_freshForage', 'True_ingredient', 'True_animalPopulation', 'True_electricityFuel', 'True_otherChemical', 'True_transport']",50,systemBoundary,original,no rag,1
"[0, 0, 1, 1, 1, 1, 0, 0, 1, 1, 1, 1, 1, 1, 1, 1, 1, 1, 0]","[0, 0, 1, 1, 1, 1, 0, 0, 1, 1, 1, 1, 1, 1, 1, 1, 0, 1, 0]","['True_waste', 'True_pesticideVeterinaryDrug', 'True_excreta', 'True_fertiliser', 'True_water', 'True_soilAmendment', 'True_operation', 'True_material', 'True_seed', 'True_product', 'True_cropResidue', 'True_liveAnimalInput', 'True_animalFeed', 'True_freshForage', 'True_ingredient', 'True_animalPopulation', 'True_electricityFuel', 'True_otherChemical', 'True_transport']",84,systemBoundary,original,no rag,1
"[0, 0, 1, 1, 1, 1, 0, 0, 1, 1, 1, 1, 1, 1, 1, 1, 1, 1, 0]","[0, 1, 0, 1, 1, 1, 0, 0, 1, 1, 1, 1, 1, 1, 1, 1, 0, 1, 1]","['True_waste', 'True_pesticideVeterinaryDrug', 'True_excreta', 'True_fertiliser', 'True_water', 'True_soilAmendment', 'True_operation', 'True_material', 'True_seed', 'True_product', 'True_cropResidue', 'True_liveAnimalInput', 'True_animalFeed', 'True_freshForage', 'True_ingredient', 'True_animalPopulation', 'True_electricityFuel', 'True_otherChemical', 'True_transport']",84,systemBoundary,original,no rag,1
"[0, 1, 0, 0, 0, 0, 0, 0, 0, 0, 0, 0, 0, 0, 0, 0, 0, 0, 0, 0, 0, 0, 0, 0, 0, 0, 0, 0, 0, 0, 0, 0, 0, 0, 0, 0, 1, 0, 0, 0, 0, 0, 0, 0, 0, 0, 0, 0, 0, 0, 0, 0, 0, 0, 0, 0, 0, 0, 0, 0, 0, 0, 0, 0, 0, 0, 0, 0, 0, 0, 0, 0, 0, 0, 0]","[0, 0, 0, 0, 0, 0, 0, 0, 0, 0, 0, 0, 0, 0, 0, 0, 0, 0, 0, 0, 0, 0, 0, 0, 0, 0, 0, 0, 0, 0, 0, 0, 0, 0, 0, 0, 0, 0, 0, 0, 0, 0, 0, 0, 0, 0, 0, 0, 0, 0, 0, 0, 0, 0, 0, 0, 0, 0, 0, 0, 0, 0, 0, 0, 0, 0, 0, 0, 0, 0, 0, 0, 0, 0, 0]","['Beef cattle, steer', 'Hides, dairy cattle, fresh', 'Beef cattle, heifer and steer', 'Broiler chicken', 'Dairy cattle, calf (male, unweaned)', 'Eggs', 'Soft', 'Sheep, ewe', 'Electricity', 'Cheese, sheep', 'Layer chicken, hen', 'Milk, cow, raw (FPCM)', 'Milk', 'Meat, chicken, leg', 'Whey, liquid', 'Electricity, produced on', 'Dairy cattle', 'Meat, chicken, breast', 'Meat, dairy cattle (liveweight)', 'Beef cattle, bull', 'Milk, cow, raw', 'Sheep, ram', 'Caciotta', 'Offal', 'Whey, powder', 'Buttermilk', 'Meat, chicken (cold carcass weight)', 'Pig, sow', 'Broiler chicken, chick', 'Sheep', 'Dairy cattle, calf', 'Beef cattle, calf (weaned)', 'Dairy cattle, calf (female, weaned)', 'Ricotta', 'Offal, pigs', 'Dairy cattle, heifer', 'Hides', 'Meat, beef cattle (cold carcass weight)', 'Beef cattle, calf (male, weaned)', 'Wastewater (kg mass)', 'Poultry by', 'Meat, pig (cold carcass weight)', 'Sheep, lamb', 'Eggs, hen, in shell (number)', 'Meat, dairy cattle (cold carcass weight)', 'Meat', 'Layer chicken', 'Butter', 'Meat, pig (cold dressed carcass weight)', 'Eggs, hen, in shell', 'Dairy cattle, cow', 'Fresh cheese', 'Cattle, urine (kg mass)', 'Cattle', 'Beef cattle, heifer', 'Pig', 'Beef cattle, cow', 'Cream', 'Ripened cheese', 'Dairy cattle, calf (weaned)', 'Yoghurt', 'Whey', 'Meat, beef cattle (liveweight)', 'Cheese, cow', 'Pig, piglet', 'Cheese', 'Meat, chicken (liveweight)', 'Beef cattle, calf (female, weaned)', 'Broiler chicken, hen', 'Cream, cow, raw', 'Sheep, lamb (weaned)', 'Beef cattle', 'Meat, chicken, wings', 'Meat, beef cattle (cold dressed carcass weight)', 'Layer chicken, pullet']",79,product,original,no rag,3
"[0, 1, 0, 0, 0, 0, 0, 0, 0, 0, 0, 0, 0, 0, 0, 0, 0, 0, 0, 0, 0, 0, 0, 0, 0, 0, 0, 0, 0, 0, 0, 0, 0, 0, 0, 0, 1, 0, 0, 0, 0, 0, 0, 0, 0, 0, 0, 0, 0, 0, 0, 0, 0, 0, 0, 0, 0, 0, 0, 0, 0, 0, 0, 0, 0, 0, 0, 0, 0, 0, 0, 0, 0, 0, 0]","[0, 0, 0, 0, 0, 0, 0, 0, 0, 0, 0, 0, 0, 0, 0, 0, 0, 0, 0, 0, 0, 0, 0, 0, 0, 0, 0, 0, 0, 0, 0, 0, 0, 0, 0, 0, 0, 0, 0, 0, 0, 0, 0, 0, 0, 1, 0, 0, 0, 0, 0, 0, 0, 0, 0, 0, 0, 0, 0, 0, 0, 0, 0, 0, 0, 0, 0, 0, 0, 0, 0, 0, 0, 0, 0]","['Beef cattle, steer', 'Hides, dairy cattle, fresh', 'Beef cattle, heifer and steer', 'Broiler chicken', 'Dairy cattle, calf (male, unweaned)', 'Eggs', 'Soft', 'Sheep, ewe', 'Electricity', 'Cheese, sheep', 'Layer chicken, hen', 'Milk, cow, raw (FPCM)', 'Milk', 'Meat, chicken, leg', 'Whey, liquid', 'Electricity, produced on', 'Dairy cattle', 'Meat, chicken, breast', 'Meat, dairy cattle (liveweight)', 'Beef cattle, bull', 'Milk, cow, raw', 'Sheep, ram', 'Caciotta', 'Offal', 'Whey, powder', 'Buttermilk', 'Meat, chicken (cold carcass weight)', 'Pig, sow', 'Broiler chicken, chick', 'Sheep', 'Dairy cattle, calf', 'Beef cattle, calf (weaned)', 'Dairy cattle, calf (female, weaned)', 'Ricotta', 'Offal, pigs', 'Dairy cattle, heifer', 'Hides', 'Meat, beef cattle (cold carcass weight)', 'Beef cattle, calf (male, weaned)', 'Wastewater (kg mass)', 'Poultry by', 'Meat, pig (cold carcass weight)', 'Sheep, lamb', 'Eggs, hen, in shell (number)', 'Meat, dairy cattle (cold carcass weight)', 'Meat', 'Layer chicken', 'Butter', 'Meat, pig (cold dressed carcass weight)', 'Eggs, hen, in shell', 'Dairy cattle, cow', 'Fresh cheese', 'Cattle, urine (kg mass)', 'Cattle', 'Beef cattle, heifer', 'Pig', 'Beef cattle, cow', 'Cream', 'Ripened cheese', 'Dairy cattle, calf (weaned)', 'Yoghurt', 'Whey', 'Meat, beef cattle (liveweight)', 'Cheese, cow', 'Pig, piglet', 'Cheese', 'Meat, chicken (liveweight)', 'Beef cattle, calf (female, weaned)', 'Broiler chicken, hen', 'Cream, cow, raw', 'Sheep, lamb (weaned)', 'Beef cattle', 'Meat, chicken, wings', 'Meat, beef cattle (cold dressed carcass weight)', 'Layer chicken, pullet']",79,product,original,no rag,1
"[0, 1, 0, 0, 0, 0, 0, 0, 0, 0, 0, 0, 0, 0, 0, 0, 0, 0, 0, 0, 0, 0, 0, 0, 0, 0, 0, 0, 0, 0, 0, 0, 0, 0, 0, 0, 1, 0, 0, 0, 0, 0, 0, 0, 0, 0, 0, 0, 0, 0, 0, 0, 0, 0, 0, 0, 0, 0, 0, 0, 0, 0, 0, 0, 0, 0, 0, 0, 0, 0, 0, 0, 0, 0, 0]","[0, 0, 0, 0, 0, 0, 0, 0, 0, 0, 0, 0, 0, 0, 0, 0, 1, 0, 0, 0, 0, 0, 0, 0, 0, 0, 0, 0, 0, 0, 0, 0, 0, 0, 0, 0, 0, 0, 0, 0, 0, 0, 0, 0, 0, 0, 0, 0, 0, 0, 0, 0, 0, 0, 0, 0, 0, 0, 0, 0, 0, 0, 0, 0, 0, 0, 0, 0, 0, 0, 0, 0, 0, 0, 0]","['Beef cattle, steer', 'Hides, dairy cattle, fresh', 'Beef cattle, heifer and steer', 'Broiler chicken', 'Dairy cattle, calf (male, unweaned)', 'Eggs', 'Soft', 'Sheep, ewe', 'Electricity', 'Cheese, sheep', 'Layer chicken, hen', 'Milk, cow, raw (FPCM)', 'Milk', 'Meat, chicken, leg', 'Whey, liquid', 'Electricity, produced on', 'Dairy cattle', 'Meat, chicken, breast', 'Meat, dairy cattle (liveweight)', 'Beef cattle, bull', 'Milk, cow, raw', 'Sheep, ram', 'Caciotta', 'Offal', 'Whey, powder', 'Buttermilk', 'Meat, chicken (cold carcass weight)', 'Pig, sow', 'Broiler chicken, chick', 'Sheep', 'Dairy cattle, calf', 'Beef cattle, calf (weaned)', 'Dairy cattle, calf (female, weaned)', 'Ricotta', 'Offal, pigs', 'Dairy cattle, heifer', 'Hides', 'Meat, beef cattle (cold carcass weight)', 'Beef cattle, calf (male, weaned)', 'Wastewater (kg mass)', 'Poultry by', 'Meat, pig (cold carcass weight)', 'Sheep, lamb', 'Eggs, hen, in shell (number)', 'Meat, dairy cattle (cold carcass weight)', 'Meat', 'Layer chicken', 'Butter', 'Meat, pig (cold dressed carcass weight)', 'Eggs, hen, in shell', 'Dairy cattle, cow', 'Fresh cheese', 'Cattle, urine (kg mass)', 'Cattle', 'Beef cattle, heifer', 'Pig', 'Beef cattle, cow', 'Cream', 'Ripened cheese', 'Dairy cattle, calf (weaned)', 'Yoghurt', 'Whey', 'Meat, beef cattle (liveweight)', 'Cheese, cow', 'Pig, piglet', 'Cheese', 'Meat, chicken (liveweight)', 'Beef cattle, calf (female, weaned)', 'Broiler chicken, hen', 'Cream, cow, raw', 'Sheep, lamb (weaned)', 'Beef cattle', 'Meat, chicken, wings', 'Meat, beef cattle (cold dressed carcass weight)', 'Layer chicken, pullet']",79,product,original,no rag,1
"[0, 1, 0, 0, 0, 0, 0, 0, 0, 0, 0, 0, 0, 0, 0, 0, 0, 0, 0, 0, 0, 0, 0, 0, 0, 0, 0, 0, 0, 0, 0, 0, 0, 0, 0, 0, 1, 0, 0, 0, 0, 0, 0, 0, 0, 0, 0, 0, 0, 0, 0, 0, 0, 0, 0, 0, 0, 0, 0, 0, 0, 0, 0, 0, 0, 0, 0, 0, 0, 0, 0, 0, 0, 0, 0]","[0, 0, 0, 0, 0, 0, 0, 0, 0, 0, 0, 0, 0, 0, 0, 0, 1, 0, 0, 0, 0, 0, 0, 0, 0, 0, 0, 0, 0, 0, 0, 0, 0, 0, 0, 0, 0, 0, 0, 0, 0, 0, 0, 0, 0, 0, 0, 0, 0, 0, 1, 0, 0, 0, 0, 0, 0, 0, 0, 0, 0, 0, 0, 0, 0, 0, 0, 0, 0, 0, 0, 0, 0, 0, 0]","['Beef cattle, steer', 'Hides, dairy cattle, fresh', 'Beef cattle, heifer and steer', 'Broiler chicken', 'Dairy cattle, calf (male, unweaned)', 'Eggs', 'Soft', 'Sheep, ewe', 'Electricity', 'Cheese, sheep', 'Layer chicken, hen', 'Milk, cow, raw (FPCM)', 'Milk', 'Meat, chicken, leg', 'Whey, liquid', 'Electricity, produced on', 'Dairy cattle', 'Meat, chicken, breast', 'Meat, dairy cattle (liveweight)', 'Beef cattle, bull', 'Milk, cow, raw', 'Sheep, ram', 'Caciotta', 'Offal', 'Whey, powder', 'Buttermilk', 'Meat, chicken (cold carcass weight)', 'Pig, sow', 'Broiler chicken, chick', 'Sheep', 'Dairy cattle, calf', 'Beef cattle, calf (weaned)', 'Dairy cattle, calf (female, weaned)', 'Ricotta', 'Offal, pigs', 'Dairy cattle, heifer', 'Hides', 'Meat, beef cattle (cold carcass weight)', 'Beef cattle, calf (male, weaned)', 'Wastewater (kg mass)', 'Poultry by', 'Meat, pig (cold carcass weight)', 'Sheep, lamb', 'Eggs, hen, in shell (number)', 'Meat, dairy cattle (cold carcass weight)', 'Meat', 'Layer chicken', 'Butter', 'Meat, pig (cold dressed carcass weight)', 'Eggs, hen, in shell', 'Dairy cattle, cow', 'Fresh cheese', 'Cattle, urine (kg mass)', 'Cattle', 'Beef cattle, heifer', 'Pig', 'Beef cattle, cow', 'Cream', 'Ripened cheese', 'Dairy cattle, calf (weaned)', 'Yoghurt', 'Whey', 'Meat, beef cattle (liveweight)', 'Cheese, cow', 'Pig, piglet', 'Cheese', 'Meat, chicken (liveweight)', 'Beef cattle, calf (female, weaned)', 'Broiler chicken, hen', 'Cream, cow, raw', 'Sheep, lamb (weaned)', 'Beef cattle', 'Meat, chicken, wings', 'Meat, beef cattle (cold dressed carcass weight)', 'Layer chicken, pullet']",79,product,original,no rag,1
"[0, 1, 0, 0, 0, 0, 0, 0, 0, 0, 0, 0, 0, 0, 0, 0, 0, 0, 0, 0, 0, 0, 0, 0, 0, 0, 0, 0, 0, 0, 0, 0, 0, 0, 0, 0, 1, 0, 0, 0, 0, 0, 0, 0, 0, 0, 0, 0, 0, 0, 0, 0, 0, 0, 0, 0, 0, 0, 0, 0, 0, 0, 0, 0, 0, 0, 0, 0, 0, 0, 0, 0, 0, 0, 0]","[0, 0, 0, 0, 0, 0, 0, 0, 0, 0, 0, 0, 0, 0, 0, 0, 1, 0, 0, 0, 0, 0, 0, 0, 0, 0, 0, 0, 0, 0, 0, 0, 0, 0, 0, 0, 0, 0, 0, 0, 0, 0, 0, 0, 0, 1, 0, 0, 0, 0, 0, 0, 0, 0, 0, 0, 0, 0, 0, 0, 0, 0, 0, 0, 0, 0, 0, 0, 0, 0, 0, 0, 0, 0, 0]","['Beef cattle, steer', 'Hides, dairy cattle, fresh', 'Beef cattle, heifer and steer', 'Broiler chicken', 'Dairy cattle, calf (male, unweaned)', 'Eggs', 'Soft', 'Sheep, ewe', 'Electricity', 'Cheese, sheep', 'Layer chicken, hen', 'Milk, cow, raw (FPCM)', 'Milk', 'Meat, chicken, leg', 'Whey, liquid', 'Electricity, produced on', 'Dairy cattle', 'Meat, chicken, breast', 'Meat, dairy cattle (liveweight)', 'Beef cattle, bull', 'Milk, cow, raw', 'Sheep, ram', 'Caciotta', 'Offal', 'Whey, powder', 'Buttermilk', 'Meat, chicken (cold carcass weight)', 'Pig, sow', 'Broiler chicken, chick', 'Sheep', 'Dairy cattle, calf', 'Beef cattle, calf (weaned)', 'Dairy cattle, calf (female, weaned)', 'Ricotta', 'Offal, pigs', 'Dairy cattle, heifer', 'Hides', 'Meat, beef cattle (cold carcass weight)', 'Beef cattle, calf (male, weaned)', 'Wastewater (kg mass)', 'Poultry by', 'Meat, pig (cold carcass weight)', 'Sheep, lamb', 'Eggs, hen, in shell (number)', 'Meat, dairy cattle (cold carcass weight)', 'Meat', 'Layer chicken', 'Butter', 'Meat, pig (cold dressed carcass weight)', 'Eggs, hen, in shell', 'Dairy cattle, cow', 'Fresh cheese', 'Cattle, urine (kg mass)', 'Cattle', 'Beef cattle, heifer', 'Pig', 'Beef cattle, cow', 'Cream', 'Ripened cheese', 'Dairy cattle, calf (weaned)', 'Yoghurt', 'Whey', 'Meat, beef cattle (liveweight)', 'Cheese, cow', 'Pig, piglet', 'Cheese', 'Meat, chicken (liveweight)', 'Beef cattle, calf (female, weaned)', 'Broiler chicken, hen', 'Cream, cow, raw', 'Sheep, lamb (weaned)', 'Beef cattle', 'Meat, chicken, wings', 'Meat, beef cattle (cold dressed carcass weight)', 'Layer chicken, pullet']",79,product,original,no rag,1
"[0, 1, 0, 0, 0, 0, 0, 0, 0, 0]","[0, 0, 0, 0, 0, 0, 1, 0, 0, 0]","['days', '1 ha', 'kg', 'kg cold dressed carcass weight/head', 'kg cold carcass weight/head', 'kg liveweight/head', 'relative', 'unitless', 'kg ready-to-cook weight/head', '%']",79,functionalUnit,original,no rag,6
"[0, 1, 0, 0, 0, 0, 0, 0, 0, 0]","[0, 0, 0, 0, 0, 0, 1, 0, 0, 1]","['days', '1 ha', 'kg', 'kg cold dressed carcass weight/head', 'kg cold carcass weight/head', 'kg liveweight/head', 'relative', 'unitless', 'kg ready-to-cook weight/head', '%']",54,functionalUnit,original,no rag,7
"[0, 1, 0, 0, 0, 0, 0, 0, 0, 0]","[0, 0, 0, 0, 0, 1, 1, 0, 0, 0]","['days', '1 ha', 'kg', 'kg cold dressed carcass weight/head', 'kg cold carcass weight/head', 'kg liveweight/head', 'relative', 'unitless', 'kg ready-to-cook weight/head', '%']",79,functionalUnit,original,no rag,1
"[0, 1, 0, 0, 0, 0, 0, 0, 0, 0]","[0, 0, 0, 0, 1, 0, 0, 0, 0, 0]","['kg cold carcass weight/head', '1 ha', 'kg cold dressed carcass weight/head', 'days', 'relative', 'kg', 'unitless', 'kg liveweight/head', '%', 'kg ready-to-cook weight/head']",79,functionalUnit,original,rag,5
"[0, 1, 0, 0, 0, 0, 0, 0, 0, 0]","[0, 0, 0, 0, 1, 0, 0, 0, 1, 0]","['kg cold carcass weight/head', '1 ha', 'kg cold dressed carcass weight/head', 'days', 'relative', 'kg', 'unitless', 'kg liveweight/head', '%', 'kg ready-to-cook weight/head']",54,functionalUnit,original,rag,7
"[0, 1, 0, 0, 0, 0, 0, 0, 0, 0]","[0, 0, 0, 0, 1, 0, 0, 1, 0, 0]","['kg cold carcass weight/head', '1 ha', 'kg cold dressed carcass weight/head', 'days', 'relative', 'kg', 'unitless', 'kg liveweight/head', '%', 'kg ready-to-cook weight/head']",79,functionalUnit,original,rag,1
"[0, 1, 0, 0, 0, 0, 0, 0, 0, 0]","[0, 0, 0, 0, 1, 1, 0, 0, 0, 0]","['kg cold carcass weight/head', '1 ha', 'kg cold dressed carcass weight/head', 'days', 'relative', 'kg', 'unitless', 'kg liveweight/head', '%', 'kg ready-to-cook weight/head']",68,functionalUnit,recalculated,rag,1
"[0, 1, 0, 0, 0, 0, 0, 0, 0, 0]","[0, 1, 0, 0, 1, 0, 0, 0, 0, 0]","['kg cold carcass weight/head', '1 ha', 'kg cold dressed carcass weight/head', 'days', 'relative', 'kg', 'unitless', 'kg liveweight/head', '%', 'kg ready-to-cook weight/head']",79,functionalUnit,original,rag,1
"[0, 1, 0, 0, 0, 0, 0, 1, 0, 0]","[0, 0, 0, 0, 1, 0, 0, 1, 0, 0]","['kg cold carcass weight/head', '1 ha', 'kg cold dressed carcass weight/head', 'days', 'relative', 'kg', 'unitless', 'kg liveweight/head', '%', 'kg ready-to-cook weight/head']",23,functionalUnit,original,rag,3
"[0, 1, 0, 0, 0, 0, 0, 1, 0, 0]","[0, 0, 0, 1, 1, 0, 0, 1, 0, 0]","['kg cold carcass weight/head', '1 ha', 'kg cold dressed carcass weight/head', 'days', 'relative', 'kg', 'unitless', 'kg liveweight/head', '%', 'kg ready-to-cook weight/head']",23,functionalUnit,original,rag,3
"[0, 1, 0, 0, 0, 0]","[0, 0, 0, 0, 0, 0]","['none required', 'mass', 'economic', 'energy', 'biophysical', 'none']",74,allocation,original,no rag,2
"[0, 1, 0, 0, 0, 0]","[0, 0, 1, 0, 0, 0]","['none required', 'mass', 'economic', 'energy', 'biophysical', 'none']",74,allocation,original,no rag,2
"[0, 1, 0, 0, 0, 1, 0, 0, 0, 0]","[0, 0, 0, 0, 0, 1, 1, 0, 0, 0]","['days', '1 ha', 'kg', 'kg cold dressed carcass weight/head', 'kg cold carcass weight/head', 'kg liveweight/head', 'relative', 'unitless', 'kg ready-to-cook weight/head', '%']",23,functionalUnit,original,no rag,5
"[0, 1, 0, 0, 0, 1, 0, 0, 0, 0]","[0, 1, 0, 0, 0, 1, 1, 0, 0, 0]","['days', '1 ha', 'kg', 'kg cold dressed carcass weight/head', 'kg cold carcass weight/head', 'kg liveweight/head', 'relative', 'unitless', 'kg ready-to-cook weight/head', '%']",23,functionalUnit,original,no rag,1
"[0, 1, 0, 1, 0, 0, 0, 1, 0, 0]","[0, 0, 0, 0, 1, 0, 0, 1, 0, 0]","['kg cold carcass weight/head', '1 ha', 'kg cold dressed carcass weight/head', 'days', 'relative', 'kg', 'unitless', 'kg liveweight/head', '%', 'kg ready-to-cook weight/head']",16,functionalUnit,original,rag,1
"[0, 1, 0, 1, 0, 0, 0, 1, 0, 0]","[0, 0, 0, 1, 0, 0, 0, 1, 0, 0]","['kg cold carcass weight/head', '1 ha', 'kg cold dressed carcass weight/head', 'days', 'relative', 'kg', 'unitless', 'kg liveweight/head', '%', 'kg ready-to-cook weight/head']",16,functionalUnit,recalculated,rag,1
"[0, 1, 0, 1, 0, 0, 0, 1, 0, 0]","[0, 0, 0, 1, 1, 0, 0, 1, 0, 0]","['kg cold carcass weight/head', '1 ha', 'kg cold dressed carcass weight/head', 'days', 'relative', 'kg', 'unitless', 'kg liveweight/head', '%', 'kg ready-to-cook weight/head']",16,functionalUnit,original,rag,1
"[0, 1, 0, 1, 0, 0, 0, 1, 0, 0]","[0, 1, 0, 0, 0, 0, 0, 0, 0, 0]","['kg cold carcass weight/head', '1 ha', 'kg cold dressed carcass weight/head', 'days', 'relative', 'kg', 'unitless', 'kg liveweight/head', '%', 'kg ready-to-cook weight/head']",38,functionalUnit,recalculated,rag,7
"[0, 1, 0, 1, 0, 0, 0, 1, 0, 0]","[0, 1, 0, 0, 0, 0, 0, 1, 0, 0]","['kg cold carcass weight/head', '1 ha', 'kg cold dressed carcass weight/head', 'days', 'relative', 'kg', 'unitless', 'kg liveweight/head', '%', 'kg ready-to-cook weight/head']",16,functionalUnit,original,rag,1
"[0, 1, 0, 1, 0, 0, 0, 1, 0, 0]","[0, 1, 0, 0, 0, 0, 0, 1, 0, 0]","['kg cold carcass weight/head', '1 ha', 'kg cold dressed carcass weight/head', 'days', 'relative', 'kg', 'unitless', 'kg liveweight/head', '%', 'kg ready-to-cook weight/head']",16,functionalUnit,recalculated,rag,1
"[0, 1, 1, 1, 0, 1, 0, 0, 1, 1, 1, 1, 1, 1, 1, 1, 1, 1, 0]","[0, 0, 0, 1, 1, 1, 0, 0, 1, 1, 1, 1, 1, 1, 1, 1, 1, 1, 0]","['True_waste', 'True_pesticideVeterinaryDrug', 'True_excreta', 'True_fertiliser', 'True_water', 'True_soilAmendment', 'True_operation', 'True_material', 'True_seed', 'True_product', 'True_cropResidue', 'True_liveAnimalInput', 'True_animalFeed', 'True_freshForage', 'True_ingredient', 'True_animalPopulation', 'True_electricityFuel', 'True_otherChemical', 'True_transport']",68,systemBoundary,original,no rag,2
"[0, 1, 1, 1, 0, 1, 0, 0, 1, 1, 1, 1, 1, 1, 1, 1, 1, 1, 0]","[0, 0, 1, 1, 1, 1, 0, 0, 1, 1, 1, 1, 1, 1, 1, 0, 1, 1, 0]","['True_waste', 'True_pesticideVeterinaryDrug', 'True_excreta', 'True_fertiliser', 'True_water', 'True_soilAmendment', 'True_operation', 'True_material', 'True_seed', 'True_product', 'True_cropResidue', 'True_liveAnimalInput', 'True_animalFeed', 'True_freshForage', 'True_ingredient', 'True_animalPopulation', 'True_electricityFuel', 'True_otherChemical', 'True_transport']",68,systemBoundary,original,no rag,1
"[0, 1, 1, 1, 0, 1, 0, 0, 1, 1, 1, 1, 1, 1, 1, 1, 1, 1, 0]","[0, 0, 1, 1, 1, 1, 0, 0, 1, 1, 1, 1, 1, 1, 1, 1, 1, 1, 0]","['True_waste', 'True_pesticideVeterinaryDrug', 'True_excreta', 'True_fertiliser', 'True_water', 'True_soilAmendment', 'True_operation', 'True_material', 'True_seed', 'True_product', 'True_cropResidue', 'True_liveAnimalInput', 'True_animalFeed', 'True_freshForage', 'True_ingredient', 'True_animalPopulation', 'True_electricityFuel', 'True_otherChemical', 'True_transport']",68,systemBoundary,original,no rag,4
"[0, 1, 1, 1, 0, 1, 1, 0, 1, 0, 1, 0, 1, 0, 1, 1, 0, 0, 1]","[1, 1, 1, 1, 0, 0, 1, 0, 0, 0, 1, 0, 1, 0, 1, 0, 0, 0, 1]","['True_liveAnimalInput', 'True_cropResidue', 'True_seed', 'True_product', 'True_pesticideVeterinaryDrug', 'True_excreta', 'True_freshForage', 'True_transport', 'True_animalFeed', 'True_waste', 'True_ingredient', 'True_operation', 'True_soilAmendment', 'True_material', 'True_animalPopulation', 'True_otherChemical', 'True_electricityFuel', 'True_water', 'True_fertiliser']",95,systemBoundary,original,rag,1
"[0, 1, 1, 1, 0, 1, 1, 0, 1, 0, 1, 0, 1, 0, 1, 1, 0, 0, 1]","[1, 1, 1, 1, 0, 0, 1, 0, 1, 0, 1, 0, 1, 0, 1, 0, 0, 0, 1]","['True_liveAnimalInput', 'True_cropResidue', 'True_seed', 'True_product', 'True_pesticideVeterinaryDrug', 'True_excreta', 'True_freshForage', 'True_transport', 'True_animalFeed', 'True_waste', 'True_ingredient', 'True_operation', 'True_soilAmendment', 'True_material', 'True_animalPopulation', 'True_otherChemical', 'True_electricityFuel', 'True_water', 'True_fertiliser']",95,systemBoundary,original,rag,3
"[0, 1, 1, 1, 0, 1, 1, 0, 1, 0, 1, 0, 1, 0, 1, 1, 0, 0, 1]","[1, 1, 1, 1, 0, 0, 1, 0, 1, 0, 1, 0, 1, 0, 1, 1, 0, 0, 1]","['True_liveAnimalInput', 'True_cropResidue', 'True_seed', 'True_product', 'True_pesticideVeterinaryDrug', 'True_excreta', 'True_freshForage', 'True_transport', 'True_animalFeed', 'True_waste', 'True_ingredient', 'True_operation', 'True_soilAmendment', 'True_material', 'True_animalPopulation', 'True_otherChemical', 'True_electricityFuel', 'True_water', 'True_fertiliser']",95,systemBoundary,original,rag,3
"[0, 1, 1, 1, 0, 1, 1, 0, 1, 1, 1, 0, 1, 0, 1, 1, 1, 1, 1]","[1, 1, 1, 1, 0, 1, 1, 0, 1, 1, 1, 0, 1, 0, 1, 1, 1, 1, 1]","['True_liveAnimalInput', 'True_cropResidue', 'True_seed', 'True_product', 'True_pesticideVeterinaryDrug', 'True_excreta', 'True_freshForage', 'True_transport', 'True_animalFeed', 'True_waste', 'True_ingredient', 'True_operation', 'True_soilAmendment', 'True_material', 'True_animalPopulation', 'True_otherChemical', 'True_electricityFuel', 'True_water', 'True_fertiliser']",30,systemBoundary,original,rag,7
"[0, 1, 1, 1, 0, 1, 1, 0, 1, 1, 1, 0, 1, 0, 1, 1, 1, 1, 1]","[1, 1, 1, 1, 0, 1, 1, 0, 1, 1, 1, 0, 1, 0, 1, 1, 1, 1, 1]","['True_liveAnimalInput', 'True_cropResidue', 'True_seed', 'True_product', 'True_pesticideVeterinaryDrug', 'True_excreta', 'True_freshForage', 'True_transport', 'True_animalFeed', 'True_waste', 'True_ingredient', 'True_operation', 'True_soilAmendment', 'True_material', 'True_animalPopulation', 'True_otherChemical', 'True_electricityFuel', 'True_water', 'True_fertiliser']",103,systemBoundary,original,rag,1
"[0, 1, 1, 1, 1, 1, 0, 0, 1, 1, 1, 1, 1, 1, 1, 1, 1, 1, 0]","[0, 1, 1, 1, 1, 1, 0, 0, 1, 1, 1, 1, 1, 1, 1, 1, 0, 1, 0]","['True_waste', 'True_pesticideVeterinaryDrug', 'True_excreta', 'True_fertiliser', 'True_water', 'True_soilAmendment', 'True_operation', 'True_material', 'True_seed', 'True_product', 'True_cropResidue', 'True_liveAnimalInput', 'True_animalFeed', 'True_freshForage', 'True_ingredient', 'True_animalPopulation', 'True_electricityFuel', 'True_otherChemical', 'True_transport']",100,systemBoundary,original,no rag,1
"[0, 1, 1, 1, 1, 1, 0, 0, 1, 1, 1, 1, 1, 1, 1, 1, 1, 1, 1]","[0, 1, 1, 1, 0, 1, 0, 0, 1, 1, 1, 1, 1, 1, 0, 1, 1, 1, 1]","['True_waste', 'True_pesticideVeterinaryDrug', 'True_excreta', 'True_fertiliser', 'True_water', 'True_soilAmendment', 'True_operation', 'True_material', 'True_seed', 'True_product', 'True_cropResidue', 'True_liveAnimalInput', 'True_animalFeed', 'True_freshForage', 'True_ingredient', 'True_animalPopulation', 'True_electricityFuel', 'True_otherChemical', 'True_transport']",67,systemBoundary,original,no rag,1
"[0, 1, 1, 1, 1, 1, 0, 0, 1, 1, 1, 1, 1, 1, 1, 1, 1, 1, 1]","[0, 1, 1, 1, 1, 1, 0, 0, 1, 1, 1, 1, 1, 1, 0, 1, 1, 1, 1]","['True_waste', 'True_pesticideVeterinaryDrug', 'True_excreta', 'True_fertiliser', 'True_water', 'True_soilAmendment', 'True_operation', 'True_material', 'True_seed', 'True_product', 'True_cropResidue', 'True_liveAnimalInput', 'True_animalFeed', 'True_freshForage', 'True_ingredient', 'True_animalPopulation', 'True_electricityFuel', 'True_otherChemical', 'True_transport']",67,systemBoundary,original,no rag,2
"[0, 1, 1, 1, 1, 1, 0, 0, 1, 1, 1, 1, 1, 1, 1, 1, 1, 1, 1]","[1, 1, 1, 1, 1, 1, 0, 0, 1, 1, 1, 1, 1, 1, 0, 1, 1, 1, 0]","['True_waste', 'True_pesticideVeterinaryDrug', 'True_excreta', 'True_fertiliser', 'True_water', 'True_soilAmendment', 'True_operation', 'True_material', 'True_seed', 'True_product', 'True_cropResidue', 'True_liveAnimalInput', 'True_animalFeed', 'True_freshForage', 'True_ingredient', 'True_animalPopulation', 'True_electricityFuel', 'True_otherChemical', 'True_transport']",67,systemBoundary,original,no rag,1
"[0, 1, 1, 1, 1, 1, 1, 0, 0, 0, 1, 1, 1, 1, 0, 0, 1, 1, 1]","[0, 0, 1, 1, 1, 1, 1, 1, 0, 0, 1, 1, 1, 1, 0, 0, 1, 1, 1]","['True_product', 'True_ingredient', 'True_animalPopulation', 'True_fertiliser', 'True_freshForage', 'True_excreta', 'True_water', 'True_seed', 'True_waste', 'True_transport', 'True_soilAmendment', 'True_otherChemical', 'True_cropResidue', 'True_liveAnimalInput', 'True_operation', 'True_material', 'True_electricityFuel', 'True_animalFeed', 'True_pesticideVeterinaryDrug']",15,systemBoundary,recalculated,no rag,1
"[0, 1, 1, 1, 1, 1, 1, 0, 0, 0, 1, 1, 1, 1, 0, 0, 1, 1, 1]","[0, 0, 1, 1, 1, 1, 1, 1, 0, 0, 1, 1, 1, 1, 0, 0, 1, 1, 1]","['True_product', 'True_ingredient', 'True_animalPopulation', 'True_fertiliser', 'True_freshForage', 'True_excreta', 'True_water', 'True_seed', 'True_waste', 'True_transport', 'True_soilAmendment', 'True_otherChemical', 'True_cropResidue', 'True_liveAnimalInput', 'True_operation', 'True_material', 'True_electricityFuel', 'True_animalFeed', 'True_pesticideVeterinaryDrug']",20,systemBoundary,recalculated,no rag,1
"[0, 1, 1, 1, 1, 1, 1, 0, 0, 0, 1, 1, 1, 1, 0, 0, 1, 1, 1]","[0, 1, 1, 0, 1, 1, 0, 0, 0, 0, 0, 0, 1, 1, 0, 0, 1, 1, 1]","['True_product', 'True_ingredient', 'True_animalPopulation', 'True_fertiliser', 'True_freshForage', 'True_excreta', 'True_water', 'True_seed', 'True_waste', 'True_transport', 'True_soilAmendment', 'True_otherChemical', 'True_cropResidue', 'True_liveAnimalInput', 'True_operation', 'True_material', 'True_electricityFuel', 'True_animalFeed', 'True_pesticideVeterinaryDrug']",15,systemBoundary,recalculated,no rag,1
"[0, 1, 1, 1, 1, 1, 1, 0, 0, 0, 1, 1, 1, 1, 0, 0, 1, 1, 1]","[0, 1, 1, 0, 1, 1, 0, 0, 0, 0, 0, 0, 1, 1, 0, 0, 1, 1, 1]","['True_product', 'True_ingredient', 'True_animalPopulation', 'True_fertiliser', 'True_freshForage', 'True_excreta', 'True_water', 'True_seed', 'True_waste', 'True_transport', 'True_soilAmendment', 'True_otherChemical', 'True_cropResidue', 'True_liveAnimalInput', 'True_operation', 'True_material', 'True_electricityFuel', 'True_animalFeed', 'True_pesticideVeterinaryDrug']",20,systemBoundary,recalculated,no rag,1
"[0, 1, 1, 1, 1, 1, 1, 1, 0, 0, 1, 1, 1, 1, 0, 0, 1, 1, 1]","[0, 1, 1, 1, 1, 1, 1, 0, 0, 0, 1, 1, 1, 1, 0, 0, 1, 1, 1]","['True_product', 'True_ingredient', 'True_animalPopulation', 'True_fertiliser', 'True_freshForage', 'True_excreta', 'True_water', 'True_seed', 'True_waste', 'True_transport', 'True_soilAmendment', 'True_otherChemical', 'True_cropResidue', 'True_liveAnimalInput', 'True_operation', 'True_material', 'True_electricityFuel', 'True_animalFeed', 'True_pesticideVeterinaryDrug']",17,systemBoundary,recalculated,no rag,1
"[0, 1, 1, 1, 1, 1, 1, 1, 1, 1, 1, 1, 1, 1, 1, 0, 1, 1, 0]","[0, 1, 1, 1, 1, 1, 0, 0, 0, 1, 1, 1, 1, 1, 1, 1, 1, 1, 0]","['True_waste', 'True_pesticideVeterinaryDrug', 'True_excreta', 'True_fertiliser', 'True_water', 'True_soilAmendment', 'True_operation', 'True_material', 'True_seed', 'True_product', 'True_cropResidue', 'True_liveAnimalInput', 'True_animalFeed', 'True_freshForage', 'True_ingredient', 'True_animalPopulation', 'True_electricityFuel', 'True_otherChemical', 'True_transport']",53,systemBoundary,original,no rag,1
"[0, 1, 1, 1, 1, 1, 1, 1, 1, 1, 1, 1, 1, 1, 1, 0, 1, 1, 0]","[0, 1, 1, 1, 1, 1, 0, 0, 1, 0, 1, 1, 1, 0, 1, 1, 1, 1, 1]","['True_waste', 'True_pesticideVeterinaryDrug', 'True_excreta', 'True_fertiliser', 'True_water', 'True_soilAmendment', 'True_operation', 'True_material', 'True_seed', 'True_product', 'True_cropResidue', 'True_liveAnimalInput', 'True_animalFeed', 'True_freshForage', 'True_ingredient', 'True_animalPopulation', 'True_electricityFuel', 'True_otherChemical', 'True_transport']",53,systemBoundary,original,no rag,1
"[0, 1, 1, 1, 1, 1, 1, 1, 1, 1, 1, 1, 1, 1, 1, 0, 1, 1, 0]","[0, 1, 1, 1, 1, 1, 0, 0, 1, 1, 1, 1, 1, 1, 1, 1, 1, 1, 0]","['True_waste', 'True_pesticideVeterinaryDrug', 'True_excreta', 'True_fertiliser', 'True_water', 'True_soilAmendment', 'True_operation', 'True_material', 'True_seed', 'True_product', 'True_cropResidue', 'True_liveAnimalInput', 'True_animalFeed', 'True_freshForage', 'True_ingredient', 'True_animalPopulation', 'True_electricityFuel', 'True_otherChemical', 'True_transport']",53,systemBoundary,original,no rag,1
"[0, 1, 1, 1, 1, 1, 1, 1, 1, 1, 1, 1, 1, 1, 1, 0, 1, 1, 0]","[0, 1, 1, 1, 1, 1, 1, 1, 1, 1, 1, 1, 1, 1, 1, 1, 1, 1, 0]","['True_waste', 'True_pesticideVeterinaryDrug', 'True_excreta', 'True_fertiliser', 'True_water', 'True_soilAmendment', 'True_operation', 'True_material', 'True_seed', 'True_product', 'True_cropResidue', 'True_liveAnimalInput', 'True_animalFeed', 'True_freshForage', 'True_ingredient', 'True_animalPopulation', 'True_electricityFuel', 'True_otherChemical', 'True_transport']",53,systemBoundary,original,no rag,1
"[1, 0, 0, 0, 0, 0, 1, 0, 0, 0]","[0, 0, 0, 0, 0, 0, 1, 0, 0, 0]","['days', '1 ha', 'kg', 'kg cold dressed carcass weight/head', 'kg cold carcass weight/head', 'kg liveweight/head', 'relative', 'unitless', 'kg ready-to-cook weight/head', '%']",34,functionalUnit,original,no rag,1
"[1, 0, 0, 0, 0, 0, 1, 0, 0, 0]","[1, 0, 0, 0, 0, 1, 1, 0, 0, 0]","['days', '1 ha', 'kg', 'kg cold dressed carcass weight/head', 'kg cold carcass weight/head', 'kg liveweight/head', 'relative', 'unitless', 'kg ready-to-cook weight/head', '%']",34,functionalUnit,original,no rag,1
"[1, 0, 0, 0, 0, 0, 1, 0, 0, 0]","[1, 0, 0, 0, 0, 1, 1, 0, 0, 0]","['days', '1 ha', 'kg', 'kg cold dressed carcass weight/head', 'kg cold carcass weight/head', 'kg liveweight/head', 'relative', 'unitless', 'kg ready-to-cook weight/head', '%']",103,functionalUnit,original,no rag,1
"[1, 0, 0, 0, 0, 0]","[0, 0, 0, 0, 0, 0]","['none', 'energy', 'mass', 'none required', 'economic', 'biophysical']",68,allocation,original,rag,2
"[1, 0, 0, 0, 0, 0]","[0, 0, 0, 0, 0, 1]","['none required', 'mass', 'economic', 'energy', 'biophysical', 'none']",1,allocation,original,no rag,1
"[1, 0, 0, 0, 0, 0]","[0, 0, 0, 0, 0, 1]","['none required', 'mass', 'economic', 'energy', 'biophysical', 'none']",22,allocation,original,no rag,2
"[1, 0, 0, 0, 0, 0]","[0, 0, 0, 0, 0, 1]","['none required', 'mass', 'economic', 'energy', 'biophysical', 'none']",48,allocation,original,no rag,2
"[1, 0, 0, 0, 0, 0]","[0, 0, 0, 0, 1, 0]","['none', 'energy', 'mass', 'none required', 'economic', 'biophysical']",11,allocation,original,rag,1
"[1, 0, 0, 0, 0, 0]","[0, 0, 0, 0, 1, 0]","['none', 'energy', 'mass', 'none required', 'economic', 'biophysical']",16,allocation,original,rag,1
"[1, 0, 0, 0, 0, 0]","[0, 0, 0, 0, 1, 0]","['none', 'energy', 'mass', 'none required', 'economic', 'biophysical']",19,allocation,original,rag,2
"[1, 0, 0, 0, 0, 0]","[0, 0, 0, 0, 1, 0]","['none', 'energy', 'mass', 'none required', 'economic', 'biophysical']",23,allocation,original,rag,1
"[1, 0, 0, 0, 0, 0]","[0, 0, 0, 0, 1, 0]","['none', 'energy', 'mass', 'none required', 'economic', 'biophysical']",41,allocation,original,rag,2
"[1, 0, 0, 0, 0, 0]","[0, 0, 0, 0, 1, 0]","['none', 'energy', 'mass', 'none required', 'economic', 'biophysical']",47,allocation,original,rag,2
"[1, 0, 0, 0, 0, 0]","[0, 0, 0, 0, 1, 0]","['none', 'energy', 'mass', 'none required', 'economic', 'biophysical']",57,allocation,original,rag,1
"[1, 0, 0, 0, 0, 0]","[0, 0, 0, 0, 1, 0]","['none', 'energy', 'mass', 'none required', 'economic', 'biophysical']",68,allocation,original,rag,4
"[1, 0, 0, 0, 0, 0]","[0, 0, 0, 0, 1, 0]","['none', 'energy', 'mass', 'none required', 'economic', 'biophysical']",84,allocation,original,rag,1
"[1, 0, 0, 0, 0, 0]","[0, 0, 0, 0, 1, 0]","['none', 'energy', 'mass', 'none required', 'economic', 'biophysical']",96,allocation,original,rag,1
"[1, 0, 0, 0, 0, 0]","[0, 0, 0, 0, 1, 0]","['none', 'energy', 'mass', 'none required', 'economic', 'biophysical']",99,allocation,original,rag,1
"[1, 0, 0, 0, 0, 0]","[0, 0, 0, 1, 0, 0]","['none', 'energy', 'mass', 'none required', 'economic', 'biophysical']",41,allocation,original,rag,1
"[1, 0, 0, 0, 0, 0]","[0, 0, 0, 1, 0, 0]","['none', 'energy', 'mass', 'none required', 'economic', 'biophysical']",68,allocation,original,rag,1
"[1, 0, 0, 0, 0, 0]","[0, 0, 0, 1, 0, 0]","['none', 'energy', 'mass', 'none required', 'economic', 'biophysical']",84,allocation,original,rag,1
"[1, 0, 0, 0, 0, 0]","[0, 0, 1, 0, 0, 0]","['none required', 'mass', 'economic', 'energy', 'biophysical', 'none']",60,allocation,original,no rag,5
"[1, 0, 0, 0, 0, 0]","[0, 0, 1, 0, 0, 0]","['none required', 'mass', 'economic', 'energy', 'biophysical', 'none']",95,allocation,original,no rag,7
"[1, 0, 0, 0, 0, 0]","[0, 0, 1, 0, 0, 0]","['none required', 'mass', 'economic', 'energy', 'biophysical', 'none']",100,allocation,original,no rag,4
"[1, 0, 0, 0, 0, 0]","[1, 0, 0, 1, 0, 0]","['none', 'energy', 'mass', 'none required', 'economic', 'biophysical']",41,allocation,original,rag,1
"[1, 0, 0, 0, 0, 1, 1, 0, 0, 0]","[0, 0, 0, 0, 0, 0, 1, 0, 0, 0]","['days', '1 ha', 'kg', 'kg cold dressed carcass weight/head', 'kg cold carcass weight/head', 'kg liveweight/head', 'relative', 'unitless', 'kg ready-to-cook weight/head', '%']",85,functionalUnit,original,no rag,1
"[1, 0, 0, 0, 0, 1, 1, 0, 0, 0]","[0, 0, 0, 0, 0, 1, 1, 0, 0, 0]","['days', '1 ha', 'kg', 'kg cold dressed carcass weight/head', 'kg cold carcass weight/head', 'kg liveweight/head', 'relative', 'unitless', 'kg ready-to-cook weight/head', '%']",60,functionalUnit,original,no rag,6
"[1, 0, 0, 0, 0, 1, 1, 0, 0, 0]","[0, 0, 0, 0, 0, 1, 1, 0, 0, 0]","['days', '1 ha', 'kg', 'kg cold dressed carcass weight/head', 'kg cold carcass weight/head', 'kg liveweight/head', 'relative', 'unitless', 'kg ready-to-cook weight/head', '%']",82,functionalUnit,recalculated,no rag,2
"[1, 0, 0, 0, 0, 1, 1, 0, 0, 0]","[0, 0, 0, 0, 0, 1, 1, 0, 0, 0]","['days', '1 ha', 'kg', 'kg cold dressed carcass weight/head', 'kg cold carcass weight/head', 'kg liveweight/head', 'relative', 'unitless', 'kg ready-to-cook weight/head', '%']",85,functionalUnit,original,no rag,6
"[1, 0, 0, 0, 0, 1, 1, 0, 0, 1]","[0, 0, 0, 0, 0, 1, 1, 0, 0, 0]","['days', '1 ha', 'kg', 'kg cold dressed carcass weight/head', 'kg cold carcass weight/head', 'kg liveweight/head', 'relative', 'unitless', 'kg ready-to-cook weight/head', '%']",11,functionalUnit,original,no rag,2
"[1, 0, 0, 0, 0, 1, 1, 0, 0, 1]","[0, 0, 0, 0, 0, 1, 1, 0, 0, 0]","['days', '1 ha', 'kg', 'kg cold dressed carcass weight/head', 'kg cold carcass weight/head', 'kg liveweight/head', 'relative', 'unitless', 'kg ready-to-cook weight/head', '%']",57,functionalUnit,original,no rag,2
"[1, 0, 0, 0, 0, 1, 1, 0, 0, 1]","[0, 0, 0, 0, 0, 1, 1, 0, 0, 0]","['days', '1 ha', 'kg', 'kg cold dressed carcass weight/head', 'kg cold carcass weight/head', 'kg liveweight/head', 'relative', 'unitless', 'kg ready-to-cook weight/head', '%']",99,functionalUnit,original,no rag,2
"[1, 0, 0, 0, 0, 1, 1, 0, 0, 1]","[0, 0, 0, 0, 0, 1, 1, 0, 0, 1]","['days', '1 ha', 'kg', 'kg cold dressed carcass weight/head', 'kg cold carcass weight/head', 'kg liveweight/head', 'relative', 'unitless', 'kg ready-to-cook weight/head', '%']",22,functionalUnit,recalculated,no rag,1
"[1, 0, 0, 0, 0, 1, 1, 0, 0, 1]","[1, 0, 0, 0, 0, 1, 1, 0, 0, 0]","['days', '1 ha', 'kg', 'kg cold dressed carcass weight/head', 'kg cold carcass weight/head', 'kg liveweight/head', 'relative', 'unitless', 'kg ready-to-cook weight/head', '%']",11,functionalUnit,original,no rag,2
"[1, 0, 0, 0, 0, 1, 1, 0, 0, 1]","[1, 0, 0, 0, 0, 1, 1, 0, 0, 0]","['days', '1 ha', 'kg', 'kg cold dressed carcass weight/head', 'kg cold carcass weight/head', 'kg liveweight/head', 'relative', 'unitless', 'kg ready-to-cook weight/head', '%']",57,functionalUnit,original,no rag,2
"[1, 0, 0, 0, 0, 1, 1, 0, 0, 1]","[1, 0, 0, 0, 0, 1, 1, 0, 0, 0]","['days', '1 ha', 'kg', 'kg cold dressed carcass weight/head', 'kg cold carcass weight/head', 'kg liveweight/head', 'relative', 'unitless', 'kg ready-to-cook weight/head', '%']",99,functionalUnit,original,no rag,2
"[1, 0, 0, 0, 1, 0, 0, 1, 0, 0]","[0, 0, 0, 0, 1, 0, 0, 0, 0, 0]","['kg cold carcass weight/head', '1 ha', 'kg cold dressed carcass weight/head', 'days', 'relative', 'kg', 'unitless', 'kg liveweight/head', '%', 'kg ready-to-cook weight/head']",66,functionalUnit,original,rag,1
"[1, 0, 0, 0, 1, 0, 0, 1, 0, 0]","[0, 0, 0, 0, 1, 0, 0, 1, 0, 0]","['kg cold carcass weight/head', '1 ha', 'kg cold dressed carcass weight/head', 'days', 'relative', 'kg', 'unitless', 'kg liveweight/head', '%', 'kg ready-to-cook weight/head']",2,functionalUnit,original,rag,1
"[1, 0, 0, 0, 1, 0, 0, 1, 0, 0]","[0, 0, 0, 0, 1, 0, 0, 1, 0, 0]","['kg cold carcass weight/head', '1 ha', 'kg cold dressed carcass weight/head', 'days', 'relative', 'kg', 'unitless', 'kg liveweight/head', '%', 'kg ready-to-cook weight/head']",12,functionalUnit,original,rag,1
"[1, 0, 0, 0, 1, 0, 0, 1, 0, 0]","[0, 0, 0, 0, 1, 0, 0, 1, 0, 0]","['kg cold carcass weight/head', '1 ha', 'kg cold dressed carcass weight/head', 'days', 'relative', 'kg', 'unitless', 'kg liveweight/head', '%', 'kg ready-to-cook weight/head']",17,functionalUnit,original,rag,7
"[1, 0, 0, 0, 1, 0, 0, 1, 0, 0]","[0, 0, 0, 0, 1, 0, 0, 1, 0, 0]","['kg cold carcass weight/head', '1 ha', 'kg cold dressed carcass weight/head', 'days', 'relative', 'kg', 'unitless', 'kg liveweight/head', '%', 'kg ready-to-cook weight/head']",19,functionalUnit,original,rag,1
"[1, 0, 0, 0, 1, 0, 0, 1, 0, 0]","[0, 0, 0, 0, 1, 0, 0, 1, 0, 0]","['kg cold carcass weight/head', '1 ha', 'kg cold dressed carcass weight/head', 'days', 'relative', 'kg', 'unitless', 'kg liveweight/head', '%', 'kg ready-to-cook weight/head']",33,functionalUnit,original,rag,7
"[1, 0, 0, 0, 1, 0, 0, 1, 0, 0]","[0, 0, 0, 0, 1, 0, 0, 1, 0, 0]","['kg cold carcass weight/head', '1 ha', 'kg cold dressed carcass weight/head', 'days', 'relative', 'kg', 'unitless', 'kg liveweight/head', '%', 'kg ready-to-cook weight/head']",35,functionalUnit,recalculated,rag,7
"[1, 0, 0, 0, 1, 0, 0, 1, 0, 0]","[0, 0, 0, 0, 1, 0, 0, 1, 0, 0]","['kg cold carcass weight/head', '1 ha', 'kg cold dressed carcass weight/head', 'days', 'relative', 'kg', 'unitless', 'kg liveweight/head', '%', 'kg ready-to-cook weight/head']",66,functionalUnit,original,rag,6
"[1, 0, 0, 0, 1, 0, 0, 1, 0, 0]","[0, 0, 0, 0, 1, 0, 0, 1, 0, 0]","['kg cold carcass weight/head', '1 ha', 'kg cold dressed carcass weight/head', 'days', 'relative', 'kg', 'unitless', 'kg liveweight/head', '%', 'kg ready-to-cook weight/head']",94,functionalUnit,recalculated,rag,7
"[1, 0, 0, 1, 0, 0, 0, 1, 0, 0, 1, 1, 0, 0, 1, 1, 0, 0, 0]","[1, 1, 0, 1, 0, 0, 0, 1, 0, 0, 1, 1, 0, 0, 1, 1, 0, 0, 0]","['True_liveAnimalInput', 'True_cropResidue', 'True_seed', 'True_product', 'True_pesticideVeterinaryDrug', 'True_excreta', 'True_freshForage', 'True_transport', 'True_animalFeed', 'True_waste', 'True_ingredient', 'True_operation', 'True_soilAmendment', 'True_material', 'True_animalPopulation', 'True_otherChemical', 'True_electricityFuel', 'True_water', 'True_fertiliser']",22,systemBoundary,original,rag,3
"[1, 0, 0, 1, 0, 1, 0, 0, 1, 1, 1, 1, 1, 1, 1, 1, 1, 0, 0]","[0, 0, 0, 1, 0, 1, 0, 0, 1, 1, 1, 1, 1, 1, 1, 1, 0, 0, 0]","['True_waste', 'True_pesticideVeterinaryDrug', 'True_excreta', 'True_fertiliser', 'True_water', 'True_soilAmendment', 'True_operation', 'True_material', 'True_seed', 'True_product', 'True_cropResidue', 'True_liveAnimalInput', 'True_animalFeed', 'True_freshForage', 'True_ingredient', 'True_animalPopulation', 'True_electricityFuel', 'True_otherChemical', 'True_transport']",0,systemBoundary,original,no rag,1
"[1, 0, 0, 1, 0, 1, 0, 0, 1, 1, 1, 1, 1, 1, 1, 1, 1, 0, 0]","[0, 0, 0, 1, 0, 1, 0, 0, 1, 1, 1, 1, 1, 1, 1, 1, 0, 1, 0]","['True_waste', 'True_pesticideVeterinaryDrug', 'True_excreta', 'True_fertiliser', 'True_water', 'True_soilAmendment', 'True_operation', 'True_material', 'True_seed', 'True_product', 'True_cropResidue', 'True_liveAnimalInput', 'True_animalFeed', 'True_freshForage', 'True_ingredient', 'True_animalPopulation', 'True_electricityFuel', 'True_otherChemical', 'True_transport']",0,systemBoundary,original,no rag,1
"[1, 0, 0, 1, 0, 1, 0, 0, 1, 1, 1, 1, 1, 1, 1, 1, 1, 0, 0]","[0, 0, 0, 1, 0, 1, 0, 0, 1, 1, 1, 1, 1, 1, 1, 1, 0, 1, 0]","['True_waste', 'True_pesticideVeterinaryDrug', 'True_excreta', 'True_fertiliser', 'True_water', 'True_soilAmendment', 'True_operation', 'True_material', 'True_seed', 'True_product', 'True_cropResidue', 'True_liveAnimalInput', 'True_animalFeed', 'True_freshForage', 'True_ingredient', 'True_animalPopulation', 'True_electricityFuel', 'True_otherChemical', 'True_transport']",60,systemBoundary,original,no rag,7
"[1, 0, 0, 1, 0, 1, 0, 0, 1, 1, 1, 1, 1, 1, 1, 1, 1, 0, 0]","[0, 0, 0, 1, 0, 1, 0, 0, 1, 1, 1, 1, 1, 1, 1, 1, 1, 0, 0]","['True_waste', 'True_pesticideVeterinaryDrug', 'True_excreta', 'True_fertiliser', 'True_water', 'True_soilAmendment', 'True_operation', 'True_material', 'True_seed', 'True_product', 'True_cropResidue', 'True_liveAnimalInput', 'True_animalFeed', 'True_freshForage', 'True_ingredient', 'True_animalPopulation', 'True_electricityFuel', 'True_otherChemical', 'True_transport']",0,systemBoundary,original,no rag,1
"[1, 0, 0, 1, 0, 1, 0, 0, 1, 1, 1, 1, 1, 1, 1, 1, 1, 0, 0]","[0, 0, 0, 1, 0, 1, 0, 0, 1, 1, 1, 1, 1, 1, 1, 1, 1, 1, 0]","['True_waste', 'True_pesticideVeterinaryDrug', 'True_excreta', 'True_fertiliser', 'True_water', 'True_soilAmendment', 'True_operation', 'True_material', 'True_seed', 'True_product', 'True_cropResidue', 'True_liveAnimalInput', 'True_animalFeed', 'True_freshForage', 'True_ingredient', 'True_animalPopulation', 'True_electricityFuel', 'True_otherChemical', 'True_transport']",0,systemBoundary,original,no rag,1
"[1, 0, 0, 1, 0, 1, 0, 0, 1, 1, 1, 1, 1, 1, 1, 1, 1, 0, 0]","[1, 0, 0, 1, 0, 1, 0, 0, 1, 1, 1, 1, 1, 1, 1, 1, 1, 1, 0]","['True_waste', 'True_pesticideVeterinaryDrug', 'True_excreta', 'True_fertiliser', 'True_water', 'True_soilAmendment', 'True_operation', 'True_material', 'True_seed', 'True_product', 'True_cropResidue', 'True_liveAnimalInput', 'True_animalFeed', 'True_freshForage', 'True_ingredient', 'True_animalPopulation', 'True_electricityFuel', 'True_otherChemical', 'True_transport']",0,systemBoundary,original,no rag,1
"[1, 0, 1, 1, 1, 0, 0, 0, 1, 0, 1, 1, 1, 0, 1, 1, 1, 0, 1]","[1, 0, 1, 1, 1, 0, 1, 0, 1, 0, 1, 1, 1, 0, 1, 1, 1, 0, 1]","['True_liveAnimalInput', 'True_cropResidue', 'True_seed', 'True_product', 'True_pesticideVeterinaryDrug', 'True_excreta', 'True_freshForage', 'True_transport', 'True_animalFeed', 'True_waste', 'True_ingredient', 'True_operation', 'True_soilAmendment', 'True_material', 'True_animalPopulation', 'True_otherChemical', 'True_electricityFuel', 'True_water', 'True_fertiliser']",3,systemBoundary,recalculated,rag,7
"[1, 0, 1, 1, 1, 0, 0, 0, 1, 0, 1, 1, 1, 0, 1, 1, 1, 0, 1]","[1, 0, 1, 1, 1, 0, 1, 0, 1, 0, 1, 1, 1, 0, 1, 1, 1, 0, 1]","['True_liveAnimalInput', 'True_cropResidue', 'True_seed', 'True_product', 'True_pesticideVeterinaryDrug', 'True_excreta', 'True_freshForage', 'True_transport', 'True_animalFeed', 'True_waste', 'True_ingredient', 'True_operation', 'True_soilAmendment', 'True_material', 'True_animalPopulation', 'True_otherChemical', 'True_electricityFuel', 'True_water', 'True_fertiliser']",10,systemBoundary,recalculated,rag,1
"[1, 0, 1, 1, 1, 0, 0, 0, 1, 0, 1, 1, 1, 0, 1, 1, 1, 0, 1]","[1, 0, 1, 1, 1, 0, 1, 0, 1, 0, 1, 1, 1, 0, 1, 1, 1, 0, 1]","['True_liveAnimalInput', 'True_cropResidue', 'True_seed', 'True_product', 'True_pesticideVeterinaryDrug', 'True_excreta', 'True_freshForage', 'True_transport', 'True_animalFeed', 'True_waste', 'True_ingredient', 'True_operation', 'True_soilAmendment', 'True_material', 'True_animalPopulation', 'True_otherChemical', 'True_electricityFuel', 'True_water', 'True_fertiliser']",13,systemBoundary,recalculated,rag,7
"[1, 0, 1, 1, 1, 0, 0, 0, 1, 0, 1, 1, 1, 0, 1, 1, 1, 0, 1]","[1, 0, 1, 1, 1, 0, 1, 0, 1, 0, 1, 1, 1, 0, 1, 1, 1, 0, 1]","['True_liveAnimalInput', 'True_cropResidue', 'True_seed', 'True_product', 'True_pesticideVeterinaryDrug', 'True_excreta', 'True_freshForage', 'True_transport', 'True_animalFeed', 'True_waste', 'True_ingredient', 'True_operation', 'True_soilAmendment', 'True_material', 'True_animalPopulation', 'True_otherChemical', 'True_electricityFuel', 'True_water', 'True_fertiliser']",40,systemBoundary,recalculated,rag,7
"[1, 0, 1, 1, 1, 0, 0, 0, 1, 0, 1, 1, 1, 0, 1, 1, 1, 0, 1]","[1, 0, 1, 1, 1, 0, 1, 0, 1, 0, 1, 1, 1, 0, 1, 1, 1, 0, 1]","['True_liveAnimalInput', 'True_cropResidue', 'True_seed', 'True_product', 'True_pesticideVeterinaryDrug', 'True_excreta', 'True_freshForage', 'True_transport', 'True_animalFeed', 'True_waste', 'True_ingredient', 'True_operation', 'True_soilAmendment', 'True_material', 'True_animalPopulation', 'True_otherChemical', 'True_electricityFuel', 'True_water', 'True_fertiliser']",44,systemBoundary,recalculated,rag,7
"[1, 0, 1, 1, 1, 0, 0, 0, 1, 0, 1, 1, 1, 0, 1, 1, 1, 0, 1]","[1, 0, 1, 1, 1, 0, 1, 0, 1, 0, 1, 1, 1, 0, 1, 1, 1, 0, 1]","['True_liveAnimalInput', 'True_cropResidue', 'True_seed', 'True_product', 'True_pesticideVeterinaryDrug', 'True_excreta', 'True_freshForage', 'True_transport', 'True_animalFeed', 'True_waste', 'True_ingredient', 'True_operation', 'True_soilAmendment', 'True_material', 'True_animalPopulation', 'True_otherChemical', 'True_electricityFuel', 'True_water', 'True_fertiliser']",46,systemBoundary,recalculated,rag,7
"[1, 0, 1, 1, 1, 0, 0, 0, 1, 0, 1, 1, 1, 0, 1, 1, 1, 0, 1]","[1, 0, 1, 1, 1, 0, 1, 0, 1, 0, 1, 1, 1, 0, 1, 1, 1, 0, 1]","['True_liveAnimalInput', 'True_cropResidue', 'True_seed', 'True_product', 'True_pesticideVeterinaryDrug', 'True_excreta', 'True_freshForage', 'True_transport', 'True_animalFeed', 'True_waste', 'True_ingredient', 'True_operation', 'True_soilAmendment', 'True_material', 'True_animalPopulation', 'True_otherChemical', 'True_electricityFuel', 'True_water', 'True_fertiliser']",74,systemBoundary,recalculated,rag,7
"[1, 0, 1, 1, 1, 0, 1, 0, 1, 0, 1, 1, 1, 0, 1, 1, 1, 0, 1]","[1, 0, 1, 1, 1, 0, 0, 0, 1, 0, 1, 1, 1, 0, 1, 1, 1, 0, 1]","['True_liveAnimalInput', 'True_cropResidue', 'True_seed', 'True_product', 'True_pesticideVeterinaryDrug', 'True_excreta', 'True_freshForage', 'True_transport', 'True_animalFeed', 'True_waste', 'True_ingredient', 'True_operation', 'True_soilAmendment', 'True_material', 'True_animalPopulation', 'True_otherChemical', 'True_electricityFuel', 'True_water', 'True_fertiliser']",39,systemBoundary,recalculated,rag,1
"[1, 0, 1, 1, 1, 1, 0, 0, 1, 1, 1, 0, 1, 1, 1, 1, 1, 1, 0]","[1, 0, 1, 1, 1, 1, 0, 0, 1, 1, 1, 1, 1, 1, 1, 1, 1, 1, 0]","['True_waste', 'True_pesticideVeterinaryDrug', 'True_excreta', 'True_fertiliser', 'True_water', 'True_soilAmendment', 'True_operation', 'True_material', 'True_seed', 'True_product', 'True_cropResidue', 'True_liveAnimalInput', 'True_animalFeed', 'True_freshForage', 'True_ingredient', 'True_animalPopulation', 'True_electricityFuel', 'True_otherChemical', 'True_transport']",30,systemBoundary,original,no rag,6
"[1, 0, 1, 1, 1, 1, 1, 1, 0, 1, 1, 1, 1, 1, 0, 0, 1, 1, 1]","[1, 1, 1, 1, 1, 1, 1, 1, 0, 0, 1, 1, 1, 1, 0, 0, 1, 1, 1]","['True_product', 'True_ingredient', 'True_animalPopulation', 'True_fertiliser', 'True_freshForage', 'True_excreta', 'True_water', 'True_seed', 'True_waste', 'True_transport', 'True_soilAmendment', 'True_otherChemical', 'True_cropResidue', 'True_liveAnimalInput', 'True_operation', 'True_material', 'True_electricityFuel', 'True_animalFeed', 'True_pesticideVeterinaryDrug']",58,systemBoundary,recalculated,no rag,2
"[1, 0, 1, 1, 1, 1, 1, 1, 0, 1, 1, 1, 1, 1, 0, 0, 1, 1, 1]","[1, 1, 1, 1, 1, 1, 1, 1, 0, 1, 1, 1, 1, 1, 0, 0, 1, 1, 1]","['True_product', 'True_ingredient', 'True_animalPopulation', 'True_fertiliser', 'True_freshForage', 'True_excreta', 'True_water', 'True_seed', 'True_waste', 'True_transport', 'True_soilAmendment', 'True_otherChemical', 'True_cropResidue', 'True_liveAnimalInput', 'True_operation', 'True_material', 'True_electricityFuel', 'True_animalFeed', 'True_pesticideVeterinaryDrug']",58,systemBoundary,recalculated,no rag,4
"[1, 0, 1, 1, 1, 1, 1, 1, 1, 1, 1, 1, 1, 0, 1, 1, 1, 1, 1]","[1, 0, 1, 0, 0, 0, 0, 0, 1, 0, 1, 0, 1, 0, 1, 1, 1, 0, 1]","['True_liveAnimalInput', 'True_cropResidue', 'True_seed', 'True_product', 'True_pesticideVeterinaryDrug', 'True_excreta', 'True_freshForage', 'True_transport', 'True_animalFeed', 'True_waste', 'True_ingredient', 'True_operation', 'True_soilAmendment', 'True_material', 'True_animalPopulation', 'True_otherChemical', 'True_electricityFuel', 'True_water', 'True_fertiliser']",79,systemBoundary,original,rag,1
"[1, 0, 1, 1, 1, 1, 1, 1, 1, 1, 1, 1, 1, 0, 1, 1, 1, 1, 1]","[1, 0, 1, 1, 1, 0, 0, 0, 1, 0, 1, 1, 1, 0, 1, 1, 1, 0, 1]","['True_liveAnimalInput', 'True_cropResidue', 'True_seed', 'True_product', 'True_pesticideVeterinaryDrug', 'True_excreta', 'True_freshForage', 'True_transport', 'True_animalFeed', 'True_waste', 'True_ingredient', 'True_operation', 'True_soilAmendment', 'True_material', 'True_animalPopulation', 'True_otherChemical', 'True_electricityFuel', 'True_water', 'True_fertiliser']",54,systemBoundary,original,rag,1
"[1, 0, 1, 1, 1, 1, 1, 1, 1, 1, 1, 1, 1, 0, 1, 1, 1, 1, 1]","[1, 0, 1, 1, 1, 0, 0, 0, 1, 0, 1, 1, 1, 0, 1, 1, 1, 0, 1]","['True_liveAnimalInput', 'True_cropResidue', 'True_seed', 'True_product', 'True_pesticideVeterinaryDrug', 'True_excreta', 'True_freshForage', 'True_transport', 'True_animalFeed', 'True_waste', 'True_ingredient', 'True_operation', 'True_soilAmendment', 'True_material', 'True_animalPopulation', 'True_otherChemical', 'True_electricityFuel', 'True_water', 'True_fertiliser']",79,systemBoundary,original,rag,1
"[1, 0, 1, 1, 1, 1, 1, 1, 1, 1, 1, 1, 1, 0, 1, 1, 1, 1, 1]","[1, 0, 1, 1, 1, 1, 0, 0, 1, 0, 1, 0, 1, 0, 1, 1, 1, 1, 1]","['True_liveAnimalInput', 'True_cropResidue', 'True_seed', 'True_product', 'True_pesticideVeterinaryDrug', 'True_excreta', 'True_freshForage', 'True_transport', 'True_animalFeed', 'True_waste', 'True_ingredient', 'True_operation', 'True_soilAmendment', 'True_material', 'True_animalPopulation', 'True_otherChemical', 'True_electricityFuel', 'True_water', 'True_fertiliser']",54,systemBoundary,original,rag,1
"[1, 0, 1, 1, 1, 1, 1, 1, 1, 1, 1, 1, 1, 0, 1, 1, 1, 1, 1]","[1, 0, 1, 1, 1, 1, 0, 0, 1, 0, 1, 1, 1, 0, 1, 1, 1, 1, 1]","['True_liveAnimalInput', 'True_cropResidue', 'True_seed', 'True_product', 'True_pesticideVeterinaryDrug', 'True_excreta', 'True_freshForage', 'True_transport', 'True_animalFeed', 'True_waste', 'True_ingredient', 'True_operation', 'True_soilAmendment', 'True_material', 'True_animalPopulation', 'True_otherChemical', 'True_electricityFuel', 'True_water', 'True_fertiliser']",79,systemBoundary,original,rag,1
"[1, 0, 1, 1, 1, 1, 1, 1, 1, 1, 1, 1, 1, 0, 1, 1, 1, 1, 1]","[1, 1, 0, 0, 0, 0, 0, 0, 1, 0, 1, 0, 0, 0, 1, 1, 1, 0, 1]","['True_liveAnimalInput', 'True_cropResidue', 'True_seed', 'True_product', 'True_pesticideVeterinaryDrug', 'True_excreta', 'True_freshForage', 'True_transport', 'True_animalFeed', 'True_waste', 'True_ingredient', 'True_operation', 'True_soilAmendment', 'True_material', 'True_animalPopulation', 'True_otherChemical', 'True_electricityFuel', 'True_water', 'True_fertiliser']",54,systemBoundary,original,rag,1
"[1, 0, 1, 1, 1, 1, 1, 1, 1, 1, 1, 1, 1, 0, 1, 1, 1, 1, 1]","[1, 1, 1, 0, 1, 0, 1, 0, 1, 0, 1, 0, 1, 0, 1, 1, 1, 0, 1]","['True_liveAnimalInput', 'True_cropResidue', 'True_seed', 'True_product', 'True_pesticideVeterinaryDrug', 'True_excreta', 'True_freshForage', 'True_transport', 'True_animalFeed', 'True_waste', 'True_ingredient', 'True_operation', 'True_soilAmendment', 'True_material', 'True_animalPopulation', 'True_otherChemical', 'True_electricityFuel', 'True_water', 'True_fertiliser']",54,systemBoundary,original,rag,1
"[1, 0, 1, 1, 1, 1, 1, 1, 1, 1, 1, 1, 1, 0, 1, 1, 1, 1, 1]","[1, 1, 1, 1, 1, 0, 0, 0, 1, 0, 1, 0, 1, 0, 1, 1, 1, 1, 1]","['True_liveAnimalInput', 'True_cropResidue', 'True_seed', 'True_product', 'True_pesticideVeterinaryDrug', 'True_excreta', 'True_freshForage', 'True_transport', 'True_animalFeed', 'True_waste', 'True_ingredient', 'True_operation', 'True_soilAmendment', 'True_material', 'True_animalPopulation', 'True_otherChemical', 'True_electricityFuel', 'True_water', 'True_fertiliser']",54,systemBoundary,original,rag,1
"[1, 0, 1, 1, 1, 1, 1, 1, 1, 1, 1, 1, 1, 0, 1, 1, 1, 1, 1]","[1, 1, 1, 1, 1, 0, 0, 0, 1, 0, 1, 0, 1, 0, 1, 1, 1, 1, 1]","['True_liveAnimalInput', 'True_cropResidue', 'True_seed', 'True_product', 'True_pesticideVeterinaryDrug', 'True_excreta', 'True_freshForage', 'True_transport', 'True_animalFeed', 'True_waste', 'True_ingredient', 'True_operation', 'True_soilAmendment', 'True_material', 'True_animalPopulation', 'True_otherChemical', 'True_electricityFuel', 'True_water', 'True_fertiliser']",79,systemBoundary,original,rag,1
"[1, 0, 1, 1, 1, 1, 1, 1, 1, 1, 1, 1, 1, 0, 1, 1, 1, 1, 1]","[1, 1, 1, 1, 1, 0, 0, 0, 1, 1, 1, 0, 1, 0, 1, 1, 1, 1, 1]","['True_liveAnimalInput', 'True_cropResidue', 'True_seed', 'True_product', 'True_pesticideVeterinaryDrug', 'True_excreta', 'True_freshForage', 'True_transport', 'True_animalFeed', 'True_waste', 'True_ingredient', 'True_operation', 'True_soilAmendment', 'True_material', 'True_animalPopulation', 'True_otherChemical', 'True_electricityFuel', 'True_water', 'True_fertiliser']",54,systemBoundary,original,rag,1
"[1, 0, 1, 1, 1, 1, 1, 1, 1, 1, 1, 1, 1, 0, 1, 1, 1, 1, 1]","[1, 1, 1, 1, 1, 0, 1, 0, 1, 0, 1, 0, 1, 0, 1, 1, 1, 0, 1]","['True_liveAnimalInput', 'True_cropResidue', 'True_seed', 'True_product', 'True_pesticideVeterinaryDrug', 'True_excreta', 'True_freshForage', 'True_transport', 'True_animalFeed', 'True_waste', 'True_ingredient', 'True_operation', 'True_soilAmendment', 'True_material', 'True_animalPopulation', 'True_otherChemical', 'True_electricityFuel', 'True_water', 'True_fertiliser']",79,systemBoundary,original,rag,1
"[1, 0, 1, 1, 1, 1, 1, 1, 1, 1, 1, 1, 1, 0, 1, 1, 1, 1, 1]","[1, 1, 1, 1, 1, 1, 0, 0, 1, 1, 1, 1, 1, 0, 1, 1, 1, 1, 1]","['True_liveAnimalInput', 'True_cropResidue', 'True_seed', 'True_product', 'True_pesticideVeterinaryDrug', 'True_excreta', 'True_freshForage', 'True_transport', 'True_animalFeed', 'True_waste', 'True_ingredient', 'True_operation', 'True_soilAmendment', 'True_material', 'True_animalPopulation', 'True_otherChemical', 'True_electricityFuel', 'True_water', 'True_fertiliser']",79,systemBoundary,original,rag,1
"[1, 1, 0, 0, 0, 0, 0, 0, 1, 0, 1, 0, 0, 0, 1, 0, 1, 0, 0]","[1, 0, 0, 0, 0, 0, 0, 0, 1, 0, 1, 0, 0, 0, 1, 0, 0, 0, 0]","['True_liveAnimalInput', 'True_cropResidue', 'True_seed', 'True_product', 'True_pesticideVeterinaryDrug', 'True_excreta', 'True_freshForage', 'True_transport', 'True_animalFeed', 'True_waste', 'True_ingredient', 'True_operation', 'True_soilAmendment', 'True_material', 'True_animalPopulation', 'True_otherChemical', 'True_electricityFuel', 'True_water', 'True_fertiliser']",74,systemBoundary,original,rag,1
"[1, 1, 0, 0, 0, 0, 0, 0, 1, 0, 1, 0, 0, 0, 1, 0, 1, 0, 0]","[1, 0, 0, 0, 0, 0, 0, 0, 1, 0, 1, 0, 0, 0, 1, 0, 1, 0, 0]","['True_liveAnimalInput', 'True_cropResidue', 'True_seed', 'True_product', 'True_pesticideVeterinaryDrug', 'True_excreta', 'True_freshForage', 'True_transport', 'True_animalFeed', 'True_waste', 'True_ingredient', 'True_operation', 'True_soilAmendment', 'True_material', 'True_animalPopulation', 'True_otherChemical', 'True_electricityFuel', 'True_water', 'True_fertiliser']",102,systemBoundary,original,rag,1
"[1, 1, 0, 0, 0, 0, 0, 0, 1, 0, 1, 0, 0, 0, 1, 0, 1, 0, 0]","[1, 1, 0, 0, 0, 0, 0, 0, 0, 0, 1, 0, 0, 0, 1, 0, 1, 0, 0]","['True_liveAnimalInput', 'True_cropResidue', 'True_seed', 'True_product', 'True_pesticideVeterinaryDrug', 'True_excreta', 'True_freshForage', 'True_transport', 'True_animalFeed', 'True_waste', 'True_ingredient', 'True_operation', 'True_soilAmendment', 'True_material', 'True_animalPopulation', 'True_otherChemical', 'True_electricityFuel', 'True_water', 'True_fertiliser']",102,systemBoundary,original,rag,1
"[1, 1, 0, 0, 0, 1, 0, 0, 0, 0]","[0, 0, 0, 0, 0, 0, 1, 0, 0, 0]","['days', '1 ha', 'kg', 'kg cold dressed carcass weight/head', 'kg cold carcass weight/head', 'kg liveweight/head', 'relative', 'unitless', 'kg ready-to-cook weight/head', '%']",38,functionalUnit,recalculated,no rag,1
"[1, 1, 0, 0, 0, 1, 0, 0, 0, 0]","[0, 1, 0, 0, 0, 0, 0, 0, 0, 0]","['days', '1 ha', 'kg', 'kg cold dressed carcass weight/head', 'kg cold carcass weight/head', 'kg liveweight/head', 'relative', 'unitless', 'kg ready-to-cook weight/head', '%']",38,functionalUnit,recalculated,no rag,3
"[1, 1, 0, 0, 0, 1, 0, 0, 0, 0]","[0, 1, 0, 0, 0, 0, 1, 0, 0, 0]","['days', '1 ha', 'kg', 'kg cold dressed carcass weight/head', 'kg cold carcass weight/head', 'kg liveweight/head', 'relative', 'unitless', 'kg ready-to-cook weight/head', '%']",38,functionalUnit,recalculated,no rag,3
"[1, 1, 0, 0, 0, 1, 0, 0, 0, 0]","[1, 0, 0, 0, 0, 1, 0, 0, 0, 0]","['days', '1 ha', 'kg', 'kg cold dressed carcass weight/head', 'kg cold carcass weight/head', 'kg liveweight/head', 'relative', 'unitless', 'kg ready-to-cook weight/head', '%']",16,functionalUnit,original,no rag,1
"[1, 1, 0, 0, 1, 1, 1, 0, 1, 0, 1, 0, 1, 0, 1, 1, 1, 1, 1]","[1, 1, 1, 0, 1, 1, 1, 0, 1, 0, 1, 0, 1, 0, 1, 1, 1, 1, 1]","['True_liveAnimalInput', 'True_cropResidue', 'True_seed', 'True_product', 'True_pesticideVeterinaryDrug', 'True_excreta', 'True_freshForage', 'True_transport', 'True_animalFeed', 'True_waste', 'True_ingredient', 'True_operation', 'True_soilAmendment', 'True_material', 'True_animalPopulation', 'True_otherChemical', 'True_electricityFuel', 'True_water', 'True_fertiliser']",15,systemBoundary,recalculated,rag,1
"[1, 1, 0, 0, 1, 1, 1, 0, 1, 0, 1, 0, 1, 0, 1, 1, 1, 1, 1]","[1, 1, 1, 0, 1, 1, 1, 0, 1, 0, 1, 0, 1, 0, 1, 1, 1, 1, 1]","['True_liveAnimalInput', 'True_cropResidue', 'True_seed', 'True_product', 'True_pesticideVeterinaryDrug', 'True_excreta', 'True_freshForage', 'True_transport', 'True_animalFeed', 'True_waste', 'True_ingredient', 'True_operation', 'True_soilAmendment', 'True_material', 'True_animalPopulation', 'True_otherChemical', 'True_electricityFuel', 'True_water', 'True_fertiliser']",20,systemBoundary,recalculated,rag,1
"[1, 1, 0, 1, 0, 0, 0, 0, 0, 0, 1, 0, 1, 0, 0, 1, 0, 0, 1]","[1, 1, 0, 1, 0, 0, 1, 0, 1, 0, 1, 0, 1, 0, 0, 1, 0, 0, 1]","['True_liveAnimalInput', 'True_cropResidue', 'True_seed', 'True_product', 'True_pesticideVeterinaryDrug', 'True_excreta', 'True_freshForage', 'True_transport', 'True_animalFeed', 'True_waste', 'True_ingredient', 'True_operation', 'True_soilAmendment', 'True_material', 'True_animalPopulation', 'True_otherChemical', 'True_electricityFuel', 'True_water', 'True_fertiliser']",38,systemBoundary,recalculated,rag,3
"[1, 1, 0, 1, 0, 0, 0, 0, 0, 0, 1, 0, 1, 0, 0, 1, 0, 0, 1]","[1, 1, 0, 1, 0, 0, 1, 0, 1, 0, 1, 0, 1, 0, 1, 1, 0, 0, 1]","['True_liveAnimalInput', 'True_cropResidue', 'True_seed', 'True_product', 'True_pesticideVeterinaryDrug', 'True_excreta', 'True_freshForage', 'True_transport', 'True_animalFeed', 'True_waste', 'True_ingredient', 'True_operation', 'True_soilAmendment', 'True_material', 'True_animalPopulation', 'True_otherChemical', 'True_electricityFuel', 'True_water', 'True_fertiliser']",38,systemBoundary,recalculated,rag,3
"[1, 1, 0, 1, 0, 0, 0, 0, 0, 0, 1, 0, 1, 0, 0, 1, 0, 0, 1]","[1, 1, 1, 1, 0, 0, 1, 0, 1, 0, 1, 0, 1, 0, 1, 1, 0, 0, 1]","['True_liveAnimalInput', 'True_cropResidue', 'True_seed', 'True_product', 'True_pesticideVeterinaryDrug', 'True_excreta', 'True_freshForage', 'True_transport', 'True_animalFeed', 'True_waste', 'True_ingredient', 'True_operation', 'True_soilAmendment', 'True_material', 'True_animalPopulation', 'True_otherChemical', 'True_electricityFuel', 'True_water', 'True_fertiliser']",38,systemBoundary,recalculated,rag,1
"[1, 1, 0, 1, 0, 0, 0, 0, 0, 0, 1, 1, 1, 1, 0, 0, 0, 0, 0]","[1, 1, 1, 1, 1, 0, 0, 0, 0, 0, 1, 1, 1, 1, 0, 0, 0, 1, 0]","['True_product', 'True_ingredient', 'True_animalPopulation', 'True_fertiliser', 'True_freshForage', 'True_excreta', 'True_water', 'True_seed', 'True_waste', 'True_transport', 'True_soilAmendment', 'True_otherChemical', 'True_cropResidue', 'True_liveAnimalInput', 'True_operation', 'True_material', 'True_electricityFuel', 'True_animalFeed', 'True_pesticideVeterinaryDrug']",38,systemBoundary,recalculated,no rag,6
"[1, 1, 0, 1, 0, 0, 0, 0, 0, 0, 1, 1, 1, 1, 0, 0, 0, 0, 0]","[1, 1, 1, 1, 1, 0, 0, 1, 0, 0, 1, 1, 1, 1, 0, 0, 0, 1, 0]","['True_product', 'True_ingredient', 'True_animalPopulation', 'True_fertiliser', 'True_freshForage', 'True_excreta', 'True_water', 'True_seed', 'True_waste', 'True_transport', 'True_soilAmendment', 'True_otherChemical', 'True_cropResidue', 'True_liveAnimalInput', 'True_operation', 'True_material', 'True_electricityFuel', 'True_animalFeed', 'True_pesticideVeterinaryDrug']",38,systemBoundary,recalculated,no rag,1
"[1, 1, 0, 1, 0, 0, 0, 1, 0, 0, 1, 1, 0, 0, 1, 1, 0, 0, 0]","[1, 0, 0, 1, 0, 0, 0, 1, 0, 0, 1, 1, 0, 0, 1, 1, 0, 0, 0]","['True_liveAnimalInput', 'True_cropResidue', 'True_seed', 'True_product', 'True_pesticideVeterinaryDrug', 'True_excreta', 'True_freshForage', 'True_transport', 'True_animalFeed', 'True_waste', 'True_ingredient', 'True_operation', 'True_soilAmendment', 'True_material', 'True_animalPopulation', 'True_otherChemical', 'True_electricityFuel', 'True_water', 'True_fertiliser']",1,systemBoundary,original,rag,3
"[1, 1, 0, 1, 0, 0, 0, 1, 0, 0, 1, 1, 0, 0, 1, 1, 1, 0, 0]","[1, 0, 0, 1, 0, 0, 0, 1, 0, 0, 1, 1, 0, 0, 1, 1, 1, 0, 0]","['True_liveAnimalInput', 'True_cropResidue', 'True_seed', 'True_product', 'True_pesticideVeterinaryDrug', 'True_excreta', 'True_freshForage', 'True_transport', 'True_animalFeed', 'True_waste', 'True_ingredient', 'True_operation', 'True_soilAmendment', 'True_material', 'True_animalPopulation', 'True_otherChemical', 'True_electricityFuel', 'True_water', 'True_fertiliser']",79,systemBoundary,recalculated,rag,4
"[1, 1, 0, 1, 0, 0, 0, 1, 1, 0, 1, 0, 1, 0, 1, 1, 0, 0, 0]","[0, 0, 1, 1, 0, 0, 0, 0, 1, 0, 1, 0, 1, 0, 1, 1, 1, 0, 1]","['True_liveAnimalInput', 'True_cropResidue', 'True_seed', 'True_product', 'True_pesticideVeterinaryDrug', 'True_excreta', 'True_freshForage', 'True_transport', 'True_animalFeed', 'True_waste', 'True_ingredient', 'True_operation', 'True_soilAmendment', 'True_material', 'True_animalPopulation', 'True_otherChemical', 'True_electricityFuel', 'True_water', 'True_fertiliser']",48,systemBoundary,original,rag,1
"[1, 1, 0, 1, 0, 0, 0, 1, 1, 0, 1, 0, 1, 0, 1, 1, 0, 0, 0]","[1, 0, 0, 1, 0, 0, 0, 0, 1, 0, 1, 0, 1, 0, 1, 1, 1, 0, 1]","['True_liveAnimalInput', 'True_cropResidue', 'True_seed', 'True_product', 'True_pesticideVeterinaryDrug', 'True_excreta', 'True_freshForage', 'True_transport', 'True_animalFeed', 'True_waste', 'True_ingredient', 'True_operation', 'True_soilAmendment', 'True_material', 'True_animalPopulation', 'True_otherChemical', 'True_electricityFuel', 'True_water', 'True_fertiliser']",48,systemBoundary,original,rag,1
"[1, 1, 0, 1, 0, 0, 0, 1, 1, 0, 1, 0, 1, 0, 1, 1, 0, 0, 0]","[1, 0, 0, 1, 0, 0, 0, 1, 1, 0, 1, 0, 1, 0, 1, 1, 0, 0, 0]","['True_liveAnimalInput', 'True_cropResidue', 'True_seed', 'True_product', 'True_pesticideVeterinaryDrug', 'True_excreta', 'True_freshForage', 'True_transport', 'True_animalFeed', 'True_waste', 'True_ingredient', 'True_operation', 'True_soilAmendment', 'True_material', 'True_animalPopulation', 'True_otherChemical', 'True_electricityFuel', 'True_water', 'True_fertiliser']",48,systemBoundary,original,rag,1
"[1, 1, 0, 1, 0, 0, 0, 1, 1, 0, 1, 0, 1, 0, 1, 1, 0, 0, 0]","[1, 1, 0, 0, 0, 0, 0, 0, 1, 0, 1, 0, 0, 0, 1, 1, 0, 0, 0]","['True_liveAnimalInput', 'True_cropResidue', 'True_seed', 'True_product', 'True_pesticideVeterinaryDrug', 'True_excreta', 'True_freshForage', 'True_transport', 'True_animalFeed', 'True_waste', 'True_ingredient', 'True_operation', 'True_soilAmendment', 'True_material', 'True_animalPopulation', 'True_otherChemical', 'True_electricityFuel', 'True_water', 'True_fertiliser']",48,systemBoundary,original,rag,1
"[1, 1, 0, 1, 0, 0, 0, 1, 1, 0, 1, 0, 1, 0, 1, 1, 0, 0, 0]","[1, 1, 0, 1, 0, 0, 0, 0, 1, 0, 1, 0, 0, 0, 1, 1, 1, 0, 1]","['True_liveAnimalInput', 'True_cropResidue', 'True_seed', 'True_product', 'True_pesticideVeterinaryDrug', 'True_excreta', 'True_freshForage', 'True_transport', 'True_animalFeed', 'True_waste', 'True_ingredient', 'True_operation', 'True_soilAmendment', 'True_material', 'True_animalPopulation', 'True_otherChemical', 'True_electricityFuel', 'True_water', 'True_fertiliser']",48,systemBoundary,original,rag,1
"[1, 1, 0, 1, 0, 0, 0, 1, 1, 0, 1, 0, 1, 0, 1, 1, 0, 0, 0]","[1, 1, 0, 1, 0, 0, 0, 0, 1, 0, 1, 0, 1, 0, 1, 1, 1, 0, 1]","['True_liveAnimalInput', 'True_cropResidue', 'True_seed', 'True_product', 'True_pesticideVeterinaryDrug', 'True_excreta', 'True_freshForage', 'True_transport', 'True_animalFeed', 'True_waste', 'True_ingredient', 'True_operation', 'True_soilAmendment', 'True_material', 'True_animalPopulation', 'True_otherChemical', 'True_electricityFuel', 'True_water', 'True_fertiliser']",48,systemBoundary,original,rag,1
"[1, 1, 0, 1, 0, 0, 0, 1, 1, 0, 1, 0, 1, 0, 1, 1, 0, 0, 0]","[1, 1, 0, 1, 0, 0, 0, 0, 1, 1, 1, 0, 1, 0, 1, 1, 0, 0, 1]","['True_liveAnimalInput', 'True_cropResidue', 'True_seed', 'True_product', 'True_pesticideVeterinaryDrug', 'True_excreta', 'True_freshForage', 'True_transport', 'True_animalFeed', 'True_waste', 'True_ingredient', 'True_operation', 'True_soilAmendment', 'True_material', 'True_animalPopulation', 'True_otherChemical', 'True_electricityFuel', 'True_water', 'True_fertiliser']",48,systemBoundary,original,rag,1
"[1, 1, 0, 1, 0, 0, 1, 0, 1, 0, 1, 0, 1, 0, 1, 1, 1, 0, 0]","[1, 1, 0, 1, 0, 0, 1, 0, 1, 0, 1, 0, 0, 0, 1, 1, 1, 0, 0]","['True_liveAnimalInput', 'True_cropResidue', 'True_seed', 'True_product', 'True_pesticideVeterinaryDrug', 'True_excreta', 'True_freshForage', 'True_transport', 'True_animalFeed', 'True_waste', 'True_ingredient', 'True_operation', 'True_soilAmendment', 'True_material', 'True_animalPopulation', 'True_otherChemical', 'True_electricityFuel', 'True_water', 'True_fertiliser']",87,systemBoundary,recalculated,rag,1
"[1, 1, 0, 1, 0, 0, 1, 0, 1, 0, 1, 0, 1, 0, 1, 1, 1, 0, 0]","[1, 1, 0, 1, 0, 0, 1, 0, 1, 0, 1, 0, 0, 0, 1, 1, 1, 0, 0]","['True_liveAnimalInput', 'True_cropResidue', 'True_seed', 'True_product', 'True_pesticideVeterinaryDrug', 'True_excreta', 'True_freshForage', 'True_transport', 'True_animalFeed', 'True_waste', 'True_ingredient', 'True_operation', 'True_soilAmendment', 'True_material', 'True_animalPopulation', 'True_otherChemical', 'True_electricityFuel', 'True_water', 'True_fertiliser']",89,systemBoundary,recalculated,rag,1
"[1, 1, 0, 1, 0, 0, 1, 0, 1, 0, 1, 0, 1, 0, 1, 1, 1, 0, 0]","[1, 1, 0, 1, 0, 0, 1, 0, 1, 0, 1, 0, 1, 0, 1, 1, 1, 0, 1]","['True_liveAnimalInput', 'True_cropResidue', 'True_seed', 'True_product', 'True_pesticideVeterinaryDrug', 'True_excreta', 'True_freshForage', 'True_transport', 'True_animalFeed', 'True_waste', 'True_ingredient', 'True_operation', 'True_soilAmendment', 'True_material', 'True_animalPopulation', 'True_otherChemical', 'True_electricityFuel', 'True_water', 'True_fertiliser']",31,systemBoundary,original,rag,1
"[1, 1, 0, 1, 0, 0, 1, 0, 1, 0, 1, 0, 1, 0, 1, 1, 1, 0, 0]","[1, 1, 0, 1, 0, 0, 1, 0, 1, 0, 1, 0, 1, 0, 1, 1, 1, 0, 1]","['True_liveAnimalInput', 'True_cropResidue', 'True_seed', 'True_product', 'True_pesticideVeterinaryDrug', 'True_excreta', 'True_freshForage', 'True_transport', 'True_animalFeed', 'True_waste', 'True_ingredient', 'True_operation', 'True_soilAmendment', 'True_material', 'True_animalPopulation', 'True_otherChemical', 'True_electricityFuel', 'True_water', 'True_fertiliser']",85,systemBoundary,original,rag,1
"[1, 1, 0, 1, 0, 0, 1, 0, 1, 0, 1, 0, 1, 0, 1, 1, 1, 0, 0]","[1, 1, 1, 1, 0, 0, 1, 0, 1, 0, 1, 0, 1, 0, 1, 1, 1, 0, 1]","['True_liveAnimalInput', 'True_cropResidue', 'True_seed', 'True_product', 'True_pesticideVeterinaryDrug', 'True_excreta', 'True_freshForage', 'True_transport', 'True_animalFeed', 'True_waste', 'True_ingredient', 'True_operation', 'True_soilAmendment', 'True_material', 'True_animalPopulation', 'True_otherChemical', 'True_electricityFuel', 'True_water', 'True_fertiliser']",31,systemBoundary,original,rag,1
"[1, 1, 0, 1, 0, 1, 0, 0, 1, 0, 1, 0, 1, 0, 0, 1, 1, 1, 1]","[0, 1, 0, 1, 0, 1, 0, 0, 1, 0, 1, 0, 1, 0, 0, 1, 1, 1, 1]","['True_liveAnimalInput', 'True_cropResidue', 'True_seed', 'True_product', 'True_pesticideVeterinaryDrug', 'True_excreta', 'True_freshForage', 'True_transport', 'True_animalFeed', 'True_waste', 'True_ingredient', 'True_operation', 'True_soilAmendment', 'True_material', 'True_animalPopulation', 'True_otherChemical', 'True_electricityFuel', 'True_water', 'True_fertiliser']",14,systemBoundary,original,rag,1
"[1, 1, 0, 1, 0, 1, 0, 0, 1, 0, 1, 0, 1, 0, 0, 1, 1, 1, 1]","[0, 1, 1, 1, 0, 1, 1, 0, 1, 0, 1, 0, 1, 0, 0, 1, 1, 0, 1]","['True_liveAnimalInput', 'True_cropResidue', 'True_seed', 'True_product', 'True_pesticideVeterinaryDrug', 'True_excreta', 'True_freshForage', 'True_transport', 'True_animalFeed', 'True_waste', 'True_ingredient', 'True_operation', 'True_soilAmendment', 'True_material', 'True_animalPopulation', 'True_otherChemical', 'True_electricityFuel', 'True_water', 'True_fertiliser']",14,systemBoundary,original,rag,1
"[1, 1, 1, 0, 0, 0, 0, 0, 0, 1, 0, 1, 1, 1, 1, 0, 1, 0, 0]","[1, 1, 1, 0, 0, 0, 0, 0, 0, 1, 0, 1, 0, 1, 1, 0, 1, 0, 0]","['True_product', 'True_ingredient', 'True_animalPopulation', 'True_fertiliser', 'True_freshForage', 'True_excreta', 'True_water', 'True_seed', 'True_waste', 'True_transport', 'True_soilAmendment', 'True_otherChemical', 'True_cropResidue', 'True_liveAnimalInput', 'True_operation', 'True_material', 'True_electricityFuel', 'True_animalFeed', 'True_pesticideVeterinaryDrug']",79,systemBoundary,recalculated,no rag,7
"[1, 1, 1, 0, 1, 1, 1, 0, 1, 0, 1, 0, 1, 0, 1, 1, 1, 1, 1]","[1, 1, 1, 0, 0, 1, 1, 0, 1, 0, 1, 0, 1, 0, 1, 1, 1, 1, 1]","['True_liveAnimalInput', 'True_cropResidue', 'True_seed', 'True_product', 'True_pesticideVeterinaryDrug', 'True_excreta', 'True_freshForage', 'True_transport', 'True_animalFeed', 'True_waste', 'True_ingredient', 'True_operation', 'True_soilAmendment', 'True_material', 'True_animalPopulation', 'True_otherChemical', 'True_electricityFuel', 'True_water', 'True_fertiliser']",10,systemBoundary,original,rag,1
"[1, 1, 1, 0, 1, 1, 1, 0, 1, 0, 1, 0, 1, 0, 1, 1, 1, 1, 1]","[1, 1, 1, 1, 0, 1, 0, 0, 1, 0, 1, 0, 1, 0, 1, 1, 1, 1, 1]","['True_liveAnimalInput', 'True_cropResidue', 'True_seed', 'True_product', 'True_pesticideVeterinaryDrug', 'True_excreta', 'True_freshForage', 'True_transport', 'True_animalFeed', 'True_waste', 'True_ingredient', 'True_operation', 'True_soilAmendment', 'True_material', 'True_animalPopulation', 'True_otherChemical', 'True_electricityFuel', 'True_water', 'True_fertiliser']",10,systemBoundary,original,rag,1
"[1, 1, 1, 0, 1, 1, 1, 0, 1, 0, 1, 0, 1, 0, 1, 1, 1, 1, 1]","[1, 1, 1, 1, 1, 1, 1, 0, 1, 0, 0, 0, 1, 0, 1, 1, 1, 1, 1]","['True_liveAnimalInput', 'True_cropResidue', 'True_seed', 'True_product', 'True_pesticideVeterinaryDrug', 'True_excreta', 'True_freshForage', 'True_transport', 'True_animalFeed', 'True_waste', 'True_ingredient', 'True_operation', 'True_soilAmendment', 'True_material', 'True_animalPopulation', 'True_otherChemical', 'True_electricityFuel', 'True_water', 'True_fertiliser']",10,systemBoundary,original,rag,1
"[1, 1, 1, 1, 0, 0, 0, 1, 0, 0, 1, 1, 0, 1, 1, 0, 1, 1, 1]","[1, 1, 1, 1, 1, 0, 0, 1, 0, 0, 1, 1, 0, 1, 1, 0, 1, 1, 1]","['True_product', 'True_ingredient', 'True_animalPopulation', 'True_fertiliser', 'True_freshForage', 'True_excreta', 'True_water', 'True_seed', 'True_waste', 'True_transport', 'True_soilAmendment', 'True_otherChemical', 'True_cropResidue', 'True_liveAnimalInput', 'True_operation', 'True_material', 'True_electricityFuel', 'True_animalFeed', 'True_pesticideVeterinaryDrug']",3,systemBoundary,recalculated,no rag,7
"[1, 1, 1, 1, 0, 0, 0, 1, 0, 0, 1, 1, 0, 1, 1, 0, 1, 1, 1]","[1, 1, 1, 1, 1, 0, 0, 1, 0, 0, 1, 1, 0, 1, 1, 0, 1, 1, 1]","['True_product', 'True_ingredient', 'True_animalPopulation', 'True_fertiliser', 'True_freshForage', 'True_excreta', 'True_water', 'True_seed', 'True_waste', 'True_transport', 'True_soilAmendment', 'True_otherChemical', 'True_cropResidue', 'True_liveAnimalInput', 'True_operation', 'True_material', 'True_electricityFuel', 'True_animalFeed', 'True_pesticideVeterinaryDrug']",13,systemBoundary,recalculated,no rag,7
"[1, 1, 1, 1, 0, 0, 0, 1, 0, 0, 1, 1, 0, 1, 1, 0, 1, 1, 1]","[1, 1, 1, 1, 1, 0, 0, 1, 0, 0, 1, 1, 0, 1, 1, 0, 1, 1, 1]","['True_product', 'True_ingredient', 'True_animalPopulation', 'True_fertiliser', 'True_freshForage', 'True_excreta', 'True_water', 'True_seed', 'True_waste', 'True_transport', 'True_soilAmendment', 'True_otherChemical', 'True_cropResidue', 'True_liveAnimalInput', 'True_operation', 'True_material', 'True_electricityFuel', 'True_animalFeed', 'True_pesticideVeterinaryDrug']",40,systemBoundary,recalculated,no rag,7
"[1, 1, 1, 1, 0, 0, 0, 1, 0, 0, 1, 1, 0, 1, 1, 0, 1, 1, 1]","[1, 1, 1, 1, 1, 0, 0, 1, 0, 0, 1, 1, 0, 1, 1, 0, 1, 1, 1]","['True_product', 'True_ingredient', 'True_animalPopulation', 'True_fertiliser', 'True_freshForage', 'True_excreta', 'True_water', 'True_seed', 'True_waste', 'True_transport', 'True_soilAmendment', 'True_otherChemical', 'True_cropResidue', 'True_liveAnimalInput', 'True_operation', 'True_material', 'True_electricityFuel', 'True_animalFeed', 'True_pesticideVeterinaryDrug']",44,systemBoundary,recalculated,no rag,7
"[1, 1, 1, 1, 0, 0, 0, 1, 0, 0, 1, 1, 0, 1, 1, 0, 1, 1, 1]","[1, 1, 1, 1, 1, 0, 0, 1, 0, 0, 1, 1, 0, 1, 1, 0, 1, 1, 1]","['True_product', 'True_ingredient', 'True_animalPopulation', 'True_fertiliser', 'True_freshForage', 'True_excreta', 'True_water', 'True_seed', 'True_waste', 'True_transport', 'True_soilAmendment', 'True_otherChemical', 'True_cropResidue', 'True_liveAnimalInput', 'True_operation', 'True_material', 'True_electricityFuel', 'True_animalFeed', 'True_pesticideVeterinaryDrug']",46,systemBoundary,recalculated,no rag,7
"[1, 1, 1, 1, 0, 0, 0, 1, 0, 0, 1, 1, 0, 1, 1, 0, 1, 1, 1]","[1, 1, 1, 1, 1, 0, 0, 1, 0, 0, 1, 1, 0, 1, 1, 0, 1, 1, 1]","['True_product', 'True_ingredient', 'True_animalPopulation', 'True_fertiliser', 'True_freshForage', 'True_excreta', 'True_water', 'True_seed', 'True_waste', 'True_transport', 'True_soilAmendment', 'True_otherChemical', 'True_cropResidue', 'True_liveAnimalInput', 'True_operation', 'True_material', 'True_electricityFuel', 'True_animalFeed', 'True_pesticideVeterinaryDrug']",74,systemBoundary,recalculated,no rag,7
"[1, 1, 1, 1, 0, 0, 1, 0, 0, 0, 1, 0, 1, 0, 0, 1, 0, 0, 1]","[1, 1, 0, 1, 0, 0, 0, 0, 1, 0, 1, 0, 1, 0, 1, 1, 1, 0, 1]","['True_liveAnimalInput', 'True_cropResidue', 'True_seed', 'True_product', 'True_pesticideVeterinaryDrug', 'True_excreta', 'True_freshForage', 'True_transport', 'True_animalFeed', 'True_waste', 'True_ingredient', 'True_operation', 'True_soilAmendment', 'True_material', 'True_animalPopulation', 'True_otherChemical', 'True_electricityFuel', 'True_water', 'True_fertiliser']",73,systemBoundary,original,rag,1
"[1, 1, 1, 1, 0, 0, 1, 0, 0, 0, 1, 0, 1, 0, 0, 1, 0, 0, 1]","[1, 1, 0, 1, 0, 0, 1, 0, 0, 0, 1, 0, 1, 0, 0, 1, 0, 0, 1]","['True_liveAnimalInput', 'True_cropResidue', 'True_seed', 'True_product', 'True_pesticideVeterinaryDrug', 'True_excreta', 'True_freshForage', 'True_transport', 'True_animalFeed', 'True_waste', 'True_ingredient', 'True_operation', 'True_soilAmendment', 'True_material', 'True_animalPopulation', 'True_otherChemical', 'True_electricityFuel', 'True_water', 'True_fertiliser']",73,systemBoundary,original,rag,2
"[1, 1, 1, 1, 0, 0, 1, 0, 0, 0, 1, 0, 1, 0, 0, 1, 0, 0, 1]","[1, 1, 0, 1, 0, 0, 1, 0, 1, 0, 1, 0, 1, 0, 0, 1, 0, 0, 1]","['True_liveAnimalInput', 'True_cropResidue', 'True_seed', 'True_product', 'True_pesticideVeterinaryDrug', 'True_excreta', 'True_freshForage', 'True_transport', 'True_animalFeed', 'True_waste', 'True_ingredient', 'True_operation', 'True_soilAmendment', 'True_material', 'True_animalPopulation', 'True_otherChemical', 'True_electricityFuel', 'True_water', 'True_fertiliser']",73,systemBoundary,original,rag,2
"[1, 1, 1, 1, 0, 0, 1, 0, 1, 0, 1, 0, 1, 0, 1, 1, 0, 0, 1]","[1, 1, 1, 1, 0, 0, 1, 0, 1, 0, 1, 0, 1, 0, 1, 0, 0, 0, 1]","['True_liveAnimalInput', 'True_cropResidue', 'True_seed', 'True_product', 'True_pesticideVeterinaryDrug', 'True_excreta', 'True_freshForage', 'True_transport', 'True_animalFeed', 'True_waste', 'True_ingredient', 'True_operation', 'True_soilAmendment', 'True_material', 'True_animalPopulation', 'True_otherChemical', 'True_electricityFuel', 'True_water', 'True_fertiliser']",18,systemBoundary,original,rag,1
"[1, 1, 1, 1, 0, 0, 1, 0, 1, 0, 1, 0, 1, 0, 1, 1, 1, 0, 1]","[0, 1, 1, 1, 0, 0, 1, 0, 1, 0, 1, 0, 1, 0, 1, 1, 1, 0, 1]","['True_liveAnimalInput', 'True_cropResidue', 'True_seed', 'True_product', 'True_pesticideVeterinaryDrug', 'True_excreta', 'True_freshForage', 'True_transport', 'True_animalFeed', 'True_waste', 'True_ingredient', 'True_operation', 'True_soilAmendment', 'True_material', 'True_animalPopulation', 'True_otherChemical', 'True_electricityFuel', 'True_water', 'True_fertiliser']",68,systemBoundary,recalculated,rag,7
"[1, 1, 1, 1, 0, 0, 1, 0, 1, 1, 1, 0, 1, 0, 1, 0, 1, 0, 1]","[1, 1, 1, 1, 0, 0, 1, 0, 0, 0, 1, 0, 1, 0, 1, 1, 0, 0, 1]","['True_liveAnimalInput', 'True_cropResidue', 'True_seed', 'True_product', 'True_pesticideVeterinaryDrug', 'True_excreta', 'True_freshForage', 'True_transport', 'True_animalFeed', 'True_waste', 'True_ingredient', 'True_operation', 'True_soilAmendment', 'True_material', 'True_animalPopulation', 'True_otherChemical', 'True_electricityFuel', 'True_water', 'True_fertiliser']",0,systemBoundary,original,rag,1
"[1, 1, 1, 1, 0, 0, 1, 0, 1, 1, 1, 0, 1, 0, 1, 0, 1, 0, 1]","[1, 1, 1, 1, 0, 0, 1, 0, 0, 0, 1, 0, 1, 0, 1, 1, 0, 0, 1]","['True_liveAnimalInput', 'True_cropResidue', 'True_seed', 'True_product', 'True_pesticideVeterinaryDrug', 'True_excreta', 'True_freshForage', 'True_transport', 'True_animalFeed', 'True_waste', 'True_ingredient', 'True_operation', 'True_soilAmendment', 'True_material', 'True_animalPopulation', 'True_otherChemical', 'True_electricityFuel', 'True_water', 'True_fertiliser']",60,systemBoundary,original,rag,1
"[1, 1, 1, 1, 0, 0, 1, 0, 1, 1, 1, 0, 1, 0, 1, 0, 1, 0, 1]","[1, 1, 1, 1, 0, 0, 1, 0, 1, 0, 1, 0, 1, 0, 1, 0, 0, 0, 1]","['True_liveAnimalInput', 'True_cropResidue', 'True_seed', 'True_product', 'True_pesticideVeterinaryDrug', 'True_excreta', 'True_freshForage', 'True_transport', 'True_animalFeed', 'True_waste', 'True_ingredient', 'True_operation', 'True_soilAmendment', 'True_material', 'True_animalPopulation', 'True_otherChemical', 'True_electricityFuel', 'True_water', 'True_fertiliser']",0,systemBoundary,original,rag,3
"[1, 1, 1, 1, 0, 0, 1, 0, 1, 1, 1, 0, 1, 0, 1, 0, 1, 0, 1]","[1, 1, 1, 1, 0, 0, 1, 0, 1, 0, 1, 0, 1, 0, 1, 1, 0, 0, 1]","['True_liveAnimalInput', 'True_cropResidue', 'True_seed', 'True_product', 'True_pesticideVeterinaryDrug', 'True_excreta', 'True_freshForage', 'True_transport', 'True_animalFeed', 'True_waste', 'True_ingredient', 'True_operation', 'True_soilAmendment', 'True_material', 'True_animalPopulation', 'True_otherChemical', 'True_electricityFuel', 'True_water', 'True_fertiliser']",60,systemBoundary,original,rag,5
"[1, 1, 1, 1, 0, 0, 1, 0, 1, 1, 1, 0, 1, 0, 1, 0, 1, 0, 1]","[1, 1, 1, 1, 0, 0, 1, 0, 1, 1, 1, 0, 1, 0, 1, 1, 0, 0, 1]","['True_liveAnimalInput', 'True_cropResidue', 'True_seed', 'True_product', 'True_pesticideVeterinaryDrug', 'True_excreta', 'True_freshForage', 'True_transport', 'True_animalFeed', 'True_waste', 'True_ingredient', 'True_operation', 'True_soilAmendment', 'True_material', 'True_animalPopulation', 'True_otherChemical', 'True_electricityFuel', 'True_water', 'True_fertiliser']",60,systemBoundary,original,rag,1
"[1, 1, 1, 1, 0, 0, 1, 1, 1, 0, 1, 0, 1, 0, 0, 1, 1, 1, 1]","[1, 1, 1, 1, 0, 0, 1, 0, 1, 0, 1, 0, 1, 0, 0, 1, 1, 0, 1]","['True_liveAnimalInput', 'True_cropResidue', 'True_seed', 'True_product', 'True_pesticideVeterinaryDrug', 'True_excreta', 'True_freshForage', 'True_transport', 'True_animalFeed', 'True_waste', 'True_ingredient', 'True_operation', 'True_soilAmendment', 'True_material', 'True_animalPopulation', 'True_otherChemical', 'True_electricityFuel', 'True_water', 'True_fertiliser']",78,systemBoundary,original,rag,1
"[1, 1, 1, 1, 0, 0, 1, 1, 1, 0, 1, 0, 1, 0, 0, 1, 1, 1, 1]","[1, 1, 1, 1, 0, 0, 1, 0, 1, 0, 1, 0, 1, 0, 0, 1, 1, 1, 1]","['True_liveAnimalInput', 'True_cropResidue', 'True_seed', 'True_product', 'True_pesticideVeterinaryDrug', 'True_excreta', 'True_freshForage', 'True_transport', 'True_animalFeed', 'True_waste', 'True_ingredient', 'True_operation', 'True_soilAmendment', 'True_material', 'True_animalPopulation', 'True_otherChemical', 'True_electricityFuel', 'True_water', 'True_fertiliser']",78,systemBoundary,original,rag,3
"[1, 1, 1, 1, 0, 1, 0, 0, 0, 0, 1, 0, 1, 0, 1, 1, 1, 1, 1]","[0, 1, 1, 1, 0, 1, 0, 0, 0, 0, 1, 0, 1, 0, 1, 1, 1, 1, 1]","['True_liveAnimalInput', 'True_cropResidue', 'True_seed', 'True_product', 'True_pesticideVeterinaryDrug', 'True_excreta', 'True_freshForage', 'True_transport', 'True_animalFeed', 'True_waste', 'True_ingredient', 'True_operation', 'True_soilAmendment', 'True_material', 'True_animalPopulation', 'True_otherChemical', 'True_electricityFuel', 'True_water', 'True_fertiliser']",101,systemBoundary,original,rag,1
"[1, 1, 1, 1, 0, 1, 0, 0, 0, 0, 1, 0, 1, 0, 1, 1, 1, 1, 1]","[0, 1, 1, 1, 1, 1, 0, 0, 0, 0, 1, 0, 1, 0, 1, 1, 0, 1, 1]","['True_liveAnimalInput', 'True_cropResidue', 'True_seed', 'True_product', 'True_pesticideVeterinaryDrug', 'True_excreta', 'True_freshForage', 'True_transport', 'True_animalFeed', 'True_waste', 'True_ingredient', 'True_operation', 'True_soilAmendment', 'True_material', 'True_animalPopulation', 'True_otherChemical', 'True_electricityFuel', 'True_water', 'True_fertiliser']",101,systemBoundary,original,rag,1
"[1, 1, 1, 1, 0, 1, 0, 0, 0, 0, 1, 0, 1, 0, 1, 1, 1, 1, 1]","[1, 1, 0, 1, 1, 1, 0, 0, 1, 0, 1, 0, 1, 0, 1, 1, 0, 1, 1]","['True_liveAnimalInput', 'True_cropResidue', 'True_seed', 'True_product', 'True_pesticideVeterinaryDrug', 'True_excreta', 'True_freshForage', 'True_transport', 'True_animalFeed', 'True_waste', 'True_ingredient', 'True_operation', 'True_soilAmendment', 'True_material', 'True_animalPopulation', 'True_otherChemical', 'True_electricityFuel', 'True_water', 'True_fertiliser']",101,systemBoundary,original,rag,1
"[1, 1, 1, 1, 0, 1, 0, 0, 0, 0, 1, 0, 1, 0, 1, 1, 1, 1, 1]","[1, 1, 1, 1, 1, 0, 0, 0, 1, 0, 1, 0, 1, 0, 1, 1, 1, 1, 1]","['True_liveAnimalInput', 'True_cropResidue', 'True_seed', 'True_product', 'True_pesticideVeterinaryDrug', 'True_excreta', 'True_freshForage', 'True_transport', 'True_animalFeed', 'True_waste', 'True_ingredient', 'True_operation', 'True_soilAmendment', 'True_material', 'True_animalPopulation', 'True_otherChemical', 'True_electricityFuel', 'True_water', 'True_fertiliser']",101,systemBoundary,original,rag,1
"[1, 1, 1, 1, 0, 1, 0, 0, 0, 0, 1, 0, 1, 0, 1, 1, 1, 1, 1]","[1, 1, 1, 1, 1, 1, 0, 0, 0, 0, 1, 0, 0, 0, 0, 1, 1, 1, 1]","['True_liveAnimalInput', 'True_cropResidue', 'True_seed', 'True_product', 'True_pesticideVeterinaryDrug', 'True_excreta', 'True_freshForage', 'True_transport', 'True_animalFeed', 'True_waste', 'True_ingredient', 'True_operation', 'True_soilAmendment', 'True_material', 'True_animalPopulation', 'True_otherChemical', 'True_electricityFuel', 'True_water', 'True_fertiliser']",101,systemBoundary,original,rag,1
"[1, 1, 1, 1, 0, 1, 0, 0, 0, 0, 1, 0, 1, 0, 1, 1, 1, 1, 1]","[1, 1, 1, 1, 1, 1, 0, 0, 1, 0, 1, 0, 1, 0, 0, 1, 0, 1, 1]","['True_liveAnimalInput', 'True_cropResidue', 'True_seed', 'True_product', 'True_pesticideVeterinaryDrug', 'True_excreta', 'True_freshForage', 'True_transport', 'True_animalFeed', 'True_waste', 'True_ingredient', 'True_operation', 'True_soilAmendment', 'True_material', 'True_animalPopulation', 'True_otherChemical', 'True_electricityFuel', 'True_water', 'True_fertiliser']",101,systemBoundary,original,rag,1
"[1, 1, 1, 1, 0, 1, 0, 0, 1, 0, 1, 0, 1, 0, 0, 1, 1, 1, 1]","[0, 1, 0, 1, 0, 1, 0, 0, 1, 0, 1, 0, 1, 0, 0, 1, 1, 1, 1]","['True_liveAnimalInput', 'True_cropResidue', 'True_seed', 'True_product', 'True_pesticideVeterinaryDrug', 'True_excreta', 'True_freshForage', 'True_transport', 'True_animalFeed', 'True_waste', 'True_ingredient', 'True_operation', 'True_soilAmendment', 'True_material', 'True_animalPopulation', 'True_otherChemical', 'True_electricityFuel', 'True_water', 'True_fertiliser']",89,systemBoundary,original,rag,1
"[1, 1, 1, 1, 0, 1, 0, 0, 1, 0, 1, 0, 1, 0, 0, 1, 1, 1, 1]","[0, 1, 1, 1, 0, 1, 1, 0, 1, 0, 1, 0, 1, 0, 1, 1, 1, 0, 1]","['True_liveAnimalInput', 'True_cropResidue', 'True_seed', 'True_product', 'True_pesticideVeterinaryDrug', 'True_excreta', 'True_freshForage', 'True_transport', 'True_animalFeed', 'True_waste', 'True_ingredient', 'True_operation', 'True_soilAmendment', 'True_material', 'True_animalPopulation', 'True_otherChemical', 'True_electricityFuel', 'True_water', 'True_fertiliser']",89,systemBoundary,original,rag,1
"[1, 1, 1, 1, 0, 1, 0, 0, 1, 0, 1, 0, 1, 0, 0, 1, 1, 1, 1]","[1, 1, 0, 1, 0, 1, 0, 0, 1, 0, 1, 0, 1, 0, 0, 1, 1, 1, 1]","['True_liveAnimalInput', 'True_cropResidue', 'True_seed', 'True_product', 'True_pesticideVeterinaryDrug', 'True_excreta', 'True_freshForage', 'True_transport', 'True_animalFeed', 'True_waste', 'True_ingredient', 'True_operation', 'True_soilAmendment', 'True_material', 'True_animalPopulation', 'True_otherChemical', 'True_electricityFuel', 'True_water', 'True_fertiliser']",89,systemBoundary,original,rag,5
"[1, 1, 1, 1, 0, 1, 1, 0, 1, 0, 1, 0, 1, 0, 1, 1, 0, 0, 1]","[1, 1, 1, 1, 0, 0, 1, 0, 1, 0, 1, 0, 1, 0, 1, 1, 0, 0, 1]","['True_liveAnimalInput', 'True_cropResidue', 'True_seed', 'True_product', 'True_pesticideVeterinaryDrug', 'True_excreta', 'True_freshForage', 'True_transport', 'True_animalFeed', 'True_waste', 'True_ingredient', 'True_operation', 'True_soilAmendment', 'True_material', 'True_animalPopulation', 'True_otherChemical', 'True_electricityFuel', 'True_water', 'True_fertiliser']",82,systemBoundary,recalculated,rag,6
"[1, 1, 1, 1, 0, 1, 1, 0, 1, 0, 1, 0, 1, 0, 1, 1, 1, 0, 1]","[1, 1, 1, 1, 0, 0, 1, 0, 1, 0, 1, 0, 1, 0, 1, 1, 1, 0, 1]","['True_liveAnimalInput', 'True_cropResidue', 'True_seed', 'True_product', 'True_pesticideVeterinaryDrug', 'True_excreta', 'True_freshForage', 'True_transport', 'True_animalFeed', 'True_waste', 'True_ingredient', 'True_operation', 'True_soilAmendment', 'True_material', 'True_animalPopulation', 'True_otherChemical', 'True_electricityFuel', 'True_water', 'True_fertiliser']",53,systemBoundary,recalculated,rag,1
"[1, 1, 1, 1, 0, 1, 1, 0, 1, 0, 1, 0, 1, 0, 1, 1, 1, 0, 1]","[1, 1, 1, 1, 0, 0, 1, 0, 1, 0, 1, 0, 1, 0, 1, 1, 1, 0, 1]","['True_liveAnimalInput', 'True_cropResidue', 'True_seed', 'True_product', 'True_pesticideVeterinaryDrug', 'True_excreta', 'True_freshForage', 'True_transport', 'True_animalFeed', 'True_waste', 'True_ingredient', 'True_operation', 'True_soilAmendment', 'True_material', 'True_animalPopulation', 'True_otherChemical', 'True_electricityFuel', 'True_water', 'True_fertiliser']",70,systemBoundary,recalculated,rag,1
"[1, 1, 1, 1, 0, 1, 1, 0, 1, 0, 1, 0, 1, 0, 1, 1, 1, 0, 1]","[1, 1, 1, 1, 0, 1, 1, 0, 1, 0, 1, 0, 1, 0, 1, 1, 0, 0, 1]","['True_liveAnimalInput', 'True_cropResidue', 'True_seed', 'True_product', 'True_pesticideVeterinaryDrug', 'True_excreta', 'True_freshForage', 'True_transport', 'True_animalFeed', 'True_waste', 'True_ingredient', 'True_operation', 'True_soilAmendment', 'True_material', 'True_animalPopulation', 'True_otherChemical', 'True_electricityFuel', 'True_water', 'True_fertiliser']",53,systemBoundary,recalculated,rag,1
"[1, 1, 1, 1, 0, 1, 1, 0, 1, 0, 1, 0, 1, 0, 1, 1, 1, 0, 1]","[1, 1, 1, 1, 0, 1, 1, 0, 1, 0, 1, 0, 1, 0, 1, 1, 0, 0, 1]","['True_liveAnimalInput', 'True_cropResidue', 'True_seed', 'True_product', 'True_pesticideVeterinaryDrug', 'True_excreta', 'True_freshForage', 'True_transport', 'True_animalFeed', 'True_waste', 'True_ingredient', 'True_operation', 'True_soilAmendment', 'True_material', 'True_animalPopulation', 'True_otherChemical', 'True_electricityFuel', 'True_water', 'True_fertiliser']",70,systemBoundary,recalculated,rag,1
"[1, 1, 1, 1, 0, 1, 1, 0, 1, 0, 1, 0, 1, 0, 1, 1, 1, 0, 1]","[1, 1, 1, 1, 0, 1, 1, 0, 1, 0, 1, 0, 1, 0, 1, 1, 1, 1, 1]","['True_liveAnimalInput', 'True_cropResidue', 'True_seed', 'True_product', 'True_pesticideVeterinaryDrug', 'True_excreta', 'True_freshForage', 'True_transport', 'True_animalFeed', 'True_waste', 'True_ingredient', 'True_operation', 'True_soilAmendment', 'True_material', 'True_animalPopulation', 'True_otherChemical', 'True_electricityFuel', 'True_water', 'True_fertiliser']",53,systemBoundary,recalculated,rag,2
"[1, 1, 1, 1, 0, 1, 1, 0, 1, 0, 1, 0, 1, 0, 1, 1, 1, 0, 1]","[1, 1, 1, 1, 0, 1, 1, 0, 1, 0, 1, 0, 1, 0, 1, 1, 1, 1, 1]","['True_liveAnimalInput', 'True_cropResidue', 'True_seed', 'True_product', 'True_pesticideVeterinaryDrug', 'True_excreta', 'True_freshForage', 'True_transport', 'True_animalFeed', 'True_waste', 'True_ingredient', 'True_operation', 'True_soilAmendment', 'True_material', 'True_animalPopulation', 'True_otherChemical', 'True_electricityFuel', 'True_water', 'True_fertiliser']",70,systemBoundary,recalculated,rag,2
"[1, 1, 1, 1, 0, 1, 1, 0, 1, 0, 1, 0, 1, 0, 1, 1, 1, 1, 1]","[1, 1, 1, 1, 0, 0, 1, 0, 1, 0, 1, 0, 1, 0, 1, 1, 0, 0, 1]","['True_liveAnimalInput', 'True_cropResidue', 'True_seed', 'True_product', 'True_pesticideVeterinaryDrug', 'True_excreta', 'True_freshForage', 'True_transport', 'True_animalFeed', 'True_waste', 'True_ingredient', 'True_operation', 'True_soilAmendment', 'True_material', 'True_animalPopulation', 'True_otherChemical', 'True_electricityFuel', 'True_water', 'True_fertiliser']",41,systemBoundary,original,rag,1
"[1, 1, 1, 1, 0, 1, 1, 0, 1, 0, 1, 0, 1, 0, 1, 1, 1, 1, 1]","[1, 1, 1, 1, 0, 0, 1, 0, 1, 0, 1, 0, 1, 0, 1, 1, 1, 0, 1]","['True_liveAnimalInput', 'True_cropResidue', 'True_seed', 'True_product', 'True_pesticideVeterinaryDrug', 'True_excreta', 'True_freshForage', 'True_transport', 'True_animalFeed', 'True_waste', 'True_ingredient', 'True_operation', 'True_soilAmendment', 'True_material', 'True_animalPopulation', 'True_otherChemical', 'True_electricityFuel', 'True_water', 'True_fertiliser']",50,systemBoundary,original,rag,4
"[1, 1, 1, 1, 0, 1, 1, 0, 1, 0, 1, 0, 1, 0, 1, 1, 1, 1, 1]","[1, 1, 1, 1, 0, 1, 1, 0, 1, 0, 1, 0, 1, 0, 1, 1, 0, 0, 1]","['True_liveAnimalInput', 'True_cropResidue', 'True_seed', 'True_product', 'True_pesticideVeterinaryDrug', 'True_excreta', 'True_freshForage', 'True_transport', 'True_animalFeed', 'True_waste', 'True_ingredient', 'True_operation', 'True_soilAmendment', 'True_material', 'True_animalPopulation', 'True_otherChemical', 'True_electricityFuel', 'True_water', 'True_fertiliser']",50,systemBoundary,original,rag,1
"[1, 1, 1, 1, 0, 1, 1, 0, 1, 0, 1, 0, 1, 0, 1, 1, 1, 1, 1]","[1, 1, 1, 1, 0, 1, 1, 0, 1, 0, 1, 0, 1, 0, 1, 1, 0, 1, 1]","['True_liveAnimalInput', 'True_cropResidue', 'True_seed', 'True_product', 'True_pesticideVeterinaryDrug', 'True_excreta', 'True_freshForage', 'True_transport', 'True_animalFeed', 'True_waste', 'True_ingredient', 'True_operation', 'True_soilAmendment', 'True_material', 'True_animalPopulation', 'True_otherChemical', 'True_electricityFuel', 'True_water', 'True_fertiliser']",41,systemBoundary,original,rag,1
"[1, 1, 1, 1, 0, 1, 1, 0, 1, 0, 1, 0, 1, 0, 1, 1, 1, 1, 1]","[1, 1, 1, 1, 0, 1, 1, 0, 1, 0, 1, 0, 1, 0, 1, 1, 1, 0, 1]","['True_liveAnimalInput', 'True_cropResidue', 'True_seed', 'True_product', 'True_pesticideVeterinaryDrug', 'True_excreta', 'True_freshForage', 'True_transport', 'True_animalFeed', 'True_waste', 'True_ingredient', 'True_operation', 'True_soilAmendment', 'True_material', 'True_animalPopulation', 'True_otherChemical', 'True_electricityFuel', 'True_water', 'True_fertiliser']",50,systemBoundary,original,rag,1
"[1, 1, 1, 1, 0, 1, 1, 0, 1, 0, 1, 0, 1, 0, 1, 1, 1, 1, 1]","[1, 1, 1, 1, 0, 1, 1, 0, 1, 1, 1, 0, 1, 0, 1, 1, 1, 1, 1]","['True_liveAnimalInput', 'True_cropResidue', 'True_seed', 'True_product', 'True_pesticideVeterinaryDrug', 'True_excreta', 'True_freshForage', 'True_transport', 'True_animalFeed', 'True_waste', 'True_ingredient', 'True_operation', 'True_soilAmendment', 'True_material', 'True_animalPopulation', 'True_otherChemical', 'True_electricityFuel', 'True_water', 'True_fertiliser']",41,systemBoundary,original,rag,1
"[1, 1, 1, 1, 0, 1, 1, 0, 1, 0, 1, 0, 1, 0, 1, 1, 1, 1, 1]","[1, 1, 1, 1, 1, 1, 1, 0, 1, 0, 1, 0, 1, 0, 1, 1, 0, 1, 1]","['True_liveAnimalInput', 'True_cropResidue', 'True_seed', 'True_product', 'True_pesticideVeterinaryDrug', 'True_excreta', 'True_freshForage', 'True_transport', 'True_animalFeed', 'True_waste', 'True_ingredient', 'True_operation', 'True_soilAmendment', 'True_material', 'True_animalPopulation', 'True_otherChemical', 'True_electricityFuel', 'True_water', 'True_fertiliser']",84,systemBoundary,original,rag,1
"[1, 1, 1, 1, 0, 1, 1, 0, 1, 0, 1, 0, 1, 0, 1, 1, 1, 1, 1]","[1, 1, 1, 1, 1, 1, 1, 0, 1, 0, 1, 0, 1, 0, 1, 1, 1, 1, 1]","['True_liveAnimalInput', 'True_cropResidue', 'True_seed', 'True_product', 'True_pesticideVeterinaryDrug', 'True_excreta', 'True_freshForage', 'True_transport', 'True_animalFeed', 'True_waste', 'True_ingredient', 'True_operation', 'True_soilAmendment', 'True_material', 'True_animalPopulation', 'True_otherChemical', 'True_electricityFuel', 'True_water', 'True_fertiliser']",41,systemBoundary,original,rag,1
"[1, 1, 1, 1, 0, 1, 1, 0, 1, 0, 1, 0, 1, 0, 1, 1, 1, 1, 1]","[1, 1, 1, 1, 1, 1, 1, 0, 1, 0, 1, 0, 1, 0, 1, 1, 1, 1, 1]","['True_liveAnimalInput', 'True_cropResidue', 'True_seed', 'True_product', 'True_pesticideVeterinaryDrug', 'True_excreta', 'True_freshForage', 'True_transport', 'True_animalFeed', 'True_waste', 'True_ingredient', 'True_operation', 'True_soilAmendment', 'True_material', 'True_animalPopulation', 'True_otherChemical', 'True_electricityFuel', 'True_water', 'True_fertiliser']",84,systemBoundary,original,rag,2
"[1, 1, 1, 1, 0, 1, 1, 0, 1, 1, 1, 0, 1, 0, 1, 1, 1, 1, 1]","[0, 1, 1, 1, 0, 1, 1, 0, 1, 1, 1, 0, 1, 0, 1, 1, 1, 1, 1]","['True_liveAnimalInput', 'True_cropResidue', 'True_seed', 'True_product', 'True_pesticideVeterinaryDrug', 'True_excreta', 'True_freshForage', 'True_transport', 'True_animalFeed', 'True_waste', 'True_ingredient', 'True_operation', 'True_soilAmendment', 'True_material', 'True_animalPopulation', 'True_otherChemical', 'True_electricityFuel', 'True_water', 'True_fertiliser']",34,systemBoundary,recalculated,rag,1
"[1, 1, 1, 1, 1, 0, 0, 1, 0, 0, 1, 1, 1, 1, 0, 0, 0, 1, 1]","[1, 1, 1, 1, 1, 0, 0, 1, 0, 0, 1, 0, 1, 1, 0, 0, 1, 1, 0]","['True_product', 'True_ingredient', 'True_animalPopulation', 'True_fertiliser', 'True_freshForage', 'True_excreta', 'True_water', 'True_seed', 'True_waste', 'True_transport', 'True_soilAmendment', 'True_otherChemical', 'True_cropResidue', 'True_liveAnimalInput', 'True_operation', 'True_material', 'True_electricityFuel', 'True_animalFeed', 'True_pesticideVeterinaryDrug']",98,systemBoundary,recalculated,no rag,1
"[1, 1, 1, 1, 1, 0, 0, 1, 0, 0, 1, 1, 1, 1, 0, 0, 1, 1, 0]","[1, 1, 1, 1, 1, 0, 0, 1, 0, 0, 1, 1, 0, 1, 0, 0, 1, 1, 0]","['True_product', 'True_ingredient', 'True_animalPopulation', 'True_fertiliser', 'True_freshForage', 'True_excreta', 'True_water', 'True_seed', 'True_waste', 'True_transport', 'True_soilAmendment', 'True_otherChemical', 'True_cropResidue', 'True_liveAnimalInput', 'True_operation', 'True_material', 'True_electricityFuel', 'True_animalFeed', 'True_pesticideVeterinaryDrug']",68,systemBoundary,recalculated,no rag,1
"[1, 1, 1, 1, 1, 0, 0, 1, 0, 0, 1, 1, 1, 1, 0, 0, 1, 1, 0]","[1, 1, 1, 1, 1, 0, 0, 1, 0, 0, 1, 1, 1, 0, 0, 0, 1, 1, 0]","['True_product', 'True_ingredient', 'True_animalPopulation', 'True_fertiliser', 'True_freshForage', 'True_excreta', 'True_water', 'True_seed', 'True_waste', 'True_transport', 'True_soilAmendment', 'True_otherChemical', 'True_cropResidue', 'True_liveAnimalInput', 'True_operation', 'True_material', 'True_electricityFuel', 'True_animalFeed', 'True_pesticideVeterinaryDrug']",68,systemBoundary,recalculated,no rag,5
"[1, 1, 1, 1, 1, 0, 1, 0, 1, 0, 1, 0, 1, 0, 1, 1, 0, 0, 1]","[1, 1, 1, 1, 0, 0, 1, 0, 1, 0, 1, 0, 1, 0, 1, 1, 1, 0, 1]","['True_liveAnimalInput', 'True_cropResidue', 'True_seed', 'True_product', 'True_pesticideVeterinaryDrug', 'True_excreta', 'True_freshForage', 'True_transport', 'True_animalFeed', 'True_waste', 'True_ingredient', 'True_operation', 'True_soilAmendment', 'True_material', 'True_animalPopulation', 'True_otherChemical', 'True_electricityFuel', 'True_water', 'True_fertiliser']",98,systemBoundary,recalculated,rag,1
"[1, 1, 1, 1, 1, 0, 1, 0, 1, 0, 1, 0, 1, 0, 1, 1, 0, 0, 1]","[1, 1, 1, 1, 1, 1, 1, 0, 1, 0, 1, 0, 1, 0, 1, 0, 0, 0, 1]","['True_liveAnimalInput', 'True_cropResidue', 'True_seed', 'True_product', 'True_pesticideVeterinaryDrug', 'True_excreta', 'True_freshForage', 'True_transport', 'True_animalFeed', 'True_waste', 'True_ingredient', 'True_operation', 'True_soilAmendment', 'True_material', 'True_animalPopulation', 'True_otherChemical', 'True_electricityFuel', 'True_water', 'True_fertiliser']",98,systemBoundary,recalculated,rag,1
"[1, 1, 1, 1, 1, 0, 1, 1, 1, 0, 1, 0, 1, 0, 1, 1, 1, 1, 1]","[1, 1, 1, 1, 1, 0, 1, 0, 1, 0, 1, 0, 1, 0, 1, 1, 1, 1, 1]","['True_liveAnimalInput', 'True_cropResidue', 'True_seed', 'True_product', 'True_pesticideVeterinaryDrug', 'True_excreta', 'True_freshForage', 'True_transport', 'True_animalFeed', 'True_waste', 'True_ingredient', 'True_operation', 'True_soilAmendment', 'True_material', 'True_animalPopulation', 'True_otherChemical', 'True_electricityFuel', 'True_water', 'True_fertiliser']",34,systemBoundary,original,rag,3
"[1, 1, 1, 1, 1, 1, 0, 0, 1, 1, 1, 1, 1, 1, 1, 1, 1, 1, 1]","[0, 1, 1, 1, 0, 1, 0, 0, 1, 1, 1, 1, 1, 1, 0, 1, 1, 1, 0]","['True_waste', 'True_pesticideVeterinaryDrug', 'True_excreta', 'True_fertiliser', 'True_water', 'True_soilAmendment', 'True_operation', 'True_material', 'True_seed', 'True_product', 'True_cropResidue', 'True_liveAnimalInput', 'True_animalFeed', 'True_freshForage', 'True_ingredient', 'True_animalPopulation', 'True_electricityFuel', 'True_otherChemical', 'True_transport']",93,systemBoundary,original,no rag,2
"[1, 1, 1, 1, 1, 1, 0, 0, 1, 1, 1, 1, 1, 1, 1, 1, 1, 1, 1]","[0, 1, 1, 1, 0, 1, 0, 0, 1, 1, 1, 1, 1, 1, 0, 1, 1, 1, 1]","['True_waste', 'True_pesticideVeterinaryDrug', 'True_excreta', 'True_fertiliser', 'True_water', 'True_soilAmendment', 'True_operation', 'True_material', 'True_seed', 'True_product', 'True_cropResidue', 'True_liveAnimalInput', 'True_animalFeed', 'True_freshForage', 'True_ingredient', 'True_animalPopulation', 'True_electricityFuel', 'True_otherChemical', 'True_transport']",93,systemBoundary,original,no rag,2
"[1, 1, 1, 1, 1, 1, 0, 0, 1, 1, 1, 1, 1, 1, 1, 1, 1, 1, 1]","[0, 1, 1, 1, 1, 1, 0, 0, 1, 1, 1, 1, 1, 1, 0, 1, 1, 1, 0]","['True_waste', 'True_pesticideVeterinaryDrug', 'True_excreta', 'True_fertiliser', 'True_water', 'True_soilAmendment', 'True_operation', 'True_material', 'True_seed', 'True_product', 'True_cropResidue', 'True_liveAnimalInput', 'True_animalFeed', 'True_freshForage', 'True_ingredient', 'True_animalPopulation', 'True_electricityFuel', 'True_otherChemical', 'True_transport']",93,systemBoundary,original,no rag,2
"[1, 1, 1, 1, 1, 1, 0, 0, 1, 1, 1, 1, 1, 1, 1, 1, 1, 1, 1]","[0, 1, 1, 1, 1, 1, 0, 0, 1, 1, 1, 1, 1, 1, 0, 1, 1, 1, 1]","['True_waste', 'True_pesticideVeterinaryDrug', 'True_excreta', 'True_fertiliser', 'True_water', 'True_soilAmendment', 'True_operation', 'True_material', 'True_seed', 'True_product', 'True_cropResidue', 'True_liveAnimalInput', 'True_animalFeed', 'True_freshForage', 'True_ingredient', 'True_animalPopulation', 'True_electricityFuel', 'True_otherChemical', 'True_transport']",93,systemBoundary,original,no rag,1
"[1, 1, 1, 1, 1, 1, 0, 1, 0, 0, 1, 1, 1, 1, 0, 0, 0, 1, 0]","[1, 1, 1, 1, 1, 0, 0, 1, 0, 0, 1, 1, 1, 1, 0, 0, 0, 1, 0]","['True_product', 'True_ingredient', 'True_animalPopulation', 'True_fertiliser', 'True_freshForage', 'True_excreta', 'True_water', 'True_seed', 'True_waste', 'True_transport', 'True_soilAmendment', 'True_otherChemical', 'True_cropResidue', 'True_liveAnimalInput', 'True_operation', 'True_material', 'True_electricityFuel', 'True_animalFeed', 'True_pesticideVeterinaryDrug']",82,systemBoundary,recalculated,no rag,3
"[1, 1, 1, 1, 1, 1, 1, 0, 1, 0, 1, 0, 1, 0, 1, 1, 1, 0, 1]","[1, 1, 1, 0, 0, 0, 1, 0, 1, 0, 1, 0, 1, 0, 1, 1, 1, 1, 1]","['True_liveAnimalInput', 'True_cropResidue', 'True_seed', 'True_product', 'True_pesticideVeterinaryDrug', 'True_excreta', 'True_freshForage', 'True_transport', 'True_animalFeed', 'True_waste', 'True_ingredient', 'True_operation', 'True_soilAmendment', 'True_material', 'True_animalPopulation', 'True_otherChemical', 'True_electricityFuel', 'True_water', 'True_fertiliser']",68,systemBoundary,original,rag,1
"[1, 1, 1, 1, 1, 1, 1, 0, 1, 0, 1, 0, 1, 0, 1, 1, 1, 0, 1]","[1, 1, 1, 1, 0, 0, 1, 0, 1, 0, 1, 0, 1, 0, 1, 1, 1, 1, 1]","['True_liveAnimalInput', 'True_cropResidue', 'True_seed', 'True_product', 'True_pesticideVeterinaryDrug', 'True_excreta', 'True_freshForage', 'True_transport', 'True_animalFeed', 'True_waste', 'True_ingredient', 'True_operation', 'True_soilAmendment', 'True_material', 'True_animalPopulation', 'True_otherChemical', 'True_electricityFuel', 'True_water', 'True_fertiliser']",68,systemBoundary,original,rag,3
"[1, 1, 1, 1, 1, 1, 1, 0, 1, 0, 1, 0, 1, 0, 1, 1, 1, 0, 1]","[1, 1, 1, 1, 1, 0, 1, 0, 1, 0, 1, 0, 1, 0, 1, 1, 1, 1, 1]","['True_liveAnimalInput', 'True_cropResidue', 'True_seed', 'True_product', 'True_pesticideVeterinaryDrug', 'True_excreta', 'True_freshForage', 'True_transport', 'True_animalFeed', 'True_waste', 'True_ingredient', 'True_operation', 'True_soilAmendment', 'True_material', 'True_animalPopulation', 'True_otherChemical', 'True_electricityFuel', 'True_water', 'True_fertiliser']",68,systemBoundary,original,rag,2
"[1, 1, 1, 1, 1, 1, 1, 0, 1, 0, 1, 0, 1, 0, 1, 1, 1, 0, 1]","[1, 1, 1, 1, 1, 1, 1, 0, 1, 0, 1, 0, 1, 0, 1, 1, 0, 0, 1]","['True_liveAnimalInput', 'True_cropResidue', 'True_seed', 'True_product', 'True_pesticideVeterinaryDrug', 'True_excreta', 'True_freshForage', 'True_transport', 'True_animalFeed', 'True_waste', 'True_ingredient', 'True_operation', 'True_soilAmendment', 'True_material', 'True_animalPopulation', 'True_otherChemical', 'True_electricityFuel', 'True_water', 'True_fertiliser']",68,systemBoundary,original,rag,1
"[1, 1, 1, 1, 1, 1, 1, 0, 1, 0, 1, 1, 1, 1, 0, 1, 1, 1, 1]","[1, 1, 0, 1, 1, 1, 1, 0, 1, 0, 1, 0, 1, 0, 0, 1, 1, 1, 1]","['True_liveAnimalInput', 'True_cropResidue', 'True_seed', 'True_product', 'True_pesticideVeterinaryDrug', 'True_excreta', 'True_freshForage', 'True_transport', 'True_animalFeed', 'True_waste', 'True_ingredient', 'True_operation', 'True_soilAmendment', 'True_material', 'True_animalPopulation', 'True_otherChemical', 'True_electricityFuel', 'True_water', 'True_fertiliser']",53,systemBoundary,original,rag,1
"[1, 1, 1, 1, 1, 1, 1, 0, 1, 0, 1, 1, 1, 1, 0, 1, 1, 1, 1]","[1, 1, 1, 0, 1, 1, 1, 0, 1, 0, 1, 0, 1, 0, 0, 1, 1, 1, 1]","['True_liveAnimalInput', 'True_cropResidue', 'True_seed', 'True_product', 'True_pesticideVeterinaryDrug', 'True_excreta', 'True_freshForage', 'True_transport', 'True_animalFeed', 'True_waste', 'True_ingredient', 'True_operation', 'True_soilAmendment', 'True_material', 'True_animalPopulation', 'True_otherChemical', 'True_electricityFuel', 'True_water', 'True_fertiliser']",53,systemBoundary,original,rag,1
"[1, 1, 1, 1, 1, 1, 1, 0, 1, 0, 1, 1, 1, 1, 0, 1, 1, 1, 1]","[1, 1, 1, 0, 1, 1, 1, 1, 1, 0, 1, 0, 1, 0, 0, 0, 1, 1, 1]","['True_liveAnimalInput', 'True_cropResidue', 'True_seed', 'True_product', 'True_pesticideVeterinaryDrug', 'True_excreta', 'True_freshForage', 'True_transport', 'True_animalFeed', 'True_waste', 'True_ingredient', 'True_operation', 'True_soilAmendment', 'True_material', 'True_animalPopulation', 'True_otherChemical', 'True_electricityFuel', 'True_water', 'True_fertiliser']",53,systemBoundary,original,rag,1
"[1, 1, 1, 1, 1, 1, 1, 0, 1, 0, 1, 1, 1, 1, 0, 1, 1, 1, 1]","[1, 1, 1, 1, 1, 1, 0, 0, 1, 0, 1, 1, 1, 0, 0, 1, 1, 1, 1]","['True_liveAnimalInput', 'True_cropResidue', 'True_seed', 'True_product', 'True_pesticideVeterinaryDrug', 'True_excreta', 'True_freshForage', 'True_transport', 'True_animalFeed', 'True_waste', 'True_ingredient', 'True_operation', 'True_soilAmendment', 'True_material', 'True_animalPopulation', 'True_otherChemical', 'True_electricityFuel', 'True_water', 'True_fertiliser']",53,systemBoundary,original,rag,1
"[1, 1, 1, 1, 1, 1, 1, 0, 1, 0, 1, 1, 1, 1, 0, 1, 1, 1, 1]","[1, 1, 1, 1, 1, 1, 0, 0, 1, 0, 1, 1, 1, 0, 1, 1, 1, 1, 1]","['True_liveAnimalInput', 'True_cropResidue', 'True_seed', 'True_product', 'True_pesticideVeterinaryDrug', 'True_excreta', 'True_freshForage', 'True_transport', 'True_animalFeed', 'True_waste', 'True_ingredient', 'True_operation', 'True_soilAmendment', 'True_material', 'True_animalPopulation', 'True_otherChemical', 'True_electricityFuel', 'True_water', 'True_fertiliser']",53,systemBoundary,original,rag,1
"[1, 1, 1, 1, 1, 1, 1, 0, 1, 0, 1, 1, 1, 1, 0, 1, 1, 1, 1]","[1, 1, 1, 1, 1, 1, 1, 0, 1, 0, 1, 0, 1, 0, 0, 1, 1, 1, 1]","['True_liveAnimalInput', 'True_cropResidue', 'True_seed', 'True_product', 'True_pesticideVeterinaryDrug', 'True_excreta', 'True_freshForage', 'True_transport', 'True_animalFeed', 'True_waste', 'True_ingredient', 'True_operation', 'True_soilAmendment', 'True_material', 'True_animalPopulation', 'True_otherChemical', 'True_electricityFuel', 'True_water', 'True_fertiliser']",53,systemBoundary,original,rag,1
"[1, 1, 1, 1, 1, 1, 1, 0, 1, 1, 0, 1, 1, 1, 1, 1, 1, 1, 1]","[0, 1, 1, 1, 1, 1, 0, 0, 1, 1, 0, 1, 1, 0, 1, 1, 1, 1, 0]","['True_waste', 'True_pesticideVeterinaryDrug', 'True_excreta', 'True_fertiliser', 'True_water', 'True_soilAmendment', 'True_operation', 'True_material', 'True_seed', 'True_product', 'True_cropResidue', 'True_liveAnimalInput', 'True_animalFeed', 'True_freshForage', 'True_ingredient', 'True_animalPopulation', 'True_electricityFuel', 'True_otherChemical', 'True_transport']",79,systemBoundary,original,no rag,1
"[1, 1, 1, 1, 1, 1, 1, 0, 1, 1, 0, 1, 1, 1, 1, 1, 1, 1, 1]","[0, 1, 1, 1, 1, 1, 1, 0, 1, 1, 0, 1, 1, 0, 1, 1, 1, 1, 0]","['True_waste', 'True_pesticideVeterinaryDrug', 'True_excreta', 'True_fertiliser', 'True_water', 'True_soilAmendment', 'True_operation', 'True_material', 'True_seed', 'True_product', 'True_cropResidue', 'True_liveAnimalInput', 'True_animalFeed', 'True_freshForage', 'True_ingredient', 'True_animalPopulation', 'True_electricityFuel', 'True_otherChemical', 'True_transport']",54,systemBoundary,original,no rag,1
"[1, 1, 1, 1, 1, 1, 1, 0, 1, 1, 0, 1, 1, 1, 1, 1, 1, 1, 1]","[0, 1, 1, 1, 1, 1, 1, 0, 1, 1, 0, 1, 1, 0, 1, 1, 1, 1, 0]","['True_waste', 'True_pesticideVeterinaryDrug', 'True_excreta', 'True_fertiliser', 'True_water', 'True_soilAmendment', 'True_operation', 'True_material', 'True_seed', 'True_product', 'True_cropResidue', 'True_liveAnimalInput', 'True_animalFeed', 'True_freshForage', 'True_ingredient', 'True_animalPopulation', 'True_electricityFuel', 'True_otherChemical', 'True_transport']",79,systemBoundary,original,no rag,1
"[1, 1, 1, 1, 1, 1, 1, 0, 1, 1, 0, 1, 1, 1, 1, 1, 1, 1, 1]","[0, 1, 1, 1, 1, 1, 1, 0, 1, 1, 1, 1, 1, 0, 1, 1, 1, 1, 0]","['True_waste', 'True_pesticideVeterinaryDrug', 'True_excreta', 'True_fertiliser', 'True_water', 'True_soilAmendment', 'True_operation', 'True_material', 'True_seed', 'True_product', 'True_cropResidue', 'True_liveAnimalInput', 'True_animalFeed', 'True_freshForage', 'True_ingredient', 'True_animalPopulation', 'True_electricityFuel', 'True_otherChemical', 'True_transport']",79,systemBoundary,original,no rag,1
"[1, 1, 1, 1, 1, 1, 1, 0, 1, 1, 0, 1, 1, 1, 1, 1, 1, 1, 1]","[1, 1, 1, 1, 1, 1, 0, 0, 1, 1, 0, 1, 1, 0, 1, 1, 1, 1, 0]","['True_waste', 'True_pesticideVeterinaryDrug', 'True_excreta', 'True_fertiliser', 'True_water', 'True_soilAmendment', 'True_operation', 'True_material', 'True_seed', 'True_product', 'True_cropResidue', 'True_liveAnimalInput', 'True_animalFeed', 'True_freshForage', 'True_ingredient', 'True_animalPopulation', 'True_electricityFuel', 'True_otherChemical', 'True_transport']",54,systemBoundary,original,no rag,1
"[1, 1, 1, 1, 1, 1, 1, 0, 1, 1, 0, 1, 1, 1, 1, 1, 1, 1, 1]","[1, 1, 1, 1, 1, 1, 1, 0, 1, 1, 0, 1, 1, 0, 1, 1, 1, 1, 0]","['True_waste', 'True_pesticideVeterinaryDrug', 'True_excreta', 'True_fertiliser', 'True_water', 'True_soilAmendment', 'True_operation', 'True_material', 'True_seed', 'True_product', 'True_cropResidue', 'True_liveAnimalInput', 'True_animalFeed', 'True_freshForage', 'True_ingredient', 'True_animalPopulation', 'True_electricityFuel', 'True_otherChemical', 'True_transport']",54,systemBoundary,original,no rag,3
"[1, 1, 1, 1, 1, 1, 1, 0, 1, 1, 0, 1, 1, 1, 1, 1, 1, 1, 1]","[1, 1, 1, 1, 1, 1, 1, 0, 1, 1, 0, 1, 1, 0, 1, 1, 1, 1, 0]","['True_waste', 'True_pesticideVeterinaryDrug', 'True_excreta', 'True_fertiliser', 'True_water', 'True_soilAmendment', 'True_operation', 'True_material', 'True_seed', 'True_product', 'True_cropResidue', 'True_liveAnimalInput', 'True_animalFeed', 'True_freshForage', 'True_ingredient', 'True_animalPopulation', 'True_electricityFuel', 'True_otherChemical', 'True_transport']",79,systemBoundary,original,no rag,2
"[1, 1, 1, 1, 1, 1, 1, 0, 1, 1, 0, 1, 1, 1, 1, 1, 1, 1, 1]","[1, 1, 1, 1, 1, 1, 1, 0, 1, 1, 0, 1, 1, 0, 1, 1, 1, 1, 1]","['True_waste', 'True_pesticideVeterinaryDrug', 'True_excreta', 'True_fertiliser', 'True_water', 'True_soilAmendment', 'True_operation', 'True_material', 'True_seed', 'True_product', 'True_cropResidue', 'True_liveAnimalInput', 'True_animalFeed', 'True_freshForage', 'True_ingredient', 'True_animalPopulation', 'True_electricityFuel', 'True_otherChemical', 'True_transport']",54,systemBoundary,original,no rag,1
"[1, 1, 1, 1, 1, 1, 1, 0, 1, 1, 0, 1, 1, 1, 1, 1, 1, 1, 1]","[1, 1, 1, 1, 1, 1, 1, 0, 1, 1, 0, 1, 1, 0, 1, 1, 1, 1, 1]","['True_waste', 'True_pesticideVeterinaryDrug', 'True_excreta', 'True_fertiliser', 'True_water', 'True_soilAmendment', 'True_operation', 'True_material', 'True_seed', 'True_product', 'True_cropResidue', 'True_liveAnimalInput', 'True_animalFeed', 'True_freshForage', 'True_ingredient', 'True_animalPopulation', 'True_electricityFuel', 'True_otherChemical', 'True_transport']",79,systemBoundary,original,no rag,1
"[1, 1, 1, 1, 1, 1, 1, 0, 1, 1, 1, 0, 1, 0, 1, 1, 1, 1, 1]","[1, 1, 1, 1, 1, 1, 1, 0, 1, 0, 1, 0, 1, 0, 1, 1, 1, 1, 1]","['True_liveAnimalInput', 'True_cropResidue', 'True_seed', 'True_product', 'True_pesticideVeterinaryDrug', 'True_excreta', 'True_freshForage', 'True_transport', 'True_animalFeed', 'True_waste', 'True_ingredient', 'True_operation', 'True_soilAmendment', 'True_material', 'True_animalPopulation', 'True_otherChemical', 'True_electricityFuel', 'True_water', 'True_fertiliser']",90,systemBoundary,recalculated,rag,4
"[1, 1, 1, 1, 1, 1, 1, 1, 0, 0, 1, 1, 0, 0, 1, 0, 1, 1, 0]","[1, 1, 1, 1, 1, 1, 1, 1, 0, 0, 1, 1, 0, 0, 0, 0, 1, 1, 0]","['True_product', 'True_ingredient', 'True_animalPopulation', 'True_fertiliser', 'True_freshForage', 'True_excreta', 'True_water', 'True_seed', 'True_waste', 'True_transport', 'True_soilAmendment', 'True_otherChemical', 'True_cropResidue', 'True_liveAnimalInput', 'True_operation', 'True_material', 'True_electricityFuel', 'True_animalFeed', 'True_pesticideVeterinaryDrug']",16,systemBoundary,recalculated,no rag,1
"[1, 1, 1, 1, 1, 1, 1, 1, 1, 0, 0, 0, 1, 0, 1, 1, 1, 1, 1]","[1, 1, 1, 1, 1, 1, 1, 1, 1, 0, 1, 0, 1, 0, 1, 1, 1, 1, 1]","['True_liveAnimalInput', 'True_cropResidue', 'True_seed', 'True_product', 'True_pesticideVeterinaryDrug', 'True_excreta', 'True_freshForage', 'True_transport', 'True_animalFeed', 'True_waste', 'True_ingredient', 'True_operation', 'True_soilAmendment', 'True_material', 'True_animalPopulation', 'True_otherChemical', 'True_electricityFuel', 'True_water', 'True_fertiliser']",58,systemBoundary,recalculated,rag,6
"[1, 1, 1, 1, 1, 1, 1, 1, 1, 0, 1, 0, 1, 0, 1, 0, 0, 0, 1]","[1, 1, 1, 1, 1, 1, 1, 0, 1, 0, 1, 0, 1, 0, 1, 0, 0, 0, 1]","['True_liveAnimalInput', 'True_cropResidue', 'True_seed', 'True_product', 'True_pesticideVeterinaryDrug', 'True_excreta', 'True_freshForage', 'True_transport', 'True_animalFeed', 'True_waste', 'True_ingredient', 'True_operation', 'True_soilAmendment', 'True_material', 'True_animalPopulation', 'True_otherChemical', 'True_electricityFuel', 'True_water', 'True_fertiliser']",61,systemBoundary,original,rag,2
"[1, 1, 1, 1, 1, 1, 1, 1, 1, 0, 1, 0, 1, 0, 1, 0, 0, 0, 1]","[1, 1, 1, 1, 1, 1, 1, 0, 1, 0, 1, 0, 1, 0, 1, 0, 0, 0, 1]","['True_liveAnimalInput', 'True_cropResidue', 'True_seed', 'True_product', 'True_pesticideVeterinaryDrug', 'True_excreta', 'True_freshForage', 'True_transport', 'True_animalFeed', 'True_waste', 'True_ingredient', 'True_operation', 'True_soilAmendment', 'True_material', 'True_animalPopulation', 'True_otherChemical', 'True_electricityFuel', 'True_water', 'True_fertiliser']",63,systemBoundary,original,rag,2
"[1, 1, 1, 1, 1, 1, 1, 1, 1, 0, 1, 0, 1, 0, 1, 1, 0, 1, 1]","[1, 1, 1, 1, 1, 1, 1, 0, 1, 0, 1, 0, 1, 0, 1, 1, 0, 1, 1]","['True_liveAnimalInput', 'True_cropResidue', 'True_seed', 'True_product', 'True_pesticideVeterinaryDrug', 'True_excreta', 'True_freshForage', 'True_transport', 'True_animalFeed', 'True_waste', 'True_ingredient', 'True_operation', 'True_soilAmendment', 'True_material', 'True_animalPopulation', 'True_otherChemical', 'True_electricityFuel', 'True_water', 'True_fertiliser']",52,systemBoundary,original,rag,2
"[1, 1, 1, 1, 1, 1, 1, 1, 1, 0, 1, 0, 1, 0, 1, 1, 1, 1, 1]","[1, 1, 1, 1, 1, 1, 1, 0, 1, 0, 1, 0, 1, 0, 1, 1, 1, 1, 1]","['True_liveAnimalInput', 'True_cropResidue', 'True_seed', 'True_product', 'True_pesticideVeterinaryDrug', 'True_excreta', 'True_freshForage', 'True_transport', 'True_animalFeed', 'True_waste', 'True_ingredient', 'True_operation', 'True_soilAmendment', 'True_material', 'True_animalPopulation', 'True_otherChemical', 'True_electricityFuel', 'True_water', 'True_fertiliser']",67,systemBoundary,original,rag,1
"[1, 1, 1, 1, 1, 1, 1, 1, 1, 0, 1, 0, 1, 0, 1, 1, 1, 1, 1]","[1, 1, 1, 1, 1, 1, 1, 0, 1, 1, 1, 0, 1, 0, 1, 1, 1, 1, 1]","['True_liveAnimalInput', 'True_cropResidue', 'True_seed', 'True_product', 'True_pesticideVeterinaryDrug', 'True_excreta', 'True_freshForage', 'True_transport', 'True_animalFeed', 'True_waste', 'True_ingredient', 'True_operation', 'True_soilAmendment', 'True_material', 'True_animalPopulation', 'True_otherChemical', 'True_electricityFuel', 'True_water', 'True_fertiliser']",67,systemBoundary,original,rag,3
"[1, 1, 1, 1, 1, 1, 1, 1, 1, 0, 1, 0, 1, 0, 1, 1, 1, 1, 1]","[1, 1, 1, 1, 1, 1, 1, 1, 1, 0, 0, 0, 1, 0, 1, 1, 1, 1, 1]","['True_liveAnimalInput', 'True_cropResidue', 'True_seed', 'True_product', 'True_pesticideVeterinaryDrug', 'True_excreta', 'True_freshForage', 'True_transport', 'True_animalFeed', 'True_waste', 'True_ingredient', 'True_operation', 'True_soilAmendment', 'True_material', 'True_animalPopulation', 'True_otherChemical', 'True_electricityFuel', 'True_water', 'True_fertiliser']",67,systemBoundary,original,rag,1
"[1, 1, 1, 1, 1, 1, 1, 1, 1, 0, 1, 0, 1, 0, 1, 1, 1, 1, 1]","[1, 1, 1, 1, 1, 1, 1, 1, 1, 1, 1, 0, 1, 0, 1, 1, 1, 1, 1]","['True_liveAnimalInput', 'True_cropResidue', 'True_seed', 'True_product', 'True_pesticideVeterinaryDrug', 'True_excreta', 'True_freshForage', 'True_transport', 'True_animalFeed', 'True_waste', 'True_ingredient', 'True_operation', 'True_soilAmendment', 'True_material', 'True_animalPopulation', 'True_otherChemical', 'True_electricityFuel', 'True_water', 'True_fertiliser']",67,systemBoundary,original,rag,1
"[1, 1, 1, 1, 1, 1, 1, 1, 1, 0, 1, 1, 1, 1, 0, 0, 1, 1, 0]","[1, 1, 1, 1, 1, 1, 1, 1, 1, 0, 1, 1, 1, 0, 0, 0, 1, 1, 0]","['True_product', 'True_ingredient', 'True_animalPopulation', 'True_fertiliser', 'True_freshForage', 'True_excreta', 'True_water', 'True_seed', 'True_waste', 'True_transport', 'True_soilAmendment', 'True_otherChemical', 'True_cropResidue', 'True_liveAnimalInput', 'True_operation', 'True_material', 'True_electricityFuel', 'True_animalFeed', 'True_pesticideVeterinaryDrug']",34,systemBoundary,recalculated,no rag,2
"[1, 1, 1, 1, 1, 1, 1, 1, 1, 0, 1, 1, 1, 1, 0, 0, 1, 1, 1]","[0, 1, 1, 1, 1, 1, 1, 0, 0, 0, 1, 1, 1, 1, 0, 0, 1, 1, 1]","['True_product', 'True_ingredient', 'True_animalPopulation', 'True_fertiliser', 'True_freshForage', 'True_excreta', 'True_water', 'True_seed', 'True_waste', 'True_transport', 'True_soilAmendment', 'True_otherChemical', 'True_cropResidue', 'True_liveAnimalInput', 'True_operation', 'True_material', 'True_electricityFuel', 'True_animalFeed', 'True_pesticideVeterinaryDrug']",90,systemBoundary,recalculated,no rag,1
"[1, 1, 1, 1, 1, 1, 1, 1, 1, 0, 1, 1, 1, 1, 0, 0, 1, 1, 1]","[0, 1, 1, 1, 1, 1, 1, 1, 0, 0, 1, 1, 1, 1, 0, 0, 1, 1, 1]","['True_product', 'True_ingredient', 'True_animalPopulation', 'True_fertiliser', 'True_freshForage', 'True_excreta', 'True_water', 'True_seed', 'True_waste', 'True_transport', 'True_soilAmendment', 'True_otherChemical', 'True_cropResidue', 'True_liveAnimalInput', 'True_operation', 'True_material', 'True_electricityFuel', 'True_animalFeed', 'True_pesticideVeterinaryDrug']",90,systemBoundary,recalculated,no rag,2
"[1, 1, 1, 1, 1, 1, 1, 1, 1, 0, 1, 1, 1, 1, 0, 0, 1, 1, 1]","[1, 1, 1, 1, 1, 1, 1, 1, 0, 0, 1, 1, 1, 1, 0, 0, 1, 1, 1]","['True_product', 'True_ingredient', 'True_animalPopulation', 'True_fertiliser', 'True_freshForage', 'True_excreta', 'True_water', 'True_seed', 'True_waste', 'True_transport', 'True_soilAmendment', 'True_otherChemical', 'True_cropResidue', 'True_liveAnimalInput', 'True_operation', 'True_material', 'True_electricityFuel', 'True_animalFeed', 'True_pesticideVeterinaryDrug']",90,systemBoundary,recalculated,no rag,1
"[1, 1, 1, 1, 1, 1, 1, 1, 1, 1, 1, 0, 1, 0, 1, 1, 1, 1, 1]","[1, 1, 1, 0, 1, 1, 1, 0, 1, 0, 0, 0, 1, 0, 1, 1, 1, 0, 1]","['True_liveAnimalInput', 'True_cropResidue', 'True_seed', 'True_product', 'True_pesticideVeterinaryDrug', 'True_excreta', 'True_freshForage', 'True_transport', 'True_animalFeed', 'True_waste', 'True_ingredient', 'True_operation', 'True_soilAmendment', 'True_material', 'True_animalPopulation', 'True_otherChemical', 'True_electricityFuel', 'True_water', 'True_fertiliser']",93,systemBoundary,original,rag,1
"[1, 1, 1, 1, 1, 1, 1, 1, 1, 1, 1, 0, 1, 0, 1, 1, 1, 1, 1]","[1, 1, 1, 0, 1, 1, 1, 0, 1, 0, 0, 0, 1, 0, 1, 1, 1, 1, 1]","['True_liveAnimalInput', 'True_cropResidue', 'True_seed', 'True_product', 'True_pesticideVeterinaryDrug', 'True_excreta', 'True_freshForage', 'True_transport', 'True_animalFeed', 'True_waste', 'True_ingredient', 'True_operation', 'True_soilAmendment', 'True_material', 'True_animalPopulation', 'True_otherChemical', 'True_electricityFuel', 'True_water', 'True_fertiliser']",59,systemBoundary,recalculated,rag,1
"[1, 1, 1, 1, 1, 1, 1, 1, 1, 1, 1, 0, 1, 0, 1, 1, 1, 1, 1]","[1, 1, 1, 0, 1, 1, 1, 0, 1, 0, 0, 0, 1, 0, 1, 1, 1, 1, 1]","['True_liveAnimalInput', 'True_cropResidue', 'True_seed', 'True_product', 'True_pesticideVeterinaryDrug', 'True_excreta', 'True_freshForage', 'True_transport', 'True_animalFeed', 'True_waste', 'True_ingredient', 'True_operation', 'True_soilAmendment', 'True_material', 'True_animalPopulation', 'True_otherChemical', 'True_electricityFuel', 'True_water', 'True_fertiliser']",93,systemBoundary,original,rag,1
"[1, 1, 1, 1, 1, 1, 1, 1, 1, 1, 1, 0, 1, 0, 1, 1, 1, 1, 1]","[1, 1, 1, 0, 1, 1, 1, 1, 1, 0, 0, 0, 1, 0, 1, 1, 1, 1, 1]","['True_liveAnimalInput', 'True_cropResidue', 'True_seed', 'True_product', 'True_pesticideVeterinaryDrug', 'True_excreta', 'True_freshForage', 'True_transport', 'True_animalFeed', 'True_waste', 'True_ingredient', 'True_operation', 'True_soilAmendment', 'True_material', 'True_animalPopulation', 'True_otherChemical', 'True_electricityFuel', 'True_water', 'True_fertiliser']",93,systemBoundary,original,rag,1
"[1, 1, 1, 1, 1, 1, 1, 1, 1, 1, 1, 0, 1, 0, 1, 1, 1, 1, 1]","[1, 1, 1, 1, 1, 1, 1, 0, 1, 0, 0, 0, 1, 0, 1, 1, 1, 0, 1]","['True_liveAnimalInput', 'True_cropResidue', 'True_seed', 'True_product', 'True_pesticideVeterinaryDrug', 'True_excreta', 'True_freshForage', 'True_transport', 'True_animalFeed', 'True_waste', 'True_ingredient', 'True_operation', 'True_soilAmendment', 'True_material', 'True_animalPopulation', 'True_otherChemical', 'True_electricityFuel', 'True_water', 'True_fertiliser']",93,systemBoundary,original,rag,2
"[1, 1, 1, 1, 1, 1, 1, 1, 1, 1, 1, 0, 1, 0, 1, 1, 1, 1, 1]","[1, 1, 1, 1, 1, 1, 1, 0, 1, 0, 0, 0, 1, 0, 1, 1, 1, 1, 1]","['True_liveAnimalInput', 'True_cropResidue', 'True_seed', 'True_product', 'True_pesticideVeterinaryDrug', 'True_excreta', 'True_freshForage', 'True_transport', 'True_animalFeed', 'True_waste', 'True_ingredient', 'True_operation', 'True_soilAmendment', 'True_material', 'True_animalPopulation', 'True_otherChemical', 'True_electricityFuel', 'True_water', 'True_fertiliser']",93,systemBoundary,original,rag,1
"[1, 1, 1, 1, 1, 1, 1, 1, 1, 1, 1, 0, 1, 0, 1, 1, 1, 1, 1]","[1, 1, 1, 1, 1, 1, 1, 0, 1, 0, 1, 0, 1, 0, 1, 1, 1, 1, 1]","['True_liveAnimalInput', 'True_cropResidue', 'True_seed', 'True_product', 'True_pesticideVeterinaryDrug', 'True_excreta', 'True_freshForage', 'True_transport', 'True_animalFeed', 'True_waste', 'True_ingredient', 'True_operation', 'True_soilAmendment', 'True_material', 'True_animalPopulation', 'True_otherChemical', 'True_electricityFuel', 'True_water', 'True_fertiliser']",93,systemBoundary,original,rag,1
"[1, 1, 1, 1, 1, 1, 1, 1, 1, 1, 1, 0, 1, 0, 1, 1, 1, 1, 1]","[1, 1, 1, 1, 1, 1, 1, 1, 1, 0, 0, 0, 1, 0, 1, 1, 1, 1, 1]","['True_liveAnimalInput', 'True_cropResidue', 'True_seed', 'True_product', 'True_pesticideVeterinaryDrug', 'True_excreta', 'True_freshForage', 'True_transport', 'True_animalFeed', 'True_waste', 'True_ingredient', 'True_operation', 'True_soilAmendment', 'True_material', 'True_animalPopulation', 'True_otherChemical', 'True_electricityFuel', 'True_water', 'True_fertiliser']",59,systemBoundary,recalculated,rag,5
"[1, 1, 1, 1, 1, 1, 1, 1, 1, 1, 1, 0, 1, 0, 1, 1, 1, 1, 1]","[1, 1, 1, 1, 1, 1, 1, 1, 1, 0, 1, 0, 1, 0, 1, 1, 1, 1, 1]","['True_liveAnimalInput', 'True_cropResidue', 'True_seed', 'True_product', 'True_pesticideVeterinaryDrug', 'True_excreta', 'True_freshForage', 'True_transport', 'True_animalFeed', 'True_waste', 'True_ingredient', 'True_operation', 'True_soilAmendment', 'True_material', 'True_animalPopulation', 'True_otherChemical', 'True_electricityFuel', 'True_water', 'True_fertiliser']",59,systemBoundary,recalculated,rag,1
"[1, 1, 1, 1, 1, 1, 1, 1, 1, 1, 1, 1, 1, 1, 0, 0, 1, 1, 1]","[0, 0, 1, 1, 1, 1, 0, 1, 0, 0, 1, 1, 1, 1, 0, 0, 1, 1, 1]","['True_product', 'True_ingredient', 'True_animalPopulation', 'True_fertiliser', 'True_freshForage', 'True_excreta', 'True_water', 'True_seed', 'True_waste', 'True_transport', 'True_soilAmendment', 'True_otherChemical', 'True_cropResidue', 'True_liveAnimalInput', 'True_operation', 'True_material', 'True_electricityFuel', 'True_animalFeed', 'True_pesticideVeterinaryDrug']",59,systemBoundary,recalculated,no rag,1
"[1, 1, 1, 1, 1, 1, 1, 1, 1, 1, 1, 1, 1, 1, 0, 0, 1, 1, 1]","[1, 0, 1, 1, 1, 1, 1, 1, 0, 0, 1, 1, 1, 1, 0, 0, 1, 1, 1]","['True_product', 'True_ingredient', 'True_animalPopulation', 'True_fertiliser', 'True_freshForage', 'True_excreta', 'True_water', 'True_seed', 'True_waste', 'True_transport', 'True_soilAmendment', 'True_otherChemical', 'True_cropResidue', 'True_liveAnimalInput', 'True_operation', 'True_material', 'True_electricityFuel', 'True_animalFeed', 'True_pesticideVeterinaryDrug']",59,systemBoundary,recalculated,no rag,1
"[1, 1, 1, 1, 1, 1, 1, 1, 1, 1, 1, 1, 1, 1, 0, 0, 1, 1, 1]","[1, 0, 1, 1, 1, 1, 1, 1, 0, 1, 1, 1, 1, 1, 0, 0, 1, 1, 1]","['True_product', 'True_ingredient', 'True_animalPopulation', 'True_fertiliser', 'True_freshForage', 'True_excreta', 'True_water', 'True_seed', 'True_waste', 'True_transport', 'True_soilAmendment', 'True_otherChemical', 'True_cropResidue', 'True_liveAnimalInput', 'True_operation', 'True_material', 'True_electricityFuel', 'True_animalFeed', 'True_pesticideVeterinaryDrug']",59,systemBoundary,recalculated,no rag,4
"[1, 1, 1, 1, 1, 1, 1, 1, 1, 1, 1, 1, 1, 1, 0, 0, 1, 1, 1]","[1, 1, 1, 1, 1, 1, 1, 1, 0, 0, 1, 1, 1, 1, 0, 0, 1, 1, 1]","['True_product', 'True_ingredient', 'True_animalPopulation', 'True_fertiliser', 'True_freshForage', 'True_excreta', 'True_water', 'True_seed', 'True_waste', 'True_transport', 'True_soilAmendment', 'True_otherChemical', 'True_cropResidue', 'True_liveAnimalInput', 'True_operation', 'True_material', 'True_electricityFuel', 'True_animalFeed', 'True_pesticideVeterinaryDrug']",59,systemBoundary,recalculated,no rag,1
