siteID,siteDescription,siteName,siteType,siteLocation,cycleID,cycleDescription,cycleMethodClassification,functionalUnit,sourceID,DOI,title,notes,intendedApplication,studyReasons,intendedAudience,comparativeAssertions,IAname,IAallocationMethod,IA_productName,IA_productUnit,systemBoundaryCompleteness.animalFeed,systemBoundaryCompleteness.animalPopulation,systemBoundaryCompleteness.cropResidue,systemBoundaryCompleteness.electricityFuel,systemBoundaryCompleteness.excreta,systemBoundaryCompleteness.fertiliser,systemBoundaryCompleteness.freshForage,systemBoundaryCompleteness.ingredient,systemBoundaryCompleteness.liveAnimalInput,systemBoundaryCompleteness.material,systemBoundaryCompleteness.operation,systemBoundaryCompleteness.otherChemical,systemBoundaryCompleteness.pesticideVeterinaryDrug,systemBoundaryCompleteness.product,systemBoundaryCompleteness.seed,systemBoundaryCompleteness.soilAmendment,systemBoundaryCompleteness.transport,systemBoundaryCompleteness.waste,systemBoundaryCompleteness.water
gkzvh5qiabmk,Blue farming system,"Permanent pasture - Rothamsted Research - West Devon, United Kingdom - Blue farming system",permanent pasture,United Kingdom - West Devon,x_4reiabz9jh,Blue-2019,non-verified survey data,relative,lfvrcxbnt18h,10.1111/ejss.12350,"The North Wyke Farm Platform: effect of temperate grassland farming systems on soil moisture contents, runoff and associated water quality dynamics",The North Wyke Farm Platform is a UK National Bioscience Research Infrastructure (NBRI) supported by the Biotechnology and Biological Sciences Research Council (BBS/E/RH/23NB0008).,,,,,"Sheep, lamb (weaned) - United Kingdom - 2020-01-01",economic,"Sheep, lamb (weaned)",number,True,True,False,True,False,True,False,True,True,False,True,True,True,True,True,True,False,False,False
ydym8qznnjsc,,"Animal housing - Schleswig-Holstein, Germany",animal housing,Germany - Schleswig-Holstein,_dldupxvammj,Sow and piglet,non-verified survey data,relative,52qaw04y-e83,,Schweinereport 2010,A series of pig reports.,,,,,"Pig, piglet - Germany - 2010",economic,"Pig, piglet",number,True,True,True,False,False,True,True,True,True,False,False,True,False,True,True,True,False,True,False
vdg5bgnd3hl2,Red farming system,"Permanent pasture - Rothamsted Research - West Devon, United Kingdom - Red farming system",permanent pasture,United Kingdom - West Devon,93xkm7xeljf7,Red-2019,non-verified survey data,relative,lfvrcxbnt18h,10.1111/ejss.12350,"The North Wyke Farm Platform: effect of temperate grassland farming systems on soil moisture contents, runoff and associated water quality dynamics",The North Wyke Farm Platform is a UK National Bioscience Research Infrastructure (NBRI) supported by the Biotechnology and Biological Sciences Research Council (BBS/E/RH/23NB0008).,,,,,"Beef cattle, steer - United Kingdom - 2020-01-01",economic,"Beef cattle, steer",number,True,True,False,True,False,True,False,True,True,False,True,True,True,True,True,True,False,False,False
5okpc67r4pdc,"Cerrado (Goiás, Mato Grosso do Sul, Mato Grosso, Tocantins and Minas Gerais states)","Permanent pasture - Brazil - Cerrado (Goiás, Mato Grosso do...",permanent pasture,Brazil,cbxes5nfzodk,"Beef, fertilized Guinea grass (Panicum maximum cv. Tanzânia) pasture + 75-day finishing period in confinement (Scenario 5)",inconsistent external sources,relative,si5hdtbv8hly,10.1016/j.agsy.2015.12.007,Impact of the intensification of beef production in Brazil on greenhouse gas emissions and land use,"No end date for Cycle provided. Assumed to be 2014. Error in electricity unit corrected here (Table 5 reports values in kWh, not MWh). Mineral salts described as 60% CaCO3 and 40% Ca3(PO4)2 in the text. Age at slaughter from supplementary material, sheet ""B1, Herd composition"". Error in carcass weight (Supplementary matrial, sheet B1 ""Herd composition"") corrected here (see Joseph Poore edits). Vaccines used, but data not provided.",,,,,"Beef cattle, cow - Brazil - 2014",none,"Beef cattle, cow",number,True,True,True,True,True,True,False,True,True,False,False,True,False,True,True,True,False,False,False
gkzvh5qiabmk,Blue farming system,"Permanent pasture - Rothamsted Research - West Devon, United Kingdom - Blue farming system",permanent pasture,United Kingdom - West Devon,xccakim_7aql,Blue-2011,non-verified survey data,relative,lfvrcxbnt18h,10.1111/ejss.12350,"The North Wyke Farm Platform: effect of temperate grassland farming systems on soil moisture contents, runoff and associated water quality dynamics",The North Wyke Farm Platform is a UK National Bioscience Research Infrastructure (NBRI) supported by the Biotechnology and Biological Sciences Research Council (BBS/E/RH/23NB0008).,,,,,"Sheep, lamb - United Kingdom - 2012-01-01",economic,"Sheep, lamb",number,True,True,False,True,False,True,False,True,True,False,True,True,True,True,True,True,False,False,False
6mhksqasil3_,,"Animal housing - Schleswig-Holstein, Germany",animal housing,Germany - Schleswig-Holstein,943ir1_6zcmf,Sow and piglet,non-verified survey data,relative,4-jkm6jpxppo,,Schweinereport 2014,A series of pig reports.,,,,,"Pig, sow - Germany - 2014",economic,"Pig, sow",number,True,True,True,False,False,True,True,True,True,False,False,True,False,True,True,True,False,False,False
vdg5bgnd3hl2,Red farming system,"Permanent pasture - Rothamsted Research - West Devon, United Kingdom - Red farming system",permanent pasture,United Kingdom - West Devon,rc7znaubqmmq,Red-2013,non-verified survey data,relative,lfvrcxbnt18h,10.1111/ejss.12350,"The North Wyke Farm Platform: effect of temperate grassland farming systems on soil moisture contents, runoff and associated water quality dynamics",The North Wyke Farm Platform is a UK National Bioscience Research Infrastructure (NBRI) supported by the Biotechnology and Biological Sciences Research Council (BBS/E/RH/23NB0008).,,,,,"Beef cattle, heifer - United Kingdom - 2014-01-01",economic,"Beef cattle, heifer",number,True,True,False,True,False,True,False,True,True,False,True,True,True,True,True,True,False,False,False
vdg5bgnd3hl2,Red farming system,"Permanent pasture - Rothamsted Research - West Devon, United Kingdom - Red farming system",permanent pasture,United Kingdom - West Devon,ltuldd6ydbpf,Red-2020,non-verified survey data,relative,lfvrcxbnt18h,10.1111/ejss.12350,"The North Wyke Farm Platform: effect of temperate grassland farming systems on soil moisture contents, runoff and associated water quality dynamics",The North Wyke Farm Platform is a UK National Bioscience Research Infrastructure (NBRI) supported by the Biotechnology and Biological Sciences Research Council (BBS/E/RH/23NB0008).,,,,,"Beef cattle, heifer - United Kingdom - 2020-12-31",economic,"Beef cattle, heifer",number,True,True,False,True,False,True,False,True,True,False,True,True,True,True,True,True,False,False,False
jxiosh2w3cfm,,Agri-food processor - Netherlands,agri-food processor,Netherlands,wqysltnb205a,Slaughter - Organic,consistent external sources,relative,j9vcbxofbrwg,10.18174/518522,Economics of broiler production systems in the Netherlands: Economic aspects within the Greenwell sustainability assessment model,,,,,,"Meat, chicken, breast - Netherlands - 2017",economic,"Meat, chicken, breast",kg ready-to-cook weight,True,True,True,False,True,True,True,True,True,False,False,True,True,True,True,True,False,False,False
gkzvh5qiabmk,Blue farming system,"Permanent pasture - Rothamsted Research - West Devon, United Kingdom - Blue farming system",permanent pasture,United Kingdom - West Devon,tbwsugf32k4l,Blue-2016,non-verified survey data,relative,lfvrcxbnt18h,10.1111/ejss.12350,"The North Wyke Farm Platform: effect of temperate grassland farming systems on soil moisture contents, runoff and associated water quality dynamics",The North Wyke Farm Platform is a UK National Bioscience Research Infrastructure (NBRI) supported by the Biotechnology and Biological Sciences Research Council (BBS/E/RH/23NB0008).,,,,,"Beef cattle, steer - United Kingdom - 2016-12-31",economic,"Beef cattle, steer",number,True,True,False,True,False,True,False,True,True,False,True,True,True,True,True,True,False,False,False
gkzvh5qiabmk,Blue farming system,"Permanent pasture - Rothamsted Research - West Devon, United Kingdom - Blue farming system",permanent pasture,United Kingdom - West Devon,s0c-4lhytwh3,Blue-2022,non-verified survey data,relative,lfvrcxbnt18h,10.1111/ejss.12350,"The North Wyke Farm Platform: effect of temperate grassland farming systems on soil moisture contents, runoff and associated water quality dynamics",The North Wyke Farm Platform is a UK National Bioscience Research Infrastructure (NBRI) supported by the Biotechnology and Biological Sciences Research Council (BBS/E/RH/23NB0008).,,,,,"Beef cattle, calf (female, weaned) - United Kingdom - 2023-01-01",economic,"Beef cattle, calf (female, weaned)",number,True,True,False,True,False,True,False,True,True,False,True,True,True,True,True,True,False,False,False
vdg5bgnd3hl2,Red farming system,"Permanent pasture - Rothamsted Research - West Devon, United Kingdom - Red farming system",permanent pasture,United Kingdom - West Devon,93xkm7xeljf7,Red-2019,non-verified survey data,relative,lfvrcxbnt18h,10.1111/ejss.12350,"The North Wyke Farm Platform: effect of temperate grassland farming systems on soil moisture contents, runoff and associated water quality dynamics",The North Wyke Farm Platform is a UK National Bioscience Research Infrastructure (NBRI) supported by the Biotechnology and Biological Sciences Research Council (BBS/E/RH/23NB0008).,,,,,"Sheep, lamb (weaned) - United Kingdom - 2020-01-01",economic,"Sheep, lamb (weaned)",number,True,True,False,True,False,True,False,True,True,False,True,True,True,True,True,True,False,False,False
__w7okds1iyg,"Farm in the Western Frontier region of the state of Reio Grande do Sul in the Southern part of Brazil. For each cycle, we use the stocking density and the number of animals to calculate how ma ny hectares are used for each cycle","Permanent pasture - Sao Lucas Farm - Rio Grande do Sul, Brazil - Farm in the Western Frontier r...",permanent pasture,Brazil - Rio Grande do Sul,5dujofmzzpmx,Scneario 6: Natural grass supplemented with protein mineralised salt,physical measurement,relative,_gzgjmujsbln,10.1016/j.jclepro.2014.01.037,Carbon footprint in different beef production systems on a southern Brazilian farm: A case study,This paper is also going to require an animal weighting similar to Sequiera & Duru,,,,,"Beef cattle, steer - Brazil - 2006-10-23",none,"Beef cattle, steer",number,False,True,True,False,False,True,False,True,False,False,False,True,False,True,False,False,False,True,False
0r-o9co2h6jj,,"Agri-food processor - Meath, Ireland",agri-food processor,Ireland - Meath,lylw8mkjwkrx,Cycle representing the slaughter of the animals produced during the production cycle,physical measurement,relative,adq-l4cpvkng,10.1016/j.animal.2021.100247,Life cycle assessment of pasture-based suckler steer weanling-to-beef production systems: Effect of breed and slaughter age,,,,,,"Meat, beef cattle (cold carcass weight) - Ireland - 2017",economic,"Meat, beef cattle (cold carcass weight)",kg cold carcass weight,True,True,True,False,True,True,True,True,True,False,False,True,True,True,True,True,False,False,True
kubvco303e9z,Great Lakes region of USA,Animal housing - United States - Great Lakes region of USA,animal housing,United States,misof_oo0syq,,inconsistent external sources,relative,dr_jmmuqpfzs,10.3168/jds.2016-12325,Grazing intensity affects the environmental impact of dairy systems,,,,,,"Meat, dairy cattle (cold carcass weight) - United States - 2016",economic,"Meat, dairy cattle (cold carcass weight)",kg cold carcass weight,True,True,False,True,False,True,True,True,True,False,False,True,False,True,True,True,False,False,False
9-loprmmivnu,They do not provide much information on site.,Animal housing - Denmark - They do not provide much infor...,animal housing,Denmark,4sp_g1icv7ot,Piglet herds-2012,non-verified survey data,relative,wcfuerr47b3k,,LANDSGENNEMSNIT FOR PRODUKTIVITET SVINEPRODUKTIONEN 2016,,,,,,Pig - Denmark - 2012,none required,Pig,number,True,True,True,False,False,True,True,True,True,False,False,True,False,True,True,True,False,False,False
spnubbolkokv,Green farming system,"Permanent pasture - Rothamsted Research - West Devon, United Kingdom - Green farming system",permanent pasture,United Kingdom - West Devon,oewixdlrufdd,Green-2016,non-verified survey data,relative,lfvrcxbnt18h,10.1111/ejss.12350,"The North Wyke Farm Platform: effect of temperate grassland farming systems on soil moisture contents, runoff and associated water quality dynamics",The North Wyke Farm Platform is a UK National Bioscience Research Infrastructure (NBRI) supported by the Biotechnology and Biological Sciences Research Council (BBS/E/RH/23NB0008).,,,,,"Sheep, ewe - United Kingdom - 2016-12-31",economic,"Sheep, ewe",number,True,True,False,True,False,True,False,True,True,False,True,True,True,True,True,True,False,False,False
wvqrml7siute,,"Animal housing - Nordrhein-Westfalen, Germany",animal housing,Germany - Nordrhein-Westfalen,g51ei0syz8jf,Fattening-SAA,consistent external sources,relative,xbapgf7gu9eu,,"European Grain Legumes - Environment-Friendly Animal Feed? Life Cycle Assessment of Pork, Chicken, Meat, Egg, and Milk Production",,,,,,Pig - Germany - 2005,economic,Pig,number,True,True,True,False,True,True,True,True,True,False,False,True,False,True,True,True,False,False,False
gkzvh5qiabmk,Blue farming system,"Permanent pasture - Rothamsted Research - West Devon, United Kingdom - Blue farming system",permanent pasture,United Kingdom - West Devon,q9tv7n_pmiff,Blue-2018,non-verified survey data,relative,lfvrcxbnt18h,10.1111/ejss.12350,"The North Wyke Farm Platform: effect of temperate grassland farming systems on soil moisture contents, runoff and associated water quality dynamics",The North Wyke Farm Platform is a UK National Bioscience Research Infrastructure (NBRI) supported by the Biotechnology and Biological Sciences Research Council (BBS/E/RH/23NB0008).,,,,,"Sheep, ewe - United Kingdom - 2019-01-01",economic,"Sheep, ewe",number,True,True,False,True,False,True,False,True,True,False,True,True,True,True,True,True,False,False,False
ipipmbgxud66,DairyNZ/LIC (2018) New Zealand Dairy Statistics 2019,Permanent pasture - Fonterra - New Zealand - DairyNZ/LIC (2018) New Zealand...,permanent pasture,New Zealand,_uuy4uxshvng,,consistent external sources,1 ha,a-zra9lig9k4,10.3168/jds.2019-17182,"Temporal, spatial, and management variability in the carbon footprint of New Zealand milk",,,,,,"Dairy cattle, cow - New Zealand - 2014",economic,"Dairy cattle, cow",number,True,False,True,False,False,True,True,True,True,False,False,True,False,True,False,True,False,False,False
cook0stf33nt,,"Animal housing - Meath, Ireland",animal housing,Ireland - Meath,xbrzenvnank5,,physical measurement,relative,qprqdskyqqgi,10.1016/j.agsy.2023.103672,"Pasture-finishing of late-maturing bulls or steers in a suckler calf-to-beef system: Animal production, meat quality, economics, greenhouse gas emissions and human-edible food-feed efficiency",,,,,,"Beef cattle, steer - Ireland - 2015",economic,"Beef cattle, steer",number,False,True,True,False,False,True,False,True,True,False,False,True,False,True,True,True,False,False,False
spnubbolkokv,Green farming system,"Permanent pasture - Rothamsted Research - West Devon, United Kingdom - Green farming system",permanent pasture,United Kingdom - West Devon,4fvndcfaytjq,Green-2014,non-verified survey data,relative,lfvrcxbnt18h,10.1111/ejss.12350,"The North Wyke Farm Platform: effect of temperate grassland farming systems on soil moisture contents, runoff and associated water quality dynamics",The North Wyke Farm Platform is a UK National Bioscience Research Infrastructure (NBRI) supported by the Biotechnology and Biological Sciences Research Council (BBS/E/RH/23NB0008).,,,,,"Sheep, lamb - United Kingdom - 2015-01-01",economic,"Sheep, lamb",number,True,True,False,True,False,True,False,True,True,False,True,True,True,True,True,True,False,False,False
spnubbolkokv,Green farming system,"Permanent pasture - Rothamsted Research - West Devon, United Kingdom - Green farming system",permanent pasture,United Kingdom - West Devon,hg69ta4xyz-h,Green-2012,non-verified survey data,relative,lfvrcxbnt18h,10.1111/ejss.12350,"The North Wyke Farm Platform: effect of temperate grassland farming systems on soil moisture contents, runoff and associated water quality dynamics",The North Wyke Farm Platform is a UK National Bioscience Research Infrastructure (NBRI) supported by the Biotechnology and Biological Sciences Research Council (BBS/E/RH/23NB0008).,,,,,"Sheep, ewe - United Kingdom - 2013-01-01",economic,"Sheep, ewe",number,True,True,False,True,False,True,False,True,True,False,True,True,True,True,True,True,False,False,False
vdg5bgnd3hl2,Red farming system,"Permanent pasture - Rothamsted Research - West Devon, United Kingdom - Red farming system",permanent pasture,United Kingdom - West Devon,d4omhedd1gdc,Red-2016,non-verified survey data,relative,lfvrcxbnt18h,10.1111/ejss.12350,"The North Wyke Farm Platform: effect of temperate grassland farming systems on soil moisture contents, runoff and associated water quality dynamics",The North Wyke Farm Platform is a UK National Bioscience Research Infrastructure (NBRI) supported by the Biotechnology and Biological Sciences Research Council (BBS/E/RH/23NB0008).,,,,,"Beef cattle, heifer - United Kingdom - 2016-12-31",economic,"Beef cattle, heifer",number,True,True,False,True,False,True,False,True,True,False,True,True,True,True,True,True,False,False,False
clmvhdpxenjk,,Permanent pasture - United Kingdom,permanent pasture,United Kingdom,6thxgdov8dqp,Average annual production cycle of 12 upland sheep farms across England and Wales.,non-verified survey data,relative,mroy2usjfur5,10.1016/j.agsy.2013.09.006,The carbon footprint of lamb: Sources of variation and opportunities for mitigation,The split between pasture and housing (and thus the 2 different excreta mangement practices) in each of the three systems is based on assumption.,,,,,Sheep - United Kingdom - 2011,economic,Sheep,number,True,True,False,False,False,True,False,True,True,False,False,False,False,True,True,False,False,False,False
spnubbolkokv,Green farming system,"Permanent pasture - Rothamsted Research - West Devon, United Kingdom - Green farming system",permanent pasture,United Kingdom - West Devon,kydwtvt3yzob,Green-2011,non-verified survey data,relative,lfvrcxbnt18h,10.1111/ejss.12350,"The North Wyke Farm Platform: effect of temperate grassland farming systems on soil moisture contents, runoff and associated water quality dynamics",The North Wyke Farm Platform is a UK National Bioscience Research Infrastructure (NBRI) supported by the Biotechnology and Biological Sciences Research Council (BBS/E/RH/23NB0008).,,,,,"Beef cattle, steer - United Kingdom - 2012-01-01",economic,"Beef cattle, steer",number,True,True,False,True,False,True,False,True,True,False,True,True,True,True,True,True,False,False,False
gkzvh5qiabmk,Blue farming system,"Permanent pasture - Rothamsted Research - West Devon, United Kingdom - Blue farming system",permanent pasture,United Kingdom - West Devon,xccakim_7aql,Blue-2011,non-verified survey data,relative,lfvrcxbnt18h,10.1111/ejss.12350,"The North Wyke Farm Platform: effect of temperate grassland farming systems on soil moisture contents, runoff and associated water quality dynamics",The North Wyke Farm Platform is a UK National Bioscience Research Infrastructure (NBRI) supported by the Biotechnology and Biological Sciences Research Council (BBS/E/RH/23NB0008).,,,,,"Beef cattle, steer - United Kingdom - 2012-01-01",economic,"Beef cattle, steer",number,True,True,False,True,False,True,False,True,True,False,True,True,True,True,True,True,False,False,False
ynqi0jwpqj9b,Cycle for the conversion of animal to meat,"Agri-food processor - Meath, Ireland - Cycle for the conversion of an...",agri-food processor,Ireland - Meath,hmnl3fpw5xef,,physical measurement,relative,nke6buknxiap,10.1016/j.agsy.2022.103379,"Performance, meat quality, profitability, and greenhouse gas emissions of suckler bulls from pasture-based compared to an indoor high-concentrate weanling-to-beef finishing system",,,,,,"Meat, beef cattle (cold dressed carcass weight) - Ireland - 2015",none required,"Meat, beef cattle (cold dressed carcass weight)",kg cold dressed carcass weight,True,True,True,False,True,True,True,True,True,False,False,False,True,True,True,True,True,False,False
0afz1ia1jixt,,Animal housing - Czech Republic,animal housing,Czech Republic,c_pacpputpy9,Eggs are incubated in the hatchery to produce chicks,consistent external sources,relative,s1krqknyo6_b,10.3390/agriculture12030355,Environmental Impacts of Egg Production from a Life Cycle Perspective,Assumes endDate is 2 years before publication,,,,,"Layer chicken, pullet - Czech Republic - 2020",none,"Layer chicken, pullet",number,True,True,True,True,False,True,True,True,True,False,False,True,False,False,True,True,False,False,True
zj3-6avlvzbp,,Animal housing - Czech Republic,animal housing,Czech Republic,cia4pxhwix98,Battery production system for egg production from laying hens,consistent external sources,relative,s1krqknyo6_b,10.3390/agriculture12030355,Environmental Impacts of Egg Production from a Life Cycle Perspective,Assumes endDate is 2 years before publication,,,,,Layer chicken - Czech Republic - 2020,economic,Layer chicken,number,True,True,True,True,False,True,True,True,True,False,False,True,False,False,True,True,False,False,True
vdg5bgnd3hl2,Red farming system,"Permanent pasture - Rothamsted Research - West Devon, United Kingdom - Red farming system",permanent pasture,United Kingdom - West Devon,5g6htwtfe2y9,Red-2011,non-verified survey data,relative,lfvrcxbnt18h,10.1111/ejss.12350,"The North Wyke Farm Platform: effect of temperate grassland farming systems on soil moisture contents, runoff and associated water quality dynamics",The North Wyke Farm Platform is a UK National Bioscience Research Infrastructure (NBRI) supported by the Biotechnology and Biological Sciences Research Council (BBS/E/RH/23NB0008).,,,,,"Sheep, ram - United Kingdom - 2012-01-01",economic,"Sheep, ram",number,True,True,False,True,False,True,False,True,True,False,True,True,True,True,True,True,False,False,False
t3rypgie6gl5,Slaughterhouse,Agri-food processor - Denmark - Slaughterhouse,agri-food processor,Denmark,b15q5jhooj81,Slaughter-2014,non-verified survey data,relative,wcfuerr47b3k,,LANDSGENNEMSNIT FOR PRODUKTIVITET SVINEPRODUKTIONEN 2016,,,,,,"Meat, pig (cold dressed carcass weight) - Denmark - 2014",none required,"Meat, pig (cold dressed carcass weight)",kg cold dressed carcass weight,True,True,True,False,False,True,True,True,True,False,False,True,True,True,True,True,False,False,False
4n4xb_ziq_7h,,Permanent pasture - Teagasc Johnstown Castle Research Farm - Ireland,permanent pasture,Ireland,ssgbgvyypish,"19PC treatment where Bulls are offered grass silage ad libitum plus 1.5 kg DM of concentrate per head daily over the winter period, turned out to pasture for 100 days, finished at pasture supplemented with 5 kg DM of concentrate per head daily for 100 days and slaughtered at 19 months of age - (this is the pre-treatment/ background phase before experiment starts)",physical measurement,relative,bjlulokiutoa,10.1016/j.agsy.2017.03.007,An economic and greenhouse gas emissions evaluation of pasture-based dairy calf-to-beef production systems,,,,,,"Beef cattle, calf (male, weaned) - Ireland - 2013",none required,"Beef cattle, calf (male, weaned)",number,False,True,False,False,False,False,False,True,True,False,True,True,False,True,False,False,True,False,False
swasa9ws7jma,,"Cropland - Victoria (State), Australia",cropland,"Australia - Victoria (State), Australia",dary6g5w7oya,Wheat plot grazed by 4 lambs. The wheat plot was grazed from March 07 until 10 days before spraying and sowing on 30 May 07. Crop residue were grazed by sheep from 15 January 08 for about 5e6 weeks post harvest.,physical measurement,1 ha,qjv9ii1cnmsr,10.1016/j.jclepro.2010.05.003,"Global warming contributions from wheat, sheep meat and wool production in Victoria, Australia-a life cycle assessment",Update with transport node once available,,"The goal was to compare the life cycle global warming performance of wheat, sheep meat and wool, produced in three adjacent plots: mixed pasture, wheat and sub-clover.",,,"Wool, sheep (greasy) - Australia - 2008-02-01",economic,"Wool, sheep (greasy)",kg,True,True,False,True,False,True,False,True,True,False,True,True,False,True,False,True,True,False,True
5m3kytugkqbt,,"Animal housing - Schleswig-Holstein, Germany",animal housing,Germany - Schleswig-Holstein,7bd3t_31jdcs,Sow and piglet,non-verified survey data,relative,shabhgy75qwy,,Schweinereport 2018,A series of pig reports.,,,,,"Pig, sow - Germany - 2018",economic,"Pig, sow",number,True,True,True,False,False,True,True,True,True,False,False,True,False,True,True,True,False,False,False
pk04kix7x07y,"Beef cattle feedlot - open air, concrete floor plus bedding.","Animal housing - Sítio Gramado - São Paulo, Brazil - Beef cattle feedlot - open air...",animal housing,Brazil - São Paulo,6bu_zfu0a5nb,Beef cattle feedlot,physical measurement,relative,419nmdictgxz,10.1016/j.scitotenv.2014.10.069,Net greenhouse gas emissions from manure management using anaerobic digestion technology in a beef cattle feedlot in Brazil,,,,,,"Beef cattle, heifer - Brazil - 2012-07-28",none required,"Beef cattle, heifer",number,True,True,True,True,True,True,True,True,True,False,False,True,False,False,True,True,False,False,False
spnubbolkokv,Green farming system,"Permanent pasture - Rothamsted Research - West Devon, United Kingdom - Green farming system",permanent pasture,United Kingdom - West Devon,qcf3-xhswwq6,Green-2019,non-verified survey data,relative,lfvrcxbnt18h,10.1111/ejss.12350,"The North Wyke Farm Platform: effect of temperate grassland farming systems on soil moisture contents, runoff and associated water quality dynamics",The North Wyke Farm Platform is a UK National Bioscience Research Infrastructure (NBRI) supported by the Biotechnology and Biological Sciences Research Council (BBS/E/RH/23NB0008).,,,,,"Beef cattle, steer - United Kingdom - 2020-01-01",economic,"Beef cattle, steer",number,True,True,False,True,False,True,False,True,True,False,True,True,True,True,True,True,False,False,False
_pkam0fqxmpa,,"Permanent pasture - Victoria (State), Australia",permanent pasture,"Australia - Victoria (State), Australia",s_0kqtilkedu,"Lamb production cycle averaged over four case study farms in Victoria. 85% of lambs finished are pasture-based, while 15% are finished with supplementary grain diets.",verified survey data,relative,c3c-fbwxy2mp,10.1071/AN14647,Resource use and environmental impacts from Australian export lamb production: A life cycle assessment,,,,,,"Sheep, ewe - Australia - 2012",economic,"Sheep, ewe",number,True,True,True,True,False,True,False,True,False,False,False,True,True,True,True,True,False,False,True
spnubbolkokv,Green farming system,"Permanent pasture - Rothamsted Research - West Devon, United Kingdom - Green farming system",permanent pasture,United Kingdom - West Devon,ycu26sxdzhiv,Green-2022,non-verified survey data,relative,lfvrcxbnt18h,10.1111/ejss.12350,"The North Wyke Farm Platform: effect of temperate grassland farming systems on soil moisture contents, runoff and associated water quality dynamics",The North Wyke Farm Platform is a UK National Bioscience Research Infrastructure (NBRI) supported by the Biotechnology and Biological Sciences Research Council (BBS/E/RH/23NB0008).,,,,,"Beef cattle, heifer - United Kingdom - 2023-01-01",economic,"Beef cattle, heifer",number,True,True,False,True,False,True,False,True,True,False,True,True,True,True,True,True,False,False,False
vdg5bgnd3hl2,Red farming system,"Permanent pasture - Rothamsted Research - West Devon, United Kingdom - Red farming system",permanent pasture,United Kingdom - West Devon,vsy0fzis_ywo,Red-2017,non-verified survey data,relative,lfvrcxbnt18h,10.1111/ejss.12350,"The North Wyke Farm Platform: effect of temperate grassland farming systems on soil moisture contents, runoff and associated water quality dynamics",The North Wyke Farm Platform is a UK National Bioscience Research Infrastructure (NBRI) supported by the Biotechnology and Biological Sciences Research Council (BBS/E/RH/23NB0008).,,,,,"Sheep, ewe - United Kingdom - 2018-01-01",economic,"Sheep, ewe",number,True,True,False,True,False,True,False,True,True,False,True,True,True,True,True,True,False,False,False
vdg5bgnd3hl2,Red farming system,"Permanent pasture - Rothamsted Research - West Devon, United Kingdom - Red farming system",permanent pasture,United Kingdom - West Devon,wvzj8wrv6fka,Red-2018,non-verified survey data,relative,lfvrcxbnt18h,10.1111/ejss.12350,"The North Wyke Farm Platform: effect of temperate grassland farming systems on soil moisture contents, runoff and associated water quality dynamics",The North Wyke Farm Platform is a UK National Bioscience Research Infrastructure (NBRI) supported by the Biotechnology and Biological Sciences Research Council (BBS/E/RH/23NB0008).,,,,,"Beef cattle, calf (male, weaned) - United Kingdom - 2019-01-01",economic,"Beef cattle, calf (male, weaned)",number,True,True,False,True,False,True,False,True,True,False,True,True,True,True,True,True,False,False,False
cjhqtplyra0m,"Animal housing, Winter housing and ALC","Animal housing - Tegasc, Animal and Grassland Research and Innovation Centre - Meath, Ireland - Animal housing, Winter housing...",animal housing,Ireland - Meath,59eoumo-lagq,,physical measurement,relative,nke6buknxiap,10.1016/j.agsy.2022.103379,"Performance, meat quality, profitability, and greenhouse gas emissions of suckler bulls from pasture-based compared to an indoor high-concentrate weanling-to-beef finishing system",,,,,,"Beef cattle, bull - Ireland - 2015",none required,"Beef cattle, bull",number,True,True,True,False,False,False,True,True,True,False,False,True,False,True,False,False,False,False,False
vqphweggy2nt,,"Agri-food processor - Meath, Ireland",agri-food processor,Ireland - Meath,woksl1d0ppvy,,physical measurement,relative,qprqdskyqqgi,10.1016/j.agsy.2023.103672,"Pasture-finishing of late-maturing bulls or steers in a suckler calf-to-beef system: Animal production, meat quality, economics, greenhouse gas emissions and human-edible food-feed efficiency",,,,,,"Meat, beef cattle (cold carcass weight) - Ireland - 2016",economic,"Meat, beef cattle (cold carcass weight)",kg cold carcass weight,True,True,True,False,True,True,True,True,True,False,False,False,True,True,True,True,True,False,False
cjhqtplyra0m,"Animal housing, Winter housing and ALC","Animal housing - Tegasc, Animal and Grassland Research and Innovation Centre - Meath, Ireland - Animal housing, Winter housing...",animal housing,Ireland - Meath,mkekbvl3xhc5,,physical measurement,relative,nke6buknxiap,10.1016/j.agsy.2022.103379,"Performance, meat quality, profitability, and greenhouse gas emissions of suckler bulls from pasture-based compared to an indoor high-concentrate weanling-to-beef finishing system",,,,,,"Beef cattle, bull - Ireland - 2015",none required,"Beef cattle, bull",number,True,True,True,False,False,False,False,True,True,False,False,True,False,True,True,False,False,False,False
6azi0wxyas75,Site is a combination of both the summer (mountain) and winter (dehesa) grazing sites. Area is cumulative of these sites and the altitude and temperature are assumed to be averaged across them.,Permanent pasture - Spain - Site is a combination of both ...,permanent pasture,Spain,h1ew7pvp10a_,Annual cycle of transhumant lamb farm in Albarracin (transhumance of herd to summer farm carried out on foot),non-verified survey data,relative,av57dkzgzdv6,10.1007/s11367-023-02135-3,Carbon footprint of transhumant sheep farms: accounting for natural baseline emissions in Mediterranean systems,"Cycles SED2, THT4 and THF4 have much lower DMI values per animal than the other cycles with no clear reason why; they may be errors.",,,,,"Sheep, lamb - Spain - 2009",economic,"Sheep, lamb",number,True,False,True,True,False,True,True,True,False,False,False,True,True,True,True,True,False,False,False
spnubbolkokv,Green farming system,"Permanent pasture - Rothamsted Research - West Devon, United Kingdom - Green farming system",permanent pasture,United Kingdom - West Devon,4fvndcfaytjq,Green-2014,non-verified survey data,relative,lfvrcxbnt18h,10.1111/ejss.12350,"The North Wyke Farm Platform: effect of temperate grassland farming systems on soil moisture contents, runoff and associated water quality dynamics",The North Wyke Farm Platform is a UK National Bioscience Research Infrastructure (NBRI) supported by the Biotechnology and Biological Sciences Research Council (BBS/E/RH/23NB0008).,,,,,"Sheep, lamb (weaned) - United Kingdom - 2015-01-01",economic,"Sheep, lamb (weaned)",number,True,True,False,True,False,True,False,True,True,False,True,True,True,True,True,True,False,False,False
vdg5bgnd3hl2,Red farming system,"Permanent pasture - Rothamsted Research - West Devon, United Kingdom - Red farming system",permanent pasture,United Kingdom - West Devon,5g6htwtfe2y9,Red-2011,non-verified survey data,relative,lfvrcxbnt18h,10.1111/ejss.12350,"The North Wyke Farm Platform: effect of temperate grassland farming systems on soil moisture contents, runoff and associated water quality dynamics",The North Wyke Farm Platform is a UK National Bioscience Research Infrastructure (NBRI) supported by the Biotechnology and Biological Sciences Research Council (BBS/E/RH/23NB0008).,,,,,"Beef cattle, steer - United Kingdom - 2012-01-01",economic,"Beef cattle, steer",number,True,True,False,True,False,True,False,True,True,False,True,True,True,True,True,True,False,False,False
baiuxyiwdzzr,,"Permanent pasture - Victoria (State), Australia",permanent pasture,"Australia - Victoria (State), Australia",n28onya4ytd9,Mixed pasture plot grazed by 15 lambs,physical measurement,1 ha,qjv9ii1cnmsr,10.1016/j.jclepro.2010.05.003,"Global warming contributions from wheat, sheep meat and wool production in Victoria, Australia-a life cycle assessment",Update with transport node once available,,"The goal was to compare the life cycle global warming performance of wheat, sheep meat and wool, produced in three adjacent plots: mixed pasture, wheat and sub-clover.",,,"Meat, sheep (liveweight) - Australia - 2008-02-01",economic,"Meat, sheep (liveweight)",kg liveweight,True,True,True,True,False,True,False,True,True,False,True,True,False,True,True,True,True,False,True
iiddewvrjqr5,,"Permanent pasture - Sardegna, Italy",permanent pasture,Italy - Sardegna,dgrdye2sfdpb,"Pluriparous ewes chosen for assessment, lambing concentrated in mid-November. Traditional system with high supplementation (TS-HS), in which mothers were followed by suckling lambs during the grazing time and they received a high dose of supplement (600 g/d of concentrate).",physical measurement,relative,mmjqpffwvz8g,10.3390/ani11123605,Effect of suckling management and ewe concentrate level on methane-related carbon footprint of lamb meat in sardinian dairy sheep farming,,,,,,"Sheep, lamb (female, unweaned) - Italy - 2017-12-13",economic,"Sheep, lamb (female, unweaned)",number,False,True,True,False,False,True,False,True,True,False,False,True,True,True,True,True,False,False,False
e75fubylmiau,Field trial,"Permanent pasture - Itabela (Município), Bahia, Brazil - Field trial",permanent pasture,"Brazil - Itabela (Município), Bahia, Brazil",dwijc46l_unv,T1,non-verified survey data,relative,_hx1rkzual0i,10.21475/ajcs.23.17.04.p3824,"The influence of tropical pasture improvement on animal performance, nitrogen cycling, and greenhouse gas emissions in the Brazilian Atlantic Forest",What about the fertilising data re pasture do we want this or not?,,,,,"Cattle, urine (kg mass) - Brazil - 2017-11",economic,"Cattle, urine (kg mass)",kg,True,True,True,True,True,True,True,True,False,False,False,True,False,True,True,True,False,False,False
ejt3kizmhtlm,French Massif central semi-mountainous area,Permanent pasture - France - French Massif central semi-mou...,permanent pasture,France,mnsguq8wogum,Beef production - France - March/April,non-verified survey data,relative,zb47es9se6kw,10.1016/j.agsy.2017.04.005,Environmental footprint of the integrated France–Italy beef production system assessed through a multi-indicator approach,,,,,,"Beef cattle, calf (male, weaned) - France - 2014",mass,"Beef cattle, calf (male, weaned)",number,True,True,True,True,False,False,False,True,True,False,False,False,False,False,False,False,False,False,False
gkzvh5qiabmk,Blue farming system,"Permanent pasture - Rothamsted Research - West Devon, United Kingdom - Blue farming system",permanent pasture,United Kingdom - West Devon,9_2i-uijctrd,Blue-2020,non-verified survey data,relative,lfvrcxbnt18h,10.1111/ejss.12350,"The North Wyke Farm Platform: effect of temperate grassland farming systems on soil moisture contents, runoff and associated water quality dynamics",The North Wyke Farm Platform is a UK National Bioscience Research Infrastructure (NBRI) supported by the Biotechnology and Biological Sciences Research Council (BBS/E/RH/23NB0008).,,,,,"Beef cattle, heifer - United Kingdom - 2020-12-31",economic,"Beef cattle, heifer",number,True,True,False,True,False,True,False,True,True,False,True,True,True,True,True,True,False,False,False
gkzvh5qiabmk,Blue farming system,"Permanent pasture - Rothamsted Research - West Devon, United Kingdom - Blue farming system",permanent pasture,United Kingdom - West Devon,6yexlxkydtf3,Blue-2014,non-verified survey data,relative,lfvrcxbnt18h,10.1111/ejss.12350,"The North Wyke Farm Platform: effect of temperate grassland farming systems on soil moisture contents, runoff and associated water quality dynamics",The North Wyke Farm Platform is a UK National Bioscience Research Infrastructure (NBRI) supported by the Biotechnology and Biological Sciences Research Council (BBS/E/RH/23NB0008).,,,,,"Sheep, ewe - United Kingdom - 2015-01-01",economic,"Sheep, ewe",number,True,True,False,True,False,True,False,True,True,False,True,True,True,True,True,True,False,False,False
fxe96a0v7bca,,"Permanent pasture - São Carlos (Distrito), São Carlos, São Paulo, Brazil",permanent pasture,"Brazil - São Carlos (Distrito), São Carlos, São Paulo, Brazil",vktv5yftrzqq,Irrigated pasture with high stocking rate,physical measurement,1 ha,nha19gkveh18,10.1017/S1751731120001822,Greenhouse gas balance and carbon footprint of pasture-based beef cattle production systems in the tropical region (Atlantic Forest biome),,,,,,"Beef cattle, steer - Brazil - 2014",none,"Beef cattle, steer",number,False,True,True,True,False,True,False,True,True,False,False,True,False,False,True,True,False,False,True
vhmp6-ghz3da,,"Permanent pasture - Animal & Grass-land Research and Innovation Centre -TEAGASC - Meath, Ireland",permanent pasture,Ireland - Meath,n8fbls5-mh2o,Late maturing suckler bred bull weanlings of breeds of Limousin and Charolais sired kept in housing to begin with and then moved to pasture befor being rehoused and then slaughtered at 24 months of age.,physical measurement,relative,adq-l4cpvkng,10.1016/j.animal.2021.100247,Life cycle assessment of pasture-based suckler steer weanling-to-beef production systems: Effect of breed and slaughter age,,,,,,"Beef cattle, steer - United Kingdom - 2017",none,"Beef cattle, steer",number,True,True,False,False,True,True,False,True,True,False,False,True,False,True,True,True,False,True,False
osh7g3quakjn,,Animal housing - Canada,animal housing,Canada,mwmojkinkbah,A conventional cage housing system,non-verified survey data,relative,suyept760iy4,10.1016/j.resconrec.2021.105907,Life cycle assessment of contemporary Canadian egg production systems during the transition from conventional cage to alternative housing systems: Update and analysis of trends and conditions,,,,,,"Meat, chicken (liveweight) - Canada - 2019",economic,"Meat, chicken (liveweight)",kg liveweight,True,True,True,True,True,True,True,True,True,False,False,True,False,True,True,True,False,False,True
spnubbolkokv,Green farming system,"Permanent pasture - Rothamsted Research - West Devon, United Kingdom - Green farming system",permanent pasture,United Kingdom - West Devon,csz4s_jq7j9p,Green-2015,non-verified survey data,relative,lfvrcxbnt18h,10.1111/ejss.12350,"The North Wyke Farm Platform: effect of temperate grassland farming systems on soil moisture contents, runoff and associated water quality dynamics",The North Wyke Farm Platform is a UK National Bioscience Research Infrastructure (NBRI) supported by the Biotechnology and Biological Sciences Research Council (BBS/E/RH/23NB0008).,,,,,"Sheep, ewe - United Kingdom - 2016-01-01",economic,"Sheep, ewe",number,True,True,False,True,False,True,False,True,True,False,True,True,True,True,True,True,False,False,False
gsniftcp8-ky,Great Lakes region of USA,Animal housing - United States - Great Lakes region of USA,animal housing,United States,5mkvnr1ljx8b,,inconsistent external sources,relative,dr_jmmuqpfzs,10.3168/jds.2016-12325,Grazing intensity affects the environmental impact of dairy systems,,,,,,"Meat, dairy cattle (cold carcass weight) - United States - 2016",economic,"Meat, dairy cattle (cold carcass weight)",kg cold carcass weight,True,True,False,True,False,True,True,True,True,False,False,True,False,True,True,True,False,False,False
hamgpkm4ehr3,They do not provide much information on site.,Animal housing - Denmark - They do not provide much infor...,animal housing,Denmark,ni4-z37bvkkf,Fattening herds-2007,non-verified survey data,relative,wcfuerr47b3k,,LANDSGENNEMSNIT FOR PRODUKTIVITET SVINEPRODUKTIONEN 2016,,,,,,Pig - Denmark - 2007,none required,Pig,number,True,True,True,False,False,True,True,True,True,False,False,True,False,True,True,True,False,False,False
spnubbolkokv,Green farming system,"Permanent pasture - Rothamsted Research - West Devon, United Kingdom - Green farming system",permanent pasture,United Kingdom - West Devon,csz4s_jq7j9p,Green-2015,non-verified survey data,relative,lfvrcxbnt18h,10.1111/ejss.12350,"The North Wyke Farm Platform: effect of temperate grassland farming systems on soil moisture contents, runoff and associated water quality dynamics",The North Wyke Farm Platform is a UK National Bioscience Research Infrastructure (NBRI) supported by the Biotechnology and Biological Sciences Research Council (BBS/E/RH/23NB0008).,,,,,"Sheep, lamb - United Kingdom - 2016-01-01",economic,"Sheep, lamb",number,True,True,False,True,False,True,False,True,True,False,True,True,True,True,True,True,False,False,False
lanfx-u2z-hh,,Animal housing - Kipster - Netherlands,animal housing,Netherlands,foemwpbujfq9,Kipster-Male chicks,consistent external sources,relative,j2jbf7nfmep-,10.1016/j.jclepro.2019.118241,Accounting for feed-food competition in environmental impact assessment: Towards a resource efficient food-system,,,,,,Broiler chicken - Netherlands - 2017,economic,Broiler chicken,number,True,True,True,True,True,True,True,True,True,False,False,True,False,True,True,True,False,False,False
uaperoy_u-jl,,"Permanent pasture - Albarracín, Spain",permanent pasture,Spain - Albarracín,etlemqc-a4bx,Annual cycle of sedentary lamb farm in Albarracin (no transhumance),non-verified survey data,relative,av57dkzgzdv6,10.1007/s11367-023-02135-3,Carbon footprint of transhumant sheep farms: accounting for natural baseline emissions in Mediterranean systems,"Cycles SED2, THT4 and THF4 have much lower DMI values per animal than the other cycles with no clear reason why; they may be errors.",,,,,"Sheep, ewe - Spain - 2009",economic,"Sheep, ewe",number,True,False,True,True,False,True,True,True,False,False,False,True,True,True,True,True,False,False,False
spnubbolkokv,Green farming system,"Permanent pasture - Rothamsted Research - West Devon, United Kingdom - Green farming system",permanent pasture,United Kingdom - West Devon,xizuvz66doyb,Green-2020,non-verified survey data,relative,lfvrcxbnt18h,10.1111/ejss.12350,"The North Wyke Farm Platform: effect of temperate grassland farming systems on soil moisture contents, runoff and associated water quality dynamics",The North Wyke Farm Platform is a UK National Bioscience Research Infrastructure (NBRI) supported by the Biotechnology and Biological Sciences Research Council (BBS/E/RH/23NB0008).,,,,,"Beef cattle, steer - United Kingdom - 2020-12-31",economic,"Beef cattle, steer",number,True,True,False,True,False,True,False,True,True,False,True,True,True,True,True,True,False,False,False
6l-ivbq3ddxo,,Animal housing - Netherlands,animal housing,Netherlands,s1mjszprxmxu,Sow Netherlands Conventional,consistent external sources,relative,w3hq1dphy7wy,,Carbon footprints of conventional and organic pork,"They have included information from lots of different sources, for this reason I have not inlcuded the information regarding crop production (only feed composition) because some of these products we already have the sources.",,,,,"Pig, piglet - Netherlands - 2007",economic,"Pig, piglet",number,True,True,True,False,False,True,True,True,True,False,False,False,False,True,True,True,False,False,False
_sslhtkq7upl,,Animal housing - Canada,animal housing,Canada,nhd-g2blrvwd,,non-verified survey data,relative,5wkskew6jvfz,10.1016/j.jclepro.2017.03.050,"Life cycle assessment of Canadian egg products, with differentiation by hen housing system type",,,,,,"Eggs, hen, in shell - Canada - 2012",biophysical,"Eggs, hen, in shell",kg,True,True,True,True,True,True,True,True,True,False,False,True,False,True,True,True,False,False,True
pjxjgjz4a-er,Field trial,"Permanent pasture - Itabela (Município), Bahia, Brazil - Field trial",permanent pasture,"Brazil - Itabela (Município), Bahia, Brazil",jb7m3hb0agrj,T6,non-verified survey data,relative,_hx1rkzual0i,10.21475/ajcs.23.17.04.p3824,"The influence of tropical pasture improvement on animal performance, nitrogen cycling, and greenhouse gas emissions in the Brazilian Atlantic Forest",What about the fertilising data re pasture do we want this or not?,,,,,"Cattle, urine (kg mass) - Brazil - 2017-11",economic,"Cattle, urine (kg mass)",kg,True,True,True,True,True,True,True,True,False,False,False,True,False,True,True,True,False,False,False
qfpnth9iajv5,,,,,vlfn_svtmoxm,"Grass only in forage area, Holstein breed. Annual milk production cycle, including all grazing and animal housing components.",consistent external sources,relative,pusvmnivm1zy,10.1016/j.jenvman.2013.01.028,"Effect of dairy production system, breed and co-product handling methods on environmental impacts at farm level","Linseed cultivation taken by authors from Nguyen (2012), original data from France. Linseed processing from Bacenetti (2017), selected by us as a proxy. Authors have used daSilva for soybean cultivation data and dalgaard for soybean processing. Given these data are just proxies, we decided to omit them and just specify that the soybean meal is from Brazil.",,,,,"Milk, cow, raw (FPCM) - France - 2011",economic,"Milk, cow, raw (FPCM)",kg FPCM,True,True,True,True,False,True,True,True,True,False,False,True,True,True,True,True,False,True,False
vdg5bgnd3hl2,Red farming system,"Permanent pasture - Rothamsted Research - West Devon, United Kingdom - Red farming system",permanent pasture,United Kingdom - West Devon,5g6htwtfe2y9,Red-2011,non-verified survey data,relative,lfvrcxbnt18h,10.1111/ejss.12350,"The North Wyke Farm Platform: effect of temperate grassland farming systems on soil moisture contents, runoff and associated water quality dynamics",The North Wyke Farm Platform is a UK National Bioscience Research Infrastructure (NBRI) supported by the Biotechnology and Biological Sciences Research Council (BBS/E/RH/23NB0008).,,,,,"Sheep, ewe - United Kingdom - 2012-01-01",economic,"Sheep, ewe",number,True,True,False,True,False,True,False,True,True,False,True,True,True,True,True,True,False,False,False
zhwy6jiggbql,,"Animal housing - Schleswig-Holstein, Germany",animal housing,Germany - Schleswig-Holstein,5n620c8qcccv,Fattening,non-verified survey data,relative,52qaw04y-e83,,Schweinereport 2010,A series of pig reports.,,,,,Pig - Germany - 2010,none required,Pig,number,True,True,True,False,False,True,True,True,True,False,False,True,False,True,True,True,False,True,False
kipxplzoax-p,,"Animal housing - Queensland, Australia",animal housing,Australia - Queensland,jeaojbdcmpxg,This cycle represents the inventory for 6 weeks of weaner production in the Northern supply chain.,verified survey data,relative,_mtpo6ilytlr,,Environmental Assessment of Two Pork Supply Chains Using Life Cycle Assessment,,,,,,"Pig, sow - Australia - 2008",economic,"Pig, sow",number,True,False,True,True,True,True,True,True,True,True,False,False,False,True,True,True,False,False,True
vkmhdberyeln,Site is a combination of both the summer (mountain) and winter (dehesa) grazing sites. Area is cumulative of these sites and the altitude and temperature are assumed to be averaged across them.,Permanent pasture - Spain - Site is a combination of both ...,permanent pasture,Spain,h1a0c0oganot,Annual cycle of transhumant lamb farm in Albarracin (transhumance of herd to summer farm carried out on foot),non-verified survey data,relative,av57dkzgzdv6,10.1007/s11367-023-02135-3,Carbon footprint of transhumant sheep farms: accounting for natural baseline emissions in Mediterranean systems,"Cycles SED2, THT4 and THF4 have much lower DMI values per animal than the other cycles with no clear reason why; they may be errors.",,,,,"Wool, sheep (greasy) - Spain - 2009",economic,"Wool, sheep (greasy)",kg,True,False,True,True,False,True,True,True,False,False,False,True,True,True,True,True,False,False,False
pbcn9hpkm_hz,,Animal housing - Southern Europe,animal housing,Southern Europe,71rqzxkebhkt,Aggregate cycle representing all 75 dairy farms sampled,non-verified survey data,relative,3tmw64utoxmb,10.1016/j.jclepro.2021.127056,Environmental impacts of milk production and processing in the Eastern Alps: A “cradle-to-dairy gate” LCA approach,,,,,,"Dairy cattle, calf (female, weaned) - Southern Europe - 2019",economic,"Dairy cattle, calf (female, weaned)",number,True,True,True,True,False,False,True,True,True,False,False,True,False,True,False,True,False,False,False
ehirpofblmxa,Conventional,"Animal housing - Rungnapha Farm - Nong Ta Taem, Thailand - Conventional",animal housing,Thailand - Nong Ta Taem,lmodf9zebz1f,Broiler chicken farm 15-20wks,non-verified survey data,relative,6x8shn-j0lez,,"Optimization of Broiler Farm Management of Rungnapha Farm, Nong Ta Taem Subdistrict, Pran Buri District, Prachuap Khiri Khan Province",,,,,,Broiler chicken - Thailand - 2019,none required,Broiler chicken,number,True,True,True,False,False,True,True,True,True,False,False,True,False,True,True,True,False,False,False
jnukbgqgvu8f,,"Animal housing - G/LM-Ho - Normandie, France",animal housing,France - Normandie,bg6ap4fzyi4_,"Grass and low proportion maize silage in forage area, with cattle fed an Omega-3 supplement, Holstein breed. Annual milk production cycle, including all grazing and animal housing components.",modelled,relative,pusvmnivm1zy,10.1016/j.jenvman.2013.01.028,"Effect of dairy production system, breed and co-product handling methods on environmental impacts at farm level","Linseed cultivation taken by authors from Nguyen (2012), original data from France. Linseed processing from Bacenetti (2017), selected by us as a proxy. Authors have used daSilva for soybean cultivation data and dalgaard for soybean processing. Given these data are just proxies, we decided to omit them and just specify that the soybean meal is from Brazil.",,,,,"Dairy cattle, cow - France - 2011",economic,"Dairy cattle, cow",number,True,True,True,True,False,True,True,True,True,False,False,True,True,True,True,True,False,True,False
spnubbolkokv,Green farming system,"Permanent pasture - Rothamsted Research - West Devon, United Kingdom - Green farming system",permanent pasture,United Kingdom - West Devon,xabfy9qyfjme,Green-2018,non-verified survey data,relative,lfvrcxbnt18h,10.1111/ejss.12350,"The North Wyke Farm Platform: effect of temperate grassland farming systems on soil moisture contents, runoff and associated water quality dynamics",The North Wyke Farm Platform is a UK National Bioscience Research Infrastructure (NBRI) supported by the Biotechnology and Biological Sciences Research Council (BBS/E/RH/23NB0008).,,,,,"Beef cattle, heifer - United Kingdom - 2019-01-01",economic,"Beef cattle, heifer",number,True,True,False,True,False,True,False,True,True,False,True,True,True,True,True,True,False,False,False
vdg5bgnd3hl2,Red farming system,"Permanent pasture - Rothamsted Research - West Devon, United Kingdom - Red farming system",permanent pasture,United Kingdom - West Devon,d4omhedd1gdc,Red-2016,non-verified survey data,relative,lfvrcxbnt18h,10.1111/ejss.12350,"The North Wyke Farm Platform: effect of temperate grassland farming systems on soil moisture contents, runoff and associated water quality dynamics",The North Wyke Farm Platform is a UK National Bioscience Research Infrastructure (NBRI) supported by the Biotechnology and Biological Sciences Research Council (BBS/E/RH/23NB0008).,,,,,"Beef cattle, steer - United Kingdom - 2016-12-31",economic,"Beef cattle, steer",number,True,True,False,True,False,True,False,True,True,False,True,True,True,True,True,True,False,False,False
cqdqn-qrust9,Generic site representing farms in this area where cattle are frequently fed high-concentrate diets based on cereals,"Animal housing - O3 Enriched Production System - Nouvelle-Aquitaine, France - Generic site representing farm...",animal housing,France - Nouvelle-Aquitaine,clezifydw6j2,"Annual cycle of bull fattening herd, using a Starch based Concentrate (SC) diet, supplemented with linseed (L) - SCL",modelled,relative,2uaxgmjzmtai,10.1016/j.livsci.2012.02.010,Effects of type of ration and allocation methods on the environmental impacts of beef-production systems,"Authors have used daSilva for soybean cultivation data and dalgaard for soybean processing. Given these data are just proxies, we decided to omit them and just specify that the soybean meal is from Brazil.",,,,,"Beef cattle, bull - France - 2010",economic,"Beef cattle, bull",number,True,True,True,True,False,True,True,True,True,False,False,True,False,True,True,True,False,False,False
v5gon9au_av0,Slaughterhouse,Agri-food processor - Denmark - Slaughterhouse,agri-food processor,Denmark,w7xgxwvmrxv9,Slaughter Denmark Conventional,consistent external sources,relative,w3hq1dphy7wy,,Carbon footprints of conventional and organic pork,"They have included information from lots of different sources, for this reason I have not inlcuded the information regarding crop production (only feed composition) because some of these products we already have the sources.",,,,,"Meat, pig (cold dressed carcass weight) - Denmark - 2007",none required,"Meat, pig (cold dressed carcass weight)",kg cold dressed carcass weight,True,True,True,False,True,True,True,True,True,False,False,False,True,True,True,True,False,False,False
w4ovaul-nw_a,Generic site representing farms in this area where cattle are fed a standard silage maize based diet.,"Animal housing - O3 Enriched Production System - Pays de la Loire, France - Generic site representing farm...",animal housing,France - Pays de la Loire,gm1wutkulbvy,"Annual cycle of bull fattening herd, using a Fibre based Concentrate (FC) diet.",modelled,relative,2uaxgmjzmtai,10.1016/j.livsci.2012.02.010,Effects of type of ration and allocation methods on the environmental impacts of beef-production systems,"Authors have used daSilva for soybean cultivation data and dalgaard for soybean processing. Given these data are just proxies, we decided to omit them and just specify that the soybean meal is from Brazil.",,,,,"Beef cattle, bull - France - 2010",economic,"Beef cattle, bull",number,True,True,True,True,False,True,True,True,True,False,False,True,False,True,True,True,False,False,False
hamgpkm4ehr3,They do not provide much information on site.,Animal housing - Denmark - They do not provide much infor...,animal housing,Denmark,5u7pdzoqzxyq,Fattening herds-2008,non-verified survey data,relative,wcfuerr47b3k,,LANDSGENNEMSNIT FOR PRODUKTIVITET SVINEPRODUKTIONEN 2016,,,,,,Pig - Denmark - 2008,none required,Pig,number,True,True,True,False,False,True,True,True,True,False,False,True,False,True,True,True,False,False,False
uispwoomut3u,"Typical Amazonian beef farm in Cáceres, Mato Grosso state, Brazil. 1000 ha grassland from primary forest","Permanent pasture - Typical Amazonian beef farm - Cáceres (Município), Mato Grosso, Brazil - Typical Amazonian beef farm in...",permanent pasture,"Brazil - Cáceres (Município), Mato Grosso, Brazil",al4jqrvstfmj,Production of Nelore beef (Bos indicus) bulls for slaughter,expert opinion,relative,xjw-lobrpjl_,10.1016/j.jclepro.2015.10.032,Economics and environmental performance issues of a typical Amazonian beef farm: A case study,"For this paper we adjust theherd size by the number of days each animal spends in the cycle (see ""Animal Calculations"" sheet).",,,,,"Beef cattle, heifer - Brazil - 2012",none,"Beef cattle, heifer",number,True,True,True,False,False,True,False,True,True,False,False,True,False,True,False,True,False,False,False
5bnsqzhfqhsa,"Cerrado (Goiás, Mato Grosso do Sul, Mato Grosso, Tocantins and Minas Gerais states)","Permanent pasture - Brazil - Cerrado (Goiás, Mato Grosso do...",permanent pasture,Brazil,dzwxq82ljlnv,"Beef, degraded Brachiaria pasture (Scenario 1)",inconsistent external sources,1 ha,si5hdtbv8hly,10.1016/j.agsy.2015.12.007,Impact of the intensification of beef production in Brazil on greenhouse gas emissions and land use,"No end date for Cycle provided. Assumed to be 2014. Error in electricity unit corrected here (Table 5 reports values in kWh, not MWh). Mineral salts described as 60% CaCO3 and 40% Ca3(PO4)2 in the text. Age at slaughter from supplementary material, sheet ""B1, Herd composition"". Error in carcass weight (Supplementary matrial, sheet B1 ""Herd composition"") corrected here (see Joseph Poore edits). Vaccines used, but data not provided.",,,,,"Beef cattle, steer - Brazil - 2014",none,"Beef cattle, steer",number,True,True,False,True,True,True,False,True,False,False,True,True,False,True,True,True,False,False,True
fdqd89sqmc_k,,"Permanent pasture - Albarracín, Spain",permanent pasture,Spain - Albarracín,_sdsdvqoperu,Annual cycle of sedentary lamb farm in Albarracin (no transhumance),non-verified survey data,relative,av57dkzgzdv6,10.1007/s11367-023-02135-3,Carbon footprint of transhumant sheep farms: accounting for natural baseline emissions in Mediterranean systems,"Cycles SED2, THT4 and THF4 have much lower DMI values per animal than the other cycles with no clear reason why; they may be errors.",,,,,"Sheep, lamb - Spain - 2009",economic,"Sheep, lamb",number,True,False,True,True,False,True,True,True,False,False,False,True,True,True,True,True,False,False,False
gkzvh5qiabmk,Blue farming system,"Permanent pasture - Rothamsted Research - West Devon, United Kingdom - Blue farming system",permanent pasture,United Kingdom - West Devon,eqsijon8euqn,Blue-2017,non-verified survey data,relative,lfvrcxbnt18h,10.1111/ejss.12350,"The North Wyke Farm Platform: effect of temperate grassland farming systems on soil moisture contents, runoff and associated water quality dynamics",The North Wyke Farm Platform is a UK National Bioscience Research Infrastructure (NBRI) supported by the Biotechnology and Biological Sciences Research Council (BBS/E/RH/23NB0008).,,,,,"Sheep, ewe - United Kingdom - 2018-01-01",economic,"Sheep, ewe",number,True,True,False,True,False,True,False,True,True,False,True,True,True,True,True,True,False,False,False
spnubbolkokv,Green farming system,"Permanent pasture - Rothamsted Research - West Devon, United Kingdom - Green farming system",permanent pasture,United Kingdom - West Devon,4fvndcfaytjq,Green-2014,non-verified survey data,relative,lfvrcxbnt18h,10.1111/ejss.12350,"The North Wyke Farm Platform: effect of temperate grassland farming systems on soil moisture contents, runoff and associated water quality dynamics",The North Wyke Farm Platform is a UK National Bioscience Research Infrastructure (NBRI) supported by the Biotechnology and Biological Sciences Research Council (BBS/E/RH/23NB0008).,,,,,"Beef cattle, steer - United Kingdom - 2015-01-01",economic,"Beef cattle, steer",number,True,True,False,True,False,True,False,True,True,False,True,True,True,True,True,True,False,False,False
tqlvbovta1yv,,"Animal housing - Schleswig-Holstein, Germany",animal housing,Germany - Schleswig-Holstein,thdqj_uiffkd,Sow and piglet,non-verified survey data,relative,wolkfaakxkn0,,Schweinereport 2022,A series of pig reports.,,,,,"Pig, piglet - Germany - 2022",economic,"Pig, piglet",number,True,True,True,False,False,True,True,True,True,False,False,True,False,True,True,True,False,False,False
ciyzy5vihc_o,,Agri-food processor - Ireland,agri-food processor,Ireland,dy3whrxsje8l,Conversion of animals to meat,physical measurement,relative,bjlulokiutoa,10.1016/j.agsy.2017.03.007,An economic and greenhouse gas emissions evaluation of pasture-based dairy calf-to-beef production systems,,,,,,"Meat, beef cattle (cold carcass weight) - Ireland - 2014",economic,"Meat, beef cattle (cold carcass weight)",kg cold carcass weight,True,True,True,False,True,True,True,True,True,False,False,True,True,False,True,True,False,False,True
0r-o9co2h6jj,,"Agri-food processor - Meath, Ireland",agri-food processor,Ireland - Meath,suchmh2kyaw2,Cycle representing the slaughter of the animals produced during the production cycle,physical measurement,relative,adq-l4cpvkng,10.1016/j.animal.2021.100247,Life cycle assessment of pasture-based suckler steer weanling-to-beef production systems: Effect of breed and slaughter age,,,,,,"Meat, beef cattle (cold carcass weight) - Ireland - 2017",economic,"Meat, beef cattle (cold carcass weight)",kg cold carcass weight,True,True,True,False,True,True,True,True,True,False,False,True,True,True,True,True,False,False,True
gkzvh5qiabmk,Blue farming system,"Permanent pasture - Rothamsted Research - West Devon, United Kingdom - Blue farming system",permanent pasture,United Kingdom - West Devon,xccakim_7aql,Blue-2011,non-verified survey data,relative,lfvrcxbnt18h,10.1111/ejss.12350,"The North Wyke Farm Platform: effect of temperate grassland farming systems on soil moisture contents, runoff and associated water quality dynamics",The North Wyke Farm Platform is a UK National Bioscience Research Infrastructure (NBRI) supported by the Biotechnology and Biological Sciences Research Council (BBS/E/RH/23NB0008).,,,,,"Sheep, ram - United Kingdom - 2012-01-01",economic,"Sheep, ram",number,True,True,False,True,False,True,False,True,True,False,True,True,True,True,True,True,False,False,False
gkzvh5qiabmk,Blue farming system,"Permanent pasture - Rothamsted Research - West Devon, United Kingdom - Blue farming system",permanent pasture,United Kingdom - West Devon,6yexlxkydtf3,Blue-2014,non-verified survey data,relative,lfvrcxbnt18h,10.1111/ejss.12350,"The North Wyke Farm Platform: effect of temperate grassland farming systems on soil moisture contents, runoff and associated water quality dynamics",The North Wyke Farm Platform is a UK National Bioscience Research Infrastructure (NBRI) supported by the Biotechnology and Biological Sciences Research Council (BBS/E/RH/23NB0008).,,,,,"Sheep, ram - United Kingdom - 2015-01-01",economic,"Sheep, ram",number,True,True,False,True,False,True,False,True,True,False,True,True,True,True,True,True,False,False,False
bzjif4ugwdae,,Animal housing - Czech Republic,animal housing,Czech Republic,l7xdqamt_wmk,Barn production system for egg production from laying hens,consistent external sources,relative,s1krqknyo6_b,10.3390/agriculture12030355,Environmental Impacts of Egg Production from a Life Cycle Perspective,Assumes endDate is 2 years before publication,,,,,Layer chicken - Czech Republic - 2020,economic,Layer chicken,number,True,True,True,True,False,True,True,True,True,False,False,True,False,False,True,True,False,False,True
yjviwu791k7l,Site is a combination of both the summer (mountain) and winter (dehesa) grazing sites. Area is cumulative of these sites and the altitude and temperature are assumed to be averaged across them.,Permanent pasture - Spain - Site is a combination of both ...,permanent pasture,Spain,r8dfzuqsleos,Annual cycle of transhumant lamb farm in Albarracin (transhumance of herd to summer farm carried out by truck),non-verified survey data,relative,av57dkzgzdv6,10.1007/s11367-023-02135-3,Carbon footprint of transhumant sheep farms: accounting for natural baseline emissions in Mediterranean systems,"Cycles SED2, THT4 and THF4 have much lower DMI values per animal than the other cycles with no clear reason why; they may be errors.",,,,,"Sheep, lamb - Spain - 2009",economic,"Sheep, lamb",number,True,False,True,True,False,True,True,True,False,False,False,True,True,True,True,True,False,False,False
gkzvh5qiabmk,Blue farming system,"Permanent pasture - Rothamsted Research - West Devon, United Kingdom - Blue farming system",permanent pasture,United Kingdom - West Devon,uhd_i2x10588,Blue-2021,non-verified survey data,relative,lfvrcxbnt18h,10.1111/ejss.12350,"The North Wyke Farm Platform: effect of temperate grassland farming systems on soil moisture contents, runoff and associated water quality dynamics",The North Wyke Farm Platform is a UK National Bioscience Research Infrastructure (NBRI) supported by the Biotechnology and Biological Sciences Research Council (BBS/E/RH/23NB0008).,,,,,"Beef cattle, heifer - United Kingdom - 2022-01-01",economic,"Beef cattle, heifer",number,True,True,False,True,False,True,False,True,True,False,True,True,True,True,True,True,False,False,False
vdg5bgnd3hl2,Red farming system,"Permanent pasture - Rothamsted Research - West Devon, United Kingdom - Red farming system",permanent pasture,United Kingdom - West Devon,ahqkf7piyoxv,Red-2012,non-verified survey data,relative,lfvrcxbnt18h,10.1111/ejss.12350,"The North Wyke Farm Platform: effect of temperate grassland farming systems on soil moisture contents, runoff and associated water quality dynamics",The North Wyke Farm Platform is a UK National Bioscience Research Infrastructure (NBRI) supported by the Biotechnology and Biological Sciences Research Council (BBS/E/RH/23NB0008).,,,,,"Sheep, ewe - United Kingdom - 2013-01-01",economic,"Sheep, ewe",number,True,True,False,True,False,True,False,True,True,False,True,True,True,True,True,True,False,False,False
ah9u95bspjfz,,Agri-food processor - Brazil,agri-food processor,Brazil,gknjbqq3n0os,Meat production,modelled,relative,evw50pucedpe,10.1016/j.jclepro.2019.118362,Multicriteria decision-making and probabilistic weighing applied to sustainable assessment of beef life cycle,,,,,,"Meat, beef cattle (liveweight) - Brazil - 2017",economic,"Meat, beef cattle (liveweight)",kg liveweight,True,True,True,False,True,True,True,True,True,False,False,True,True,True,True,True,False,False,True
cn3chbbqleue,,Permanent pasture - Irish lowland sheep farm - Ireland,permanent pasture,Ireland,f9kytrfcbtfw,Production cycle from sheep flock of low genetic merit (ewes in the bottom 20% of animals for the replacement index bred with rams in the bottom 20% of both replacement and terminal indices).,modelled,relative,zbwr_kpj1nsn,10.1016/j.agsy.2022.103467,"Modelling the production, profit, and greenhouse gas emissions of Irish sheep flocks divergent in genetic merit",,,,,,"Sheep, ewe - Ireland - 2020",economic,"Sheep, ewe",number,True,True,True,False,False,True,True,True,False,False,False,True,False,False,False,False,False,False,False
gkzvh5qiabmk,Blue farming system,"Permanent pasture - Rothamsted Research - West Devon, United Kingdom - Blue farming system",permanent pasture,United Kingdom - West Devon,9_2i-uijctrd,Blue-2020,non-verified survey data,relative,lfvrcxbnt18h,10.1111/ejss.12350,"The North Wyke Farm Platform: effect of temperate grassland farming systems on soil moisture contents, runoff and associated water quality dynamics",The North Wyke Farm Platform is a UK National Bioscience Research Infrastructure (NBRI) supported by the Biotechnology and Biological Sciences Research Council (BBS/E/RH/23NB0008).,,,,,"Beef cattle, calf (male, weaned) - United Kingdom - 2020-12-31",economic,"Beef cattle, calf (male, weaned)",number,True,True,False,True,False,True,False,True,True,False,True,True,True,True,True,True,False,False,False
spnubbolkokv,Green farming system,"Permanent pasture - Rothamsted Research - West Devon, United Kingdom - Green farming system",permanent pasture,United Kingdom - West Devon,okex4zxuxtx8,Green-2021,non-verified survey data,relative,lfvrcxbnt18h,10.1111/ejss.12350,"The North Wyke Farm Platform: effect of temperate grassland farming systems on soil moisture contents, runoff and associated water quality dynamics",The North Wyke Farm Platform is a UK National Bioscience Research Infrastructure (NBRI) supported by the Biotechnology and Biological Sciences Research Council (BBS/E/RH/23NB0008).,,,,,"Beef cattle, calf (male, weaned) - United Kingdom - 2022-01-01",economic,"Beef cattle, calf (male, weaned)",number,True,True,False,True,False,True,False,True,True,False,True,True,True,True,True,True,False,False,False
pqjw-ar3dfyw,Field trial,"Permanent pasture - Itabela (Município), Bahia, Brazil - Field trial",permanent pasture,"Brazil - Itabela (Município), Bahia, Brazil",zdsl1td36joa,T2,non-verified survey data,relative,_hx1rkzual0i,10.21475/ajcs.23.17.04.p3824,"The influence of tropical pasture improvement on animal performance, nitrogen cycling, and greenhouse gas emissions in the Brazilian Atlantic Forest",What about the fertilising data re pasture do we want this or not?,,,,,"Cattle, urine (kg mass) - Brazil - 2017-11",economic,"Cattle, urine (kg mass)",kg,True,True,True,True,True,True,True,True,False,False,False,True,False,True,True,True,False,False,False
qneqk5r43wtv,Organic - The outdoor run must be accessible for at least 1/3 of their life.,Animal housing - Netherlands - Organic - The outdoor run must...,animal housing,Netherlands,7mfusr8ntfce,Broiler production - Organic,consistent external sources,relative,85c1kzvtdwd-,10.1080/00071660903140999,"Economic, ecological, and social performance of conventional and organic broiler production in the Netherlands",,,,,,Broiler chicken - Netherlands - 2003,economic,Broiler chicken,number,True,True,True,True,True,True,True,True,True,False,False,True,False,True,True,True,False,False,True
f5b7aemgxik1,Field trial,"Permanent pasture - Itabela (Município), Bahia, Brazil - Field trial",permanent pasture,"Brazil - Itabela (Município), Bahia, Brazil",yfxywkornjhk,T3,non-verified survey data,relative,_hx1rkzual0i,10.21475/ajcs.23.17.04.p3824,"The influence of tropical pasture improvement on animal performance, nitrogen cycling, and greenhouse gas emissions in the Brazilian Atlantic Forest",What about the fertilising data re pasture do we want this or not?,,,,,"Beef cattle, heifer - Brazil - 2017-11",economic,"Beef cattle, heifer",number,True,True,True,True,True,True,True,True,False,False,False,True,False,True,True,True,False,False,False
wswqdtjlbesy,,Permanent pasture - United Kingdom,permanent pasture,United Kingdom,8ge7rsdyrxvm,Average annual production cycle of 21 hill sheep farms across England and Wales.,non-verified survey data,relative,mroy2usjfur5,10.1016/j.agsy.2013.09.006,The carbon footprint of lamb: Sources of variation and opportunities for mitigation,The split between pasture and housing (and thus the 2 different excreta mangement practices) in each of the three systems is based on assumption.,,,,,"Sheep, lamb - United Kingdom - 2011",economic,"Sheep, lamb",number,True,True,False,False,False,True,False,True,True,False,False,False,False,True,True,False,False,False,False
spnubbolkokv,Green farming system,"Permanent pasture - Rothamsted Research - West Devon, United Kingdom - Green farming system",permanent pasture,United Kingdom - West Devon,xizuvz66doyb,Green-2020,non-verified survey data,relative,lfvrcxbnt18h,10.1111/ejss.12350,"The North Wyke Farm Platform: effect of temperate grassland farming systems on soil moisture contents, runoff and associated water quality dynamics",The North Wyke Farm Platform is a UK National Bioscience Research Infrastructure (NBRI) supported by the Biotechnology and Biological Sciences Research Council (BBS/E/RH/23NB0008).,,,,,"Sheep, lamb - United Kingdom - 2020-12-31",economic,"Sheep, lamb",number,True,True,False,True,False,True,False,True,True,False,True,True,True,True,True,True,False,False,False
zr7vlxrtgqv2,,"Permanent pasture - Albarracín, Spain",permanent pasture,Spain - Albarracín,b3danvq4g8ec,Annual cycle of sedentary lamb farm in Albarracin (no transhumance),non-verified survey data,relative,av57dkzgzdv6,10.1007/s11367-023-02135-3,Carbon footprint of transhumant sheep farms: accounting for natural baseline emissions in Mediterranean systems,"Cycles SED2, THT4 and THF4 have much lower DMI values per animal than the other cycles with no clear reason why; they may be errors.",,,,,"Sheep, ewe - Spain - 2009",economic,"Sheep, ewe",number,True,False,True,True,False,True,True,True,False,False,False,True,True,True,True,True,False,False,False
9-loprmmivnu,They do not provide much information on site.,Animal housing - Denmark - They do not provide much infor...,animal housing,Denmark,ao4zpc-o_i0g,Piglet herds-2015,non-verified survey data,relative,wcfuerr47b3k,,LANDSGENNEMSNIT FOR PRODUKTIVITET SVINEPRODUKTIONEN 2016,,,,,,Pig - Denmark - 2015,none required,Pig,number,True,True,True,False,False,True,True,True,True,False,False,True,False,True,True,True,False,False,False
dstjezp8mfb_,,"Permanent pasture - Albarracín, Spain",permanent pasture,Spain - Albarracín,aiod1yodlsng,Annual cycle of sedentary lamb farm in Albarracin (no transhumance),non-verified survey data,relative,av57dkzgzdv6,10.1007/s11367-023-02135-3,Carbon footprint of transhumant sheep farms: accounting for natural baseline emissions in Mediterranean systems,"Cycles SED2, THT4 and THF4 have much lower DMI values per animal than the other cycles with no clear reason why; they may be errors.",,,,,"Wool, sheep (greasy) - Spain - 2009",economic,"Wool, sheep (greasy)",kg,True,False,True,True,False,True,True,True,False,False,False,True,True,True,True,True,False,False,False
vdg5bgnd3hl2,Red farming system,"Permanent pasture - Rothamsted Research - West Devon, United Kingdom - Red farming system",permanent pasture,United Kingdom - West Devon,wvzj8wrv6fka,Red-2018,non-verified survey data,relative,lfvrcxbnt18h,10.1111/ejss.12350,"The North Wyke Farm Platform: effect of temperate grassland farming systems on soil moisture contents, runoff and associated water quality dynamics",The North Wyke Farm Platform is a UK National Bioscience Research Infrastructure (NBRI) supported by the Biotechnology and Biological Sciences Research Council (BBS/E/RH/23NB0008).,,,,,"Sheep, ewe - United Kingdom - 2019-01-01",economic,"Sheep, ewe",number,True,True,False,True,False,True,False,True,True,False,True,True,True,True,True,True,False,False,False
spnubbolkokv,Green farming system,"Permanent pasture - Rothamsted Research - West Devon, United Kingdom - Green farming system",permanent pasture,United Kingdom - West Devon,ycu26sxdzhiv,Green-2022,non-verified survey data,relative,lfvrcxbnt18h,10.1111/ejss.12350,"The North Wyke Farm Platform: effect of temperate grassland farming systems on soil moisture contents, runoff and associated water quality dynamics",The North Wyke Farm Platform is a UK National Bioscience Research Infrastructure (NBRI) supported by the Biotechnology and Biological Sciences Research Council (BBS/E/RH/23NB0008).,,,,,"Beef cattle, heifer - United Kingdom - 2023-01-01",economic,"Beef cattle, heifer",number,True,True,False,True,False,True,False,True,True,False,True,True,True,True,True,True,False,False,False
vdg5bgnd3hl2,Red farming system,"Permanent pasture - Rothamsted Research - West Devon, United Kingdom - Red farming system",permanent pasture,United Kingdom - West Devon,jpk1ouydzrlf,Red-2015,non-verified survey data,relative,lfvrcxbnt18h,10.1111/ejss.12350,"The North Wyke Farm Platform: effect of temperate grassland farming systems on soil moisture contents, runoff and associated water quality dynamics",The North Wyke Farm Platform is a UK National Bioscience Research Infrastructure (NBRI) supported by the Biotechnology and Biological Sciences Research Council (BBS/E/RH/23NB0008).,,,,,"Beef cattle, heifer - United Kingdom - 2016-01-01",economic,"Beef cattle, heifer",number,True,True,False,True,False,True,False,True,True,False,True,True,True,True,True,True,False,False,False
qornzsvwrhjk,,,,,8dtg_nh_hqu7,"Grass only in forage area, Normande breed. Annual milk production cycle, including all grazing and animal housing components.",consistent external sources,relative,pusvmnivm1zy,10.1016/j.jenvman.2013.01.028,"Effect of dairy production system, breed and co-product handling methods on environmental impacts at farm level","Linseed cultivation taken by authors from Nguyen (2012), original data from France. Linseed processing from Bacenetti (2017), selected by us as a proxy. Authors have used daSilva for soybean cultivation data and dalgaard for soybean processing. Given these data are just proxies, we decided to omit them and just specify that the soybean meal is from Brazil.",,,,,"Milk, cow, raw (FPCM) - France - 2011",economic,"Milk, cow, raw (FPCM)",kg FPCM,True,True,True,True,False,True,True,True,True,False,False,True,True,True,True,True,False,True,False
spnubbolkokv,Green farming system,"Permanent pasture - Rothamsted Research - West Devon, United Kingdom - Green farming system",permanent pasture,United Kingdom - West Devon,qcf3-xhswwq6,Green-2019,non-verified survey data,relative,lfvrcxbnt18h,10.1111/ejss.12350,"The North Wyke Farm Platform: effect of temperate grassland farming systems on soil moisture contents, runoff and associated water quality dynamics",The North Wyke Farm Platform is a UK National Bioscience Research Infrastructure (NBRI) supported by the Biotechnology and Biological Sciences Research Council (BBS/E/RH/23NB0008).,,,,,"Sheep, lamb - United Kingdom - 2020-01-01",economic,"Sheep, lamb",number,True,True,False,True,False,True,False,True,True,False,True,True,True,True,True,True,False,False,False
gkzvh5qiabmk,Blue farming system,"Permanent pasture - Rothamsted Research - West Devon, United Kingdom - Blue farming system",permanent pasture,United Kingdom - West Devon,eqsijon8euqn,Blue-2017,non-verified survey data,relative,lfvrcxbnt18h,10.1111/ejss.12350,"The North Wyke Farm Platform: effect of temperate grassland farming systems on soil moisture contents, runoff and associated water quality dynamics",The North Wyke Farm Platform is a UK National Bioscience Research Infrastructure (NBRI) supported by the Biotechnology and Biological Sciences Research Council (BBS/E/RH/23NB0008).,,,,,"Sheep, ewe - United Kingdom - 2018-01-01",economic,"Sheep, ewe",number,True,True,False,True,False,True,False,True,True,False,True,True,True,True,True,True,False,False,False
eqm-g9s6h-to,,"Permanent pasture - Tegasc, Animal and Grassland Research and Innovation Centre - Meath, Ireland",permanent pasture,Ireland - Meath,erkx_iq5wu6-,,physical measurement,relative,nke6buknxiap,10.1016/j.agsy.2022.103379,"Performance, meat quality, profitability, and greenhouse gas emissions of suckler bulls from pasture-based compared to an indoor high-concentrate weanling-to-beef finishing system",,,,,,"Beef cattle, bull - Ireland - 2015",none required,"Beef cattle, bull",number,True,True,True,False,False,False,True,True,True,False,False,True,False,True,False,False,False,False,False
w79dmmlx4_ox,,"Animal housing - Schleswig-Holstein, Germany",animal housing,Germany - Schleswig-Holstein,4bynqgckgbkf,Sow and piglet,non-verified survey data,relative,xczcn7iz5yxe,,Schweinereport 2013,A series of pig reports.,,,,,"Pig, sow - Germany - 2013",economic,"Pig, sow",number,True,True,True,False,False,True,True,True,True,False,False,True,False,True,True,True,False,False,False
xabsznerhemq,"High sugar perennial ryegrass monoculture fields, fields, North Wyke Farm Platform","Permanent pasture - Rothamsted Research - Devon (Administrative County), England, United Kingdom - High sugar perennial ryegrass ...",permanent pasture,"United Kingdom - Devon (Administrative County), England, United Kingdom",nl9pyfv8zxll,"High sugar perennial ryegrass monoculture fields, fields",physical measurement,relative,npl-0ixnthlu,10.1016/j.jclepro.2017.10.113,Distributions of emissions intensity for individual beef cattle reared on pasture-based production systems,"The study mentions that 'sheep also occupy grassland as part of rotational grazing systems, although they do not share the same pasture with cattle at any given time' and therefore their manure also contributes to pasture growth. However, no other information about the length of time the sheep graze, or the number of sheep. Therefore, these have been left out of the upload for now. In addition, the study mentions that animals also feed on ryegrass silage for part of the year. However, no information was given on the quantity. It was removed from the upload to enable animalFeed = TRUE, and allow the grass consumption model to run. The missing energy requirements from ryegrass silage will be substituted as a proxy with extra grass consumption estimated by the model.",,,,,"Beef cattle, heifer and steer - United Kingdom - 2015-12-01",economic,"Beef cattle, heifer and steer",number,True,True,True,True,False,True,False,True,True,False,True,True,True,True,True,True,False,False,False
vdg5bgnd3hl2,Red farming system,"Permanent pasture - Rothamsted Research - West Devon, United Kingdom - Red farming system",permanent pasture,United Kingdom - West Devon,d4omhedd1gdc,Red-2016,non-verified survey data,relative,lfvrcxbnt18h,10.1111/ejss.12350,"The North Wyke Farm Platform: effect of temperate grassland farming systems on soil moisture contents, runoff and associated water quality dynamics",The North Wyke Farm Platform is a UK National Bioscience Research Infrastructure (NBRI) supported by the Biotechnology and Biological Sciences Research Council (BBS/E/RH/23NB0008).,,,,,"Beef cattle, calf (female, weaned) - United Kingdom - 2016-12-31",economic,"Beef cattle, calf (female, weaned)",number,True,True,False,True,False,True,False,True,True,False,True,True,True,True,True,True,False,False,False
cnpawllgzctf,,Animal housing - Germany,animal housing,Germany,xfytd9vjyhvy,Sow Germany Organic,consistent external sources,relative,w3hq1dphy7wy,,Carbon footprints of conventional and organic pork,"They have included information from lots of different sources, for this reason I have not inlcuded the information regarding crop production (only feed composition) because some of these products we already have the sources.",,,,,"Pig, piglet - Germany - 2007",economic,"Pig, piglet",number,True,True,True,False,False,True,True,True,True,False,False,False,False,True,True,True,False,False,False
spnubbolkokv,Green farming system,"Permanent pasture - Rothamsted Research - West Devon, United Kingdom - Green farming system",permanent pasture,United Kingdom - West Devon,xizuvz66doyb,Green-2020,non-verified survey data,relative,lfvrcxbnt18h,10.1111/ejss.12350,"The North Wyke Farm Platform: effect of temperate grassland farming systems on soil moisture contents, runoff and associated water quality dynamics",The North Wyke Farm Platform is a UK National Bioscience Research Infrastructure (NBRI) supported by the Biotechnology and Biological Sciences Research Council (BBS/E/RH/23NB0008).,,,,,"Beef cattle, calf (female, weaned) - United Kingdom - 2020-12-31",economic,"Beef cattle, calf (female, weaned)",number,True,True,False,True,False,True,False,True,True,False,True,True,True,True,True,True,False,False,False
vdg5bgnd3hl2,Red farming system,"Permanent pasture - Rothamsted Research - West Devon, United Kingdom - Red farming system",permanent pasture,United Kingdom - West Devon,vsy0fzis_ywo,Red-2017,non-verified survey data,relative,lfvrcxbnt18h,10.1111/ejss.12350,"The North Wyke Farm Platform: effect of temperate grassland farming systems on soil moisture contents, runoff and associated water quality dynamics",The North Wyke Farm Platform is a UK National Bioscience Research Infrastructure (NBRI) supported by the Biotechnology and Biological Sciences Research Council (BBS/E/RH/23NB0008).,,,,,"Beef cattle, heifer - United Kingdom - 2018-01-01",economic,"Beef cattle, heifer",number,True,True,False,True,False,True,False,True,True,False,True,True,True,True,True,True,False,False,False
oviiuw4q7335,,Animal housing - Kipster - Netherlands,animal housing,Netherlands,udmi39_qo6sp,Kipster-Female chicks,consistent external sources,relative,j2jbf7nfmep-,10.1016/j.jclepro.2019.118241,Accounting for feed-food competition in environmental impact assessment: Towards a resource efficient food-system,,,,,,"Layer chicken, hen - Netherlands - 2017",none required,"Layer chicken, hen",number,True,True,True,True,True,True,True,True,True,False,False,True,False,True,True,True,False,False,False
spnubbolkokv,Green farming system,"Permanent pasture - Rothamsted Research - West Devon, United Kingdom - Green farming system",permanent pasture,United Kingdom - West Devon,oewixdlrufdd,Green-2016,non-verified survey data,relative,lfvrcxbnt18h,10.1111/ejss.12350,"The North Wyke Farm Platform: effect of temperate grassland farming systems on soil moisture contents, runoff and associated water quality dynamics",The North Wyke Farm Platform is a UK National Bioscience Research Infrastructure (NBRI) supported by the Biotechnology and Biological Sciences Research Council (BBS/E/RH/23NB0008).,,,,,"Beef cattle, steer - United Kingdom - 2016-12-31",economic,"Beef cattle, steer",number,True,True,False,True,False,True,False,True,True,False,True,True,True,True,True,True,False,False,False
dstjezp8mfb_,,"Permanent pasture - Albarracín, Spain",permanent pasture,Spain - Albarracín,aiod1yodlsng,Annual cycle of sedentary lamb farm in Albarracin (no transhumance),non-verified survey data,relative,av57dkzgzdv6,10.1007/s11367-023-02135-3,Carbon footprint of transhumant sheep farms: accounting for natural baseline emissions in Mediterranean systems,"Cycles SED2, THT4 and THF4 have much lower DMI values per animal than the other cycles with no clear reason why; they may be errors.",,,,,"Sheep, lamb - Spain - 2009",economic,"Sheep, lamb",number,True,False,True,True,False,True,True,True,False,False,False,True,True,True,True,True,False,False,False
32oqdllahjbt,Field trial,"Permanent pasture - Itabela (Município), Bahia, Brazil - Field trial",permanent pasture,"Brazil - Itabela (Município), Bahia, Brazil",z84wlzwf9n7n,T4,non-verified survey data,relative,_hx1rkzual0i,10.21475/ajcs.23.17.04.p3824,"The influence of tropical pasture improvement on animal performance, nitrogen cycling, and greenhouse gas emissions in the Brazilian Atlantic Forest",What about the fertilising data re pasture do we want this or not?,,,,,"Beef cattle, heifer - Brazil - 2017-11",economic,"Beef cattle, heifer",number,True,True,True,True,True,True,True,True,False,False,False,True,False,True,True,True,False,False,False
2ojwrmmui3py,,Animal housing - Denmark,animal housing,Denmark,o8j3wj8tqngj,Finishers,consistent external sources,relative,hmohcfms011t,,Environmental assessment of Danish pork,"Study is quite unclear as it often states ""per 1000kg pig meat live weight"", but this is unclear whether it is from the sows, piglets, or finishers?",,,,,Pig - Denmark - 2010,economic,Pig,number,True,True,True,True,False,True,True,True,True,False,False,False,False,True,True,True,False,True,False
spnubbolkokv,Green farming system,"Permanent pasture - Rothamsted Research - West Devon, United Kingdom - Green farming system",permanent pasture,United Kingdom - West Devon,oewixdlrufdd,Green-2016,non-verified survey data,relative,lfvrcxbnt18h,10.1111/ejss.12350,"The North Wyke Farm Platform: effect of temperate grassland farming systems on soil moisture contents, runoff and associated water quality dynamics",The North Wyke Farm Platform is a UK National Bioscience Research Infrastructure (NBRI) supported by the Biotechnology and Biological Sciences Research Council (BBS/E/RH/23NB0008).,,,,,"Sheep, lamb (weaned) - United Kingdom - 2016-12-31",economic,"Sheep, lamb (weaned)",number,True,True,False,True,False,True,False,True,True,False,True,True,True,True,True,True,False,False,False
gkzvh5qiabmk,Blue farming system,"Permanent pasture - Rothamsted Research - West Devon, United Kingdom - Blue farming system",permanent pasture,United Kingdom - West Devon,tbwsugf32k4l,Blue-2016,non-verified survey data,relative,lfvrcxbnt18h,10.1111/ejss.12350,"The North Wyke Farm Platform: effect of temperate grassland farming systems on soil moisture contents, runoff and associated water quality dynamics",The North Wyke Farm Platform is a UK National Bioscience Research Infrastructure (NBRI) supported by the Biotechnology and Biological Sciences Research Council (BBS/E/RH/23NB0008).,,,,,"Beef cattle, heifer - United Kingdom - 2016-12-31",economic,"Beef cattle, heifer",number,True,True,False,True,False,True,False,True,True,False,True,True,True,True,True,True,False,False,False
6dxmftw4dhos,Great Lakes region of USA,Animal housing - United States - Great Lakes region of USA,animal housing,United States,ia0z1h-8-nrs,,inconsistent external sources,relative,dr_jmmuqpfzs,10.3168/jds.2016-12325,Grazing intensity affects the environmental impact of dairy systems,,,,,,"Meat, dairy cattle (cold carcass weight) - United States - 2016",economic,"Meat, dairy cattle (cold carcass weight)",kg cold carcass weight,True,True,False,True,False,True,True,True,True,False,False,True,False,True,True,True,False,False,False
spnubbolkokv,Green farming system,"Permanent pasture - Rothamsted Research - West Devon, United Kingdom - Green farming system",permanent pasture,United Kingdom - West Devon,oewixdlrufdd,Green-2016,non-verified survey data,relative,lfvrcxbnt18h,10.1111/ejss.12350,"The North Wyke Farm Platform: effect of temperate grassland farming systems on soil moisture contents, runoff and associated water quality dynamics",The North Wyke Farm Platform is a UK National Bioscience Research Infrastructure (NBRI) supported by the Biotechnology and Biological Sciences Research Council (BBS/E/RH/23NB0008).,,,,,"Beef cattle, calf (male, weaned) - United Kingdom - 2016-12-31",economic,"Beef cattle, calf (male, weaned)",number,True,True,False,True,False,True,False,True,True,False,True,True,True,True,True,True,False,False,False
uxqf2tmy0pit,,"Permanent pasture - CONO Kaasmakers - Friesland (Provincie), Netherlands",permanent pasture,"Netherlands - Friesland (Provincie), Netherlands",fdynpiof6o2n,Milk production,consistent external sources,1 ha,6yfrfaqhjdjb,10.1016/j.livsci.2011.03.013,Eco-efficiency in the production chain of Dutch semi-hard cheese,,,,,,"Milk, cow, raw (FPCM) - Netherlands - 2008",economic,"Milk, cow, raw (FPCM)",kg FPCM,True,False,True,False,False,True,False,True,False,False,False,True,False,True,True,True,False,False,False
c6yudehs_r_w,,Agri-food processor - Netherlands,agri-food processor,Netherlands,waf5xvc68yw-,Slaughter - DRB,consistent external sources,relative,j9vcbxofbrwg,10.18174/518522,Economics of broiler production systems in the Netherlands: Economic aspects within the Greenwell sustainability assessment model,,,,,,"Meat, chicken, leg - Netherlands - 2017",economic,"Meat, chicken, leg",kg ready-to-cook weight,True,True,True,False,True,True,True,True,True,False,False,True,True,True,True,True,False,False,False
ggyusxei8ofw,,Animal housing - Canada,animal housing,Canada,eyveps8we6l2,,non-verified survey data,relative,5wkskew6jvfz,10.1016/j.jclepro.2017.03.050,"Life cycle assessment of Canadian egg products, with differentiation by hen housing system type",,,,,,"Layer chicken, pullet - Canada - 2012",none required,"Layer chicken, pullet",number,True,True,True,True,True,True,True,True,True,False,False,True,False,True,True,True,False,False,True
bzjif4ugwdae,,Animal housing - Czech Republic,animal housing,Czech Republic,l7xdqamt_wmk,Barn production system for egg production from laying hens,consistent external sources,relative,s1krqknyo6_b,10.3390/agriculture12030355,Environmental Impacts of Egg Production from a Life Cycle Perspective,Assumes endDate is 2 years before publication,,,,,Layer chicken - Czech Republic - 2020,economic,Layer chicken,number,True,True,True,True,False,True,True,True,True,False,False,True,False,False,True,True,False,False,True
gkzvh5qiabmk,Blue farming system,"Permanent pasture - Rothamsted Research - West Devon, United Kingdom - Blue farming system",permanent pasture,United Kingdom - West Devon,eqsijon8euqn,Blue-2017,non-verified survey data,relative,lfvrcxbnt18h,10.1111/ejss.12350,"The North Wyke Farm Platform: effect of temperate grassland farming systems on soil moisture contents, runoff and associated water quality dynamics",The North Wyke Farm Platform is a UK National Bioscience Research Infrastructure (NBRI) supported by the Biotechnology and Biological Sciences Research Council (BBS/E/RH/23NB0008).,,,,,"Beef cattle, heifer - United Kingdom - 2018-01-01",economic,"Beef cattle, heifer",number,True,True,False,True,False,True,False,True,True,False,True,True,True,True,True,True,False,False,False
o3uu4jq9gfcu,Site is a combination of both the summer (mountain) and winter (dehesa) grazing sites. Area is cumulative of these sites and the altitude and temperature are assumed to be averaged across them.,Permanent pasture - Spain - Site is a combination of both ...,permanent pasture,Spain,lyj0zylliu9s,Annual cycle of transhumant lamb farm in Albarracin (transhumance of herd to summer farm carried out by truck),non-verified survey data,relative,av57dkzgzdv6,10.1007/s11367-023-02135-3,Carbon footprint of transhumant sheep farms: accounting for natural baseline emissions in Mediterranean systems,"Cycles SED2, THT4 and THF4 have much lower DMI values per animal than the other cycles with no clear reason why; they may be errors.",,,,,"Wool, sheep (greasy) - Spain - 2009",economic,"Wool, sheep (greasy)",kg,True,False,True,True,False,True,True,True,False,False,False,True,True,True,True,True,False,False,False
vdg5bgnd3hl2,Red farming system,"Permanent pasture - Rothamsted Research - West Devon, United Kingdom - Red farming system",permanent pasture,United Kingdom - West Devon,rc7znaubqmmq,Red-2013,non-verified survey data,relative,lfvrcxbnt18h,10.1111/ejss.12350,"The North Wyke Farm Platform: effect of temperate grassland farming systems on soil moisture contents, runoff and associated water quality dynamics",The North Wyke Farm Platform is a UK National Bioscience Research Infrastructure (NBRI) supported by the Biotechnology and Biological Sciences Research Council (BBS/E/RH/23NB0008).,,,,,"Sheep, lamb (weaned) - United Kingdom - 2014-01-01",economic,"Sheep, lamb (weaned)",number,True,True,False,True,False,True,False,True,True,False,True,True,True,True,True,True,False,False,False
spnubbolkokv,Green farming system,"Permanent pasture - Rothamsted Research - West Devon, United Kingdom - Green farming system",permanent pasture,United Kingdom - West Devon,xabfy9qyfjme,Green-2018,non-verified survey data,relative,lfvrcxbnt18h,10.1111/ejss.12350,"The North Wyke Farm Platform: effect of temperate grassland farming systems on soil moisture contents, runoff and associated water quality dynamics",The North Wyke Farm Platform is a UK National Bioscience Research Infrastructure (NBRI) supported by the Biotechnology and Biological Sciences Research Council (BBS/E/RH/23NB0008).,,,,,"Beef cattle, heifer - United Kingdom - 2019-01-01",economic,"Beef cattle, heifer",number,True,True,False,True,False,True,False,True,True,False,True,True,True,True,True,True,False,False,False
vdg5bgnd3hl2,Red farming system,"Permanent pasture - Rothamsted Research - West Devon, United Kingdom - Red farming system",permanent pasture,United Kingdom - West Devon,93xkm7xeljf7,Red-2019,non-verified survey data,relative,lfvrcxbnt18h,10.1111/ejss.12350,"The North Wyke Farm Platform: effect of temperate grassland farming systems on soil moisture contents, runoff and associated water quality dynamics",The North Wyke Farm Platform is a UK National Bioscience Research Infrastructure (NBRI) supported by the Biotechnology and Biological Sciences Research Council (BBS/E/RH/23NB0008).,,,,,"Sheep, ram - United Kingdom - 2020-01-01",economic,"Sheep, ram",number,True,True,False,True,False,True,False,True,True,False,True,True,True,True,True,True,False,False,False
spnubbolkokv,Green farming system,"Permanent pasture - Rothamsted Research - West Devon, United Kingdom - Green farming system",permanent pasture,United Kingdom - West Devon,ycu26sxdzhiv,Green-2022,non-verified survey data,relative,lfvrcxbnt18h,10.1111/ejss.12350,"The North Wyke Farm Platform: effect of temperate grassland farming systems on soil moisture contents, runoff and associated water quality dynamics",The North Wyke Farm Platform is a UK National Bioscience Research Infrastructure (NBRI) supported by the Biotechnology and Biological Sciences Research Council (BBS/E/RH/23NB0008).,,,,,"Sheep, lamb (weaned) - United Kingdom - 2023-01-01",economic,"Sheep, lamb (weaned)",number,True,True,False,True,False,True,False,True,True,False,True,True,True,True,True,True,False,False,False
gkzvh5qiabmk,Blue farming system,"Permanent pasture - Rothamsted Research - West Devon, United Kingdom - Blue farming system",permanent pasture,United Kingdom - West Devon,s0c-4lhytwh3,Blue-2022,non-verified survey data,relative,lfvrcxbnt18h,10.1111/ejss.12350,"The North Wyke Farm Platform: effect of temperate grassland farming systems on soil moisture contents, runoff and associated water quality dynamics",The North Wyke Farm Platform is a UK National Bioscience Research Infrastructure (NBRI) supported by the Biotechnology and Biological Sciences Research Council (BBS/E/RH/23NB0008).,,,,,"Sheep, lamb (weaned) - United Kingdom - 2023-01-01",economic,"Sheep, lamb (weaned)",number,True,True,False,True,False,True,False,True,True,False,True,True,True,True,True,True,False,False,False
c6yudehs_r_w,,Agri-food processor - Netherlands,agri-food processor,Netherlands,waf5xvc68yw-,Slaughter - DRB,consistent external sources,relative,j9vcbxofbrwg,10.18174/518522,Economics of broiler production systems in the Netherlands: Economic aspects within the Greenwell sustainability assessment model,,,,,,"Meat, chicken, wings - Netherlands - 2017",economic,"Meat, chicken, wings",kg ready-to-cook weight,True,True,True,False,True,True,True,True,True,False,False,True,True,True,True,True,False,False,False
vdg5bgnd3hl2,Red farming system,"Permanent pasture - Rothamsted Research - West Devon, United Kingdom - Red farming system",permanent pasture,United Kingdom - West Devon,d4omhedd1gdc,Red-2016,non-verified survey data,relative,lfvrcxbnt18h,10.1111/ejss.12350,"The North Wyke Farm Platform: effect of temperate grassland farming systems on soil moisture contents, runoff and associated water quality dynamics",The North Wyke Farm Platform is a UK National Bioscience Research Infrastructure (NBRI) supported by the Biotechnology and Biological Sciences Research Council (BBS/E/RH/23NB0008).,,,,,"Sheep, ram - United Kingdom - 2016-12-31",economic,"Sheep, ram",number,True,True,False,True,False,True,False,True,True,False,True,True,True,True,True,True,False,False,False
vahwtb_8rjsk,,Agri-food processor - Netherlands,agri-food processor,Netherlands,szdoafeu6z8d,Slaughter - conventional,consistent external sources,relative,j9vcbxofbrwg,10.18174/518522,Economics of broiler production systems in the Netherlands: Economic aspects within the Greenwell sustainability assessment model,,,,,,"Meat, chicken, wings - Netherlands - 2017",economic,"Meat, chicken, wings",kg ready-to-cook weight,True,True,True,False,True,True,True,True,True,False,False,True,True,True,True,True,False,False,False
vdg5bgnd3hl2,Red farming system,"Permanent pasture - Rothamsted Research - West Devon, United Kingdom - Red farming system",permanent pasture,United Kingdom - West Devon,ahqkf7piyoxv,Red-2012,non-verified survey data,relative,lfvrcxbnt18h,10.1111/ejss.12350,"The North Wyke Farm Platform: effect of temperate grassland farming systems on soil moisture contents, runoff and associated water quality dynamics",The North Wyke Farm Platform is a UK National Bioscience Research Infrastructure (NBRI) supported by the Biotechnology and Biological Sciences Research Council (BBS/E/RH/23NB0008).,,,,,"Sheep, ram - United Kingdom - 2013-01-01",economic,"Sheep, ram",number,True,True,False,True,False,True,False,True,True,False,True,True,True,True,True,True,False,False,False
8w0dvqin_1go,,Permanent pasture - Spain,permanent pasture,Spain,xjxfmwgg3rig,Average annual production data across 9 different conventional dehesa cattle farms. Cow-calf operation,non-verified survey data,relative,_309twlkzg6f,10.1016/j.jclepro.2022.131918,Carbon sequestration offsets a large share of GHG emissions in dehesa cattle production,"Emissions values were extracted from graphs in Figure 5 using a Web plot digitiser so may not be completely accurate. Extra data supplied from authors on cull cow sales, pasture inputs and pasture grass nutrition qualities",,,,,"Beef cattle, cow - Spain - 2019",economic,"Beef cattle, cow",number,True,True,True,False,False,False,False,True,False,False,False,True,False,True,True,False,False,False,True
spnubbolkokv,Green farming system,"Permanent pasture - Rothamsted Research - West Devon, United Kingdom - Green farming system",permanent pasture,United Kingdom - West Devon,44htfoh2ku3e,Green-2017,non-verified survey data,relative,lfvrcxbnt18h,10.1111/ejss.12350,"The North Wyke Farm Platform: effect of temperate grassland farming systems on soil moisture contents, runoff and associated water quality dynamics",The North Wyke Farm Platform is a UK National Bioscience Research Infrastructure (NBRI) supported by the Biotechnology and Biological Sciences Research Council (BBS/E/RH/23NB0008).,,,,,"Sheep, ram - United Kingdom - 2018-01-01",economic,"Sheep, ram",number,True,True,False,True,False,True,False,True,True,False,True,True,True,True,True,True,False,False,False
gqux1zsrroxq,,"Animal housing - Schleswig-Holstein, Germany",animal housing,Germany - Schleswig-Holstein,p-czmgbymdyk,Fattening,non-verified survey data,relative,shabhgy75qwy,,Schweinereport 2018,A series of pig reports.,,,,,Pig - Germany - 2018,none required,Pig,number,True,True,True,False,False,True,True,True,True,False,False,True,False,True,True,True,False,False,False
gkzvh5qiabmk,Blue farming system,"Permanent pasture - Rothamsted Research - West Devon, United Kingdom - Blue farming system",permanent pasture,United Kingdom - West Devon,xccakim_7aql,Blue-2011,non-verified survey data,relative,lfvrcxbnt18h,10.1111/ejss.12350,"The North Wyke Farm Platform: effect of temperate grassland farming systems on soil moisture contents, runoff and associated water quality dynamics",The North Wyke Farm Platform is a UK National Bioscience Research Infrastructure (NBRI) supported by the Biotechnology and Biological Sciences Research Council (BBS/E/RH/23NB0008).,,,,,"Beef cattle, steer - United Kingdom - 2012-01-01",economic,"Beef cattle, steer",number,True,True,False,True,False,True,False,True,True,False,True,True,True,True,True,True,False,False,False
gkzvh5qiabmk,Blue farming system,"Permanent pasture - Rothamsted Research - West Devon, United Kingdom - Blue farming system",permanent pasture,United Kingdom - West Devon,9_2i-uijctrd,Blue-2020,non-verified survey data,relative,lfvrcxbnt18h,10.1111/ejss.12350,"The North Wyke Farm Platform: effect of temperate grassland farming systems on soil moisture contents, runoff and associated water quality dynamics",The North Wyke Farm Platform is a UK National Bioscience Research Infrastructure (NBRI) supported by the Biotechnology and Biological Sciences Research Council (BBS/E/RH/23NB0008).,,,,,"Sheep, lamb (weaned) - United Kingdom - 2020-12-31",economic,"Sheep, lamb (weaned)",number,True,True,False,True,False,True,False,True,True,False,True,True,True,True,True,True,False,False,False
spnubbolkokv,Green farming system,"Permanent pasture - Rothamsted Research - West Devon, United Kingdom - Green farming system",permanent pasture,United Kingdom - West Devon,kydwtvt3yzob,Green-2011,non-verified survey data,relative,lfvrcxbnt18h,10.1111/ejss.12350,"The North Wyke Farm Platform: effect of temperate grassland farming systems on soil moisture contents, runoff and associated water quality dynamics",The North Wyke Farm Platform is a UK National Bioscience Research Infrastructure (NBRI) supported by the Biotechnology and Biological Sciences Research Council (BBS/E/RH/23NB0008).,,,,,"Sheep, ewe - United Kingdom - 2012-01-01",economic,"Sheep, ewe",number,True,True,False,True,False,True,False,True,True,False,True,True,True,True,True,True,False,False,False
_qin--btj2ph,,"Permanent pasture - Waikato (Region), New Zealand",permanent pasture,"New Zealand - Waikato (Region), New Zealand",yg7uysdjmyod,milk production cycle (average across 53 farms),non-verified survey data,1 ha,e7cggytqz4gv,10.1007/s11367-016-1033-9,"Appraisal of environmental profiles of pasture-based milk production: a case study of dairy farms in the Waikato region, New Zealand",,,,,,"Meat, dairy cattle (liveweight) - New Zealand - 2011",economic,"Meat, dairy cattle (liveweight)",kg liveweight,True,True,True,False,False,True,True,True,True,False,False,True,False,True,True,True,False,False,False
vdg5bgnd3hl2,Red farming system,"Permanent pasture - Rothamsted Research - West Devon, United Kingdom - Red farming system",permanent pasture,United Kingdom - West Devon,ltuldd6ydbpf,Red-2020,non-verified survey data,relative,lfvrcxbnt18h,10.1111/ejss.12350,"The North Wyke Farm Platform: effect of temperate grassland farming systems on soil moisture contents, runoff and associated water quality dynamics",The North Wyke Farm Platform is a UK National Bioscience Research Infrastructure (NBRI) supported by the Biotechnology and Biological Sciences Research Council (BBS/E/RH/23NB0008).,,,,,"Beef cattle, calf (female, weaned) - United Kingdom - 2020-12-31",economic,"Beef cattle, calf (female, weaned)",number,True,True,False,True,False,True,False,True,True,False,True,True,True,True,True,True,False,False,False
tkt1_k4wczs1,,"Permanent pasture - Teagasc Animal and Grassland Research and Innovation Centre - Cork (Traditional County), Ireland",permanent pasture,"Ireland - Cork (Traditional County), Ireland",76ymtn7hw7ne,,verified survey data,relative,w6ztm8yfvjxy,10.3168/jds.2020-19077,The simulated environmental impact of incorporating white clover into pasture-based dairy production systems,Animal Population is an estimate based on livestock units - the exact numbers of different animals in the herd were not given.,,,,,"Milk, cow, raw (FPCM) - Ireland - 2016",economic,"Milk, cow, raw (FPCM)",kg FPCM,True,True,True,True,False,True,False,True,True,False,False,True,False,True,False,True,False,False,False
spnubbolkokv,Green farming system,"Permanent pasture - Rothamsted Research - West Devon, United Kingdom - Green farming system",permanent pasture,United Kingdom - West Devon,kydwtvt3yzob,Green-2011,non-verified survey data,relative,lfvrcxbnt18h,10.1111/ejss.12350,"The North Wyke Farm Platform: effect of temperate grassland farming systems on soil moisture contents, runoff and associated water quality dynamics",The North Wyke Farm Platform is a UK National Bioscience Research Infrastructure (NBRI) supported by the Biotechnology and Biological Sciences Research Council (BBS/E/RH/23NB0008).,,,,,"Sheep, lamb - United Kingdom - 2012-01-01",economic,"Sheep, lamb",number,True,True,False,True,False,True,False,True,True,False,True,True,True,True,True,True,False,False,False
gkzvh5qiabmk,Blue farming system,"Permanent pasture - Rothamsted Research - West Devon, United Kingdom - Blue farming system",permanent pasture,United Kingdom - West Devon,yicqaf6dikra,Blue-2012,non-verified survey data,relative,lfvrcxbnt18h,10.1111/ejss.12350,"The North Wyke Farm Platform: effect of temperate grassland farming systems on soil moisture contents, runoff and associated water quality dynamics",The North Wyke Farm Platform is a UK National Bioscience Research Infrastructure (NBRI) supported by the Biotechnology and Biological Sciences Research Council (BBS/E/RH/23NB0008).,,,,,"Sheep, lamb - United Kingdom - 2013-01-01",economic,"Sheep, lamb",number,True,True,False,True,False,True,False,True,True,False,True,True,True,True,True,True,False,False,False
spnubbolkokv,Green farming system,"Permanent pasture - Rothamsted Research - West Devon, United Kingdom - Green farming system",permanent pasture,United Kingdom - West Devon,4fvndcfaytjq,Green-2014,non-verified survey data,relative,lfvrcxbnt18h,10.1111/ejss.12350,"The North Wyke Farm Platform: effect of temperate grassland farming systems on soil moisture contents, runoff and associated water quality dynamics",The North Wyke Farm Platform is a UK National Bioscience Research Infrastructure (NBRI) supported by the Biotechnology and Biological Sciences Research Council (BBS/E/RH/23NB0008).,,,,,"Sheep, ewe - United Kingdom - 2015-01-01",economic,"Sheep, ewe",number,True,True,False,True,False,True,False,True,True,False,True,True,True,True,True,True,False,False,False
gkzvh5qiabmk,Blue farming system,"Permanent pasture - Rothamsted Research - West Devon, United Kingdom - Blue farming system",permanent pasture,United Kingdom - West Devon,uhd_i2x10588,Blue-2021,non-verified survey data,relative,lfvrcxbnt18h,10.1111/ejss.12350,"The North Wyke Farm Platform: effect of temperate grassland farming systems on soil moisture contents, runoff and associated water quality dynamics",The North Wyke Farm Platform is a UK National Bioscience Research Infrastructure (NBRI) supported by the Biotechnology and Biological Sciences Research Council (BBS/E/RH/23NB0008).,,,,,"Sheep, ram - United Kingdom - 2022-01-01",economic,"Sheep, ram",number,True,True,False,True,False,True,False,True,True,False,True,True,True,True,True,True,False,False,False
qfdic_b875qk,Site is comprised of three industrial units.,"Animal housing - Principado de Asturias, Spain - Site is comprised of three ind...",animal housing,Spain - Principado de Asturias,xuxhxjooeoju,,non-verified survey data,relative,ddfpcactgv75,10.1016/j.jclepro.2018.01.067,Environmental assesment of intensive egg production: A Spanish case study,"Inventory data:  ""With respect to packaging and fodder, only those elements that exceed 5% (w/w) of the total were included, so the polyethylene around the pallets used to transport packaging materials was not considered (<0.05% w/w). Regarding cleaning materials, only bleach was included in the inventory, since it was the main cleaning agent employed (>90%). Drugs were not taken into consideration since they are only occasionally employed and, in addition, the amounts of these medicinal substances used in the farm were insignificant compared to the total incomes and outcomes. Transport value in tkm represents transport of fodder, packaging, new laying hens and cleaning products to the farm as well as the transport of old hens and wastes from the farm. Transport of eggs to the retail store is separate as was carried out using internal vehicles and given as an individual diesel value for transport of the egg product. """,,,,,"Eggs, hen, in shell (number) - Spain - 2016",none,"Eggs, hen, in shell (number)",number,True,True,True,True,True,True,True,True,True,False,False,True,False,True,True,True,False,True,True
pjsrhxp2p-7x,"6 yrs worth of development work to create an innovative animal housing to incorporate best practices for animal welfare and the environment. 11m tall window at one end, sloped ceiling with natural ventilation. 'motherhoods' that can be raised or lowered and have infra-red heating technology.","Animal housing - Robert Nijkamp - Raalte, Netherlands - 6 yrs worth of development wor...",animal housing,Netherlands - Raalte,ornrrupv9h3z,Dutch Beter Leven - 1 star level - broiler production,non-verified survey data,relative,qaztaq2-g6po,,Windstreek Broiler House: Plukon Food Group & Nijkamp,,,,,,Broiler chicken - Netherlands - 2014,economic,Broiler chicken,number,False,True,True,False,False,True,True,True,False,False,False,True,True,True,True,True,False,False,False
gkzvh5qiabmk,Blue farming system,"Permanent pasture - Rothamsted Research - West Devon, United Kingdom - Blue farming system",permanent pasture,United Kingdom - West Devon,yicqaf6dikra,Blue-2012,non-verified survey data,relative,lfvrcxbnt18h,10.1111/ejss.12350,"The North Wyke Farm Platform: effect of temperate grassland farming systems on soil moisture contents, runoff and associated water quality dynamics",The North Wyke Farm Platform is a UK National Bioscience Research Infrastructure (NBRI) supported by the Biotechnology and Biological Sciences Research Council (BBS/E/RH/23NB0008).,,,,,"Sheep, lamb - United Kingdom - 2013-01-01",economic,"Sheep, lamb",number,True,True,False,True,False,True,False,True,True,False,True,True,True,True,True,True,False,False,False
krfwpkfgvirm,,Animal housing - Australia,animal housing,Australia,ukall4ljj7ud,This cycle represent data for the free range grow out phase.,consistent external sources,relative,7kppxn2pfyux,10.1016/j.jclepro.2016.06.086,Resource use and environmental impacts from Australian chicken meat production,,,,,,Broiler chicken - Australia - 2010,none required,Broiler chicken,number,True,True,True,True,False,True,True,True,True,False,False,True,True,True,True,True,True,False,True
ya5b0rdkbk_3,,"Agri-food processor - São Carlos (Distrito), São Carlos, São Paulo, Brazil",agri-food processor,"Brazil - São Carlos (Distrito), São Carlos, São Paulo, Brazil",ukjgvvkezb14,DP animal to meat,physical measurement,relative,kv1m1hpv86fl,10.1016/j.meatsci.2018.01.019,The effect of grazing system intensification on the growth and meat quality of beef cattle in the Brazilian Atlantic Forest biome,,,,,,"Meat, beef cattle (cold dressed carcass weight) - Brazil - 2014",economic,"Meat, beef cattle (cold dressed carcass weight)",kg cold dressed carcass weight,True,True,True,False,True,True,True,True,True,False,False,True,True,False,True,True,True,False,False
xzvy8n9lvng_,,Animal housing - Czech Republic,animal housing,Czech Republic,lzyarw3fkmn0,Organic production system for egg production from laying hens,non-verified survey data,relative,s1krqknyo6_b,10.3390/agriculture12030355,Environmental Impacts of Egg Production from a Life Cycle Perspective,Assumes endDate is 2 years before publication,,,,,Layer chicken - Czech Republic - 2020,economic,Layer chicken,number,True,True,True,True,False,True,True,True,True,False,False,True,False,False,True,True,False,False,True
vdg5bgnd3hl2,Red farming system,"Permanent pasture - Rothamsted Research - West Devon, United Kingdom - Red farming system",permanent pasture,United Kingdom - West Devon,5g6htwtfe2y9,Red-2011,non-verified survey data,relative,lfvrcxbnt18h,10.1111/ejss.12350,"The North Wyke Farm Platform: effect of temperate grassland farming systems on soil moisture contents, runoff and associated water quality dynamics",The North Wyke Farm Platform is a UK National Bioscience Research Infrastructure (NBRI) supported by the Biotechnology and Biological Sciences Research Council (BBS/E/RH/23NB0008).,,,,,"Sheep, lamb - United Kingdom - 2012-01-01",economic,"Sheep, lamb",number,True,True,False,True,False,True,False,True,True,False,True,True,True,True,True,True,False,False,False
vdg5bgnd3hl2,Red farming system,"Permanent pasture - Rothamsted Research - West Devon, United Kingdom - Red farming system",permanent pasture,United Kingdom - West Devon,ahqkf7piyoxv,Red-2012,non-verified survey data,relative,lfvrcxbnt18h,10.1111/ejss.12350,"The North Wyke Farm Platform: effect of temperate grassland farming systems on soil moisture contents, runoff and associated water quality dynamics",The North Wyke Farm Platform is a UK National Bioscience Research Infrastructure (NBRI) supported by the Biotechnology and Biological Sciences Research Council (BBS/E/RH/23NB0008).,,,,,"Sheep, lamb - United Kingdom - 2013-01-01",economic,"Sheep, lamb",number,True,True,False,True,False,True,False,True,True,False,True,True,True,True,True,True,False,False,False
vdg5bgnd3hl2,Red farming system,"Permanent pasture - Rothamsted Research - West Devon, United Kingdom - Red farming system",permanent pasture,United Kingdom - West Devon,jpk1ouydzrlf,Red-2015,non-verified survey data,relative,lfvrcxbnt18h,10.1111/ejss.12350,"The North Wyke Farm Platform: effect of temperate grassland farming systems on soil moisture contents, runoff and associated water quality dynamics",The North Wyke Farm Platform is a UK National Bioscience Research Infrastructure (NBRI) supported by the Biotechnology and Biological Sciences Research Council (BBS/E/RH/23NB0008).,,,,,"Sheep, lamb (weaned) - United Kingdom - 2016-01-01",economic,"Sheep, lamb (weaned)",number,True,True,False,True,False,True,False,True,True,False,True,True,True,True,True,True,False,False,False
ciyzy5vihc_o,,Agri-food processor - Ireland,agri-food processor,Ireland,olntauzmsadv,Conversion of animals to meat,physical measurement,relative,bjlulokiutoa,10.1016/j.agsy.2017.03.007,An economic and greenhouse gas emissions evaluation of pasture-based dairy calf-to-beef production systems,,,,,,"Meat, beef cattle (cold carcass weight) - Ireland - 2014",economic,"Meat, beef cattle (cold carcass weight)",kg cold carcass weight,True,True,True,False,True,True,True,True,True,False,False,True,True,False,True,True,False,False,True
gkzvh5qiabmk,Blue farming system,"Permanent pasture - Rothamsted Research - West Devon, United Kingdom - Blue farming system",permanent pasture,United Kingdom - West Devon,yicqaf6dikra,Blue-2012,non-verified survey data,relative,lfvrcxbnt18h,10.1111/ejss.12350,"The North Wyke Farm Platform: effect of temperate grassland farming systems on soil moisture contents, runoff and associated water quality dynamics",The North Wyke Farm Platform is a UK National Bioscience Research Infrastructure (NBRI) supported by the Biotechnology and Biological Sciences Research Council (BBS/E/RH/23NB0008).,,,,,"Sheep, ram - United Kingdom - 2013-01-01",economic,"Sheep, ram",number,True,True,False,True,False,True,False,True,True,False,True,True,True,True,True,True,False,False,False
vk9jii3blfzw,Site is a combination of both the summer (mountain) and winter (dehesa) grazing sites. Area is cumulative of these sites and the altitude and temperature are assumed to be averaged across them.,Permanent pasture - Spain - Site is a combination of both ...,permanent pasture,Spain,vd_9eeibwkdt,Annual cycle of transhumant lamb farm in Albarracin (transhumance of herd to summer farm carried out on foot),non-verified survey data,relative,av57dkzgzdv6,10.1007/s11367-023-02135-3,Carbon footprint of transhumant sheep farms: accounting for natural baseline emissions in Mediterranean systems,"Cycles SED2, THT4 and THF4 have much lower DMI values per animal than the other cycles with no clear reason why; they may be errors.",,,,,"Sheep, ewe - Spain - 2009",economic,"Sheep, ewe",number,True,False,True,True,False,True,True,True,False,False,False,True,True,True,True,True,False,False,False
pjxjgjz4a-er,Field trial,"Permanent pasture - Itabela (Município), Bahia, Brazil - Field trial",permanent pasture,"Brazil - Itabela (Município), Bahia, Brazil",jb7m3hb0agrj,T6,non-verified survey data,relative,_hx1rkzual0i,10.21475/ajcs.23.17.04.p3824,"The influence of tropical pasture improvement on animal performance, nitrogen cycling, and greenhouse gas emissions in the Brazilian Atlantic Forest",What about the fertilising data re pasture do we want this or not?,,,,,"Beef cattle, heifer - Brazil - 2017-11",economic,"Beef cattle, heifer",number,True,True,True,True,True,True,True,True,False,False,False,True,False,True,True,True,False,False,False
btryccvelghk,,"Animal housing - Bergamo (Provincia), Lombardia, Italy",animal housing,"Italy - Bergamo (Provincia), Lombardia, Italy",grmtj6z4smf7,"Cycle for farm producing milk and meat, with an AD on-site",non-verified survey data,relative,flspquqcccfk,10.1016/j.scitotenv.2017.07.271,The carbon footprint of integrated milk production and renewable energy systems – A case study,,,,,,"Meat, dairy cattle (liveweight) - Italy - 2015",economic,"Meat, dairy cattle (liveweight)",kg liveweight,True,True,True,True,True,True,False,True,True,False,False,True,False,True,True,True,True,False,False
baiuxyiwdzzr,,"Permanent pasture - Victoria (State), Australia",permanent pasture,"Australia - Victoria (State), Australia",n28onya4ytd9,Mixed pasture plot grazed by 15 lambs,physical measurement,1 ha,qjv9ii1cnmsr,10.1016/j.jclepro.2010.05.003,"Global warming contributions from wheat, sheep meat and wool production in Victoria, Australia-a life cycle assessment",Update with transport node once available,,"The goal was to compare the life cycle global warming performance of wheat, sheep meat and wool, produced in three adjacent plots: mixed pasture, wheat and sub-clover.",,,"Wool, sheep (greasy) - Australia - 2008-02-01",economic,"Wool, sheep (greasy)",kg,True,True,True,True,False,True,False,True,True,False,True,True,False,True,True,True,True,False,True
5y9hicsuayer,Site is a combination of both the summer (mountain) and winter (dehesa) grazing sites. Area is cumulative of these sites and the altitude and temperature are assumed to be averaged across them.,Permanent pasture - Spain - Site is a combination of both ...,permanent pasture,Spain,v2d9gviqwkbc,Annual cycle of transhumant lamb farm in Albarracin (transhumance of herd to summer farm carried out on foot),non-verified survey data,relative,av57dkzgzdv6,10.1007/s11367-023-02135-3,Carbon footprint of transhumant sheep farms: accounting for natural baseline emissions in Mediterranean systems,"Cycles SED2, THT4 and THF4 have much lower DMI values per animal than the other cycles with no clear reason why; they may be errors.",,,,,"Sheep, ewe - Spain - 2009",economic,"Sheep, ewe",number,True,False,True,True,False,True,True,True,False,False,False,True,True,True,True,True,False,False,False
,,,,,awywv0yvg7z2,snail collection bangladesh,verified survey data,relative,ivkiyujgzf8r,10.1021/acs.est.5b04634,Comparison of Asian Aquaculture Products by Use of Statistically Supported Life Cycle Assessment,,,,,,"Meat, freshwater snails (with shell) - Bangladesh - 2018",mass,"Meat, freshwater snails (with shell)",kg,True,True,True,True,True,True,True,True,True,False,True,True,True,True,True,True,True,True,True
6huf238z9ung,,Animal housing - Canada,animal housing,Canada,as3cej8fszni,,non-verified survey data,relative,5wkskew6jvfz,10.1016/j.jclepro.2017.03.050,"Life cycle assessment of Canadian egg products, with differentiation by hen housing system type",,,,,,"Eggs, hen, in shell - Canada - 2012",biophysical,"Eggs, hen, in shell",kg,True,True,True,True,True,True,True,True,True,False,False,True,False,True,True,True,False,False,True
gkzvh5qiabmk,Blue farming system,"Permanent pasture - Rothamsted Research - West Devon, United Kingdom - Blue farming system",permanent pasture,United Kingdom - West Devon,tbwsugf32k4l,Blue-2016,non-verified survey data,relative,lfvrcxbnt18h,10.1111/ejss.12350,"The North Wyke Farm Platform: effect of temperate grassland farming systems on soil moisture contents, runoff and associated water quality dynamics",The North Wyke Farm Platform is a UK National Bioscience Research Infrastructure (NBRI) supported by the Biotechnology and Biological Sciences Research Council (BBS/E/RH/23NB0008).,,,,,"Beef cattle, heifer - United Kingdom - 2016-12-31",economic,"Beef cattle, heifer",number,True,True,False,True,False,True,False,True,True,False,True,True,True,True,True,True,False,False,False
hamgpkm4ehr3,They do not provide much information on site.,Animal housing - Denmark - They do not provide much infor...,animal housing,Denmark,idc2dmnigust,Fattening herds-2016,non-verified survey data,relative,wcfuerr47b3k,,LANDSGENNEMSNIT FOR PRODUKTIVITET SVINEPRODUKTIONEN 2016,,,,,,Pig - Denmark - 2016,none required,Pig,number,True,True,True,False,False,True,True,True,True,False,False,True,False,True,True,True,False,False,False
osh7g3quakjn,,Animal housing - Canada,animal housing,Canada,mwmojkinkbah,A conventional cage housing system,non-verified survey data,relative,suyept760iy4,10.1016/j.resconrec.2021.105907,Life cycle assessment of contemporary Canadian egg production systems during the transition from conventional cage to alternative housing systems: Update and analysis of trends and conditions,,,,,,"Eggs, hen, in shell - Canada - 2019",biophysical,"Eggs, hen, in shell",kg,True,True,True,True,True,True,True,True,True,False,False,True,False,True,True,True,False,False,True
vdg5bgnd3hl2,Red farming system,"Permanent pasture - Rothamsted Research - West Devon, United Kingdom - Red farming system",permanent pasture,United Kingdom - West Devon,ky_kuf7n9vbf,Red-2014,non-verified survey data,relative,lfvrcxbnt18h,10.1111/ejss.12350,"The North Wyke Farm Platform: effect of temperate grassland farming systems on soil moisture contents, runoff and associated water quality dynamics",The North Wyke Farm Platform is a UK National Bioscience Research Infrastructure (NBRI) supported by the Biotechnology and Biological Sciences Research Council (BBS/E/RH/23NB0008).,,,,,"Beef cattle, heifer - United Kingdom - 2015-01-01",economic,"Beef cattle, heifer",number,True,True,False,True,False,True,False,True,True,False,True,True,True,True,True,True,False,False,False
spnubbolkokv,Green farming system,"Permanent pasture - Rothamsted Research - West Devon, United Kingdom - Green farming system",permanent pasture,United Kingdom - West Devon,hg69ta4xyz-h,Green-2012,non-verified survey data,relative,lfvrcxbnt18h,10.1111/ejss.12350,"The North Wyke Farm Platform: effect of temperate grassland farming systems on soil moisture contents, runoff and associated water quality dynamics",The North Wyke Farm Platform is a UK National Bioscience Research Infrastructure (NBRI) supported by the Biotechnology and Biological Sciences Research Council (BBS/E/RH/23NB0008).,,,,,"Sheep, ewe - United Kingdom - 2013-01-01",economic,"Sheep, ewe",number,True,True,False,True,False,True,False,True,True,False,True,True,True,True,True,True,False,False,False
44st2x67an0u,,Animal housing - Czech Republic,animal housing,Czech Republic,l3axwseu0glf,Barn production system for egg production from laying hens,consistent external sources,relative,s1krqknyo6_b,10.3390/agriculture12030355,Environmental Impacts of Egg Production from a Life Cycle Perspective,Assumes endDate is 2 years before publication,,,,,Layer chicken - Czech Republic - 2020,economic,Layer chicken,number,True,True,True,True,False,True,True,True,True,False,False,True,False,False,True,True,False,False,True
ynqi0jwpqj9b,Cycle for the conversion of animal to meat,"Agri-food processor - Meath, Ireland - Cycle for the conversion of an...",agri-food processor,Ireland - Meath,yy5vkwfjuynj,,physical measurement,relative,nke6buknxiap,10.1016/j.agsy.2022.103379,"Performance, meat quality, profitability, and greenhouse gas emissions of suckler bulls from pasture-based compared to an indoor high-concentrate weanling-to-beef finishing system",,,,,,"Meat, beef cattle (cold dressed carcass weight) - Ireland - 2015",none required,"Meat, beef cattle (cold dressed carcass weight)",kg cold dressed carcass weight,True,True,True,False,True,True,True,True,True,False,False,False,True,True,True,True,True,False,False
oxgnhzxfztiw,,"Permanent pasture - Sardegna, Italy",permanent pasture,Italy - Sardegna,gki0rg5htygn,"Pluriparous ewes chosen for assessment, lambing concentrated in mid-November. Separated system with high supplementation (SS-HS), in which mothers were not followed by suckling lambs during the grazing time (suckling lambs remained indoors) and they received a high dose of supplement (600 g/d of concentrate).",physical measurement,relative,mmjqpffwvz8g,10.3390/ani11123605,Effect of suckling management and ewe concentrate level on methane-related carbon footprint of lamb meat in sardinian dairy sheep farming,,,,,,"Sheep, lamb (female, unweaned) - Italy - 2017-12-13",economic,"Sheep, lamb (female, unweaned)",number,False,True,True,False,False,True,False,True,True,False,False,True,True,True,True,True,False,False,False
gkzvh5qiabmk,Blue farming system,"Permanent pasture - Rothamsted Research - West Devon, United Kingdom - Blue farming system",permanent pasture,United Kingdom - West Devon,tbwsugf32k4l,Blue-2016,non-verified survey data,relative,lfvrcxbnt18h,10.1111/ejss.12350,"The North Wyke Farm Platform: effect of temperate grassland farming systems on soil moisture contents, runoff and associated water quality dynamics",The North Wyke Farm Platform is a UK National Bioscience Research Infrastructure (NBRI) supported by the Biotechnology and Biological Sciences Research Council (BBS/E/RH/23NB0008).,,,,,"Sheep, ram - United Kingdom - 2016-12-31",economic,"Sheep, ram",number,True,True,False,True,False,True,False,True,True,False,True,True,True,True,True,True,False,False,False
,,,,,bvqn6-hxixsm,"snail deshelling in bangladesh, manual labour",verified survey data,relative,ivkiyujgzf8r,10.1021/acs.est.5b04634,Comparison of Asian Aquaculture Products by Use of Statistically Supported Life Cycle Assessment,,,,,,"Snail meal, without shells - Bangladesh - 2018",mass,"Snail meal, without shells",kg,True,True,True,True,True,True,True,True,True,True,True,True,True,True,True,True,True,True,True
qdxwubt2gkmu,,Animal housing - Kipster - Netherlands,animal housing,Netherlands,j52mh9lipbzl,Kipster-Laying hens scenario 2,consistent external sources,relative,j2jbf7nfmep-,10.1016/j.jclepro.2019.118241,Accounting for feed-food competition in environmental impact assessment: Towards a resource efficient food-system,,,,,,"Eggs, hen, in shell - Netherlands - 2017",economic,"Eggs, hen, in shell",kg,True,True,True,True,True,True,True,True,True,False,False,True,False,True,True,True,False,False,False
dur6cvbtla12,,Agri-food processor - Netherlands,agri-food processor,Netherlands,luxccugmoryi,Production of pork meat from pigs,inconsistent external sources,relative,zggopfg9ggrc,10.1080/15693430412331291652,Protein Chains and Environmental Pressures: A Comparison of Pork and Novel Protein Foods,,,,,,"Meat, pig (cold dressed carcass weight) - Netherlands - 2008",economic,"Meat, pig (cold dressed carcass weight)",kg cold dressed carcass weight,True,True,True,False,True,True,True,True,True,False,False,False,True,True,True,True,False,False,False
f5b7aemgxik1,Field trial,"Permanent pasture - Itabela (Município), Bahia, Brazil - Field trial",permanent pasture,"Brazil - Itabela (Município), Bahia, Brazil",yfxywkornjhk,T3,non-verified survey data,relative,_hx1rkzual0i,10.21475/ajcs.23.17.04.p3824,"The influence of tropical pasture improvement on animal performance, nitrogen cycling, and greenhouse gas emissions in the Brazilian Atlantic Forest",What about the fertilising data re pasture do we want this or not?,,,,,"Cattle, urine (kg mass) - Brazil - 2017-11",economic,"Cattle, urine (kg mass)",kg,True,True,True,True,True,True,True,True,False,False,False,True,False,True,True,True,False,False,False
spnubbolkokv,Green farming system,"Permanent pasture - Rothamsted Research - West Devon, United Kingdom - Green farming system",permanent pasture,United Kingdom - West Devon,qcf3-xhswwq6,Green-2019,non-verified survey data,relative,lfvrcxbnt18h,10.1111/ejss.12350,"The North Wyke Farm Platform: effect of temperate grassland farming systems on soil moisture contents, runoff and associated water quality dynamics",The North Wyke Farm Platform is a UK National Bioscience Research Infrastructure (NBRI) supported by the Biotechnology and Biological Sciences Research Council (BBS/E/RH/23NB0008).,,,,,"Sheep, ewe - United Kingdom - 2020-01-01",economic,"Sheep, ewe",number,True,True,False,True,False,True,False,True,True,False,True,True,True,True,True,True,False,False,False
vdg5bgnd3hl2,Red farming system,"Permanent pasture - Rothamsted Research - West Devon, United Kingdom - Red farming system",permanent pasture,United Kingdom - West Devon,ahqkf7piyoxv,Red-2012,non-verified survey data,relative,lfvrcxbnt18h,10.1111/ejss.12350,"The North Wyke Farm Platform: effect of temperate grassland farming systems on soil moisture contents, runoff and associated water quality dynamics",The North Wyke Farm Platform is a UK National Bioscience Research Infrastructure (NBRI) supported by the Biotechnology and Biological Sciences Research Council (BBS/E/RH/23NB0008).,,,,,"Beef cattle, steer - United Kingdom - 2013-01-01",economic,"Beef cattle, steer",number,True,True,False,True,False,True,False,True,True,False,True,True,True,True,True,True,False,False,False
umbyyjm_ka-q,Site is a combination of both the summer (mountain) and winter (dehesa) grazing sites. Area is cumulative of these sites and the altitude and temperature are assumed to be averaged across them.,Permanent pasture - Spain - Site is a combination of both ...,permanent pasture,Spain,nutimaqzsrnj,Annual cycle of transhumant lamb farm in Albarracin (transhumance of herd to summer farm carried out on foot),non-verified survey data,relative,av57dkzgzdv6,10.1007/s11367-023-02135-3,Carbon footprint of transhumant sheep farms: accounting for natural baseline emissions in Mediterranean systems,"Cycles SED2, THT4 and THF4 have much lower DMI values per animal than the other cycles with no clear reason why; they may be errors.",,,,,"Sheep, lamb - Spain - 2009",economic,"Sheep, lamb",number,True,False,True,True,False,True,True,True,False,False,False,True,True,True,True,True,False,False,False
lrugu8vgzaf1,,Permanent pasture - Kenya,permanent pasture,Kenya,vsdingorvc2p,Cows and heifers obtain some feed through grazing but are also stall-fed at other times,non-verified survey data,relative,4o85q6a1k0ih,10.1016/j.jclepro.2020.121780,Variation in the carbon footprint of milk production on smallholder dairy farms in central Kenya,Data also available in Wilkes et al. (2019). Methods and guidance to support MRV of livestock emissions.,,,,,"Milk, cow, raw (FPCM) - Kenya - 2018",economic,"Milk, cow, raw (FPCM)",kg FPCM,True,True,False,False,False,False,True,True,True,False,False,True,False,False,False,False,False,False,False
0r-o9co2h6jj,,"Agri-food processor - Meath, Ireland",agri-food processor,Ireland - Meath,cfa8bmuee7fz,Cycle representing the slaughter of the animals produced during the production cycle,physical measurement,relative,adq-l4cpvkng,10.1016/j.animal.2021.100247,Life cycle assessment of pasture-based suckler steer weanling-to-beef production systems: Effect of breed and slaughter age,,,,,,"Meat, beef cattle (cold carcass weight) - Ireland - 2017",economic,"Meat, beef cattle (cold carcass weight)",kg cold carcass weight,True,True,True,False,True,True,True,True,True,False,False,True,True,True,True,True,False,False,True
ab6ytc20qybj,,"Permanent pasture - New South Wales, Australia",permanent pasture,Australia - New South Wales,wufqv-xjz06m,Lamb production cycle for a regional average farm in New South Wales,modelled,relative,c3c-fbwxy2mp,10.1071/AN14647,Resource use and environmental impacts from Australian export lamb production: A life cycle assessment,,,,,,"Sheep, ewe - Australia - 2010",economic,"Sheep, ewe",number,True,True,True,True,False,True,False,True,False,False,False,True,True,True,True,True,False,False,True
vahwtb_8rjsk,,Agri-food processor - Netherlands,agri-food processor,Netherlands,szdoafeu6z8d,Slaughter - conventional,consistent external sources,relative,j9vcbxofbrwg,10.18174/518522,Economics of broiler production systems in the Netherlands: Economic aspects within the Greenwell sustainability assessment model,,,,,,"Meat, chicken, leg - Netherlands - 2017",economic,"Meat, chicken, leg",kg ready-to-cook weight,True,True,True,False,True,True,True,True,True,False,False,True,True,True,True,True,False,False,False
ofzs7w6hre5y,,,,,sjr8nm8roztd,,inconsistent external sources,relative,pg0ta0g9e0ed,,Klimawirkungen der Landwirtschaft in Deutschland,,,,,,Pig - Germany - 2004,economic,Pig,number,True,True,False,True,True,True,True,True,False,False,False,False,False,True,False,True,False,False,False
4n5hn325m9tw,Site is a combination of both the summer (mountain) and winter (dehesa) grazing sites. Area is cumulative of these sites and the altitude and temperature are assumed to be averaged across them.,Permanent pasture - Spain - Site is a combination of both ...,permanent pasture,Spain,pxfgddtv5jgv,Annual cycle of transhumant lamb farm in Albarracin (transhumance of herd to summer farm carried out by truck),non-verified survey data,relative,av57dkzgzdv6,10.1007/s11367-023-02135-3,Carbon footprint of transhumant sheep farms: accounting for natural baseline emissions in Mediterranean systems,"Cycles SED2, THT4 and THF4 have much lower DMI values per animal than the other cycles with no clear reason why; they may be errors.",,,,,"Sheep, ewe - Spain - 2009",economic,"Sheep, ewe",number,True,False,True,True,False,True,True,True,False,False,False,True,True,True,True,True,False,False,False
h8gckiqxkoko,,Permanent pasture - Teagasc Johnstown Castle Research Farm - Ireland,permanent pasture,Ireland,ya2qvr5bacts,"19AL treatment where Bulls are offered grass silage ad libitum plus 1.5kg dry matter DM per head daily over the Winter period, turned out to pasture for 100 days and finished indoors on a concentrate ad libitum diet for 100 days and slaughtered at 19 months of age (this is the 2nd pasture phase)",physical measurement,relative,bjlulokiutoa,10.1016/j.agsy.2017.03.007,An economic and greenhouse gas emissions evaluation of pasture-based dairy calf-to-beef production systems,,,,,,"Beef cattle, bull - Ireland - 2014",none required,"Beef cattle, bull",number,False,True,False,False,False,False,False,True,True,False,True,True,False,True,False,False,True,False,False
gnzmdxlrix_2,Site is a combination of both the summer (mountain) and winter (dehesa) grazing sites. Area is cumulative of these sites and the altitude and temperature are assumed to be averaged across them.,Permanent pasture - Spain - Site is a combination of both ...,permanent pasture,Spain,ihku_bvhfaji,Annual cycle of transhumant lamb farm in Albarracin (transhumance of herd to summer farm carried out on foot),non-verified survey data,relative,av57dkzgzdv6,10.1007/s11367-023-02135-3,Carbon footprint of transhumant sheep farms: accounting for natural baseline emissions in Mediterranean systems,"Cycles SED2, THT4 and THF4 have much lower DMI values per animal than the other cycles with no clear reason why; they may be errors.",,,,,"Sheep, lamb - Spain - 2009",economic,"Sheep, lamb",number,True,False,True,True,False,True,True,True,False,False,False,True,True,True,True,True,False,False,False
juoxuvkf-hnl,,Permanent pasture - South Australia,permanent pasture,Australia - South Australia,7aku44c3svum,Lamb production cycle for a regional average farm in South Australia,modelled,relative,c3c-fbwxy2mp,10.1071/AN14647,Resource use and environmental impacts from Australian export lamb production: A life cycle assessment,,,,,,"Wool, sheep (greasy) - Australia - 2010",economic,"Wool, sheep (greasy)",kg,True,True,True,True,False,True,False,True,False,False,False,True,True,True,True,True,False,False,True
_yqaaeqmk-pd,,"Animal housing - Schleswig-Holstein, Germany",animal housing,Germany - Schleswig-Holstein,70umcieuceve,Sow and piglet,non-verified survey data,relative,kyg9ckr4pbuv,,Schweinereport 2021,A series of pig reports.,,,,,"Pig, piglet - Germany - 2021",economic,"Pig, piglet",number,True,True,True,False,False,True,True,True,True,False,False,True,False,True,True,True,False,False,False
,,,,,misof_oo0syq,,inconsistent external sources,relative,dr_jmmuqpfzs,10.3168/jds.2016-12325,Grazing intensity affects the environmental impact of dairy systems,,,,,,"Milk, cow, raw (FPCM) - United States - 2016",biophysical,"Milk, cow, raw (FPCM)",kg FPCM,True,True,False,True,False,True,True,True,True,False,False,True,False,True,True,True,False,False,False
spnubbolkokv,Green farming system,"Permanent pasture - Rothamsted Research - West Devon, United Kingdom - Green farming system",permanent pasture,United Kingdom - West Devon,xabfy9qyfjme,Green-2018,non-verified survey data,relative,lfvrcxbnt18h,10.1111/ejss.12350,"The North Wyke Farm Platform: effect of temperate grassland farming systems on soil moisture contents, runoff and associated water quality dynamics",The North Wyke Farm Platform is a UK National Bioscience Research Infrastructure (NBRI) supported by the Biotechnology and Biological Sciences Research Council (BBS/E/RH/23NB0008).,,,,,"Beef cattle, steer - United Kingdom - 2019-01-01",economic,"Beef cattle, steer",number,True,True,False,True,False,True,False,True,True,False,True,True,True,True,True,True,False,False,False
bfbligujhpt2,,Permanent pasture - Ireland,permanent pasture,Ireland,kf2aiqr2n1ed,"Alternative calf-to-beef system with a high grass utlilisation rate, where heifers are finished at 20 months and males are finished as bulls at 16 months, with a moderate stocking density of 2.2 LU/ha.",modelled,relative,892cdffsz7dk,10.1016/j.agee.2011.05.010,Whole-farm systems modelling of greenhouse gas emissions from pastoral suckler beef cow production systems,,,,,,"Meat, beef cattle (cold dressed carcass weight) - Ireland - 2009",none required,"Meat, beef cattle (cold dressed carcass weight)",kg cold dressed carcass weight,True,True,True,False,False,True,True,True,False,False,False,True,False,True,True,True,False,False,False
q3-7skq_yx_e,,,,,wiociakt_wnb,"Grass and low proportion maize silage in forage area, Holstein breed. Annual milk production cycle, including all grazing and animal housing components.",consistent external sources,relative,pusvmnivm1zy,10.1016/j.jenvman.2013.01.028,"Effect of dairy production system, breed and co-product handling methods on environmental impacts at farm level","Linseed cultivation taken by authors from Nguyen (2012), original data from France. Linseed processing from Bacenetti (2017), selected by us as a proxy. Authors have used daSilva for soybean cultivation data and dalgaard for soybean processing. Given these data are just proxies, we decided to omit them and just specify that the soybean meal is from Brazil.",,,,,"Milk, cow, raw (FPCM) - France - 2011",economic,"Milk, cow, raw (FPCM)",kg FPCM,True,True,True,True,False,True,True,True,True,False,False,True,True,True,True,True,False,True,False
djaudnsgowj0,,Permanent pasture - South Australia,permanent pasture,Australia - South Australia,4dciiftjm-4m,"Lamb production cycle averaged over three case study farms in South Australia. 85% of lambs finished are pasture-based, while 15% are finished with supplementary grain diets.",non-verified survey data,relative,c3c-fbwxy2mp,10.1071/AN14647,Resource use and environmental impacts from Australian export lamb production: A life cycle assessment,,,,,,"Wool, sheep (greasy) - Australia - 2012",economic,"Wool, sheep (greasy)",kg,True,True,True,True,False,True,False,True,False,False,False,True,True,True,True,True,False,False,True
qfdic_b875qk,Site is comprised of three industrial units.,"Animal housing - Principado de Asturias, Spain - Site is comprised of three ind...",animal housing,Spain - Principado de Asturias,xuxhxjooeoju,,non-verified survey data,relative,ddfpcactgv75,10.1016/j.jclepro.2018.01.067,Environmental assesment of intensive egg production: A Spanish case study,"Inventory data:  ""With respect to packaging and fodder, only those elements that exceed 5% (w/w) of the total were included, so the polyethylene around the pallets used to transport packaging materials was not considered (<0.05% w/w). Regarding cleaning materials, only bleach was included in the inventory, since it was the main cleaning agent employed (>90%). Drugs were not taken into consideration since they are only occasionally employed and, in addition, the amounts of these medicinal substances used in the farm were insignificant compared to the total incomes and outcomes. Transport value in tkm represents transport of fodder, packaging, new laying hens and cleaning products to the farm as well as the transport of old hens and wastes from the farm. Transport of eggs to the retail store is separate as was carried out using internal vehicles and given as an individual diesel value for transport of the egg product. """,,,,,"Meat, chicken (liveweight) - Spain - 2016",economic,"Meat, chicken (liveweight)",kg liveweight,True,True,True,True,True,True,True,True,True,False,False,True,False,True,True,True,False,True,True
4umc1x9fiqdb,Poultry house. No daylight.,Animal housing - Netherlands - Poultry house. No daylight.,animal housing,Netherlands,e4_qce9udzot,Conventional broiler,consistent external sources,relative,j9vcbxofbrwg,10.18174/518522,Economics of broiler production systems in the Netherlands: Economic aspects within the Greenwell sustainability assessment model,,,,,,Broiler chicken - Netherlands - 2017,none required,Broiler chicken,number,True,True,True,True,False,True,True,True,True,False,False,True,False,True,True,True,False,False,False
spnubbolkokv,Green farming system,"Permanent pasture - Rothamsted Research - West Devon, United Kingdom - Green farming system",permanent pasture,United Kingdom - West Devon,qcf3-xhswwq6,Green-2019,non-verified survey data,relative,lfvrcxbnt18h,10.1111/ejss.12350,"The North Wyke Farm Platform: effect of temperate grassland farming systems on soil moisture contents, runoff and associated water quality dynamics",The North Wyke Farm Platform is a UK National Bioscience Research Infrastructure (NBRI) supported by the Biotechnology and Biological Sciences Research Council (BBS/E/RH/23NB0008).,,,,,"Beef cattle, steer - United Kingdom - 2020-01-01",economic,"Beef cattle, steer",number,True,True,False,True,False,True,False,True,True,False,True,True,True,True,True,True,False,False,False
mcdozkymt6r2,,"Animal housing - Friuli-Venezia Giulia, Italy",animal housing,Italy - Friuli-Venezia Giulia,xo8ljvcf-pg3,"Organic farm production of eggs. Flock spends daylight hours outdoors in free-range area (site 2), but are housed in the barn overnight.",non-verified survey data,relative,agdwd3nz8v0m,10.1016/j.jclepro.2020.123046,Investigating on the environmental sustainability of animal products: The case of organic eggs,"The method used for the impact Assessment was “ the ILCD (International Reference Life Cycle Data System) 2011 Midpoint þ method (V1.03), which is the impact assessment method endorsed by the European Commission”. We used this link to figure out which models were used for the different impact categories: https://longtrailsustainability.com/wp-content/uploads/2016/10/ILCD-2011-Midpoint-is-the-PEF-Method.pdf",,,,,"Eggs, hen, in shell (number) - Italy - 2019",none,"Eggs, hen, in shell (number)",number,True,True,True,True,True,True,False,True,True,False,False,True,False,True,True,True,False,True,True
cvy333cq_fut,"Pasture area containing 14 ponds and a creek for livestock watering along with road acces to the property, silo, corral, stable, administration building and workers housing.","Permanent pasture - Itapetinga (Distrito), Itapetinga, Bahia, Brazil - Pasture area containing 14 pon...",permanent pasture,"Brazil - Itapetinga (Distrito), Itapetinga, Bahia, Brazil",9m07h5fm4cgc,Production of calves that are weaned after 6 months with one part of the heifers for slaughter and the other part for replacing mature breeding cows.,non-verified survey data,relative,xv1onxezajtm,10.1007/s11367-016-1062-4,Environmental Impact assessment of a semi-intensive beef cattle production in Brazil’s Northeast,,,,,,"Meat, beef cattle (liveweight) - Brazil - 2013-01-01",economic,"Meat, beef cattle (liveweight)",kg liveweight,True,True,True,True,False,True,False,True,True,False,False,True,False,True,True,True,False,False,False
spnubbolkokv,Green farming system,"Permanent pasture - Rothamsted Research - West Devon, United Kingdom - Green farming system",permanent pasture,United Kingdom - West Devon,xizuvz66doyb,Green-2020,non-verified survey data,relative,lfvrcxbnt18h,10.1111/ejss.12350,"The North Wyke Farm Platform: effect of temperate grassland farming systems on soil moisture contents, runoff and associated water quality dynamics",The North Wyke Farm Platform is a UK National Bioscience Research Infrastructure (NBRI) supported by the Biotechnology and Biological Sciences Research Council (BBS/E/RH/23NB0008).,,,,,"Sheep, ewe - United Kingdom - 2020-12-31",economic,"Sheep, ewe",number,True,True,False,True,False,True,False,True,True,False,True,True,True,True,True,True,False,False,False
_pkam0fqxmpa,,"Permanent pasture - Victoria (State), Australia",permanent pasture,"Australia - Victoria (State), Australia",s_0kqtilkedu,"Lamb production cycle averaged over four case study farms in Victoria. 85% of lambs finished are pasture-based, while 15% are finished with supplementary grain diets.",verified survey data,relative,c3c-fbwxy2mp,10.1071/AN14647,Resource use and environmental impacts from Australian export lamb production: A life cycle assessment,,,,,,"Wool, sheep (greasy) - Australia - 2012",economic,"Wool, sheep (greasy)",kg,True,True,True,True,False,True,False,True,False,False,False,True,True,True,True,True,False,False,True
mk83_oybfof3,,"Agri-food processor - São Carlos (Distrito), São Carlos, São Paulo, Brazil",agri-food processor,"Brazil - São Carlos (Distrito), São Carlos, São Paulo, Brazil",gobqnffmszmy,DHS animal to meat,physical measurement,relative,kv1m1hpv86fl,10.1016/j.meatsci.2018.01.019,The effect of grazing system intensification on the growth and meat quality of beef cattle in the Brazilian Atlantic Forest biome,,,,,,"Meat, beef cattle (cold dressed carcass weight) - Brazil - 2014",economic,"Meat, beef cattle (cold dressed carcass weight)",kg cold dressed carcass weight,True,True,True,False,True,True,True,True,True,False,False,True,True,False,True,True,True,False,False
hfnffltqhgjf,,"Animal housing - Schleswig-Holstein, Germany",animal housing,Germany - Schleswig-Holstein,dcipo18s22hb,Fattening,non-verified survey data,relative,g1xvewplso_v,,Schweinereport 2020,A series of pig reports.,,,,,Pig - Germany - 2020,none required,Pig,number,True,True,True,False,False,True,True,True,True,False,False,True,False,True,True,True,False,False,False
,,,,,bxdljgpjokln,,consistent external sources,1 ha,a-zra9lig9k4,10.3168/jds.2019-17182,"Temporal, spatial, and management variability in the carbon footprint of New Zealand milk",,,,,,"Milk, cow, raw (FPCM) - New Zealand - 2011",biophysical,"Milk, cow, raw (FPCM)",kg FPCM,True,False,True,False,False,True,True,True,True,False,False,True,False,True,False,True,False,False,False
qxnrlu27y2fk,,Animal housing - China,animal housing,China,dvqz7dqmrihh,,non-verified survey data,relative,vxjctf4iuqg3,10.1016/j.scitotenv.2017.12.259,"Environmental impacts and resource use of milk production on the North China Plain, based on life cycle assessment",,,,,,"Dairy cattle, calf - China - 2016",economic,"Dairy cattle, calf",number,True,False,True,True,False,True,True,True,True,False,False,True,False,True,True,True,True,False,True
vdg5bgnd3hl2,Red farming system,"Permanent pasture - Rothamsted Research - West Devon, United Kingdom - Red farming system",permanent pasture,United Kingdom - West Devon,9qa3pn-kxwxx,Red-2021,non-verified survey data,relative,lfvrcxbnt18h,10.1111/ejss.12350,"The North Wyke Farm Platform: effect of temperate grassland farming systems on soil moisture contents, runoff and associated water quality dynamics",The North Wyke Farm Platform is a UK National Bioscience Research Infrastructure (NBRI) supported by the Biotechnology and Biological Sciences Research Council (BBS/E/RH/23NB0008).,,,,,"Beef cattle, heifer - United Kingdom - 2022-01-01",economic,"Beef cattle, heifer",number,True,True,False,True,False,True,False,True,True,False,True,True,True,True,True,True,False,False,False
cook0stf33nt,,"Animal housing - Meath, Ireland",animal housing,Ireland - Meath,xbrzenvnank5,,physical measurement,relative,qprqdskyqqgi,10.1016/j.agsy.2023.103672,"Pasture-finishing of late-maturing bulls or steers in a suckler calf-to-beef system: Animal production, meat quality, economics, greenhouse gas emissions and human-edible food-feed efficiency",,,,,,"Beef cattle, bull - Ireland - 2015",economic,"Beef cattle, bull",number,False,True,True,False,False,True,False,True,True,False,False,True,False,True,True,True,False,False,False
oe0jj4koaizb,Slaughterhouse,Agri-food processor - United Kingdom - Slaughterhouse,agri-food processor,United Kingdom,blnvz_zwndhl,Slaughter England Conventional,consistent external sources,relative,w3hq1dphy7wy,,Carbon footprints of conventional and organic pork,"They have included information from lots of different sources, for this reason I have not inlcuded the information regarding crop production (only feed composition) because some of these products we already have the sources.",,,,,"Meat, pig (cold dressed carcass weight) - United Kingdom - 2007",none required,"Meat, pig (cold dressed carcass weight)",kg cold dressed carcass weight,True,True,True,False,True,True,True,True,True,False,False,False,True,True,True,True,False,False,False
ah9u95bspjfz,,Agri-food processor - Brazil,agri-food processor,Brazil,fonlc1dhalhy,Meat production,modelled,relative,evw50pucedpe,10.1016/j.jclepro.2019.118362,Multicriteria decision-making and probabilistic weighing applied to sustainable assessment of beef life cycle,,,,,,"Meat, beef cattle (liveweight) - Brazil - 2017",economic,"Meat, beef cattle (liveweight)",kg liveweight,True,True,True,False,True,True,True,True,True,False,False,True,True,True,True,True,False,False,True
j6av9a1kroz7,,Agri-food processor - Irish lowland sheep farm - Ireland,agri-food processor,Ireland,za7pjuksd2dv,Slaughter Cycle for High Genetic Merit Lambs,modelled,relative,zbwr_kpj1nsn,10.1016/j.agsy.2022.103467,"Modelling the production, profit, and greenhouse gas emissions of Irish sheep flocks divergent in genetic merit",,,,,,"Meat, sheep (cold carcass weight) - Ireland - 2020",economic,"Meat, sheep (cold carcass weight)",kg cold carcass weight,True,True,True,False,False,True,True,False,True,False,False,False,True,True,True,True,False,False,False
bxjimcvxfzu3,12 big corporations that account for more than 90% of the country’s total capacity.,Animal housing - Thailand - 12 big corporations that accou...,animal housing,Thailand,djz9bxonwsta,CB5-Parent farm 3,non-verified survey data,relative,jwwfj8vmju7j,10.15244/pjoes/68156,Greenhouse gas emissions of one-day-old chick production,,,,,,"Broiler chicken, hen - Thailand - 2011",none required,"Broiler chicken, hen",number,True,True,True,True,True,True,True,True,False,False,False,True,False,True,True,True,False,True,True
ghhkvkxt4hgp,,"Animal housing - Lembang (Desa), Lembang, Bandung Barat, Jawa Barat, Indonesia",animal housing,"Indonesia - Lembang (Desa), Lembang, Bandung Barat, Jawa Barat, Indonesia",xj2hdpvu88fw,Milk production cycle - average production cycle over 288 farms,non-verified survey data,relative,wfdwsdifxc2e,,"Environmental impacts of dairy farming in Lembang, West Java",The same data is also presented in deVries et al. (2019) Entry Points for Reduction of Greenhouse Gas Emissions in Small-Scale Dairy Farms: Looking Beyond Milk Yield Increase.,,,,,"Milk, cow, raw - Indonesia - 2016",economic,"Milk, cow, raw",kg,True,True,True,False,False,True,True,True,True,False,False,True,True,True,True,True,False,False,False
gkzvh5qiabmk,Blue farming system,"Permanent pasture - Rothamsted Research - West Devon, United Kingdom - Blue farming system",permanent pasture,United Kingdom - West Devon,uhd_i2x10588,Blue-2021,non-verified survey data,relative,lfvrcxbnt18h,10.1111/ejss.12350,"The North Wyke Farm Platform: effect of temperate grassland farming systems on soil moisture contents, runoff and associated water quality dynamics",The North Wyke Farm Platform is a UK National Bioscience Research Infrastructure (NBRI) supported by the Biotechnology and Biological Sciences Research Council (BBS/E/RH/23NB0008).,,,,,"Sheep, lamb (weaned) - United Kingdom - 2022-01-01",economic,"Sheep, lamb (weaned)",number,True,True,False,True,False,True,False,True,True,False,True,True,True,True,True,True,False,False,False
vdg5bgnd3hl2,Red farming system,"Permanent pasture - Rothamsted Research - West Devon, United Kingdom - Red farming system",permanent pasture,United Kingdom - West Devon,93xkm7xeljf7,Red-2019,non-verified survey data,relative,lfvrcxbnt18h,10.1111/ejss.12350,"The North Wyke Farm Platform: effect of temperate grassland farming systems on soil moisture contents, runoff and associated water quality dynamics",The North Wyke Farm Platform is a UK National Bioscience Research Infrastructure (NBRI) supported by the Biotechnology and Biological Sciences Research Council (BBS/E/RH/23NB0008).,,,,,"Sheep, ewe - United Kingdom - 2020-01-01",economic,"Sheep, ewe",number,True,True,False,True,False,True,False,True,True,False,True,True,True,True,True,True,False,False,False
spnubbolkokv,Green farming system,"Permanent pasture - Rothamsted Research - West Devon, United Kingdom - Green farming system",permanent pasture,United Kingdom - West Devon,csz4s_jq7j9p,Green-2015,non-verified survey data,relative,lfvrcxbnt18h,10.1111/ejss.12350,"The North Wyke Farm Platform: effect of temperate grassland farming systems on soil moisture contents, runoff and associated water quality dynamics",The North Wyke Farm Platform is a UK National Bioscience Research Infrastructure (NBRI) supported by the Biotechnology and Biological Sciences Research Council (BBS/E/RH/23NB0008).,,,,,"Sheep, ewe - United Kingdom - 2016-01-01",economic,"Sheep, ewe",number,True,True,False,True,False,True,False,True,True,False,True,True,True,True,True,True,False,False,False
c6bhkfpazzkp,,"Permanent pasture - Animal & Grass-land Research and Innovation Centre -TEAGASC - Meath, Ireland",permanent pasture,Ireland - Meath,uc9oiw6x17ng,"Late maturing suckler bred bull weanlings of breeds of Limousin and Charolais sired,kept in housing to begin with followed by time on pasture before being rehoused for a second period and being moved back to pasture for a second time and then slaughtered at 24 months of age.",physical measurement,relative,adq-l4cpvkng,10.1016/j.animal.2021.100247,Life cycle assessment of pasture-based suckler steer weanling-to-beef production systems: Effect of breed and slaughter age,,,,,,"Beef cattle, steer - United Kingdom - 2017",none,"Beef cattle, steer",number,True,True,False,False,True,True,False,True,True,False,False,True,False,True,True,True,False,True,False
mjgk8-ao_coh,,Agri-food processor - Netherlands,agri-food processor,Netherlands,99-mf1zabbo0,Slaughter - BLS,consistent external sources,relative,j9vcbxofbrwg,10.18174/518522,Economics of broiler production systems in the Netherlands: Economic aspects within the Greenwell sustainability assessment model,,,,,,"Meat, chicken, wings - Netherlands - 2017",economic,"Meat, chicken, wings",kg ready-to-cook weight,True,True,True,False,True,True,True,True,True,False,False,True,True,True,True,True,False,False,False
szobx5n9q7hn,,"Permanent pasture - New South Wales, Australia",permanent pasture,Australia - New South Wales,gkckhrry81wa,Lamb production cycle averaged over three case study farms in New South Wales. All pasture-based.,non-verified survey data,relative,c3c-fbwxy2mp,10.1071/AN14647,Resource use and environmental impacts from Australian export lamb production: A life cycle assessment,,,,,,"Wool, sheep (greasy) - Australia - 2012",economic,"Wool, sheep (greasy)",kg,True,True,True,True,False,True,False,True,False,False,False,True,True,True,True,True,False,False,True
qopsam2qsl-p,,"Animal housing - Schleswig-Holstein, Germany",animal housing,Germany - Schleswig-Holstein,2t4iln-ks43w,Fattening,non-verified survey data,relative,oeppvtifky_-,,Schweinereport 2011,A series of pig reports.,,,,,Pig - Germany - 2011,none required,Pig,number,True,True,True,False,False,True,True,True,True,False,False,True,False,True,True,True,False,False,False
vdg5bgnd3hl2,Red farming system,"Permanent pasture - Rothamsted Research - West Devon, United Kingdom - Red farming system",permanent pasture,United Kingdom - West Devon,rc7znaubqmmq,Red-2013,non-verified survey data,relative,lfvrcxbnt18h,10.1111/ejss.12350,"The North Wyke Farm Platform: effect of temperate grassland farming systems on soil moisture contents, runoff and associated water quality dynamics",The North Wyke Farm Platform is a UK National Bioscience Research Infrastructure (NBRI) supported by the Biotechnology and Biological Sciences Research Council (BBS/E/RH/23NB0008).,,,,,"Beef cattle, steer - United Kingdom - 2014-01-01",economic,"Beef cattle, steer",number,True,True,False,True,False,True,False,True,True,False,True,True,True,True,True,True,False,False,False
spnubbolkokv,Green farming system,"Permanent pasture - Rothamsted Research - West Devon, United Kingdom - Green farming system",permanent pasture,United Kingdom - West Devon,44htfoh2ku3e,Green-2017,non-verified survey data,relative,lfvrcxbnt18h,10.1111/ejss.12350,"The North Wyke Farm Platform: effect of temperate grassland farming systems on soil moisture contents, runoff and associated water quality dynamics",The North Wyke Farm Platform is a UK National Bioscience Research Infrastructure (NBRI) supported by the Biotechnology and Biological Sciences Research Council (BBS/E/RH/23NB0008).,,,,,"Sheep, ewe - United Kingdom - 2018-01-01",economic,"Sheep, ewe",number,True,True,False,True,False,True,False,True,True,False,True,True,True,True,True,True,False,False,False
t3rypgie6gl5,Slaughterhouse,Agri-food processor - Denmark - Slaughterhouse,agri-food processor,Denmark,o95leu7lomnc,Slaughter-2011,non-verified survey data,relative,wcfuerr47b3k,,LANDSGENNEMSNIT FOR PRODUKTIVITET SVINEPRODUKTIONEN 2016,,,,,,"Meat, pig (cold dressed carcass weight) - Denmark - 2011",none required,"Meat, pig (cold dressed carcass weight)",kg cold dressed carcass weight,True,True,True,False,False,True,True,True,True,False,False,True,True,True,True,True,False,False,False
zhe46terus0n,,Agri-food processor - Ireland,agri-food processor,Ireland,g2w-emjmkq0q,Cycle describing the average conversion of Sheep meat to carcass in 115 lowland farms.,non-verified survey data,relative,othg_d-xdppv,10.1016/j.agsy.2016.07.004,A life cycle assessment of the effect of intensification on the environmental impacts and resource use of grass-based sheep farming,,,,,,"Meat, sheep (cold carcass weight) - Ireland - 2013",economic,"Meat, sheep (cold carcass weight)",kg cold carcass weight,True,True,True,False,True,True,True,True,True,False,False,False,True,True,True,True,False,False,False
pl5kjgatay0v,,Animal housing - Teagasc Johnstown Castle Research Farm - Ireland,animal housing,Ireland,zgble64saw6c,"19AL treatment where Bulls are offered grass silage ad libitum plus 1.5kg dry matter DM per head daily over the Winter period, turned out to pasture for 100 days and finished indoors on a concentrate ad libitum diet for 100 days and slaughtered at 19 months of age (this is the finishing phase)",physical measurement,relative,bjlulokiutoa,10.1016/j.agsy.2017.03.007,An economic and greenhouse gas emissions evaluation of pasture-based dairy calf-to-beef production systems,,,,,,"Beef cattle, bull - Ireland - 2014",none,"Beef cattle, bull",number,True,True,True,False,False,False,False,True,True,False,True,True,False,True,False,False,True,False,False
qxfn_m_vbtfo,,Permanent pasture - United Kingdom,permanent pasture,United Kingdom,0gqfb5mia9m7,"Cycle to reflect standard practice of beef production in the UK. It represents a fully integrated system, where production of replacement stock and finishing of production stock takes place on the same enterprise.",consistent external sources,relative,x--pwvqu1uzz,10.1016/j.jclepro.2019.06.171,Understanding uncertainty in the carbon footprint of beef production,"Recorded GWP value - unlear whether the ""per kg LW"" FU quoted for the figure given in the text refers to liveweight of both finished and cull cattle, or just the finished steers. Suckling calves and finishing animals from 13 to 19 months were at pasture and did not require fed rations. All other animal classes spent 5 months housed (and 7 months at pasture).",,,,,"Milk, cow, raw - United Kingdom - 2017",economic,"Milk, cow, raw",kg,True,True,True,True,False,False,False,True,True,False,False,True,False,True,False,True,False,False,False
spnubbolkokv,Green farming system,"Permanent pasture - Rothamsted Research - West Devon, United Kingdom - Green farming system",permanent pasture,United Kingdom - West Devon,oewixdlrufdd,Green-2016,non-verified survey data,relative,lfvrcxbnt18h,10.1111/ejss.12350,"The North Wyke Farm Platform: effect of temperate grassland farming systems on soil moisture contents, runoff and associated water quality dynamics",The North Wyke Farm Platform is a UK National Bioscience Research Infrastructure (NBRI) supported by the Biotechnology and Biological Sciences Research Council (BBS/E/RH/23NB0008).,,,,,"Sheep, lamb - United Kingdom - 2016-12-31",economic,"Sheep, lamb",number,True,True,False,True,False,True,False,True,True,False,True,True,True,True,True,True,False,False,False
lgn0oj2ryuqx,,Permanent pasture - Teagasc Johnstown Castle Research Farm - Ireland,permanent pasture,Ireland,busz451vyuac,"24MO treatment where Steers are offered grass silage ad libitum plus 1.5 kg DM of concentrate per head daily over the winter period, turned out to pasture for 210 days, and finished indoors on grass silage ad libitum plus 5 kg DM of concentrate per head daily and slaughtered at 24 months of age (24MO) - (this is the pre-treatment/ background phase before experiment starts)",physical measurement,relative,bjlulokiutoa,10.1016/j.agsy.2017.03.007,An economic and greenhouse gas emissions evaluation of pasture-based dairy calf-to-beef production systems,,,,,,"Beef cattle, calf (male, weaned) - Ireland - 2013",none required,"Beef cattle, calf (male, weaned)",number,False,True,False,False,False,False,False,True,True,False,True,True,False,True,False,False,True,False,False
juoxuvkf-hnl,,Permanent pasture - South Australia,permanent pasture,Australia - South Australia,7aku44c3svum,Lamb production cycle for a regional average farm in South Australia,modelled,relative,c3c-fbwxy2mp,10.1071/AN14647,Resource use and environmental impacts from Australian export lamb production: A life cycle assessment,,,,,,"Sheep, ewe - Australia - 2010",economic,"Sheep, ewe",number,True,True,True,True,False,True,False,True,False,False,False,True,True,True,True,True,False,False,True
pl5kjgatay0v,,Animal housing - Teagasc Johnstown Castle Research Farm - Ireland,animal housing,Ireland,thmsxrfcnslr,"24MO treatment where Steers are offered grass silage ad libitum plus 1.5 kg DM of concentrate per head daily over the winter period, turned out to pasture for 210 days, and finished indoors on grass silage ad libitum plus 5 kg DM of concentrate per head daily and slaughtered at 24 months of age - (this is the finishing stage)",physical measurement,relative,bjlulokiutoa,10.1016/j.agsy.2017.03.007,An economic and greenhouse gas emissions evaluation of pasture-based dairy calf-to-beef production systems,,,,,,"Beef cattle, steer - Ireland - 2014",none,"Beef cattle, steer",number,False,True,True,False,False,False,False,True,True,False,True,True,False,True,False,False,True,False,False
ynqi0jwpqj9b,Cycle for the conversion of animal to meat,"Agri-food processor - Meath, Ireland - Cycle for the conversion of an...",agri-food processor,Ireland - Meath,zh_zcekhuipk,,physical measurement,relative,nke6buknxiap,10.1016/j.agsy.2022.103379,"Performance, meat quality, profitability, and greenhouse gas emissions of suckler bulls from pasture-based compared to an indoor high-concentrate weanling-to-beef finishing system",,,,,,"Meat, beef cattle (cold dressed carcass weight) - Ireland - 2015",none required,"Meat, beef cattle (cold dressed carcass weight)",kg cold dressed carcass weight,True,True,True,False,True,True,True,True,True,False,False,False,True,True,True,True,True,False,False
kz3sgw7kc5zf,,"Animal housing - Schleswig-Holstein, Germany",animal housing,Germany - Schleswig-Holstein,pnsrjghqi1en,Sow and piglet,non-verified survey data,relative,g1xvewplso_v,,Schweinereport 2020,A series of pig reports.,,,,,"Pig, piglet - Germany - 2020",economic,"Pig, piglet",number,True,True,True,False,False,True,True,True,True,False,False,True,False,True,True,True,False,False,False
gkzvh5qiabmk,Blue farming system,"Permanent pasture - Rothamsted Research - West Devon, United Kingdom - Blue farming system",permanent pasture,United Kingdom - West Devon,q9tv7n_pmiff,Blue-2018,non-verified survey data,relative,lfvrcxbnt18h,10.1111/ejss.12350,"The North Wyke Farm Platform: effect of temperate grassland farming systems on soil moisture contents, runoff and associated water quality dynamics",The North Wyke Farm Platform is a UK National Bioscience Research Infrastructure (NBRI) supported by the Biotechnology and Biological Sciences Research Council (BBS/E/RH/23NB0008).,,,,,"Beef cattle, calf (female, weaned) - United Kingdom - 2019-01-01",economic,"Beef cattle, calf (female, weaned)",number,True,True,False,True,False,True,False,True,True,False,True,True,True,True,True,True,False,False,False
6azi0wxyas75,Site is a combination of both the summer (mountain) and winter (dehesa) grazing sites. Area is cumulative of these sites and the altitude and temperature are assumed to be averaged across them.,Permanent pasture - Spain - Site is a combination of both ...,permanent pasture,Spain,h1ew7pvp10a_,Annual cycle of transhumant lamb farm in Albarracin (transhumance of herd to summer farm carried out on foot),non-verified survey data,relative,av57dkzgzdv6,10.1007/s11367-023-02135-3,Carbon footprint of transhumant sheep farms: accounting for natural baseline emissions in Mediterranean systems,"Cycles SED2, THT4 and THF4 have much lower DMI values per animal than the other cycles with no clear reason why; they may be errors.",,,,,"Sheep, ewe - Spain - 2009",economic,"Sheep, ewe",number,True,False,True,True,False,True,True,True,False,False,False,True,True,True,True,True,False,False,False
f6zhjedbycsb,,"Animal housing - La Praviana - Principado de Asturias, Spain",animal housing,Spain - Principado de Asturias,ccuw4ye-7rgg,"Cows housed in a stall and fed with fodder concentrate, alfalfa, hay, maize silage and meadow grass silage. When the weather was warm, they were allowed to graze freely on grass fields for 4 hours a day.",non-verified survey data,relative,4kzcp4zzxe6a,,ENVIRONMENTAL PERFORMANCE OF SEMI-CONFINEMENT AND PASTURE-BASED SYSTEMS FOR DAIRY COWS,The number of animals was taken at one point during the year. It is assumed this is reflective of the average number of animals on the farm during the year.,,,,,"Milk, cow, raw (FPCM) - Spain - 2018",economic,"Milk, cow, raw (FPCM)",kg FPCM,False,True,True,True,True,True,False,True,True,False,False,True,False,True,True,True,False,False,True
5mod6orosn2u,,Animal housing - Denmark,animal housing,Denmark,ctxahojiw72v,Conventional dairy,non-verified survey data,relative,5g13r1d87r8v,10.1016/j.livsci.2011.03.002,Effect of production system and farming strategy on greenhouse gas emissions from commercial dairy farms in a life cycle approach,,,,,,"Meat, dairy cattle (liveweight) - Denmark - 2003",economic,"Meat, dairy cattle (liveweight)",kg liveweight,True,True,True,False,False,True,True,True,True,False,False,True,False,True,True,True,False,False,False
mmr2rjw1zuxp,,Permanent pasture - Teagasc Johnstown Castle Research Farm - Ireland,permanent pasture,Ireland,wvhvvkx10dsi,"15MO treatment where at the end of their treatment, Bulls are finished indoors on a concentrate ad libitum diet for 200 days and slaughtered at 15 months of age - (this is the pre-treatment/ background phase before experiment starts)",physical measurement,relative,bjlulokiutoa,10.1016/j.agsy.2017.03.007,An economic and greenhouse gas emissions evaluation of pasture-based dairy calf-to-beef production systems,,,,,,"Beef cattle, calf (male, weaned) - Ireland - 2013",none required,"Beef cattle, calf (male, weaned)",number,False,True,False,False,False,True,False,True,True,False,True,True,False,True,False,False,True,False,False
otrdoo430x42,,Animal housing - Italy,animal housing,Italy,jdq168tcu5in,"North Italy Representative Farms - embodying the average dairy farms in Northern Italy present in the Po plain that make milk for Grana Padano cheese production. The cattle feed was based on silage feed (primarily corn silage), forage, protein ingredients (such as soybean meal), corn cereals, alfalfa, and compound feed. In this farm system, cattle were not allowed to graze.",non-verified survey data,relative,jix42tsxvioy,10.1016/j.spc.2023.02.012,The environmental impact of permanent meadows-based farms: A comparison among different dairy farm management systems of an Italian cheese,,,,,,"Meat, dairy cattle (liveweight) - Italy - 2019",economic,"Meat, dairy cattle (liveweight)",kg liveweight,True,True,True,True,True,True,True,True,True,False,False,True,False,True,True,True,False,False,True
t3rypgie6gl5,Slaughterhouse,Agri-food processor - Denmark - Slaughterhouse,agri-food processor,Denmark,gc9wvjaxdvst,Slaughter-2013,non-verified survey data,relative,wcfuerr47b3k,,LANDSGENNEMSNIT FOR PRODUKTIVITET SVINEPRODUKTIONEN 2016,,,,,,"Meat, pig (cold dressed carcass weight) - Denmark - 2013",none required,"Meat, pig (cold dressed carcass weight)",kg cold dressed carcass weight,True,True,True,False,False,True,True,True,True,False,False,True,True,True,True,True,False,False,False
h8gckiqxkoko,,Permanent pasture - Teagasc Johnstown Castle Research Farm - Ireland,permanent pasture,Ireland,tbp690sxq3sa,"19AL treatment, where Bulls are offered grass silage ad libitum plus 1.5kg dry matter DM per head daily over the Winter period, turned out to pasture for 100 days and finished indoors on a concentrate ad libitum diet for 100 days and slaughtered at 19 months of age (this is the pre-treatment/ background phase before experiment starts)",physical measurement,relative,bjlulokiutoa,10.1016/j.agsy.2017.03.007,An economic and greenhouse gas emissions evaluation of pasture-based dairy calf-to-beef production systems,,,,,,"Beef cattle, calf (male, weaned) - Ireland - 2013",none required,"Beef cattle, calf (male, weaned)",number,False,True,False,False,False,False,False,True,True,False,True,True,False,True,False,False,True,False,False
gkzvh5qiabmk,Blue farming system,"Permanent pasture - Rothamsted Research - West Devon, United Kingdom - Blue farming system",permanent pasture,United Kingdom - West Devon,p0ly_vu3zub2,Blue-2015,non-verified survey data,relative,lfvrcxbnt18h,10.1111/ejss.12350,"The North Wyke Farm Platform: effect of temperate grassland farming systems on soil moisture contents, runoff and associated water quality dynamics",The North Wyke Farm Platform is a UK National Bioscience Research Infrastructure (NBRI) supported by the Biotechnology and Biological Sciences Research Council (BBS/E/RH/23NB0008).,,,,,"Beef cattle, calf (female, weaned) - United Kingdom - 2016-01-01",economic,"Beef cattle, calf (female, weaned)",number,True,True,False,True,False,True,False,True,True,False,True,True,True,True,True,True,False,False,False
wswqdtjlbesy,,Permanent pasture - United Kingdom,permanent pasture,United Kingdom,8ge7rsdyrxvm,Average annual production cycle of 21 hill sheep farms across England and Wales.,non-verified survey data,relative,mroy2usjfur5,10.1016/j.agsy.2013.09.006,The carbon footprint of lamb: Sources of variation and opportunities for mitigation,The split between pasture and housing (and thus the 2 different excreta mangement practices) in each of the three systems is based on assumption.,,,,,"Wool, sheep (greasy) - United Kingdom - 2011",economic,"Wool, sheep (greasy)",kg,True,True,False,False,False,True,False,True,True,False,False,False,False,True,True,False,False,False,False
xqtls4vkjwav,,Animal housing - Czech Republic,animal housing,Czech Republic,wqwc90ldgrrk,Battery production system for egg production from laying hens,consistent external sources,relative,s1krqknyo6_b,10.3390/agriculture12030355,Environmental Impacts of Egg Production from a Life Cycle Perspective,Assumes endDate is 2 years before publication,,,,,Layer chicken - Czech Republic - 2020,economic,Layer chicken,number,True,True,True,True,False,True,True,True,True,False,False,True,False,False,True,True,False,False,True
3mmmuuo9y3xb,,Animal housing - Canada,animal housing,Canada,lkg1wofvqkhj,"In multi-tier free run systems, hens live either directly on the floor or within an aviary structure, with access to perches, nest and scratch areas, and other enrichments.",non-verified survey data,relative,suyept760iy4,10.1016/j.resconrec.2021.105907,Life cycle assessment of contemporary Canadian egg production systems during the transition from conventional cage to alternative housing systems: Update and analysis of trends and conditions,,,,,,"Meat, chicken (liveweight) - Canada - 2019",economic,"Meat, chicken (liveweight)",kg liveweight,True,True,True,True,True,True,True,True,True,False,False,True,False,True,True,True,False,False,True
vdg5bgnd3hl2,Red farming system,"Permanent pasture - Rothamsted Research - West Devon, United Kingdom - Red farming system",permanent pasture,United Kingdom - West Devon,jpk1ouydzrlf,Red-2015,non-verified survey data,relative,lfvrcxbnt18h,10.1111/ejss.12350,"The North Wyke Farm Platform: effect of temperate grassland farming systems on soil moisture contents, runoff and associated water quality dynamics",The North Wyke Farm Platform is a UK National Bioscience Research Infrastructure (NBRI) supported by the Biotechnology and Biological Sciences Research Council (BBS/E/RH/23NB0008).,,,,,"Beef cattle, calf (female, weaned) - United Kingdom - 2016-01-01",economic,"Beef cattle, calf (female, weaned)",number,True,True,False,True,False,True,False,True,True,False,True,True,True,True,True,True,False,False,False
28l31lovco2a,,Animal housing - Germany,animal housing,Germany,hyxtvta5t1ja,Sow Germany Conventional,consistent external sources,relative,w3hq1dphy7wy,,Carbon footprints of conventional and organic pork,"They have included information from lots of different sources, for this reason I have not inlcuded the information regarding crop production (only feed composition) because some of these products we already have the sources.",,,,,"Pig, sow - Germany - 2007",economic,"Pig, sow",number,True,True,True,False,False,True,True,True,True,False,False,False,False,True,True,True,False,False,False
x1hvnys4hygl,,Animal housing - United Kingdom,animal housing,United Kingdom,iur1wtcqg7ro,Fattening England Conventional,consistent external sources,relative,w3hq1dphy7wy,,Carbon footprints of conventional and organic pork,"They have included information from lots of different sources, for this reason I have not inlcuded the information regarding crop production (only feed composition) because some of these products we already have the sources.",,,,,Pig - United Kingdom - 2007,none required,Pig,number,True,True,True,False,False,True,True,True,True,False,False,False,False,True,True,True,False,False,False
tzyoyitfqthf,,"Agri-food processor - Queensland, Australia",agri-food processor,Australia - Queensland,bfwh_5s4fbtw,This cycle represent data for the Meat processing in Queensland,verified survey data,relative,7kppxn2pfyux,10.1016/j.jclepro.2016.06.086,Resource use and environmental impacts from Australian chicken meat production,,,,,,"Meat, chicken (cold carcass weight) - Australia - 2010",economic,"Meat, chicken (cold carcass weight)",kg cold carcass weight,True,True,True,True,True,True,True,True,True,False,False,True,True,True,True,True,False,False,True
spnubbolkokv,Green farming system,"Permanent pasture - Rothamsted Research - West Devon, United Kingdom - Green farming system",permanent pasture,United Kingdom - West Devon,ycu26sxdzhiv,Green-2022,non-verified survey data,relative,lfvrcxbnt18h,10.1111/ejss.12350,"The North Wyke Farm Platform: effect of temperate grassland farming systems on soil moisture contents, runoff and associated water quality dynamics",The North Wyke Farm Platform is a UK National Bioscience Research Infrastructure (NBRI) supported by the Biotechnology and Biological Sciences Research Council (BBS/E/RH/23NB0008).,,,,,"Sheep, ewe - United Kingdom - 2023-01-01",economic,"Sheep, ewe",number,True,True,False,True,False,True,False,True,True,False,True,True,True,True,True,True,False,False,False
jdr04c_lowth,"Cerrado (Goiás, Mato Grosso do Sul, Mato Grosso, Tocantins and Minas Gerais states)","Permanent pasture - Brazil - Cerrado (Goiás, Mato Grosso do...",permanent pasture,Brazil,l7jd2kbigezp,"Beef, Brachiaria brizantha pasture (Scenario 2)",inconsistent external sources,1 ha,si5hdtbv8hly,10.1016/j.agsy.2015.12.007,Impact of the intensification of beef production in Brazil on greenhouse gas emissions and land use,"No end date for Cycle provided. Assumed to be 2014. Error in electricity unit corrected here (Table 5 reports values in kWh, not MWh). Mineral salts described as 60% CaCO3 and 40% Ca3(PO4)2 in the text. Age at slaughter from supplementary material, sheet ""B1, Herd composition"". Error in carcass weight (Supplementary matrial, sheet B1 ""Herd composition"") corrected here (see Joseph Poore edits). Vaccines used, but data not provided.",,,,,"Beef cattle, cow - Brazil - 2014",none,"Beef cattle, cow",number,True,True,False,True,True,True,False,True,False,False,False,True,False,True,True,True,False,False,True
vdg5bgnd3hl2,Red farming system,"Permanent pasture - Rothamsted Research - West Devon, United Kingdom - Red farming system",permanent pasture,United Kingdom - West Devon,ky_kuf7n9vbf,Red-2014,non-verified survey data,relative,lfvrcxbnt18h,10.1111/ejss.12350,"The North Wyke Farm Platform: effect of temperate grassland farming systems on soil moisture contents, runoff and associated water quality dynamics",The North Wyke Farm Platform is a UK National Bioscience Research Infrastructure (NBRI) supported by the Biotechnology and Biological Sciences Research Council (BBS/E/RH/23NB0008).,,,,,"Beef cattle, steer - United Kingdom - 2015-01-01",economic,"Beef cattle, steer",number,True,True,False,True,False,True,False,True,True,False,True,True,True,True,True,True,False,False,False
_sslhtkq7upl,,Animal housing - Canada,animal housing,Canada,nhd-g2blrvwd,,non-verified survey data,relative,5wkskew6jvfz,10.1016/j.jclepro.2017.03.050,"Life cycle assessment of Canadian egg products, with differentiation by hen housing system type",,,,,,"Meat, chicken (liveweight) - Canada - 2012",economic,"Meat, chicken (liveweight)",kg liveweight,True,True,True,True,True,True,True,True,True,False,False,True,False,True,True,True,False,False,True
gkzvh5qiabmk,Blue farming system,"Permanent pasture - Rothamsted Research - West Devon, United Kingdom - Blue farming system",permanent pasture,United Kingdom - West Devon,p0ly_vu3zub2,Blue-2015,non-verified survey data,relative,lfvrcxbnt18h,10.1111/ejss.12350,"The North Wyke Farm Platform: effect of temperate grassland farming systems on soil moisture contents, runoff and associated water quality dynamics",The North Wyke Farm Platform is a UK National Bioscience Research Infrastructure (NBRI) supported by the Biotechnology and Biological Sciences Research Council (BBS/E/RH/23NB0008).,,,,,"Beef cattle, steer - United Kingdom - 2016-01-01",economic,"Beef cattle, steer",number,True,True,False,True,False,True,False,True,True,False,True,True,True,True,True,True,False,False,False
i1haki7xxz4s,,Animal housing - Czech Republic,animal housing,Czech Republic,szmynfxot2tn,Organic production system for egg production from laying hens,non-verified survey data,relative,s1krqknyo6_b,10.3390/agriculture12030355,Environmental Impacts of Egg Production from a Life Cycle Perspective,Assumes endDate is 2 years before publication,,,,,Layer chicken - Czech Republic - 2020,economic,Layer chicken,number,True,True,True,True,False,True,True,True,True,False,False,True,False,False,True,True,False,False,True
spnubbolkokv,Green farming system,"Permanent pasture - Rothamsted Research - West Devon, United Kingdom - Green farming system",permanent pasture,United Kingdom - West Devon,kydwtvt3yzob,Green-2011,non-verified survey data,relative,lfvrcxbnt18h,10.1111/ejss.12350,"The North Wyke Farm Platform: effect of temperate grassland farming systems on soil moisture contents, runoff and associated water quality dynamics",The North Wyke Farm Platform is a UK National Bioscience Research Infrastructure (NBRI) supported by the Biotechnology and Biological Sciences Research Council (BBS/E/RH/23NB0008).,,,,,"Sheep, ram - United Kingdom - 2012-01-01",economic,"Sheep, ram",number,True,True,False,True,False,True,False,True,True,False,True,True,True,True,True,True,False,False,False
_8fh80dzx8iq,,Animal housing - Czech Republic,animal housing,Czech Republic,3nphtf480wfa,Battery production system for egg production from laying hens,consistent external sources,relative,s1krqknyo6_b,10.3390/agriculture12030355,Environmental Impacts of Egg Production from a Life Cycle Perspective,Assumes endDate is 2 years before publication,,,,,Layer chicken - Czech Republic - 2020,economic,Layer chicken,number,True,True,True,True,False,True,True,True,True,False,False,True,False,False,True,True,False,False,True
zsezugzaj4yz,,"Permanent pasture - Paraná (Estado), Brazil",permanent pasture,"Brazil - Paraná (Estado), Brazil",ebmcxxasu4td,"Aggregate cycle representing data from 4 farms in the Central-East mesoregion on Parana in 2019, all producing milk under a semi-confinement system, where animals spend part of each day on pasture, and the remainder confined",verified survey data,relative,v9neu-ph4e_r,10.1016/j.jclepro.2022.133067,An analysis of Brazilian raw cow milk production systems and environmental product declarations of whole milk,Herd composition is missing from this study.,,,,,"Meat, dairy cattle (liveweight) - Brazil - 2019",economic,"Meat, dairy cattle (liveweight)",kg liveweight,True,False,True,True,True,True,False,True,True,False,False,True,False,True,True,True,False,False,True
higlt06auw1n,,"Permanent pasture - São Carlos (Distrito), São Carlos, São Paulo, Brazil",permanent pasture,"Brazil - São Carlos (Distrito), São Carlos, São Paulo, Brazil",wpvx-jqb2xtc,Rainfed/ dryland pasture with high stocking rate,physical measurement,1 ha,nha19gkveh18,10.1017/S1751731120001822,Greenhouse gas balance and carbon footprint of pasture-based beef cattle production systems in the tropical region (Atlantic Forest biome),,,,,,"Beef cattle, steer - Brazil - 2014",none,"Beef cattle, steer",number,False,True,True,True,False,True,False,True,True,False,False,True,False,False,True,True,False,False,True
vdg5bgnd3hl2,Red farming system,"Permanent pasture - Rothamsted Research - West Devon, United Kingdom - Red farming system",permanent pasture,United Kingdom - West Devon,ltuldd6ydbpf,Red-2020,non-verified survey data,relative,lfvrcxbnt18h,10.1111/ejss.12350,"The North Wyke Farm Platform: effect of temperate grassland farming systems on soil moisture contents, runoff and associated water quality dynamics",The North Wyke Farm Platform is a UK National Bioscience Research Infrastructure (NBRI) supported by the Biotechnology and Biological Sciences Research Council (BBS/E/RH/23NB0008).,,,,,"Beef cattle, calf (male, weaned) - United Kingdom - 2020-12-31",economic,"Beef cattle, calf (male, weaned)",number,True,True,False,True,False,True,False,True,True,False,True,True,True,True,True,True,False,False,False
g5jmx4ojah1i,,"Permanent pasture - Teagasc Animal and Grassland Research and Innovation Centre - Cork (Traditional County), Ireland",permanent pasture,"Ireland - Cork (Traditional County), Ireland",fech-ba3-h6y,,verified survey data,relative,w6ztm8yfvjxy,10.3168/jds.2020-19077,The simulated environmental impact of incorporating white clover into pasture-based dairy production systems,Animal Population is an estimate based on livestock units - the exact numbers of different animals in the herd were not given.,,,,,"Milk, cow, raw (FPCM) - Ireland - 2016",economic,"Milk, cow, raw (FPCM)",kg FPCM,True,True,True,True,False,True,False,True,True,False,False,True,False,True,False,True,False,False,False
vgn7p6j_exoq,,"Animal housing - Schleswig-Holstein, Germany",animal housing,Germany - Schleswig-Holstein,kj8ig3xcrytl,Sow and piglet,non-verified survey data,relative,mzs8bn748kod,,Schweinereport 2017,A series of pig reports.,,,,,"Pig, sow - Germany - 2017",economic,"Pig, sow",number,True,True,True,False,False,True,True,True,True,False,False,True,False,True,True,True,False,False,False
hamgpkm4ehr3,They do not provide much information on site.,Animal housing - Denmark - They do not provide much infor...,animal housing,Denmark,v2jgcrbu3lk-,Fattening herds-2009,non-verified survey data,relative,wcfuerr47b3k,,LANDSGENNEMSNIT FOR PRODUKTIVITET SVINEPRODUKTIONEN 2016,,,,,,Pig - Denmark - 2009,none required,Pig,number,True,True,True,False,False,True,True,True,True,False,False,True,False,True,True,True,False,False,False
vdg5bgnd3hl2,Red farming system,"Permanent pasture - Rothamsted Research - West Devon, United Kingdom - Red farming system",permanent pasture,United Kingdom - West Devon,ky_kuf7n9vbf,Red-2014,non-verified survey data,relative,lfvrcxbnt18h,10.1111/ejss.12350,"The North Wyke Farm Platform: effect of temperate grassland farming systems on soil moisture contents, runoff and associated water quality dynamics",The North Wyke Farm Platform is a UK National Bioscience Research Infrastructure (NBRI) supported by the Biotechnology and Biological Sciences Research Council (BBS/E/RH/23NB0008).,,,,,"Beef cattle, calf (female, weaned) - United Kingdom - 2015-01-01",economic,"Beef cattle, calf (female, weaned)",number,True,True,False,True,False,True,False,True,True,False,True,True,True,True,True,True,False,False,False
spnubbolkokv,Green farming system,"Permanent pasture - Rothamsted Research - West Devon, United Kingdom - Green farming system",permanent pasture,United Kingdom - West Devon,xabfy9qyfjme,Green-2018,non-verified survey data,relative,lfvrcxbnt18h,10.1111/ejss.12350,"The North Wyke Farm Platform: effect of temperate grassland farming systems on soil moisture contents, runoff and associated water quality dynamics",The North Wyke Farm Platform is a UK National Bioscience Research Infrastructure (NBRI) supported by the Biotechnology and Biological Sciences Research Council (BBS/E/RH/23NB0008).,,,,,"Beef cattle, steer - United Kingdom - 2019-01-01",economic,"Beef cattle, steer",number,True,True,False,True,False,True,False,True,True,False,True,True,True,True,True,True,False,False,False
vdg5bgnd3hl2,Red farming system,"Permanent pasture - Rothamsted Research - West Devon, United Kingdom - Red farming system",permanent pasture,United Kingdom - West Devon,tu8q-gl2qh5f,Red-2022,non-verified survey data,relative,lfvrcxbnt18h,10.1111/ejss.12350,"The North Wyke Farm Platform: effect of temperate grassland farming systems on soil moisture contents, runoff and associated water quality dynamics",The North Wyke Farm Platform is a UK National Bioscience Research Infrastructure (NBRI) supported by the Biotechnology and Biological Sciences Research Council (BBS/E/RH/23NB0008).,,,,,"Beef cattle, steer - United Kingdom - 2023-01-01",economic,"Beef cattle, steer",number,True,True,False,True,False,True,False,True,True,False,True,True,True,True,True,True,False,False,False
hamgpkm4ehr3,They do not provide much information on site.,Animal housing - Denmark - They do not provide much infor...,animal housing,Denmark,yo2vuktdvs_q,Fattening herds-2013,non-verified survey data,relative,wcfuerr47b3k,,LANDSGENNEMSNIT FOR PRODUKTIVITET SVINEPRODUKTIONEN 2016,,,,,,Pig - Denmark - 2013,none required,Pig,number,True,True,True,False,False,True,True,True,True,False,False,True,False,True,True,True,False,False,False
ga01go0ho_iw,,,,,xwwf2kzagih0,Slaughtering,consistent external sources,relative,hexpjzv6s6l7,10.1016/j.livsci.2013.09.001,Life Cycle Assessment of pork production: A data inventory for the case of Germany,Attributional LCA,,,,,"Meat, pig (cold dressed carcass weight) - Germany - 2009",none required,"Meat, pig (cold dressed carcass weight)",kg cold dressed carcass weight,True,True,True,True,False,True,True,True,True,False,False,True,True,True,True,True,True,False,True
tfthxcpq5ozn,,Permanent pasture - Ireland,permanent pasture,Ireland,hlmjwvwxnwcq,"Alternative calf-to-beef system with a high grass utlilisation rate, where heifers are finished at 20 months and males are finished as bulls at 16 months, with an intensive stocking density of 2.9 LU/ha.",modelled,relative,892cdffsz7dk,10.1016/j.agee.2011.05.010,Whole-farm systems modelling of greenhouse gas emissions from pastoral suckler beef cow production systems,,,,,,"Meat, beef cattle (cold dressed carcass weight) - Ireland - 2009",none required,"Meat, beef cattle (cold dressed carcass weight)",kg cold dressed carcass weight,True,True,True,False,False,True,True,True,False,False,False,True,False,True,True,True,False,False,False
pl5kjgatay0v,,Animal housing - Teagasc Johnstown Castle Research Farm - Ireland,animal housing,Ireland,afu5-fr7pj7y,"24MO treatment where Steers are offered grass silage ad libitum plus 1.5 kg DM of concentrate per head daily over the winter period, turned out to pasture for 210 days, and finished indoors on grass silage ad libitum plus 5 kg DM of concentrate per head daily and slaughtered at 24 months of age (24MO) - (this is the Winter housing stage)",physical measurement,relative,bjlulokiutoa,10.1016/j.agsy.2017.03.007,An economic and greenhouse gas emissions evaluation of pasture-based dairy calf-to-beef production systems,,,,,,"Beef cattle, steer - Ireland - 2013",none required,"Beef cattle, steer",number,False,True,True,False,False,False,False,True,True,False,True,True,False,True,False,False,True,False,False
gkzvh5qiabmk,Blue farming system,"Permanent pasture - Rothamsted Research - West Devon, United Kingdom - Blue farming system",permanent pasture,United Kingdom - West Devon,eqsijon8euqn,Blue-2017,non-verified survey data,relative,lfvrcxbnt18h,10.1111/ejss.12350,"The North Wyke Farm Platform: effect of temperate grassland farming systems on soil moisture contents, runoff and associated water quality dynamics",The North Wyke Farm Platform is a UK National Bioscience Research Infrastructure (NBRI) supported by the Biotechnology and Biological Sciences Research Council (BBS/E/RH/23NB0008).,,,,,"Beef cattle, steer - United Kingdom - 2018-01-01",economic,"Beef cattle, steer",number,True,True,False,True,False,True,False,True,True,False,True,True,True,True,True,True,False,False,False
tx_qxfvra6we,12 big corporations that account for more than 90% of the country’s total capacity.,Animal housing - Thailand - 12 big corporations that accou...,animal housing,Thailand,o6ylto6mshiu,CB5-Parent farm 4,non-verified survey data,relative,jwwfj8vmju7j,10.15244/pjoes/68156,Greenhouse gas emissions of one-day-old chick production,,,,,,"Eggs, hen, in shell (number) - Thailand - 2011",none required,"Eggs, hen, in shell (number)",number,True,True,True,True,True,True,True,True,True,False,False,True,False,True,True,True,False,True,True
xjcsupvemxxq,4 animal houses on the farm. This cycle represents one of the housing systems based on the FU.,Animal housing - Myra Farm & Services - Malaysia - 4 animal houses on the farm. T...,animal housing,Malaysia,hzswt2zgrdcg,Broiler chicken production,physical measurement,relative,xz5fzzfx6izr,10.26776/ijemm.03.02.2018.03,Greenhouse Gas Emission of Broiler Chicken Production in Malaysia using Life Cycle Assessment Guidelines: A Case Study,,,,,,Broiler chicken - Malaysia - 2016,economic,Broiler chicken,number,True,True,True,True,True,True,True,True,True,False,False,True,False,True,True,True,False,True,True
8eopxo6tdmht,,Animal housing - Denmark,animal housing,Denmark,obhcowpkxeg4,Sows,consistent external sources,relative,hmohcfms011t,,Environmental assessment of Danish pork,"Study is quite unclear as it often states ""per 1000kg pig meat live weight"", but this is unclear whether it is from the sows, piglets, or finishers?",,,,,"Pig, sow - Denmark - 2010",economic,"Pig, sow",number,True,True,True,True,False,True,True,True,True,False,False,False,False,True,True,True,False,True,False
7hii-0clviz7,"Cerrado (Goiás, Mato Grosso do Sul, Mato Grosso, Tocantins and Minas Gerais states)","Permanent pasture - Brazil - Cerrado (Goiás, Mato Grosso do...",permanent pasture,Brazil,dppefxlteltj,"Beef, fertilized Guinea grass (Panicum maximum cv. Tanzânia) pasture (Scenario 4)",inconsistent external sources,1 ha,si5hdtbv8hly,10.1016/j.agsy.2015.12.007,Impact of the intensification of beef production in Brazil on greenhouse gas emissions and land use,"No end date for Cycle provided. Assumed to be 2014. Error in electricity unit corrected here (Table 5 reports values in kWh, not MWh). Mineral salts described as 60% CaCO3 and 40% Ca3(PO4)2 in the text. Age at slaughter from supplementary material, sheet ""B1, Herd composition"". Error in carcass weight (Supplementary matrial, sheet B1 ""Herd composition"") corrected here (see Joseph Poore edits). Vaccines used, but data not provided.",,,,,"Beef cattle, cow - Brazil - 2014",none,"Beef cattle, cow",number,True,True,False,True,True,True,False,True,False,False,False,True,False,True,True,True,False,False,True
lqgiy_nmikmg,,"Animal housing - Guaduas, Colombia",animal housing,Colombia - Guaduas,l7ugnm9xaxgl,"Bird growth cycle, from 16 weeks old, before egg production",non-verified survey data,relative,cfp6wacgorql,10.15359/rca.54-2.9,Evaluation of Environmental Impacts in the Agroecological Egg Production Chain Using a Life Cycle Assessment Approach,No dates for production provided - assumed cycle endDate is 2 years before publication. Some feed not included in the amounts. REQUIRES UPDATING ONCE DECISION ON PACKAGING HAS BEEN MADE.,,,,,"Layer chicken, pullet - Colombia - 2018",none,"Layer chicken, pullet",number,True,True,True,False,True,True,True,True,True,False,False,True,True,True,True,True,False,False,True
zugv7pcewbkb,,"Animal housing - G/HM-Ho - Normandie, France",animal housing,France - Normandie,oxruhn-issv5,"Grass and high proportion maize silage in forage area, Holstein breed. Annual milk production cycle, including all grazing and animal housing components.",modelled,relative,pusvmnivm1zy,10.1016/j.jenvman.2013.01.028,"Effect of dairy production system, breed and co-product handling methods on environmental impacts at farm level","Linseed cultivation taken by authors from Nguyen (2012), original data from France. Linseed processing from Bacenetti (2017), selected by us as a proxy. Authors have used daSilva for soybean cultivation data and dalgaard for soybean processing. Given these data are just proxies, we decided to omit them and just specify that the soybean meal is from Brazil.",,,,,"Dairy cattle, heifer - France - 2011",economic,"Dairy cattle, heifer",number,True,True,True,True,False,True,True,True,True,False,False,True,True,True,True,True,False,True,False
ofzs7w6hre5y,,,,,xsfyfixyij_g,,inconsistent external sources,relative,pg0ta0g9e0ed,,Klimawirkungen der Landwirtschaft in Deutschland,,,,,,Pig - Germany - 2004,economic,Pig,number,True,True,False,True,True,True,True,True,False,False,False,False,False,True,False,True,False,False,False
vdg5bgnd3hl2,Red farming system,"Permanent pasture - Rothamsted Research - West Devon, United Kingdom - Red farming system",permanent pasture,United Kingdom - West Devon,d4omhedd1gdc,Red-2016,non-verified survey data,relative,lfvrcxbnt18h,10.1111/ejss.12350,"The North Wyke Farm Platform: effect of temperate grassland farming systems on soil moisture contents, runoff and associated water quality dynamics",The North Wyke Farm Platform is a UK National Bioscience Research Infrastructure (NBRI) supported by the Biotechnology and Biological Sciences Research Council (BBS/E/RH/23NB0008).,,,,,"Sheep, ewe - United Kingdom - 2016-12-31",economic,"Sheep, ewe",number,True,True,False,True,False,True,False,True,True,False,True,True,True,True,True,True,False,False,False
mjgk8-ao_coh,,Agri-food processor - Netherlands,agri-food processor,Netherlands,99-mf1zabbo0,Slaughter - BLS,consistent external sources,relative,j9vcbxofbrwg,10.18174/518522,Economics of broiler production systems in the Netherlands: Economic aspects within the Greenwell sustainability assessment model,,,,,,"Meat, chicken, breast - Netherlands - 2017",economic,"Meat, chicken, breast",kg ready-to-cook weight,True,True,True,False,True,True,True,True,True,False,False,True,True,True,True,True,False,False,False
9-loprmmivnu,They do not provide much information on site.,Animal housing - Denmark - They do not provide much infor...,animal housing,Denmark,19ilko-qi8rl,Piglet herds-2008,non-verified survey data,relative,wcfuerr47b3k,,LANDSGENNEMSNIT FOR PRODUKTIVITET SVINEPRODUKTIONEN 2016,,,,,,Pig - Denmark - 2008,none required,Pig,number,True,True,True,False,False,True,True,True,True,False,False,True,False,True,True,True,False,False,False
wmubbtsf6vrm,An average UK system,Permanent pasture - United Kingdom - An average UK system,permanent pasture,United Kingdom,ks-0xxorlzjs,based on a stocking density of two 650kg dairy cows per hectare and includes an allowance for followers. inventory is based on cows being housed for 250 days and outdoors for 115 days,consistent external sources,1 ha,u5chsa8hb0xd,10.13140/RG.2.2.19874.89280,Environmental footprint and sustainability of horticulture (including potatoes)–A comparison with other agricultural sectors,"The study is very unclear about what is actually happening in the Lincolnshire farm (page 59 onwards). Given the site area is different and the years of harvest do not match with the given rotation order, we assumed the crops are not actually in a rotation.",,,,,"Milk, cow, raw - United Kingdom - 2006",economic,"Milk, cow, raw",kg,True,True,False,True,True,True,True,True,True,False,True,True,True,True,True,True,True,True,True
ylb8ykzyzgrx,Enrichement with straw bales. No daylight.,Animal housing - Netherlands - Enrichement with straw bales. ...,animal housing,Netherlands,5iee7a-xnufe,Dutch retail broiler,consistent external sources,relative,j9vcbxofbrwg,10.18174/518522,Economics of broiler production systems in the Netherlands: Economic aspects within the Greenwell sustainability assessment model,,,,,,Broiler chicken - Netherlands - 2017,none required,Broiler chicken,number,True,True,True,True,False,True,True,True,True,False,False,True,False,True,True,True,False,False,False
spnubbolkokv,Green farming system,"Permanent pasture - Rothamsted Research - West Devon, United Kingdom - Green farming system",permanent pasture,United Kingdom - West Devon,csz4s_jq7j9p,Green-2015,non-verified survey data,relative,lfvrcxbnt18h,10.1111/ejss.12350,"The North Wyke Farm Platform: effect of temperate grassland farming systems on soil moisture contents, runoff and associated water quality dynamics",The North Wyke Farm Platform is a UK National Bioscience Research Infrastructure (NBRI) supported by the Biotechnology and Biological Sciences Research Council (BBS/E/RH/23NB0008).,,,,,"Beef cattle, heifer - United Kingdom - 2016-01-01",economic,"Beef cattle, heifer",number,True,True,False,True,False,True,False,True,True,False,True,True,True,True,True,True,False,False,False
tx3bli214it4,Site is a combination of both the summer (mountain) and winter (dehesa) grazing sites. Area is cumulative of these sites and the altitude and temperature are assumed to be averaged across them.,Permanent pasture - Spain - Site is a combination of both ...,permanent pasture,Spain,vbf8uunavr45,Annual cycle of transhumant lamb farm in Albarracin (transhumance of herd to summer farm carried out by truck),non-verified survey data,relative,av57dkzgzdv6,10.1007/s11367-023-02135-3,Carbon footprint of transhumant sheep farms: accounting for natural baseline emissions in Mediterranean systems,"Cycles SED2, THT4 and THF4 have much lower DMI values per animal than the other cycles with no clear reason why; they may be errors.",,,,,"Sheep, lamb - Spain - 2009",economic,"Sheep, lamb",number,True,False,True,True,False,True,True,True,False,False,False,True,True,True,True,True,False,False,False
vahwtb_8rjsk,,Agri-food processor - Netherlands,agri-food processor,Netherlands,szdoafeu6z8d,Slaughter - conventional,consistent external sources,relative,j9vcbxofbrwg,10.18174/518522,Economics of broiler production systems in the Netherlands: Economic aspects within the Greenwell sustainability assessment model,,,,,,"Meat, chicken, breast - Netherlands - 2017",economic,"Meat, chicken, breast",kg ready-to-cook weight,True,True,True,False,True,True,True,True,True,False,False,True,True,True,True,True,False,False,False
vdg5bgnd3hl2,Red farming system,"Permanent pasture - Rothamsted Research - West Devon, United Kingdom - Red farming system",permanent pasture,United Kingdom - West Devon,vsy0fzis_ywo,Red-2017,non-verified survey data,relative,lfvrcxbnt18h,10.1111/ejss.12350,"The North Wyke Farm Platform: effect of temperate grassland farming systems on soil moisture contents, runoff and associated water quality dynamics",The North Wyke Farm Platform is a UK National Bioscience Research Infrastructure (NBRI) supported by the Biotechnology and Biological Sciences Research Council (BBS/E/RH/23NB0008).,,,,,"Beef cattle, calf (female, weaned) - United Kingdom - 2018-01-01",economic,"Beef cattle, calf (female, weaned)",number,True,True,False,True,False,True,False,True,True,False,True,True,True,True,True,True,False,False,False
lqpqqlvaga1g,Conventional,"Animal housing - Rungnapha Farm - Nong Ta Taem, Thailand - Conventional",animal housing,Thailand - Nong Ta Taem,kqdrgzhqtay5,Broiler chicken farm 7-14wks,non-verified survey data,relative,6x8shn-j0lez,,"Optimization of Broiler Farm Management of Rungnapha Farm, Nong Ta Taem Subdistrict, Pran Buri District, Prachuap Khiri Khan Province",,,,,,Broiler chicken - Thailand - 2019,none required,Broiler chicken,number,True,True,True,False,False,True,True,True,True,False,False,True,False,True,True,True,False,False,True
bdh2uobmav5n,Access to outdoor area. 4m2 per bird. Access to daylight.,Animal housing - Netherlands - Access to outdoor area. 4m2 pe...,animal housing,Netherlands,lgcwo6mv5lzc,Organic broiler,consistent external sources,relative,j9vcbxofbrwg,10.18174/518522,Economics of broiler production systems in the Netherlands: Economic aspects within the Greenwell sustainability assessment model,,,,,,Broiler chicken - Netherlands - 2017,none required,Broiler chicken,number,True,True,True,True,False,True,True,True,True,False,False,True,False,True,True,True,False,False,False
xgg78xjbdj0n,,Animal housing - United Kingdom,animal housing,United Kingdom,o3lobvmlmvrx,Sow England Conventional,consistent external sources,relative,w3hq1dphy7wy,,Carbon footprints of conventional and organic pork,"They have included information from lots of different sources, for this reason I have not inlcuded the information regarding crop production (only feed composition) because some of these products we already have the sources.",,,,,"Pig, sow - United Kingdom - 2007",economic,"Pig, sow",number,True,True,True,False,False,True,True,True,True,False,False,False,False,True,True,True,False,False,False
jz7lt-giovpn,,,,,lyprmumr2wpt,"Annual cycle of an alternative cow-calf production system in the Charolais basin, in which cattle are fed wrapped grass silage, in order to increase their omega-3 fatty acid intake. This consists of three components: 1) Reproduction, output of which = weaned male calves, weaned female calves not used for replacement cull cows, cull cows and a breeding bull. 2) Rearing female calves from weaning (9 months) to finishing at 33 months. 3) Finishing of cull cows, i.e. fattened before sending to the slaughterhouse. Both St and O3 are classified as extensive systems with 7.5 months grazing from April to November. The grazed area consists of 88% permanent versus 12% temporary grassland - this has been used to calculate the relative time spent on permanent versus temporary grassland during those 7.5 months of grazing.",modelled,relative,2uaxgmjzmtai,10.1016/j.livsci.2012.02.010,Effects of type of ration and allocation methods on the environmental impacts of beef-production systems,"Authors have used daSilva for soybean cultivation data and dalgaard for soybean processing. Given these data are just proxies, we decided to omit them and just specify that the soybean meal is from Brazil.",,,,,"Beef cattle, cow - France - 2010",economic,"Beef cattle, cow",number,True,True,True,True,False,True,True,True,True,False,False,True,False,True,True,True,False,False,False
9-loprmmivnu,They do not provide much information on site.,Animal housing - Denmark - They do not provide much infor...,animal housing,Denmark,r_zgasz8ushp,Piglet herds-2011,non-verified survey data,relative,wcfuerr47b3k,,LANDSGENNEMSNIT FOR PRODUKTIVITET SVINEPRODUKTIONEN 2016,,,,,,Pig - Denmark - 2011,none required,Pig,number,True,True,True,False,False,True,True,True,True,False,False,True,False,True,True,True,False,False,False
spnubbolkokv,Green farming system,"Permanent pasture - Rothamsted Research - West Devon, United Kingdom - Green farming system",permanent pasture,United Kingdom - West Devon,4fvndcfaytjq,Green-2014,non-verified survey data,relative,lfvrcxbnt18h,10.1111/ejss.12350,"The North Wyke Farm Platform: effect of temperate grassland farming systems on soil moisture contents, runoff and associated water quality dynamics",The North Wyke Farm Platform is a UK National Bioscience Research Infrastructure (NBRI) supported by the Biotechnology and Biological Sciences Research Council (BBS/E/RH/23NB0008).,,,,,"Beef cattle, calf (female, weaned) - United Kingdom - 2015-01-01",economic,"Beef cattle, calf (female, weaned)",number,True,True,False,True,False,True,False,True,True,False,True,True,True,True,True,True,False,False,False
hzffdqtzuseu,,Animal housing - United Kingdom,animal housing,United Kingdom,asacwu5yvylp,"Cycle represents all inputs associated with the rearing of all chicks, pullets and layer hens in order to produce 1000kg of eggs in barn housing systems.",modelled,relative,fwy8ntyofqew,10.3382/ps.2011-01635,Predicting the environmental impacts of chicken systems in the united kingdom through a life cycle assessment: Egg production systems,Assuming Eutrophication potential is calculated with CML2001 Baseline method (although this is not clearly specified in the study).,,,,,"Layer chicken, hen - United Kingdom - 2010",economic,"Layer chicken, hen",number,True,True,True,True,False,True,True,True,True,False,False,True,False,True,True,True,False,False,True
hr7nrm7zx4pn,,Permanent pasture - Ireland,permanent pasture,Ireland,2151zpqcyxqe,A representative sample of Irish dairy farms.,non-verified survey data,relative,oejuzzwezpby,10.1016/j.resenv.2023.100126,Environmental impact of grass-based cattle farms: A life cycle assessment of nature-based diversification scenarios,"The authors reported GWP100 values both including and excluding carbon sequestration. We recorded the lower values, which include carbon sequestration.",,,,,"Milk, cow, raw (FPCM) - Ireland - 2019",biophysical,"Milk, cow, raw (FPCM)",kg FPCM,False,False,True,False,False,True,True,True,True,False,False,True,False,True,True,True,False,False,False
t3rypgie6gl5,Slaughterhouse,Agri-food processor - Denmark - Slaughterhouse,agri-food processor,Denmark,uhcwwwqmadkc,Slaughter-2010,non-verified survey data,relative,wcfuerr47b3k,,LANDSGENNEMSNIT FOR PRODUKTIVITET SVINEPRODUKTIONEN 2016,,,,,,"Meat, pig (cold dressed carcass weight) - Denmark - 2010",none required,"Meat, pig (cold dressed carcass weight)",kg cold dressed carcass weight,True,True,True,False,False,True,True,True,True,False,False,True,True,True,True,True,False,False,False
qxfn_m_vbtfo,,Permanent pasture - United Kingdom,permanent pasture,United Kingdom,0gqfb5mia9m7,"Cycle to reflect standard practice of beef production in the UK. It represents a fully integrated system, where production of replacement stock and finishing of production stock takes place on the same enterprise.",consistent external sources,relative,x--pwvqu1uzz,10.1016/j.jclepro.2019.06.171,Understanding uncertainty in the carbon footprint of beef production,"Recorded GWP value - unlear whether the ""per kg LW"" FU quoted for the figure given in the text refers to liveweight of both finished and cull cattle, or just the finished steers. Suckling calves and finishing animals from 13 to 19 months were at pasture and did not require fed rations. All other animal classes spent 5 months housed (and 7 months at pasture).",,,,,"Beef cattle, cow - United Kingdom - 2017",economic,"Beef cattle, cow",number,True,True,True,True,False,False,False,True,True,False,False,True,False,True,False,True,False,False,False
mgsvhky7t5rp,12 big corporations that account for more than 90% of the country’s total capacity.,Animal housing - Thailand - 12 big corporations that accou...,animal housing,Thailand,wp4pmwb6_h9i,CB3-Parent farm 2,non-verified survey data,relative,jwwfj8vmju7j,10.15244/pjoes/68156,Greenhouse gas emissions of one-day-old chick production,,,,,,"Broiler chicken, hen - Thailand - 2011",none required,"Broiler chicken, hen",number,True,True,True,True,True,True,True,True,False,False,False,True,False,True,True,True,False,True,True
0r-o9co2h6jj,,"Agri-food processor - Meath, Ireland",agri-food processor,Ireland - Meath,1dsyumomgskc,Cycle representing the slaughter of the animals produced during the production cycle,physical measurement,relative,adq-l4cpvkng,10.1016/j.animal.2021.100247,Life cycle assessment of pasture-based suckler steer weanling-to-beef production systems: Effect of breed and slaughter age,,,,,,"Meat, beef cattle (cold carcass weight) - Ireland - 2017",economic,"Meat, beef cattle (cold carcass weight)",kg cold carcass weight,True,True,True,False,True,True,True,True,True,False,False,True,True,True,True,True,False,False,True
mlvkno-8x4sd,"Cerrado (Goiás, Mato Grosso do Sul, Mato Grosso, Tocantins and Minas Gerais states).","Agri-food processor - Brazil - Cerrado (Goiás, Mato Grosso do...",agri-food processor,Brazil,af2lo-uvpih4,"Meat, beef (carcass-weight) - Scenario 4",inconsistent external sources,relative,si5hdtbv8hly,10.1016/j.agsy.2015.12.007,Impact of the intensification of beef production in Brazil on greenhouse gas emissions and land use,"No end date for Cycle provided. Assumed to be 2014. Error in electricity unit corrected here (Table 5 reports values in kWh, not MWh). Mineral salts described as 60% CaCO3 and 40% Ca3(PO4)2 in the text. Age at slaughter from supplementary material, sheet ""B1, Herd composition"". Error in carcass weight (Supplementary matrial, sheet B1 ""Herd composition"") corrected here (see Joseph Poore edits). Vaccines used, but data not provided.",,,,,"Meat, beef cattle (cold carcass weight) - Brazil - 2013",economic,"Meat, beef cattle (cold carcass weight)",kg cold carcass weight,True,True,True,False,True,True,True,True,True,False,False,False,True,False,True,True,False,False,False
clmvhdpxenjk,,Permanent pasture - United Kingdom,permanent pasture,United Kingdom,6thxgdov8dqp,Average annual production cycle of 12 upland sheep farms across England and Wales.,non-verified survey data,relative,mroy2usjfur5,10.1016/j.agsy.2013.09.006,The carbon footprint of lamb: Sources of variation and opportunities for mitigation,The split between pasture and housing (and thus the 2 different excreta mangement practices) in each of the three systems is based on assumption.,,,,,"Wool, sheep (greasy) - United Kingdom - 2011",economic,"Wool, sheep (greasy)",kg,True,True,False,False,False,True,False,True,True,False,False,False,False,True,True,False,False,False,False
roq8lfrdp7gf,,Animal housing - Italy,animal housing,Italy,qyj33ns5siz6,"Surveyed farms were ranked by the average milk yield per cow, per day. For the high performing herds, this was 25.4-32.6kg/cow/day",non-verified survey data,relative,xmxf7n1ihnuu,,Environmental impacts of cow’s milk in Northern Italy: Effects of farming performance,,,,,,"Milk, cow, raw (FPCM) - Italy - 2020",economic,"Milk, cow, raw (FPCM)",kg FPCM,True,True,True,True,True,True,True,True,True,False,False,True,False,True,True,True,False,False,True
7saikrkxtvlv,60 ha of grazing area for the herd and 40ha of grass to be cut for making silage,Permanent pasture - United Kingdom - 60 ha of grazing area for the ...,permanent pasture,United Kingdom,xzdyeto_0_vv,"Annual production cycle of an average baseline, grass-based UK dairy farm on conventional ryegrass",consistent external sources,relative,dyejpjpyu9fe,10.1016/j.jclepro.2018.08.206,Effects of high-sugar grasses and improved manure management on the environmental footprint of milk production at the farm level,,,,,,"Milk, cow, raw - United Kingdom - 2016",economic,"Milk, cow, raw",kg,True,True,True,True,False,False,True,True,True,False,False,True,False,True,False,True,False,False,False
fftqdennwi0m,,Animal housing - South Australia,animal housing,Australia - South Australia,39smrczmkisv,This cycle represent data for grow out phase in South Australia.,consistent external sources,relative,7kppxn2pfyux,10.1016/j.jclepro.2016.06.086,Resource use and environmental impacts from Australian chicken meat production,,,,,,Broiler chicken - Australia - 2010,none required,Broiler chicken,number,True,True,True,True,False,True,True,True,True,False,False,True,True,True,True,True,True,False,True
jdpj8vmsefsh,,Permanent pasture - Teagasc Johnstown Castle Research Farm - Ireland,permanent pasture,Ireland,5xe3ik1duudp,"21MO treatment where Steers are offered grass silage ad libitum plus 1.5 kg DM of concentrate per head daily over the winter period, turned out to pasture for 175 days, finished at pasture supplemented with 5 kg DM of concentrate per head daily for 60 days and slaughtered at 21 months of age - (this is the finishing period)",physical measurement,relative,bjlulokiutoa,10.1016/j.agsy.2017.03.007,An economic and greenhouse gas emissions evaluation of pasture-based dairy calf-to-beef production systems,,,,,,"Beef cattle, steer - Ireland - 2014",none,"Beef cattle, steer",number,True,True,False,False,False,False,False,True,True,False,True,True,False,True,False,False,True,False,False
wt3d62lidhri,,Animal housing - Spain,animal housing,Spain,m-uy_yu9pgwf,Average production data across 4 farms with fattening facilities and 2 specialist fattening farms.,non-verified survey data,relative,_309twlkzg6f,10.1016/j.jclepro.2022.131918,Carbon sequestration offsets a large share of GHG emissions in dehesa cattle production,"Emissions values were extracted from graphs in Figure 5 using a Web plot digitiser so may not be completely accurate. Extra data supplied from authors on cull cow sales, pasture inputs and pasture grass nutrition qualities",,,,,"Beef cattle, heifer and steer - Spain - 2019",economic,"Beef cattle, heifer and steer",number,True,True,True,False,False,True,True,True,True,False,False,True,True,True,True,True,False,False,True
__w7okds1iyg,"Farm in the Western Frontier region of the state of Reio Grande do Sul in the Southern part of Brazil. For each cycle, we use the stocking density and the number of animals to calculate how ma ny hectares are used for each cycle","Permanent pasture - Sao Lucas Farm - Rio Grande do Sul, Brazil - Farm in the Western Frontier r...",permanent pasture,Brazil - Rio Grande do Sul,d0xbh0ntnsls,Scenario 3: Natural grass/ryegrass Aberdeen Angus,physical measurement,relative,_gzgjmujsbln,10.1016/j.jclepro.2014.01.037,Carbon footprint in different beef production systems on a southern Brazilian farm: A case study,This paper is also going to require an animal weighting similar to Sequiera & Duru,,,,,"Beef cattle, steer - Brazil - 2006-11-01",none,"Beef cattle, steer",number,False,True,True,False,False,True,False,True,False,False,False,True,False,True,False,False,False,True,False
q-xqkqy2ctqt,,Animal housing - Czech Republic,animal housing,Czech Republic,d_hejhlwqdge,Chicks are reared until young hens (pullets),non-verified survey data,relative,s1krqknyo6_b,10.3390/agriculture12030355,Environmental Impacts of Egg Production from a Life Cycle Perspective,Assumes endDate is 2 years before publication,,,,,"Layer chicken, pullet - Czech Republic - 2020",none,"Layer chicken, pullet",number,True,True,True,True,False,True,True,True,True,False,False,True,False,False,True,True,False,False,True
v5gon9au_av0,Slaughterhouse,Agri-food processor - Denmark - Slaughterhouse,agri-food processor,Denmark,l3hyvlmdk0sb,Slaughter Denmark Organic,consistent external sources,relative,w3hq1dphy7wy,,Carbon footprints of conventional and organic pork,"They have included information from lots of different sources, for this reason I have not inlcuded the information regarding crop production (only feed composition) because some of these products we already have the sources.",,,,,"Meat, pig (cold dressed carcass weight) - Denmark - 2007",none required,"Meat, pig (cold dressed carcass weight)",kg cold dressed carcass weight,True,True,True,False,True,True,True,True,True,False,False,False,True,True,True,True,False,False,False
vqphweggy2nt,,"Agri-food processor - Meath, Ireland",agri-food processor,Ireland - Meath,yaqt7gyl3q4z,,physical measurement,relative,qprqdskyqqgi,10.1016/j.agsy.2023.103672,"Pasture-finishing of late-maturing bulls or steers in a suckler calf-to-beef system: Animal production, meat quality, economics, greenhouse gas emissions and human-edible food-feed efficiency",,,,,,"Meat, beef cattle (cold carcass weight) - Ireland - 2016",economic,"Meat, beef cattle (cold carcass weight)",kg cold carcass weight,True,True,True,False,True,True,True,True,True,False,False,False,True,True,True,True,True,False,False
8m-hxycwj5sf,,Animal housing - Netherlands,animal housing,Netherlands,vw4h5fbe2fed,Fattening Netherlands Conventional,consistent external sources,relative,w3hq1dphy7wy,,Carbon footprints of conventional and organic pork,"They have included information from lots of different sources, for this reason I have not inlcuded the information regarding crop production (only feed composition) because some of these products we already have the sources.",,,,,Pig - Netherlands - 2007,none required,Pig,number,True,True,True,False,False,True,True,True,True,False,False,False,False,True,True,True,False,False,False
gkzvh5qiabmk,Blue farming system,"Permanent pasture - Rothamsted Research - West Devon, United Kingdom - Blue farming system",permanent pasture,United Kingdom - West Devon,ndeqoezm5dlt,Blue-2013,non-verified survey data,relative,lfvrcxbnt18h,10.1111/ejss.12350,"The North Wyke Farm Platform: effect of temperate grassland farming systems on soil moisture contents, runoff and associated water quality dynamics",The North Wyke Farm Platform is a UK National Bioscience Research Infrastructure (NBRI) supported by the Biotechnology and Biological Sciences Research Council (BBS/E/RH/23NB0008).,,,,,"Beef cattle, steer - United Kingdom - 2014-01-01",economic,"Beef cattle, steer",number,True,True,False,True,False,True,False,True,True,False,True,True,True,True,True,True,False,False,False
9-loprmmivnu,They do not provide much information on site.,Animal housing - Denmark - They do not provide much infor...,animal housing,Denmark,pevtcbwwtwkn,Piglet herds-2013,non-verified survey data,relative,wcfuerr47b3k,,LANDSGENNEMSNIT FOR PRODUKTIVITET SVINEPRODUKTIONEN 2016,,,,,,Pig - Denmark - 2013,none required,Pig,number,True,True,True,False,False,True,True,True,True,False,False,True,False,True,True,True,False,False,False
m1sgeuqku4ud,60 ha of grazing area for the herd and 40ha of grass to be cut for making silage,Permanent pasture - United Kingdom - 60 ha of grazing area for the ...,permanent pasture,United Kingdom,7s6dgqb6tpsh,"Annual production cycle of a grass-based UK dairy farm on a high sugar grass (HSG), increasingly used in UK livestock holdings.",consistent external sources,relative,dyejpjpyu9fe,10.1016/j.jclepro.2018.08.206,Effects of high-sugar grasses and improved manure management on the environmental footprint of milk production at the farm level,,,,,,"Dairy cattle, calf (male, unweaned) - United Kingdom - 2016",economic,"Dairy cattle, calf (male, unweaned)",number,True,True,True,True,False,False,True,True,True,False,False,True,False,True,False,True,False,False,False
dsaoyy4wy0ab,,Animal housing - Canada,animal housing,Canada,6xojznenwkax,,non-verified survey data,relative,5wkskew6jvfz,10.1016/j.jclepro.2017.03.050,"Life cycle assessment of Canadian egg products, with differentiation by hen housing system type",,,,,,"Eggs, hen, in shell - Canada - 2012",biophysical,"Eggs, hen, in shell",kg,True,True,True,True,True,True,True,True,True,False,False,True,False,True,True,True,False,False,True
5nsg9g6a0yly,A typical lowland system in the UK,Permanent pasture - United Kingdom - A typical lowland system in th...,permanent pasture,United Kingdom,wvbofbwrmmqj,"a representation of an average (typical lowland) system, based on 11 ewes and 1 ram per ha, yield 16 lambs per year",consistent external sources,1 ha,u5chsa8hb0xd,10.13140/RG.2.2.19874.89280,Environmental footprint and sustainability of horticulture (including potatoes)–A comparison with other agricultural sectors,"The study is very unclear about what is actually happening in the Lincolnshire farm (page 59 onwards). Given the site area is different and the years of harvest do not match with the given rotation order, we assumed the crops are not actually in a rotation.",,,,,"Meat, sheep (liveweight) - United Kingdom - 2006",economic,"Meat, sheep (liveweight)",kg liveweight,True,True,False,True,True,True,True,True,True,False,True,True,True,True,True,True,True,True,True
bhcobp9ypbxd,,"Animal housing - Guaduas, Colombia",animal housing,Colombia - Guaduas,6irhlcdnijtk,Organic egg production cycle,non-verified survey data,relative,cfp6wacgorql,10.15359/rca.54-2.9,Evaluation of Environmental Impacts in the Agroecological Egg Production Chain Using a Life Cycle Assessment Approach,No dates for production provided - assumed cycle endDate is 2 years before publication. Some feed not included in the amounts. REQUIRES UPDATING ONCE DECISION ON PACKAGING HAS BEEN MADE.,,,,,Layer chicken - Colombia - 2018,economic,Layer chicken,number,True,True,True,False,True,True,True,True,True,False,False,True,True,True,True,True,False,False,True
oe0jj4koaizb,Slaughterhouse,Agri-food processor - United Kingdom - Slaughterhouse,agri-food processor,United Kingdom,f0zahakxwfo8,Slaughter England Organic,consistent external sources,relative,w3hq1dphy7wy,,Carbon footprints of conventional and organic pork,"They have included information from lots of different sources, for this reason I have not inlcuded the information regarding crop production (only feed composition) because some of these products we already have the sources.",,,,,"Meat, pig (cold dressed carcass weight) - United Kingdom - 2007",none required,"Meat, pig (cold dressed carcass weight)",kg cold dressed carcass weight,True,True,True,False,True,True,True,True,True,False,False,False,True,True,True,True,False,False,False
gkzvh5qiabmk,Blue farming system,"Permanent pasture - Rothamsted Research - West Devon, United Kingdom - Blue farming system",permanent pasture,United Kingdom - West Devon,s0c-4lhytwh3,Blue-2022,non-verified survey data,relative,lfvrcxbnt18h,10.1111/ejss.12350,"The North Wyke Farm Platform: effect of temperate grassland farming systems on soil moisture contents, runoff and associated water quality dynamics",The North Wyke Farm Platform is a UK National Bioscience Research Infrastructure (NBRI) supported by the Biotechnology and Biological Sciences Research Council (BBS/E/RH/23NB0008).,,,,,"Beef cattle, steer - United Kingdom - 2023-01-01",economic,"Beef cattle, steer",number,True,True,False,True,False,True,False,True,True,False,True,True,True,True,True,True,False,False,False
qdrwq3f4jw6y,Site is a combination of both the summer (mountain) and winter (dehesa) grazing sites. Area is cumulative of these sites and the altitude and temperature are assumed to be averaged across them.,Permanent pasture - Spain - Site is a combination of both ...,permanent pasture,Spain,vhqtl50ivq46,Annual cycle of transhumant lamb farm in Albarracin (transhumance of herd to summer farm carried out by truck),non-verified survey data,relative,av57dkzgzdv6,10.1007/s11367-023-02135-3,Carbon footprint of transhumant sheep farms: accounting for natural baseline emissions in Mediterranean systems,"Cycles SED2, THT4 and THF4 have much lower DMI values per animal than the other cycles with no clear reason why; they may be errors.",,,,,"Sheep, lamb - Spain - 2009",economic,"Sheep, lamb",number,True,False,True,True,False,True,True,True,False,False,False,True,True,True,True,True,False,False,False
gkzvh5qiabmk,Blue farming system,"Permanent pasture - Rothamsted Research - West Devon, United Kingdom - Blue farming system",permanent pasture,United Kingdom - West Devon,p0ly_vu3zub2,Blue-2015,non-verified survey data,relative,lfvrcxbnt18h,10.1111/ejss.12350,"The North Wyke Farm Platform: effect of temperate grassland farming systems on soil moisture contents, runoff and associated water quality dynamics",The North Wyke Farm Platform is a UK National Bioscience Research Infrastructure (NBRI) supported by the Biotechnology and Biological Sciences Research Council (BBS/E/RH/23NB0008).,,,,,"Sheep, ewe - United Kingdom - 2016-01-01",economic,"Sheep, ewe",number,True,True,False,True,False,True,False,True,True,False,True,True,True,True,True,True,False,False,False
spnubbolkokv,Green farming system,"Permanent pasture - Rothamsted Research - West Devon, United Kingdom - Green farming system",permanent pasture,United Kingdom - West Devon,oewixdlrufdd,Green-2016,non-verified survey data,relative,lfvrcxbnt18h,10.1111/ejss.12350,"The North Wyke Farm Platform: effect of temperate grassland farming systems on soil moisture contents, runoff and associated water quality dynamics",The North Wyke Farm Platform is a UK National Bioscience Research Infrastructure (NBRI) supported by the Biotechnology and Biological Sciences Research Council (BBS/E/RH/23NB0008).,,,,,"Beef cattle, steer - United Kingdom - 2016-12-31",economic,"Beef cattle, steer",number,True,True,False,True,False,True,False,True,True,False,True,True,True,True,True,True,False,False,False
ndcftdeq0dop,,"Permanent pasture - Victoria (State), Australia",permanent pasture,"Australia - Victoria (State), Australia",qa3lpbqqzkdu,Lamb production cycle for a regional average farm in Victoria,modelled,relative,c3c-fbwxy2mp,10.1071/AN14647,Resource use and environmental impacts from Australian export lamb production: A life cycle assessment,,,,,,"Sheep, lamb - Australia - 2010",economic,"Sheep, lamb",number,True,True,True,True,False,True,False,True,False,False,False,True,True,True,True,True,False,False,True
juoxuvkf-hnl,,Permanent pasture - South Australia,permanent pasture,Australia - South Australia,7aku44c3svum,Lamb production cycle for a regional average farm in South Australia,modelled,relative,c3c-fbwxy2mp,10.1071/AN14647,Resource use and environmental impacts from Australian export lamb production: A life cycle assessment,,,,,,"Sheep, lamb - Australia - 2010",economic,"Sheep, lamb",number,True,True,True,True,False,True,False,True,False,False,False,True,True,True,True,True,False,False,True
spnubbolkokv,Green farming system,"Permanent pasture - Rothamsted Research - West Devon, United Kingdom - Green farming system",permanent pasture,United Kingdom - West Devon,4fvndcfaytjq,Green-2014,non-verified survey data,relative,lfvrcxbnt18h,10.1111/ejss.12350,"The North Wyke Farm Platform: effect of temperate grassland farming systems on soil moisture contents, runoff and associated water quality dynamics",The North Wyke Farm Platform is a UK National Bioscience Research Infrastructure (NBRI) supported by the Biotechnology and Biological Sciences Research Council (BBS/E/RH/23NB0008).,,,,,"Beef cattle, calf (male, weaned) - United Kingdom - 2015-01-01",economic,"Beef cattle, calf (male, weaned)",number,True,True,False,True,False,True,False,True,True,False,True,True,True,True,True,True,False,False,False
hr7nrm7zx4pn,,Permanent pasture - Ireland,permanent pasture,Ireland,2151zpqcyxqe,A representative sample of Irish dairy farms.,non-verified survey data,relative,oejuzzwezpby,10.1016/j.resenv.2023.100126,Environmental impact of grass-based cattle farms: A life cycle assessment of nature-based diversification scenarios,"The authors reported GWP100 values both including and excluding carbon sequestration. We recorded the lower values, which include carbon sequestration.",,,,,"Meat, dairy cattle (cold carcass weight) - Ireland - 2019",economic,"Meat, dairy cattle (cold carcass weight)",kg cold carcass weight,False,False,True,False,False,True,True,True,True,False,False,True,False,True,True,True,False,False,False
vdg5bgnd3hl2,Red farming system,"Permanent pasture - Rothamsted Research - West Devon, United Kingdom - Red farming system",permanent pasture,United Kingdom - West Devon,jpk1ouydzrlf,Red-2015,non-verified survey data,relative,lfvrcxbnt18h,10.1111/ejss.12350,"The North Wyke Farm Platform: effect of temperate grassland farming systems on soil moisture contents, runoff and associated water quality dynamics",The North Wyke Farm Platform is a UK National Bioscience Research Infrastructure (NBRI) supported by the Biotechnology and Biological Sciences Research Council (BBS/E/RH/23NB0008).,,,,,"Sheep, lamb - United Kingdom - 2016-01-01",economic,"Sheep, lamb",number,True,True,False,True,False,True,False,True,True,False,True,True,True,True,True,True,False,False,False
7kcs9n7ki99r,They do not provide much information on site.,Animal housing - Denmark - They do not provide much infor...,animal housing,Denmark,1bpumkueykp5,Sow herds-2007,non-verified survey data,relative,wcfuerr47b3k,,LANDSGENNEMSNIT FOR PRODUKTIVITET SVINEPRODUKTIONEN 2016,,,,,,"Pig, piglet - Denmark - 2007",none,"Pig, piglet",number,False,True,True,False,False,True,True,True,True,False,False,True,False,True,True,True,False,False,False
ofzs7w6hre5y,,,,,pegypptfoaeh,,inconsistent external sources,relative,pg0ta0g9e0ed,,Klimawirkungen der Landwirtschaft in Deutschland,,,,,,Pig - Germany - 2004,economic,Pig,number,True,True,False,True,True,True,True,True,False,False,False,False,False,True,False,True,False,False,False
gkzvh5qiabmk,Blue farming system,"Permanent pasture - Rothamsted Research - West Devon, United Kingdom - Blue farming system",permanent pasture,United Kingdom - West Devon,9_2i-uijctrd,Blue-2020,non-verified survey data,relative,lfvrcxbnt18h,10.1111/ejss.12350,"The North Wyke Farm Platform: effect of temperate grassland farming systems on soil moisture contents, runoff and associated water quality dynamics",The North Wyke Farm Platform is a UK National Bioscience Research Infrastructure (NBRI) supported by the Biotechnology and Biological Sciences Research Council (BBS/E/RH/23NB0008).,,,,,"Sheep, ram - United Kingdom - 2020-12-31",economic,"Sheep, ram",number,True,True,False,True,False,True,False,True,True,False,True,True,True,True,True,True,False,False,False
spnubbolkokv,Green farming system,"Permanent pasture - Rothamsted Research - West Devon, United Kingdom - Green farming system",permanent pasture,United Kingdom - West Devon,4fvndcfaytjq,Green-2014,non-verified survey data,relative,lfvrcxbnt18h,10.1111/ejss.12350,"The North Wyke Farm Platform: effect of temperate grassland farming systems on soil moisture contents, runoff and associated water quality dynamics",The North Wyke Farm Platform is a UK National Bioscience Research Infrastructure (NBRI) supported by the Biotechnology and Biological Sciences Research Council (BBS/E/RH/23NB0008).,,,,,"Beef cattle, heifer - United Kingdom - 2015-01-01",economic,"Beef cattle, heifer",number,True,True,False,True,False,True,False,True,True,False,True,True,True,True,True,True,False,False,False
4n5hn325m9tw,Site is a combination of both the summer (mountain) and winter (dehesa) grazing sites. Area is cumulative of these sites and the altitude and temperature are assumed to be averaged across them.,Permanent pasture - Spain - Site is a combination of both ...,permanent pasture,Spain,pxfgddtv5jgv,Annual cycle of transhumant lamb farm in Albarracin (transhumance of herd to summer farm carried out by truck),non-verified survey data,relative,av57dkzgzdv6,10.1007/s11367-023-02135-3,Carbon footprint of transhumant sheep farms: accounting for natural baseline emissions in Mediterranean systems,"Cycles SED2, THT4 and THF4 have much lower DMI values per animal than the other cycles with no clear reason why; they may be errors.",,,,,"Sheep, lamb - Spain - 2009",economic,"Sheep, lamb",number,True,False,True,True,False,True,True,True,False,False,False,True,True,True,True,True,False,False,False
3q1tovuli_wu,,Permanent pasture - Ireland,permanent pasture,Ireland,yr9ouxmrhcme,"Alternative calf-to-beef system with a high grass utlilisation rate, where heifers are finished at 20 months and males are finished as steers at 24 months, with an intensive stocking density of 2.9 LU/ha.",modelled,relative,892cdffsz7dk,10.1016/j.agee.2011.05.010,Whole-farm systems modelling of greenhouse gas emissions from pastoral suckler beef cow production systems,,,,,,"Meat, beef cattle (cold dressed carcass weight) - Ireland - 2009",none required,"Meat, beef cattle (cold dressed carcass weight)",kg cold dressed carcass weight,True,True,True,False,False,True,True,True,False,False,False,True,False,True,True,True,False,False,False
tfslp1wpxaw6,,"Permanent pasture - Victoria (State), Australia",permanent pasture,"Australia - Victoria (State), Australia",dd_wobla0rwy,"Clover pasture plot, grazed by 15 lambs",physical measurement,1 ha,qjv9ii1cnmsr,10.1016/j.jclepro.2010.05.003,"Global warming contributions from wheat, sheep meat and wool production in Victoria, Australia-a life cycle assessment",Update with transport node once available,,"The goal was to compare the life cycle global warming performance of wheat, sheep meat and wool, produced in three adjacent plots: mixed pasture, wheat and sub-clover.",,,"Wool, sheep (greasy) - Australia - 2008-02-01",economic,"Wool, sheep (greasy)",kg,True,True,True,True,False,True,False,True,True,False,True,True,False,True,True,True,True,False,True
3p10nmsbvh1y,Slaughterhouse,Agri-food processor - Germany - Slaughterhouse,agri-food processor,Germany,sstblxonqnlp,Slaughter Germany Conventional,consistent external sources,relative,w3hq1dphy7wy,,Carbon footprints of conventional and organic pork,"They have included information from lots of different sources, for this reason I have not inlcuded the information regarding crop production (only feed composition) because some of these products we already have the sources.",,,,,"Meat, pig (cold dressed carcass weight) - Germany - 2007",none required,"Meat, pig (cold dressed carcass weight)",kg cold dressed carcass weight,True,True,True,False,True,True,True,True,True,False,False,False,True,True,True,True,False,False,False
w79dmmlx4_ox,,"Animal housing - Schleswig-Holstein, Germany",animal housing,Germany - Schleswig-Holstein,4bynqgckgbkf,Sow and piglet,non-verified survey data,relative,xczcn7iz5yxe,,Schweinereport 2013,A series of pig reports.,,,,,"Pig, piglet - Germany - 2013",economic,"Pig, piglet",number,True,True,True,False,False,True,True,True,True,False,False,True,False,True,True,True,False,False,False
hlzxo8wpucub,,Animal housing - Denmark,animal housing,Denmark,ku_a9hkpyyep,Sow Denmark Conventional,consistent external sources,relative,w3hq1dphy7wy,,Carbon footprints of conventional and organic pork,"They have included information from lots of different sources, for this reason I have not inlcuded the information regarding crop production (only feed composition) because some of these products we already have the sources.",,,,,"Pig, piglet - Denmark - 2007",economic,"Pig, piglet",number,True,True,True,False,False,True,True,True,True,False,False,False,False,True,True,True,False,False,False
vdg5bgnd3hl2,Red farming system,"Permanent pasture - Rothamsted Research - West Devon, United Kingdom - Red farming system",permanent pasture,United Kingdom - West Devon,jpk1ouydzrlf,Red-2015,non-verified survey data,relative,lfvrcxbnt18h,10.1111/ejss.12350,"The North Wyke Farm Platform: effect of temperate grassland farming systems on soil moisture contents, runoff and associated water quality dynamics",The North Wyke Farm Platform is a UK National Bioscience Research Infrastructure (NBRI) supported by the Biotechnology and Biological Sciences Research Council (BBS/E/RH/23NB0008).,,,,,"Beef cattle, steer - United Kingdom - 2016-01-01",economic,"Beef cattle, steer",number,True,True,False,True,False,True,False,True,True,False,True,True,True,True,True,True,False,False,False
szobx5n9q7hn,,"Permanent pasture - New South Wales, Australia",permanent pasture,Australia - New South Wales,gkckhrry81wa,Lamb production cycle averaged over three case study farms in New South Wales. All pasture-based.,non-verified survey data,relative,c3c-fbwxy2mp,10.1071/AN14647,Resource use and environmental impacts from Australian export lamb production: A life cycle assessment,,,,,,"Sheep, ewe - Australia - 2012",economic,"Sheep, ewe",number,True,True,True,True,False,True,False,True,False,False,False,True,True,True,True,True,False,False,True
xpbf3bhu3ivp,,"Animal housing - G/HM-Ho - Normandie, France",animal housing,France - Normandie,yezo3xdquhkd,"Grass and high proportion maize silage in forage area, with cattle fed an Omega-3 supplement, Holstein breed. Annual milk production cycle, including all grazing and animal housing components.",modelled,relative,pusvmnivm1zy,10.1016/j.jenvman.2013.01.028,"Effect of dairy production system, breed and co-product handling methods on environmental impacts at farm level","Linseed cultivation taken by authors from Nguyen (2012), original data from France. Linseed processing from Bacenetti (2017), selected by us as a proxy. Authors have used daSilva for soybean cultivation data and dalgaard for soybean processing. Given these data are just proxies, we decided to omit them and just specify that the soybean meal is from Brazil.",,,,,"Dairy cattle, heifer - France - 2011",economic,"Dairy cattle, heifer",number,True,True,True,True,False,True,True,True,True,False,False,True,True,True,True,True,False,True,False
ei1rhu-dgtbt,,Animal housing - Netherlands,animal housing,Netherlands,hh766bc9dk7a,Sow Netherlands Organic,consistent external sources,relative,w3hq1dphy7wy,,Carbon footprints of conventional and organic pork,"They have included information from lots of different sources, for this reason I have not inlcuded the information regarding crop production (only feed composition) because some of these products we already have the sources.",,,,,"Pig, sow - Netherlands - 2007",economic,"Pig, sow",number,True,True,True,False,False,True,True,True,True,False,False,False,False,True,True,True,False,False,False
ghhkvkxt4hgp,,"Animal housing - Lembang (Desa), Lembang, Bandung Barat, Jawa Barat, Indonesia",animal housing,"Indonesia - Lembang (Desa), Lembang, Bandung Barat, Jawa Barat, Indonesia",xj2hdpvu88fw,Milk production cycle - average production cycle over 288 farms,non-verified survey data,relative,wfdwsdifxc2e,,"Environmental impacts of dairy farming in Lembang, West Java",The same data is also presented in deVries et al. (2019) Entry Points for Reduction of Greenhouse Gas Emissions in Small-Scale Dairy Farms: Looking Beyond Milk Yield Increase.,,,,,"Meat, dairy cattle (liveweight) - Indonesia - 2016",economic,"Meat, dairy cattle (liveweight)",kg liveweight,True,True,True,False,False,True,True,True,True,False,False,True,True,True,True,True,False,False,False
spnubbolkokv,Green farming system,"Permanent pasture - Rothamsted Research - West Devon, United Kingdom - Green farming system",permanent pasture,United Kingdom - West Devon,oewixdlrufdd,Green-2016,non-verified survey data,relative,lfvrcxbnt18h,10.1111/ejss.12350,"The North Wyke Farm Platform: effect of temperate grassland farming systems on soil moisture contents, runoff and associated water quality dynamics",The North Wyke Farm Platform is a UK National Bioscience Research Infrastructure (NBRI) supported by the Biotechnology and Biological Sciences Research Council (BBS/E/RH/23NB0008).,,,,,"Beef cattle, heifer - United Kingdom - 2016-12-31",economic,"Beef cattle, heifer",number,True,True,False,True,False,True,False,True,True,False,True,True,True,True,True,True,False,False,False
lmhtql6-_4-h,,"Animal housing - G/LM-Ho - Normandie, France",animal housing,France - Normandie,wiociakt_wnb,"Grass and low proportion maize silage in forage area, Holstein breed. Annual milk production cycle, including all grazing and animal housing components.",consistent external sources,relative,pusvmnivm1zy,10.1016/j.jenvman.2013.01.028,"Effect of dairy production system, breed and co-product handling methods on environmental impacts at farm level","Linseed cultivation taken by authors from Nguyen (2012), original data from France. Linseed processing from Bacenetti (2017), selected by us as a proxy. Authors have used daSilva for soybean cultivation data and dalgaard for soybean processing. Given these data are just proxies, we decided to omit them and just specify that the soybean meal is from Brazil.",,,,,"Dairy cattle, heifer - France - 2011",economic,"Dairy cattle, heifer",number,True,True,True,True,False,True,True,True,True,False,False,True,True,True,True,True,False,True,False
47zej1h678bw,Chicken meat processing plant - Frozen Processed Chicken - It is bringing fresh Chicken meat that has been cut to be processed through the frying process and through the freezing process. Uses freezer,Agri-food processor - Thailand - Chicken meat processing plant ...,agri-food processor,Thailand,ls7rxotwb0du,Frozen processing factory,verified survey data,relative,ukwx4hsnmu5v,,Life Cycle Greenhouse Gases Emissions of Processed Frozen Chicken,,,,,,"Meat, chicken (cold carcass weight) - Thailand - 2017",none required,"Meat, chicken (cold carcass weight)",kg cold carcass weight,True,True,True,True,True,True,True,True,True,False,False,True,True,True,True,True,False,False,True
gkzvh5qiabmk,Blue farming system,"Permanent pasture - Rothamsted Research - West Devon, United Kingdom - Blue farming system",permanent pasture,United Kingdom - West Devon,xccakim_7aql,Blue-2011,non-verified survey data,relative,lfvrcxbnt18h,10.1111/ejss.12350,"The North Wyke Farm Platform: effect of temperate grassland farming systems on soil moisture contents, runoff and associated water quality dynamics",The North Wyke Farm Platform is a UK National Bioscience Research Infrastructure (NBRI) supported by the Biotechnology and Biological Sciences Research Council (BBS/E/RH/23NB0008).,,,,,"Beef cattle, heifer - United Kingdom - 2012-01-01",economic,"Beef cattle, heifer",number,True,True,False,True,False,True,False,True,True,False,True,True,True,True,True,True,False,False,False
uc4wqpdukzue,"To model the systems, the total area of the property was defined as 1000 ha, of which 200 ha were legal reserves (20% of the area) and 20 ha were destined for buildings, roads and improvements.","Permanent pasture - Naviraí, Brazil - To model the systems, the tota...",permanent pasture,Brazil - Naviraí,we8vze7ekgou,Crop-livestock rotation system,modelled,relative,evw50pucedpe,10.1016/j.jclepro.2019.118362,Multicriteria decision-making and probabilistic weighing applied to sustainable assessment of beef life cycle,,,,,,Beef cattle - Brazil - 2017,none required,Beef cattle,number,True,True,False,False,False,False,False,True,True,False,False,True,False,True,False,True,True,False,False
gkzvh5qiabmk,Blue farming system,"Permanent pasture - Rothamsted Research - West Devon, United Kingdom - Blue farming system",permanent pasture,United Kingdom - West Devon,p0ly_vu3zub2,Blue-2015,non-verified survey data,relative,lfvrcxbnt18h,10.1111/ejss.12350,"The North Wyke Farm Platform: effect of temperate grassland farming systems on soil moisture contents, runoff and associated water quality dynamics",The North Wyke Farm Platform is a UK National Bioscience Research Infrastructure (NBRI) supported by the Biotechnology and Biological Sciences Research Council (BBS/E/RH/23NB0008).,,,,,"Sheep, ewe - United Kingdom - 2016-01-01",economic,"Sheep, ewe",number,True,True,False,True,False,True,False,True,True,False,True,True,True,True,True,True,False,False,False
w9ubo-nzl9od,12 big corporations that account for more than 90% of the country’s total capacity.,Animal housing - Thailand - 12 big corporations that accou...,animal housing,Thailand,lbayx87tei1y,CB5-Hatchery 1,non-verified survey data,relative,jwwfj8vmju7j,10.15244/pjoes/68156,Greenhouse gas emissions of one-day-old chick production,,,,,,"Broiler chicken, chick - Thailand - 2011",none required,"Broiler chicken, chick",number,True,True,True,True,True,True,True,True,True,False,False,True,True,True,True,True,False,True,True
sllvf4q770dl,12 big corporations that account for more than 90% of the country’s total capacity.,Animal housing - Thailand - 12 big corporations that accou...,animal housing,Thailand,o48bh1ikdogu,CB2-Parent farm 1,non-verified survey data,relative,jwwfj8vmju7j,10.15244/pjoes/68156,Greenhouse gas emissions of one-day-old chick production,,,,,,"Broiler chicken, hen - Thailand - 2011",none required,"Broiler chicken, hen",number,True,True,True,True,True,True,True,True,False,False,False,True,False,True,True,True,False,True,True
,,,,,ni7c64wwsusa,"Select merit cows (sired by bulls with high predicted transmitting abilities for fat + protein yield), in novel by-product system (full housed, fed co-products from food industry with no forages except straw)",physical measurement,relative,bnflkfcuuetx,10.3389/fsufs.2021.588158,Effect of Nutritional Variation and LCA Methodology on the Carbon Footprint of Milk Production From Holstein Friesian Dairy Cows,"Suspect that the diesel, electricity and petrol use recorded is for the full system (i.e. including for growing fodder crops on farm), as opposed to simply the animal rearing cycle (pasture and housing) under which it is currently recorded. Author has been emailed to ask for disaggregated data (incl.  more specific data on crop cultivation), but cannot supply this at this time. Quantity of meat/live animals sold as co-products is also missing. The study states that ""a whole farm approach is taken and emissions are allocated between milk and meat using no allocation to meat and 100% to milk"".",,,,,"Milk, cow, raw - United Kingdom - 2015-12-01",none,"Milk, cow, raw",kg,True,True,True,True,False,True,True,True,True,False,False,True,False,False,True,True,False,False,False
ynqi0jwpqj9b,Cycle for the conversion of animal to meat,"Agri-food processor - Meath, Ireland - Cycle for the conversion of an...",agri-food processor,Ireland - Meath,xtepkqf9zvkg,,physical measurement,relative,nke6buknxiap,10.1016/j.agsy.2022.103379,"Performance, meat quality, profitability, and greenhouse gas emissions of suckler bulls from pasture-based compared to an indoor high-concentrate weanling-to-beef finishing system",,,,,,"Meat, beef cattle (cold dressed carcass weight) - Ireland - 2015",none required,"Meat, beef cattle (cold dressed carcass weight)",kg cold dressed carcass weight,True,True,True,False,True,True,True,True,True,False,False,False,True,True,True,True,True,False,False
__w7okds1iyg,"Farm in the Western Frontier region of the state of Reio Grande do Sul in the Southern part of Brazil. For each cycle, we use the stocking density and the number of animals to calculate how ma ny hectares are used for each cycle","Permanent pasture - Sao Lucas Farm - Rio Grande do Sul, Brazil - Farm in the Western Frontier r...",permanent pasture,Brazil - Rio Grande do Sul,hx8fs3xbbrwd,Scenario 4: Improved natural grass/sorghum Aberdeen Angus,physical measurement,relative,_gzgjmujsbln,10.1016/j.jclepro.2014.01.037,Carbon footprint in different beef production systems on a southern Brazilian farm: A case study,This paper is also going to require an animal weighting similar to Sequiera & Duru,,,,,"Beef cattle, steer - Brazil - 2006-05-01",none,"Beef cattle, steer",number,False,True,True,False,False,True,False,True,False,False,False,True,False,True,False,False,False,True,False
spnubbolkokv,Green farming system,"Permanent pasture - Rothamsted Research - West Devon, United Kingdom - Green farming system",permanent pasture,United Kingdom - West Devon,4fvndcfaytjq,Green-2014,non-verified survey data,relative,lfvrcxbnt18h,10.1111/ejss.12350,"The North Wyke Farm Platform: effect of temperate grassland farming systems on soil moisture contents, runoff and associated water quality dynamics",The North Wyke Farm Platform is a UK National Bioscience Research Infrastructure (NBRI) supported by the Biotechnology and Biological Sciences Research Council (BBS/E/RH/23NB0008).,,,,,"Sheep, ram - United Kingdom - 2015-01-01",economic,"Sheep, ram",number,True,True,False,True,False,True,False,True,True,False,True,True,True,True,True,True,False,False,False
spnubbolkokv,Green farming system,"Permanent pasture - Rothamsted Research - West Devon, United Kingdom - Green farming system",permanent pasture,United Kingdom - West Devon,xabfy9qyfjme,Green-2018,non-verified survey data,relative,lfvrcxbnt18h,10.1111/ejss.12350,"The North Wyke Farm Platform: effect of temperate grassland farming systems on soil moisture contents, runoff and associated water quality dynamics",The North Wyke Farm Platform is a UK National Bioscience Research Infrastructure (NBRI) supported by the Biotechnology and Biological Sciences Research Council (BBS/E/RH/23NB0008).,,,,,"Sheep, lamb (weaned) - United Kingdom - 2019-01-01",economic,"Sheep, lamb (weaned)",number,True,True,False,True,False,True,False,True,True,False,True,True,True,True,True,True,False,False,False
hamgpkm4ehr3,They do not provide much information on site.,Animal housing - Denmark - They do not provide much infor...,animal housing,Denmark,hgcxr66bjhv7,Fattening herds-2010,non-verified survey data,relative,wcfuerr47b3k,,LANDSGENNEMSNIT FOR PRODUKTIVITET SVINEPRODUKTIONEN 2016,,,,,,Pig - Denmark - 2010,none required,Pig,number,True,True,True,False,False,True,True,True,True,False,False,True,False,True,True,True,False,False,False
spnubbolkokv,Green farming system,"Permanent pasture - Rothamsted Research - West Devon, United Kingdom - Green farming system",permanent pasture,United Kingdom - West Devon,kydwtvt3yzob,Green-2011,non-verified survey data,relative,lfvrcxbnt18h,10.1111/ejss.12350,"The North Wyke Farm Platform: effect of temperate grassland farming systems on soil moisture contents, runoff and associated water quality dynamics",The North Wyke Farm Platform is a UK National Bioscience Research Infrastructure (NBRI) supported by the Biotechnology and Biological Sciences Research Council (BBS/E/RH/23NB0008).,,,,,"Sheep, ewe - United Kingdom - 2012-01-01",economic,"Sheep, ewe",number,True,True,False,True,False,True,False,True,True,False,True,True,True,True,True,True,False,False,False
wswqdtjlbesy,,Permanent pasture - United Kingdom,permanent pasture,United Kingdom,8ge7rsdyrxvm,Average annual production cycle of 21 hill sheep farms across England and Wales.,non-verified survey data,relative,mroy2usjfur5,10.1016/j.agsy.2013.09.006,The carbon footprint of lamb: Sources of variation and opportunities for mitigation,The split between pasture and housing (and thus the 2 different excreta mangement practices) in each of the three systems is based on assumption.,,,,,Sheep - United Kingdom - 2011,economic,Sheep,number,True,True,False,False,False,True,False,True,True,False,False,False,False,True,True,False,False,False,False
zugv7pcewbkb,,"Animal housing - G/HM-Ho - Normandie, France",animal housing,France - Normandie,oxruhn-issv5,"Grass and high proportion maize silage in forage area, Holstein breed. Annual milk production cycle, including all grazing and animal housing components.",modelled,relative,pusvmnivm1zy,10.1016/j.jenvman.2013.01.028,"Effect of dairy production system, breed and co-product handling methods on environmental impacts at farm level","Linseed cultivation taken by authors from Nguyen (2012), original data from France. Linseed processing from Bacenetti (2017), selected by us as a proxy. Authors have used daSilva for soybean cultivation data and dalgaard for soybean processing. Given these data are just proxies, we decided to omit them and just specify that the soybean meal is from Brazil.",,,,,"Milk, cow, raw (FPCM) - France - 2011",economic,"Milk, cow, raw (FPCM)",kg FPCM,True,True,True,True,False,True,True,True,True,False,False,True,True,True,True,True,False,True,False
0r-o9co2h6jj,,"Agri-food processor - Meath, Ireland",agri-food processor,Ireland - Meath,ne4tdp8nhukv,Cycle representing the slaughter of the animals produced during the production cycle,physical measurement,relative,adq-l4cpvkng,10.1016/j.animal.2021.100247,Life cycle assessment of pasture-based suckler steer weanling-to-beef production systems: Effect of breed and slaughter age,,,,,,"Meat, beef cattle (cold carcass weight) - Ireland - 2017",economic,"Meat, beef cattle (cold carcass weight)",kg cold carcass weight,True,True,True,False,True,True,True,True,True,False,False,True,True,True,True,True,False,False,True
d0pglsinqcyt,,"Permanent pasture - Animal & Grass-land Research and Innovation Centre -TEAGASC - Meath, Ireland",permanent pasture,Ireland - Meath,nbdvqbdew5yp,"Early maturing suckler bred bull weanlings of breeds of Aberdeen Angus and Hereford sired, kept in housing to begin with followed by time on pasture before being rehoused for a second period and being moved back to pasture for a second time and then slaughtered at 24 months of age.",physical measurement,relative,adq-l4cpvkng,10.1016/j.animal.2021.100247,Life cycle assessment of pasture-based suckler steer weanling-to-beef production systems: Effect of breed and slaughter age,,,,,,"Beef cattle, steer - United Kingdom - 2017",none,"Beef cattle, steer",number,True,True,False,False,True,True,False,True,True,False,False,True,False,True,True,True,False,True,False
vdg5bgnd3hl2,Red farming system,"Permanent pasture - Rothamsted Research - West Devon, United Kingdom - Red farming system",permanent pasture,United Kingdom - West Devon,rc7znaubqmmq,Red-2013,non-verified survey data,relative,lfvrcxbnt18h,10.1111/ejss.12350,"The North Wyke Farm Platform: effect of temperate grassland farming systems on soil moisture contents, runoff and associated water quality dynamics",The North Wyke Farm Platform is a UK National Bioscience Research Infrastructure (NBRI) supported by the Biotechnology and Biological Sciences Research Council (BBS/E/RH/23NB0008).,,,,,"Sheep, ewe - United Kingdom - 2014-01-01",economic,"Sheep, ewe",number,True,True,False,True,False,True,False,True,True,False,True,True,True,True,True,True,False,False,False
,,,,,2eohbupzlnzy,"Control merit cows, in novel home-grown system (all feed grown on fam using legume protein sources, animals housed for one period each day)",physical measurement,relative,bnflkfcuuetx,10.3389/fsufs.2021.588158,Effect of Nutritional Variation and LCA Methodology on the Carbon Footprint of Milk Production From Holstein Friesian Dairy Cows,"Suspect that the diesel, electricity and petrol use recorded is for the full system (i.e. including for growing fodder crops on farm), as opposed to simply the animal rearing cycle (pasture and housing) under which it is currently recorded. Author has been emailed to ask for disaggregated data (incl.  more specific data on crop cultivation), but cannot supply this at this time. Quantity of meat/live animals sold as co-products is also missing. The study states that ""a whole farm approach is taken and emissions are allocated between milk and meat using no allocation to meat and 100% to milk"".",,,,,"Milk, cow, raw - United Kingdom - 2015-12-01",none,"Milk, cow, raw",kg,True,True,True,True,False,True,False,True,True,False,False,True,False,False,True,False,False,False,False
vdg5bgnd3hl2,Red farming system,"Permanent pasture - Rothamsted Research - West Devon, United Kingdom - Red farming system",permanent pasture,United Kingdom - West Devon,wvzj8wrv6fka,Red-2018,non-verified survey data,relative,lfvrcxbnt18h,10.1111/ejss.12350,"The North Wyke Farm Platform: effect of temperate grassland farming systems on soil moisture contents, runoff and associated water quality dynamics",The North Wyke Farm Platform is a UK National Bioscience Research Infrastructure (NBRI) supported by the Biotechnology and Biological Sciences Research Council (BBS/E/RH/23NB0008).,,,,,"Beef cattle, steer - United Kingdom - 2019-01-01",economic,"Beef cattle, steer",number,True,True,False,True,False,True,False,True,True,False,True,True,True,True,True,True,False,False,False
yjviwu791k7l,Site is a combination of both the summer (mountain) and winter (dehesa) grazing sites. Area is cumulative of these sites and the altitude and temperature are assumed to be averaged across them.,Permanent pasture - Spain - Site is a combination of both ...,permanent pasture,Spain,r8dfzuqsleos,Annual cycle of transhumant lamb farm in Albarracin (transhumance of herd to summer farm carried out by truck),non-verified survey data,relative,av57dkzgzdv6,10.1007/s11367-023-02135-3,Carbon footprint of transhumant sheep farms: accounting for natural baseline emissions in Mediterranean systems,"Cycles SED2, THT4 and THF4 have much lower DMI values per animal than the other cycles with no clear reason why; they may be errors.",,,,,"Wool, sheep (greasy) - Spain - 2009",economic,"Wool, sheep (greasy)",kg,True,False,True,True,False,True,True,True,False,False,False,True,True,True,True,True,False,False,False
,,,,,5mkvnr1ljx8b,,inconsistent external sources,relative,dr_jmmuqpfzs,10.3168/jds.2016-12325,Grazing intensity affects the environmental impact of dairy systems,,,,,,"Milk, cow, raw (FPCM) - United States - 2016",biophysical,"Milk, cow, raw (FPCM)",kg FPCM,True,True,False,True,False,True,True,True,True,False,False,True,False,True,True,True,False,False,False
tx_qxfvra6we,12 big corporations that account for more than 90% of the country’s total capacity.,Animal housing - Thailand - 12 big corporations that accou...,animal housing,Thailand,au-w-ztygeu8,CB4-Parent farm 4,non-verified survey data,relative,jwwfj8vmju7j,10.15244/pjoes/68156,Greenhouse gas emissions of one-day-old chick production,,,,,,"Eggs, hen, in shell (number) - Thailand - 2011",none required,"Eggs, hen, in shell (number)",number,True,True,True,True,True,True,True,True,True,False,False,True,False,True,True,True,False,True,True
hamgpkm4ehr3,They do not provide much information on site.,Animal housing - Denmark - They do not provide much infor...,animal housing,Denmark,lbgrhcddz2we,Fattening herds-2012,non-verified survey data,relative,wcfuerr47b3k,,LANDSGENNEMSNIT FOR PRODUKTIVITET SVINEPRODUKTIONEN 2016,,,,,,Pig - Denmark - 2012,none required,Pig,number,True,True,True,False,False,True,True,True,True,False,False,True,False,True,True,True,False,False,False
gkzvh5qiabmk,Blue farming system,"Permanent pasture - Rothamsted Research - West Devon, United Kingdom - Blue farming system",permanent pasture,United Kingdom - West Devon,9_2i-uijctrd,Blue-2020,non-verified survey data,relative,lfvrcxbnt18h,10.1111/ejss.12350,"The North Wyke Farm Platform: effect of temperate grassland farming systems on soil moisture contents, runoff and associated water quality dynamics",The North Wyke Farm Platform is a UK National Bioscience Research Infrastructure (NBRI) supported by the Biotechnology and Biological Sciences Research Council (BBS/E/RH/23NB0008).,,,,,"Sheep, ewe - United Kingdom - 2020-12-31",economic,"Sheep, ewe",number,True,True,False,True,False,True,False,True,True,False,True,True,True,True,True,True,False,False,False
pqjw-ar3dfyw,Field trial,"Permanent pasture - Itabela (Município), Bahia, Brazil - Field trial",permanent pasture,"Brazil - Itabela (Município), Bahia, Brazil",zdsl1td36joa,T2,non-verified survey data,relative,_hx1rkzual0i,10.21475/ajcs.23.17.04.p3824,"The influence of tropical pasture improvement on animal performance, nitrogen cycling, and greenhouse gas emissions in the Brazilian Atlantic Forest",What about the fertilising data re pasture do we want this or not?,,,,,"Beef cattle, heifer - Brazil - 2017-11",economic,"Beef cattle, heifer",number,True,True,True,True,True,True,True,True,False,False,False,True,False,True,True,True,False,False,False
vdg5bgnd3hl2,Red farming system,"Permanent pasture - Rothamsted Research - West Devon, United Kingdom - Red farming system",permanent pasture,United Kingdom - West Devon,ky_kuf7n9vbf,Red-2014,non-verified survey data,relative,lfvrcxbnt18h,10.1111/ejss.12350,"The North Wyke Farm Platform: effect of temperate grassland farming systems on soil moisture contents, runoff and associated water quality dynamics",The North Wyke Farm Platform is a UK National Bioscience Research Infrastructure (NBRI) supported by the Biotechnology and Biological Sciences Research Council (BBS/E/RH/23NB0008).,,,,,"Sheep, lamb (weaned) - United Kingdom - 2015-01-01",economic,"Sheep, lamb (weaned)",number,True,True,False,True,False,True,False,True,True,False,True,True,True,True,True,True,False,False,False
kl_38racus8z,South of Brazil,Agri-food processor - Brazil - South of Brazil,agri-food processor,Brazil,obncltctbtld,Brazil - animal to meat slaughter cycle,consistent external sources,relative,d5kbxxbrujd0,10.1016/j.jenvman.2013.12.011,Environmental impacts of French and Brazilian broiler chicken production scenarios: An LCA approach,,,,,,"Meat, chicken (cold carcass weight) - Brazil - 2011",economic,"Meat, chicken (cold carcass weight)",kg cold carcass weight,True,True,True,False,True,True,True,True,True,False,False,True,True,True,True,True,True,False,True
gkzvh5qiabmk,Blue farming system,"Permanent pasture - Rothamsted Research - West Devon, United Kingdom - Blue farming system",permanent pasture,United Kingdom - West Devon,x_4reiabz9jh,Blue-2019,non-verified survey data,relative,lfvrcxbnt18h,10.1111/ejss.12350,"The North Wyke Farm Platform: effect of temperate grassland farming systems on soil moisture contents, runoff and associated water quality dynamics",The North Wyke Farm Platform is a UK National Bioscience Research Infrastructure (NBRI) supported by the Biotechnology and Biological Sciences Research Council (BBS/E/RH/23NB0008).,,,,,"Sheep, ewe - United Kingdom - 2020-01-01",economic,"Sheep, ewe",number,True,True,False,True,False,True,False,True,True,False,True,True,True,True,True,True,False,False,False
,,,,,iuk1isejwn5p,derived from Dias2025,physical measurement,relative,pjtzt3qtzjqp,10.1016/j.spc.2024.12.023,Environmental assessment of oyster farming from a life cycle perspective,,,,,,"Shell, oyster - Bangladesh - 2022",mass,"Shell, oyster",kg,True,True,True,True,True,True,True,True,True,True,True,True,True,True,True,True,True,True,True
lmhtql6-_4-h,,"Animal housing - G/LM-Ho - Normandie, France",animal housing,France - Normandie,wiociakt_wnb,"Grass and low proportion maize silage in forage area, Holstein breed. Annual milk production cycle, including all grazing and animal housing components.",consistent external sources,relative,pusvmnivm1zy,10.1016/j.jenvman.2013.01.028,"Effect of dairy production system, breed and co-product handling methods on environmental impacts at farm level","Linseed cultivation taken by authors from Nguyen (2012), original data from France. Linseed processing from Bacenetti (2017), selected by us as a proxy. Authors have used daSilva for soybean cultivation data and dalgaard for soybean processing. Given these data are just proxies, we decided to omit them and just specify that the soybean meal is from Brazil.",,,,,"Dairy cattle, cow - France - 2011",economic,"Dairy cattle, cow",number,True,True,True,True,False,True,True,True,True,False,False,True,True,True,True,True,False,True,False
vdg5bgnd3hl2,Red farming system,"Permanent pasture - Rothamsted Research - West Devon, United Kingdom - Red farming system",permanent pasture,United Kingdom - West Devon,ky_kuf7n9vbf,Red-2014,non-verified survey data,relative,lfvrcxbnt18h,10.1111/ejss.12350,"The North Wyke Farm Platform: effect of temperate grassland farming systems on soil moisture contents, runoff and associated water quality dynamics",The North Wyke Farm Platform is a UK National Bioscience Research Infrastructure (NBRI) supported by the Biotechnology and Biological Sciences Research Council (BBS/E/RH/23NB0008).,,,,,"Sheep, ewe - United Kingdom - 2015-01-01",economic,"Sheep, ewe",number,True,True,False,True,False,True,False,True,True,False,True,True,True,True,True,True,False,False,False
zj3-6avlvzbp,,Animal housing - Czech Republic,animal housing,Czech Republic,cia4pxhwix98,Battery production system for egg production from laying hens,consistent external sources,relative,s1krqknyo6_b,10.3390/agriculture12030355,Environmental Impacts of Egg Production from a Life Cycle Perspective,Assumes endDate is 2 years before publication,,,,,"Eggs, hen, in shell (number) - Czech Republic - 2020",none,"Eggs, hen, in shell (number)",number,True,True,True,True,False,True,True,True,True,False,False,True,False,False,True,True,False,False,True
ebv-ot-5imav,,Animal housing - Canada,animal housing,Canada,v2rvaszap4jl,"Certified organic production systems may also be either single- or multi-tier systems (where hens live either directly on the floor or within an aviary structure, with access to perches, nest and scratch areas, and other enrichments) that adhere to additional requirements for production (for example exposure to natural light) set by the Canadian General Standards Board (CGSB)",non-verified survey data,relative,suyept760iy4,10.1016/j.resconrec.2021.105907,Life cycle assessment of contemporary Canadian egg production systems during the transition from conventional cage to alternative housing systems: Update and analysis of trends and conditions,,,,,,"Meat, chicken (liveweight) - Canada - 2019",economic,"Meat, chicken (liveweight)",kg liveweight,True,True,True,True,True,True,True,True,True,False,False,True,False,True,True,True,False,False,True
_qin--btj2ph,,"Permanent pasture - Waikato (Region), New Zealand",permanent pasture,"New Zealand - Waikato (Region), New Zealand",yg7uysdjmyod,milk production cycle (average across 53 farms),non-verified survey data,1 ha,e7cggytqz4gv,10.1007/s11367-016-1033-9,"Appraisal of environmental profiles of pasture-based milk production: a case study of dairy farms in the Waikato region, New Zealand",,,,,,"Milk, cow, raw (FPCM) - New Zealand - 2011",economic,"Milk, cow, raw (FPCM)",kg FPCM,True,True,True,False,False,True,True,True,True,False,False,True,False,True,True,True,False,False,False
vdg5bgnd3hl2,Red farming system,"Permanent pasture - Rothamsted Research - West Devon, United Kingdom - Red farming system",permanent pasture,United Kingdom - West Devon,ahqkf7piyoxv,Red-2012,non-verified survey data,relative,lfvrcxbnt18h,10.1111/ejss.12350,"The North Wyke Farm Platform: effect of temperate grassland farming systems on soil moisture contents, runoff and associated water quality dynamics",The North Wyke Farm Platform is a UK National Bioscience Research Infrastructure (NBRI) supported by the Biotechnology and Biological Sciences Research Council (BBS/E/RH/23NB0008).,,,,,"Beef cattle, steer - United Kingdom - 2013-01-01",economic,"Beef cattle, steer",number,True,True,False,True,False,True,False,True,True,False,True,True,True,True,True,True,False,False,False
npzxvjpprm1d,,Animal housing - Denmark,animal housing,Denmark,pwlu1c_ojozp,Sow Denmark Organic,consistent external sources,relative,w3hq1dphy7wy,,Carbon footprints of conventional and organic pork,"They have included information from lots of different sources, for this reason I have not inlcuded the information regarding crop production (only feed composition) because some of these products we already have the sources.",,,,,"Pig, piglet - Denmark - 2007",economic,"Pig, piglet",number,True,True,True,False,False,True,True,True,True,False,False,False,False,True,True,True,False,False,False
vuuzgywzxdtv,,"Permanent pasture - Albarracín, Spain",permanent pasture,Spain - Albarracín,mcjdqj3gdld9,Annual cycle of sedentary lamb farm in Albarracin (no transhumance),non-verified survey data,relative,av57dkzgzdv6,10.1007/s11367-023-02135-3,Carbon footprint of transhumant sheep farms: accounting for natural baseline emissions in Mediterranean systems,"Cycles SED2, THT4 and THF4 have much lower DMI values per animal than the other cycles with no clear reason why; they may be errors.",,,,,"Sheep, lamb - Spain - 2009",economic,"Sheep, lamb",number,True,False,True,True,False,True,True,True,False,False,False,True,True,True,True,True,False,False,False
5nsg9g6a0yly,A typical lowland system in the UK,Permanent pasture - United Kingdom - A typical lowland system in th...,permanent pasture,United Kingdom,wvbofbwrmmqj,"a representation of an average (typical lowland) system, based on 11 ewes and 1 ram per ha, yield 16 lambs per year",consistent external sources,1 ha,u5chsa8hb0xd,10.13140/RG.2.2.19874.89280,Environmental footprint and sustainability of horticulture (including potatoes)–A comparison with other agricultural sectors,"The study is very unclear about what is actually happening in the Lincolnshire farm (page 59 onwards). Given the site area is different and the years of harvest do not match with the given rotation order, we assumed the crops are not actually in a rotation.",,,,,"Wool, sheep (greasy) - United Kingdom - 2006",economic,"Wool, sheep (greasy)",kg,True,True,False,True,True,True,True,True,True,False,True,True,True,True,True,True,True,True,True
vdg5bgnd3hl2,Red farming system,"Permanent pasture - Rothamsted Research - West Devon, United Kingdom - Red farming system",permanent pasture,United Kingdom - West Devon,ky_kuf7n9vbf,Red-2014,non-verified survey data,relative,lfvrcxbnt18h,10.1111/ejss.12350,"The North Wyke Farm Platform: effect of temperate grassland farming systems on soil moisture contents, runoff and associated water quality dynamics",The North Wyke Farm Platform is a UK National Bioscience Research Infrastructure (NBRI) supported by the Biotechnology and Biological Sciences Research Council (BBS/E/RH/23NB0008).,,,,,"Sheep, lamb - United Kingdom - 2015-01-01",economic,"Sheep, lamb",number,True,True,False,True,False,True,False,True,True,False,True,True,True,True,True,True,False,False,False
f6zhjedbycsb,,"Animal housing - La Praviana - Principado de Asturias, Spain",animal housing,Spain - Principado de Asturias,ccuw4ye-7rgg,"Cows housed in a stall and fed with fodder concentrate, alfalfa, hay, maize silage and meadow grass silage. When the weather was warm, they were allowed to graze freely on grass fields for 4 hours a day.",non-verified survey data,relative,4kzcp4zzxe6a,,ENVIRONMENTAL PERFORMANCE OF SEMI-CONFINEMENT AND PASTURE-BASED SYSTEMS FOR DAIRY COWS,The number of animals was taken at one point during the year. It is assumed this is reflective of the average number of animals on the farm during the year.,,,,,"Meat, dairy cattle (liveweight) - Spain - 2018",economic,"Meat, dairy cattle (liveweight)",kg liveweight,False,True,True,True,True,True,False,True,True,False,False,True,False,True,True,True,False,False,True
iyu8ja4zqowi,,Agri-food processor - Australia,agri-food processor,Australia,k6gakcblxu9f,This cycle represent data for meat processing in South Australia,modelled,relative,7kppxn2pfyux,10.1016/j.jclepro.2016.06.086,Resource use and environmental impacts from Australian chicken meat production,,,,,,"Meat, chicken (cold carcass weight) - Australia - 2010",economic,"Meat, chicken (cold carcass weight)",kg cold carcass weight,True,True,True,True,True,True,True,True,True,False,False,True,True,True,True,True,False,False,True
gkzvh5qiabmk,Blue farming system,"Permanent pasture - Rothamsted Research - West Devon, United Kingdom - Blue farming system",permanent pasture,United Kingdom - West Devon,tbwsugf32k4l,Blue-2016,non-verified survey data,relative,lfvrcxbnt18h,10.1111/ejss.12350,"The North Wyke Farm Platform: effect of temperate grassland farming systems on soil moisture contents, runoff and associated water quality dynamics",The North Wyke Farm Platform is a UK National Bioscience Research Infrastructure (NBRI) supported by the Biotechnology and Biological Sciences Research Council (BBS/E/RH/23NB0008).,,,,,"Sheep, ewe - United Kingdom - 2016-12-31",economic,"Sheep, ewe",number,True,True,False,True,False,True,False,True,True,False,True,True,True,True,True,True,False,False,False
x1icgv7ippzz,,Animal housing - United Kingdom,animal housing,United Kingdom,u4evrl12d_le,"Cycle represents all inputs associated with the rearing of all chicks, pullets and layer hens in order to produce 1000kg of eggs in organic free range systems.",modelled,relative,fwy8ntyofqew,10.3382/ps.2011-01635,Predicting the environmental impacts of chicken systems in the united kingdom through a life cycle assessment: Egg production systems,Assuming Eutrophication potential is calculated with CML2001 Baseline method (although this is not clearly specified in the study).,,,,,"Eggs, hen, in shell - United Kingdom - 2010",economic,"Eggs, hen, in shell",kg,True,True,True,True,False,True,True,True,True,False,False,True,False,True,True,True,False,False,True
tqlvbovta1yv,,"Animal housing - Schleswig-Holstein, Germany",animal housing,Germany - Schleswig-Holstein,thdqj_uiffkd,Sow and piglet,non-verified survey data,relative,wolkfaakxkn0,,Schweinereport 2022,A series of pig reports.,,,,,"Pig, sow - Germany - 2022",economic,"Pig, sow",number,True,True,True,False,False,True,True,True,True,False,False,True,False,True,True,True,False,False,False
spnubbolkokv,Green farming system,"Permanent pasture - Rothamsted Research - West Devon, United Kingdom - Green farming system",permanent pasture,United Kingdom - West Devon,okex4zxuxtx8,Green-2021,non-verified survey data,relative,lfvrcxbnt18h,10.1111/ejss.12350,"The North Wyke Farm Platform: effect of temperate grassland farming systems on soil moisture contents, runoff and associated water quality dynamics",The North Wyke Farm Platform is a UK National Bioscience Research Infrastructure (NBRI) supported by the Biotechnology and Biological Sciences Research Council (BBS/E/RH/23NB0008).,,,,,"Sheep, lamb (weaned) - United Kingdom - 2022-01-01",economic,"Sheep, lamb (weaned)",number,True,True,False,True,False,True,False,True,True,False,True,True,True,True,True,True,False,False,False
x5nbwo8uiqhi,,"Animal housing - Schleswig-Holstein, Germany",animal housing,Germany - Schleswig-Holstein,sb_diqztyzoo,Sow and piglet,non-verified survey data,relative,oeppvtifky_-,,Schweinereport 2011,A series of pig reports.,,,,,"Pig, sow - Germany - 2011",economic,"Pig, sow",number,True,True,True,False,False,True,True,True,True,False,False,True,False,True,True,True,False,False,False
fcfjpncdeg7z,,Agri-food processor - Australia,agri-food processor,Australia,c7gj8rszxxpy,,verified survey data,relative,_mtpo6ilytlr,,Environmental Assessment of Two Pork Supply Chains Using Life Cycle Assessment,,,,,,"Offal, pigs - Australia - 2008",economic,"Offal, pigs",kg,True,True,True,True,True,True,True,True,True,False,False,True,True,True,True,True,False,False,True
spnubbolkokv,Green farming system,"Permanent pasture - Rothamsted Research - West Devon, United Kingdom - Green farming system",permanent pasture,United Kingdom - West Devon,okex4zxuxtx8,Green-2021,non-verified survey data,relative,lfvrcxbnt18h,10.1111/ejss.12350,"The North Wyke Farm Platform: effect of temperate grassland farming systems on soil moisture contents, runoff and associated water quality dynamics",The North Wyke Farm Platform is a UK National Bioscience Research Infrastructure (NBRI) supported by the Biotechnology and Biological Sciences Research Council (BBS/E/RH/23NB0008).,,,,,"Sheep, lamb - United Kingdom - 2022-01-01",economic,"Sheep, lamb",number,True,True,False,True,False,True,False,True,True,False,True,True,True,True,True,True,False,False,False
spnubbolkokv,Green farming system,"Permanent pasture - Rothamsted Research - West Devon, United Kingdom - Green farming system",permanent pasture,United Kingdom - West Devon,xabfy9qyfjme,Green-2018,non-verified survey data,relative,lfvrcxbnt18h,10.1111/ejss.12350,"The North Wyke Farm Platform: effect of temperate grassland farming systems on soil moisture contents, runoff and associated water quality dynamics",The North Wyke Farm Platform is a UK National Bioscience Research Infrastructure (NBRI) supported by the Biotechnology and Biological Sciences Research Council (BBS/E/RH/23NB0008).,,,,,"Sheep, ewe - United Kingdom - 2019-01-01",economic,"Sheep, ewe",number,True,True,False,True,False,True,False,True,True,False,True,True,True,True,True,True,False,False,False
yd6dxlkx5ocz,,Animal housing - Mixed_farm - Poland,animal housing,Poland,tl391bvonfve,,non-verified survey data,relative,ratfvc5sc2zo,10.35808/ersj/2002,Eco-efficiency of milk production in Poland using the life cycle assessment methodologies,,,,,,"Milk, cow, raw (FPCM) - Poland - 2018",energy,"Milk, cow, raw (FPCM)",kg FPCM,True,True,True,True,False,True,True,True,True,True,False,True,False,True,True,True,False,False,True
spnubbolkokv,Green farming system,"Permanent pasture - Rothamsted Research - West Devon, United Kingdom - Green farming system",permanent pasture,United Kingdom - West Devon,csz4s_jq7j9p,Green-2015,non-verified survey data,relative,lfvrcxbnt18h,10.1111/ejss.12350,"The North Wyke Farm Platform: effect of temperate grassland farming systems on soil moisture contents, runoff and associated water quality dynamics",The North Wyke Farm Platform is a UK National Bioscience Research Infrastructure (NBRI) supported by the Biotechnology and Biological Sciences Research Council (BBS/E/RH/23NB0008).,,,,,"Beef cattle, calf (male, weaned) - United Kingdom - 2016-01-01",economic,"Beef cattle, calf (male, weaned)",number,True,True,False,True,False,True,False,True,True,False,True,True,True,True,True,True,False,False,False
gkzvh5qiabmk,Blue farming system,"Permanent pasture - Rothamsted Research - West Devon, United Kingdom - Blue farming system",permanent pasture,United Kingdom - West Devon,s0c-4lhytwh3,Blue-2022,non-verified survey data,relative,lfvrcxbnt18h,10.1111/ejss.12350,"The North Wyke Farm Platform: effect of temperate grassland farming systems on soil moisture contents, runoff and associated water quality dynamics",The North Wyke Farm Platform is a UK National Bioscience Research Infrastructure (NBRI) supported by the Biotechnology and Biological Sciences Research Council (BBS/E/RH/23NB0008).,,,,,"Sheep, lamb (weaned) - United Kingdom - 2023-01-01",economic,"Sheep, lamb (weaned)",number,True,True,False,True,False,True,False,True,True,False,True,True,True,True,True,True,False,False,False
ro425ygq0vik,,"Animal housing - Schleswig-Holstein, Germany",animal housing,Germany - Schleswig-Holstein,3h9cq7aobveu,Sow and piglet,non-verified survey data,relative,mpbgp_yroeih,,Schweinereport 2019,A series of pig reports.,,,,,"Pig, sow - Germany - 2019",economic,"Pig, sow",number,True,True,True,False,False,True,True,True,True,False,False,True,False,True,True,True,False,False,False
0ajwbol0bvvu,,"Permanent pasture - Standard Cow-Calf Production System - Charolles (Sous-préfecture), Charolles, Charolles, Saône-et-Loire, Bourgogne-Franche-Comté, France",permanent pasture,"France - Charolles (Sous-préfecture), Charolles, Charolles, Saône-et-Loire, Bourgogne-Franche-Comté, France",s1ce37pmvm22,"Annual cycle of the standard cow-calf production system in the Charolais basin. This consists of four components: 1) Reproduction, output of which = weaned male calves, weaned female calves not used for replacement, cull cows and a breeding bull. 2) Rearing female calves from weaning (9 months) to finishing at 33 months. 3) Finishing of cull cows, i.e. fattened before sending to the slaughterhouse. 4) Pre-fattening of male calves for 2 months after weaning (before being sent to a separate finishing farm). Both St and O3 are classified as extensive systems with 7.5 months grazing from April to November. The grazed area consists of 88% permanent versus 12% temporary grassland - this has been used to calculate the relative time spent on permanent versus temporary grassland during those 7.5 months of grazing.",modelled,relative,2uaxgmjzmtai,10.1016/j.livsci.2012.02.010,Effects of type of ration and allocation methods on the environmental impacts of beef-production systems,"Authors have used daSilva for soybean cultivation data and dalgaard for soybean processing. Given these data are just proxies, we decided to omit them and just specify that the soybean meal is from Brazil.",,,,,"Beef cattle, calf (male, weaned) - France - 2010",economic,"Beef cattle, calf (male, weaned)",number,True,True,True,True,False,True,True,True,True,False,False,True,False,True,True,True,False,False,False
spnubbolkokv,Green farming system,"Permanent pasture - Rothamsted Research - West Devon, United Kingdom - Green farming system",permanent pasture,United Kingdom - West Devon,xabfy9qyfjme,Green-2018,non-verified survey data,relative,lfvrcxbnt18h,10.1111/ejss.12350,"The North Wyke Farm Platform: effect of temperate grassland farming systems on soil moisture contents, runoff and associated water quality dynamics",The North Wyke Farm Platform is a UK National Bioscience Research Infrastructure (NBRI) supported by the Biotechnology and Biological Sciences Research Council (BBS/E/RH/23NB0008).,,,,,"Sheep, ram - United Kingdom - 2019-01-01",economic,"Sheep, ram",number,True,True,False,True,False,True,False,True,True,False,True,True,True,True,True,True,False,False,False
avd-f4a66zr7,,Animal housing - United Kingdom,animal housing,United Kingdom,jgavivhk3lhz,"Cycle represents all inputs associated with the rearing of all chicks, pullets and layer hens in order to produce 1000kg of eggs in non-organic free range systems.",modelled,relative,fwy8ntyofqew,10.3382/ps.2011-01635,Predicting the environmental impacts of chicken systems in the united kingdom through a life cycle assessment: Egg production systems,Assuming Eutrophication potential is calculated with CML2001 Baseline method (although this is not clearly specified in the study).,,,,,"Eggs, hen, in shell - United Kingdom - 2010",economic,"Eggs, hen, in shell",kg,True,True,True,True,False,True,True,True,True,False,False,True,False,True,True,True,False,False,True
gkzvh5qiabmk,Blue farming system,"Permanent pasture - Rothamsted Research - West Devon, United Kingdom - Blue farming system",permanent pasture,United Kingdom - West Devon,6yexlxkydtf3,Blue-2014,non-verified survey data,relative,lfvrcxbnt18h,10.1111/ejss.12350,"The North Wyke Farm Platform: effect of temperate grassland farming systems on soil moisture contents, runoff and associated water quality dynamics",The North Wyke Farm Platform is a UK National Bioscience Research Infrastructure (NBRI) supported by the Biotechnology and Biological Sciences Research Council (BBS/E/RH/23NB0008).,,,,,"Beef cattle, calf (female, weaned) - United Kingdom - 2015-01-01",economic,"Beef cattle, calf (female, weaned)",number,True,True,False,True,False,True,False,True,True,False,True,True,True,True,True,True,False,False,False
spnubbolkokv,Green farming system,"Permanent pasture - Rothamsted Research - West Devon, United Kingdom - Green farming system",permanent pasture,United Kingdom - West Devon,qcf3-xhswwq6,Green-2019,non-verified survey data,relative,lfvrcxbnt18h,10.1111/ejss.12350,"The North Wyke Farm Platform: effect of temperate grassland farming systems on soil moisture contents, runoff and associated water quality dynamics",The North Wyke Farm Platform is a UK National Bioscience Research Infrastructure (NBRI) supported by the Biotechnology and Biological Sciences Research Council (BBS/E/RH/23NB0008).,,,,,"Sheep, ram - United Kingdom - 2020-01-01",economic,"Sheep, ram",number,True,True,False,True,False,True,False,True,True,False,True,True,True,True,True,True,False,False,False
wswqdtjlbesy,,Permanent pasture - United Kingdom,permanent pasture,United Kingdom,8ge7rsdyrxvm,Average annual production cycle of 21 hill sheep farms across England and Wales.,non-verified survey data,relative,mroy2usjfur5,10.1016/j.agsy.2013.09.006,The carbon footprint of lamb: Sources of variation and opportunities for mitigation,The split between pasture and housing (and thus the 2 different excreta mangement practices) in each of the three systems is based on assumption.,,,,,"Sheep, ewe - United Kingdom - 2011",economic,"Sheep, ewe",number,True,True,False,False,False,True,False,True,True,False,False,False,False,True,True,False,False,False,False
vdg5bgnd3hl2,Red farming system,"Permanent pasture - Rothamsted Research - West Devon, United Kingdom - Red farming system",permanent pasture,United Kingdom - West Devon,ahqkf7piyoxv,Red-2012,non-verified survey data,relative,lfvrcxbnt18h,10.1111/ejss.12350,"The North Wyke Farm Platform: effect of temperate grassland farming systems on soil moisture contents, runoff and associated water quality dynamics",The North Wyke Farm Platform is a UK National Bioscience Research Infrastructure (NBRI) supported by the Biotechnology and Biological Sciences Research Council (BBS/E/RH/23NB0008).,,,,,"Beef cattle, heifer - United Kingdom - 2013-01-01",economic,"Beef cattle, heifer",number,True,True,False,True,False,True,False,True,True,False,True,True,True,True,True,True,False,False,False
spnubbolkokv,Green farming system,"Permanent pasture - Rothamsted Research - West Devon, United Kingdom - Green farming system",permanent pasture,United Kingdom - West Devon,h_enyug5e8fz,Green-2013,non-verified survey data,relative,lfvrcxbnt18h,10.1111/ejss.12350,"The North Wyke Farm Platform: effect of temperate grassland farming systems on soil moisture contents, runoff and associated water quality dynamics",The North Wyke Farm Platform is a UK National Bioscience Research Infrastructure (NBRI) supported by the Biotechnology and Biological Sciences Research Council (BBS/E/RH/23NB0008).,,,,,"Beef cattle, heifer - United Kingdom - 2014-01-01",economic,"Beef cattle, heifer",number,True,True,False,True,False,True,False,True,True,False,True,True,True,True,True,True,False,False,False
xjqjlhniejkw,Site is a combination of both the summer (mountain) and winter (dehesa) grazing sites. Area is cumulative of these sites and the altitude and temperature are assumed to be averaged across them.,Permanent pasture - Spain - Site is a combination of both ...,permanent pasture,Spain,6rrjtlrsa03s,Annual cycle of transhumant lamb farm in Albarracin (transhumance of herd to summer farm carried out by truck),non-verified survey data,relative,av57dkzgzdv6,10.1007/s11367-023-02135-3,Carbon footprint of transhumant sheep farms: accounting for natural baseline emissions in Mediterranean systems,"Cycles SED2, THT4 and THF4 have much lower DMI values per animal than the other cycles with no clear reason why; they may be errors.",,,,,"Sheep, ewe - Spain - 2009",economic,"Sheep, ewe",number,True,False,True,True,False,True,True,True,False,False,False,True,True,True,True,True,False,False,False
bhcobp9ypbxd,,"Animal housing - Guaduas, Colombia",animal housing,Colombia - Guaduas,6irhlcdnijtk,Organic egg production cycle,non-verified survey data,relative,cfp6wacgorql,10.15359/rca.54-2.9,Evaluation of Environmental Impacts in the Agroecological Egg Production Chain Using a Life Cycle Assessment Approach,No dates for production provided - assumed cycle endDate is 2 years before publication. Some feed not included in the amounts. REQUIRES UPDATING ONCE DECISION ON PACKAGING HAS BEEN MADE.,,,,,"Eggs, hen, in shell - Colombia - 2018",economic,"Eggs, hen, in shell",kg,True,True,True,False,True,True,True,True,True,False,False,True,True,True,True,True,False,False,True
ltsqxhlyohuz,Conventional,Animal housing - Netherlands - Conventional,animal housing,Netherlands,5jossxenn-bj,Broiler production - Conventional,consistent external sources,relative,85c1kzvtdwd-,10.1080/00071660903140999,"Economic, ecological, and social performance of conventional and organic broiler production in the Netherlands",,,,,,Broiler chicken - Netherlands - 2003,economic,Broiler chicken,number,True,True,True,True,True,True,True,True,True,False,False,True,False,True,True,True,False,False,True
btryccvelghk,,"Animal housing - Bergamo (Provincia), Lombardia, Italy",animal housing,"Italy - Bergamo (Provincia), Lombardia, Italy",grmtj6z4smf7,"Cycle for farm producing milk and meat, with an AD on-site",non-verified survey data,relative,flspquqcccfk,10.1016/j.scitotenv.2017.07.271,The carbon footprint of integrated milk production and renewable energy systems – A case study,,,,,,"Milk, cow, raw - Italy - 2015",biophysical,"Milk, cow, raw",kg,True,True,True,True,True,True,False,True,True,False,False,True,False,True,True,True,True,False,False
els7zydjxcyq,,Animal housing - Denmark,animal housing,Denmark,upme4sttxx_c,Organic dairy,non-verified survey data,relative,5g13r1d87r8v,10.1016/j.livsci.2011.03.002,Effect of production system and farming strategy on greenhouse gas emissions from commercial dairy farms in a life cycle approach,,,,,,"Milk, cow, raw (FPCM) - Denmark - 2003",economic,"Milk, cow, raw (FPCM)",kg FPCM,True,True,True,False,False,True,True,True,True,False,False,True,True,True,True,True,False,False,False
gkzvh5qiabmk,Blue farming system,"Permanent pasture - Rothamsted Research - West Devon, United Kingdom - Blue farming system",permanent pasture,United Kingdom - West Devon,tbwsugf32k4l,Blue-2016,non-verified survey data,relative,lfvrcxbnt18h,10.1111/ejss.12350,"The North Wyke Farm Platform: effect of temperate grassland farming systems on soil moisture contents, runoff and associated water quality dynamics",The North Wyke Farm Platform is a UK National Bioscience Research Infrastructure (NBRI) supported by the Biotechnology and Biological Sciences Research Council (BBS/E/RH/23NB0008).,,,,,"Sheep, ewe - United Kingdom - 2016-12-31",economic,"Sheep, ewe",number,True,True,False,True,False,True,False,True,True,False,True,True,True,True,True,True,False,False,False
g_eru1fstinf,,"Animal housing - Schleswig-Holstein, Germany",animal housing,Germany - Schleswig-Holstein,cyhghifjzq4x,Fattening,non-verified survey data,relative,4-jkm6jpxppo,,Schweinereport 2014,A series of pig reports.,,,,,Pig - Germany - 2014,none required,Pig,number,True,True,True,False,False,True,True,True,True,False,False,True,False,True,True,True,False,False,False
spnubbolkokv,Green farming system,"Permanent pasture - Rothamsted Research - West Devon, United Kingdom - Green farming system",permanent pasture,United Kingdom - West Devon,xizuvz66doyb,Green-2020,non-verified survey data,relative,lfvrcxbnt18h,10.1111/ejss.12350,"The North Wyke Farm Platform: effect of temperate grassland farming systems on soil moisture contents, runoff and associated water quality dynamics",The North Wyke Farm Platform is a UK National Bioscience Research Infrastructure (NBRI) supported by the Biotechnology and Biological Sciences Research Council (BBS/E/RH/23NB0008).,,,,,"Sheep, lamb (weaned) - United Kingdom - 2020-12-31",economic,"Sheep, lamb (weaned)",number,True,True,False,True,False,True,False,True,True,False,True,True,True,True,True,True,False,False,False
9-loprmmivnu,They do not provide much information on site.,Animal housing - Denmark - They do not provide much infor...,animal housing,Denmark,dlu7l7lkeedf,Piglet herds-2007,non-verified survey data,relative,wcfuerr47b3k,,LANDSGENNEMSNIT FOR PRODUKTIVITET SVINEPRODUKTIONEN 2016,,,,,,Pig - Denmark - 2007,none required,Pig,number,True,True,True,False,False,True,True,True,True,False,False,True,False,True,True,True,False,False,False
iiyr4vkmdeyu,,"Animal housing - La Baraya - Principado de Asturias, Spain",animal housing,Spain - Principado de Asturias,sjnlmu67ulai,Pasture-based milk cycle,non-verified survey data,relative,4kzcp4zzxe6a,,ENVIRONMENTAL PERFORMANCE OF SEMI-CONFINEMENT AND PASTURE-BASED SYSTEMS FOR DAIRY COWS,The number of animals was taken at one point during the year. It is assumed this is reflective of the average number of animals on the farm during the year.,,,,,"Meat, dairy cattle (liveweight) - Spain - 2018",economic,"Meat, dairy cattle (liveweight)",kg liveweight,False,True,True,True,True,True,False,True,True,False,False,True,False,True,True,True,False,False,True
ndcftdeq0dop,,"Permanent pasture - Victoria (State), Australia",permanent pasture,"Australia - Victoria (State), Australia",qa3lpbqqzkdu,Lamb production cycle for a regional average farm in Victoria,modelled,relative,c3c-fbwxy2mp,10.1071/AN14647,Resource use and environmental impacts from Australian export lamb production: A life cycle assessment,,,,,,"Sheep, ewe - Australia - 2010",economic,"Sheep, ewe",number,True,True,True,True,False,True,False,True,False,False,False,True,True,True,True,True,False,False,True
gkzvh5qiabmk,Blue farming system,"Permanent pasture - Rothamsted Research - West Devon, United Kingdom - Blue farming system",permanent pasture,United Kingdom - West Devon,q9tv7n_pmiff,Blue-2018,non-verified survey data,relative,lfvrcxbnt18h,10.1111/ejss.12350,"The North Wyke Farm Platform: effect of temperate grassland farming systems on soil moisture contents, runoff and associated water quality dynamics",The North Wyke Farm Platform is a UK National Bioscience Research Infrastructure (NBRI) supported by the Biotechnology and Biological Sciences Research Council (BBS/E/RH/23NB0008).,,,,,"Sheep, lamb (weaned) - United Kingdom - 2019-01-01",economic,"Sheep, lamb (weaned)",number,True,True,False,True,False,True,False,True,True,False,True,True,True,True,True,True,False,False,False
spnubbolkokv,Green farming system,"Permanent pasture - Rothamsted Research - West Devon, United Kingdom - Green farming system",permanent pasture,United Kingdom - West Devon,44htfoh2ku3e,Green-2017,non-verified survey data,relative,lfvrcxbnt18h,10.1111/ejss.12350,"The North Wyke Farm Platform: effect of temperate grassland farming systems on soil moisture contents, runoff and associated water quality dynamics",The North Wyke Farm Platform is a UK National Bioscience Research Infrastructure (NBRI) supported by the Biotechnology and Biological Sciences Research Council (BBS/E/RH/23NB0008).,,,,,"Beef cattle, steer - United Kingdom - 2018-01-01",economic,"Beef cattle, steer",number,True,True,False,True,False,True,False,True,True,False,True,True,True,True,True,True,False,False,False
vdg5bgnd3hl2,Red farming system,"Permanent pasture - Rothamsted Research - West Devon, United Kingdom - Red farming system",permanent pasture,United Kingdom - West Devon,ahqkf7piyoxv,Red-2012,non-verified survey data,relative,lfvrcxbnt18h,10.1111/ejss.12350,"The North Wyke Farm Platform: effect of temperate grassland farming systems on soil moisture contents, runoff and associated water quality dynamics",The North Wyke Farm Platform is a UK National Bioscience Research Infrastructure (NBRI) supported by the Biotechnology and Biological Sciences Research Council (BBS/E/RH/23NB0008).,,,,,"Sheep, ewe - United Kingdom - 2013-01-01",economic,"Sheep, ewe",number,True,True,False,True,False,True,False,True,True,False,True,True,True,True,True,True,False,False,False
gkzvh5qiabmk,Blue farming system,"Permanent pasture - Rothamsted Research - West Devon, United Kingdom - Blue farming system",permanent pasture,United Kingdom - West Devon,6yexlxkydtf3,Blue-2014,non-verified survey data,relative,lfvrcxbnt18h,10.1111/ejss.12350,"The North Wyke Farm Platform: effect of temperate grassland farming systems on soil moisture contents, runoff and associated water quality dynamics",The North Wyke Farm Platform is a UK National Bioscience Research Infrastructure (NBRI) supported by the Biotechnology and Biological Sciences Research Council (BBS/E/RH/23NB0008).,,,,,"Sheep, ewe - United Kingdom - 2015-01-01",economic,"Sheep, ewe",number,True,True,False,True,False,True,False,True,True,False,True,True,True,True,True,True,False,False,False
gkzvh5qiabmk,Blue farming system,"Permanent pasture - Rothamsted Research - West Devon, United Kingdom - Blue farming system",permanent pasture,United Kingdom - West Devon,ndeqoezm5dlt,Blue-2013,non-verified survey data,relative,lfvrcxbnt18h,10.1111/ejss.12350,"The North Wyke Farm Platform: effect of temperate grassland farming systems on soil moisture contents, runoff and associated water quality dynamics",The North Wyke Farm Platform is a UK National Bioscience Research Infrastructure (NBRI) supported by the Biotechnology and Biological Sciences Research Council (BBS/E/RH/23NB0008).,,,,,"Sheep, lamb (weaned) - United Kingdom - 2014-01-01",economic,"Sheep, lamb (weaned)",number,True,True,False,True,False,True,False,True,True,False,True,True,True,True,True,True,False,False,False
vdg5bgnd3hl2,Red farming system,"Permanent pasture - Rothamsted Research - West Devon, United Kingdom - Red farming system",permanent pasture,United Kingdom - West Devon,93xkm7xeljf7,Red-2019,non-verified survey data,relative,lfvrcxbnt18h,10.1111/ejss.12350,"The North Wyke Farm Platform: effect of temperate grassland farming systems on soil moisture contents, runoff and associated water quality dynamics",The North Wyke Farm Platform is a UK National Bioscience Research Infrastructure (NBRI) supported by the Biotechnology and Biological Sciences Research Council (BBS/E/RH/23NB0008).,,,,,"Sheep, lamb (weaned) - United Kingdom - 2020-01-01",economic,"Sheep, lamb (weaned)",number,True,True,False,True,False,True,False,True,True,False,True,True,True,True,True,True,False,False,False
,,,,,ia0z1h-8-nrs,,inconsistent external sources,relative,dr_jmmuqpfzs,10.3168/jds.2016-12325,Grazing intensity affects the environmental impact of dairy systems,,,,,,"Milk, cow, raw (FPCM) - United States - 2016",biophysical,"Milk, cow, raw (FPCM)",kg FPCM,True,True,False,True,False,True,True,True,True,False,False,True,False,True,True,True,False,False,False
suiath2bgsqr,,"Permanent pasture - Minas Gerais, Brazil",permanent pasture,Brazil - Minas Gerais,cli0dnmguyif,"Aggregate cycle representing data from 4 farms in Zona da mata, Minas Gerais in 2019, all producing milk under a semi-confinement system, where animals spend part of each day on pasture, and the remainder confined",verified survey data,relative,v9neu-ph4e_r,10.1016/j.jclepro.2022.133067,An analysis of Brazilian raw cow milk production systems and environmental product declarations of whole milk,Herd composition is missing from this study.,,,,,"Milk, cow, raw (FPCM) - Brazil - 2019",none,"Milk, cow, raw (FPCM)",kg FPCM,True,False,True,True,True,True,False,True,True,False,False,True,False,True,False,True,False,False,True
4ivgjsaqdhml,"To model the systems, the total area of the property was defined as 1000 ha, of which 200 ha were legal reserves (20% of the area) and 20 ha were destined for buildings, roads and improvements.","Permanent pasture - Naviraí, Brazil - To model the systems, the tota...",permanent pasture,Brazil - Naviraí,hgkwbuwrxbnz,Protein supplementation and pasture fertilization.,modelled,relative,evw50pucedpe,10.1016/j.jclepro.2019.118362,Multicriteria decision-making and probabilistic weighing applied to sustainable assessment of beef life cycle,,,,,,Beef cattle - Brazil - 2017,none required,Beef cattle,number,True,True,False,False,False,False,False,True,True,False,False,True,False,True,False,True,True,False,False
mlvkno-8x4sd,"Cerrado (Goiás, Mato Grosso do Sul, Mato Grosso, Tocantins and Minas Gerais states).","Agri-food processor - Brazil - Cerrado (Goiás, Mato Grosso do...",agri-food processor,Brazil,s6zvrbqoiecy,"Meat, beef (carcass-weight) - Scenario 1",inconsistent external sources,relative,si5hdtbv8hly,10.1016/j.agsy.2015.12.007,Impact of the intensification of beef production in Brazil on greenhouse gas emissions and land use,"No end date for Cycle provided. Assumed to be 2014. Error in electricity unit corrected here (Table 5 reports values in kWh, not MWh). Mineral salts described as 60% CaCO3 and 40% Ca3(PO4)2 in the text. Age at slaughter from supplementary material, sheet ""B1, Herd composition"". Error in carcass weight (Supplementary matrial, sheet B1 ""Herd composition"") corrected here (see Joseph Poore edits). Vaccines used, but data not provided.",,,,,"Meat, beef cattle (cold carcass weight) - Brazil - 2013",economic,"Meat, beef cattle (cold carcass weight)",kg cold carcass weight,True,True,True,False,True,True,True,True,True,False,False,False,True,False,True,True,False,False,False
vdg5bgnd3hl2,Red farming system,"Permanent pasture - Rothamsted Research - West Devon, United Kingdom - Red farming system",permanent pasture,United Kingdom - West Devon,ahqkf7piyoxv,Red-2012,non-verified survey data,relative,lfvrcxbnt18h,10.1111/ejss.12350,"The North Wyke Farm Platform: effect of temperate grassland farming systems on soil moisture contents, runoff and associated water quality dynamics",The North Wyke Farm Platform is a UK National Bioscience Research Infrastructure (NBRI) supported by the Biotechnology and Biological Sciences Research Council (BBS/E/RH/23NB0008).,,,,,"Beef cattle, heifer - United Kingdom - 2013-01-01",economic,"Beef cattle, heifer",number,True,True,False,True,False,True,False,True,True,False,True,True,True,True,True,True,False,False,False
cxrqnqnu6um9,,Agri-food processor - Irish lowland sheep farm - Ireland,agri-food processor,Ireland,ws0irmgueccz,Slaughter Cycle for Low genetic merit lambs,modelled,relative,zbwr_kpj1nsn,10.1016/j.agsy.2022.103467,"Modelling the production, profit, and greenhouse gas emissions of Irish sheep flocks divergent in genetic merit",,,,,,"Meat, sheep (cold carcass weight) - Ireland - 2020",economic,"Meat, sheep (cold carcass weight)",kg cold carcass weight,True,True,True,False,False,True,True,False,True,False,False,False,True,True,True,True,False,False,False
5bnsqzhfqhsa,"Cerrado (Goiás, Mato Grosso do Sul, Mato Grosso, Tocantins and Minas Gerais states)","Permanent pasture - Brazil - Cerrado (Goiás, Mato Grosso do...",permanent pasture,Brazil,dzwxq82ljlnv,"Beef, degraded Brachiaria pasture (Scenario 1)",inconsistent external sources,1 ha,si5hdtbv8hly,10.1016/j.agsy.2015.12.007,Impact of the intensification of beef production in Brazil on greenhouse gas emissions and land use,"No end date for Cycle provided. Assumed to be 2014. Error in electricity unit corrected here (Table 5 reports values in kWh, not MWh). Mineral salts described as 60% CaCO3 and 40% Ca3(PO4)2 in the text. Age at slaughter from supplementary material, sheet ""B1, Herd composition"". Error in carcass weight (Supplementary matrial, sheet B1 ""Herd composition"") corrected here (see Joseph Poore edits). Vaccines used, but data not provided.",,,,,"Beef cattle, heifer - Brazil - 2014",none,"Beef cattle, heifer",number,True,True,False,True,True,True,False,True,False,False,True,True,False,True,True,True,False,False,True
vdg5bgnd3hl2,Red farming system,"Permanent pasture - Rothamsted Research - West Devon, United Kingdom - Red farming system",permanent pasture,United Kingdom - West Devon,rc7znaubqmmq,Red-2013,non-verified survey data,relative,lfvrcxbnt18h,10.1111/ejss.12350,"The North Wyke Farm Platform: effect of temperate grassland farming systems on soil moisture contents, runoff and associated water quality dynamics",The North Wyke Farm Platform is a UK National Bioscience Research Infrastructure (NBRI) supported by the Biotechnology and Biological Sciences Research Council (BBS/E/RH/23NB0008).,,,,,"Sheep, lamb - United Kingdom - 2014-01-01",economic,"Sheep, lamb",number,True,True,False,True,False,True,False,True,True,False,True,True,True,True,True,True,False,False,False
mgsvhky7t5rp,12 big corporations that account for more than 90% of the country’s total capacity.,Animal housing - Thailand - 12 big corporations that accou...,animal housing,Thailand,ecli_pchpdrl,CB4-Parent farm 2,non-verified survey data,relative,jwwfj8vmju7j,10.15244/pjoes/68156,Greenhouse gas emissions of one-day-old chick production,,,,,,"Broiler chicken, hen - Thailand - 2011",none required,"Broiler chicken, hen",number,True,True,True,True,True,True,True,True,False,False,False,True,False,True,True,True,False,True,True
m5zi1g7qxnqn,Field trial,"Permanent pasture - Itabela (Município), Bahia, Brazil - Field trial",permanent pasture,"Brazil - Itabela (Município), Bahia, Brazil",56uxpifxr_sh,T5,non-verified survey data,relative,_hx1rkzual0i,10.21475/ajcs.23.17.04.p3824,"The influence of tropical pasture improvement on animal performance, nitrogen cycling, and greenhouse gas emissions in the Brazilian Atlantic Forest",What about the fertilising data re pasture do we want this or not?,,,,,"Cattle, urine (kg mass) - Brazil - 2017-11",economic,"Cattle, urine (kg mass)",kg,True,True,True,True,True,True,True,True,False,False,False,True,False,True,True,True,False,False,False
7saikrkxtvlv,60 ha of grazing area for the herd and 40ha of grass to be cut for making silage,Permanent pasture - United Kingdom - 60 ha of grazing area for the ...,permanent pasture,United Kingdom,xzdyeto_0_vv,"Annual production cycle of an average baseline, grass-based UK dairy farm on conventional ryegrass",consistent external sources,relative,dyejpjpyu9fe,10.1016/j.jclepro.2018.08.206,Effects of high-sugar grasses and improved manure management on the environmental footprint of milk production at the farm level,,,,,,"Dairy cattle, cow - United Kingdom - 2016",economic,"Dairy cattle, cow",number,True,True,True,True,False,False,True,True,True,False,False,True,False,True,False,True,False,False,False
2mc_xxzifpm7,Deep straw litter in houses with windows,Animal housing - Poland - Deep straw litter in houses wi...,animal housing,Poland,ucqgu5t3pece,Farm C - large,non-verified survey data,relative,jodto8kfwdzb,10.2478/aoas-2014-0029,Economic aspects of reducing stocking density in broiler chicken production using the example of farms in Southern Poland,,,,,,Broiler chicken - Poland - 2009,economic,Broiler chicken,number,True,True,True,False,False,True,True,True,True,False,False,True,False,True,True,True,False,False,False
gkzvh5qiabmk,Blue farming system,"Permanent pasture - Rothamsted Research - West Devon, United Kingdom - Blue farming system",permanent pasture,United Kingdom - West Devon,s0c-4lhytwh3,Blue-2022,non-verified survey data,relative,lfvrcxbnt18h,10.1111/ejss.12350,"The North Wyke Farm Platform: effect of temperate grassland farming systems on soil moisture contents, runoff and associated water quality dynamics",The North Wyke Farm Platform is a UK National Bioscience Research Infrastructure (NBRI) supported by the Biotechnology and Biological Sciences Research Council (BBS/E/RH/23NB0008).,,,,,"Sheep, lamb - United Kingdom - 2023-01-01",economic,"Sheep, lamb",number,True,True,False,True,False,True,False,True,True,False,True,True,True,True,True,True,False,False,False
9mx4q7ouq-cg,Deep straw litter in houses with windows,Animal housing - Poland - Deep straw litter in houses wi...,animal housing,Poland,4qojqfqxk75e,Farm B - medium,non-verified survey data,relative,jodto8kfwdzb,10.2478/aoas-2014-0029,Economic aspects of reducing stocking density in broiler chicken production using the example of farms in Southern Poland,,,,,,Broiler chicken - Poland - 2009,economic,Broiler chicken,number,True,True,True,False,False,True,True,True,True,False,False,True,False,True,True,True,False,False,False
euxakgwdeylv,,Permanent pasture - United Kingdom,permanent pasture,United Kingdom,xpfora8ppr-t,Average annual production cycle of 27 lowland sheep farms across England and Wales.,non-verified survey data,relative,mroy2usjfur5,10.1016/j.agsy.2013.09.006,The carbon footprint of lamb: Sources of variation and opportunities for mitigation,The split between pasture and housing (and thus the 2 different excreta mangement practices) in each of the three systems is based on assumption.,,,,,"Sheep, lamb - United Kingdom - 2011",economic,"Sheep, lamb",number,True,True,False,False,False,True,False,True,True,False,False,False,False,True,True,False,False,False,False
,,,,,lynpdpzzcjoc,"Select merit cows (sired by bulls with high predicted transmitting abilities for fat + protein yield), in low forage system (conventional housed system with animals confined all year round)",physical measurement,relative,bnflkfcuuetx,10.3389/fsufs.2021.588158,Effect of Nutritional Variation and LCA Methodology on the Carbon Footprint of Milk Production From Holstein Friesian Dairy Cows,"Suspect that the diesel, electricity and petrol use recorded is for the full system (i.e. including for growing fodder crops on farm), as opposed to simply the animal rearing cycle (pasture and housing) under which it is currently recorded. Author has been emailed to ask for disaggregated data (incl.  more specific data on crop cultivation), but cannot supply this at this time. Quantity of meat/live animals sold as co-products is also missing. The study states that ""a whole farm approach is taken and emissions are allocated between milk and meat using no allocation to meat and 100% to milk"".",,,,,"Milk, cow, raw - United Kingdom - 2010-12-01",none,"Milk, cow, raw",kg,True,True,True,True,False,True,True,True,True,False,False,True,False,False,True,True,False,False,False
usppckx68wn5,,"Animal housing - Tepatitlán de Morelos, Mexico",animal housing,Mexico - Tepatitlán de Morelos,enulvviva-8f,Chick breeding (6 weeks),non-verified survey data,relative,slooumnhc8do,10.3390/app10041352,Decreasing the environmental impact in an egg-producing farm through the application of LCA and lean tools,Have assumed error in the amount of grain specified in the Egg posture phase - assumed this is the given amount (3362.3kg) x100 to be inline with the relative amount of grain consumed during the previous phases,,,,,"Layer chicken, pullet - Mexico - 2016",none,"Layer chicken, pullet",number,True,True,True,True,True,True,True,True,True,False,False,True,False,True,True,True,False,False,True
gkzvh5qiabmk,Blue farming system,"Permanent pasture - Rothamsted Research - West Devon, United Kingdom - Blue farming system",permanent pasture,United Kingdom - West Devon,6yexlxkydtf3,Blue-2014,non-verified survey data,relative,lfvrcxbnt18h,10.1111/ejss.12350,"The North Wyke Farm Platform: effect of temperate grassland farming systems on soil moisture contents, runoff and associated water quality dynamics",The North Wyke Farm Platform is a UK National Bioscience Research Infrastructure (NBRI) supported by the Biotechnology and Biological Sciences Research Council (BBS/E/RH/23NB0008).,,,,,"Beef cattle, steer - United Kingdom - 2015-01-01",economic,"Beef cattle, steer",number,True,True,False,True,False,True,False,True,True,False,True,True,True,True,True,True,False,False,False
3nkgwpsc3xif,,"Permanent pasture - Meath, Ireland",permanent pasture,Ireland - Meath,iaxbinvtxav3,,physical measurement,relative,qprqdskyqqgi,10.1016/j.agsy.2023.103672,"Pasture-finishing of late-maturing bulls or steers in a suckler calf-to-beef system: Animal production, meat quality, economics, greenhouse gas emissions and human-edible food-feed efficiency",,,,,,"Beef cattle, bull - Ireland - 2015",none required,"Beef cattle, bull",number,True,True,True,False,False,True,True,True,True,False,False,True,False,True,True,True,False,False,False
,,,,,wlfdn8rcezgc,,inconsistent external sources,relative,dr_jmmuqpfzs,10.3168/jds.2016-12325,Grazing intensity affects the environmental impact of dairy systems,,,,,,"Milk, cow, raw (FPCM) - United States - 2016",biophysical,"Milk, cow, raw (FPCM)",kg FPCM,True,True,False,True,False,True,True,True,True,False,False,True,False,True,True,True,False,False,False
hpepo4sladl_,"White clover/high sugar perennial ryegrass mix fields, North Wyke Farm Platform","Permanent pasture - Rothamsted Research - Devon (Administrative County), England, United Kingdom - White clover/high sugar perenn...",permanent pasture,"United Kingdom - Devon (Administrative County), England, United Kingdom",rq-elmhpjslf,White clover/high sugar perennial ryegrass mix fields,physical measurement,relative,npl-0ixnthlu,10.1016/j.jclepro.2017.10.113,Distributions of emissions intensity for individual beef cattle reared on pasture-based production systems,"The study mentions that 'sheep also occupy grassland as part of rotational grazing systems, although they do not share the same pasture with cattle at any given time' and therefore their manure also contributes to pasture growth. However, no other information about the length of time the sheep graze, or the number of sheep. Therefore, these have been left out of the upload for now. In addition, the study mentions that animals also feed on ryegrass silage for part of the year. However, no information was given on the quantity. It was removed from the upload to enable animalFeed = TRUE, and allow the grass consumption model to run. The missing energy requirements from ryegrass silage will be substituted as a proxy with extra grass consumption estimated by the model.",,,,,"Beef cattle, heifer and steer - United Kingdom - 2015-12-01",economic,"Beef cattle, heifer and steer",number,True,True,True,True,False,True,False,True,True,False,True,True,True,True,True,True,False,False,False
vdg5bgnd3hl2,Red farming system,"Permanent pasture - Rothamsted Research - West Devon, United Kingdom - Red farming system",permanent pasture,United Kingdom - West Devon,vsy0fzis_ywo,Red-2017,non-verified survey data,relative,lfvrcxbnt18h,10.1111/ejss.12350,"The North Wyke Farm Platform: effect of temperate grassland farming systems on soil moisture contents, runoff and associated water quality dynamics",The North Wyke Farm Platform is a UK National Bioscience Research Infrastructure (NBRI) supported by the Biotechnology and Biological Sciences Research Council (BBS/E/RH/23NB0008).,,,,,"Beef cattle, calf (male, weaned) - United Kingdom - 2018-01-01",economic,"Beef cattle, calf (male, weaned)",number,True,True,False,True,False,True,False,True,True,False,True,True,True,True,True,True,False,False,False
gkzvh5qiabmk,Blue farming system,"Permanent pasture - Rothamsted Research - West Devon, United Kingdom - Blue farming system",permanent pasture,United Kingdom - West Devon,eqsijon8euqn,Blue-2017,non-verified survey data,relative,lfvrcxbnt18h,10.1111/ejss.12350,"The North Wyke Farm Platform: effect of temperate grassland farming systems on soil moisture contents, runoff and associated water quality dynamics",The North Wyke Farm Platform is a UK National Bioscience Research Infrastructure (NBRI) supported by the Biotechnology and Biological Sciences Research Council (BBS/E/RH/23NB0008).,,,,,"Sheep, ewe - United Kingdom - 2018-01-01",economic,"Sheep, ewe",number,True,True,False,True,False,True,False,True,True,False,True,True,True,True,True,True,False,False,False
zhkupguo6kfy,,Animal housing - United Kingdom,animal housing,United Kingdom,fqfqjbqfxnub,Sow England Organic,consistent external sources,relative,w3hq1dphy7wy,,Carbon footprints of conventional and organic pork,"They have included information from lots of different sources, for this reason I have not inlcuded the information regarding crop production (only feed composition) because some of these products we already have the sources.",,,,,"Pig, piglet - United Kingdom - 2007",economic,"Pig, piglet",number,True,True,True,False,False,True,True,True,True,False,False,False,False,True,True,True,False,False,False
adwr0a2eywpf,,Animal housing - Czech Republic,animal housing,Czech Republic,aw5rnedh_odk,Free range production system for egg production from laying hens,consistent external sources,relative,s1krqknyo6_b,10.3390/agriculture12030355,Environmental Impacts of Egg Production from a Life Cycle Perspective,Assumes endDate is 2 years before publication,,,,,Layer chicken - Czech Republic - 2020,economic,Layer chicken,number,True,True,True,True,False,True,True,True,True,False,False,True,False,False,True,True,False,False,True
spnubbolkokv,Green farming system,"Permanent pasture - Rothamsted Research - West Devon, United Kingdom - Green farming system",permanent pasture,United Kingdom - West Devon,hg69ta4xyz-h,Green-2012,non-verified survey data,relative,lfvrcxbnt18h,10.1111/ejss.12350,"The North Wyke Farm Platform: effect of temperate grassland farming systems on soil moisture contents, runoff and associated water quality dynamics",The North Wyke Farm Platform is a UK National Bioscience Research Infrastructure (NBRI) supported by the Biotechnology and Biological Sciences Research Council (BBS/E/RH/23NB0008).,,,,,"Beef cattle, heifer - United Kingdom - 2013-01-01",economic,"Beef cattle, heifer",number,True,True,False,True,False,True,False,True,True,False,True,True,True,True,True,True,False,False,False
gkzvh5qiabmk,Blue farming system,"Permanent pasture - Rothamsted Research - West Devon, United Kingdom - Blue farming system",permanent pasture,United Kingdom - West Devon,eqsijon8euqn,Blue-2017,non-verified survey data,relative,lfvrcxbnt18h,10.1111/ejss.12350,"The North Wyke Farm Platform: effect of temperate grassland farming systems on soil moisture contents, runoff and associated water quality dynamics",The North Wyke Farm Platform is a UK National Bioscience Research Infrastructure (NBRI) supported by the Biotechnology and Biological Sciences Research Council (BBS/E/RH/23NB0008).,,,,,"Beef cattle, heifer - United Kingdom - 2018-01-01",economic,"Beef cattle, heifer",number,True,True,False,True,False,True,False,True,True,False,True,True,True,True,True,True,False,False,False
spnubbolkokv,Green farming system,"Permanent pasture - Rothamsted Research - West Devon, United Kingdom - Green farming system",permanent pasture,United Kingdom - West Devon,ycu26sxdzhiv,Green-2022,non-verified survey data,relative,lfvrcxbnt18h,10.1111/ejss.12350,"The North Wyke Farm Platform: effect of temperate grassland farming systems on soil moisture contents, runoff and associated water quality dynamics",The North Wyke Farm Platform is a UK National Bioscience Research Infrastructure (NBRI) supported by the Biotechnology and Biological Sciences Research Council (BBS/E/RH/23NB0008).,,,,,"Sheep, lamb - United Kingdom - 2023-01-01",economic,"Sheep, lamb",number,True,True,False,True,False,True,False,True,True,False,True,True,True,True,True,True,False,False,False
spnubbolkokv,Green farming system,"Permanent pasture - Rothamsted Research - West Devon, United Kingdom - Green farming system",permanent pasture,United Kingdom - West Devon,44htfoh2ku3e,Green-2017,non-verified survey data,relative,lfvrcxbnt18h,10.1111/ejss.12350,"The North Wyke Farm Platform: effect of temperate grassland farming systems on soil moisture contents, runoff and associated water quality dynamics",The North Wyke Farm Platform is a UK National Bioscience Research Infrastructure (NBRI) supported by the Biotechnology and Biological Sciences Research Council (BBS/E/RH/23NB0008).,,,,,"Beef cattle, calf (female, weaned) - United Kingdom - 2018-01-01",economic,"Beef cattle, calf (female, weaned)",number,True,True,False,True,False,True,False,True,True,False,True,True,True,True,True,True,False,False,False
gkzvh5qiabmk,Blue farming system,"Permanent pasture - Rothamsted Research - West Devon, United Kingdom - Blue farming system",permanent pasture,United Kingdom - West Devon,6yexlxkydtf3,Blue-2014,non-verified survey data,relative,lfvrcxbnt18h,10.1111/ejss.12350,"The North Wyke Farm Platform: effect of temperate grassland farming systems on soil moisture contents, runoff and associated water quality dynamics",The North Wyke Farm Platform is a UK National Bioscience Research Infrastructure (NBRI) supported by the Biotechnology and Biological Sciences Research Council (BBS/E/RH/23NB0008).,,,,,"Sheep, ewe - United Kingdom - 2015-01-01",economic,"Sheep, ewe",number,True,True,False,True,False,True,False,True,True,False,True,True,True,True,True,True,False,False,False
gkzvh5qiabmk,Blue farming system,"Permanent pasture - Rothamsted Research - West Devon, United Kingdom - Blue farming system",permanent pasture,United Kingdom - West Devon,x_4reiabz9jh,Blue-2019,non-verified survey data,relative,lfvrcxbnt18h,10.1111/ejss.12350,"The North Wyke Farm Platform: effect of temperate grassland farming systems on soil moisture contents, runoff and associated water quality dynamics",The North Wyke Farm Platform is a UK National Bioscience Research Infrastructure (NBRI) supported by the Biotechnology and Biological Sciences Research Council (BBS/E/RH/23NB0008).,,,,,"Beef cattle, heifer - United Kingdom - 2020-01-01",economic,"Beef cattle, heifer",number,True,True,False,True,False,True,False,True,True,False,True,True,True,True,True,True,False,False,False
gkzvh5qiabmk,Blue farming system,"Permanent pasture - Rothamsted Research - West Devon, United Kingdom - Blue farming system",permanent pasture,United Kingdom - West Devon,p0ly_vu3zub2,Blue-2015,non-verified survey data,relative,lfvrcxbnt18h,10.1111/ejss.12350,"The North Wyke Farm Platform: effect of temperate grassland farming systems on soil moisture contents, runoff and associated water quality dynamics",The North Wyke Farm Platform is a UK National Bioscience Research Infrastructure (NBRI) supported by the Biotechnology and Biological Sciences Research Council (BBS/E/RH/23NB0008).,,,,,"Sheep, ewe - United Kingdom - 2016-01-01",economic,"Sheep, ewe",number,True,True,False,True,False,True,False,True,True,False,True,True,True,True,True,True,False,False,False
gkzvh5qiabmk,Blue farming system,"Permanent pasture - Rothamsted Research - West Devon, United Kingdom - Blue farming system",permanent pasture,United Kingdom - West Devon,yicqaf6dikra,Blue-2012,non-verified survey data,relative,lfvrcxbnt18h,10.1111/ejss.12350,"The North Wyke Farm Platform: effect of temperate grassland farming systems on soil moisture contents, runoff and associated water quality dynamics",The North Wyke Farm Platform is a UK National Bioscience Research Infrastructure (NBRI) supported by the Biotechnology and Biological Sciences Research Council (BBS/E/RH/23NB0008).,,,,,"Beef cattle, heifer - United Kingdom - 2013-01-01",economic,"Beef cattle, heifer",number,True,True,False,True,False,True,False,True,True,False,True,True,True,True,True,True,False,False,False
,,,,,tsja-bp1wb2h,"snail deshelling in bangladesh, manual labour",verified survey data,relative,ivkiyujgzf8r,10.1021/acs.est.5b04634,Comparison of Asian Aquaculture Products by Use of Statistically Supported Life Cycle Assessment,,,,,,"Snail meal, without shells - Bangladesh - 2018",mass,"Snail meal, without shells",kg,True,True,True,True,True,True,True,True,True,True,True,True,True,True,True,True,True,True,True
qxfn_m_vbtfo,,Permanent pasture - United Kingdom,permanent pasture,United Kingdom,0gqfb5mia9m7,"Cycle to reflect standard practice of beef production in the UK. It represents a fully integrated system, where production of replacement stock and finishing of production stock takes place on the same enterprise.",consistent external sources,relative,x--pwvqu1uzz,10.1016/j.jclepro.2019.06.171,Understanding uncertainty in the carbon footprint of beef production,"Recorded GWP value - unlear whether the ""per kg LW"" FU quoted for the figure given in the text refers to liveweight of both finished and cull cattle, or just the finished steers. Suckling calves and finishing animals from 13 to 19 months were at pasture and did not require fed rations. All other animal classes spent 5 months housed (and 7 months at pasture).",,,,,"Beef cattle, bull - United Kingdom - 2017",economic,"Beef cattle, bull",number,True,True,True,True,False,False,False,True,True,False,False,True,False,True,False,True,False,False,False
qdrwq3f4jw6y,Site is a combination of both the summer (mountain) and winter (dehesa) grazing sites. Area is cumulative of these sites and the altitude and temperature are assumed to be averaged across them.,Permanent pasture - Spain - Site is a combination of both ...,permanent pasture,Spain,vhqtl50ivq46,Annual cycle of transhumant lamb farm in Albarracin (transhumance of herd to summer farm carried out by truck),non-verified survey data,relative,av57dkzgzdv6,10.1007/s11367-023-02135-3,Carbon footprint of transhumant sheep farms: accounting for natural baseline emissions in Mediterranean systems,"Cycles SED2, THT4 and THF4 have much lower DMI values per animal than the other cycles with no clear reason why; they may be errors.",,,,,"Sheep, ewe - Spain - 2009",economic,"Sheep, ewe",number,True,False,True,True,False,True,True,True,False,False,False,True,True,True,True,True,False,False,False
vdg5bgnd3hl2,Red farming system,"Permanent pasture - Rothamsted Research - West Devon, United Kingdom - Red farming system",permanent pasture,United Kingdom - West Devon,93xkm7xeljf7,Red-2019,non-verified survey data,relative,lfvrcxbnt18h,10.1111/ejss.12350,"The North Wyke Farm Platform: effect of temperate grassland farming systems on soil moisture contents, runoff and associated water quality dynamics",The North Wyke Farm Platform is a UK National Bioscience Research Infrastructure (NBRI) supported by the Biotechnology and Biological Sciences Research Council (BBS/E/RH/23NB0008).,,,,,"Sheep, ewe - United Kingdom - 2020-01-01",economic,"Sheep, ewe",number,True,True,False,True,False,True,False,True,True,False,True,True,True,True,True,True,False,False,False
xpbf3bhu3ivp,,"Animal housing - G/HM-Ho - Normandie, France",animal housing,France - Normandie,yezo3xdquhkd,"Grass and high proportion maize silage in forage area, with cattle fed an Omega-3 supplement, Holstein breed. Annual milk production cycle, including all grazing and animal housing components.",modelled,relative,pusvmnivm1zy,10.1016/j.jenvman.2013.01.028,"Effect of dairy production system, breed and co-product handling methods on environmental impacts at farm level","Linseed cultivation taken by authors from Nguyen (2012), original data from France. Linseed processing from Bacenetti (2017), selected by us as a proxy. Authors have used daSilva for soybean cultivation data and dalgaard for soybean processing. Given these data are just proxies, we decided to omit them and just specify that the soybean meal is from Brazil.",,,,,"Milk, cow, raw (FPCM) - France - 2011",economic,"Milk, cow, raw (FPCM)",kg FPCM,True,True,True,True,False,True,True,True,True,False,False,True,True,True,True,True,False,True,False
vkmhdberyeln,Site is a combination of both the summer (mountain) and winter (dehesa) grazing sites. Area is cumulative of these sites and the altitude and temperature are assumed to be averaged across them.,Permanent pasture - Spain - Site is a combination of both ...,permanent pasture,Spain,h1a0c0oganot,Annual cycle of transhumant lamb farm in Albarracin (transhumance of herd to summer farm carried out on foot),non-verified survey data,relative,av57dkzgzdv6,10.1007/s11367-023-02135-3,Carbon footprint of transhumant sheep farms: accounting for natural baseline emissions in Mediterranean systems,"Cycles SED2, THT4 and THF4 have much lower DMI values per animal than the other cycles with no clear reason why; they may be errors.",,,,,"Sheep, lamb - Spain - 2009",economic,"Sheep, lamb",number,True,False,True,True,False,True,True,True,False,False,False,True,True,True,True,True,False,False,False
ipua5aiweuqv,,Permanent pasture - Kenya,permanent pasture,Kenya,qittm4zzvfig,All cows and heifers were reported to graze every day in both seasons,non-verified survey data,relative,4o85q6a1k0ih,10.1016/j.jclepro.2020.121780,Variation in the carbon footprint of milk production on smallholder dairy farms in central Kenya,Data also available in Wilkes et al. (2019). Methods and guidance to support MRV of livestock emissions.,,,,,"Meat, dairy cattle (liveweight) - Kenya - 2018",economic,"Meat, dairy cattle (liveweight)",kg liveweight,True,True,False,False,False,False,True,True,True,False,False,True,False,False,False,False,False,False,False
ybbamtyquia4,,"Permanent pasture - Ontario (Province), Canada",permanent pasture,"Canada - Ontario (Province), Canada",r1efz66litmc,"This cycle is an average of the 23 farms surveyed: 11 from small farms (15–100 ewes), 8 from mid-sized farms (101–500 ewes), and 4 from larger scale operations (> 500 ewes).",non-verified survey data,relative,bvshcy6gt-fy,10.1007/s11367-022-02105-1,"Life cycle impacts of sheep sector in Ontario, Canada","Emissions have been backcalculated, assuming IPCC (2013) excluding feedbacks. Requires transport node to be updated once available.",,,,,"Meat, sheep (liveweight) - Canada - 2022",mass,"Meat, sheep (liveweight)",kg liveweight,False,True,True,True,False,True,False,True,True,False,False,True,False,True,True,True,False,True,True
9iddh40s0uks,,"Permanent pasture - Meath, Ireland",permanent pasture,Ireland - Meath,1p8md3melm3e,,physical measurement,relative,qprqdskyqqgi,10.1016/j.agsy.2023.103672,"Pasture-finishing of late-maturing bulls or steers in a suckler calf-to-beef system: Animal production, meat quality, economics, greenhouse gas emissions and human-edible food-feed efficiency",,,,,,"Beef cattle, steer - Ireland - 2015",none required,"Beef cattle, steer",number,True,True,True,False,False,True,True,True,True,False,False,True,False,True,True,True,False,False,False
mlvkno-8x4sd,"Cerrado (Goiás, Mato Grosso do Sul, Mato Grosso, Tocantins and Minas Gerais states).","Agri-food processor - Brazil - Cerrado (Goiás, Mato Grosso do...",agri-food processor,Brazil,rirgbi5ypaxb,"Meat, beef (carcass-weight) - Scenario 5",inconsistent external sources,relative,si5hdtbv8hly,10.1016/j.agsy.2015.12.007,Impact of the intensification of beef production in Brazil on greenhouse gas emissions and land use,"No end date for Cycle provided. Assumed to be 2014. Error in electricity unit corrected here (Table 5 reports values in kWh, not MWh). Mineral salts described as 60% CaCO3 and 40% Ca3(PO4)2 in the text. Age at slaughter from supplementary material, sheet ""B1, Herd composition"". Error in carcass weight (Supplementary matrial, sheet B1 ""Herd composition"") corrected here (see Joseph Poore edits). Vaccines used, but data not provided.",,,,,"Meat, beef cattle (cold carcass weight) - Brazil - 2013",economic,"Meat, beef cattle (cold carcass weight)",kg cold carcass weight,True,True,True,False,True,True,True,True,True,False,False,False,True,False,True,True,False,False,False
szobx5n9q7hn,,"Permanent pasture - New South Wales, Australia",permanent pasture,Australia - New South Wales,gkckhrry81wa,Lamb production cycle averaged over three case study farms in New South Wales. All pasture-based.,non-verified survey data,relative,c3c-fbwxy2mp,10.1071/AN14647,Resource use and environmental impacts from Australian export lamb production: A life cycle assessment,,,,,,"Sheep, lamb - Australia - 2012",economic,"Sheep, lamb",number,True,True,True,True,False,True,False,True,False,False,False,True,True,True,True,True,False,False,True
ewidixnou6q0,Site is a combination of both the summer (mountain) and winter (dehesa) grazing sites. Area is cumulative of these sites and the altitude and temperature are assumed to be averaged across them.,Permanent pasture - Spain - Site is a combination of both ...,permanent pasture,Spain,vzj3y7owxd8z,Annual cycle of transhumant lamb farm in Albarracin (transhumance of herd to summer farm carried out on foot),non-verified survey data,relative,av57dkzgzdv6,10.1007/s11367-023-02135-3,Carbon footprint of transhumant sheep farms: accounting for natural baseline emissions in Mediterranean systems,"Cycles SED2, THT4 and THF4 have much lower DMI values per animal than the other cycles with no clear reason why; they may be errors.",,,,,"Sheep, ewe - Spain - 2009",economic,"Sheep, ewe",number,True,False,True,True,False,True,True,True,False,False,False,True,True,True,True,True,False,False,False
gkzvh5qiabmk,Blue farming system,"Permanent pasture - Rothamsted Research - West Devon, United Kingdom - Blue farming system",permanent pasture,United Kingdom - West Devon,eqsijon8euqn,Blue-2017,non-verified survey data,relative,lfvrcxbnt18h,10.1111/ejss.12350,"The North Wyke Farm Platform: effect of temperate grassland farming systems on soil moisture contents, runoff and associated water quality dynamics",The North Wyke Farm Platform is a UK National Bioscience Research Infrastructure (NBRI) supported by the Biotechnology and Biological Sciences Research Council (BBS/E/RH/23NB0008).,,,,,"Beef cattle, steer - United Kingdom - 2018-01-01",economic,"Beef cattle, steer",number,True,True,False,True,False,True,False,True,True,False,True,True,True,True,True,True,False,False,False
pl5kjgatay0v,,Animal housing - Teagasc Johnstown Castle Research Farm - Ireland,animal housing,Ireland,i99hnvajkmcc,"19PC treatment where Bulls are offered grass silage ad libitum plus 1.5 kg DM of concentrate per head daily over the winter period, turned out to pasture for 100 days, finished at pasture supplemented with 5 kg DM of concentrate per head daily for 100 days and slaughtered at 19 months of age - (this is the Winter housing period)",physical measurement,relative,bjlulokiutoa,10.1016/j.agsy.2017.03.007,An economic and greenhouse gas emissions evaluation of pasture-based dairy calf-to-beef production systems,,,,,,"Beef cattle, bull - Ireland - 2014",none required,"Beef cattle, bull",number,False,True,True,False,False,False,False,True,True,False,True,True,False,True,False,False,True,False,False
gkzvh5qiabmk,Blue farming system,"Permanent pasture - Rothamsted Research - West Devon, United Kingdom - Blue farming system",permanent pasture,United Kingdom - West Devon,p0ly_vu3zub2,Blue-2015,non-verified survey data,relative,lfvrcxbnt18h,10.1111/ejss.12350,"The North Wyke Farm Platform: effect of temperate grassland farming systems on soil moisture contents, runoff and associated water quality dynamics",The North Wyke Farm Platform is a UK National Bioscience Research Infrastructure (NBRI) supported by the Biotechnology and Biological Sciences Research Council (BBS/E/RH/23NB0008).,,,,,"Sheep, ram - United Kingdom - 2016-01-01",economic,"Sheep, ram",number,True,True,False,True,False,True,False,True,True,False,True,True,True,True,True,True,False,False,False
dfhm030cs0b1,,Animal housing - Italy,animal housing,Italy,w7bff-y5wzbj,"Mountainous Farms - representative of farms located in Alpine mountain areas that produce milk destined for the Trentingrana cheese making. For this farm system, silage feed was not allowed. The cattle were fed without silage feed and protein ingredients, but mainly with forage and compound feed, with small amounts of alfalfa and corn feed. The herd grazed for four months during the summer season, except for the calves.",non-verified survey data,relative,jix42tsxvioy,10.1016/j.spc.2023.02.012,The environmental impact of permanent meadows-based farms: A comparison among different dairy farm management systems of an Italian cheese,,,,,,"Meat, dairy cattle (liveweight) - Italy - 2019",economic,"Meat, dairy cattle (liveweight)",kg liveweight,True,True,True,True,True,True,True,True,True,False,False,True,False,True,True,True,False,False,True
gkw4ttx_980z,12 big corporations that account for more than 90% of the country’s total capacity.,Animal housing - Thailand - 12 big corporations that accou...,animal housing,Thailand,qs1_mhepm0lk,CB4-Hatchery 2,non-verified survey data,relative,jwwfj8vmju7j,10.15244/pjoes/68156,Greenhouse gas emissions of one-day-old chick production,,,,,,"Broiler chicken, chick - Thailand - 2011",none required,"Broiler chicken, chick",number,True,True,True,True,True,True,True,True,True,False,False,True,True,True,True,True,False,True,True
rwdtki2h0ze1,,"Permanent pasture - Animal & Grass-land Research and Innovation Centre -TEAGASC - Meath, Ireland",permanent pasture,Ireland - Meath,z5s-4dru3-zh,"Late maturing suckler bred bull weanlings of breeds of Limousin and Charolais sired, kept in housing to begin with and then moved to pasture before being rehoused and then slaughtered at 24 months of age.",physical measurement,relative,adq-l4cpvkng,10.1016/j.animal.2021.100247,Life cycle assessment of pasture-based suckler steer weanling-to-beef production systems: Effect of breed and slaughter age,,,,,,"Beef cattle, steer - United Kingdom - 2017",none,"Beef cattle, steer",number,True,True,False,False,True,True,False,True,True,False,False,True,False,True,True,True,False,True,False
w9ubo-nzl9od,12 big corporations that account for more than 90% of the country’s total capacity.,Animal housing - Thailand - 12 big corporations that accou...,animal housing,Thailand,kblioufjqwax,CB3-Hatchery 1,non-verified survey data,relative,jwwfj8vmju7j,10.15244/pjoes/68156,Greenhouse gas emissions of one-day-old chick production,,,,,,"Broiler chicken, chick - Thailand - 2011",none required,"Broiler chicken, chick",number,True,True,True,True,True,True,True,True,True,False,False,True,True,True,True,True,False,True,True
gkzvh5qiabmk,Blue farming system,"Permanent pasture - Rothamsted Research - West Devon, United Kingdom - Blue farming system",permanent pasture,United Kingdom - West Devon,ndeqoezm5dlt,Blue-2013,non-verified survey data,relative,lfvrcxbnt18h,10.1111/ejss.12350,"The North Wyke Farm Platform: effect of temperate grassland farming systems on soil moisture contents, runoff and associated water quality dynamics",The North Wyke Farm Platform is a UK National Bioscience Research Infrastructure (NBRI) supported by the Biotechnology and Biological Sciences Research Council (BBS/E/RH/23NB0008).,,,,,"Sheep, ewe - United Kingdom - 2014-01-01",economic,"Sheep, ewe",number,True,True,False,True,False,True,False,True,True,False,True,True,True,True,True,True,False,False,False
vdg5bgnd3hl2,Red farming system,"Permanent pasture - Rothamsted Research - West Devon, United Kingdom - Red farming system",permanent pasture,United Kingdom - West Devon,wvzj8wrv6fka,Red-2018,non-verified survey data,relative,lfvrcxbnt18h,10.1111/ejss.12350,"The North Wyke Farm Platform: effect of temperate grassland farming systems on soil moisture contents, runoff and associated water quality dynamics",The North Wyke Farm Platform is a UK National Bioscience Research Infrastructure (NBRI) supported by the Biotechnology and Biological Sciences Research Council (BBS/E/RH/23NB0008).,,,,,"Sheep, lamb - United Kingdom - 2019-01-01",economic,"Sheep, lamb",number,True,True,False,True,False,True,False,True,True,False,True,True,True,True,True,True,False,False,False
_me76ahwki3e,,"Animal housing - G-Ho - Normandie, France",animal housing,France - Normandie,vlfn_svtmoxm,"Grass only in forage area, Holstein breed. Annual milk production cycle, including all grazing and animal housing components.",consistent external sources,relative,pusvmnivm1zy,10.1016/j.jenvman.2013.01.028,"Effect of dairy production system, breed and co-product handling methods on environmental impacts at farm level","Linseed cultivation taken by authors from Nguyen (2012), original data from France. Linseed processing from Bacenetti (2017), selected by us as a proxy. Authors have used daSilva for soybean cultivation data and dalgaard for soybean processing. Given these data are just proxies, we decided to omit them and just specify that the soybean meal is from Brazil.",,,,,"Dairy cattle, calf (weaned) - France - 2011",economic,"Dairy cattle, calf (weaned)",number,True,True,True,True,False,True,True,True,True,False,False,True,True,True,True,True,False,True,False
e7uwuzydyb-j,Deep straw litter in houses with windows,Animal housing - Poland - Deep straw litter in houses wi...,animal housing,Poland,ic1g05uq5dze,Farm A - small,non-verified survey data,relative,jodto8kfwdzb,10.2478/aoas-2014-0029,Economic aspects of reducing stocking density in broiler chicken production using the example of farms in Southern Poland,,,,,,Broiler chicken - Poland - 2009,economic,Broiler chicken,number,True,True,True,False,False,True,True,True,True,False,False,True,False,True,True,True,False,False,False
vdg5bgnd3hl2,Red farming system,"Permanent pasture - Rothamsted Research - West Devon, United Kingdom - Red farming system",permanent pasture,United Kingdom - West Devon,tu8q-gl2qh5f,Red-2022,non-verified survey data,relative,lfvrcxbnt18h,10.1111/ejss.12350,"The North Wyke Farm Platform: effect of temperate grassland farming systems on soil moisture contents, runoff and associated water quality dynamics",The North Wyke Farm Platform is a UK National Bioscience Research Infrastructure (NBRI) supported by the Biotechnology and Biological Sciences Research Council (BBS/E/RH/23NB0008).,,,,,"Beef cattle, calf (female, weaned) - United Kingdom - 2023-01-01",economic,"Beef cattle, calf (female, weaned)",number,True,True,False,True,False,True,False,True,True,False,True,True,True,True,True,True,False,False,False
spnubbolkokv,Green farming system,"Permanent pasture - Rothamsted Research - West Devon, United Kingdom - Green farming system",permanent pasture,United Kingdom - West Devon,4fvndcfaytjq,Green-2014,non-verified survey data,relative,lfvrcxbnt18h,10.1111/ejss.12350,"The North Wyke Farm Platform: effect of temperate grassland farming systems on soil moisture contents, runoff and associated water quality dynamics",The North Wyke Farm Platform is a UK National Bioscience Research Infrastructure (NBRI) supported by the Biotechnology and Biological Sciences Research Council (BBS/E/RH/23NB0008).,,,,,"Sheep, ewe - United Kingdom - 2015-01-01",economic,"Sheep, ewe",number,True,True,False,True,False,True,False,True,True,False,True,True,True,True,True,True,False,False,False
kjfliq7e7b2k,,Animal housing - Italy,animal housing,Italy,tnpwforfjrfp,"Surveyed farms were ranked by the average milk yield per cow, per day. For the high performing herds, this was >32.6kg/cow/day",non-verified survey data,relative,xmxf7n1ihnuu,,Environmental impacts of cow’s milk in Northern Italy: Effects of farming performance,,,,,,"Meat, dairy cattle (liveweight) - Italy - 2020",economic,"Meat, dairy cattle (liveweight)",kg liveweight,True,True,True,True,True,True,True,True,True,False,False,True,False,True,True,True,False,False,True
xvlljzybizg9,,"Permanent pasture - Animal & Grass-land Research and Innovation Centre -TEAGASC - Meath, Ireland",permanent pasture,Ireland - Meath,8usn8jd00ekb,"Early maturing suckler bred bull weanlings of breeds of Aberdeen Angus and Hereford sired, kept in housing to begin with and then moved to pasture before being rehoused and then slaughtered at 24 months of age.",physical measurement,relative,adq-l4cpvkng,10.1016/j.animal.2021.100247,Life cycle assessment of pasture-based suckler steer weanling-to-beef production systems: Effect of breed and slaughter age,,,,,,"Beef cattle, steer - United Kingdom - 2017",none,"Beef cattle, steer",number,True,True,False,False,True,True,False,True,True,False,False,True,False,True,True,True,False,True,False
spnubbolkokv,Green farming system,"Permanent pasture - Rothamsted Research - West Devon, United Kingdom - Green farming system",permanent pasture,United Kingdom - West Devon,oewixdlrufdd,Green-2016,non-verified survey data,relative,lfvrcxbnt18h,10.1111/ejss.12350,"The North Wyke Farm Platform: effect of temperate grassland farming systems on soil moisture contents, runoff and associated water quality dynamics",The North Wyke Farm Platform is a UK National Bioscience Research Infrastructure (NBRI) supported by the Biotechnology and Biological Sciences Research Council (BBS/E/RH/23NB0008).,,,,,"Sheep, ewe - United Kingdom - 2016-12-31",economic,"Sheep, ewe",number,True,True,False,True,False,True,False,True,True,False,True,True,True,True,True,True,False,False,False
t3rypgie6gl5,Slaughterhouse,Agri-food processor - Denmark - Slaughterhouse,agri-food processor,Denmark,tjryzbvuuoah,Slaughter-2008,non-verified survey data,relative,wcfuerr47b3k,,LANDSGENNEMSNIT FOR PRODUKTIVITET SVINEPRODUKTIONEN 2016,,,,,,"Meat, pig (cold dressed carcass weight) - Denmark - 2008",none required,"Meat, pig (cold dressed carcass weight)",kg cold dressed carcass weight,True,True,True,False,False,True,True,True,True,False,False,True,True,True,True,True,False,False,False
gkzvh5qiabmk,Blue farming system,"Permanent pasture - Rothamsted Research - West Devon, United Kingdom - Blue farming system",permanent pasture,United Kingdom - West Devon,6yexlxkydtf3,Blue-2014,non-verified survey data,relative,lfvrcxbnt18h,10.1111/ejss.12350,"The North Wyke Farm Platform: effect of temperate grassland farming systems on soil moisture contents, runoff and associated water quality dynamics",The North Wyke Farm Platform is a UK National Bioscience Research Infrastructure (NBRI) supported by the Biotechnology and Biological Sciences Research Council (BBS/E/RH/23NB0008).,,,,,"Beef cattle, heifer - United Kingdom - 2015-01-01",economic,"Beef cattle, heifer",number,True,True,False,True,False,True,False,True,True,False,True,True,True,True,True,True,False,False,False
tx_qxfvra6we,12 big corporations that account for more than 90% of the country’s total capacity.,Animal housing - Thailand - 12 big corporations that accou...,animal housing,Thailand,kkkx_cnmxxti,CB2-Parent farm 4,non-verified survey data,relative,jwwfj8vmju7j,10.15244/pjoes/68156,Greenhouse gas emissions of one-day-old chick production,,,,,,"Eggs, hen, in shell (number) - Thailand - 2011",none required,"Eggs, hen, in shell (number)",number,True,True,True,True,True,True,True,True,True,False,False,True,False,True,True,True,False,True,True
spnubbolkokv,Green farming system,"Permanent pasture - Rothamsted Research - West Devon, United Kingdom - Green farming system",permanent pasture,United Kingdom - West Devon,44htfoh2ku3e,Green-2017,non-verified survey data,relative,lfvrcxbnt18h,10.1111/ejss.12350,"The North Wyke Farm Platform: effect of temperate grassland farming systems on soil moisture contents, runoff and associated water quality dynamics",The North Wyke Farm Platform is a UK National Bioscience Research Infrastructure (NBRI) supported by the Biotechnology and Biological Sciences Research Council (BBS/E/RH/23NB0008).,,,,,"Beef cattle, heifer - United Kingdom - 2018-01-01",economic,"Beef cattle, heifer",number,True,True,False,True,False,True,False,True,True,False,True,True,True,True,True,True,False,False,False
yu5b9ycxqkuk,,,,,s1ce37pmvm22,"Annual cycle of the standard cow-calf production system in the Charolais basin. This consists of four components: 1) Reproduction, output of which = weaned male calves, weaned female calves not used for replacement, cull cows and a breeding bull. 2) Rearing female calves from weaning (9 months) to finishing at 33 months. 3) Finishing of cull cows, i.e. fattened before sending to the slaughterhouse. 4) Pre-fattening of male calves for 2 months after weaning (before being sent to a separate finishing farm). Both St and O3 are classified as extensive systems with 7.5 months grazing from April to November. The grazed area consists of 88% permanent versus 12% temporary grassland - this has been used to calculate the relative time spent on permanent versus temporary grassland during those 7.5 months of grazing.",modelled,relative,2uaxgmjzmtai,10.1016/j.livsci.2012.02.010,Effects of type of ration and allocation methods on the environmental impacts of beef-production systems,"Authors have used daSilva for soybean cultivation data and dalgaard for soybean processing. Given these data are just proxies, we decided to omit them and just specify that the soybean meal is from Brazil.",,,,,"Beef cattle, cow - France - 2010",economic,"Beef cattle, cow",number,True,True,True,True,False,True,True,True,True,False,False,True,False,True,True,True,False,False,False
gj3dwfvnbsuj,Site is a combination of both the summer (mountain) and winter (dehesa) grazing sites. Area is cumulative of these sites and the altitude and temperature are assumed to be averaged across them.,Permanent pasture - Spain - Site is a combination of both ...,permanent pasture,Spain,sfd4xwqqq2ep,Annual cycle of transhumant lamb farm in Albarracin (transhumance of herd to summer farm carried out by truck),non-verified survey data,relative,av57dkzgzdv6,10.1007/s11367-023-02135-3,Carbon footprint of transhumant sheep farms: accounting for natural baseline emissions in Mediterranean systems,"Cycles SED2, THT4 and THF4 have much lower DMI values per animal than the other cycles with no clear reason why; they may be errors.",,,,,"Wool, sheep (greasy) - Spain - 2009",economic,"Wool, sheep (greasy)",kg,True,False,True,True,False,True,True,True,False,False,False,True,True,True,True,True,False,False,False
uispwoomut3u,"Typical Amazonian beef farm in Cáceres, Mato Grosso state, Brazil. 1000 ha grassland from primary forest","Permanent pasture - Typical Amazonian beef farm - Cáceres (Município), Mato Grosso, Brazil - Typical Amazonian beef farm in...",permanent pasture,"Brazil - Cáceres (Município), Mato Grosso, Brazil",al4jqrvstfmj,Production of Nelore beef (Bos indicus) bulls for slaughter,expert opinion,relative,xjw-lobrpjl_,10.1016/j.jclepro.2015.10.032,Economics and environmental performance issues of a typical Amazonian beef farm: A case study,"For this paper we adjust theherd size by the number of days each animal spends in the cycle (see ""Animal Calculations"" sheet).",,,,,"Beef cattle, bull - Brazil - 2012",none,"Beef cattle, bull",number,True,True,True,False,False,True,False,True,True,False,False,True,False,True,False,True,False,False,False
7kcs9n7ki99r,They do not provide much information on site.,Animal housing - Denmark - They do not provide much infor...,animal housing,Denmark,8x3e6ncw-2bs,Sow herds-2010,non-verified survey data,relative,wcfuerr47b3k,,LANDSGENNEMSNIT FOR PRODUKTIVITET SVINEPRODUKTIONEN 2016,,,,,,"Pig, piglet - Denmark - 2010",none,"Pig, piglet",number,False,True,True,False,False,True,True,True,True,False,False,True,False,True,True,True,False,False,False
0r-o9co2h6jj,,"Agri-food processor - Meath, Ireland",agri-food processor,Ireland - Meath,uenalndh8gri,Cycle representing the slaughter of the animals produced during the production cycle,physical measurement,relative,adq-l4cpvkng,10.1016/j.animal.2021.100247,Life cycle assessment of pasture-based suckler steer weanling-to-beef production systems: Effect of breed and slaughter age,,,,,,"Meat, beef cattle (cold carcass weight) - Ireland - 2017",economic,"Meat, beef cattle (cold carcass weight)",kg cold carcass weight,True,True,True,False,True,True,True,True,True,False,False,True,True,True,True,True,False,False,True
gkzvh5qiabmk,Blue farming system,"Permanent pasture - Rothamsted Research - West Devon, United Kingdom - Blue farming system",permanent pasture,United Kingdom - West Devon,q9tv7n_pmiff,Blue-2018,non-verified survey data,relative,lfvrcxbnt18h,10.1111/ejss.12350,"The North Wyke Farm Platform: effect of temperate grassland farming systems on soil moisture contents, runoff and associated water quality dynamics",The North Wyke Farm Platform is a UK National Bioscience Research Infrastructure (NBRI) supported by the Biotechnology and Biological Sciences Research Council (BBS/E/RH/23NB0008).,,,,,"Beef cattle, heifer - United Kingdom - 2019-01-01",economic,"Beef cattle, heifer",number,True,True,False,True,False,True,False,True,True,False,True,True,True,True,True,True,False,False,False
kipxplzoax-p,,"Animal housing - Queensland, Australia",animal housing,Australia - Queensland,jeaojbdcmpxg,This cycle represents the inventory for 6 weeks of weaner production in the Northern supply chain.,verified survey data,relative,_mtpo6ilytlr,,Environmental Assessment of Two Pork Supply Chains Using Life Cycle Assessment,,,,,,Pig - Australia - 2008,economic,Pig,number,True,False,True,True,True,True,True,True,True,True,False,False,False,True,True,True,False,False,True
o-9hx6qnuqbs,"The area is composed of natural grassland, consisting of annual grasses and some legumes, with disperesed tree cover of cork and holmoak ""montado"". There are also twenty five hectares of natural pasture improved with fertilizer.","Permanent pasture - Traditional Mediterranean extensive mixed farming system - Ferreira do Alentejo, Portugal - The area is composed of natura...",permanent pasture,Portugal - Ferreira do Alentejo,qi_mh5u3jayk,,modelled,1 ha,hjjvya1xvrsc,,Economical and environmental trade-offs of traditional Mediterranean dry farming systems in the Alentejo region of Portugal.,,,,,,"Beef cattle, calf (male, weaned) - Portugal - 2011",economic,"Beef cattle, calf (male, weaned)",number,True,True,False,False,False,True,False,True,True,False,False,True,False,True,True,True,False,False,False
xzvy8n9lvng_,,Animal housing - Czech Republic,animal housing,Czech Republic,lzyarw3fkmn0,Organic production system for egg production from laying hens,non-verified survey data,relative,s1krqknyo6_b,10.3390/agriculture12030355,Environmental Impacts of Egg Production from a Life Cycle Perspective,Assumes endDate is 2 years before publication,,,,,"Eggs, hen, in shell (number) - Czech Republic - 2020",none,"Eggs, hen, in shell (number)",number,True,True,True,True,False,True,True,True,True,False,False,True,False,False,True,True,False,False,True
0ixz11x8ut7a,Chicks hatched from the chicken hatchery will be raised in broiler farms to gain about 2 kilograms of weight per animal before further processing for chicken meat processing.,Animal housing - Thailand - Chicks hatched from the chicke...,animal housing,Thailand,psiao67nytvi,Broiler chicken farm,verified survey data,relative,ukwx4hsnmu5v,,Life Cycle Greenhouse Gases Emissions of Processed Frozen Chicken,,,,,,Broiler chicken - Thailand - 2017,none required,Broiler chicken,number,True,True,True,True,False,True,True,True,True,False,False,True,False,True,True,True,False,False,True
spnubbolkokv,Green farming system,"Permanent pasture - Rothamsted Research - West Devon, United Kingdom - Green farming system",permanent pasture,United Kingdom - West Devon,okex4zxuxtx8,Green-2021,non-verified survey data,relative,lfvrcxbnt18h,10.1111/ejss.12350,"The North Wyke Farm Platform: effect of temperate grassland farming systems on soil moisture contents, runoff and associated water quality dynamics",The North Wyke Farm Platform is a UK National Bioscience Research Infrastructure (NBRI) supported by the Biotechnology and Biological Sciences Research Council (BBS/E/RH/23NB0008).,,,,,"Sheep, ewe - United Kingdom - 2022-01-01",economic,"Sheep, ewe",number,True,True,False,True,False,True,False,True,True,False,True,True,True,True,True,True,False,False,False
jpame4xaivxh,French Massif central semi-mountainous area,Permanent pasture - France - French Massif central semi-mou...,permanent pasture,France,hjb2waqt4rwd,Beef production - France - January/February,non-verified survey data,relative,zb47es9se6kw,10.1016/j.agsy.2017.04.005,Environmental footprint of the integrated France–Italy beef production system assessed through a multi-indicator approach,,,,,,"Beef cattle, calf (male, weaned) - France - 2014",mass,"Beef cattle, calf (male, weaned)",number,True,True,True,True,False,False,False,True,True,False,False,False,False,False,False,False,False,False,False
,,,,,4-qzc9-767ls,derived from Dias2025,physical measurement,relative,pjtzt3qtzjqp,10.1016/j.spc.2024.12.023,Environmental assessment of oyster farming from a life cycle perspective,,,,,,"Shell, oyster - Bangladesh - 2022",mass,"Shell, oyster",kg,True,True,True,True,True,True,True,True,True,True,True,True,True,True,True,True,True,True,True
spnubbolkokv,Green farming system,"Permanent pasture - Rothamsted Research - West Devon, United Kingdom - Green farming system",permanent pasture,United Kingdom - West Devon,xizuvz66doyb,Green-2020,non-verified survey data,relative,lfvrcxbnt18h,10.1111/ejss.12350,"The North Wyke Farm Platform: effect of temperate grassland farming systems on soil moisture contents, runoff and associated water quality dynamics",The North Wyke Farm Platform is a UK National Bioscience Research Infrastructure (NBRI) supported by the Biotechnology and Biological Sciences Research Council (BBS/E/RH/23NB0008).,,,,,"Beef cattle, heifer - United Kingdom - 2020-12-31",economic,"Beef cattle, heifer",number,True,True,False,True,False,True,False,True,True,False,True,True,True,True,True,True,False,False,False
7kcs9n7ki99r,They do not provide much information on site.,Animal housing - Denmark - They do not provide much infor...,animal housing,Denmark,0x0am3mp_ndv,Sow herds-2012,non-verified survey data,relative,wcfuerr47b3k,,LANDSGENNEMSNIT FOR PRODUKTIVITET SVINEPRODUKTIONEN 2016,,,,,,"Pig, piglet - Denmark - 2012",none,"Pig, piglet",number,False,True,True,False,False,True,True,True,True,False,False,True,False,True,True,True,False,False,False
muoafygvujou,,Permanent pasture - Ireland,permanent pasture,Ireland,k0qqdsx1jeh1,"Alternative calf-to-beef system with a high grass utlilisation rate, where heifers are finished at 20 months and males are finished as steers at 24 months, with a moderate stocking density of 2.2 LU/ha.",modelled,relative,892cdffsz7dk,10.1016/j.agee.2011.05.010,Whole-farm systems modelling of greenhouse gas emissions from pastoral suckler beef cow production systems,,,,,,"Meat, beef cattle (cold dressed carcass weight) - Ireland - 2009",none required,"Meat, beef cattle (cold dressed carcass weight)",kg cold dressed carcass weight,True,True,True,False,False,True,True,True,False,False,False,True,False,True,True,True,False,False,False
44st2x67an0u,,Animal housing - Czech Republic,animal housing,Czech Republic,l3axwseu0glf,Barn production system for egg production from laying hens,consistent external sources,relative,s1krqknyo6_b,10.3390/agriculture12030355,Environmental Impacts of Egg Production from a Life Cycle Perspective,Assumes endDate is 2 years before publication,,,,,"Eggs, hen, in shell (number) - Czech Republic - 2020",none,"Eggs, hen, in shell (number)",number,True,True,True,True,False,True,True,True,True,False,False,True,False,False,True,True,False,False,True
gkzvh5qiabmk,Blue farming system,"Permanent pasture - Rothamsted Research - West Devon, United Kingdom - Blue farming system",permanent pasture,United Kingdom - West Devon,q9tv7n_pmiff,Blue-2018,non-verified survey data,relative,lfvrcxbnt18h,10.1111/ejss.12350,"The North Wyke Farm Platform: effect of temperate grassland farming systems on soil moisture contents, runoff and associated water quality dynamics",The North Wyke Farm Platform is a UK National Bioscience Research Infrastructure (NBRI) supported by the Biotechnology and Biological Sciences Research Council (BBS/E/RH/23NB0008).,,,,,"Sheep, ram - United Kingdom - 2019-01-01",economic,"Sheep, ram",number,True,True,False,True,False,True,False,True,True,False,True,True,True,True,True,True,False,False,False
hzffdqtzuseu,,Animal housing - United Kingdom,animal housing,United Kingdom,asacwu5yvylp,"Cycle represents all inputs associated with the rearing of all chicks, pullets and layer hens in order to produce 1000kg of eggs in barn housing systems.",modelled,relative,fwy8ntyofqew,10.3382/ps.2011-01635,Predicting the environmental impacts of chicken systems in the united kingdom through a life cycle assessment: Egg production systems,Assuming Eutrophication potential is calculated with CML2001 Baseline method (although this is not clearly specified in the study).,,,,,"Eggs, hen, in shell - United Kingdom - 2010",economic,"Eggs, hen, in shell",kg,True,True,True,True,False,True,True,True,True,False,False,True,False,True,True,True,False,False,True
gkzvh5qiabmk,Blue farming system,"Permanent pasture - Rothamsted Research - West Devon, United Kingdom - Blue farming system",permanent pasture,United Kingdom - West Devon,q9tv7n_pmiff,Blue-2018,non-verified survey data,relative,lfvrcxbnt18h,10.1111/ejss.12350,"The North Wyke Farm Platform: effect of temperate grassland farming systems on soil moisture contents, runoff and associated water quality dynamics",The North Wyke Farm Platform is a UK National Bioscience Research Infrastructure (NBRI) supported by the Biotechnology and Biological Sciences Research Council (BBS/E/RH/23NB0008).,,,,,"Beef cattle, steer - United Kingdom - 2019-01-01",economic,"Beef cattle, steer",number,True,True,False,True,False,True,False,True,True,False,True,True,True,True,True,True,False,False,False
t3rypgie6gl5,Slaughterhouse,Agri-food processor - Denmark - Slaughterhouse,agri-food processor,Denmark,3ubv9geeu5cr,Slaughter-2007,non-verified survey data,relative,wcfuerr47b3k,,LANDSGENNEMSNIT FOR PRODUKTIVITET SVINEPRODUKTIONEN 2016,,,,,,"Meat, pig (cold dressed carcass weight) - Denmark - 2007",none required,"Meat, pig (cold dressed carcass weight)",kg cold dressed carcass weight,True,True,True,False,False,True,True,True,True,False,False,True,True,True,True,True,False,False,False
spnubbolkokv,Green farming system,"Permanent pasture - Rothamsted Research - West Devon, United Kingdom - Green farming system",permanent pasture,United Kingdom - West Devon,h_enyug5e8fz,Green-2013,non-verified survey data,relative,lfvrcxbnt18h,10.1111/ejss.12350,"The North Wyke Farm Platform: effect of temperate grassland farming systems on soil moisture contents, runoff and associated water quality dynamics",The North Wyke Farm Platform is a UK National Bioscience Research Infrastructure (NBRI) supported by the Biotechnology and Biological Sciences Research Council (BBS/E/RH/23NB0008).,,,,,"Beef cattle, steer - United Kingdom - 2014-01-01",economic,"Beef cattle, steer",number,True,True,False,True,False,True,False,True,True,False,True,True,True,True,True,True,False,False,False
_me76ahwki3e,,"Animal housing - G-Ho - Normandie, France",animal housing,France - Normandie,vlfn_svtmoxm,"Grass only in forage area, Holstein breed. Annual milk production cycle, including all grazing and animal housing components.",consistent external sources,relative,pusvmnivm1zy,10.1016/j.jenvman.2013.01.028,"Effect of dairy production system, breed and co-product handling methods on environmental impacts at farm level","Linseed cultivation taken by authors from Nguyen (2012), original data from France. Linseed processing from Bacenetti (2017), selected by us as a proxy. Authors have used daSilva for soybean cultivation data and dalgaard for soybean processing. Given these data are just proxies, we decided to omit them and just specify that the soybean meal is from Brazil.",,,,,"Dairy cattle, cow - France - 2011",economic,"Dairy cattle, cow",number,True,True,True,True,False,True,True,True,True,False,False,True,True,True,True,True,False,True,False
6huf238z9ung,,Animal housing - Canada,animal housing,Canada,as3cej8fszni,,non-verified survey data,relative,5wkskew6jvfz,10.1016/j.jclepro.2017.03.050,"Life cycle assessment of Canadian egg products, with differentiation by hen housing system type",,,,,,"Meat, chicken (liveweight) - Canada - 2012",economic,"Meat, chicken (liveweight)",kg liveweight,True,True,True,True,True,True,True,True,True,False,False,True,False,True,True,True,False,False,True
spnubbolkokv,Green farming system,"Permanent pasture - Rothamsted Research - West Devon, United Kingdom - Green farming system",permanent pasture,United Kingdom - West Devon,csz4s_jq7j9p,Green-2015,non-verified survey data,relative,lfvrcxbnt18h,10.1111/ejss.12350,"The North Wyke Farm Platform: effect of temperate grassland farming systems on soil moisture contents, runoff and associated water quality dynamics",The North Wyke Farm Platform is a UK National Bioscience Research Infrastructure (NBRI) supported by the Biotechnology and Biological Sciences Research Council (BBS/E/RH/23NB0008).,,,,,"Sheep, ewe - United Kingdom - 2016-01-01",economic,"Sheep, ewe",number,True,True,False,True,False,True,False,True,True,False,True,True,True,True,True,True,False,False,False
wmubbtsf6vrm,An average UK system,Permanent pasture - United Kingdom - An average UK system,permanent pasture,United Kingdom,ks-0xxorlzjs,based on a stocking density of two 650kg dairy cows per hectare and includes an allowance for followers. inventory is based on cows being housed for 250 days and outdoors for 115 days,consistent external sources,1 ha,u5chsa8hb0xd,10.13140/RG.2.2.19874.89280,Environmental footprint and sustainability of horticulture (including potatoes)–A comparison with other agricultural sectors,"The study is very unclear about what is actually happening in the Lincolnshire farm (page 59 onwards). Given the site area is different and the years of harvest do not match with the given rotation order, we assumed the crops are not actually in a rotation.",,,,,"Meat, dairy cattle (liveweight) - United Kingdom - 2006",economic,"Meat, dairy cattle (liveweight)",kg liveweight,True,True,False,True,True,True,True,True,True,False,True,True,True,True,True,True,True,True,True
9qol1us8xkds,,Animal housing - Canada,animal housing,Canada,okrskfq0mdpg,,non-verified survey data,relative,5wkskew6jvfz,10.1016/j.jclepro.2017.03.050,"Life cycle assessment of Canadian egg products, with differentiation by hen housing system type",,,,,,"Meat, chicken (liveweight) - Canada - 2012",economic,"Meat, chicken (liveweight)",kg liveweight,True,True,True,True,True,True,True,True,True,False,False,True,False,True,True,True,False,False,True
vdg5bgnd3hl2,Red farming system,"Permanent pasture - Rothamsted Research - West Devon, United Kingdom - Red farming system",permanent pasture,United Kingdom - West Devon,vsy0fzis_ywo,Red-2017,non-verified survey data,relative,lfvrcxbnt18h,10.1111/ejss.12350,"The North Wyke Farm Platform: effect of temperate grassland farming systems on soil moisture contents, runoff and associated water quality dynamics",The North Wyke Farm Platform is a UK National Bioscience Research Infrastructure (NBRI) supported by the Biotechnology and Biological Sciences Research Council (BBS/E/RH/23NB0008).,,,,,"Beef cattle, steer - United Kingdom - 2018-01-01",economic,"Beef cattle, steer",number,True,True,False,True,False,True,False,True,True,False,True,True,True,True,True,True,False,False,False
7kcs9n7ki99r,They do not provide much information on site.,Animal housing - Denmark - They do not provide much infor...,animal housing,Denmark,ds-phhqsf5_s,Sow herds-2015,non-verified survey data,relative,wcfuerr47b3k,,LANDSGENNEMSNIT FOR PRODUKTIVITET SVINEPRODUKTIONEN 2016,,,,,,"Pig, piglet - Denmark - 2015",none,"Pig, piglet",number,False,True,True,False,False,True,True,True,True,False,False,True,False,True,True,True,False,False,False
iiyr4vkmdeyu,,"Animal housing - La Baraya - Principado de Asturias, Spain",animal housing,Spain - Principado de Asturias,sjnlmu67ulai,Pasture-based milk cycle,non-verified survey data,relative,4kzcp4zzxe6a,,ENVIRONMENTAL PERFORMANCE OF SEMI-CONFINEMENT AND PASTURE-BASED SYSTEMS FOR DAIRY COWS,The number of animals was taken at one point during the year. It is assumed this is reflective of the average number of animals on the farm during the year.,,,,,"Milk, cow, raw (FPCM) - Spain - 2018",economic,"Milk, cow, raw (FPCM)",kg FPCM,False,True,True,True,True,True,False,True,True,False,False,True,False,True,True,True,False,False,True
pz6af4fidsos,,Agri-food processor - Russia,agri-food processor,Russia,joioz7vry_mt,Slaughterhouse,consistent external sources,relative,jux68qintvla,,Calculation of carbon emission resulting from poultry production under the conditions of the central region in european Russia,The amount of excreta could be calculated as: (0.004)/(40%*3%) = 0.33333 kg N; however this value seems to high and is likely in error. Emissions from excreta also appear to be in error and excluded.,,,,,Poultry by-product meal - Russia - 2014,economic,Poultry by-product meal,kg,True,True,True,True,True,True,True,True,True,False,True,True,True,True,True,True,True,False,True
moxxmog0thxa,,Animal housing - Ireland,animal housing,Ireland,mjenb2rui79g,A representative sample of Irish suckler to beef farms.,non-verified survey data,relative,oejuzzwezpby,10.1016/j.resenv.2023.100126,Environmental impact of grass-based cattle farms: A life cycle assessment of nature-based diversification scenarios,"The authors reported GWP100 values both including and excluding carbon sequestration. We recorded the lower values, which include carbon sequestration.",,,,,"Meat, beef cattle (cold carcass weight) - Ireland - 2019",biophysical,"Meat, beef cattle (cold carcass weight)",kg cold carcass weight,False,False,True,False,False,True,True,True,True,False,False,True,False,True,True,True,False,False,False
kczoxwh_hkny,,"Animal housing - G-No - Normandie, France",animal housing,France - Normandie,8dtg_nh_hqu7,"Grass only in forage area, Normande breed. Annual milk production cycle, including all grazing and animal housing components.",consistent external sources,relative,pusvmnivm1zy,10.1016/j.jenvman.2013.01.028,"Effect of dairy production system, breed and co-product handling methods on environmental impacts at farm level","Linseed cultivation taken by authors from Nguyen (2012), original data from France. Linseed processing from Bacenetti (2017), selected by us as a proxy. Authors have used daSilva for soybean cultivation data and dalgaard for soybean processing. Given these data are just proxies, we decided to omit them and just specify that the soybean meal is from Brazil.",,,,,"Dairy cattle, calf (weaned) - France - 2011",economic,"Dairy cattle, calf (weaned)",number,True,True,True,True,False,True,True,True,True,False,False,True,True,True,True,True,False,True,False
qrn27gfejkxo,,"Animal housing - Schleswig-Holstein, Germany",animal housing,Germany - Schleswig-Holstein,ja6zolgarlsd,Fattening,non-verified survey data,relative,xczcn7iz5yxe,,Schweinereport 2013,A series of pig reports.,,,,,Pig - Germany - 2013,none required,Pig,number,True,True,True,False,False,True,True,True,True,False,False,True,False,True,True,True,False,False,False
gkzvh5qiabmk,Blue farming system,"Permanent pasture - Rothamsted Research - West Devon, United Kingdom - Blue farming system",permanent pasture,United Kingdom - West Devon,ndeqoezm5dlt,Blue-2013,non-verified survey data,relative,lfvrcxbnt18h,10.1111/ejss.12350,"The North Wyke Farm Platform: effect of temperate grassland farming systems on soil moisture contents, runoff and associated water quality dynamics",The North Wyke Farm Platform is a UK National Bioscience Research Infrastructure (NBRI) supported by the Biotechnology and Biological Sciences Research Council (BBS/E/RH/23NB0008).,,,,,"Sheep, ewe - United Kingdom - 2014-01-01",economic,"Sheep, ewe",number,True,True,False,True,False,True,False,True,True,False,True,True,True,True,True,True,False,False,False
28l31lovco2a,,Animal housing - Germany,animal housing,Germany,hyxtvta5t1ja,Sow Germany Conventional,consistent external sources,relative,w3hq1dphy7wy,,Carbon footprints of conventional and organic pork,"They have included information from lots of different sources, for this reason I have not inlcuded the information regarding crop production (only feed composition) because some of these products we already have the sources.",,,,,"Pig, piglet - Germany - 2007",economic,"Pig, piglet",number,True,True,True,False,False,True,True,True,True,False,False,False,False,True,True,True,False,False,False
_yqaaeqmk-pd,,"Animal housing - Schleswig-Holstein, Germany",animal housing,Germany - Schleswig-Holstein,70umcieuceve,Sow and piglet,non-verified survey data,relative,kyg9ckr4pbuv,,Schweinereport 2021,A series of pig reports.,,,,,"Pig, sow - Germany - 2021",economic,"Pig, sow",number,True,True,True,False,False,True,True,True,True,False,False,True,False,True,True,True,False,False,False
ciyzy5vihc_o,,Agri-food processor - Ireland,agri-food processor,Ireland,dekj9w5onige,Conversion of animals to meat,physical measurement,relative,bjlulokiutoa,10.1016/j.agsy.2017.03.007,An economic and greenhouse gas emissions evaluation of pasture-based dairy calf-to-beef production systems,,,,,,"Meat, beef cattle (cold carcass weight) - Ireland - 2014",economic,"Meat, beef cattle (cold carcass weight)",kg cold carcass weight,True,True,True,False,True,True,True,True,True,False,False,True,True,False,True,True,False,False,True
o9reemqbgtt9,"Mate Grosso country (Acroizal, Agua Boa, Brasnorte, Canarana, Chapada dos Guimaraes, Colider, Cuiaba, Gaucha do Norte, Nobres, Pedra Preta, Rondonopolis)","Agri-food processor - Mato Grosso (Estado), Brazil - Mate Grosso country (Acroizal,...",agri-food processor,"Brazil - Mato Grosso (Estado), Brazil",mzn2cpjn_lev,"Meat, beef (carcass-weight) - Mate Grosso country (Acroizal, Agua Boa, Brasnorte, Canarana, Chapada dos Guimaraes, Colider, Cuiaba, Gaucha do Norte, Nobres, Pedra Preta, Rondonopolis)",non-verified survey data,relative,vzffcjoouhcg,10.1016/j.jclepro.2015.10.072,Assessing the carbon footprint of beef cattle in Brazil: A case study with 22 farms in the State of Mato Grosso,,,,,,"Meat, beef cattle (cold carcass weight) - Brazil - 2011",none required,"Meat, beef cattle (cold carcass weight)",kg cold carcass weight,True,False,True,True,True,True,True,True,True,True,True,True,True,True,True,True,False,False,True
krfwpkfgvirm,,Animal housing - Australia,animal housing,Australia,kgib2uftmb6r,This cycle represent major input for breeding and hatching phase for Free Range.,verified survey data,relative,7kppxn2pfyux,10.1016/j.jclepro.2016.06.086,Resource use and environmental impacts from Australian chicken meat production,,,,,,"Broiler chicken, chick - Australia - 2010",none required,"Broiler chicken, chick",number,True,True,True,True,False,True,True,True,True,False,False,True,True,True,True,True,True,False,True
5okpc67r4pdc,"Cerrado (Goiás, Mato Grosso do Sul, Mato Grosso, Tocantins and Minas Gerais states)","Permanent pasture - Brazil - Cerrado (Goiás, Mato Grosso do...",permanent pasture,Brazil,0vstodjdv9b8,"Beef, fertilized Guinea grass (Panicum maximum cv. Tanzânia) pasture + 75-day finishing period in confinement (Scenario 5)",inconsistent external sources,1 ha,si5hdtbv8hly,10.1016/j.agsy.2015.12.007,Impact of the intensification of beef production in Brazil on greenhouse gas emissions and land use,"No end date for Cycle provided. Assumed to be 2014. Error in electricity unit corrected here (Table 5 reports values in kWh, not MWh). Mineral salts described as 60% CaCO3 and 40% Ca3(PO4)2 in the text. Age at slaughter from supplementary material, sheet ""B1, Herd composition"". Error in carcass weight (Supplementary matrial, sheet B1 ""Herd composition"") corrected here (see Joseph Poore edits). Vaccines used, but data not provided.",,,,,"Beef cattle, heifer - Brazil - 2014",none,"Beef cattle, heifer",number,True,True,False,True,True,True,False,True,False,False,False,True,False,True,True,True,False,False,True
8mgylqwuitay,,Animal housing - Canada,animal housing,Canada,k6jykw5e9clk,,non-verified survey data,relative,5wkskew6jvfz,10.1016/j.jclepro.2017.03.050,"Life cycle assessment of Canadian egg products, with differentiation by hen housing system type",,,,,,"Meat, chicken (liveweight) - Canada - 2012",economic,"Meat, chicken (liveweight)",kg liveweight,True,True,True,True,True,True,True,True,True,False,False,True,False,True,True,True,False,False,True
gkzvh5qiabmk,Blue farming system,"Permanent pasture - Rothamsted Research - West Devon, United Kingdom - Blue farming system",permanent pasture,United Kingdom - West Devon,uhd_i2x10588,Blue-2021,non-verified survey data,relative,lfvrcxbnt18h,10.1111/ejss.12350,"The North Wyke Farm Platform: effect of temperate grassland farming systems on soil moisture contents, runoff and associated water quality dynamics",The North Wyke Farm Platform is a UK National Bioscience Research Infrastructure (NBRI) supported by the Biotechnology and Biological Sciences Research Council (BBS/E/RH/23NB0008).,,,,,"Sheep, ewe - United Kingdom - 2022-01-01",economic,"Sheep, ewe",number,True,True,False,True,False,True,False,True,True,False,True,True,True,True,True,True,False,False,False
spnubbolkokv,Green farming system,"Permanent pasture - Rothamsted Research - West Devon, United Kingdom - Green farming system",permanent pasture,United Kingdom - West Devon,qcf3-xhswwq6,Green-2019,non-verified survey data,relative,lfvrcxbnt18h,10.1111/ejss.12350,"The North Wyke Farm Platform: effect of temperate grassland farming systems on soil moisture contents, runoff and associated water quality dynamics",The North Wyke Farm Platform is a UK National Bioscience Research Infrastructure (NBRI) supported by the Biotechnology and Biological Sciences Research Council (BBS/E/RH/23NB0008).,,,,,"Beef cattle, calf (female, weaned) - United Kingdom - 2020-01-01",economic,"Beef cattle, calf (female, weaned)",number,True,True,False,True,False,True,False,True,True,False,True,True,True,True,True,True,False,False,False
qka2yyebvveg,,"Permanent pasture - São Carlos (Distrito), São Carlos, São Paulo, Brazil",permanent pasture,"Brazil - São Carlos (Distrito), São Carlos, São Paulo, Brazil",9ep21_xrqhrp,Degraded pasture,physical measurement,1 ha,nha19gkveh18,10.1017/S1751731120001822,Greenhouse gas balance and carbon footprint of pasture-based beef cattle production systems in the tropical region (Atlantic Forest biome),,,,,,"Beef cattle, steer - Brazil - 2014",none,"Beef cattle, steer",number,False,True,True,True,False,True,False,True,True,False,False,True,False,False,True,True,False,False,True
zhe46terus0n,,Agri-food processor - Ireland,agri-food processor,Ireland,uy4edznwyiry,Cycle describing the average conversion of Sheep meat to carcass in 26 hilly farms.,consistent external sources,relative,othg_d-xdppv,10.1016/j.agsy.2016.07.004,A life cycle assessment of the effect of intensification on the environmental impacts and resource use of grass-based sheep farming,,,,,,"Meat, sheep (cold carcass weight) - Ireland - 2013",economic,"Meat, sheep (cold carcass weight)",kg cold carcass weight,True,True,True,False,True,True,True,True,True,False,False,False,True,True,True,True,False,False,False
gkzvh5qiabmk,Blue farming system,"Permanent pasture - Rothamsted Research - West Devon, United Kingdom - Blue farming system",permanent pasture,United Kingdom - West Devon,x_4reiabz9jh,Blue-2019,non-verified survey data,relative,lfvrcxbnt18h,10.1111/ejss.12350,"The North Wyke Farm Platform: effect of temperate grassland farming systems on soil moisture contents, runoff and associated water quality dynamics",The North Wyke Farm Platform is a UK National Bioscience Research Infrastructure (NBRI) supported by the Biotechnology and Biological Sciences Research Council (BBS/E/RH/23NB0008).,,,,,"Sheep, ewe - United Kingdom - 2020-01-01",economic,"Sheep, ewe",number,True,True,False,True,False,True,False,True,True,False,True,True,True,True,True,True,False,False,False
q04mtlfbhe8q,,Permanent pasture - Spain,permanent pasture,Spain,kfk4vkxcy1np,Average annual production data across 6 different organic dehesa cattle farms. Cow-calf operation,non-verified survey data,relative,_309twlkzg6f,10.1016/j.jclepro.2022.131918,Carbon sequestration offsets a large share of GHG emissions in dehesa cattle production,"Emissions values were extracted from graphs in Figure 5 using a Web plot digitiser so may not be completely accurate. Extra data supplied from authors on cull cow sales, pasture inputs and pasture grass nutrition qualities",,,,,"Beef cattle, cow - Spain - 2019",economic,"Beef cattle, cow",number,True,True,True,False,False,False,False,True,False,False,False,True,True,True,True,False,False,False,True
5okpc67r4pdc,"Cerrado (Goiás, Mato Grosso do Sul, Mato Grosso, Tocantins and Minas Gerais states)","Permanent pasture - Brazil - Cerrado (Goiás, Mato Grosso do...",permanent pasture,Brazil,cbxes5nfzodk,"Beef, fertilized Guinea grass (Panicum maximum cv. Tanzânia) pasture + 75-day finishing period in confinement (Scenario 5)",inconsistent external sources,relative,si5hdtbv8hly,10.1016/j.agsy.2015.12.007,Impact of the intensification of beef production in Brazil on greenhouse gas emissions and land use,"No end date for Cycle provided. Assumed to be 2014. Error in electricity unit corrected here (Table 5 reports values in kWh, not MWh). Mineral salts described as 60% CaCO3 and 40% Ca3(PO4)2 in the text. Age at slaughter from supplementary material, sheet ""B1, Herd composition"". Error in carcass weight (Supplementary matrial, sheet B1 ""Herd composition"") corrected here (see Joseph Poore edits). Vaccines used, but data not provided.",,,,,"Beef cattle, steer - Brazil - 2014",none,"Beef cattle, steer",number,True,True,True,True,True,True,False,True,True,False,False,True,False,True,True,True,False,False,False
pl5kjgatay0v,,Animal housing - Teagasc Johnstown Castle Research Farm - Ireland,animal housing,Ireland,ortts7hrekjl,"21MO treatment where Steers are offered grass silage ad libitum plus 1.5 kg DM of concentrate per head daily over the winter period, turned out to pasture for 175 days, finished at pasture supplemented with 5 kg DM of concentrate per head daily for 60 days and slaughtered at 21 months of age - (this is the Winter housing period)",physical measurement,relative,bjlulokiutoa,10.1016/j.agsy.2017.03.007,An economic and greenhouse gas emissions evaluation of pasture-based dairy calf-to-beef production systems,,,,,,"Beef cattle, steer - Ireland - 2014",none required,"Beef cattle, steer",number,False,True,True,False,False,False,False,True,True,False,True,True,False,True,False,False,True,False,False
fbfx9yj0tdz3,,Permanent pasture - Colombia,permanent pasture,Colombia,3oc-ypbsafu5,,non-verified survey data,1 ha,8hyob7obzdci,10.1016/j.scitotenv.2021.145573,"Environmental impact of primary beef production chain in Colombia: Carbon footprint, non-renewable energy and land use using Life Cycle Assessment",,,,,,"Milk, cow, raw - Colombia - 2019",economic,"Milk, cow, raw",kg,True,True,True,True,False,True,True,True,True,False,False,True,False,True,True,True,False,False,False
5okpc67r4pdc,"Cerrado (Goiás, Mato Grosso do Sul, Mato Grosso, Tocantins and Minas Gerais states)","Permanent pasture - Brazil - Cerrado (Goiás, Mato Grosso do...",permanent pasture,Brazil,cbxes5nfzodk,"Beef, fertilized Guinea grass (Panicum maximum cv. Tanzânia) pasture + 75-day finishing period in confinement (Scenario 5)",inconsistent external sources,relative,si5hdtbv8hly,10.1016/j.agsy.2015.12.007,Impact of the intensification of beef production in Brazil on greenhouse gas emissions and land use,"No end date for Cycle provided. Assumed to be 2014. Error in electricity unit corrected here (Table 5 reports values in kWh, not MWh). Mineral salts described as 60% CaCO3 and 40% Ca3(PO4)2 in the text. Age at slaughter from supplementary material, sheet ""B1, Herd composition"". Error in carcass weight (Supplementary matrial, sheet B1 ""Herd composition"") corrected here (see Joseph Poore edits). Vaccines used, but data not provided.",,,,,"Beef cattle, heifer - Brazil - 2014",none,"Beef cattle, heifer",number,True,True,True,True,True,True,False,True,True,False,False,True,False,True,True,True,False,False,False
hamgpkm4ehr3,They do not provide much information on site.,Animal housing - Denmark - They do not provide much infor...,animal housing,Denmark,asv60h2r1vcx,Fattening herds-2011,non-verified survey data,relative,wcfuerr47b3k,,LANDSGENNEMSNIT FOR PRODUKTIVITET SVINEPRODUKTIONEN 2016,,,,,,Pig - Denmark - 2011,none required,Pig,number,True,True,True,False,False,True,True,True,True,False,False,True,False,True,True,True,False,False,False
spnubbolkokv,Green farming system,"Permanent pasture - Rothamsted Research - West Devon, United Kingdom - Green farming system",permanent pasture,United Kingdom - West Devon,csz4s_jq7j9p,Green-2015,non-verified survey data,relative,lfvrcxbnt18h,10.1111/ejss.12350,"The North Wyke Farm Platform: effect of temperate grassland farming systems on soil moisture contents, runoff and associated water quality dynamics",The North Wyke Farm Platform is a UK National Bioscience Research Infrastructure (NBRI) supported by the Biotechnology and Biological Sciences Research Council (BBS/E/RH/23NB0008).,,,,,"Sheep, lamb (weaned) - United Kingdom - 2016-01-01",economic,"Sheep, lamb (weaned)",number,True,True,False,True,False,True,False,True,True,False,True,True,True,True,True,True,False,False,False
24szbjtg7vfg,,"Animal housing - Queensland, Australia",animal housing,Australia - Queensland,mwmtbrntjtqr,This cycle represent data for grow out phase in Queensland.,consistent external sources,relative,7kppxn2pfyux,10.1016/j.jclepro.2016.06.086,Resource use and environmental impacts from Australian chicken meat production,,,,,,Broiler chicken - Australia - 2010,none required,Broiler chicken,number,True,True,True,True,False,True,True,True,True,False,False,True,True,True,True,True,True,False,True
vdg5bgnd3hl2,Red farming system,"Permanent pasture - Rothamsted Research - West Devon, United Kingdom - Red farming system",permanent pasture,United Kingdom - West Devon,vsy0fzis_ywo,Red-2017,non-verified survey data,relative,lfvrcxbnt18h,10.1111/ejss.12350,"The North Wyke Farm Platform: effect of temperate grassland farming systems on soil moisture contents, runoff and associated water quality dynamics",The North Wyke Farm Platform is a UK National Bioscience Research Infrastructure (NBRI) supported by the Biotechnology and Biological Sciences Research Council (BBS/E/RH/23NB0008).,,,,,"Sheep, ram - United Kingdom - 2018-01-01",economic,"Sheep, ram",number,True,True,False,True,False,True,False,True,True,False,True,True,True,True,True,True,False,False,False
,,,,,lwv4taxgvx-n,"Control merit cows, in novel by-product system (full housed, fed co-products from food industry with no forages except straw)",physical measurement,relative,bnflkfcuuetx,10.3389/fsufs.2021.588158,Effect of Nutritional Variation and LCA Methodology on the Carbon Footprint of Milk Production From Holstein Friesian Dairy Cows,"Suspect that the diesel, electricity and petrol use recorded is for the full system (i.e. including for growing fodder crops on farm), as opposed to simply the animal rearing cycle (pasture and housing) under which it is currently recorded. Author has been emailed to ask for disaggregated data (incl.  more specific data on crop cultivation), but cannot supply this at this time. Quantity of meat/live animals sold as co-products is also missing. The study states that ""a whole farm approach is taken and emissions are allocated between milk and meat using no allocation to meat and 100% to milk"".",,,,,"Milk, cow, raw - United Kingdom - 2015-12-01",none,"Milk, cow, raw",kg,True,True,True,True,False,True,True,True,True,False,False,True,False,False,True,True,False,False,False
,,,,,ljnjhn_u7h2p,"Control merit cows, in low forage system (conventional housed system with animals confined all year round)",physical measurement,relative,bnflkfcuuetx,10.3389/fsufs.2021.588158,Effect of Nutritional Variation and LCA Methodology on the Carbon Footprint of Milk Production From Holstein Friesian Dairy Cows,"Suspect that the diesel, electricity and petrol use recorded is for the full system (i.e. including for growing fodder crops on farm), as opposed to simply the animal rearing cycle (pasture and housing) under which it is currently recorded. Author has been emailed to ask for disaggregated data (incl.  more specific data on crop cultivation), but cannot supply this at this time. Quantity of meat/live animals sold as co-products is also missing. The study states that ""a whole farm approach is taken and emissions are allocated between milk and meat using no allocation to meat and 100% to milk"".",,,,,"Milk, cow, raw - United Kingdom - 2010-12-01",none,"Milk, cow, raw",kg,True,True,True,True,False,True,True,True,True,False,False,True,False,False,True,True,False,False,False
spnubbolkokv,Green farming system,"Permanent pasture - Rothamsted Research - West Devon, United Kingdom - Green farming system",permanent pasture,United Kingdom - West Devon,44htfoh2ku3e,Green-2017,non-verified survey data,relative,lfvrcxbnt18h,10.1111/ejss.12350,"The North Wyke Farm Platform: effect of temperate grassland farming systems on soil moisture contents, runoff and associated water quality dynamics",The North Wyke Farm Platform is a UK National Bioscience Research Infrastructure (NBRI) supported by the Biotechnology and Biological Sciences Research Council (BBS/E/RH/23NB0008).,,,,,"Beef cattle, calf (male, weaned) - United Kingdom - 2018-01-01",economic,"Beef cattle, calf (male, weaned)",number,True,True,False,True,False,True,False,True,True,False,True,True,True,True,True,True,False,False,False
,,,,,dlqufawzjhbd,,consistent external sources,1 ha,a-zra9lig9k4,10.3168/jds.2019-17182,"Temporal, spatial, and management variability in the carbon footprint of New Zealand milk",,,,,,"Milk, cow, raw (FPCM) - New Zealand - 2016",biophysical,"Milk, cow, raw (FPCM)",kg FPCM,True,False,True,False,False,True,True,True,True,False,False,True,False,True,False,True,False,False,False
pz6af4fidsos,,Agri-food processor - Russia,agri-food processor,Russia,joioz7vry_mt,Slaughterhouse,consistent external sources,relative,jux68qintvla,,Calculation of carbon emission resulting from poultry production under the conditions of the central region in european Russia,The amount of excreta could be calculated as: (0.004)/(40%*3%) = 0.33333 kg N; however this value seems to high and is likely in error. Emissions from excreta also appear to be in error and excluded.,,,,,"Meat, chicken (liveweight) - Russia - 2014",economic,"Meat, chicken (liveweight)",kg liveweight,True,True,True,True,True,True,True,True,True,False,True,True,True,True,True,True,True,False,True
vqphweggy2nt,,"Agri-food processor - Meath, Ireland",agri-food processor,Ireland - Meath,s3kom-4wvhrr,,physical measurement,relative,qprqdskyqqgi,10.1016/j.agsy.2023.103672,"Pasture-finishing of late-maturing bulls or steers in a suckler calf-to-beef system: Animal production, meat quality, economics, greenhouse gas emissions and human-edible food-feed efficiency",,,,,,"Meat, beef cattle (cold carcass weight) - Ireland - 2016",economic,"Meat, beef cattle (cold carcass weight)",kg cold carcass weight,True,True,True,False,True,True,True,True,True,False,False,False,True,True,True,True,True,False,False
hlzxo8wpucub,,Animal housing - Denmark,animal housing,Denmark,ku_a9hkpyyep,Sow Denmark Conventional,consistent external sources,relative,w3hq1dphy7wy,,Carbon footprints of conventional and organic pork,"They have included information from lots of different sources, for this reason I have not inlcuded the information regarding crop production (only feed composition) because some of these products we already have the sources.",,,,,"Pig, sow - Denmark - 2007",economic,"Pig, sow",number,True,True,True,False,False,True,True,True,True,False,False,False,False,True,True,True,False,False,False
pbcn9hpkm_hz,,Animal housing - Southern Europe,animal housing,Southern Europe,71rqzxkebhkt,Aggregate cycle representing all 75 dairy farms sampled,non-verified survey data,relative,3tmw64utoxmb,10.1016/j.jclepro.2021.127056,Environmental impacts of milk production and processing in the Eastern Alps: A “cradle-to-dairy gate” LCA approach,,,,,,"Dairy cattle, cow - Southern Europe - 2019",economic,"Dairy cattle, cow",number,True,True,True,True,False,False,True,True,True,False,False,True,False,True,False,True,False,False,False
xqtls4vkjwav,,Animal housing - Czech Republic,animal housing,Czech Republic,wqwc90ldgrrk,Battery production system for egg production from laying hens,consistent external sources,relative,s1krqknyo6_b,10.3390/agriculture12030355,Environmental Impacts of Egg Production from a Life Cycle Perspective,Assumes endDate is 2 years before publication,,,,,"Eggs, hen, in shell (number) - Czech Republic - 2020",none,"Eggs, hen, in shell (number)",number,True,True,True,True,False,True,True,True,True,False,False,True,False,False,True,True,False,False,True
75gswbkf3yei,DairyNZ/LIC (2018) New Zealand Dairy Statistics 2019,Permanent pasture - Fonterra - New Zealand - DairyNZ/LIC (2018) New Zealand...,permanent pasture,New Zealand,3cxtqp_fu5rq,,consistent external sources,1 ha,a-zra9lig9k4,10.3168/jds.2019-17182,"Temporal, spatial, and management variability in the carbon footprint of New Zealand milk",,,,,,"Dairy cattle, cow - New Zealand - 2013",economic,"Dairy cattle, cow",number,True,False,True,False,False,True,True,True,True,False,False,True,False,True,False,True,False,False,False
spnubbolkokv,Green farming system,"Permanent pasture - Rothamsted Research - West Devon, United Kingdom - Green farming system",permanent pasture,United Kingdom - West Devon,xizuvz66doyb,Green-2020,non-verified survey data,relative,lfvrcxbnt18h,10.1111/ejss.12350,"The North Wyke Farm Platform: effect of temperate grassland farming systems on soil moisture contents, runoff and associated water quality dynamics",The North Wyke Farm Platform is a UK National Bioscience Research Infrastructure (NBRI) supported by the Biotechnology and Biological Sciences Research Council (BBS/E/RH/23NB0008).,,,,,"Beef cattle, heifer - United Kingdom - 2020-12-31",economic,"Beef cattle, heifer",number,True,True,False,True,False,True,False,True,True,False,True,True,True,True,True,True,False,False,False
vdg5bgnd3hl2,Red farming system,"Permanent pasture - Rothamsted Research - West Devon, United Kingdom - Red farming system",permanent pasture,United Kingdom - West Devon,5g6htwtfe2y9,Red-2011,non-verified survey data,relative,lfvrcxbnt18h,10.1111/ejss.12350,"The North Wyke Farm Platform: effect of temperate grassland farming systems on soil moisture contents, runoff and associated water quality dynamics",The North Wyke Farm Platform is a UK National Bioscience Research Infrastructure (NBRI) supported by the Biotechnology and Biological Sciences Research Council (BBS/E/RH/23NB0008).,,,,,"Beef cattle, steer - United Kingdom - 2012-01-01",economic,"Beef cattle, steer",number,True,True,False,True,False,True,False,True,True,False,True,True,True,True,True,True,False,False,False
jxiosh2w3cfm,,Agri-food processor - Netherlands,agri-food processor,Netherlands,wqysltnb205a,Slaughter - Organic,consistent external sources,relative,j9vcbxofbrwg,10.18174/518522,Economics of broiler production systems in the Netherlands: Economic aspects within the Greenwell sustainability assessment model,,,,,,"Meat, chicken, wings - Netherlands - 2017",economic,"Meat, chicken, wings",kg ready-to-cook weight,True,True,True,False,True,True,True,True,True,False,False,True,True,True,True,True,False,False,False
7i1evkypbgzy,,Animal housing - Italy,animal housing,Italy,koftmmph9tto,"Surveyed farms were ranked by the average milk yield per cow, per day. For the high performing herds, this was <25.4kg/cow/day",non-verified survey data,relative,xmxf7n1ihnuu,,Environmental impacts of cow’s milk in Northern Italy: Effects of farming performance,,,,,,"Milk, cow, raw (FPCM) - Italy - 2020",economic,"Milk, cow, raw (FPCM)",kg FPCM,True,True,True,True,True,True,True,True,True,False,False,True,False,True,True,True,False,False,True
tx_qxfvra6we,12 big corporations that account for more than 90% of the country’s total capacity.,Animal housing - Thailand - 12 big corporations that accou...,animal housing,Thailand,yu0ye1sriuhg,CB1-Parent farm 4,non-verified survey data,relative,jwwfj8vmju7j,10.15244/pjoes/68156,Greenhouse gas emissions of one-day-old chick production,,,,,,"Eggs, hen, in shell (number) - Thailand - 2011",none required,"Eggs, hen, in shell (number)",number,True,True,True,True,True,True,True,True,True,False,False,True,False,True,True,True,False,True,True
gkzvh5qiabmk,Blue farming system,"Permanent pasture - Rothamsted Research - West Devon, United Kingdom - Blue farming system",permanent pasture,United Kingdom - West Devon,yicqaf6dikra,Blue-2012,non-verified survey data,relative,lfvrcxbnt18h,10.1111/ejss.12350,"The North Wyke Farm Platform: effect of temperate grassland farming systems on soil moisture contents, runoff and associated water quality dynamics",The North Wyke Farm Platform is a UK National Bioscience Research Infrastructure (NBRI) supported by the Biotechnology and Biological Sciences Research Council (BBS/E/RH/23NB0008).,,,,,"Beef cattle, steer - United Kingdom - 2013-01-01",economic,"Beef cattle, steer",number,True,True,False,True,False,True,False,True,True,False,True,True,True,True,True,True,False,False,False
sjdithvxxk3o,,"Animal housing - New South Wales, Australia",animal housing,Australia - New South Wales,baca63dqlc6n,This cycle represents the inventory for 3 weeks of breeder unit production in the southern supply chain.,verified survey data,relative,_mtpo6ilytlr,,Environmental Assessment of Two Pork Supply Chains Using Life Cycle Assessment,,,,,,"Pig, piglet - Australia - 2008",economic,"Pig, piglet",number,True,False,True,True,True,True,True,True,True,True,False,False,False,True,True,True,False,False,True
lkm9w8frxies,DairyNZ/LIC (2018) New Zealand Dairy Statistics 2019,Permanent pasture - Fonterra - New Zealand - DairyNZ/LIC (2018) New Zealand...,permanent pasture,New Zealand,xox8o50xegzd,"On-site, milk production (2017/2018)",non-verified survey data,1 ha,a-zra9lig9k4,10.3168/jds.2019-17182,"Temporal, spatial, and management variability in the carbon footprint of New Zealand milk",,,,,,"Dairy cattle, cow - New Zealand - 2018",economic,"Dairy cattle, cow",number,True,False,True,False,False,True,True,True,True,False,False,True,False,True,False,True,False,False,False
7mmqhan1lcia,,"Animal housing - Schleswig-Holstein, Germany",animal housing,Germany - Schleswig-Holstein,qv2yqsxztgfj,Fattening,non-verified survey data,relative,xwaminzljwtk,,Schweinereport 2016,A series of pig reports.,,,,,Pig - Germany - 2016,none required,Pig,number,True,True,True,False,False,True,True,True,True,False,False,True,False,True,True,True,False,False,False
t1eborbpsoc4,DairyNZ/LIC (2018) New Zealand Dairy Statistics 2019,Permanent pasture - Fonterra - New Zealand - DairyNZ/LIC (2018) New Zealand...,permanent pasture,New Zealand,vhkma173j6a2,,consistent external sources,1 ha,a-zra9lig9k4,10.3168/jds.2019-17182,"Temporal, spatial, and management variability in the carbon footprint of New Zealand milk",,,,,,"Dairy cattle, cow - New Zealand - 2015",economic,"Dairy cattle, cow",number,True,False,True,False,False,True,True,True,True,False,False,True,False,True,False,True,False,False,False
aqvdlcrpxmlx,Northeast Italy,Animal housing - Italy - Northeast Italy,animal housing,Italy,rxhnae60bczy,Beef production - Italy,non-verified survey data,relative,zb47es9se6kw,10.1016/j.agsy.2017.04.005,Environmental footprint of the integrated France–Italy beef production system assessed through a multi-indicator approach,,,,,,"Beef cattle, bull - Italy - 2014",none,"Beef cattle, bull",number,True,False,True,True,False,False,False,True,True,False,False,False,False,False,False,False,False,False,False
vdg5bgnd3hl2,Red farming system,"Permanent pasture - Rothamsted Research - West Devon, United Kingdom - Red farming system",permanent pasture,United Kingdom - West Devon,tu8q-gl2qh5f,Red-2022,non-verified survey data,relative,lfvrcxbnt18h,10.1111/ejss.12350,"The North Wyke Farm Platform: effect of temperate grassland farming systems on soil moisture contents, runoff and associated water quality dynamics",The North Wyke Farm Platform is a UK National Bioscience Research Infrastructure (NBRI) supported by the Biotechnology and Biological Sciences Research Council (BBS/E/RH/23NB0008).,,,,,"Beef cattle, heifer - United Kingdom - 2023-01-01",economic,"Beef cattle, heifer",number,True,True,False,True,False,True,False,True,True,False,True,True,True,True,True,True,False,False,False
gkzvh5qiabmk,Blue farming system,"Permanent pasture - Rothamsted Research - West Devon, United Kingdom - Blue farming system",permanent pasture,United Kingdom - West Devon,9_2i-uijctrd,Blue-2020,non-verified survey data,relative,lfvrcxbnt18h,10.1111/ejss.12350,"The North Wyke Farm Platform: effect of temperate grassland farming systems on soil moisture contents, runoff and associated water quality dynamics",The North Wyke Farm Platform is a UK National Bioscience Research Infrastructure (NBRI) supported by the Biotechnology and Biological Sciences Research Council (BBS/E/RH/23NB0008).,,,,,"Sheep, lamb - United Kingdom - 2020-12-31",economic,"Sheep, lamb",number,True,True,False,True,False,True,False,True,True,False,True,True,True,True,True,True,False,False,False
vdg5bgnd3hl2,Red farming system,"Permanent pasture - Rothamsted Research - West Devon, United Kingdom - Red farming system",permanent pasture,United Kingdom - West Devon,wvzj8wrv6fka,Red-2018,non-verified survey data,relative,lfvrcxbnt18h,10.1111/ejss.12350,"The North Wyke Farm Platform: effect of temperate grassland farming systems on soil moisture contents, runoff and associated water quality dynamics",The North Wyke Farm Platform is a UK National Bioscience Research Infrastructure (NBRI) supported by the Biotechnology and Biological Sciences Research Council (BBS/E/RH/23NB0008).,,,,,"Beef cattle, heifer - United Kingdom - 2019-01-01",economic,"Beef cattle, heifer",number,True,True,False,True,False,True,False,True,True,False,True,True,True,True,True,True,False,False,False
tci5gxgsgezt,,Animal housing - Italy,animal housing,Italy,7efx0enper3k,"Permanent Meadows Farm - representative of farms located in the Po plain where the cattle were fed principally with forage, compound feed and small quantities of alfalfa and corn feed, without silage feed and protein ingredients. In this system, the forage has spontaneously grown solely in the grassland of the farm and, during warmer seasons, has been left to dry into hay. Therefore, the milk produced is commonly known as “hay milk”, destined to produce Grana Padano cheese as well. Differentiating from the other plain systems, in PMF, meadows were never alternated with other crops, and there was no ploughing or harrowing, only mowing and irrigation. The cattle had the possibility to go in the outdoor paddock during the summer season.",non-verified survey data,relative,jix42tsxvioy,10.1016/j.spc.2023.02.012,The environmental impact of permanent meadows-based farms: A comparison among different dairy farm management systems of an Italian cheese,,,,,,"Meat, dairy cattle (liveweight) - Italy - 2019",economic,"Meat, dairy cattle (liveweight)",kg liveweight,True,True,True,True,True,True,True,True,True,False,False,True,False,True,True,True,False,False,True
l736brhmchvg,,Animal housing - Denmark,animal housing,Denmark,ngxmwlzxku-0,Fattening Denmark Organic,consistent external sources,relative,w3hq1dphy7wy,,Carbon footprints of conventional and organic pork,"They have included information from lots of different sources, for this reason I have not inlcuded the information regarding crop production (only feed composition) because some of these products we already have the sources.",,,,,Pig - Denmark - 2007,none required,Pig,number,True,True,True,False,False,True,True,True,True,False,False,False,False,True,True,True,False,False,False
gkzvh5qiabmk,Blue farming system,"Permanent pasture - Rothamsted Research - West Devon, United Kingdom - Blue farming system",permanent pasture,United Kingdom - West Devon,p0ly_vu3zub2,Blue-2015,non-verified survey data,relative,lfvrcxbnt18h,10.1111/ejss.12350,"The North Wyke Farm Platform: effect of temperate grassland farming systems on soil moisture contents, runoff and associated water quality dynamics",The North Wyke Farm Platform is a UK National Bioscience Research Infrastructure (NBRI) supported by the Biotechnology and Biological Sciences Research Council (BBS/E/RH/23NB0008).,,,,,"Beef cattle, steer - United Kingdom - 2016-01-01",economic,"Beef cattle, steer",number,True,True,False,True,False,True,False,True,True,False,True,True,True,True,True,True,False,False,False
spnubbolkokv,Green farming system,"Permanent pasture - Rothamsted Research - West Devon, United Kingdom - Green farming system",permanent pasture,United Kingdom - West Devon,kydwtvt3yzob,Green-2011,non-verified survey data,relative,lfvrcxbnt18h,10.1111/ejss.12350,"The North Wyke Farm Platform: effect of temperate grassland farming systems on soil moisture contents, runoff and associated water quality dynamics",The North Wyke Farm Platform is a UK National Bioscience Research Infrastructure (NBRI) supported by the Biotechnology and Biological Sciences Research Council (BBS/E/RH/23NB0008).,,,,,"Beef cattle, heifer - United Kingdom - 2012-01-01",economic,"Beef cattle, heifer",number,True,True,False,True,False,True,False,True,True,False,True,True,True,True,True,True,False,False,False
djaudnsgowj0,,Permanent pasture - South Australia,permanent pasture,Australia - South Australia,4dciiftjm-4m,"Lamb production cycle averaged over three case study farms in South Australia. 85% of lambs finished are pasture-based, while 15% are finished with supplementary grain diets.",non-verified survey data,relative,c3c-fbwxy2mp,10.1071/AN14647,Resource use and environmental impacts from Australian export lamb production: A life cycle assessment,,,,,,"Sheep, ewe - Australia - 2012",economic,"Sheep, ewe",number,True,True,True,True,False,True,False,True,False,False,False,True,True,True,True,True,False,False,True
tacs17g1jmuy,,"Permanent pasture - Prague, Czech Republic",permanent pasture,Czech Republic - Prague,as82vhzawqe2,Community garden production system for egg production from laying hens,non-verified survey data,relative,s1krqknyo6_b,10.3390/agriculture12030355,Environmental Impacts of Egg Production from a Life Cycle Perspective,Assumes endDate is 2 years before publication,,,,,"Eggs, hen, in shell (number) - Czech Republic - 2020",none,"Eggs, hen, in shell (number)",number,False,True,True,True,False,True,True,True,True,False,False,True,False,False,True,True,False,False,True
q3-7skq_yx_e,,,,,bg6ap4fzyi4_,"Grass and low proportion maize silage in forage area, with cattle fed an Omega-3 supplement, Holstein breed. Annual milk production cycle, including all grazing and animal housing components.",modelled,relative,pusvmnivm1zy,10.1016/j.jenvman.2013.01.028,"Effect of dairy production system, breed and co-product handling methods on environmental impacts at farm level","Linseed cultivation taken by authors from Nguyen (2012), original data from France. Linseed processing from Bacenetti (2017), selected by us as a proxy. Authors have used daSilva for soybean cultivation data and dalgaard for soybean processing. Given these data are just proxies, we decided to omit them and just specify that the soybean meal is from Brazil.",,,,,"Milk, cow, raw (FPCM) - France - 2011",economic,"Milk, cow, raw (FPCM)",kg FPCM,True,True,True,True,False,True,True,True,True,False,False,True,True,True,True,True,False,True,False
4eeqsxlpnfds,Center-West of Brazil,Agri-food processor - Brazil - Center-West of Brazil,agri-food processor,Brazil,p9yqleelitoj,Brazil - animal to meat slaughter cycle,consistent external sources,relative,d5kbxxbrujd0,10.1016/j.jenvman.2013.12.011,Environmental impacts of French and Brazilian broiler chicken production scenarios: An LCA approach,,,,,,"Meat, chicken (cold carcass weight) - Brazil - 2011",economic,"Meat, chicken (cold carcass weight)",kg cold carcass weight,True,True,True,False,True,True,True,True,True,False,False,True,True,True,True,True,True,False,True
9-loprmmivnu,They do not provide much information on site.,Animal housing - Denmark - They do not provide much infor...,animal housing,Denmark,4bnqqmrxjbiq,Piglet herds-2009,non-verified survey data,relative,wcfuerr47b3k,,LANDSGENNEMSNIT FOR PRODUKTIVITET SVINEPRODUKTIONEN 2016,,,,,,Pig - Denmark - 2009,none required,Pig,number,True,True,True,False,False,True,True,True,True,False,False,True,False,True,True,True,False,False,False
gkzvh5qiabmk,Blue farming system,"Permanent pasture - Rothamsted Research - West Devon, United Kingdom - Blue farming system",permanent pasture,United Kingdom - West Devon,yicqaf6dikra,Blue-2012,non-verified survey data,relative,lfvrcxbnt18h,10.1111/ejss.12350,"The North Wyke Farm Platform: effect of temperate grassland farming systems on soil moisture contents, runoff and associated water quality dynamics",The North Wyke Farm Platform is a UK National Bioscience Research Infrastructure (NBRI) supported by the Biotechnology and Biological Sciences Research Council (BBS/E/RH/23NB0008).,,,,,"Beef cattle, heifer - United Kingdom - 2013-01-01",economic,"Beef cattle, heifer",number,True,True,False,True,False,True,False,True,True,False,True,True,True,True,True,True,False,False,False
vdg5bgnd3hl2,Red farming system,"Permanent pasture - Rothamsted Research - West Devon, United Kingdom - Red farming system",permanent pasture,United Kingdom - West Devon,ltuldd6ydbpf,Red-2020,non-verified survey data,relative,lfvrcxbnt18h,10.1111/ejss.12350,"The North Wyke Farm Platform: effect of temperate grassland farming systems on soil moisture contents, runoff and associated water quality dynamics",The North Wyke Farm Platform is a UK National Bioscience Research Infrastructure (NBRI) supported by the Biotechnology and Biological Sciences Research Council (BBS/E/RH/23NB0008).,,,,,"Beef cattle, steer - United Kingdom - 2020-12-31",economic,"Beef cattle, steer",number,True,True,False,True,False,True,False,True,True,False,True,True,True,True,True,True,False,False,False
uispwoomut3u,"Typical Amazonian beef farm in Cáceres, Mato Grosso state, Brazil. 1000 ha grassland from primary forest","Permanent pasture - Typical Amazonian beef farm - Cáceres (Município), Mato Grosso, Brazil - Typical Amazonian beef farm in...",permanent pasture,"Brazil - Cáceres (Município), Mato Grosso, Brazil",al4jqrvstfmj,Production of Nelore beef (Bos indicus) bulls for slaughter,expert opinion,relative,xjw-lobrpjl_,10.1016/j.jclepro.2015.10.032,Economics and environmental performance issues of a typical Amazonian beef farm: A case study,"For this paper we adjust theherd size by the number of days each animal spends in the cycle (see ""Animal Calculations"" sheet).",,,,,"Beef cattle, cow - Brazil - 2012",none,"Beef cattle, cow",number,True,True,True,False,False,True,False,True,True,False,False,True,False,True,False,True,False,False,False
gu-hw5vvjwzg,,Animal housing - Denmark,animal housing,Denmark,84dbigyhuymg,Fattening Denmark Conventional,consistent external sources,relative,w3hq1dphy7wy,,Carbon footprints of conventional and organic pork,"They have included information from lots of different sources, for this reason I have not inlcuded the information regarding crop production (only feed composition) because some of these products we already have the sources.",,,,,Pig - Denmark - 2007,none required,Pig,number,True,True,True,False,False,True,True,True,True,False,False,False,False,True,True,True,False,False,False
vdg5bgnd3hl2,Red farming system,"Permanent pasture - Rothamsted Research - West Devon, United Kingdom - Red farming system",permanent pasture,United Kingdom - West Devon,93xkm7xeljf7,Red-2019,non-verified survey data,relative,lfvrcxbnt18h,10.1111/ejss.12350,"The North Wyke Farm Platform: effect of temperate grassland farming systems on soil moisture contents, runoff and associated water quality dynamics",The North Wyke Farm Platform is a UK National Bioscience Research Infrastructure (NBRI) supported by the Biotechnology and Biological Sciences Research Council (BBS/E/RH/23NB0008).,,,,,"Beef cattle, calf (male, weaned) - United Kingdom - 2020-01-01",economic,"Beef cattle, calf (male, weaned)",number,True,True,False,True,False,True,False,True,True,False,True,True,True,True,True,True,False,False,False
zugv7pcewbkb,,"Animal housing - G/HM-Ho - Normandie, France",animal housing,France - Normandie,oxruhn-issv5,"Grass and high proportion maize silage in forage area, Holstein breed. Annual milk production cycle, including all grazing and animal housing components.",modelled,relative,pusvmnivm1zy,10.1016/j.jenvman.2013.01.028,"Effect of dairy production system, breed and co-product handling methods on environmental impacts at farm level","Linseed cultivation taken by authors from Nguyen (2012), original data from France. Linseed processing from Bacenetti (2017), selected by us as a proxy. Authors have used daSilva for soybean cultivation data and dalgaard for soybean processing. Given these data are just proxies, we decided to omit them and just specify that the soybean meal is from Brazil.",,,,,"Dairy cattle, calf (weaned) - France - 2011",economic,"Dairy cattle, calf (weaned)",number,True,True,True,True,False,True,True,True,True,False,False,True,True,True,True,True,False,True,False
vdg5bgnd3hl2,Red farming system,"Permanent pasture - Rothamsted Research - West Devon, United Kingdom - Red farming system",permanent pasture,United Kingdom - West Devon,wvzj8wrv6fka,Red-2018,non-verified survey data,relative,lfvrcxbnt18h,10.1111/ejss.12350,"The North Wyke Farm Platform: effect of temperate grassland farming systems on soil moisture contents, runoff and associated water quality dynamics",The North Wyke Farm Platform is a UK National Bioscience Research Infrastructure (NBRI) supported by the Biotechnology and Biological Sciences Research Council (BBS/E/RH/23NB0008).,,,,,"Sheep, ewe - United Kingdom - 2019-01-01",economic,"Sheep, ewe",number,True,True,False,True,False,True,False,True,True,False,True,True,True,True,True,True,False,False,False
8-_6v6nukimz,,"Animal housing - Schleswig-Holstein, Germany",animal housing,Germany - Schleswig-Holstein,3lds-kuqx85f,Fattening,non-verified survey data,relative,xdxqgtjphrtn,,Schweinereport 2015,A series of pig reports.,,,,,Pig - Germany - 2015,none required,Pig,number,True,True,True,False,False,True,True,True,True,False,False,True,False,True,True,True,False,False,False
vdg5bgnd3hl2,Red farming system,"Permanent pasture - Rothamsted Research - West Devon, United Kingdom - Red farming system",permanent pasture,United Kingdom - West Devon,vsy0fzis_ywo,Red-2017,non-verified survey data,relative,lfvrcxbnt18h,10.1111/ejss.12350,"The North Wyke Farm Platform: effect of temperate grassland farming systems on soil moisture contents, runoff and associated water quality dynamics",The North Wyke Farm Platform is a UK National Bioscience Research Infrastructure (NBRI) supported by the Biotechnology and Biological Sciences Research Council (BBS/E/RH/23NB0008).,,,,,"Sheep, ewe - United Kingdom - 2018-01-01",economic,"Sheep, ewe",number,True,True,False,True,False,True,False,True,True,False,True,True,True,True,True,True,False,False,False
vk9jii3blfzw,Site is a combination of both the summer (mountain) and winter (dehesa) grazing sites. Area is cumulative of these sites and the altitude and temperature are assumed to be averaged across them.,Permanent pasture - Spain - Site is a combination of both ...,permanent pasture,Spain,vd_9eeibwkdt,Annual cycle of transhumant lamb farm in Albarracin (transhumance of herd to summer farm carried out on foot),non-verified survey data,relative,av57dkzgzdv6,10.1007/s11367-023-02135-3,Carbon footprint of transhumant sheep farms: accounting for natural baseline emissions in Mediterranean systems,"Cycles SED2, THT4 and THF4 have much lower DMI values per animal than the other cycles with no clear reason why; they may be errors.",,,,,"Sheep, lamb - Spain - 2009",economic,"Sheep, lamb",number,True,False,True,True,False,True,True,True,False,False,False,True,True,True,True,True,False,False,False
zj3-6avlvzbp,,Animal housing - Czech Republic,animal housing,Czech Republic,cia4pxhwix98,Battery production system for egg production from laying hens,consistent external sources,relative,s1krqknyo6_b,10.3390/agriculture12030355,Environmental Impacts of Egg Production from a Life Cycle Perspective,Assumes endDate is 2 years before publication,,,,,Layer chicken - Czech Republic - 2020,economic,Layer chicken,number,True,True,True,True,False,True,True,True,True,False,False,True,False,False,True,True,False,False,True
zr7vlxrtgqv2,,"Permanent pasture - Albarracín, Spain",permanent pasture,Spain - Albarracín,b3danvq4g8ec,Annual cycle of sedentary lamb farm in Albarracin (no transhumance),non-verified survey data,relative,av57dkzgzdv6,10.1007/s11367-023-02135-3,Carbon footprint of transhumant sheep farms: accounting for natural baseline emissions in Mediterranean systems,"Cycles SED2, THT4 and THF4 have much lower DMI values per animal than the other cycles with no clear reason why; they may be errors.",,,,,"Sheep, lamb - Spain - 2009",economic,"Sheep, lamb",number,True,False,True,True,False,True,True,True,False,False,False,True,True,True,True,True,False,False,False
ofzs7w6hre5y,,,,,_mgvadrhlhlq,,inconsistent external sources,relative,pg0ta0g9e0ed,,Klimawirkungen der Landwirtschaft in Deutschland,,,,,,Pig - Germany - 2004,economic,Pig,number,True,True,False,True,True,True,True,True,False,False,False,False,False,True,False,True,False,False,False
uqvegah4bhd6,,Permanent pasture - Ireland,permanent pasture,Ireland,wt3un0qhnddo,Average cycle of 26 hill farms.,consistent external sources,relative,othg_d-xdppv,10.1016/j.agsy.2016.07.004,A life cycle assessment of the effect of intensification on the environmental impacts and resource use of grass-based sheep farming,,,,,,"Meat, sheep (liveweight) - Ireland - 2013",economic,"Meat, sheep (liveweight)",kg liveweight,True,True,True,True,False,True,True,True,True,False,False,True,False,True,True,False,False,False,False
uhixw-bmlxuv,"Cerrado (Goiás, Mato Grosso do Sul, Mato Grosso, Tocantins and Minas Gerais states)","Permanent pasture - Brazil - Cerrado (Goiás, Mato Grosso do...",permanent pasture,Brazil,ddn4f1-s7683,"Beef, Stylosanthes spp. (cv. Campo Grande) pasture (Scenario 3)",inconsistent external sources,1 ha,si5hdtbv8hly,10.1016/j.agsy.2015.12.007,Impact of the intensification of beef production in Brazil on greenhouse gas emissions and land use,"No end date for Cycle provided. Assumed to be 2014. Error in electricity unit corrected here (Table 5 reports values in kWh, not MWh). Mineral salts described as 60% CaCO3 and 40% Ca3(PO4)2 in the text. Age at slaughter from supplementary material, sheet ""B1, Herd composition"". Error in carcass weight (Supplementary matrial, sheet B1 ""Herd composition"") corrected here (see Joseph Poore edits). Vaccines used, but data not provided.",,,,,"Beef cattle, steer - Brazil - 2014",none,"Beef cattle, steer",number,True,True,False,True,True,True,False,True,False,False,False,True,False,True,True,True,False,False,True
gkzvh5qiabmk,Blue farming system,"Permanent pasture - Rothamsted Research - West Devon, United Kingdom - Blue farming system",permanent pasture,United Kingdom - West Devon,q9tv7n_pmiff,Blue-2018,non-verified survey data,relative,lfvrcxbnt18h,10.1111/ejss.12350,"The North Wyke Farm Platform: effect of temperate grassland farming systems on soil moisture contents, runoff and associated water quality dynamics",The North Wyke Farm Platform is a UK National Bioscience Research Infrastructure (NBRI) supported by the Biotechnology and Biological Sciences Research Council (BBS/E/RH/23NB0008).,,,,,"Sheep, lamb - United Kingdom - 2019-01-01",economic,"Sheep, lamb",number,True,True,False,True,False,True,False,True,True,False,True,True,True,True,True,True,False,False,False
hamgpkm4ehr3,They do not provide much information on site.,Animal housing - Denmark - They do not provide much infor...,animal housing,Denmark,qr6m1nqappyw,Fattening herds-2014,non-verified survey data,relative,wcfuerr47b3k,,LANDSGENNEMSNIT FOR PRODUKTIVITET SVINEPRODUKTIONEN 2016,,,,,,Pig - Denmark - 2014,none required,Pig,number,True,True,True,False,False,True,True,True,True,False,False,True,False,True,True,True,False,False,False
spnubbolkokv,Green farming system,"Permanent pasture - Rothamsted Research - West Devon, United Kingdom - Green farming system",permanent pasture,United Kingdom - West Devon,oewixdlrufdd,Green-2016,non-verified survey data,relative,lfvrcxbnt18h,10.1111/ejss.12350,"The North Wyke Farm Platform: effect of temperate grassland farming systems on soil moisture contents, runoff and associated water quality dynamics",The North Wyke Farm Platform is a UK National Bioscience Research Infrastructure (NBRI) supported by the Biotechnology and Biological Sciences Research Council (BBS/E/RH/23NB0008).,,,,,"Sheep, ewe - United Kingdom - 2016-12-31",economic,"Sheep, ewe",number,True,True,False,True,False,True,False,True,True,False,True,True,True,True,True,True,False,False,False
zsezugzaj4yz,,"Permanent pasture - Paraná (Estado), Brazil",permanent pasture,"Brazil - Paraná (Estado), Brazil",ebmcxxasu4td,"Aggregate cycle representing data from 4 farms in the Central-East mesoregion on Parana in 2019, all producing milk under a semi-confinement system, where animals spend part of each day on pasture, and the remainder confined",verified survey data,relative,v9neu-ph4e_r,10.1016/j.jclepro.2022.133067,An analysis of Brazilian raw cow milk production systems and environmental product declarations of whole milk,Herd composition is missing from this study.,,,,,"Milk, cow, raw (FPCM) - Brazil - 2019",none,"Milk, cow, raw (FPCM)",kg FPCM,True,False,True,True,True,True,False,True,True,False,False,True,False,True,True,True,False,False,True
vnfjqmaqv1cz,Great Lakes region of USA,Animal housing - United States - Great Lakes region of USA,animal housing,United States,yup7sswrtmfx,,inconsistent external sources,relative,dr_jmmuqpfzs,10.3168/jds.2016-12325,Grazing intensity affects the environmental impact of dairy systems,,,,,,"Meat, dairy cattle (cold carcass weight) - United States - 2016",economic,"Meat, dairy cattle (cold carcass weight)",kg cold carcass weight,True,True,False,True,False,True,True,True,True,False,False,True,False,True,True,True,False,False,False
jz7lt-giovpn,,,,,lyprmumr2wpt,"Annual cycle of an alternative cow-calf production system in the Charolais basin, in which cattle are fed wrapped grass silage, in order to increase their omega-3 fatty acid intake. This consists of three components: 1) Reproduction, output of which = weaned male calves, weaned female calves not used for replacement cull cows, cull cows and a breeding bull. 2) Rearing female calves from weaning (9 months) to finishing at 33 months. 3) Finishing of cull cows, i.e. fattened before sending to the slaughterhouse. Both St and O3 are classified as extensive systems with 7.5 months grazing from April to November. The grazed area consists of 88% permanent versus 12% temporary grassland - this has been used to calculate the relative time spent on permanent versus temporary grassland during those 7.5 months of grazing.",modelled,relative,2uaxgmjzmtai,10.1016/j.livsci.2012.02.010,Effects of type of ration and allocation methods on the environmental impacts of beef-production systems,"Authors have used daSilva for soybean cultivation data and dalgaard for soybean processing. Given these data are just proxies, we decided to omit them and just specify that the soybean meal is from Brazil.",,,,,"Beef cattle, heifer - France - 2010",economic,"Beef cattle, heifer",number,True,True,True,True,False,True,True,True,True,False,False,True,False,True,True,True,False,False,False
spnubbolkokv,Green farming system,"Permanent pasture - Rothamsted Research - West Devon, United Kingdom - Green farming system",permanent pasture,United Kingdom - West Devon,h_enyug5e8fz,Green-2013,non-verified survey data,relative,lfvrcxbnt18h,10.1111/ejss.12350,"The North Wyke Farm Platform: effect of temperate grassland farming systems on soil moisture contents, runoff and associated water quality dynamics",The North Wyke Farm Platform is a UK National Bioscience Research Infrastructure (NBRI) supported by the Biotechnology and Biological Sciences Research Council (BBS/E/RH/23NB0008).,,,,,"Sheep, lamb - United Kingdom - 2014-01-01",economic,"Sheep, lamb",number,True,True,False,True,False,True,False,True,True,False,True,True,True,True,True,True,False,False,False
spnubbolkokv,Green farming system,"Permanent pasture - Rothamsted Research - West Devon, United Kingdom - Green farming system",permanent pasture,United Kingdom - West Devon,okex4zxuxtx8,Green-2021,non-verified survey data,relative,lfvrcxbnt18h,10.1111/ejss.12350,"The North Wyke Farm Platform: effect of temperate grassland farming systems on soil moisture contents, runoff and associated water quality dynamics",The North Wyke Farm Platform is a UK National Bioscience Research Infrastructure (NBRI) supported by the Biotechnology and Biological Sciences Research Council (BBS/E/RH/23NB0008).,,,,,"Beef cattle, heifer - United Kingdom - 2022-01-01",economic,"Beef cattle, heifer",number,True,True,False,True,False,True,False,True,True,False,True,True,True,True,True,True,False,False,False
kczoxwh_hkny,,"Animal housing - G-No - Normandie, France",animal housing,France - Normandie,8dtg_nh_hqu7,"Grass only in forage area, Normande breed. Annual milk production cycle, including all grazing and animal housing components.",consistent external sources,relative,pusvmnivm1zy,10.1016/j.jenvman.2013.01.028,"Effect of dairy production system, breed and co-product handling methods on environmental impacts at farm level","Linseed cultivation taken by authors from Nguyen (2012), original data from France. Linseed processing from Bacenetti (2017), selected by us as a proxy. Authors have used daSilva for soybean cultivation data and dalgaard for soybean processing. Given these data are just proxies, we decided to omit them and just specify that the soybean meal is from Brazil.",,,,,"Dairy cattle, cow - France - 2011",economic,"Dairy cattle, cow",number,True,True,True,True,False,True,True,True,True,False,False,True,True,True,True,True,False,True,False
xjqljsowpypr,,"Permanent pasture - TEAGASC Grange Research Centre run by the Agriculture and Food Development Authority. - Meath, Ireland",permanent pasture,Ireland - Meath,qqoqp4ebbuis,,physical measurement,relative,qprqdskyqqgi,10.1016/j.agsy.2023.103672,"Pasture-finishing of late-maturing bulls or steers in a suckler calf-to-beef system: Animal production, meat quality, economics, greenhouse gas emissions and human-edible food-feed efficiency",,,,,,"Beef cattle, steer - Ireland - 2015",none required,"Beef cattle, steer",number,True,True,True,False,False,True,True,True,True,False,False,True,False,True,True,True,False,False,False
spnubbolkokv,Green farming system,"Permanent pasture - Rothamsted Research - West Devon, United Kingdom - Green farming system",permanent pasture,United Kingdom - West Devon,44htfoh2ku3e,Green-2017,non-verified survey data,relative,lfvrcxbnt18h,10.1111/ejss.12350,"The North Wyke Farm Platform: effect of temperate grassland farming systems on soil moisture contents, runoff and associated water quality dynamics",The North Wyke Farm Platform is a UK National Bioscience Research Infrastructure (NBRI) supported by the Biotechnology and Biological Sciences Research Council (BBS/E/RH/23NB0008).,,,,,"Sheep, ewe - United Kingdom - 2018-01-01",economic,"Sheep, ewe",number,True,True,False,True,False,True,False,True,True,False,True,True,True,True,True,True,False,False,False
gkzvh5qiabmk,Blue farming system,"Permanent pasture - Rothamsted Research - West Devon, United Kingdom - Blue farming system",permanent pasture,United Kingdom - West Devon,x_4reiabz9jh,Blue-2019,non-verified survey data,relative,lfvrcxbnt18h,10.1111/ejss.12350,"The North Wyke Farm Platform: effect of temperate grassland farming systems on soil moisture contents, runoff and associated water quality dynamics",The North Wyke Farm Platform is a UK National Bioscience Research Infrastructure (NBRI) supported by the Biotechnology and Biological Sciences Research Council (BBS/E/RH/23NB0008).,,,,,"Beef cattle, steer - United Kingdom - 2020-01-01",economic,"Beef cattle, steer",number,True,True,False,True,False,True,False,True,True,False,True,True,True,True,True,True,False,False,False
spnubbolkokv,Green farming system,"Permanent pasture - Rothamsted Research - West Devon, United Kingdom - Green farming system",permanent pasture,United Kingdom - West Devon,hg69ta4xyz-h,Green-2012,non-verified survey data,relative,lfvrcxbnt18h,10.1111/ejss.12350,"The North Wyke Farm Platform: effect of temperate grassland farming systems on soil moisture contents, runoff and associated water quality dynamics",The North Wyke Farm Platform is a UK National Bioscience Research Infrastructure (NBRI) supported by the Biotechnology and Biological Sciences Research Council (BBS/E/RH/23NB0008).,,,,,"Beef cattle, steer - United Kingdom - 2013-01-01",economic,"Beef cattle, steer",number,True,True,False,True,False,True,False,True,True,False,True,True,True,True,True,True,False,False,False
gkzvh5qiabmk,Blue farming system,"Permanent pasture - Rothamsted Research - West Devon, United Kingdom - Blue farming system",permanent pasture,United Kingdom - West Devon,6yexlxkydtf3,Blue-2014,non-verified survey data,relative,lfvrcxbnt18h,10.1111/ejss.12350,"The North Wyke Farm Platform: effect of temperate grassland farming systems on soil moisture contents, runoff and associated water quality dynamics",The North Wyke Farm Platform is a UK National Bioscience Research Infrastructure (NBRI) supported by the Biotechnology and Biological Sciences Research Council (BBS/E/RH/23NB0008).,,,,,"Beef cattle, steer - United Kingdom - 2015-01-01",economic,"Beef cattle, steer",number,True,True,False,True,False,True,False,True,True,False,True,True,True,True,True,True,False,False,False
ywgo4msoaa25,"Mate Grosso country (Agua Boa, Altra Floresta, Caceres, Castanhiera, Itauba, Juara, Nova Canaa do Norte, Paranatinga, Tangra da Serra, Vila Bela da S.Trindade, Vila Rica)","Permanent pasture - Mato Grosso (Estado), Brazil - Mate Grosso country (Agua Boa,...",permanent pasture,"Brazil - Mato Grosso (Estado), Brazil",l82qw4odfjxl,"Beef production - Mate Grosso country (Agua Boa, Altra Floresta, Caceres, Castanhiera, Itauba, Juara, Nova Canaa do Norte, Paranatinga, Tangra da Serra, Vila Bela da S.Trindade, Vila Rica)",non-verified survey data,1 ha,vzffcjoouhcg,10.1016/j.jclepro.2015.10.072,Assessing the carbon footprint of beef cattle in Brazil: A case study with 22 farms in the State of Mato Grosso,,,,,,"Meat, beef cattle (liveweight) - Brazil - 2011",none required,"Meat, beef cattle (liveweight)",kg liveweight,False,True,True,True,False,False,False,True,True,False,True,True,True,True,False,False,False,True,True
adwr0a2eywpf,,Animal housing - Czech Republic,animal housing,Czech Republic,aw5rnedh_odk,Free range production system for egg production from laying hens,consistent external sources,relative,s1krqknyo6_b,10.3390/agriculture12030355,Environmental Impacts of Egg Production from a Life Cycle Perspective,Assumes endDate is 2 years before publication,,,,,"Eggs, hen, in shell (number) - Czech Republic - 2020",none,"Eggs, hen, in shell (number)",number,True,True,True,True,False,True,True,True,True,False,False,True,False,False,True,True,False,False,True
1ui_cpswxtf1,,Animal housing - Canada,animal housing,Canada,mwyln1pilzgk,"An enriched cage system provides a larger space allowance per bird than conventional cages, as well as access to different furnishings and enrichments within the cage, including perches, nest boxes, scratch areas, etc.",non-verified survey data,relative,suyept760iy4,10.1016/j.resconrec.2021.105907,Life cycle assessment of contemporary Canadian egg production systems during the transition from conventional cage to alternative housing systems: Update and analysis of trends and conditions,,,,,,"Meat, chicken (liveweight) - Canada - 2019",economic,"Meat, chicken (liveweight)",kg liveweight,True,True,True,True,True,True,True,True,True,False,False,True,False,True,True,True,False,False,True
rjc_jnaaue_d,,"Agri-food processor - São Carlos (Distrito), São Carlos, São Paulo, Brazil",agri-food processor,"Brazil - São Carlos (Distrito), São Carlos, São Paulo, Brazil",lrz3fenf44-e,IHS animal to meat,physical measurement,relative,kv1m1hpv86fl,10.1016/j.meatsci.2018.01.019,The effect of grazing system intensification on the growth and meat quality of beef cattle in the Brazilian Atlantic Forest biome,,,,,,"Meat, beef cattle (cold dressed carcass weight) - Brazil - 2014",economic,"Meat, beef cattle (cold dressed carcass weight)",kg cold dressed carcass weight,True,True,True,False,True,True,True,True,True,False,False,True,True,False,True,True,True,False,False
pzzl8kleio11,Great Lakes region of USA,Animal housing - United States - Great Lakes region of USA,animal housing,United States,6v4uom39jivz,,inconsistent external sources,relative,dr_jmmuqpfzs,10.3168/jds.2016-12325,Grazing intensity affects the environmental impact of dairy systems,,,,,,"Meat, dairy cattle (cold carcass weight) - United States - 2016",economic,"Meat, dairy cattle (cold carcass weight)",kg cold carcass weight,True,True,False,True,False,True,True,True,True,False,False,True,False,True,True,True,False,False,False
vdg5bgnd3hl2,Red farming system,"Permanent pasture - Rothamsted Research - West Devon, United Kingdom - Red farming system",permanent pasture,United Kingdom - West Devon,vsy0fzis_ywo,Red-2017,non-verified survey data,relative,lfvrcxbnt18h,10.1111/ejss.12350,"The North Wyke Farm Platform: effect of temperate grassland farming systems on soil moisture contents, runoff and associated water quality dynamics",The North Wyke Farm Platform is a UK National Bioscience Research Infrastructure (NBRI) supported by the Biotechnology and Biological Sciences Research Council (BBS/E/RH/23NB0008).,,,,,"Sheep, ewe - United Kingdom - 2018-01-01",economic,"Sheep, ewe",number,True,True,False,True,False,True,False,True,True,False,True,True,True,True,True,True,False,False,False
ybbamtyquia4,,"Permanent pasture - Ontario (Province), Canada",permanent pasture,"Canada - Ontario (Province), Canada",r1efz66litmc,"This cycle is an average of the 23 farms surveyed: 11 from small farms (15–100 ewes), 8 from mid-sized farms (101–500 ewes), and 4 from larger scale operations (> 500 ewes).",non-verified survey data,relative,bvshcy6gt-fy,10.1007/s11367-022-02105-1,"Life cycle impacts of sheep sector in Ontario, Canada","Emissions have been backcalculated, assuming IPCC (2013) excluding feedbacks. Requires transport node to be updated once available.",,,,,"Wool, sheep (greasy) - Canada - 2022",economic,"Wool, sheep (greasy)",kg,False,True,True,True,False,True,False,True,True,False,False,True,False,True,True,True,False,True,True
,,,,,1a8gh5ysfn-z,Brazil large-scale system,consistent external sources,relative,d5kbxxbrujd0,10.1016/j.jenvman.2013.12.011,Environmental impacts of French and Brazilian broiler chicken production scenarios: An LCA approach,,,,,,Broiler chicken - Brazil - 2011,economic,Broiler chicken,number,True,True,True,False,False,True,True,True,True,False,False,True,True,True,True,True,False,False,False
5y9hicsuayer,Site is a combination of both the summer (mountain) and winter (dehesa) grazing sites. Area is cumulative of these sites and the altitude and temperature are assumed to be averaged across them.,Permanent pasture - Spain - Site is a combination of both ...,permanent pasture,Spain,v2d9gviqwkbc,Annual cycle of transhumant lamb farm in Albarracin (transhumance of herd to summer farm carried out on foot),non-verified survey data,relative,av57dkzgzdv6,10.1007/s11367-023-02135-3,Carbon footprint of transhumant sheep farms: accounting for natural baseline emissions in Mediterranean systems,"Cycles SED2, THT4 and THF4 have much lower DMI values per animal than the other cycles with no clear reason why; they may be errors.",,,,,"Wool, sheep (greasy) - Spain - 2009",economic,"Wool, sheep (greasy)",kg,True,False,True,True,False,True,True,True,False,False,False,True,True,True,True,True,False,False,False
44st2x67an0u,,Animal housing - Czech Republic,animal housing,Czech Republic,l3axwseu0glf,Barn production system for egg production from laying hens,consistent external sources,relative,s1krqknyo6_b,10.3390/agriculture12030355,Environmental Impacts of Egg Production from a Life Cycle Perspective,Assumes endDate is 2 years before publication,,,,,Layer chicken - Czech Republic - 2020,economic,Layer chicken,number,True,True,True,True,False,True,True,True,True,False,False,True,False,False,True,True,False,False,True
,,,,,rzjv-coivdxp,"Select merit cows (sired by bulls with high predicted transmitting abilities for fat + protein yield), in high forage system (conventional regime; cows housed in winter, graze rest of year)",physical measurement,relative,bnflkfcuuetx,10.3389/fsufs.2021.588158,Effect of Nutritional Variation and LCA Methodology on the Carbon Footprint of Milk Production From Holstein Friesian Dairy Cows,"Suspect that the diesel, electricity and petrol use recorded is for the full system (i.e. including for growing fodder crops on farm), as opposed to simply the animal rearing cycle (pasture and housing) under which it is currently recorded. Author has been emailed to ask for disaggregated data (incl.  more specific data on crop cultivation), but cannot supply this at this time. Quantity of meat/live animals sold as co-products is also missing. The study states that ""a whole farm approach is taken and emissions are allocated between milk and meat using no allocation to meat and 100% to milk"".",,,,,"Milk, cow, raw - United Kingdom - 2010-12-01",none,"Milk, cow, raw",kg,True,True,True,True,False,True,False,True,True,False,False,True,False,False,True,False,False,False,False
,,,,,ms8ewrssodjh,Brazil small-scale system,consistent external sources,relative,d5kbxxbrujd0,10.1016/j.jenvman.2013.12.011,Environmental impacts of French and Brazilian broiler chicken production scenarios: An LCA approach,,,,,,Broiler chicken - Brazil - 2011,economic,Broiler chicken,number,True,True,True,False,False,True,True,True,True,False,False,True,True,True,True,True,False,False,False
jhlzw9o9txjo,,Agri-food processor - South Australia,agri-food processor,Australia - South Australia,0cavxro0v4ir,This cycle represent data for meat processing in South Australia,verified survey data,relative,7kppxn2pfyux,10.1016/j.jclepro.2016.06.086,Resource use and environmental impacts from Australian chicken meat production,,,,,,"Meat, chicken (cold carcass weight) - Australia - 2010",economic,"Meat, chicken (cold carcass weight)",kg cold carcass weight,True,True,True,True,True,True,True,True,True,False,False,True,True,True,True,True,False,False,True
7hii-0clviz7,"Cerrado (Goiás, Mato Grosso do Sul, Mato Grosso, Tocantins and Minas Gerais states)","Permanent pasture - Brazil - Cerrado (Goiás, Mato Grosso do...",permanent pasture,Brazil,dppefxlteltj,"Beef, fertilized Guinea grass (Panicum maximum cv. Tanzânia) pasture (Scenario 4)",inconsistent external sources,1 ha,si5hdtbv8hly,10.1016/j.agsy.2015.12.007,Impact of the intensification of beef production in Brazil on greenhouse gas emissions and land use,"No end date for Cycle provided. Assumed to be 2014. Error in electricity unit corrected here (Table 5 reports values in kWh, not MWh). Mineral salts described as 60% CaCO3 and 40% Ca3(PO4)2 in the text. Age at slaughter from supplementary material, sheet ""B1, Herd composition"". Error in carcass weight (Supplementary matrial, sheet B1 ""Herd composition"") corrected here (see Joseph Poore edits). Vaccines used, but data not provided.",,,,,"Beef cattle, heifer - Brazil - 2014",none,"Beef cattle, heifer",number,True,True,False,True,True,True,False,True,False,False,False,True,False,True,True,True,False,False,True
t3rypgie6gl5,Slaughterhouse,Agri-food processor - Denmark - Slaughterhouse,agri-food processor,Denmark,zapxsf85v9e5,Slaughter-2015,non-verified survey data,relative,wcfuerr47b3k,,LANDSGENNEMSNIT FOR PRODUKTIVITET SVINEPRODUKTIONEN 2016,,,,,,"Meat, pig (cold dressed carcass weight) - Denmark - 2015",none required,"Meat, pig (cold dressed carcass weight)",kg cold dressed carcass weight,True,True,True,False,False,True,True,True,True,False,False,True,True,True,True,True,False,False,False
7kcs9n7ki99r,They do not provide much information on site.,Animal housing - Denmark - They do not provide much infor...,animal housing,Denmark,b3ur66yjzxxy,Sow herds-2016,non-verified survey data,relative,wcfuerr47b3k,,LANDSGENNEMSNIT FOR PRODUKTIVITET SVINEPRODUKTIONEN 2016,,,,,,"Pig, piglet - Denmark - 2016",none,"Pig, piglet",number,False,True,True,False,False,True,True,True,True,False,False,True,False,True,True,True,False,False,False
gkzvh5qiabmk,Blue farming system,"Permanent pasture - Rothamsted Research - West Devon, United Kingdom - Blue farming system",permanent pasture,United Kingdom - West Devon,x_4reiabz9jh,Blue-2019,non-verified survey data,relative,lfvrcxbnt18h,10.1111/ejss.12350,"The North Wyke Farm Platform: effect of temperate grassland farming systems on soil moisture contents, runoff and associated water quality dynamics",The North Wyke Farm Platform is a UK National Bioscience Research Infrastructure (NBRI) supported by the Biotechnology and Biological Sciences Research Council (BBS/E/RH/23NB0008).,,,,,"Beef cattle, calf (male, weaned) - United Kingdom - 2020-01-01",economic,"Beef cattle, calf (male, weaned)",number,True,True,False,True,False,True,False,True,True,False,True,True,True,True,True,True,False,False,False
prc9kw8vrxb0,,"Animal housing - Schleswig-Holstein, Germany",animal housing,Germany - Schleswig-Holstein,22mp1nztrfxe,Fattening,non-verified survey data,relative,mpbgp_yroeih,,Schweinereport 2019,A series of pig reports.,,,,,Pig - Germany - 2019,none required,Pig,number,True,True,True,False,False,True,True,True,True,False,False,True,False,True,True,True,False,False,False
mb5zhbp73aj1,,"Permanent pasture - Animal & Grass-land Research and Innovation Centre -TEAGASC - Meath, Ireland",permanent pasture,Ireland - Meath,zmorqds-xrf6,Late maturing suckler bred bull weanlings of breeds of Limousin and Charolais sired kept in housing to begin with and then moved to pasture before being slaughtered at 20 months of age.,physical measurement,relative,adq-l4cpvkng,10.1016/j.animal.2021.100247,Life cycle assessment of pasture-based suckler steer weanling-to-beef production systems: Effect of breed and slaughter age,,,,,,"Beef cattle, steer - United Kingdom - 2016",none,"Beef cattle, steer",number,True,True,False,False,True,True,False,True,True,False,False,True,False,True,True,True,False,True,False
nr_ct7cgaclo,Great Lakes region of USA,Animal housing - United States - Great Lakes region of USA,animal housing,United States,idtbjcrharcd,,inconsistent external sources,relative,dr_jmmuqpfzs,10.3168/jds.2016-12325,Grazing intensity affects the environmental impact of dairy systems,,,,,,"Meat, dairy cattle (cold carcass weight) - United States - 2016",economic,"Meat, dairy cattle (cold carcass weight)",kg cold carcass weight,True,True,False,True,False,True,True,True,True,False,False,True,False,True,True,True,False,False,False
pesnsot-csdi,,"Animal housing - Tepatitlán de Morelos, Mexico",animal housing,Mexico - Tepatitlán de Morelos,fwpujfuyxmxs,Bird development phase (10 weeks),non-verified survey data,relative,slooumnhc8do,10.3390/app10041352,Decreasing the environmental impact in an egg-producing farm through the application of LCA and lean tools,Have assumed error in the amount of grain specified in the Egg posture phase - assumed this is the given amount (3362.3kg) x100 to be inline with the relative amount of grain consumed during the previous phases,,,,,"Layer chicken, pullet - Mexico - 2016",none,"Layer chicken, pullet",number,True,True,True,True,True,True,True,True,True,False,False,True,False,True,True,True,False,False,True
gkzvh5qiabmk,Blue farming system,"Permanent pasture - Rothamsted Research - West Devon, United Kingdom - Blue farming system",permanent pasture,United Kingdom - West Devon,tbwsugf32k4l,Blue-2016,non-verified survey data,relative,lfvrcxbnt18h,10.1111/ejss.12350,"The North Wyke Farm Platform: effect of temperate grassland farming systems on soil moisture contents, runoff and associated water quality dynamics",The North Wyke Farm Platform is a UK National Bioscience Research Infrastructure (NBRI) supported by the Biotechnology and Biological Sciences Research Council (BBS/E/RH/23NB0008).,,,,,"Beef cattle, calf (female, weaned) - United Kingdom - 2016-12-31",economic,"Beef cattle, calf (female, weaned)",number,True,True,False,True,False,True,False,True,True,False,True,True,True,True,True,True,False,False,False
cvy333cq_fut,"Pasture area containing 14 ponds and a creek for livestock watering along with road acces to the property, silo, corral, stable, administration building and workers housing.","Permanent pasture - Itapetinga (Distrito), Itapetinga, Bahia, Brazil - Pasture area containing 14 pon...",permanent pasture,"Brazil - Itapetinga (Distrito), Itapetinga, Bahia, Brazil",9m07h5fm4cgc,Production of calves that are weaned after 6 months with one part of the heifers for slaughter and the other part for replacing mature breeding cows.,non-verified survey data,relative,xv1onxezajtm,10.1007/s11367-016-1062-4,Environmental Impact assessment of a semi-intensive beef cattle production in Brazil’s Northeast,,,,,,"Beef cattle, calf (male, weaned) - Brazil - 2013",mass,"Beef cattle, calf (male, weaned)",number,True,True,True,True,False,True,False,True,True,False,False,True,False,True,True,True,False,False,False
vdg5bgnd3hl2,Red farming system,"Permanent pasture - Rothamsted Research - West Devon, United Kingdom - Red farming system",permanent pasture,United Kingdom - West Devon,5g6htwtfe2y9,Red-2011,non-verified survey data,relative,lfvrcxbnt18h,10.1111/ejss.12350,"The North Wyke Farm Platform: effect of temperate grassland farming systems on soil moisture contents, runoff and associated water quality dynamics",The North Wyke Farm Platform is a UK National Bioscience Research Infrastructure (NBRI) supported by the Biotechnology and Biological Sciences Research Council (BBS/E/RH/23NB0008).,,,,,"Sheep, lamb (weaned) - United Kingdom - 2012-01-01",economic,"Sheep, lamb (weaned)",number,True,True,False,True,False,True,False,True,True,False,True,True,True,True,True,True,False,False,False
qdxwubt2gkmu,,Animal housing - Kipster - Netherlands,animal housing,Netherlands,hdrig8kqn8ud,Kipster-Laying hens scenario 3,consistent external sources,relative,j2jbf7nfmep-,10.1016/j.jclepro.2019.118241,Accounting for feed-food competition in environmental impact assessment: Towards a resource efficient food-system,,,,,,"Layer chicken, hen - Netherlands - 2017",economic,"Layer chicken, hen",number,True,True,True,True,True,True,True,True,True,False,False,True,False,True,True,True,False,False,False
ah9u95bspjfz,,Agri-food processor - Brazil,agri-food processor,Brazil,pouaxvelvnpf,Meat production,modelled,relative,evw50pucedpe,10.1016/j.jclepro.2019.118362,Multicriteria decision-making and probabilistic weighing applied to sustainable assessment of beef life cycle,,,,,,"Meat, beef cattle (liveweight) - Brazil - 2017",economic,"Meat, beef cattle (liveweight)",kg liveweight,True,True,True,False,True,True,True,True,True,False,False,True,True,True,True,True,False,False,True
mlvkno-8x4sd,"Cerrado (Goiás, Mato Grosso do Sul, Mato Grosso, Tocantins and Minas Gerais states).","Agri-food processor - Brazil - Cerrado (Goiás, Mato Grosso do...",agri-food processor,Brazil,0yzmhfbaogdf,"Meat, beef (carcass-weight) - Scenario 2",inconsistent external sources,relative,si5hdtbv8hly,10.1016/j.agsy.2015.12.007,Impact of the intensification of beef production in Brazil on greenhouse gas emissions and land use,"No end date for Cycle provided. Assumed to be 2014. Error in electricity unit corrected here (Table 5 reports values in kWh, not MWh). Mineral salts described as 60% CaCO3 and 40% Ca3(PO4)2 in the text. Age at slaughter from supplementary material, sheet ""B1, Herd composition"". Error in carcass weight (Supplementary matrial, sheet B1 ""Herd composition"") corrected here (see Joseph Poore edits). Vaccines used, but data not provided.",,,,,"Meat, beef cattle (cold carcass weight) - Brazil - 2013",economic,"Meat, beef cattle (cold carcass weight)",kg cold carcass weight,True,True,True,False,True,True,True,True,True,False,False,False,True,False,True,True,False,False,False
,,,,,yup7sswrtmfx,,inconsistent external sources,relative,dr_jmmuqpfzs,10.3168/jds.2016-12325,Grazing intensity affects the environmental impact of dairy systems,,,,,,"Milk, cow, raw (FPCM) - United States - 2016",biophysical,"Milk, cow, raw (FPCM)",kg FPCM,True,True,False,True,False,True,True,True,True,False,False,True,False,True,True,True,False,False,False
izfygl0agpki,,Animal housing - Czech Republic,animal housing,Czech Republic,xxzuhgzjekzw,Free range production system for egg production from laying hens,consistent external sources,relative,s1krqknyo6_b,10.3390/agriculture12030355,Environmental Impacts of Egg Production from a Life Cycle Perspective,Assumes endDate is 2 years before publication,,,,,Layer chicken - Czech Republic - 2020,economic,Layer chicken,number,True,True,True,True,False,True,True,True,True,False,False,True,False,False,True,True,False,False,True
jdpj8vmsefsh,,Permanent pasture - Teagasc Johnstown Castle Research Farm - Ireland,permanent pasture,Ireland,yycqqhkphdeg,"21MO treatment where Steers are offered grass silage ad libitum plus 1.5 kg DM of concentrate per head daily over the winter period, turned out to pasture for 175 days, finished at pasture supplemented with 5 kg DM of concentrate per head daily for 60 days and slaughtered at 21 months of age (21MO) - (this is the pre-treatment/ background phase before experiment starts)",physical measurement,relative,bjlulokiutoa,10.1016/j.agsy.2017.03.007,An economic and greenhouse gas emissions evaluation of pasture-based dairy calf-to-beef production systems,,,,,,"Beef cattle, calf (male, weaned) - Ireland - 2013",none required,"Beef cattle, calf (male, weaned)",number,False,True,False,False,False,False,False,True,True,False,True,True,False,True,False,False,True,False,False
xgg78xjbdj0n,,Animal housing - United Kingdom,animal housing,United Kingdom,o3lobvmlmvrx,Sow England Conventional,consistent external sources,relative,w3hq1dphy7wy,,Carbon footprints of conventional and organic pork,"They have included information from lots of different sources, for this reason I have not inlcuded the information regarding crop production (only feed composition) because some of these products we already have the sources.",,,,,"Pig, piglet - United Kingdom - 2007",economic,"Pig, piglet",number,True,True,True,False,False,True,True,True,True,False,False,False,False,True,True,True,False,False,False
vdg5bgnd3hl2,Red farming system,"Permanent pasture - Rothamsted Research - West Devon, United Kingdom - Red farming system",permanent pasture,United Kingdom - West Devon,9qa3pn-kxwxx,Red-2021,non-verified survey data,relative,lfvrcxbnt18h,10.1111/ejss.12350,"The North Wyke Farm Platform: effect of temperate grassland farming systems on soil moisture contents, runoff and associated water quality dynamics",The North Wyke Farm Platform is a UK National Bioscience Research Infrastructure (NBRI) supported by the Biotechnology and Biological Sciences Research Council (BBS/E/RH/23NB0008).,,,,,"Beef cattle, steer - United Kingdom - 2022-01-01",economic,"Beef cattle, steer",number,True,True,False,True,False,True,False,True,True,False,True,True,True,True,True,True,False,False,False
spnubbolkokv,Green farming system,"Permanent pasture - Rothamsted Research - West Devon, United Kingdom - Green farming system",permanent pasture,United Kingdom - West Devon,hg69ta4xyz-h,Green-2012,non-verified survey data,relative,lfvrcxbnt18h,10.1111/ejss.12350,"The North Wyke Farm Platform: effect of temperate grassland farming systems on soil moisture contents, runoff and associated water quality dynamics",The North Wyke Farm Platform is a UK National Bioscience Research Infrastructure (NBRI) supported by the Biotechnology and Biological Sciences Research Council (BBS/E/RH/23NB0008).,,,,,"Sheep, ram - United Kingdom - 2013-01-01",economic,"Sheep, ram",number,True,True,False,True,False,True,False,True,True,False,True,True,True,True,True,True,False,False,False
pbcn9hpkm_hz,,Animal housing - Southern Europe,animal housing,Southern Europe,71rqzxkebhkt,Aggregate cycle representing all 75 dairy farms sampled,non-verified survey data,relative,3tmw64utoxmb,10.1016/j.jclepro.2021.127056,Environmental impacts of milk production and processing in the Eastern Alps: A “cradle-to-dairy gate” LCA approach,,,,,,"Dairy cattle, calf (male, unweaned) - Southern Europe - 2019",economic,"Dairy cattle, calf (male, unweaned)",number,True,True,True,True,False,False,True,True,True,False,False,True,False,True,False,True,False,False,False
9-loprmmivnu,They do not provide much information on site.,Animal housing - Denmark - They do not provide much infor...,animal housing,Denmark,fc-6c916onnl,Piglet herds-2014,non-verified survey data,relative,wcfuerr47b3k,,LANDSGENNEMSNIT FOR PRODUKTIVITET SVINEPRODUKTIONEN 2016,,,,,,Pig - Denmark - 2014,none required,Pig,number,True,True,True,False,False,True,True,True,True,False,False,True,False,True,True,True,False,False,False
g2dqwp7ho9di,French Massif central semi-mountainous area,Permanent pasture - France - French Massif central semi-mou...,permanent pasture,France,qbnkmbxzz_rz,Beef production - France - November/December,non-verified survey data,relative,zb47es9se6kw,10.1016/j.agsy.2017.04.005,Environmental footprint of the integrated France–Italy beef production system assessed through a multi-indicator approach,,,,,,"Beef cattle, calf (male, weaned) - France - 2014",mass,"Beef cattle, calf (male, weaned)",number,True,True,True,True,False,False,False,True,True,False,False,False,False,False,False,False,False,False,False
sjdithvxxk3o,,"Animal housing - New South Wales, Australia",animal housing,Australia - New South Wales,5-qkgrlriqqm,This cycle represents the inventory for 3-8 weeks of weaner unit production in the southern supply chain.,verified survey data,relative,_mtpo6ilytlr,,Environmental Assessment of Two Pork Supply Chains Using Life Cycle Assessment,,,,,,Pig - Australia - 2008,economic,Pig,number,True,False,True,True,True,True,True,True,True,True,False,False,False,True,True,True,False,False,True
5okpc67r4pdc,"Cerrado (Goiás, Mato Grosso do Sul, Mato Grosso, Tocantins and Minas Gerais states)","Permanent pasture - Brazil - Cerrado (Goiás, Mato Grosso do...",permanent pasture,Brazil,0vstodjdv9b8,"Beef, fertilized Guinea grass (Panicum maximum cv. Tanzânia) pasture + 75-day finishing period in confinement (Scenario 5)",inconsistent external sources,1 ha,si5hdtbv8hly,10.1016/j.agsy.2015.12.007,Impact of the intensification of beef production in Brazil on greenhouse gas emissions and land use,"No end date for Cycle provided. Assumed to be 2014. Error in electricity unit corrected here (Table 5 reports values in kWh, not MWh). Mineral salts described as 60% CaCO3 and 40% Ca3(PO4)2 in the text. Age at slaughter from supplementary material, sheet ""B1, Herd composition"". Error in carcass weight (Supplementary matrial, sheet B1 ""Herd composition"") corrected here (see Joseph Poore edits). Vaccines used, but data not provided.",,,,,"Beef cattle, steer - Brazil - 2014",none,"Beef cattle, steer",number,True,True,False,True,True,True,False,True,False,False,False,True,False,True,True,True,False,False,True
kr4bvskkybqy,Generic site representing farms in this area where cattle are fed a standard silage maize based diet.,"Animal housing - Standard Cow-Calf Production System - Pays de la Loire, France - Generic site representing farm...",animal housing,France - Pays de la Loire,ggywgq1ficv7,"Annual cycle of the standard bull fattening herd, using a diet rich in silage maize (SM)",modelled,relative,2uaxgmjzmtai,10.1016/j.livsci.2012.02.010,Effects of type of ration and allocation methods on the environmental impacts of beef-production systems,"Authors have used daSilva for soybean cultivation data and dalgaard for soybean processing. Given these data are just proxies, we decided to omit them and just specify that the soybean meal is from Brazil.",,,,,"Beef cattle, bull - France - 2010",economic,"Beef cattle, bull",number,True,True,True,True,False,True,True,True,True,False,False,True,False,True,True,True,False,False,False
uaperoy_u-jl,,"Permanent pasture - Albarracín, Spain",permanent pasture,Spain - Albarracín,etlemqc-a4bx,Annual cycle of sedentary lamb farm in Albarracin (no transhumance),non-verified survey data,relative,av57dkzgzdv6,10.1007/s11367-023-02135-3,Carbon footprint of transhumant sheep farms: accounting for natural baseline emissions in Mediterranean systems,"Cycles SED2, THT4 and THF4 have much lower DMI values per animal than the other cycles with no clear reason why; they may be errors.",,,,,"Wool, sheep (greasy) - Spain - 2009",economic,"Wool, sheep (greasy)",kg,True,False,True,True,False,True,True,True,False,False,False,True,True,True,True,True,False,False,False
spnubbolkokv,Green farming system,"Permanent pasture - Rothamsted Research - West Devon, United Kingdom - Green farming system",permanent pasture,United Kingdom - West Devon,oewixdlrufdd,Green-2016,non-verified survey data,relative,lfvrcxbnt18h,10.1111/ejss.12350,"The North Wyke Farm Platform: effect of temperate grassland farming systems on soil moisture contents, runoff and associated water quality dynamics",The North Wyke Farm Platform is a UK National Bioscience Research Infrastructure (NBRI) supported by the Biotechnology and Biological Sciences Research Council (BBS/E/RH/23NB0008).,,,,,"Beef cattle, calf (female, weaned) - United Kingdom - 2016-12-31",economic,"Beef cattle, calf (female, weaned)",number,True,True,False,True,False,True,False,True,True,False,True,True,True,True,True,True,False,False,False
w9ubo-nzl9od,12 big corporations that account for more than 90% of the country’s total capacity.,Animal housing - Thailand - 12 big corporations that accou...,animal housing,Thailand,fgr9ebnhlifd,CB1-Hatchery 1,non-verified survey data,relative,jwwfj8vmju7j,10.15244/pjoes/68156,Greenhouse gas emissions of one-day-old chick production,,,,,,"Broiler chicken, chick - Thailand - 2011",none required,"Broiler chicken, chick",number,True,True,True,True,True,True,True,True,True,False,False,True,True,True,True,True,False,True,True
spnubbolkokv,Green farming system,"Permanent pasture - Rothamsted Research - West Devon, United Kingdom - Green farming system",permanent pasture,United Kingdom - West Devon,csz4s_jq7j9p,Green-2015,non-verified survey data,relative,lfvrcxbnt18h,10.1111/ejss.12350,"The North Wyke Farm Platform: effect of temperate grassland farming systems on soil moisture contents, runoff and associated water quality dynamics",The North Wyke Farm Platform is a UK National Bioscience Research Infrastructure (NBRI) supported by the Biotechnology and Biological Sciences Research Council (BBS/E/RH/23NB0008).,,,,,"Beef cattle, steer - United Kingdom - 2016-01-01",economic,"Beef cattle, steer",number,True,True,False,True,False,True,False,True,True,False,True,True,True,True,True,True,False,False,False
__w7okds1iyg,"Farm in the Western Frontier region of the state of Reio Grande do Sul in the Southern part of Brazil. For each cycle, we use the stocking density and the number of animals to calculate how ma ny hectares are used for each cycle","Permanent pasture - Sao Lucas Farm - Rio Grande do Sul, Brazil - Farm in the Western Frontier r...",permanent pasture,Brazil - Rio Grande do Sul,8g354c4o4h3z,Scenario 7: Natural grass supplemented with protein-energetic mineralised salt,physical measurement,relative,_gzgjmujsbln,10.1016/j.jclepro.2014.01.037,Carbon footprint in different beef production systems on a southern Brazilian farm: A case study,This paper is also going to require an animal weighting similar to Sequiera & Duru,,,,,"Beef cattle, steer - Brazil - 2006-05-26",none,"Beef cattle, steer",number,False,True,True,False,False,True,False,True,False,False,False,True,False,True,False,False,False,True,False
xjqjlhniejkw,Site is a combination of both the summer (mountain) and winter (dehesa) grazing sites. Area is cumulative of these sites and the altitude and temperature are assumed to be averaged across them.,Permanent pasture - Spain - Site is a combination of both ...,permanent pasture,Spain,6rrjtlrsa03s,Annual cycle of transhumant lamb farm in Albarracin (transhumance of herd to summer farm carried out by truck),non-verified survey data,relative,av57dkzgzdv6,10.1007/s11367-023-02135-3,Carbon footprint of transhumant sheep farms: accounting for natural baseline emissions in Mediterranean systems,"Cycles SED2, THT4 and THF4 have much lower DMI values per animal than the other cycles with no clear reason why; they may be errors.",,,,,"Sheep, lamb - Spain - 2009",economic,"Sheep, lamb",number,True,False,True,True,False,True,True,True,False,False,False,True,True,True,True,True,False,False,False
vdg5bgnd3hl2,Red farming system,"Permanent pasture - Rothamsted Research - West Devon, United Kingdom - Red farming system",permanent pasture,United Kingdom - West Devon,rc7znaubqmmq,Red-2013,non-verified survey data,relative,lfvrcxbnt18h,10.1111/ejss.12350,"The North Wyke Farm Platform: effect of temperate grassland farming systems on soil moisture contents, runoff and associated water quality dynamics",The North Wyke Farm Platform is a UK National Bioscience Research Infrastructure (NBRI) supported by the Biotechnology and Biological Sciences Research Council (BBS/E/RH/23NB0008).,,,,,"Sheep, ewe - United Kingdom - 2014-01-01",economic,"Sheep, ewe",number,True,True,False,True,False,True,False,True,True,False,True,True,True,True,True,True,False,False,False
fbfx9yj0tdz3,,Permanent pasture - Colombia,permanent pasture,Colombia,3oc-ypbsafu5,,non-verified survey data,1 ha,8hyob7obzdci,10.1016/j.scitotenv.2021.145573,"Environmental impact of primary beef production chain in Colombia: Carbon footprint, non-renewable energy and land use using Life Cycle Assessment",,,,,,"Meat, beef cattle (liveweight) - Colombia - 2019",economic,"Meat, beef cattle (liveweight)",kg liveweight,True,True,True,True,False,True,True,True,True,False,False,True,False,True,True,True,False,False,False
otrdoo430x42,,Animal housing - Italy,animal housing,Italy,7efx0enper3k,"Permanent Meadows Farm - representative of farms located in the Po plain where the cattle were fed principally with forage, compound feed and small quantities of alfalfa and corn feed, without silage feed and protein ingredients. In this system, the forage has spontaneously grown solely in the grassland of the farm and, during warmer seasons, has been left to dry into hay. Therefore, the milk produced is commonly known as “hay milk”, destined to produce Grana Padano cheese as well. Differentiating from the other plain systems, in PMF, meadows were never alternated with other crops, and there was no ploughing or harrowing, only mowing and irrigation. The cattle had the possibility to go in the outdoor paddock during the summer season.",non-verified survey data,relative,jix42tsxvioy,10.1016/j.spc.2023.02.012,The environmental impact of permanent meadows-based farms: A comparison among different dairy farm management systems of an Italian cheese,,,,,,"Milk, cow, raw (FPCM) - Italy - 2019",biophysical,"Milk, cow, raw (FPCM)",kg FPCM,True,True,True,True,True,True,True,True,True,False,False,True,False,True,True,True,False,False,True
_pkam0fqxmpa,,"Permanent pasture - Victoria (State), Australia",permanent pasture,"Australia - Victoria (State), Australia",s_0kqtilkedu,"Lamb production cycle averaged over four case study farms in Victoria. 85% of lambs finished are pasture-based, while 15% are finished with supplementary grain diets.",verified survey data,relative,c3c-fbwxy2mp,10.1071/AN14647,Resource use and environmental impacts from Australian export lamb production: A life cycle assessment,,,,,,"Sheep, lamb - Australia - 2012",economic,"Sheep, lamb",number,True,True,True,True,False,True,False,True,False,False,False,True,True,True,True,True,False,False,True
vdg5bgnd3hl2,Red farming system,"Permanent pasture - Rothamsted Research - West Devon, United Kingdom - Red farming system",permanent pasture,United Kingdom - West Devon,d4omhedd1gdc,Red-2016,non-verified survey data,relative,lfvrcxbnt18h,10.1111/ejss.12350,"The North Wyke Farm Platform: effect of temperate grassland farming systems on soil moisture contents, runoff and associated water quality dynamics",The North Wyke Farm Platform is a UK National Bioscience Research Infrastructure (NBRI) supported by the Biotechnology and Biological Sciences Research Council (BBS/E/RH/23NB0008).,,,,,"Beef cattle, steer - United Kingdom - 2016-12-31",economic,"Beef cattle, steer",number,True,True,False,True,False,True,False,True,True,False,True,True,True,True,True,True,False,False,False
7kcs9n7ki99r,They do not provide much information on site.,Animal housing - Denmark - They do not provide much infor...,animal housing,Denmark,47m_dv3sfe3b,Sow herds-2013,non-verified survey data,relative,wcfuerr47b3k,,LANDSGENNEMSNIT FOR PRODUKTIVITET SVINEPRODUKTIONEN 2016,,,,,,"Pig, piglet - Denmark - 2013",none,"Pig, piglet",number,False,True,True,False,False,True,True,True,True,False,False,True,False,True,True,True,False,False,False
spnubbolkokv,Green farming system,"Permanent pasture - Rothamsted Research - West Devon, United Kingdom - Green farming system",permanent pasture,United Kingdom - West Devon,okex4zxuxtx8,Green-2021,non-verified survey data,relative,lfvrcxbnt18h,10.1111/ejss.12350,"The North Wyke Farm Platform: effect of temperate grassland farming systems on soil moisture contents, runoff and associated water quality dynamics",The North Wyke Farm Platform is a UK National Bioscience Research Infrastructure (NBRI) supported by the Biotechnology and Biological Sciences Research Council (BBS/E/RH/23NB0008).,,,,,"Beef cattle, calf (female, weaned) - United Kingdom - 2022-01-01",economic,"Beef cattle, calf (female, weaned)",number,True,True,False,True,False,True,False,True,True,False,True,True,True,True,True,True,False,False,False
kgreq5q2yaoc,,"Permanent pasture - Sardegna, Italy",permanent pasture,Italy - Sardegna,grzvzqtzlo0c,"Pluriparous ewes chosen for assessment, lambing concentrated in mid-November. Traditional system with low supplementation (TS-LS), in which mothers were followed by suckling lambs during the grazing time and they received a low dose of supplement (200 g/d of concentrate).",physical measurement,relative,mmjqpffwvz8g,10.3390/ani11123605,Effect of suckling management and ewe concentrate level on methane-related carbon footprint of lamb meat in sardinian dairy sheep farming,,,,,,"Sheep, lamb (male, unweaned) - Italy - 2017-12-13",economic,"Sheep, lamb (male, unweaned)",number,False,True,True,False,False,True,False,True,True,False,False,True,True,True,True,True,False,False,False
op_3tdzsni-f,1,Permanent pasture - Fonterra - New Zealand - 1,permanent pasture,New Zealand,xuryevxnfikc,Off-site replacement cow pasture grazing from weaned calf -> 90% of mature weight (2mo -> 22mo) (2017/18),consistent external sources,1 ha,a-zra9lig9k4,10.3168/jds.2019-17182,"Temporal, spatial, and management variability in the carbon footprint of New Zealand milk",,,,,,"Dairy cattle, heifer - New Zealand - 2018",none,"Dairy cattle, heifer",number,False,False,True,False,False,True,False,True,True,False,False,True,False,True,False,True,False,False,False
ejt3kizmhtlm,French Massif central semi-mountainous area,Permanent pasture - France - French Massif central semi-mou...,permanent pasture,France,mnsguq8wogum,Beef production - France - March/April,non-verified survey data,relative,zb47es9se6kw,10.1016/j.agsy.2017.04.005,Environmental footprint of the integrated France–Italy beef production system assessed through a multi-indicator approach,,,,,,"Beef cattle, cow - France - 2014",economic,"Beef cattle, cow",number,True,True,True,True,False,False,False,True,True,False,False,False,False,False,False,False,False,False,False
5bnsqzhfqhsa,"Cerrado (Goiás, Mato Grosso do Sul, Mato Grosso, Tocantins and Minas Gerais states)","Permanent pasture - Brazil - Cerrado (Goiás, Mato Grosso do...",permanent pasture,Brazil,dzwxq82ljlnv,"Beef, degraded Brachiaria pasture (Scenario 1)",inconsistent external sources,1 ha,si5hdtbv8hly,10.1016/j.agsy.2015.12.007,Impact of the intensification of beef production in Brazil on greenhouse gas emissions and land use,"No end date for Cycle provided. Assumed to be 2014. Error in electricity unit corrected here (Table 5 reports values in kWh, not MWh). Mineral salts described as 60% CaCO3 and 40% Ca3(PO4)2 in the text. Age at slaughter from supplementary material, sheet ""B1, Herd composition"". Error in carcass weight (Supplementary matrial, sheet B1 ""Herd composition"") corrected here (see Joseph Poore edits). Vaccines used, but data not provided.",,,,,"Beef cattle, cow - Brazil - 2014",none,"Beef cattle, cow",number,True,True,False,True,True,True,False,True,False,False,True,True,False,True,True,True,False,False,True
spnubbolkokv,Green farming system,"Permanent pasture - Rothamsted Research - West Devon, United Kingdom - Green farming system",permanent pasture,United Kingdom - West Devon,ycu26sxdzhiv,Green-2022,non-verified survey data,relative,lfvrcxbnt18h,10.1111/ejss.12350,"The North Wyke Farm Platform: effect of temperate grassland farming systems on soil moisture contents, runoff and associated water quality dynamics",The North Wyke Farm Platform is a UK National Bioscience Research Infrastructure (NBRI) supported by the Biotechnology and Biological Sciences Research Council (BBS/E/RH/23NB0008).,,,,,"Sheep, lamb (weaned) - United Kingdom - 2023-01-01",economic,"Sheep, lamb (weaned)",number,True,True,False,True,False,True,False,True,True,False,True,True,True,True,True,True,False,False,False
3mmmuuo9y3xb,,Animal housing - Canada,animal housing,Canada,lkg1wofvqkhj,"In multi-tier free run systems, hens live either directly on the floor or within an aviary structure, with access to perches, nest and scratch areas, and other enrichments.",non-verified survey data,relative,suyept760iy4,10.1016/j.resconrec.2021.105907,Life cycle assessment of contemporary Canadian egg production systems during the transition from conventional cage to alternative housing systems: Update and analysis of trends and conditions,,,,,,"Eggs, hen, in shell - Canada - 2019",biophysical,"Eggs, hen, in shell",kg,True,True,True,True,True,True,True,True,True,False,False,True,False,True,True,True,False,False,True
vdg5bgnd3hl2,Red farming system,"Permanent pasture - Rothamsted Research - West Devon, United Kingdom - Red farming system",permanent pasture,United Kingdom - West Devon,wvzj8wrv6fka,Red-2018,non-verified survey data,relative,lfvrcxbnt18h,10.1111/ejss.12350,"The North Wyke Farm Platform: effect of temperate grassland farming systems on soil moisture contents, runoff and associated water quality dynamics",The North Wyke Farm Platform is a UK National Bioscience Research Infrastructure (NBRI) supported by the Biotechnology and Biological Sciences Research Council (BBS/E/RH/23NB0008).,,,,,"Sheep, lamb (weaned) - United Kingdom - 2019-01-01",economic,"Sheep, lamb (weaned)",number,True,True,False,True,False,True,False,True,True,False,True,True,True,True,True,True,False,False,False
spnubbolkokv,Green farming system,"Permanent pasture - Rothamsted Research - West Devon, United Kingdom - Green farming system",permanent pasture,United Kingdom - West Devon,qcf3-xhswwq6,Green-2019,non-verified survey data,relative,lfvrcxbnt18h,10.1111/ejss.12350,"The North Wyke Farm Platform: effect of temperate grassland farming systems on soil moisture contents, runoff and associated water quality dynamics",The North Wyke Farm Platform is a UK National Bioscience Research Infrastructure (NBRI) supported by the Biotechnology and Biological Sciences Research Council (BBS/E/RH/23NB0008).,,,,,"Beef cattle, heifer - United Kingdom - 2020-01-01",economic,"Beef cattle, heifer",number,True,True,False,True,False,True,False,True,True,False,True,True,True,True,True,True,False,False,False
tvr_nyh_g8dr,Milk production,"Animal housing - Galicia (Comunidad Autónoma), Spain - Milk production",animal housing,"Spain - Galicia (Comunidad Autónoma), Spain",nl_kcqygnrl2,,modelled,relative,nutoovue5vtx,10.1016/j.jclepro.2020.124861,Pursuing the route to eco-efficiency in dairy production: The case of Galician area,The study needs to be updated once the transport module is available.,,,,,"Milk, cow, raw (FPCM) - Spain - 2019-03",economic,"Milk, cow, raw (FPCM)",kg FPCM,True,False,False,False,True,True,True,True,True,False,True,True,True,True,True,False,False,True,True
5m3kytugkqbt,,"Animal housing - Schleswig-Holstein, Germany",animal housing,Germany - Schleswig-Holstein,7bd3t_31jdcs,Sow and piglet,non-verified survey data,relative,shabhgy75qwy,,Schweinereport 2018,A series of pig reports.,,,,,"Pig, piglet - Germany - 2018",economic,"Pig, piglet",number,True,True,True,False,False,True,True,True,True,False,False,True,False,True,True,True,False,False,False
spnubbolkokv,Green farming system,"Permanent pasture - Rothamsted Research - West Devon, United Kingdom - Green farming system",permanent pasture,United Kingdom - West Devon,ycu26sxdzhiv,Green-2022,non-verified survey data,relative,lfvrcxbnt18h,10.1111/ejss.12350,"The North Wyke Farm Platform: effect of temperate grassland farming systems on soil moisture contents, runoff and associated water quality dynamics",The North Wyke Farm Platform is a UK National Bioscience Research Infrastructure (NBRI) supported by the Biotechnology and Biological Sciences Research Council (BBS/E/RH/23NB0008).,,,,,"Beef cattle, calf (male, weaned) - United Kingdom - 2023-01-01",economic,"Beef cattle, calf (male, weaned)",number,True,True,False,True,False,True,False,True,True,False,True,True,True,True,True,True,False,False,False
nf6xejvqw-1f,,"Permanent pasture - Tegasc, Animal and Grassland Research and Innovation Centre - Meath, Ireland",permanent pasture,Ireland - Meath,gfhdqbzy-jnk,,physical measurement,relative,nke6buknxiap,10.1016/j.agsy.2022.103379,"Performance, meat quality, profitability, and greenhouse gas emissions of suckler bulls from pasture-based compared to an indoor high-concentrate weanling-to-beef finishing system",,,,,,"Beef cattle, bull - Ireland - 2015",none required,"Beef cattle, bull",number,True,True,True,False,False,False,True,True,True,False,False,True,False,True,False,False,False,False,False
vdg5bgnd3hl2,Red farming system,"Permanent pasture - Rothamsted Research - West Devon, United Kingdom - Red farming system",permanent pasture,United Kingdom - West Devon,93xkm7xeljf7,Red-2019,non-verified survey data,relative,lfvrcxbnt18h,10.1111/ejss.12350,"The North Wyke Farm Platform: effect of temperate grassland farming systems on soil moisture contents, runoff and associated water quality dynamics",The North Wyke Farm Platform is a UK National Bioscience Research Infrastructure (NBRI) supported by the Biotechnology and Biological Sciences Research Council (BBS/E/RH/23NB0008).,,,,,"Beef cattle, calf (female, weaned) - United Kingdom - 2020-01-01",economic,"Beef cattle, calf (female, weaned)",number,True,True,False,True,False,True,False,True,True,False,True,True,True,True,True,True,False,False,False
gkzvh5qiabmk,Blue farming system,"Permanent pasture - Rothamsted Research - West Devon, United Kingdom - Blue farming system",permanent pasture,United Kingdom - West Devon,yicqaf6dikra,Blue-2012,non-verified survey data,relative,lfvrcxbnt18h,10.1111/ejss.12350,"The North Wyke Farm Platform: effect of temperate grassland farming systems on soil moisture contents, runoff and associated water quality dynamics",The North Wyke Farm Platform is a UK National Bioscience Research Infrastructure (NBRI) supported by the Biotechnology and Biological Sciences Research Council (BBS/E/RH/23NB0008).,,,,,"Sheep, lamb (weaned) - United Kingdom - 2013-01-01",economic,"Sheep, lamb (weaned)",number,True,True,False,True,False,True,False,True,True,False,True,True,True,True,True,True,False,False,False
hpksldknnrjw,,"Animal housing - Schleswig-Holstein, Germany",animal housing,Germany - Schleswig-Holstein,f8mimpuw1ajn,Fattening,non-verified survey data,relative,zqnvvphzf99s,,Schweinereport 2012,A series of pig reports.,,,,,Pig - Germany - 2012,none required,Pig,number,True,True,True,False,False,True,True,True,True,False,False,True,False,True,True,True,False,False,False
ui0lv8evendx,,"Animal housing - Schleswig-Holstein, Germany",animal housing,Germany - Schleswig-Holstein,day_sn5z-kws,Sow and piglet,non-verified survey data,relative,xwaminzljwtk,,Schweinereport 2016,A series of pig reports.,,,,,"Pig, piglet - Germany - 2016",economic,"Pig, piglet",number,True,True,True,False,False,True,True,True,True,False,False,True,False,True,True,True,False,False,False
gkzvh5qiabmk,Blue farming system,"Permanent pasture - Rothamsted Research - West Devon, United Kingdom - Blue farming system",permanent pasture,United Kingdom - West Devon,6yexlxkydtf3,Blue-2014,non-verified survey data,relative,lfvrcxbnt18h,10.1111/ejss.12350,"The North Wyke Farm Platform: effect of temperate grassland farming systems on soil moisture contents, runoff and associated water quality dynamics",The North Wyke Farm Platform is a UK National Bioscience Research Infrastructure (NBRI) supported by the Biotechnology and Biological Sciences Research Council (BBS/E/RH/23NB0008).,,,,,"Beef cattle, heifer - United Kingdom - 2015-01-01",economic,"Beef cattle, heifer",number,True,True,False,True,False,True,False,True,True,False,True,True,True,True,True,True,False,False,False
q-6psn7bsaed,,"Animal housing - Schleswig-Holstein, Germany",animal housing,Germany - Schleswig-Holstein,bgsor7ocwr29,Fattening,non-verified survey data,relative,mzs8bn748kod,,Schweinereport 2017,A series of pig reports.,,,,,Pig - Germany - 2017,none required,Pig,number,True,True,True,False,False,True,True,True,True,False,False,True,False,True,True,True,False,False,False
jysrdnzjsyr2,Slaughterhouse,Agri-food processor - Netherlands - Slaughterhouse,agri-food processor,Netherlands,io2aw8lddos7,Slaughter Netherlands Organic,consistent external sources,relative,w3hq1dphy7wy,,Carbon footprints of conventional and organic pork,"They have included information from lots of different sources, for this reason I have not inlcuded the information regarding crop production (only feed composition) because some of these products we already have the sources.",,,,,"Meat, pig (cold dressed carcass weight) - Netherlands - 2007",none required,"Meat, pig (cold dressed carcass weight)",kg cold dressed carcass weight,True,True,True,False,True,True,True,True,True,False,False,False,True,True,True,True,False,False,False
euxakgwdeylv,,Permanent pasture - United Kingdom,permanent pasture,United Kingdom,xpfora8ppr-t,Average annual production cycle of 27 lowland sheep farms across England and Wales.,non-verified survey data,relative,mroy2usjfur5,10.1016/j.agsy.2013.09.006,The carbon footprint of lamb: Sources of variation and opportunities for mitigation,The split between pasture and housing (and thus the 2 different excreta mangement practices) in each of the three systems is based on assumption.,,,,,"Sheep, ewe - United Kingdom - 2011",economic,"Sheep, ewe",number,True,True,False,False,False,True,False,True,True,False,False,False,False,True,True,False,False,False,False
gnzmdxlrix_2,Site is a combination of both the summer (mountain) and winter (dehesa) grazing sites. Area is cumulative of these sites and the altitude and temperature are assumed to be averaged across them.,Permanent pasture - Spain - Site is a combination of both ...,permanent pasture,Spain,ihku_bvhfaji,Annual cycle of transhumant lamb farm in Albarracin (transhumance of herd to summer farm carried out on foot),non-verified survey data,relative,av57dkzgzdv6,10.1007/s11367-023-02135-3,Carbon footprint of transhumant sheep farms: accounting for natural baseline emissions in Mediterranean systems,"Cycles SED2, THT4 and THF4 have much lower DMI values per animal than the other cycles with no clear reason why; they may be errors.",,,,,"Wool, sheep (greasy) - Spain - 2009",economic,"Wool, sheep (greasy)",kg,True,False,True,True,False,True,True,True,False,False,False,True,True,True,True,True,False,False,False
,,,,,e6xiidajhim3,France high-quality system: “Label Rouge” (Fr-LR),consistent external sources,relative,d5kbxxbrujd0,10.1016/j.jenvman.2013.12.011,Environmental impacts of French and Brazilian broiler chicken production scenarios: An LCA approach,,,,,,Broiler chicken - France - 2011,economic,Broiler chicken,number,True,True,True,False,False,True,True,True,True,False,False,True,True,True,True,True,False,False,False
vdg5bgnd3hl2,Red farming system,"Permanent pasture - Rothamsted Research - West Devon, United Kingdom - Red farming system",permanent pasture,United Kingdom - West Devon,vsy0fzis_ywo,Red-2017,non-verified survey data,relative,lfvrcxbnt18h,10.1111/ejss.12350,"The North Wyke Farm Platform: effect of temperate grassland farming systems on soil moisture contents, runoff and associated water quality dynamics",The North Wyke Farm Platform is a UK National Bioscience Research Infrastructure (NBRI) supported by the Biotechnology and Biological Sciences Research Council (BBS/E/RH/23NB0008).,,,,,"Sheep, lamb (weaned) - United Kingdom - 2018-01-01",economic,"Sheep, lamb (weaned)",number,True,True,False,True,False,True,False,True,True,False,True,True,True,True,True,True,False,False,False
gkzvh5qiabmk,Blue farming system,"Permanent pasture - Rothamsted Research - West Devon, United Kingdom - Blue farming system",permanent pasture,United Kingdom - West Devon,q9tv7n_pmiff,Blue-2018,non-verified survey data,relative,lfvrcxbnt18h,10.1111/ejss.12350,"The North Wyke Farm Platform: effect of temperate grassland farming systems on soil moisture contents, runoff and associated water quality dynamics",The North Wyke Farm Platform is a UK National Bioscience Research Infrastructure (NBRI) supported by the Biotechnology and Biological Sciences Research Council (BBS/E/RH/23NB0008).,,,,,"Beef cattle, steer - United Kingdom - 2019-01-01",economic,"Beef cattle, steer",number,True,True,False,True,False,True,False,True,True,False,True,True,True,True,True,True,False,False,False
spnubbolkokv,Green farming system,"Permanent pasture - Rothamsted Research - West Devon, United Kingdom - Green farming system",permanent pasture,United Kingdom - West Devon,44htfoh2ku3e,Green-2017,non-verified survey data,relative,lfvrcxbnt18h,10.1111/ejss.12350,"The North Wyke Farm Platform: effect of temperate grassland farming systems on soil moisture contents, runoff and associated water quality dynamics",The North Wyke Farm Platform is a UK National Bioscience Research Infrastructure (NBRI) supported by the Biotechnology and Biological Sciences Research Council (BBS/E/RH/23NB0008).,,,,,"Beef cattle, heifer - United Kingdom - 2018-01-01",economic,"Beef cattle, heifer",number,True,True,False,True,False,True,False,True,True,False,True,True,True,True,True,True,False,False,False
9gvv-qcf_uvc,,"Permanent pasture - Teagasc Animal and Grassland Research and Innovation Centre - Cork (Traditional County), Ireland",permanent pasture,"Ireland - Cork (Traditional County), Ireland",bvg6mox2hecg,,verified survey data,relative,w6ztm8yfvjxy,10.3168/jds.2020-19077,The simulated environmental impact of incorporating white clover into pasture-based dairy production systems,Animal Population is an estimate based on livestock units - the exact numbers of different animals in the herd were not given.,,,,,"Milk, cow, raw (FPCM) - Ireland - 2016",economic,"Milk, cow, raw (FPCM)",kg FPCM,True,True,True,True,False,True,False,True,True,False,False,True,False,True,False,True,False,False,False
ab6ytc20qybj,,"Permanent pasture - New South Wales, Australia",permanent pasture,Australia - New South Wales,wufqv-xjz06m,Lamb production cycle for a regional average farm in New South Wales,modelled,relative,c3c-fbwxy2mp,10.1071/AN14647,Resource use and environmental impacts from Australian export lamb production: A life cycle assessment,,,,,,"Sheep, lamb - Australia - 2010",economic,"Sheep, lamb",number,True,True,True,True,False,True,False,True,False,False,False,True,True,True,True,True,False,False,True
gkzvh5qiabmk,Blue farming system,"Permanent pasture - Rothamsted Research - West Devon, United Kingdom - Blue farming system",permanent pasture,United Kingdom - West Devon,ndeqoezm5dlt,Blue-2013,non-verified survey data,relative,lfvrcxbnt18h,10.1111/ejss.12350,"The North Wyke Farm Platform: effect of temperate grassland farming systems on soil moisture contents, runoff and associated water quality dynamics",The North Wyke Farm Platform is a UK National Bioscience Research Infrastructure (NBRI) supported by the Biotechnology and Biological Sciences Research Council (BBS/E/RH/23NB0008).,,,,,"Sheep, lamb - United Kingdom - 2014-01-01",economic,"Sheep, lamb",number,True,True,False,True,False,True,False,True,True,False,True,True,True,True,True,True,False,False,False
7kcs9n7ki99r,They do not provide much information on site.,Animal housing - Denmark - They do not provide much infor...,animal housing,Denmark,6rpgmxzoihdx,Sow herds-2011,non-verified survey data,relative,wcfuerr47b3k,,LANDSGENNEMSNIT FOR PRODUKTIVITET SVINEPRODUKTIONEN 2016,,,,,,"Pig, piglet - Denmark - 2011",none,"Pig, piglet",number,False,True,True,False,False,True,True,True,True,False,False,True,False,True,True,True,False,False,False
fdmxerzb6zzf,,Animal housing - Germany,animal housing,Germany,knmtyi1ohiwf,Fattening Germany Organic,consistent external sources,relative,w3hq1dphy7wy,,Carbon footprints of conventional and organic pork,"They have included information from lots of different sources, for this reason I have not inlcuded the information regarding crop production (only feed composition) because some of these products we already have the sources.",,,,,Pig - Germany - 2007,none required,Pig,number,True,True,True,False,False,True,True,True,True,False,False,False,False,True,True,True,False,False,False
vdg5bgnd3hl2,Red farming system,"Permanent pasture - Rothamsted Research - West Devon, United Kingdom - Red farming system",permanent pasture,United Kingdom - West Devon,d4omhedd1gdc,Red-2016,non-verified survey data,relative,lfvrcxbnt18h,10.1111/ejss.12350,"The North Wyke Farm Platform: effect of temperate grassland farming systems on soil moisture contents, runoff and associated water quality dynamics",The North Wyke Farm Platform is a UK National Bioscience Research Infrastructure (NBRI) supported by the Biotechnology and Biological Sciences Research Council (BBS/E/RH/23NB0008).,,,,,"Beef cattle, calf (male, weaned) - United Kingdom - 2016-12-31",economic,"Beef cattle, calf (male, weaned)",number,True,True,False,True,False,True,False,True,True,False,True,True,True,True,True,True,False,False,False
s715hqo9xuga,,Animal housing - Denmark,animal housing,Denmark,9pksol2ejh-k,Piglets,consistent external sources,relative,hmohcfms011t,,Environmental assessment of Danish pork,"Study is quite unclear as it often states ""per 1000kg pig meat live weight"", but this is unclear whether it is from the sows, piglets, or finishers?",,,,,Pig - Denmark - 2010,none required,Pig,number,True,True,True,True,False,True,True,True,True,False,False,False,False,True,True,True,False,True,False
spnubbolkokv,Green farming system,"Permanent pasture - Rothamsted Research - West Devon, United Kingdom - Green farming system",permanent pasture,United Kingdom - West Devon,h_enyug5e8fz,Green-2013,non-verified survey data,relative,lfvrcxbnt18h,10.1111/ejss.12350,"The North Wyke Farm Platform: effect of temperate grassland farming systems on soil moisture contents, runoff and associated water quality dynamics",The North Wyke Farm Platform is a UK National Bioscience Research Infrastructure (NBRI) supported by the Biotechnology and Biological Sciences Research Council (BBS/E/RH/23NB0008).,,,,,"Sheep, ram - United Kingdom - 2014-01-01",economic,"Sheep, ram",number,True,True,False,True,False,True,False,True,True,False,True,True,True,True,True,True,False,False,False
7i1evkypbgzy,,Animal housing - Italy,animal housing,Italy,koftmmph9tto,"Surveyed farms were ranked by the average milk yield per cow, per day. For the high performing herds, this was <25.4kg/cow/day",non-verified survey data,relative,xmxf7n1ihnuu,,Environmental impacts of cow’s milk in Northern Italy: Effects of farming performance,,,,,,"Meat, dairy cattle (liveweight) - Italy - 2020",economic,"Meat, dairy cattle (liveweight)",kg liveweight,True,True,True,True,True,True,True,True,True,False,False,True,False,True,True,True,False,False,True
m1sgeuqku4ud,60 ha of grazing area for the herd and 40ha of grass to be cut for making silage,Permanent pasture - United Kingdom - 60 ha of grazing area for the ...,permanent pasture,United Kingdom,7s6dgqb6tpsh,"Annual production cycle of a grass-based UK dairy farm on a high sugar grass (HSG), increasingly used in UK livestock holdings.",consistent external sources,relative,dyejpjpyu9fe,10.1016/j.jclepro.2018.08.206,Effects of high-sugar grasses and improved manure management on the environmental footprint of milk production at the farm level,,,,,,"Dairy cattle, cow - United Kingdom - 2016",economic,"Dairy cattle, cow",number,True,True,True,True,False,False,True,True,True,False,False,True,False,True,False,True,False,False,False
x5nbwo8uiqhi,,"Animal housing - Schleswig-Holstein, Germany",animal housing,Germany - Schleswig-Holstein,sb_diqztyzoo,Sow and piglet,non-verified survey data,relative,oeppvtifky_-,,Schweinereport 2011,A series of pig reports.,,,,,"Pig, piglet - Germany - 2011",economic,"Pig, piglet",number,True,True,True,False,False,True,True,True,True,False,False,True,False,True,True,True,False,False,False
gkzvh5qiabmk,Blue farming system,"Permanent pasture - Rothamsted Research - West Devon, United Kingdom - Blue farming system",permanent pasture,United Kingdom - West Devon,9_2i-uijctrd,Blue-2020,non-verified survey data,relative,lfvrcxbnt18h,10.1111/ejss.12350,"The North Wyke Farm Platform: effect of temperate grassland farming systems on soil moisture contents, runoff and associated water quality dynamics",The North Wyke Farm Platform is a UK National Bioscience Research Infrastructure (NBRI) supported by the Biotechnology and Biological Sciences Research Council (BBS/E/RH/23NB0008).,,,,,"Beef cattle, calf (female, weaned) - United Kingdom - 2020-12-31",economic,"Beef cattle, calf (female, weaned)",number,True,True,False,True,False,True,False,True,True,False,True,True,True,True,True,True,False,False,False
gkzvh5qiabmk,Blue farming system,"Permanent pasture - Rothamsted Research - West Devon, United Kingdom - Blue farming system",permanent pasture,United Kingdom - West Devon,x_4reiabz9jh,Blue-2019,non-verified survey data,relative,lfvrcxbnt18h,10.1111/ejss.12350,"The North Wyke Farm Platform: effect of temperate grassland farming systems on soil moisture contents, runoff and associated water quality dynamics",The North Wyke Farm Platform is a UK National Bioscience Research Infrastructure (NBRI) supported by the Biotechnology and Biological Sciences Research Council (BBS/E/RH/23NB0008).,,,,,"Sheep, ram - United Kingdom - 2020-01-01",economic,"Sheep, ram",number,True,True,False,True,False,True,False,True,True,False,True,True,True,True,True,True,False,False,False
gj3dwfvnbsuj,Site is a combination of both the summer (mountain) and winter (dehesa) grazing sites. Area is cumulative of these sites and the altitude and temperature are assumed to be averaged across them.,Permanent pasture - Spain - Site is a combination of both ...,permanent pasture,Spain,sfd4xwqqq2ep,Annual cycle of transhumant lamb farm in Albarracin (transhumance of herd to summer farm carried out by truck),non-verified survey data,relative,av57dkzgzdv6,10.1007/s11367-023-02135-3,Carbon footprint of transhumant sheep farms: accounting for natural baseline emissions in Mediterranean systems,"Cycles SED2, THT4 and THF4 have much lower DMI values per animal than the other cycles with no clear reason why; they may be errors.",,,,,"Sheep, ewe - Spain - 2009",economic,"Sheep, ewe",number,True,False,True,True,False,True,True,True,False,False,False,True,True,True,True,True,False,False,False
9qol1us8xkds,,Animal housing - Canada,animal housing,Canada,okrskfq0mdpg,,non-verified survey data,relative,5wkskew6jvfz,10.1016/j.jclepro.2017.03.050,"Life cycle assessment of Canadian egg products, with differentiation by hen housing system type",,,,,,"Eggs, hen, in shell - Canada - 2012",biophysical,"Eggs, hen, in shell",kg,True,True,True,True,True,True,True,True,True,False,False,True,False,True,True,True,False,False,True
__w7okds1iyg,"Farm in the Western Frontier region of the state of Reio Grande do Sul in the Southern part of Brazil. For each cycle, we use the stocking density and the number of animals to calculate how ma ny hectares are used for each cycle","Permanent pasture - Sao Lucas Farm - Rio Grande do Sul, Brazil - Farm in the Western Frontier r...",permanent pasture,Brazil - Rio Grande do Sul,2ohw0pgir0hg,Scenario 5: Cultivated ryegrass and sorghum Aberdeen Angus,physical measurement,relative,_gzgjmujsbln,10.1016/j.jclepro.2014.01.037,Carbon footprint in different beef production systems on a southern Brazilian farm: A case study,This paper is also going to require an animal weighting similar to Sequiera & Duru,,,,,"Beef cattle, steer - Brazil - 2006-05-18",none,"Beef cattle, steer",number,False,True,True,False,False,True,False,True,False,False,False,True,False,True,False,False,False,True,False
vuuzgywzxdtv,,"Permanent pasture - Albarracín, Spain",permanent pasture,Spain - Albarracín,mcjdqj3gdld9,Annual cycle of sedentary lamb farm in Albarracin (no transhumance),non-verified survey data,relative,av57dkzgzdv6,10.1007/s11367-023-02135-3,Carbon footprint of transhumant sheep farms: accounting for natural baseline emissions in Mediterranean systems,"Cycles SED2, THT4 and THF4 have much lower DMI values per animal than the other cycles with no clear reason why; they may be errors.",,,,,"Sheep, ewe - Spain - 2009",economic,"Sheep, ewe",number,True,False,True,True,False,True,True,True,False,False,False,True,True,True,True,True,False,False,False
vdg5bgnd3hl2,Red farming system,"Permanent pasture - Rothamsted Research - West Devon, United Kingdom - Red farming system",permanent pasture,United Kingdom - West Devon,jpk1ouydzrlf,Red-2015,non-verified survey data,relative,lfvrcxbnt18h,10.1111/ejss.12350,"The North Wyke Farm Platform: effect of temperate grassland farming systems on soil moisture contents, runoff and associated water quality dynamics",The North Wyke Farm Platform is a UK National Bioscience Research Infrastructure (NBRI) supported by the Biotechnology and Biological Sciences Research Council (BBS/E/RH/23NB0008).,,,,,"Sheep, ewe - United Kingdom - 2016-01-01",economic,"Sheep, ewe",number,True,True,False,True,False,True,False,True,True,False,True,True,True,True,True,True,False,False,False
vdg5bgnd3hl2,Red farming system,"Permanent pasture - Rothamsted Research - West Devon, United Kingdom - Red farming system",permanent pasture,United Kingdom - West Devon,wvzj8wrv6fka,Red-2018,non-verified survey data,relative,lfvrcxbnt18h,10.1111/ejss.12350,"The North Wyke Farm Platform: effect of temperate grassland farming systems on soil moisture contents, runoff and associated water quality dynamics",The North Wyke Farm Platform is a UK National Bioscience Research Infrastructure (NBRI) supported by the Biotechnology and Biological Sciences Research Council (BBS/E/RH/23NB0008).,,,,,"Sheep, ewe - United Kingdom - 2019-01-01",economic,"Sheep, ewe",number,True,True,False,True,False,True,False,True,True,False,True,True,True,True,True,True,False,False,False
izfygl0agpki,,Animal housing - Czech Republic,animal housing,Czech Republic,xxzuhgzjekzw,Free range production system for egg production from laying hens,consistent external sources,relative,s1krqknyo6_b,10.3390/agriculture12030355,Environmental Impacts of Egg Production from a Life Cycle Perspective,Assumes endDate is 2 years before publication,,,,,"Eggs, hen, in shell (number) - Czech Republic - 2020",none,"Eggs, hen, in shell (number)",number,True,True,True,True,False,True,True,True,True,False,False,True,False,False,True,True,False,False,True
04jtoqyncysd,,"Permanent pasture - Tegasc, Animal and Grassland Research and Innovation Centre - Meath, Ireland",permanent pasture,Ireland - Meath,vdxkohzr4v6x,,physical measurement,relative,nke6buknxiap,10.1016/j.agsy.2022.103379,"Performance, meat quality, profitability, and greenhouse gas emissions of suckler bulls from pasture-based compared to an indoor high-concentrate weanling-to-beef finishing system",,,,,,"Beef cattle, bull - Ireland - 2015",none required,"Beef cattle, bull",number,True,True,True,False,False,False,True,True,True,False,False,True,False,True,False,False,False,False,False
gkzvh5qiabmk,Blue farming system,"Permanent pasture - Rothamsted Research - West Devon, United Kingdom - Blue farming system",permanent pasture,United Kingdom - West Devon,yicqaf6dikra,Blue-2012,non-verified survey data,relative,lfvrcxbnt18h,10.1111/ejss.12350,"The North Wyke Farm Platform: effect of temperate grassland farming systems on soil moisture contents, runoff and associated water quality dynamics",The North Wyke Farm Platform is a UK National Bioscience Research Infrastructure (NBRI) supported by the Biotechnology and Biological Sciences Research Council (BBS/E/RH/23NB0008).,,,,,"Beef cattle, steer - United Kingdom - 2013-01-01",economic,"Beef cattle, steer",number,True,True,False,True,False,True,False,True,True,False,True,True,True,True,True,True,False,False,False
kjfliq7e7b2k,,Animal housing - Italy,animal housing,Italy,tnpwforfjrfp,"Surveyed farms were ranked by the average milk yield per cow, per day. For the high performing herds, this was >32.6kg/cow/day",non-verified survey data,relative,xmxf7n1ihnuu,,Environmental impacts of cow’s milk in Northern Italy: Effects of farming performance,,,,,,"Milk, cow, raw (FPCM) - Italy - 2020",economic,"Milk, cow, raw (FPCM)",kg FPCM,True,True,True,True,True,True,True,True,True,False,False,True,False,True,True,True,False,False,True
g2dqwp7ho9di,French Massif central semi-mountainous area,Permanent pasture - France - French Massif central semi-mou...,permanent pasture,France,qbnkmbxzz_rz,Beef production - France - November/December,non-verified survey data,relative,zb47es9se6kw,10.1016/j.agsy.2017.04.005,Environmental footprint of the integrated France–Italy beef production system assessed through a multi-indicator approach,,,,,,"Beef cattle, heifer - France - 2014",economic,"Beef cattle, heifer",number,True,True,True,True,False,False,False,True,True,False,False,False,False,False,False,False,False,False,False
iiddewvrjqr5,,"Permanent pasture - Sardegna, Italy",permanent pasture,Italy - Sardegna,dgrdye2sfdpb,"Pluriparous ewes chosen for assessment, lambing concentrated in mid-November. Traditional system with high supplementation (TS-HS), in which mothers were followed by suckling lambs during the grazing time and they received a high dose of supplement (600 g/d of concentrate).",physical measurement,relative,mmjqpffwvz8g,10.3390/ani11123605,Effect of suckling management and ewe concentrate level on methane-related carbon footprint of lamb meat in sardinian dairy sheep farming,,,,,,"Sheep, lamb (male, unweaned) - Italy - 2017-12-13",economic,"Sheep, lamb (male, unweaned)",number,False,True,True,False,False,True,False,True,True,False,False,True,True,True,True,True,False,False,False
lmhtql6-_4-h,,"Animal housing - G/LM-Ho - Normandie, France",animal housing,France - Normandie,wiociakt_wnb,"Grass and low proportion maize silage in forage area, Holstein breed. Annual milk production cycle, including all grazing and animal housing components.",consistent external sources,relative,pusvmnivm1zy,10.1016/j.jenvman.2013.01.028,"Effect of dairy production system, breed and co-product handling methods on environmental impacts at farm level","Linseed cultivation taken by authors from Nguyen (2012), original data from France. Linseed processing from Bacenetti (2017), selected by us as a proxy. Authors have used daSilva for soybean cultivation data and dalgaard for soybean processing. Given these data are just proxies, we decided to omit them and just specify that the soybean meal is from Brazil.",,,,,"Dairy cattle, calf (weaned) - France - 2011",economic,"Dairy cattle, calf (weaned)",number,True,True,True,True,False,True,True,True,True,False,False,True,True,True,True,True,False,True,False
xdkon9n0hxtp,,Animal housing - Germany,animal housing,Germany,bvyp5txp_l-h,Fattening Germany Conventional,consistent external sources,relative,w3hq1dphy7wy,,Carbon footprints of conventional and organic pork,"They have included information from lots of different sources, for this reason I have not inlcuded the information regarding crop production (only feed composition) because some of these products we already have the sources.",,,,,Pig - Germany - 2007,none required,Pig,number,True,True,True,False,False,True,True,True,True,False,False,False,False,True,True,True,False,False,False
wt3d62lidhri,,Animal housing - Spain,animal housing,Spain,8ii0zmvcx2ii,Average production data across 4 farms with fattening facilities and 2 specialist fattening farms.,non-verified survey data,relative,_309twlkzg6f,10.1016/j.jclepro.2022.131918,Carbon sequestration offsets a large share of GHG emissions in dehesa cattle production,"Emissions values were extracted from graphs in Figure 5 using a Web plot digitiser so may not be completely accurate. Extra data supplied from authors on cull cow sales, pasture inputs and pasture grass nutrition qualities",,,,,"Beef cattle, heifer and steer - Spain - 2019",economic,"Beef cattle, heifer and steer",number,True,True,True,False,False,True,True,True,True,False,False,True,False,True,True,True,False,False,True
spnubbolkokv,Green farming system,"Permanent pasture - Rothamsted Research - West Devon, United Kingdom - Green farming system",permanent pasture,United Kingdom - West Devon,xizuvz66doyb,Green-2020,non-verified survey data,relative,lfvrcxbnt18h,10.1111/ejss.12350,"The North Wyke Farm Platform: effect of temperate grassland farming systems on soil moisture contents, runoff and associated water quality dynamics",The North Wyke Farm Platform is a UK National Bioscience Research Infrastructure (NBRI) supported by the Biotechnology and Biological Sciences Research Council (BBS/E/RH/23NB0008).,,,,,"Beef cattle, calf (male, weaned) - United Kingdom - 2020-12-31",economic,"Beef cattle, calf (male, weaned)",number,True,True,False,True,False,True,False,True,True,False,True,True,True,True,True,True,False,False,False
gnzmdxlrix_2,Site is a combination of both the summer (mountain) and winter (dehesa) grazing sites. Area is cumulative of these sites and the altitude and temperature are assumed to be averaged across them.,Permanent pasture - Spain - Site is a combination of both ...,permanent pasture,Spain,ihku_bvhfaji,Annual cycle of transhumant lamb farm in Albarracin (transhumance of herd to summer farm carried out on foot),non-verified survey data,relative,av57dkzgzdv6,10.1007/s11367-023-02135-3,Carbon footprint of transhumant sheep farms: accounting for natural baseline emissions in Mediterranean systems,"Cycles SED2, THT4 and THF4 have much lower DMI values per animal than the other cycles with no clear reason why; they may be errors.",,,,,"Sheep, ewe - Spain - 2009",economic,"Sheep, ewe",number,True,False,True,True,False,True,True,True,False,False,False,True,True,True,True,True,False,False,False
rtrs8u9-j8xd,,"Permanent pasture - Standard Cow-Calf Production System - Charolles (Sous-préfecture), Charolles, Charolles, Saône-et-Loire, Bourgogne-Franche-Comté, France",permanent pasture,"France - Charolles (Sous-préfecture), Charolles, Charolles, Saône-et-Loire, Bourgogne-Franche-Comté, France",lyprmumr2wpt,"Annual cycle of an alternative cow-calf production system in the Charolais basin, in which cattle are fed wrapped grass silage, in order to increase their omega-3 fatty acid intake. This consists of three components: 1) Reproduction, output of which = weaned male calves, weaned female calves not used for replacement cull cows, cull cows and a breeding bull. 2) Rearing female calves from weaning (9 months) to finishing at 33 months. 3) Finishing of cull cows, i.e. fattened before sending to the slaughterhouse. Both St and O3 are classified as extensive systems with 7.5 months grazing from April to November. The grazed area consists of 88% permanent versus 12% temporary grassland - this has been used to calculate the relative time spent on permanent versus temporary grassland during those 7.5 months of grazing.",modelled,relative,2uaxgmjzmtai,10.1016/j.livsci.2012.02.010,Effects of type of ration and allocation methods on the environmental impacts of beef-production systems,"Authors have used daSilva for soybean cultivation data and dalgaard for soybean processing. Given these data are just proxies, we decided to omit them and just specify that the soybean meal is from Brazil.",,,,,"Beef cattle, calf (male, weaned) - France - 2010",economic,"Beef cattle, calf (male, weaned)",number,True,True,True,True,False,True,True,True,True,False,False,True,False,True,True,True,False,False,False
vdg5bgnd3hl2,Red farming system,"Permanent pasture - Rothamsted Research - West Devon, United Kingdom - Red farming system",permanent pasture,United Kingdom - West Devon,jpk1ouydzrlf,Red-2015,non-verified survey data,relative,lfvrcxbnt18h,10.1111/ejss.12350,"The North Wyke Farm Platform: effect of temperate grassland farming systems on soil moisture contents, runoff and associated water quality dynamics",The North Wyke Farm Platform is a UK National Bioscience Research Infrastructure (NBRI) supported by the Biotechnology and Biological Sciences Research Council (BBS/E/RH/23NB0008).,,,,,"Beef cattle, steer - United Kingdom - 2016-01-01",economic,"Beef cattle, steer",number,True,True,False,True,False,True,False,True,True,False,True,True,True,True,True,True,False,False,False
gkzvh5qiabmk,Blue farming system,"Permanent pasture - Rothamsted Research - West Devon, United Kingdom - Blue farming system",permanent pasture,United Kingdom - West Devon,uhd_i2x10588,Blue-2021,non-verified survey data,relative,lfvrcxbnt18h,10.1111/ejss.12350,"The North Wyke Farm Platform: effect of temperate grassland farming systems on soil moisture contents, runoff and associated water quality dynamics",The North Wyke Farm Platform is a UK National Bioscience Research Infrastructure (NBRI) supported by the Biotechnology and Biological Sciences Research Council (BBS/E/RH/23NB0008).,,,,,"Beef cattle, heifer - United Kingdom - 2022-01-01",economic,"Beef cattle, heifer",number,True,True,False,True,False,True,False,True,True,False,True,True,True,True,True,True,False,False,False
w9ubo-nzl9od,12 big corporations that account for more than 90% of the country’s total capacity.,Animal housing - Thailand - 12 big corporations that accou...,animal housing,Thailand,ckvzjhjfctbs,CB7-Hatchery 1,non-verified survey data,relative,jwwfj8vmju7j,10.15244/pjoes/68156,Greenhouse gas emissions of one-day-old chick production,,,,,,"Broiler chicken, chick - Thailand - 2011",none required,"Broiler chicken, chick",number,True,True,True,True,True,True,True,True,True,False,False,True,True,True,True,True,False,True,True
vqphweggy2nt,,"Agri-food processor - Meath, Ireland",agri-food processor,Ireland - Meath,exfcyntziswj,,physical measurement,relative,qprqdskyqqgi,10.1016/j.agsy.2023.103672,"Pasture-finishing of late-maturing bulls or steers in a suckler calf-to-beef system: Animal production, meat quality, economics, greenhouse gas emissions and human-edible food-feed efficiency",,,,,,"Meat, beef cattle (cold carcass weight) - Ireland - 2016",economic,"Meat, beef cattle (cold carcass weight)",kg cold carcass weight,True,True,True,False,True,True,True,True,True,False,False,False,True,True,True,True,True,False,False
tacs17g1jmuy,,"Permanent pasture - Prague, Czech Republic",permanent pasture,Czech Republic - Prague,as82vhzawqe2,Community garden production system for egg production from laying hens,non-verified survey data,relative,s1krqknyo6_b,10.3390/agriculture12030355,Environmental Impacts of Egg Production from a Life Cycle Perspective,Assumes endDate is 2 years before publication,,,,,Layer chicken - Czech Republic - 2020,economic,Layer chicken,number,False,True,True,True,False,True,True,True,True,False,False,True,False,False,True,True,False,False,True
1ui_cpswxtf1,,Animal housing - Canada,animal housing,Canada,mwyln1pilzgk,"An enriched cage system provides a larger space allowance per bird than conventional cages, as well as access to different furnishings and enrichments within the cage, including perches, nest boxes, scratch areas, etc.",non-verified survey data,relative,suyept760iy4,10.1016/j.resconrec.2021.105907,Life cycle assessment of contemporary Canadian egg production systems during the transition from conventional cage to alternative housing systems: Update and analysis of trends and conditions,,,,,,"Eggs, hen, in shell - Canada - 2019",biophysical,"Eggs, hen, in shell",kg,True,True,True,True,True,True,True,True,True,False,False,True,False,True,True,True,False,False,True
jdr04c_lowth,"Cerrado (Goiás, Mato Grosso do Sul, Mato Grosso, Tocantins and Minas Gerais states)","Permanent pasture - Brazil - Cerrado (Goiás, Mato Grosso do...",permanent pasture,Brazil,l7jd2kbigezp,"Beef, Brachiaria brizantha pasture (Scenario 2)",inconsistent external sources,1 ha,si5hdtbv8hly,10.1016/j.agsy.2015.12.007,Impact of the intensification of beef production in Brazil on greenhouse gas emissions and land use,"No end date for Cycle provided. Assumed to be 2014. Error in electricity unit corrected here (Table 5 reports values in kWh, not MWh). Mineral salts described as 60% CaCO3 and 40% Ca3(PO4)2 in the text. Age at slaughter from supplementary material, sheet ""B1, Herd composition"". Error in carcass weight (Supplementary matrial, sheet B1 ""Herd composition"") corrected here (see Joseph Poore edits). Vaccines used, but data not provided.",,,,,"Beef cattle, heifer - Brazil - 2014",none,"Beef cattle, heifer",number,True,True,False,True,True,True,False,True,False,False,False,True,False,True,True,True,False,False,True
ydym8qznnjsc,,"Animal housing - Schleswig-Holstein, Germany",animal housing,Germany - Schleswig-Holstein,_dldupxvammj,Sow and piglet,non-verified survey data,relative,52qaw04y-e83,,Schweinereport 2010,A series of pig reports.,,,,,"Pig, sow - Germany - 2010",economic,"Pig, sow",number,True,True,True,False,False,True,True,True,True,False,False,True,False,True,True,True,False,True,False
mcdozkymt6r2,,"Animal housing - Friuli-Venezia Giulia, Italy",animal housing,Italy - Friuli-Venezia Giulia,xo8ljvcf-pg3,"Organic farm production of eggs. Flock spends daylight hours outdoors in free-range area (site 2), but are housed in the barn overnight.",non-verified survey data,relative,agdwd3nz8v0m,10.1016/j.jclepro.2020.123046,Investigating on the environmental sustainability of animal products: The case of organic eggs,"The method used for the impact Assessment was “ the ILCD (International Reference Life Cycle Data System) 2011 Midpoint þ method (V1.03), which is the impact assessment method endorsed by the European Commission”. We used this link to figure out which models were used for the different impact categories: https://longtrailsustainability.com/wp-content/uploads/2016/10/ILCD-2011-Midpoint-is-the-PEF-Method.pdf",,,,,"Layer chicken, hen - Italy - 2019",economic,"Layer chicken, hen",number,True,True,True,True,True,True,False,True,True,False,False,True,False,True,True,True,False,True,True
uaperoy_u-jl,,"Permanent pasture - Albarracín, Spain",permanent pasture,Spain - Albarracín,etlemqc-a4bx,Annual cycle of sedentary lamb farm in Albarracin (no transhumance),non-verified survey data,relative,av57dkzgzdv6,10.1007/s11367-023-02135-3,Carbon footprint of transhumant sheep farms: accounting for natural baseline emissions in Mediterranean systems,"Cycles SED2, THT4 and THF4 have much lower DMI values per animal than the other cycles with no clear reason why; they may be errors.",,,,,"Sheep, lamb - Spain - 2009",economic,"Sheep, lamb",number,True,False,True,True,False,True,True,True,False,False,False,True,True,True,True,True,False,False,False
bflwivafsp9q,,"Permanent pasture - Albarracín, Spain",permanent pasture,Spain - Albarracín,egvdvvqvrdja,Annual cycle of sedentary lamb farm in Albarracin (no transhumance),non-verified survey data,relative,av57dkzgzdv6,10.1007/s11367-023-02135-3,Carbon footprint of transhumant sheep farms: accounting for natural baseline emissions in Mediterranean systems,"Cycles SED2, THT4 and THF4 have much lower DMI values per animal than the other cycles with no clear reason why; they may be errors.",,,,,"Sheep, ewe - Spain - 2009",economic,"Sheep, ewe",number,True,False,True,True,False,True,True,True,False,False,False,True,True,True,True,True,False,False,False
spnubbolkokv,Green farming system,"Permanent pasture - Rothamsted Research - West Devon, United Kingdom - Green farming system",permanent pasture,United Kingdom - West Devon,ycu26sxdzhiv,Green-2022,non-verified survey data,relative,lfvrcxbnt18h,10.1111/ejss.12350,"The North Wyke Farm Platform: effect of temperate grassland farming systems on soil moisture contents, runoff and associated water quality dynamics",The North Wyke Farm Platform is a UK National Bioscience Research Infrastructure (NBRI) supported by the Biotechnology and Biological Sciences Research Council (BBS/E/RH/23NB0008).,,,,,"Beef cattle, steer - United Kingdom - 2023-01-01",economic,"Beef cattle, steer",number,True,True,False,True,False,True,False,True,True,False,True,True,True,True,True,True,False,False,False
spnubbolkokv,Green farming system,"Permanent pasture - Rothamsted Research - West Devon, United Kingdom - Green farming system",permanent pasture,United Kingdom - West Devon,kydwtvt3yzob,Green-2011,non-verified survey data,relative,lfvrcxbnt18h,10.1111/ejss.12350,"The North Wyke Farm Platform: effect of temperate grassland farming systems on soil moisture contents, runoff and associated water quality dynamics",The North Wyke Farm Platform is a UK National Bioscience Research Infrastructure (NBRI) supported by the Biotechnology and Biological Sciences Research Council (BBS/E/RH/23NB0008).,,,,,"Beef cattle, steer - United Kingdom - 2012-01-01",economic,"Beef cattle, steer",number,True,True,False,True,False,True,False,True,True,False,True,True,True,True,True,True,False,False,False
vdg5bgnd3hl2,Red farming system,"Permanent pasture - Rothamsted Research - West Devon, United Kingdom - Red farming system",permanent pasture,United Kingdom - West Devon,d4omhedd1gdc,Red-2016,non-verified survey data,relative,lfvrcxbnt18h,10.1111/ejss.12350,"The North Wyke Farm Platform: effect of temperate grassland farming systems on soil moisture contents, runoff and associated water quality dynamics",The North Wyke Farm Platform is a UK National Bioscience Research Infrastructure (NBRI) supported by the Biotechnology and Biological Sciences Research Council (BBS/E/RH/23NB0008).,,,,,"Sheep, ewe - United Kingdom - 2016-12-31",economic,"Sheep, ewe",number,True,True,False,True,False,True,False,True,True,False,True,True,True,True,True,True,False,False,False
vdg5bgnd3hl2,Red farming system,"Permanent pasture - Rothamsted Research - West Devon, United Kingdom - Red farming system",permanent pasture,United Kingdom - West Devon,ky_kuf7n9vbf,Red-2014,non-verified survey data,relative,lfvrcxbnt18h,10.1111/ejss.12350,"The North Wyke Farm Platform: effect of temperate grassland farming systems on soil moisture contents, runoff and associated water quality dynamics",The North Wyke Farm Platform is a UK National Bioscience Research Infrastructure (NBRI) supported by the Biotechnology and Biological Sciences Research Council (BBS/E/RH/23NB0008).,,,,,"Sheep, ewe - United Kingdom - 2015-01-01",economic,"Sheep, ewe",number,True,True,False,True,False,True,False,True,True,False,True,True,True,True,True,True,False,False,False
spnubbolkokv,Green farming system,"Permanent pasture - Rothamsted Research - West Devon, United Kingdom - Green farming system",permanent pasture,United Kingdom - West Devon,h_enyug5e8fz,Green-2013,non-verified survey data,relative,lfvrcxbnt18h,10.1111/ejss.12350,"The North Wyke Farm Platform: effect of temperate grassland farming systems on soil moisture contents, runoff and associated water quality dynamics",The North Wyke Farm Platform is a UK National Bioscience Research Infrastructure (NBRI) supported by the Biotechnology and Biological Sciences Research Council (BBS/E/RH/23NB0008).,,,,,"Sheep, lamb (weaned) - United Kingdom - 2014-01-01",economic,"Sheep, lamb (weaned)",number,True,True,False,True,False,True,False,True,True,False,True,True,True,True,True,True,False,False,False
gkzvh5qiabmk,Blue farming system,"Permanent pasture - Rothamsted Research - West Devon, United Kingdom - Blue farming system",permanent pasture,United Kingdom - West Devon,uhd_i2x10588,Blue-2021,non-verified survey data,relative,lfvrcxbnt18h,10.1111/ejss.12350,"The North Wyke Farm Platform: effect of temperate grassland farming systems on soil moisture contents, runoff and associated water quality dynamics",The North Wyke Farm Platform is a UK National Bioscience Research Infrastructure (NBRI) supported by the Biotechnology and Biological Sciences Research Council (BBS/E/RH/23NB0008).,,,,,"Beef cattle, steer - United Kingdom - 2022-01-01",economic,"Beef cattle, steer",number,True,True,False,True,False,True,False,True,True,False,True,True,True,True,True,True,False,False,False
npzxvjpprm1d,,Animal housing - Denmark,animal housing,Denmark,pwlu1c_ojozp,Sow Denmark Organic,consistent external sources,relative,w3hq1dphy7wy,,Carbon footprints of conventional and organic pork,"They have included information from lots of different sources, for this reason I have not inlcuded the information regarding crop production (only feed composition) because some of these products we already have the sources.",,,,,"Pig, sow - Denmark - 2007",economic,"Pig, sow",number,True,True,True,False,False,True,True,True,True,False,False,False,False,True,True,True,False,False,False
euxakgwdeylv,,Permanent pasture - United Kingdom,permanent pasture,United Kingdom,xpfora8ppr-t,Average annual production cycle of 27 lowland sheep farms across England and Wales.,non-verified survey data,relative,mroy2usjfur5,10.1016/j.agsy.2013.09.006,The carbon footprint of lamb: Sources of variation and opportunities for mitigation,The split between pasture and housing (and thus the 2 different excreta mangement practices) in each of the three systems is based on assumption.,,,,,Sheep - United Kingdom - 2011,economic,Sheep,number,True,True,False,False,False,True,False,True,True,False,False,False,False,True,True,False,False,False,False
9gvv-qcf_uvc,,"Permanent pasture - Teagasc Animal and Grassland Research and Innovation Centre - Cork (Traditional County), Ireland",permanent pasture,"Ireland - Cork (Traditional County), Ireland",bvg6mox2hecg,,verified survey data,relative,w6ztm8yfvjxy,10.3168/jds.2020-19077,The simulated environmental impact of incorporating white clover into pasture-based dairy production systems,Animal Population is an estimate based on livestock units - the exact numbers of different animals in the herd were not given.,,,,,"Meat, dairy cattle (liveweight) - Ireland - 2016",economic,"Meat, dairy cattle (liveweight)",kg liveweight,True,True,True,True,False,True,False,True,True,False,False,True,False,True,False,True,False,False,False
vdg5bgnd3hl2,Red farming system,"Permanent pasture - Rothamsted Research - West Devon, United Kingdom - Red farming system",permanent pasture,United Kingdom - West Devon,jpk1ouydzrlf,Red-2015,non-verified survey data,relative,lfvrcxbnt18h,10.1111/ejss.12350,"The North Wyke Farm Platform: effect of temperate grassland farming systems on soil moisture contents, runoff and associated water quality dynamics",The North Wyke Farm Platform is a UK National Bioscience Research Infrastructure (NBRI) supported by the Biotechnology and Biological Sciences Research Council (BBS/E/RH/23NB0008).,,,,,"Beef cattle, calf (male, weaned) - United Kingdom - 2016-01-01",economic,"Beef cattle, calf (male, weaned)",number,True,True,False,True,False,True,False,True,True,False,True,True,True,True,True,True,False,False,False
e_zpkounvtnm,With covered outdoor area. Access to daylight.,Animal housing - Netherlands - With covered outdoor area. Acc...,animal housing,Netherlands,m0-fcesgfxny,Better life one star broiler,consistent external sources,relative,j9vcbxofbrwg,10.18174/518522,Economics of broiler production systems in the Netherlands: Economic aspects within the Greenwell sustainability assessment model,,,,,,Broiler chicken - Netherlands - 2017,none required,Broiler chicken,number,True,True,True,True,False,True,True,True,True,False,False,True,False,True,True,True,False,False,False
tkt1_k4wczs1,,"Permanent pasture - Teagasc Animal and Grassland Research and Innovation Centre - Cork (Traditional County), Ireland",permanent pasture,"Ireland - Cork (Traditional County), Ireland",76ymtn7hw7ne,,verified survey data,relative,w6ztm8yfvjxy,10.3168/jds.2020-19077,The simulated environmental impact of incorporating white clover into pasture-based dairy production systems,Animal Population is an estimate based on livestock units - the exact numbers of different animals in the herd were not given.,,,,,"Meat, dairy cattle (liveweight) - Ireland - 2016",economic,"Meat, dairy cattle (liveweight)",kg liveweight,True,True,True,True,False,True,False,True,True,False,False,True,False,True,False,True,False,False,False
i1haki7xxz4s,,Animal housing - Czech Republic,animal housing,Czech Republic,szmynfxot2tn,Organic production system for egg production from laying hens,non-verified survey data,relative,s1krqknyo6_b,10.3390/agriculture12030355,Environmental Impacts of Egg Production from a Life Cycle Perspective,Assumes endDate is 2 years before publication,,,,,"Eggs, hen, in shell (number) - Czech Republic - 2020",none,"Eggs, hen, in shell (number)",number,True,True,True,True,False,True,True,True,True,False,False,True,False,False,True,True,False,False,True
fcfjpncdeg7z,,Agri-food processor - Australia,agri-food processor,Australia,jdwt2wu31y8k,,verified survey data,relative,_mtpo6ilytlr,,Environmental Assessment of Two Pork Supply Chains Using Life Cycle Assessment,,,,,,"Offal, pigs - Australia - 2008",economic,"Offal, pigs",kg,True,True,True,True,True,True,True,True,True,False,False,True,True,True,True,True,False,False,True
gkzvh5qiabmk,Blue farming system,"Permanent pasture - Rothamsted Research - West Devon, United Kingdom - Blue farming system",permanent pasture,United Kingdom - West Devon,uhd_i2x10588,Blue-2021,non-verified survey data,relative,lfvrcxbnt18h,10.1111/ejss.12350,"The North Wyke Farm Platform: effect of temperate grassland farming systems on soil moisture contents, runoff and associated water quality dynamics",The North Wyke Farm Platform is a UK National Bioscience Research Infrastructure (NBRI) supported by the Biotechnology and Biological Sciences Research Council (BBS/E/RH/23NB0008).,,,,,"Beef cattle, calf (female, weaned) - United Kingdom - 2022-01-01",economic,"Beef cattle, calf (female, weaned)",number,True,True,False,True,False,True,False,True,True,False,True,True,True,True,True,True,False,False,False
_8fh80dzx8iq,,Animal housing - Czech Republic,animal housing,Czech Republic,3nphtf480wfa,Battery production system for egg production from laying hens,consistent external sources,relative,s1krqknyo6_b,10.3390/agriculture12030355,Environmental Impacts of Egg Production from a Life Cycle Perspective,Assumes endDate is 2 years before publication,,,,,"Eggs, hen, in shell (number) - Czech Republic - 2020",none,"Eggs, hen, in shell (number)",number,True,True,True,True,False,True,True,True,True,False,False,True,False,False,True,True,False,False,True
vdg5bgnd3hl2,Red farming system,"Permanent pasture - Rothamsted Research - West Devon, United Kingdom - Red farming system",permanent pasture,United Kingdom - West Devon,wvzj8wrv6fka,Red-2018,non-verified survey data,relative,lfvrcxbnt18h,10.1111/ejss.12350,"The North Wyke Farm Platform: effect of temperate grassland farming systems on soil moisture contents, runoff and associated water quality dynamics",The North Wyke Farm Platform is a UK National Bioscience Research Infrastructure (NBRI) supported by the Biotechnology and Biological Sciences Research Council (BBS/E/RH/23NB0008).,,,,,"Sheep, ram - United Kingdom - 2019-01-01",economic,"Sheep, ram",number,True,True,False,True,False,True,False,True,True,False,True,True,True,True,True,True,False,False,False
spnubbolkokv,Green farming system,"Permanent pasture - Rothamsted Research - West Devon, United Kingdom - Green farming system",permanent pasture,United Kingdom - West Devon,4fvndcfaytjq,Green-2014,non-verified survey data,relative,lfvrcxbnt18h,10.1111/ejss.12350,"The North Wyke Farm Platform: effect of temperate grassland farming systems on soil moisture contents, runoff and associated water quality dynamics",The North Wyke Farm Platform is a UK National Bioscience Research Infrastructure (NBRI) supported by the Biotechnology and Biological Sciences Research Council (BBS/E/RH/23NB0008).,,,,,"Beef cattle, heifer - United Kingdom - 2015-01-01",economic,"Beef cattle, heifer",number,True,True,False,True,False,True,False,True,True,False,True,True,True,True,True,True,False,False,False
jl_fznyszchn,,Animal housing - Czech Republic,animal housing,Czech Republic,7mod8frngkj1,Chicks are reared until young hens (pullets),consistent external sources,relative,s1krqknyo6_b,10.3390/agriculture12030355,Environmental Impacts of Egg Production from a Life Cycle Perspective,Assumes endDate is 2 years before publication,,,,,"Layer chicken, pullet - Czech Republic - 2020",none,"Layer chicken, pullet",number,True,True,True,True,False,True,True,True,True,False,False,True,False,False,True,True,False,False,True
vdg5bgnd3hl2,Red farming system,"Permanent pasture - Rothamsted Research - West Devon, United Kingdom - Red farming system",permanent pasture,United Kingdom - West Devon,wvzj8wrv6fka,Red-2018,non-verified survey data,relative,lfvrcxbnt18h,10.1111/ejss.12350,"The North Wyke Farm Platform: effect of temperate grassland farming systems on soil moisture contents, runoff and associated water quality dynamics",The North Wyke Farm Platform is a UK National Bioscience Research Infrastructure (NBRI) supported by the Biotechnology and Biological Sciences Research Council (BBS/E/RH/23NB0008).,,,,,"Beef cattle, heifer - United Kingdom - 2019-01-01",economic,"Beef cattle, heifer",number,True,True,False,True,False,True,False,True,True,False,True,True,True,True,True,True,False,False,False
pl5kjgatay0v,,Animal housing - Teagasc Johnstown Castle Research Farm - Ireland,animal housing,Ireland,k9vnffoe2kwc,"15MO treatment where at the end of their treatment, Bulls are finished indoors on a concentrate ad libitum diet for 200 days and slaughtered at 15 months of age - (this is the finishing stage)",physical measurement,relative,bjlulokiutoa,10.1016/j.agsy.2017.03.007,An economic and greenhouse gas emissions evaluation of pasture-based dairy calf-to-beef production systems,,,,,,"Beef cattle, bull - Ireland - 2014",none,"Beef cattle, bull",number,False,True,True,False,False,True,False,True,True,False,True,True,False,True,False,False,True,False,False
xzvy8n9lvng_,,Animal housing - Czech Republic,animal housing,Czech Republic,lzyarw3fkmn0,Organic production system for egg production from laying hens,non-verified survey data,relative,s1krqknyo6_b,10.3390/agriculture12030355,Environmental Impacts of Egg Production from a Life Cycle Perspective,Assumes endDate is 2 years before publication,,,,,Layer chicken - Czech Republic - 2020,economic,Layer chicken,number,True,True,True,True,False,True,True,True,True,False,False,True,False,False,True,True,False,False,True
gkzvh5qiabmk,Blue farming system,"Permanent pasture - Rothamsted Research - West Devon, United Kingdom - Blue farming system",permanent pasture,United Kingdom - West Devon,tbwsugf32k4l,Blue-2016,non-verified survey data,relative,lfvrcxbnt18h,10.1111/ejss.12350,"The North Wyke Farm Platform: effect of temperate grassland farming systems on soil moisture contents, runoff and associated water quality dynamics",The North Wyke Farm Platform is a UK National Bioscience Research Infrastructure (NBRI) supported by the Biotechnology and Biological Sciences Research Council (BBS/E/RH/23NB0008).,,,,,"Beef cattle, calf (male, weaned) - United Kingdom - 2016-12-31",economic,"Beef cattle, calf (male, weaned)",number,True,True,False,True,False,True,False,True,True,False,True,True,True,True,True,True,False,False,False
spnubbolkokv,Green farming system,"Permanent pasture - Rothamsted Research - West Devon, United Kingdom - Green farming system",permanent pasture,United Kingdom - West Devon,hg69ta4xyz-h,Green-2012,non-verified survey data,relative,lfvrcxbnt18h,10.1111/ejss.12350,"The North Wyke Farm Platform: effect of temperate grassland farming systems on soil moisture contents, runoff and associated water quality dynamics",The North Wyke Farm Platform is a UK National Bioscience Research Infrastructure (NBRI) supported by the Biotechnology and Biological Sciences Research Council (BBS/E/RH/23NB0008).,,,,,"Beef cattle, steer - United Kingdom - 2013-01-01",economic,"Beef cattle, steer",number,True,True,False,True,False,True,False,True,True,False,True,True,True,True,True,True,False,False,False
gkw4ttx_980z,12 big corporations that account for more than 90% of the country’s total capacity.,Animal housing - Thailand - 12 big corporations that accou...,animal housing,Thailand,6a_kajvuaids,CB2-Hatchery 2,non-verified survey data,relative,jwwfj8vmju7j,10.15244/pjoes/68156,Greenhouse gas emissions of one-day-old chick production,,,,,,"Broiler chicken, chick - Thailand - 2011",none required,"Broiler chicken, chick",number,True,True,True,True,True,True,True,True,True,False,False,True,True,True,True,True,False,True,True
spnubbolkokv,Green farming system,"Permanent pasture - Rothamsted Research - West Devon, United Kingdom - Green farming system",permanent pasture,United Kingdom - West Devon,okex4zxuxtx8,Green-2021,non-verified survey data,relative,lfvrcxbnt18h,10.1111/ejss.12350,"The North Wyke Farm Platform: effect of temperate grassland farming systems on soil moisture contents, runoff and associated water quality dynamics",The North Wyke Farm Platform is a UK National Bioscience Research Infrastructure (NBRI) supported by the Biotechnology and Biological Sciences Research Council (BBS/E/RH/23NB0008).,,,,,"Sheep, lamb (weaned) - United Kingdom - 2022-01-01",economic,"Sheep, lamb (weaned)",number,True,True,False,True,False,True,False,True,True,False,True,True,True,True,True,True,False,False,False
s0avjg9kh1h8,,Permanent pasture - Ireland,permanent pasture,Ireland,enrpzfqflzlu,Average cycle of 115 lowland farms.,non-verified survey data,relative,othg_d-xdppv,10.1016/j.agsy.2016.07.004,A life cycle assessment of the effect of intensification on the environmental impacts and resource use of grass-based sheep farming,,,,,,"Wool, sheep (greasy) - Ireland - 2013",economic,"Wool, sheep (greasy)",kg,True,True,True,True,False,True,True,True,True,False,False,True,False,True,True,False,False,False,False
gkzvh5qiabmk,Blue farming system,"Permanent pasture - Rothamsted Research - West Devon, United Kingdom - Blue farming system",permanent pasture,United Kingdom - West Devon,6yexlxkydtf3,Blue-2014,non-verified survey data,relative,lfvrcxbnt18h,10.1111/ejss.12350,"The North Wyke Farm Platform: effect of temperate grassland farming systems on soil moisture contents, runoff and associated water quality dynamics",The North Wyke Farm Platform is a UK National Bioscience Research Infrastructure (NBRI) supported by the Biotechnology and Biological Sciences Research Council (BBS/E/RH/23NB0008).,,,,,"Sheep, lamb (weaned) - United Kingdom - 2015-01-01",economic,"Sheep, lamb (weaned)",number,True,True,False,True,False,True,False,True,True,False,True,True,True,True,True,True,False,False,False
6tw3oci91zak,Slaughterhouse,Agri-food processor - Denmark - Slaughterhouse,agri-food processor,Denmark,u7joxs5u8itd,Slaughtering,consistent external sources,relative,hmohcfms011t,,Environmental assessment of Danish pork,"Study is quite unclear as it often states ""per 1000kg pig meat live weight"", but this is unclear whether it is from the sows, piglets, or finishers?",,,,,"Meat, pig (cold dressed carcass weight) - Denmark - 2010",none required,"Meat, pig (cold dressed carcass weight)",kg cold dressed carcass weight,True,True,True,True,True,True,True,True,True,False,False,True,True,True,True,True,False,True,False
fftqdennwi0m,,Animal housing - South Australia,animal housing,Australia - South Australia,x7jmeehxsjlv,This cycle represent major input for breeding and hatching phase for South Australia.,verified survey data,relative,7kppxn2pfyux,10.1016/j.jclepro.2016.06.086,Resource use and environmental impacts from Australian chicken meat production,,,,,,"Broiler chicken, chick - Australia - 2010",none required,"Broiler chicken, chick",number,True,True,True,True,False,True,True,True,True,False,False,True,True,True,True,True,True,False,True
spnubbolkokv,Green farming system,"Permanent pasture - Rothamsted Research - West Devon, United Kingdom - Green farming system",permanent pasture,United Kingdom - West Devon,qcf3-xhswwq6,Green-2019,non-verified survey data,relative,lfvrcxbnt18h,10.1111/ejss.12350,"The North Wyke Farm Platform: effect of temperate grassland farming systems on soil moisture contents, runoff and associated water quality dynamics",The North Wyke Farm Platform is a UK National Bioscience Research Infrastructure (NBRI) supported by the Biotechnology and Biological Sciences Research Council (BBS/E/RH/23NB0008).,,,,,"Sheep, lamb (weaned) - United Kingdom - 2020-01-01",economic,"Sheep, lamb (weaned)",number,True,True,False,True,False,True,False,True,True,False,True,True,True,True,True,True,False,False,False
ciyzy5vihc_o,,Agri-food processor - Ireland,agri-food processor,Ireland,f7o8ptbhdgpe,Conversion of animals to meat,physical measurement,relative,bjlulokiutoa,10.1016/j.agsy.2017.03.007,An economic and greenhouse gas emissions evaluation of pasture-based dairy calf-to-beef production systems,,,,,,"Meat, beef cattle (cold carcass weight) - Ireland - 2014",economic,"Meat, beef cattle (cold carcass weight)",kg cold carcass weight,True,True,True,False,True,True,True,True,True,False,False,True,True,False,True,True,False,False,True
x86qgfiwh6od,,"Animal housing - Nordrhein-Westfalen, Germany",animal housing,Germany - Nordrhein-Westfalen,gxlq4afbhd9b,Fattening-FARM,consistent external sources,relative,xbapgf7gu9eu,,"European Grain Legumes - Environment-Friendly Animal Feed? Life Cycle Assessment of Pork, Chicken, Meat, Egg, and Milk Production",,,,,,Pig - Germany - 2005,economic,Pig,number,True,True,True,False,True,True,True,True,True,False,False,True,False,True,True,True,False,False,False
spnubbolkokv,Green farming system,"Permanent pasture - Rothamsted Research - West Devon, United Kingdom - Green farming system",permanent pasture,United Kingdom - West Devon,csz4s_jq7j9p,Green-2015,non-verified survey data,relative,lfvrcxbnt18h,10.1111/ejss.12350,"The North Wyke Farm Platform: effect of temperate grassland farming systems on soil moisture contents, runoff and associated water quality dynamics",The North Wyke Farm Platform is a UK National Bioscience Research Infrastructure (NBRI) supported by the Biotechnology and Biological Sciences Research Council (BBS/E/RH/23NB0008).,,,,,"Beef cattle, heifer - United Kingdom - 2016-01-01",economic,"Beef cattle, heifer",number,True,True,False,True,False,True,False,True,True,False,True,True,True,True,True,True,False,False,False
x1icgv7ippzz,,Animal housing - United Kingdom,animal housing,United Kingdom,u4evrl12d_le,"Cycle represents all inputs associated with the rearing of all chicks, pullets and layer hens in order to produce 1000kg of eggs in organic free range systems.",modelled,relative,fwy8ntyofqew,10.3382/ps.2011-01635,Predicting the environmental impacts of chicken systems in the united kingdom through a life cycle assessment: Egg production systems,Assuming Eutrophication potential is calculated with CML2001 Baseline method (although this is not clearly specified in the study).,,,,,"Layer chicken, hen - United Kingdom - 2010",economic,"Layer chicken, hen",number,True,True,True,True,False,True,True,True,True,False,False,True,False,True,True,True,False,False,True
6zsxmk0yw2pd,,,,,jdwt2wu31y8k,,verified survey data,relative,_mtpo6ilytlr,,Environmental Assessment of Two Pork Supply Chains Using Life Cycle Assessment,,,,,,"Meat, pig (cold carcass weight) - Australia - 2008",economic,"Meat, pig (cold carcass weight)",kg cold carcass weight,True,True,True,True,True,True,True,True,True,False,False,True,True,True,True,True,False,False,True
bflwivafsp9q,,"Permanent pasture - Albarracín, Spain",permanent pasture,Spain - Albarracín,egvdvvqvrdja,Annual cycle of sedentary lamb farm in Albarracin (no transhumance),non-verified survey data,relative,av57dkzgzdv6,10.1007/s11367-023-02135-3,Carbon footprint of transhumant sheep farms: accounting for natural baseline emissions in Mediterranean systems,"Cycles SED2, THT4 and THF4 have much lower DMI values per animal than the other cycles with no clear reason why; they may be errors.",,,,,"Wool, sheep (greasy) - Spain - 2009",economic,"Wool, sheep (greasy)",kg,True,False,True,True,False,True,True,True,False,False,False,True,True,True,True,True,False,False,False
6zsxmk0yw2pd,,,,,c7gj8rszxxpy,,verified survey data,relative,_mtpo6ilytlr,,Environmental Assessment of Two Pork Supply Chains Using Life Cycle Assessment,,,,,,"Meat, pig (cold carcass weight) - Australia - 2008",economic,"Meat, pig (cold carcass weight)",kg cold carcass weight,True,True,True,True,True,True,True,True,True,False,False,True,True,True,True,True,False,False,True
ewidixnou6q0,Site is a combination of both the summer (mountain) and winter (dehesa) grazing sites. Area is cumulative of these sites and the altitude and temperature are assumed to be averaged across them.,Permanent pasture - Spain - Site is a combination of both ...,permanent pasture,Spain,vzj3y7owxd8z,Annual cycle of transhumant lamb farm in Albarracin (transhumance of herd to summer farm carried out on foot),non-verified survey data,relative,av57dkzgzdv6,10.1007/s11367-023-02135-3,Carbon footprint of transhumant sheep farms: accounting for natural baseline emissions in Mediterranean systems,"Cycles SED2, THT4 and THF4 have much lower DMI values per animal than the other cycles with no clear reason why; they may be errors.",,,,,"Sheep, lamb - Spain - 2009",economic,"Sheep, lamb",number,True,False,True,True,False,True,True,True,False,False,False,True,True,True,True,True,False,False,False
o-9hx6qnuqbs,"The area is composed of natural grassland, consisting of annual grasses and some legumes, with disperesed tree cover of cork and holmoak ""montado"". There are also twenty five hectares of natural pasture improved with fertilizer.","Permanent pasture - Traditional Mediterranean extensive mixed farming system - Ferreira do Alentejo, Portugal - The area is composed of natura...",permanent pasture,Portugal - Ferreira do Alentejo,qi_mh5u3jayk,,modelled,1 ha,hjjvya1xvrsc,,Economical and environmental trade-offs of traditional Mediterranean dry farming systems in the Alentejo region of Portugal.,,,,,,"Beef cattle, calf (female, weaned) - Portugal - 2011",economic,"Beef cattle, calf (female, weaned)",number,True,True,False,False,False,True,False,True,True,False,False,True,False,True,True,True,False,False,False
vuuzgywzxdtv,,"Permanent pasture - Albarracín, Spain",permanent pasture,Spain - Albarracín,mcjdqj3gdld9,Annual cycle of sedentary lamb farm in Albarracin (no transhumance),non-verified survey data,relative,av57dkzgzdv6,10.1007/s11367-023-02135-3,Carbon footprint of transhumant sheep farms: accounting for natural baseline emissions in Mediterranean systems,"Cycles SED2, THT4 and THF4 have much lower DMI values per animal than the other cycles with no clear reason why; they may be errors.",,,,,"Wool, sheep (greasy) - Spain - 2009",economic,"Wool, sheep (greasy)",kg,True,False,True,True,False,True,True,True,False,False,False,True,True,True,True,True,False,False,False
vdg5bgnd3hl2,Red farming system,"Permanent pasture - Rothamsted Research - West Devon, United Kingdom - Red farming system",permanent pasture,United Kingdom - West Devon,93xkm7xeljf7,Red-2019,non-verified survey data,relative,lfvrcxbnt18h,10.1111/ejss.12350,"The North Wyke Farm Platform: effect of temperate grassland farming systems on soil moisture contents, runoff and associated water quality dynamics",The North Wyke Farm Platform is a UK National Bioscience Research Infrastructure (NBRI) supported by the Biotechnology and Biological Sciences Research Council (BBS/E/RH/23NB0008).,,,,,"Beef cattle, heifer - United Kingdom - 2020-01-01",economic,"Beef cattle, heifer",number,True,True,False,True,False,True,False,True,True,False,True,True,True,True,True,True,False,False,False
t3rypgie6gl5,Slaughterhouse,Agri-food processor - Denmark - Slaughterhouse,agri-food processor,Denmark,aa2jbqbu6un4,Slaughter-2009,non-verified survey data,relative,wcfuerr47b3k,,LANDSGENNEMSNIT FOR PRODUKTIVITET SVINEPRODUKTIONEN 2016,,,,,,"Meat, pig (cold dressed carcass weight) - Denmark - 2009",none required,"Meat, pig (cold dressed carcass weight)",kg cold dressed carcass weight,True,True,True,False,False,True,True,True,True,False,False,True,True,True,True,True,False,False,False
cvh6c5ejfzxd,Generic site representing farms in this area where cattle are frequently fed beet pulp and dehydrated lucerne,"Animal housing - Standard Cow-Calf Production System - Grand Est, France - Generic site representing farm...",animal housing,France - Grand Est,f0s1jxhhkolb,"Annual cycle of bull fattening herd, using a diet rich in silage maize (SM), supplemented with linseeds (L) - SML",modelled,relative,2uaxgmjzmtai,10.1016/j.livsci.2012.02.010,Effects of type of ration and allocation methods on the environmental impacts of beef-production systems,"Authors have used daSilva for soybean cultivation data and dalgaard for soybean processing. Given these data are just proxies, we decided to omit them and just specify that the soybean meal is from Brazil.",,,,,"Beef cattle, bull - France - 2010",economic,"Beef cattle, bull",number,True,True,True,True,False,True,True,True,True,False,False,True,False,True,True,True,False,False,False
tvr_nyh_g8dr,Milk production,"Animal housing - Galicia (Comunidad Autónoma), Spain - Milk production",animal housing,"Spain - Galicia (Comunidad Autónoma), Spain",nl_kcqygnrl2,,modelled,relative,nutoovue5vtx,10.1016/j.jclepro.2020.124861,Pursuing the route to eco-efficiency in dairy production: The case of Galician area,The study needs to be updated once the transport module is available.,,,,,"Meat, dairy cattle (liveweight) - Spain - 2019-03",economic,"Meat, dairy cattle (liveweight)",kg liveweight,True,False,False,False,True,True,True,True,True,False,True,True,True,True,True,False,False,True,True
sso678ua5lwh,,Permanent pasture - Irish lowland sheep farm - Ireland,permanent pasture,Ireland,5kkx3t5hui84,Production cycle from sheep flock of high genetic merit (ewes in the top 20% of animals for the replacement index bred with rams in the top 20% of both replacement and terminal indices).,modelled,relative,zbwr_kpj1nsn,10.1016/j.agsy.2022.103467,"Modelling the production, profit, and greenhouse gas emissions of Irish sheep flocks divergent in genetic merit",,,,,,"Sheep, lamb - Ireland - 2020",economic,"Sheep, lamb",number,True,True,True,False,False,True,True,True,False,False,False,True,False,False,False,False,False,False,False
ybs2rwpxp-1y,,Animal housing - Canada,animal housing,Canada,d0d8kg97qfvr,"In single-tier free run systems, hens live either directly on the floor or within an aviary structure, with access to perches, nest and scratch areas, and other enrichments.",non-verified survey data,relative,suyept760iy4,10.1016/j.resconrec.2021.105907,Life cycle assessment of contemporary Canadian egg production systems during the transition from conventional cage to alternative housing systems: Update and analysis of trends and conditions,,,,,,"Eggs, hen, in shell - Canada - 2019",biophysical,"Eggs, hen, in shell",kg,True,True,True,True,True,True,True,True,True,False,False,True,False,True,True,True,False,False,True
,,,,,svipqy50bjkl,Poultry production under the conditions of the central region in european Russia,consistent external sources,relative,jux68qintvla,,Calculation of carbon emission resulting from poultry production under the conditions of the central region in european Russia,The amount of excreta could be calculated as: (0.004)/(40%*3%) = 0.33333 kg N; however this value seems to high and is likely in error. Emissions from excreta also appear to be in error and excluded.,,,,,Broiler chicken - Russia - 2014,none,Broiler chicken,number,True,True,True,True,True,True,True,True,True,False,False,True,True,True,True,True,False,False,False
gkzvh5qiabmk,Blue farming system,"Permanent pasture - Rothamsted Research - West Devon, United Kingdom - Blue farming system",permanent pasture,United Kingdom - West Devon,yicqaf6dikra,Blue-2012,non-verified survey data,relative,lfvrcxbnt18h,10.1111/ejss.12350,"The North Wyke Farm Platform: effect of temperate grassland farming systems on soil moisture contents, runoff and associated water quality dynamics",The North Wyke Farm Platform is a UK National Bioscience Research Infrastructure (NBRI) supported by the Biotechnology and Biological Sciences Research Council (BBS/E/RH/23NB0008).,,,,,"Sheep, ewe - United Kingdom - 2013-01-01",economic,"Sheep, ewe",number,True,True,False,True,False,True,False,True,True,False,True,True,True,True,True,True,False,False,False
qdxwubt2gkmu,,Animal housing - Kipster - Netherlands,animal housing,Netherlands,lwqxywwttcld,Kipster-Laying hens scenario 1,consistent external sources,relative,j2jbf7nfmep-,10.1016/j.jclepro.2019.118241,Accounting for feed-food competition in environmental impact assessment: Towards a resource efficient food-system,,,,,,"Eggs, hen, in shell - Netherlands - 2017",economic,"Eggs, hen, in shell",kg,True,True,True,True,True,True,True,True,True,False,False,True,False,True,True,True,False,False,False
gkzvh5qiabmk,Blue farming system,"Permanent pasture - Rothamsted Research - West Devon, United Kingdom - Blue farming system",permanent pasture,United Kingdom - West Devon,6yexlxkydtf3,Blue-2014,non-verified survey data,relative,lfvrcxbnt18h,10.1111/ejss.12350,"The North Wyke Farm Platform: effect of temperate grassland farming systems on soil moisture contents, runoff and associated water quality dynamics",The North Wyke Farm Platform is a UK National Bioscience Research Infrastructure (NBRI) supported by the Biotechnology and Biological Sciences Research Council (BBS/E/RH/23NB0008).,,,,,"Sheep, lamb - United Kingdom - 2015-01-01",economic,"Sheep, lamb",number,True,True,False,True,False,True,False,True,True,False,True,True,True,True,True,True,False,False,False
ui0lv8evendx,,"Animal housing - Schleswig-Holstein, Germany",animal housing,Germany - Schleswig-Holstein,day_sn5z-kws,Sow and piglet,non-verified survey data,relative,xwaminzljwtk,,Schweinereport 2016,A series of pig reports.,,,,,"Pig, sow - Germany - 2016",economic,"Pig, sow",number,True,True,True,False,False,True,True,True,True,False,False,True,False,True,True,True,False,False,False
spnubbolkokv,Green farming system,"Permanent pasture - Rothamsted Research - West Devon, United Kingdom - Green farming system",permanent pasture,United Kingdom - West Devon,ycu26sxdzhiv,Green-2022,non-verified survey data,relative,lfvrcxbnt18h,10.1111/ejss.12350,"The North Wyke Farm Platform: effect of temperate grassland farming systems on soil moisture contents, runoff and associated water quality dynamics",The North Wyke Farm Platform is a UK National Bioscience Research Infrastructure (NBRI) supported by the Biotechnology and Biological Sciences Research Council (BBS/E/RH/23NB0008).,,,,,"Beef cattle, calf (female, weaned) - United Kingdom - 2023-01-01",economic,"Beef cattle, calf (female, weaned)",number,True,True,False,True,False,True,False,True,True,False,True,True,True,True,True,True,False,False,False
_8fh80dzx8iq,,Animal housing - Czech Republic,animal housing,Czech Republic,3nphtf480wfa,Battery production system for egg production from laying hens,consistent external sources,relative,s1krqknyo6_b,10.3390/agriculture12030355,Environmental Impacts of Egg Production from a Life Cycle Perspective,Assumes endDate is 2 years before publication,,,,,Layer chicken - Czech Republic - 2020,economic,Layer chicken,number,True,True,True,True,False,True,True,True,True,False,False,True,False,False,True,True,False,False,True
bflwivafsp9q,,"Permanent pasture - Albarracín, Spain",permanent pasture,Spain - Albarracín,egvdvvqvrdja,Annual cycle of sedentary lamb farm in Albarracin (no transhumance),non-verified survey data,relative,av57dkzgzdv6,10.1007/s11367-023-02135-3,Carbon footprint of transhumant sheep farms: accounting for natural baseline emissions in Mediterranean systems,"Cycles SED2, THT4 and THF4 have much lower DMI values per animal than the other cycles with no clear reason why; they may be errors.",,,,,"Sheep, lamb - Spain - 2009",economic,"Sheep, lamb",number,True,False,True,True,False,True,True,True,False,False,False,True,True,True,True,True,False,False,False
c3rmyv8smd4u,,Animal housing - Netherlands,animal housing,Netherlands,_w11amgwjeim,Fattening Netherlands Organic,consistent external sources,relative,w3hq1dphy7wy,,Carbon footprints of conventional and organic pork,"They have included information from lots of different sources, for this reason I have not inlcuded the information regarding crop production (only feed composition) because some of these products we already have the sources.",,,,,Pig - Netherlands - 2007,none required,Pig,number,True,True,True,False,False,True,True,True,True,False,False,False,False,True,True,True,False,False,False
spnubbolkokv,Green farming system,"Permanent pasture - Rothamsted Research - West Devon, United Kingdom - Green farming system",permanent pasture,United Kingdom - West Devon,44htfoh2ku3e,Green-2017,non-verified survey data,relative,lfvrcxbnt18h,10.1111/ejss.12350,"The North Wyke Farm Platform: effect of temperate grassland farming systems on soil moisture contents, runoff and associated water quality dynamics",The North Wyke Farm Platform is a UK National Bioscience Research Infrastructure (NBRI) supported by the Biotechnology and Biological Sciences Research Council (BBS/E/RH/23NB0008).,,,,,"Beef cattle, steer - United Kingdom - 2018-01-01",economic,"Beef cattle, steer",number,True,True,False,True,False,True,False,True,True,False,True,True,True,True,True,True,False,False,False
8w0dvqin_1go,,Permanent pasture - Spain,permanent pasture,Spain,xjxfmwgg3rig,Average annual production data across 9 different conventional dehesa cattle farms. Cow-calf operation,non-verified survey data,relative,_309twlkzg6f,10.1016/j.jclepro.2022.131918,Carbon sequestration offsets a large share of GHG emissions in dehesa cattle production,"Emissions values were extracted from graphs in Figure 5 using a Web plot digitiser so may not be completely accurate. Extra data supplied from authors on cull cow sales, pasture inputs and pasture grass nutrition qualities",,,,,"Beef cattle, calf (weaned) - Spain - 2019",economic,"Beef cattle, calf (weaned)",number,True,True,True,False,False,False,False,True,False,False,False,True,False,True,True,False,False,False,True
gkzvh5qiabmk,Blue farming system,"Permanent pasture - Rothamsted Research - West Devon, United Kingdom - Blue farming system",permanent pasture,United Kingdom - West Devon,x_4reiabz9jh,Blue-2019,non-verified survey data,relative,lfvrcxbnt18h,10.1111/ejss.12350,"The North Wyke Farm Platform: effect of temperate grassland farming systems on soil moisture contents, runoff and associated water quality dynamics",The North Wyke Farm Platform is a UK National Bioscience Research Infrastructure (NBRI) supported by the Biotechnology and Biological Sciences Research Council (BBS/E/RH/23NB0008).,,,,,"Sheep, lamb - United Kingdom - 2020-01-01",economic,"Sheep, lamb",number,True,True,False,True,False,True,False,True,True,False,True,True,True,True,True,True,False,False,False
nqip809t2bho,Great Lakes region of USA,Animal housing - United States - Great Lakes region of USA,animal housing,United States,wlfdn8rcezgc,,inconsistent external sources,relative,dr_jmmuqpfzs,10.3168/jds.2016-12325,Grazing intensity affects the environmental impact of dairy systems,,,,,,"Meat, dairy cattle (cold carcass weight) - United States - 2016",economic,"Meat, dairy cattle (cold carcass weight)",kg cold carcass weight,True,True,False,True,False,True,True,True,True,False,False,True,False,True,True,True,False,False,False
o3uu4jq9gfcu,Site is a combination of both the summer (mountain) and winter (dehesa) grazing sites. Area is cumulative of these sites and the altitude and temperature are assumed to be averaged across them.,Permanent pasture - Spain - Site is a combination of both ...,permanent pasture,Spain,lyj0zylliu9s,Annual cycle of transhumant lamb farm in Albarracin (transhumance of herd to summer farm carried out by truck),non-verified survey data,relative,av57dkzgzdv6,10.1007/s11367-023-02135-3,Carbon footprint of transhumant sheep farms: accounting for natural baseline emissions in Mediterranean systems,"Cycles SED2, THT4 and THF4 have much lower DMI values per animal than the other cycles with no clear reason why; they may be errors.",,,,,"Sheep, lamb - Spain - 2009",economic,"Sheep, lamb",number,True,False,True,True,False,True,True,True,False,False,False,True,True,True,True,True,False,False,False
qdxwubt2gkmu,,Animal housing - Kipster - Netherlands,animal housing,Netherlands,lwqxywwttcld,Kipster-Laying hens scenario 1,consistent external sources,relative,j2jbf7nfmep-,10.1016/j.jclepro.2019.118241,Accounting for feed-food competition in environmental impact assessment: Towards a resource efficient food-system,,,,,,"Layer chicken, hen - Netherlands - 2017",economic,"Layer chicken, hen",number,True,True,True,True,True,True,True,True,True,False,False,True,False,True,True,True,False,False,False
fdqd89sqmc_k,,"Permanent pasture - Albarracín, Spain",permanent pasture,Spain - Albarracín,_sdsdvqoperu,Annual cycle of sedentary lamb farm in Albarracin (no transhumance),non-verified survey data,relative,av57dkzgzdv6,10.1007/s11367-023-02135-3,Carbon footprint of transhumant sheep farms: accounting for natural baseline emissions in Mediterranean systems,"Cycles SED2, THT4 and THF4 have much lower DMI values per animal than the other cycles with no clear reason why; they may be errors.",,,,,"Wool, sheep (greasy) - Spain - 2009",economic,"Wool, sheep (greasy)",kg,True,False,True,True,False,True,True,True,False,False,False,True,True,True,True,True,False,False,False
lgn0oj2ryuqx,,Permanent pasture - Teagasc Johnstown Castle Research Farm - Ireland,permanent pasture,Ireland,epom_lp-t_vc,"24MO treatment where Steers are offered grass silage ad libitum plus 1.5 kg DM of concentrate per head daily over the winter period, turned out to pasture for 210 days, and finished indoors on grass silage ad libitum plus 5 kg DM of concentrate per head daily and slaughtered at 24 months of age - (this is the 2nd pasture stage)",physical measurement,relative,bjlulokiutoa,10.1016/j.agsy.2017.03.007,An economic and greenhouse gas emissions evaluation of pasture-based dairy calf-to-beef production systems,,,,,,"Beef cattle, steer - Ireland - 2014",none required,"Beef cattle, steer",number,False,True,False,False,False,False,False,True,True,False,True,True,False,True,False,False,True,False,False
gkzvh5qiabmk,Blue farming system,"Permanent pasture - Rothamsted Research - West Devon, United Kingdom - Blue farming system",permanent pasture,United Kingdom - West Devon,eqsijon8euqn,Blue-2017,non-verified survey data,relative,lfvrcxbnt18h,10.1111/ejss.12350,"The North Wyke Farm Platform: effect of temperate grassland farming systems on soil moisture contents, runoff and associated water quality dynamics",The North Wyke Farm Platform is a UK National Bioscience Research Infrastructure (NBRI) supported by the Biotechnology and Biological Sciences Research Council (BBS/E/RH/23NB0008).,,,,,"Sheep, lamb (weaned) - United Kingdom - 2018-01-01",economic,"Sheep, lamb (weaned)",number,True,True,False,True,False,True,False,True,True,False,True,True,True,True,True,True,False,False,False
ipua5aiweuqv,,Permanent pasture - Kenya,permanent pasture,Kenya,qittm4zzvfig,All cows and heifers were reported to graze every day in both seasons,non-verified survey data,relative,4o85q6a1k0ih,10.1016/j.jclepro.2020.121780,Variation in the carbon footprint of milk production on smallholder dairy farms in central Kenya,Data also available in Wilkes et al. (2019). Methods and guidance to support MRV of livestock emissions.,,,,,"Milk, cow, raw (FPCM) - Kenya - 2018",economic,"Milk, cow, raw (FPCM)",kg FPCM,True,True,False,False,False,False,True,True,True,False,False,True,False,False,False,False,False,False,False
7hii-0clviz7,"Cerrado (Goiás, Mato Grosso do Sul, Mato Grosso, Tocantins and Minas Gerais states)","Permanent pasture - Brazil - Cerrado (Goiás, Mato Grosso do...",permanent pasture,Brazil,dppefxlteltj,"Beef, fertilized Guinea grass (Panicum maximum cv. Tanzânia) pasture (Scenario 4)",inconsistent external sources,1 ha,si5hdtbv8hly,10.1016/j.agsy.2015.12.007,Impact of the intensification of beef production in Brazil on greenhouse gas emissions and land use,"No end date for Cycle provided. Assumed to be 2014. Error in electricity unit corrected here (Table 5 reports values in kWh, not MWh). Mineral salts described as 60% CaCO3 and 40% Ca3(PO4)2 in the text. Age at slaughter from supplementary material, sheet ""B1, Herd composition"". Error in carcass weight (Supplementary matrial, sheet B1 ""Herd composition"") corrected here (see Joseph Poore edits). Vaccines used, but data not provided.",,,,,"Beef cattle, steer - Brazil - 2014",none,"Beef cattle, steer",number,True,True,False,True,True,True,False,True,False,False,False,True,False,True,True,True,False,False,True
pkmew8wtcrab,Conventional,"Animal housing - Rungnapha Farm - Nong Ta Taem, Thailand - Conventional",animal housing,Thailand - Nong Ta Taem,vpgjg_1h_dra,Broiler chicken farm to 6 weeks old,non-verified survey data,relative,6x8shn-j0lez,,"Optimization of Broiler Farm Management of Rungnapha Farm, Nong Ta Taem Subdistrict, Pran Buri District, Prachuap Khiri Khan Province",,,,,,Broiler chicken - Thailand - 2019,none required,Broiler chicken,number,True,True,True,False,False,True,True,True,False,False,False,True,False,True,True,True,False,False,False
gkzvh5qiabmk,Blue farming system,"Permanent pasture - Rothamsted Research - West Devon, United Kingdom - Blue farming system",permanent pasture,United Kingdom - West Devon,s0c-4lhytwh3,Blue-2022,non-verified survey data,relative,lfvrcxbnt18h,10.1111/ejss.12350,"The North Wyke Farm Platform: effect of temperate grassland farming systems on soil moisture contents, runoff and associated water quality dynamics",The North Wyke Farm Platform is a UK National Bioscience Research Infrastructure (NBRI) supported by the Biotechnology and Biological Sciences Research Council (BBS/E/RH/23NB0008).,,,,,"Sheep, ram - United Kingdom - 2023-01-01",economic,"Sheep, ram",number,True,True,False,True,False,True,False,True,True,False,True,True,True,True,True,True,False,False,False
euxakgwdeylv,,Permanent pasture - United Kingdom,permanent pasture,United Kingdom,xpfora8ppr-t,Average annual production cycle of 27 lowland sheep farms across England and Wales.,non-verified survey data,relative,mroy2usjfur5,10.1016/j.agsy.2013.09.006,The carbon footprint of lamb: Sources of variation and opportunities for mitigation,The split between pasture and housing (and thus the 2 different excreta mangement practices) in each of the three systems is based on assumption.,,,,,"Wool, sheep (greasy) - United Kingdom - 2011",economic,"Wool, sheep (greasy)",kg,True,True,False,False,False,True,False,True,True,False,False,False,False,True,True,False,False,False,False
yjviwu791k7l,Site is a combination of both the summer (mountain) and winter (dehesa) grazing sites. Area is cumulative of these sites and the altitude and temperature are assumed to be averaged across them.,Permanent pasture - Spain - Site is a combination of both ...,permanent pasture,Spain,r8dfzuqsleos,Annual cycle of transhumant lamb farm in Albarracin (transhumance of herd to summer farm carried out by truck),non-verified survey data,relative,av57dkzgzdv6,10.1007/s11367-023-02135-3,Carbon footprint of transhumant sheep farms: accounting for natural baseline emissions in Mediterranean systems,"Cycles SED2, THT4 and THF4 have much lower DMI values per animal than the other cycles with no clear reason why; they may be errors.",,,,,"Sheep, ewe - Spain - 2009",economic,"Sheep, ewe",number,True,False,True,True,False,True,True,True,False,False,False,True,True,True,True,True,False,False,False
s0avjg9kh1h8,,Permanent pasture - Ireland,permanent pasture,Ireland,enrpzfqflzlu,Average cycle of 115 lowland farms.,non-verified survey data,relative,othg_d-xdppv,10.1016/j.agsy.2016.07.004,A life cycle assessment of the effect of intensification on the environmental impacts and resource use of grass-based sheep farming,,,,,,"Meat, sheep (liveweight) - Ireland - 2013",economic,"Meat, sheep (liveweight)",kg liveweight,True,True,True,True,False,True,True,True,True,False,False,True,False,True,True,False,False,False,False
ukrhvlpkedue,,Permanent pasture - Colombia,permanent pasture,Colombia,irot6ea_umaq,,non-verified survey data,1 ha,8hyob7obzdci,10.1016/j.scitotenv.2021.145573,"Environmental impact of primary beef production chain in Colombia: Carbon footprint, non-renewable energy and land use using Life Cycle Assessment",,,,,,"Meat, beef cattle (liveweight) - Colombia - 2019",economic,"Meat, beef cattle (liveweight)",kg liveweight,True,True,True,True,False,True,True,True,False,False,False,True,False,True,True,True,False,False,False
ciyzy5vihc_o,,Agri-food processor - Ireland,agri-food processor,Ireland,cthk2xp6xmzz,Conversion of animals to meat,physical measurement,relative,bjlulokiutoa,10.1016/j.agsy.2017.03.007,An economic and greenhouse gas emissions evaluation of pasture-based dairy calf-to-beef production systems,,,,,,"Meat, beef cattle (cold carcass weight) - Ireland - 2014",economic,"Meat, beef cattle (cold carcass weight)",kg cold carcass weight,True,True,True,False,True,True,True,True,True,False,False,True,True,False,True,True,False,False,True
vdg5bgnd3hl2,Red farming system,"Permanent pasture - Rothamsted Research - West Devon, United Kingdom - Red farming system",permanent pasture,United Kingdom - West Devon,93xkm7xeljf7,Red-2019,non-verified survey data,relative,lfvrcxbnt18h,10.1111/ejss.12350,"The North Wyke Farm Platform: effect of temperate grassland farming systems on soil moisture contents, runoff and associated water quality dynamics",The North Wyke Farm Platform is a UK National Bioscience Research Infrastructure (NBRI) supported by the Biotechnology and Biological Sciences Research Council (BBS/E/RH/23NB0008).,,,,,"Beef cattle, steer - United Kingdom - 2020-01-01",economic,"Beef cattle, steer",number,True,True,False,True,False,True,False,True,True,False,True,True,True,True,True,True,False,False,False
vdg5bgnd3hl2,Red farming system,"Permanent pasture - Rothamsted Research - West Devon, United Kingdom - Red farming system",permanent pasture,United Kingdom - West Devon,vsy0fzis_ywo,Red-2017,non-verified survey data,relative,lfvrcxbnt18h,10.1111/ejss.12350,"The North Wyke Farm Platform: effect of temperate grassland farming systems on soil moisture contents, runoff and associated water quality dynamics",The North Wyke Farm Platform is a UK National Bioscience Research Infrastructure (NBRI) supported by the Biotechnology and Biological Sciences Research Council (BBS/E/RH/23NB0008).,,,,,"Sheep, lamb - United Kingdom - 2018-01-01",economic,"Sheep, lamb",number,True,True,False,True,False,True,False,True,True,False,True,True,True,True,True,True,False,False,False
qdxwubt2gkmu,,Animal housing - Kipster - Netherlands,animal housing,Netherlands,hdrig8kqn8ud,Kipster-Laying hens scenario 3,consistent external sources,relative,j2jbf7nfmep-,10.1016/j.jclepro.2019.118241,Accounting for feed-food competition in environmental impact assessment: Towards a resource efficient food-system,,,,,,"Eggs, hen, in shell - Netherlands - 2017",economic,"Eggs, hen, in shell",kg,True,True,True,True,True,True,True,True,True,False,False,True,False,True,True,True,False,False,False
,,,,,om9zs0_mw0al,France standard system (Fr-ST),consistent external sources,relative,d5kbxxbrujd0,10.1016/j.jenvman.2013.12.011,Environmental impacts of French and Brazilian broiler chicken production scenarios: An LCA approach,,,,,,Broiler chicken - France - 2011,economic,Broiler chicken,number,True,True,True,False,False,True,True,True,True,False,False,True,True,True,True,True,False,False,False
mjgk8-ao_coh,,Agri-food processor - Netherlands,agri-food processor,Netherlands,99-mf1zabbo0,Slaughter - BLS,consistent external sources,relative,j9vcbxofbrwg,10.18174/518522,Economics of broiler production systems in the Netherlands: Economic aspects within the Greenwell sustainability assessment model,,,,,,"Meat, chicken, leg - Netherlands - 2017",economic,"Meat, chicken, leg",kg ready-to-cook weight,True,True,True,False,True,True,True,True,True,False,False,True,True,True,True,True,False,False,False
spnubbolkokv,Green farming system,"Permanent pasture - Rothamsted Research - West Devon, United Kingdom - Green farming system",permanent pasture,United Kingdom - West Devon,h_enyug5e8fz,Green-2013,non-verified survey data,relative,lfvrcxbnt18h,10.1111/ejss.12350,"The North Wyke Farm Platform: effect of temperate grassland farming systems on soil moisture contents, runoff and associated water quality dynamics",The North Wyke Farm Platform is a UK National Bioscience Research Infrastructure (NBRI) supported by the Biotechnology and Biological Sciences Research Council (BBS/E/RH/23NB0008).,,,,,"Beef cattle, steer - United Kingdom - 2014-01-01",economic,"Beef cattle, steer",number,True,True,False,True,False,True,False,True,True,False,True,True,True,True,True,True,False,False,False
7kcs9n7ki99r,They do not provide much information on site.,Animal housing - Denmark - They do not provide much infor...,animal housing,Denmark,lv_irjjjsjhe,Sow herds-2014,non-verified survey data,relative,wcfuerr47b3k,,LANDSGENNEMSNIT FOR PRODUKTIVITET SVINEPRODUKTIONEN 2016,,,,,,"Pig, piglet - Denmark - 2014",none,"Pig, piglet",number,False,True,True,False,False,True,True,True,True,False,False,True,False,True,True,True,False,False,False
ck3csc1se2um,DairyNZ/LIC (2018) New Zealand Dairy Statistics 2019,Permanent pasture - Fonterra - New Zealand - DairyNZ/LIC (2018) New Zealand...,permanent pasture,New Zealand,dlqufawzjhbd,,consistent external sources,1 ha,a-zra9lig9k4,10.3168/jds.2019-17182,"Temporal, spatial, and management variability in the carbon footprint of New Zealand milk",,,,,,"Dairy cattle, cow - New Zealand - 2016",economic,"Dairy cattle, cow",number,True,False,True,False,False,True,True,True,True,False,False,True,False,True,False,True,False,False,False
ro425ygq0vik,,"Animal housing - Schleswig-Holstein, Germany",animal housing,Germany - Schleswig-Holstein,3h9cq7aobveu,Sow and piglet,non-verified survey data,relative,mpbgp_yroeih,,Schweinereport 2019,A series of pig reports.,,,,,"Pig, piglet - Germany - 2019",economic,"Pig, piglet",number,True,True,True,False,False,True,True,True,True,False,False,True,False,True,True,True,False,False,False
sxnkvclfga9p,"For 6 months, the herd was kept in a stable with access to an external paddock","Permanent pasture - CISRA - Torino (Provincia), Piemonte, Italy - For 6 months, the herd was kep...",permanent pasture,"Italy - Torino (Provincia), Piemonte, Italy",2f6vhy0sxn-4,Semi-intensive sheep grazing cycle in Northern Italy.,non-verified survey data,relative,dy6dujvbj6x0,10.3389/fvets.2020.00651,A New Approach to LCA Evaluation of Lamb Meat Production in Two Different Breeding Systems in Northern Italy,,,,,,"Sheep, lamb (weaned) - Italy - 2019",none required,"Sheep, lamb (weaned)",number,True,True,True,False,False,False,False,True,True,False,False,True,False,True,True,True,False,False,False
bs7i8enyfl2a,,"Agri-food processor - Nouvelle-Aquitaine, France",agri-food processor,France - Nouvelle-Aquitaine,uaop2m4cmmfl,France - animal to meat slaughter cycle,consistent external sources,relative,d5kbxxbrujd0,10.1016/j.jenvman.2013.12.011,Environmental impacts of French and Brazilian broiler chicken production scenarios: An LCA approach,,,,,,"Meat, chicken (cold carcass weight) - France - 2011",economic,"Meat, chicken (cold carcass weight)",kg cold carcass weight,True,True,True,False,True,True,True,True,True,False,False,True,True,True,True,True,True,False,True
dur6cvbtla12,,Agri-food processor - Netherlands,agri-food processor,Netherlands,luxccugmoryi,Production of pork meat from pigs,inconsistent external sources,relative,zggopfg9ggrc,10.1080/15693430412331291652,Protein Chains and Environmental Pressures: A Comparison of Pork and Novel Protein Foods,,,,,,"Meat, pig (cold dressed carcass weight) - Netherlands - 2008",economic,"Meat, pig (cold dressed carcass weight)",kg cold dressed carcass weight,True,True,True,False,True,True,True,True,True,False,False,False,True,True,True,True,False,False,False
gkzvh5qiabmk,Blue farming system,"Permanent pasture - Rothamsted Research - West Devon, United Kingdom - Blue farming system",permanent pasture,United Kingdom - West Devon,q9tv7n_pmiff,Blue-2018,non-verified survey data,relative,lfvrcxbnt18h,10.1111/ejss.12350,"The North Wyke Farm Platform: effect of temperate grassland farming systems on soil moisture contents, runoff and associated water quality dynamics",The North Wyke Farm Platform is a UK National Bioscience Research Infrastructure (NBRI) supported by the Biotechnology and Biological Sciences Research Council (BBS/E/RH/23NB0008).,,,,,"Beef cattle, heifer - United Kingdom - 2019-01-01",economic,"Beef cattle, heifer",number,True,True,False,True,False,True,False,True,True,False,True,True,True,True,True,True,False,False,False
gkw4ttx_980z,12 big corporations that account for more than 90% of the country’s total capacity.,Animal housing - Thailand - 12 big corporations that accou...,animal housing,Thailand,ltrwrrsvyvls,CB8-Hatchery 2,non-verified survey data,relative,jwwfj8vmju7j,10.15244/pjoes/68156,Greenhouse gas emissions of one-day-old chick production,,,,,,"Broiler chicken, chick - Thailand - 2011",none required,"Broiler chicken, chick",number,True,True,True,True,True,True,True,True,True,False,False,True,True,True,True,True,False,True,True
dqnrm9vyjgcx,,"Animal housing - Schleswig-Holstein, Germany",animal housing,Germany - Schleswig-Holstein,dxvbz4o90blv,Fattening,non-verified survey data,relative,kyg9ckr4pbuv,,Schweinereport 2021,A series of pig reports.,,,,,Pig - Germany - 2021,none required,Pig,number,True,True,True,False,False,True,True,True,True,False,False,True,False,True,True,True,False,False,False
kz3sgw7kc5zf,,"Animal housing - Schleswig-Holstein, Germany",animal housing,Germany - Schleswig-Holstein,pnsrjghqi1en,Sow and piglet,non-verified survey data,relative,g1xvewplso_v,,Schweinereport 2020,A series of pig reports.,,,,,"Pig, sow - Germany - 2020",economic,"Pig, sow",number,True,True,True,False,False,True,True,True,True,False,False,True,False,True,True,True,False,False,False
vgn7p6j_exoq,,"Animal housing - Schleswig-Holstein, Germany",animal housing,Germany - Schleswig-Holstein,kj8ig3xcrytl,Sow and piglet,non-verified survey data,relative,mzs8bn748kod,,Schweinereport 2017,A series of pig reports.,,,,,"Pig, piglet - Germany - 2017",economic,"Pig, piglet",number,True,True,True,False,False,True,True,True,True,False,False,True,False,True,True,True,False,False,False
vdg5bgnd3hl2,Red farming system,"Permanent pasture - Rothamsted Research - West Devon, United Kingdom - Red farming system",permanent pasture,United Kingdom - West Devon,wvzj8wrv6fka,Red-2018,non-verified survey data,relative,lfvrcxbnt18h,10.1111/ejss.12350,"The North Wyke Farm Platform: effect of temperate grassland farming systems on soil moisture contents, runoff and associated water quality dynamics",The North Wyke Farm Platform is a UK National Bioscience Research Infrastructure (NBRI) supported by the Biotechnology and Biological Sciences Research Council (BBS/E/RH/23NB0008).,,,,,"Beef cattle, steer - United Kingdom - 2019-01-01",economic,"Beef cattle, steer",number,True,True,False,True,False,True,False,True,True,False,True,True,True,True,True,True,False,False,False
tacs17g1jmuy,,"Permanent pasture - Prague, Czech Republic",permanent pasture,Czech Republic - Prague,as82vhzawqe2,Community garden production system for egg production from laying hens,non-verified survey data,relative,s1krqknyo6_b,10.3390/agriculture12030355,Environmental Impacts of Egg Production from a Life Cycle Perspective,Assumes endDate is 2 years before publication,,,,,Layer chicken - Czech Republic - 2020,economic,Layer chicken,number,False,True,True,True,False,True,True,True,True,False,False,True,False,False,True,True,False,False,True
,,,,,rmstma73jh5g,snail collection bangladesh,verified survey data,relative,ivkiyujgzf8r,10.1021/acs.est.5b04634,Comparison of Asian Aquaculture Products by Use of Statistically Supported Life Cycle Assessment,,,,,,"Meat, freshwater snails (with shell) - Bangladesh - 2018",mass,"Meat, freshwater snails (with shell)",kg,True,True,True,True,True,True,True,True,True,False,True,True,True,True,True,True,True,True,True
spnubbolkokv,Green farming system,"Permanent pasture - Rothamsted Research - West Devon, United Kingdom - Green farming system",permanent pasture,United Kingdom - West Devon,h_enyug5e8fz,Green-2013,non-verified survey data,relative,lfvrcxbnt18h,10.1111/ejss.12350,"The North Wyke Farm Platform: effect of temperate grassland farming systems on soil moisture contents, runoff and associated water quality dynamics",The North Wyke Farm Platform is a UK National Bioscience Research Infrastructure (NBRI) supported by the Biotechnology and Biological Sciences Research Council (BBS/E/RH/23NB0008).,,,,,"Sheep, ewe - United Kingdom - 2014-01-01",economic,"Sheep, ewe",number,True,True,False,True,False,True,False,True,True,False,True,True,True,True,True,True,False,False,False
k_kngrcge6jg,,"Permanent pasture - Sardegna, Italy",permanent pasture,Italy - Sardegna,5i9oleqtchra,"Pluriparous ewes chosen for assessment, lambing concentrated in mid-November. Separated system with low supplementation (SS-LS), in which mothers were not followed by suckling lambs during the grazing time (suckling lambs remained indoors) and they received a low dose of supplement (200 g/d of concentrate).",physical measurement,relative,mmjqpffwvz8g,10.3390/ani11123605,Effect of suckling management and ewe concentrate level on methane-related carbon footprint of lamb meat in sardinian dairy sheep farming,,,,,,"Sheep, lamb (male, unweaned) - Italy - 2017-12-13",economic,"Sheep, lamb (male, unweaned)",number,False,True,True,False,False,True,False,True,True,False,False,True,True,True,True,True,False,False,False
avd-f4a66zr7,,Animal housing - United Kingdom,animal housing,United Kingdom,jgavivhk3lhz,"Cycle represents all inputs associated with the rearing of all chicks, pullets and layer hens in order to produce 1000kg of eggs in non-organic free range systems.",modelled,relative,fwy8ntyofqew,10.3382/ps.2011-01635,Predicting the environmental impacts of chicken systems in the united kingdom through a life cycle assessment: Egg production systems,Assuming Eutrophication potential is calculated with CML2001 Baseline method (although this is not clearly specified in the study).,,,,,"Layer chicken, hen - United Kingdom - 2010",economic,"Layer chicken, hen",number,True,True,True,True,False,True,True,True,True,False,False,True,False,True,True,True,False,False,True
vdg5bgnd3hl2,Red farming system,"Permanent pasture - Rothamsted Research - West Devon, United Kingdom - Red farming system",permanent pasture,United Kingdom - West Devon,jpk1ouydzrlf,Red-2015,non-verified survey data,relative,lfvrcxbnt18h,10.1111/ejss.12350,"The North Wyke Farm Platform: effect of temperate grassland farming systems on soil moisture contents, runoff and associated water quality dynamics",The North Wyke Farm Platform is a UK National Bioscience Research Infrastructure (NBRI) supported by the Biotechnology and Biological Sciences Research Council (BBS/E/RH/23NB0008).,,,,,"Beef cattle, heifer - United Kingdom - 2016-01-01",economic,"Beef cattle, heifer",number,True,True,False,True,False,True,False,True,True,False,True,True,True,True,True,True,False,False,False
o3uu4jq9gfcu,Site is a combination of both the summer (mountain) and winter (dehesa) grazing sites. Area is cumulative of these sites and the altitude and temperature are assumed to be averaged across them.,Permanent pasture - Spain - Site is a combination of both ...,permanent pasture,Spain,lyj0zylliu9s,Annual cycle of transhumant lamb farm in Albarracin (transhumance of herd to summer farm carried out by truck),non-verified survey data,relative,av57dkzgzdv6,10.1007/s11367-023-02135-3,Carbon footprint of transhumant sheep farms: accounting for natural baseline emissions in Mediterranean systems,"Cycles SED2, THT4 and THF4 have much lower DMI values per animal than the other cycles with no clear reason why; they may be errors.",,,,,"Sheep, ewe - Spain - 2009",economic,"Sheep, ewe",number,True,False,True,True,False,True,True,True,False,False,False,True,True,True,True,True,False,False,False
gkzvh5qiabmk,Blue farming system,"Permanent pasture - Rothamsted Research - West Devon, United Kingdom - Blue farming system",permanent pasture,United Kingdom - West Devon,ndeqoezm5dlt,Blue-2013,non-verified survey data,relative,lfvrcxbnt18h,10.1111/ejss.12350,"The North Wyke Farm Platform: effect of temperate grassland farming systems on soil moisture contents, runoff and associated water quality dynamics",The North Wyke Farm Platform is a UK National Bioscience Research Infrastructure (NBRI) supported by the Biotechnology and Biological Sciences Research Council (BBS/E/RH/23NB0008).,,,,,"Sheep, ram - United Kingdom - 2014-01-01",economic,"Sheep, ram",number,True,True,False,True,False,True,False,True,True,False,True,True,True,True,True,True,False,False,False
q04mtlfbhe8q,,Permanent pasture - Spain,permanent pasture,Spain,kfk4vkxcy1np,Average annual production data across 6 different organic dehesa cattle farms. Cow-calf operation,non-verified survey data,relative,_309twlkzg6f,10.1016/j.jclepro.2022.131918,Carbon sequestration offsets a large share of GHG emissions in dehesa cattle production,"Emissions values were extracted from graphs in Figure 5 using a Web plot digitiser so may not be completely accurate. Extra data supplied from authors on cull cow sales, pasture inputs and pasture grass nutrition qualities",,,,,"Beef cattle, calf (weaned) - Spain - 2019",economic,"Beef cattle, calf (weaned)",number,True,True,True,False,False,False,False,True,False,False,False,True,True,True,True,False,False,False,True
vdg5bgnd3hl2,Red farming system,"Permanent pasture - Rothamsted Research - West Devon, United Kingdom - Red farming system",permanent pasture,United Kingdom - West Devon,rc7znaubqmmq,Red-2013,non-verified survey data,relative,lfvrcxbnt18h,10.1111/ejss.12350,"The North Wyke Farm Platform: effect of temperate grassland farming systems on soil moisture contents, runoff and associated water quality dynamics",The North Wyke Farm Platform is a UK National Bioscience Research Infrastructure (NBRI) supported by the Biotechnology and Biological Sciences Research Council (BBS/E/RH/23NB0008).,,,,,"Sheep, ram - United Kingdom - 2014-01-01",economic,"Sheep, ram",number,True,True,False,True,False,True,False,True,True,False,True,True,True,True,True,True,False,False,False
dstjezp8mfb_,,"Permanent pasture - Albarracín, Spain",permanent pasture,Spain - Albarracín,aiod1yodlsng,Annual cycle of sedentary lamb farm in Albarracin (no transhumance),non-verified survey data,relative,av57dkzgzdv6,10.1007/s11367-023-02135-3,Carbon footprint of transhumant sheep farms: accounting for natural baseline emissions in Mediterranean systems,"Cycles SED2, THT4 and THF4 have much lower DMI values per animal than the other cycles with no clear reason why; they may be errors.",,,,,"Sheep, ewe - Spain - 2009",economic,"Sheep, ewe",number,True,False,True,True,False,True,True,True,False,False,False,True,True,True,True,True,False,False,False
sjdithvxxk3o,,"Animal housing - New South Wales, Australia",animal housing,Australia - New South Wales,baca63dqlc6n,This cycle represents the inventory for 3 weeks of breeder unit production in the southern supply chain.,verified survey data,relative,_mtpo6ilytlr,,Environmental Assessment of Two Pork Supply Chains Using Life Cycle Assessment,,,,,,"Pig, sow - Australia - 2008",economic,"Pig, sow",number,True,False,True,True,True,True,True,True,True,True,False,False,False,True,True,True,False,False,True
vdg5bgnd3hl2,Red farming system,"Permanent pasture - Rothamsted Research - West Devon, United Kingdom - Red farming system",permanent pasture,United Kingdom - West Devon,ky_kuf7n9vbf,Red-2014,non-verified survey data,relative,lfvrcxbnt18h,10.1111/ejss.12350,"The North Wyke Farm Platform: effect of temperate grassland farming systems on soil moisture contents, runoff and associated water quality dynamics",The North Wyke Farm Platform is a UK National Bioscience Research Infrastructure (NBRI) supported by the Biotechnology and Biological Sciences Research Council (BBS/E/RH/23NB0008).,,,,,"Beef cattle, heifer - United Kingdom - 2015-01-01",economic,"Beef cattle, heifer",number,True,True,False,True,False,True,False,True,True,False,True,True,True,True,True,True,False,False,False
0r-o9co2h6jj,,"Agri-food processor - Meath, Ireland",agri-food processor,Ireland - Meath,fbw0myn53sve,Cycle representing the slaughter of the animals produced during the production cycle,physical measurement,relative,adq-l4cpvkng,10.1016/j.animal.2021.100247,Life cycle assessment of pasture-based suckler steer weanling-to-beef production systems: Effect of breed and slaughter age,,,,,,"Meat, beef cattle (cold carcass weight) - Ireland - 2017",economic,"Meat, beef cattle (cold carcass weight)",kg cold carcass weight,True,True,True,False,True,True,True,True,True,False,False,True,True,True,True,True,False,False,True
vdg5bgnd3hl2,Red farming system,"Permanent pasture - Rothamsted Research - West Devon, United Kingdom - Red farming system",permanent pasture,United Kingdom - West Devon,ky_kuf7n9vbf,Red-2014,non-verified survey data,relative,lfvrcxbnt18h,10.1111/ejss.12350,"The North Wyke Farm Platform: effect of temperate grassland farming systems on soil moisture contents, runoff and associated water quality dynamics",The North Wyke Farm Platform is a UK National Bioscience Research Infrastructure (NBRI) supported by the Biotechnology and Biological Sciences Research Council (BBS/E/RH/23NB0008).,,,,,"Sheep, ram - United Kingdom - 2015-01-01",economic,"Sheep, ram",number,True,True,False,True,False,True,False,True,True,False,True,True,True,True,True,True,False,False,False
gkzvh5qiabmk,Blue farming system,"Permanent pasture - Rothamsted Research - West Devon, United Kingdom - Blue farming system",permanent pasture,United Kingdom - West Devon,xccakim_7aql,Blue-2011,non-verified survey data,relative,lfvrcxbnt18h,10.1111/ejss.12350,"The North Wyke Farm Platform: effect of temperate grassland farming systems on soil moisture contents, runoff and associated water quality dynamics",The North Wyke Farm Platform is a UK National Bioscience Research Infrastructure (NBRI) supported by the Biotechnology and Biological Sciences Research Council (BBS/E/RH/23NB0008).,,,,,"Sheep, lamb (weaned) - United Kingdom - 2012-01-01",economic,"Sheep, lamb (weaned)",number,True,True,False,True,False,True,False,True,True,False,True,True,True,True,True,True,False,False,False
krfjipjne1ob,,"Permanent pasture - São Carlos (Distrito), São Carlos, São Paulo, Brazil",permanent pasture,"Brazil - São Carlos (Distrito), São Carlos, São Paulo, Brazil",krjqmckd89ov,Rainfed/ dryland pasture with medium stocking rate,physical measurement,1 ha,nha19gkveh18,10.1017/S1751731120001822,Greenhouse gas balance and carbon footprint of pasture-based beef cattle production systems in the tropical region (Atlantic Forest biome),,,,,,"Beef cattle, steer - Brazil - 2014",none,"Beef cattle, steer",number,False,True,True,True,False,True,False,True,True,False,False,True,False,False,True,True,False,False,True
spnubbolkokv,Green farming system,"Permanent pasture - Rothamsted Research - West Devon, United Kingdom - Green farming system",permanent pasture,United Kingdom - West Devon,okex4zxuxtx8,Green-2021,non-verified survey data,relative,lfvrcxbnt18h,10.1111/ejss.12350,"The North Wyke Farm Platform: effect of temperate grassland farming systems on soil moisture contents, runoff and associated water quality dynamics",The North Wyke Farm Platform is a UK National Bioscience Research Infrastructure (NBRI) supported by the Biotechnology and Biological Sciences Research Council (BBS/E/RH/23NB0008).,,,,,"Beef cattle, heifer - United Kingdom - 2022-01-01",economic,"Beef cattle, heifer",number,True,True,False,True,False,True,False,True,True,False,True,True,True,True,True,True,False,False,False
spnubbolkokv,Green farming system,"Permanent pasture - Rothamsted Research - West Devon, United Kingdom - Green farming system",permanent pasture,United Kingdom - West Devon,kydwtvt3yzob,Green-2011,non-verified survey data,relative,lfvrcxbnt18h,10.1111/ejss.12350,"The North Wyke Farm Platform: effect of temperate grassland farming systems on soil moisture contents, runoff and associated water quality dynamics",The North Wyke Farm Platform is a UK National Bioscience Research Infrastructure (NBRI) supported by the Biotechnology and Biological Sciences Research Council (BBS/E/RH/23NB0008).,,,,,"Sheep, lamb (weaned) - United Kingdom - 2012-01-01",economic,"Sheep, lamb (weaned)",number,True,True,False,True,False,True,False,True,True,False,True,True,True,True,True,True,False,False,False
vdg5bgnd3hl2,Red farming system,"Permanent pasture - Rothamsted Research - West Devon, United Kingdom - Red farming system",permanent pasture,United Kingdom - West Devon,jpk1ouydzrlf,Red-2015,non-verified survey data,relative,lfvrcxbnt18h,10.1111/ejss.12350,"The North Wyke Farm Platform: effect of temperate grassland farming systems on soil moisture contents, runoff and associated water quality dynamics",The North Wyke Farm Platform is a UK National Bioscience Research Infrastructure (NBRI) supported by the Biotechnology and Biological Sciences Research Council (BBS/E/RH/23NB0008).,,,,,"Sheep, ewe - United Kingdom - 2016-01-01",economic,"Sheep, ewe",number,True,True,False,True,False,True,False,True,True,False,True,True,True,True,True,True,False,False,False
gkw4ttx_980z,12 big corporations that account for more than 90% of the country’s total capacity.,Animal housing - Thailand - 12 big corporations that accou...,animal housing,Thailand,neggpemblfxo,CB6-Hatchery 2,non-verified survey data,relative,jwwfj8vmju7j,10.15244/pjoes/68156,Greenhouse gas emissions of one-day-old chick production,,,,,,"Broiler chicken, chick - Thailand - 2011",none required,"Broiler chicken, chick",number,True,True,True,True,True,True,True,True,True,False,False,True,True,True,True,True,False,True,True
spnubbolkokv,Green farming system,"Permanent pasture - Rothamsted Research - West Devon, United Kingdom - Green farming system",permanent pasture,United Kingdom - West Devon,xizuvz66doyb,Green-2020,non-verified survey data,relative,lfvrcxbnt18h,10.1111/ejss.12350,"The North Wyke Farm Platform: effect of temperate grassland farming systems on soil moisture contents, runoff and associated water quality dynamics",The North Wyke Farm Platform is a UK National Bioscience Research Infrastructure (NBRI) supported by the Biotechnology and Biological Sciences Research Council (BBS/E/RH/23NB0008).,,,,,"Sheep, ram - United Kingdom - 2020-12-31",economic,"Sheep, ram",number,True,True,False,True,False,True,False,True,True,False,True,True,True,True,True,True,False,False,False
gkzvh5qiabmk,Blue farming system,"Permanent pasture - Rothamsted Research - West Devon, United Kingdom - Blue farming system",permanent pasture,United Kingdom - West Devon,uhd_i2x10588,Blue-2021,non-verified survey data,relative,lfvrcxbnt18h,10.1111/ejss.12350,"The North Wyke Farm Platform: effect of temperate grassland farming systems on soil moisture contents, runoff and associated water quality dynamics",The North Wyke Farm Platform is a UK National Bioscience Research Infrastructure (NBRI) supported by the Biotechnology and Biological Sciences Research Council (BBS/E/RH/23NB0008).,,,,,"Beef cattle, steer - United Kingdom - 2022-01-01",economic,"Beef cattle, steer",number,True,True,False,True,False,True,False,True,True,False,True,True,True,True,True,True,False,False,False
spnubbolkokv,Green farming system,"Permanent pasture - Rothamsted Research - West Devon, United Kingdom - Green farming system",permanent pasture,United Kingdom - West Devon,csz4s_jq7j9p,Green-2015,non-verified survey data,relative,lfvrcxbnt18h,10.1111/ejss.12350,"The North Wyke Farm Platform: effect of temperate grassland farming systems on soil moisture contents, runoff and associated water quality dynamics",The North Wyke Farm Platform is a UK National Bioscience Research Infrastructure (NBRI) supported by the Biotechnology and Biological Sciences Research Council (BBS/E/RH/23NB0008).,,,,,"Beef cattle, calf (female, weaned) - United Kingdom - 2016-01-01",economic,"Beef cattle, calf (female, weaned)",number,True,True,False,True,False,True,False,True,True,False,True,True,True,True,True,True,False,False,False
gkzvh5qiabmk,Blue farming system,"Permanent pasture - Rothamsted Research - West Devon, United Kingdom - Blue farming system",permanent pasture,United Kingdom - West Devon,ndeqoezm5dlt,Blue-2013,non-verified survey data,relative,lfvrcxbnt18h,10.1111/ejss.12350,"The North Wyke Farm Platform: effect of temperate grassland farming systems on soil moisture contents, runoff and associated water quality dynamics",The North Wyke Farm Platform is a UK National Bioscience Research Infrastructure (NBRI) supported by the Biotechnology and Biological Sciences Research Council (BBS/E/RH/23NB0008).,,,,,"Sheep, ewe - United Kingdom - 2014-01-01",economic,"Sheep, ewe",number,True,True,False,True,False,True,False,True,True,False,True,True,True,True,True,True,False,False,False
gkzvh5qiabmk,Blue farming system,"Permanent pasture - Rothamsted Research - West Devon, United Kingdom - Blue farming system",permanent pasture,United Kingdom - West Devon,eqsijon8euqn,Blue-2017,non-verified survey data,relative,lfvrcxbnt18h,10.1111/ejss.12350,"The North Wyke Farm Platform: effect of temperate grassland farming systems on soil moisture contents, runoff and associated water quality dynamics",The North Wyke Farm Platform is a UK National Bioscience Research Infrastructure (NBRI) supported by the Biotechnology and Biological Sciences Research Council (BBS/E/RH/23NB0008).,,,,,"Sheep, lamb - United Kingdom - 2018-01-01",economic,"Sheep, lamb",number,True,True,False,True,False,True,False,True,True,False,True,True,True,True,True,True,False,False,False
c6yudehs_r_w,,Agri-food processor - Netherlands,agri-food processor,Netherlands,waf5xvc68yw-,Slaughter - DRB,consistent external sources,relative,j9vcbxofbrwg,10.18174/518522,Economics of broiler production systems in the Netherlands: Economic aspects within the Greenwell sustainability assessment model,,,,,,"Meat, chicken, breast - Netherlands - 2017",economic,"Meat, chicken, breast",kg ready-to-cook weight,True,True,True,False,True,True,True,True,True,False,False,True,True,True,True,True,False,False,False
5okpc67r4pdc,"Cerrado (Goiás, Mato Grosso do Sul, Mato Grosso, Tocantins and Minas Gerais states)","Permanent pasture - Brazil - Cerrado (Goiás, Mato Grosso do...",permanent pasture,Brazil,0vstodjdv9b8,"Beef, fertilized Guinea grass (Panicum maximum cv. Tanzânia) pasture + 75-day finishing period in confinement (Scenario 5)",inconsistent external sources,1 ha,si5hdtbv8hly,10.1016/j.agsy.2015.12.007,Impact of the intensification of beef production in Brazil on greenhouse gas emissions and land use,"No end date for Cycle provided. Assumed to be 2014. Error in electricity unit corrected here (Table 5 reports values in kWh, not MWh). Mineral salts described as 60% CaCO3 and 40% Ca3(PO4)2 in the text. Age at slaughter from supplementary material, sheet ""B1, Herd composition"". Error in carcass weight (Supplementary matrial, sheet B1 ""Herd composition"") corrected here (see Joseph Poore edits). Vaccines used, but data not provided.",,,,,"Beef cattle, cow - Brazil - 2014",none,"Beef cattle, cow",number,True,True,False,True,True,True,False,True,False,False,False,True,False,True,True,True,False,False,True
,,,,,idtbjcrharcd,,inconsistent external sources,relative,dr_jmmuqpfzs,10.3168/jds.2016-12325,Grazing intensity affects the environmental impact of dairy systems,,,,,,"Milk, cow, raw (FPCM) - United States - 2016",biophysical,"Milk, cow, raw (FPCM)",kg FPCM,True,True,False,True,False,True,True,True,True,False,False,True,False,True,True,True,False,False,False
gkzvh5qiabmk,Blue farming system,"Permanent pasture - Rothamsted Research - West Devon, United Kingdom - Blue farming system",permanent pasture,United Kingdom - West Devon,eqsijon8euqn,Blue-2017,non-verified survey data,relative,lfvrcxbnt18h,10.1111/ejss.12350,"The North Wyke Farm Platform: effect of temperate grassland farming systems on soil moisture contents, runoff and associated water quality dynamics",The North Wyke Farm Platform is a UK National Bioscience Research Infrastructure (NBRI) supported by the Biotechnology and Biological Sciences Research Council (BBS/E/RH/23NB0008).,,,,,"Beef cattle, calf (female, weaned) - United Kingdom - 2018-01-01",economic,"Beef cattle, calf (female, weaned)",number,True,True,False,True,False,True,False,True,True,False,True,True,True,True,True,True,False,False,False
6l-ivbq3ddxo,,Animal housing - Netherlands,animal housing,Netherlands,s1mjszprxmxu,Sow Netherlands Conventional,consistent external sources,relative,w3hq1dphy7wy,,Carbon footprints of conventional and organic pork,"They have included information from lots of different sources, for this reason I have not inlcuded the information regarding crop production (only feed composition) because some of these products we already have the sources.",,,,,"Pig, sow - Netherlands - 2007",economic,"Pig, sow",number,True,True,True,False,False,True,True,True,True,False,False,False,False,True,True,True,False,False,False
ebv-ot-5imav,,Animal housing - Canada,animal housing,Canada,v2rvaszap4jl,"Certified organic production systems may also be either single- or multi-tier systems (where hens live either directly on the floor or within an aviary structure, with access to perches, nest and scratch areas, and other enrichments) that adhere to additional requirements for production (for example exposure to natural light) set by the Canadian General Standards Board (CGSB)",non-verified survey data,relative,suyept760iy4,10.1016/j.resconrec.2021.105907,Life cycle assessment of contemporary Canadian egg production systems during the transition from conventional cage to alternative housing systems: Update and analysis of trends and conditions,,,,,,"Eggs, hen, in shell - Canada - 2019",biophysical,"Eggs, hen, in shell",kg,True,True,True,True,True,True,True,True,True,False,False,True,False,True,True,True,False,False,True
gkzvh5qiabmk,Blue farming system,"Permanent pasture - Rothamsted Research - West Devon, United Kingdom - Blue farming system",permanent pasture,United Kingdom - West Devon,eqsijon8euqn,Blue-2017,non-verified survey data,relative,lfvrcxbnt18h,10.1111/ejss.12350,"The North Wyke Farm Platform: effect of temperate grassland farming systems on soil moisture contents, runoff and associated water quality dynamics",The North Wyke Farm Platform is a UK National Bioscience Research Infrastructure (NBRI) supported by the Biotechnology and Biological Sciences Research Council (BBS/E/RH/23NB0008).,,,,,"Beef cattle, calf (male, weaned) - United Kingdom - 2018-01-01",economic,"Beef cattle, calf (male, weaned)",number,True,True,False,True,False,True,False,True,True,False,True,True,True,True,True,True,False,False,False
4n4xb_ziq_7h,,Permanent pasture - Teagasc Johnstown Castle Research Farm - Ireland,permanent pasture,Ireland,zo7kkkqwmv0t,"19PC treatment where Bulls are offered grass silage ad libitum plus 1.5 kg DM of concentrate per head daily over the winter period, turned out to pasture for 100 days, finished at pasture supplemented with 5 kg DM of concentrate per head daily for 100 days and slaughtered at 19 months of age - (this is the finishing period)",physical measurement,relative,bjlulokiutoa,10.1016/j.agsy.2017.03.007,An economic and greenhouse gas emissions evaluation of pasture-based dairy calf-to-beef production systems,,,,,,"Beef cattle, bull - Ireland - 2014",none,"Beef cattle, bull",number,False,True,False,False,False,False,False,True,True,False,True,True,False,True,False,False,True,False,False
2cl-y3lskrrk,,Animal housing - Canada,animal housing,Canada,ywuwnq9a6nm2,"A free-range system is defined as either a single- or multi-tier system (hens live either directly on the floor or within an aviary structure, with access to perches, nest and scratch areas, and other enrichments) in which hens are provided with outdoor access.",non-verified survey data,relative,suyept760iy4,10.1016/j.resconrec.2021.105907,Life cycle assessment of contemporary Canadian egg production systems during the transition from conventional cage to alternative housing systems: Update and analysis of trends and conditions,,,,,,"Eggs, hen, in shell - Canada - 2019",biophysical,"Eggs, hen, in shell",kg,True,True,True,True,True,True,True,True,True,False,False,True,False,True,True,True,False,False,True
gkzvh5qiabmk,Blue farming system,"Permanent pasture - Rothamsted Research - West Devon, United Kingdom - Blue farming system",permanent pasture,United Kingdom - West Devon,ndeqoezm5dlt,Blue-2013,non-verified survey data,relative,lfvrcxbnt18h,10.1111/ejss.12350,"The North Wyke Farm Platform: effect of temperate grassland farming systems on soil moisture contents, runoff and associated water quality dynamics",The North Wyke Farm Platform is a UK National Bioscience Research Infrastructure (NBRI) supported by the Biotechnology and Biological Sciences Research Council (BBS/E/RH/23NB0008).,,,,,"Sheep, lamb - United Kingdom - 2014-01-01",economic,"Sheep, lamb",number,True,True,False,True,False,True,False,True,True,False,True,True,True,True,True,True,False,False,False
vdg5bgnd3hl2,Red farming system,"Permanent pasture - Rothamsted Research - West Devon, United Kingdom - Red farming system",permanent pasture,United Kingdom - West Devon,d4omhedd1gdc,Red-2016,non-verified survey data,relative,lfvrcxbnt18h,10.1111/ejss.12350,"The North Wyke Farm Platform: effect of temperate grassland farming systems on soil moisture contents, runoff and associated water quality dynamics",The North Wyke Farm Platform is a UK National Bioscience Research Infrastructure (NBRI) supported by the Biotechnology and Biological Sciences Research Council (BBS/E/RH/23NB0008).,,,,,"Beef cattle, heifer - United Kingdom - 2016-12-31",economic,"Beef cattle, heifer",number,True,True,False,True,False,True,False,True,True,False,True,True,True,True,True,True,False,False,False
cyghuxk9zbfy,,Animal housing - United Kingdom,animal housing,United Kingdom,0dmazf5pwy_5,"Cycle represents all inputs associated with the rearing of all chicks, pullets and layer hens in order to produce 1000kg of eggs in caged housing systems.",modelled,relative,fwy8ntyofqew,10.3382/ps.2011-01635,Predicting the environmental impacts of chicken systems in the united kingdom through a life cycle assessment: Egg production systems,Assuming Eutrophication potential is calculated with CML2001 Baseline method (although this is not clearly specified in the study).,,,,,"Layer chicken, hen - United Kingdom - 2010",economic,"Layer chicken, hen",number,True,True,True,True,False,True,True,True,True,False,False,True,False,True,True,True,False,False,True
7saikrkxtvlv,60 ha of grazing area for the herd and 40ha of grass to be cut for making silage,Permanent pasture - United Kingdom - 60 ha of grazing area for the ...,permanent pasture,United Kingdom,xzdyeto_0_vv,"Annual production cycle of an average baseline, grass-based UK dairy farm on conventional ryegrass",consistent external sources,relative,dyejpjpyu9fe,10.1016/j.jclepro.2018.08.206,Effects of high-sugar grasses and improved manure management on the environmental footprint of milk production at the farm level,,,,,,"Dairy cattle, calf (male, unweaned) - United Kingdom - 2016",economic,"Dairy cattle, calf (male, unweaned)",number,True,True,True,True,False,False,True,True,True,False,False,True,False,True,False,True,False,False,False
jxiosh2w3cfm,,Agri-food processor - Netherlands,agri-food processor,Netherlands,wqysltnb205a,Slaughter - Organic,consistent external sources,relative,j9vcbxofbrwg,10.18174/518522,Economics of broiler production systems in the Netherlands: Economic aspects within the Greenwell sustainability assessment model,,,,,,"Meat, chicken, leg - Netherlands - 2017",economic,"Meat, chicken, leg",kg ready-to-cook weight,True,True,True,False,True,True,True,True,True,False,False,True,True,True,True,True,False,False,False
jnukbgqgvu8f,,"Animal housing - G/LM-Ho - Normandie, France",animal housing,France - Normandie,bg6ap4fzyi4_,"Grass and low proportion maize silage in forage area, with cattle fed an Omega-3 supplement, Holstein breed. Annual milk production cycle, including all grazing and animal housing components.",modelled,relative,pusvmnivm1zy,10.1016/j.jenvman.2013.01.028,"Effect of dairy production system, breed and co-product handling methods on environmental impacts at farm level","Linseed cultivation taken by authors from Nguyen (2012), original data from France. Linseed processing from Bacenetti (2017), selected by us as a proxy. Authors have used daSilva for soybean cultivation data and dalgaard for soybean processing. Given these data are just proxies, we decided to omit them and just specify that the soybean meal is from Brazil.",,,,,"Dairy cattle, calf (weaned) - France - 2011",economic,"Dairy cattle, calf (weaned)",number,True,True,True,True,False,True,True,True,True,False,False,True,True,True,True,True,False,True,False
gkzvh5qiabmk,Blue farming system,"Permanent pasture - Rothamsted Research - West Devon, United Kingdom - Blue farming system",permanent pasture,United Kingdom - West Devon,uhd_i2x10588,Blue-2021,non-verified survey data,relative,lfvrcxbnt18h,10.1111/ejss.12350,"The North Wyke Farm Platform: effect of temperate grassland farming systems on soil moisture contents, runoff and associated water quality dynamics",The North Wyke Farm Platform is a UK National Bioscience Research Infrastructure (NBRI) supported by the Biotechnology and Biological Sciences Research Council (BBS/E/RH/23NB0008).,,,,,"Sheep, lamb - United Kingdom - 2022-01-01",economic,"Sheep, lamb",number,True,True,False,True,False,True,False,True,True,False,True,True,True,True,True,True,False,False,False
vk9jii3blfzw,Site is a combination of both the summer (mountain) and winter (dehesa) grazing sites. Area is cumulative of these sites and the altitude and temperature are assumed to be averaged across them.,Permanent pasture - Spain - Site is a combination of both ...,permanent pasture,Spain,vd_9eeibwkdt,Annual cycle of transhumant lamb farm in Albarracin (transhumance of herd to summer farm carried out on foot),non-verified survey data,relative,av57dkzgzdv6,10.1007/s11367-023-02135-3,Carbon footprint of transhumant sheep farms: accounting for natural baseline emissions in Mediterranean systems,"Cycles SED2, THT4 and THF4 have much lower DMI values per animal than the other cycles with no clear reason why; they may be errors.",,,,,"Wool, sheep (greasy) - Spain - 2009",economic,"Wool, sheep (greasy)",kg,True,False,True,True,False,True,True,True,False,False,False,True,True,True,True,True,False,False,False
knpbw431byhi,Animal slaughterhouse,"Agri-food processor - Cáceres (Município), Mato Grosso, Brazil - Animal slaughterhouse",agri-food processor,"Brazil - Cáceres (Município), Mato Grosso, Brazil",ad6deo092xev,Production of Beef,expert opinion,relative,xjw-lobrpjl_,10.1016/j.jclepro.2015.10.032,Economics and environmental performance issues of a typical Amazonian beef farm: A case study,"For this paper we adjust theherd size by the number of days each animal spends in the cycle (see ""Animal Calculations"" sheet).",,,,,"Meat, beef cattle (cold carcass weight) - Brazil - 2012-12-31",economic,"Meat, beef cattle (cold carcass weight)",kg cold carcass weight,True,True,True,False,True,True,True,True,True,False,False,False,True,True,True,True,False,False,False
spnubbolkokv,Green farming system,"Permanent pasture - Rothamsted Research - West Devon, United Kingdom - Green farming system",permanent pasture,United Kingdom - West Devon,oewixdlrufdd,Green-2016,non-verified survey data,relative,lfvrcxbnt18h,10.1111/ejss.12350,"The North Wyke Farm Platform: effect of temperate grassland farming systems on soil moisture contents, runoff and associated water quality dynamics",The North Wyke Farm Platform is a UK National Bioscience Research Infrastructure (NBRI) supported by the Biotechnology and Biological Sciences Research Council (BBS/E/RH/23NB0008).,,,,,"Beef cattle, heifer - United Kingdom - 2016-12-31",economic,"Beef cattle, heifer",number,True,True,False,True,False,True,False,True,True,False,True,True,True,True,True,True,False,False,False
8uksf_edehde,,Animal housing - Milk_farm - Poland,animal housing,Poland,5xp8mg03sis_,,non-verified survey data,relative,ratfvc5sc2zo,10.35808/ersj/2002,Eco-efficiency of milk production in Poland using the life cycle assessment methodologies,,,,,,"Meat, dairy cattle (liveweight) - Poland - 2018",economic,"Meat, dairy cattle (liveweight)",kg liveweight,True,True,True,True,False,True,True,True,True,True,False,True,False,True,True,True,False,False,True
izfygl0agpki,,Animal housing - Czech Republic,animal housing,Czech Republic,xxzuhgzjekzw,Free range production system for egg production from laying hens,consistent external sources,relative,s1krqknyo6_b,10.3390/agriculture12030355,Environmental Impacts of Egg Production from a Life Cycle Perspective,Assumes endDate is 2 years before publication,,,,,Layer chicken - Czech Republic - 2020,economic,Layer chicken,number,True,True,True,True,False,True,True,True,True,False,False,True,False,False,True,True,False,False,True
vdg5bgnd3hl2,Red farming system,"Permanent pasture - Rothamsted Research - West Devon, United Kingdom - Red farming system",permanent pasture,United Kingdom - West Devon,vsy0fzis_ywo,Red-2017,non-verified survey data,relative,lfvrcxbnt18h,10.1111/ejss.12350,"The North Wyke Farm Platform: effect of temperate grassland farming systems on soil moisture contents, runoff and associated water quality dynamics",The North Wyke Farm Platform is a UK National Bioscience Research Infrastructure (NBRI) supported by the Biotechnology and Biological Sciences Research Council (BBS/E/RH/23NB0008).,,,,,"Beef cattle, steer - United Kingdom - 2018-01-01",economic,"Beef cattle, steer",number,True,True,False,True,False,True,False,True,True,False,True,True,True,True,True,True,False,False,False
vdg5bgnd3hl2,Red farming system,"Permanent pasture - Rothamsted Research - West Devon, United Kingdom - Red farming system",permanent pasture,United Kingdom - West Devon,ky_kuf7n9vbf,Red-2014,non-verified survey data,relative,lfvrcxbnt18h,10.1111/ejss.12350,"The North Wyke Farm Platform: effect of temperate grassland farming systems on soil moisture contents, runoff and associated water quality dynamics",The North Wyke Farm Platform is a UK National Bioscience Research Infrastructure (NBRI) supported by the Biotechnology and Biological Sciences Research Council (BBS/E/RH/23NB0008).,,,,,"Beef cattle, calf (male, weaned) - United Kingdom - 2015-01-01",economic,"Beef cattle, calf (male, weaned)",number,True,True,False,True,False,True,False,True,True,False,True,True,True,True,True,True,False,False,False
yu5b9ycxqkuk,,,,,s1ce37pmvm22,"Annual cycle of the standard cow-calf production system in the Charolais basin. This consists of four components: 1) Reproduction, output of which = weaned male calves, weaned female calves not used for replacement, cull cows and a breeding bull. 2) Rearing female calves from weaning (9 months) to finishing at 33 months. 3) Finishing of cull cows, i.e. fattened before sending to the slaughterhouse. 4) Pre-fattening of male calves for 2 months after weaning (before being sent to a separate finishing farm). Both St and O3 are classified as extensive systems with 7.5 months grazing from April to November. The grazed area consists of 88% permanent versus 12% temporary grassland - this has been used to calculate the relative time spent on permanent versus temporary grassland during those 7.5 months of grazing.",modelled,relative,2uaxgmjzmtai,10.1016/j.livsci.2012.02.010,Effects of type of ration and allocation methods on the environmental impacts of beef-production systems,"Authors have used daSilva for soybean cultivation data and dalgaard for soybean processing. Given these data are just proxies, we decided to omit them and just specify that the soybean meal is from Brazil.",,,,,"Beef cattle, bull - France - 2010",economic,"Beef cattle, bull",number,True,True,True,True,False,True,True,True,True,False,False,True,False,True,True,True,False,False,False
els7zydjxcyq,,Animal housing - Denmark,animal housing,Denmark,upme4sttxx_c,Organic dairy,non-verified survey data,relative,5g13r1d87r8v,10.1016/j.livsci.2011.03.002,Effect of production system and farming strategy on greenhouse gas emissions from commercial dairy farms in a life cycle approach,,,,,,"Meat, dairy cattle (liveweight) - Denmark - 2003",economic,"Meat, dairy cattle (liveweight)",kg liveweight,True,True,True,False,False,True,True,True,True,False,False,True,True,True,True,True,False,False,False
4xg1fotwnzby,,"Animal housing - Tepatitlán de Morelos, Mexico",animal housing,Mexico - Tepatitlán de Morelos,ca0rz6dfx8fx,Egg laying phase (60 weeks) and packaging,non-verified survey data,relative,slooumnhc8do,10.3390/app10041352,Decreasing the environmental impact in an egg-producing farm through the application of LCA and lean tools,Have assumed error in the amount of grain specified in the Egg posture phase - assumed this is the given amount (3362.3kg) x100 to be inline with the relative amount of grain consumed during the previous phases,,,,,"Eggs, hen, in shell - Mexico - 2017-11-17",economic,"Eggs, hen, in shell",kg,True,True,True,True,True,True,True,True,True,False,False,True,False,True,True,True,False,False,True
spnubbolkokv,Green farming system,"Permanent pasture - Rothamsted Research - West Devon, United Kingdom - Green farming system",permanent pasture,United Kingdom - West Devon,44htfoh2ku3e,Green-2017,non-verified survey data,relative,lfvrcxbnt18h,10.1111/ejss.12350,"The North Wyke Farm Platform: effect of temperate grassland farming systems on soil moisture contents, runoff and associated water quality dynamics",The North Wyke Farm Platform is a UK National Bioscience Research Infrastructure (NBRI) supported by the Biotechnology and Biological Sciences Research Council (BBS/E/RH/23NB0008).,,,,,"Sheep, lamb (weaned) - United Kingdom - 2018-01-01",economic,"Sheep, lamb (weaned)",number,True,True,False,True,False,True,False,True,True,False,True,True,True,True,True,True,False,False,False
zugv7pcewbkb,,"Animal housing - G/HM-Ho - Normandie, France",animal housing,France - Normandie,oxruhn-issv5,"Grass and high proportion maize silage in forage area, Holstein breed. Annual milk production cycle, including all grazing and animal housing components.",modelled,relative,pusvmnivm1zy,10.1016/j.jenvman.2013.01.028,"Effect of dairy production system, breed and co-product handling methods on environmental impacts at farm level","Linseed cultivation taken by authors from Nguyen (2012), original data from France. Linseed processing from Bacenetti (2017), selected by us as a proxy. Authors have used daSilva for soybean cultivation data and dalgaard for soybean processing. Given these data are just proxies, we decided to omit them and just specify that the soybean meal is from Brazil.",,,,,"Dairy cattle, cow - France - 2011",economic,"Dairy cattle, cow",number,True,True,True,True,False,True,True,True,True,False,False,True,True,True,True,True,False,True,False
2nk1hvqamldz,,"Animal housing - Schleswig-Holstein, Germany",animal housing,Germany - Schleswig-Holstein,v9tkozsntcbb,Sow and piglet,non-verified survey data,relative,zqnvvphzf99s,,Schweinereport 2012,A series of pig reports.,,,,,"Pig, sow - Germany - 2012",economic,"Pig, sow",number,True,True,True,False,False,True,True,True,True,False,False,True,False,True,True,True,False,False,False
qxnrlu27y2fk,,Animal housing - China,animal housing,China,dvqz7dqmrihh,,non-verified survey data,relative,vxjctf4iuqg3,10.1016/j.scitotenv.2017.12.259,"Environmental impacts and resource use of milk production on the North China Plain, based on life cycle assessment",,,,,,"Milk, cow, raw (FPCM) - China - 2016",economic,"Milk, cow, raw (FPCM)",kg FPCM,True,False,True,True,False,True,True,True,True,False,False,True,False,True,True,True,True,False,True
gkzvh5qiabmk,Blue farming system,"Permanent pasture - Rothamsted Research - West Devon, United Kingdom - Blue farming system",permanent pasture,United Kingdom - West Devon,p0ly_vu3zub2,Blue-2015,non-verified survey data,relative,lfvrcxbnt18h,10.1111/ejss.12350,"The North Wyke Farm Platform: effect of temperate grassland farming systems on soil moisture contents, runoff and associated water quality dynamics",The North Wyke Farm Platform is a UK National Bioscience Research Infrastructure (NBRI) supported by the Biotechnology and Biological Sciences Research Council (BBS/E/RH/23NB0008).,,,,,"Beef cattle, heifer - United Kingdom - 2016-01-01",economic,"Beef cattle, heifer",number,True,True,False,True,False,True,False,True,True,False,True,True,True,True,True,True,False,False,False
xtl1udsgt58g,,Animal housing - Kenya,animal housing,Kenya,8td870mkxk0q,No cows or heifers obtained feed through grazing in either season,non-verified survey data,relative,4o85q6a1k0ih,10.1016/j.jclepro.2020.121780,Variation in the carbon footprint of milk production on smallholder dairy farms in central Kenya,Data also available in Wilkes et al. (2019). Methods and guidance to support MRV of livestock emissions.,,,,,"Milk, cow, raw (FPCM) - Kenya - 2018",economic,"Milk, cow, raw (FPCM)",kg FPCM,True,True,True,False,False,False,True,True,True,False,False,True,False,False,False,False,False,False,False
ejt3kizmhtlm,French Massif central semi-mountainous area,Permanent pasture - France - French Massif central semi-mou...,permanent pasture,France,mnsguq8wogum,Beef production - France - March/April,non-verified survey data,relative,zb47es9se6kw,10.1016/j.agsy.2017.04.005,Environmental footprint of the integrated France–Italy beef production system assessed through a multi-indicator approach,,,,,,"Beef cattle, heifer - France - 2014",economic,"Beef cattle, heifer",number,True,True,True,True,False,False,False,True,True,False,False,False,False,False,False,False,False,False,False
2nk1hvqamldz,,"Animal housing - Schleswig-Holstein, Germany",animal housing,Germany - Schleswig-Holstein,v9tkozsntcbb,Sow and piglet,non-verified survey data,relative,zqnvvphzf99s,,Schweinereport 2012,A series of pig reports.,,,,,"Pig, piglet - Germany - 2012",economic,"Pig, piglet",number,True,True,True,False,False,True,True,True,True,False,False,True,False,True,True,True,False,False,False
xqtls4vkjwav,,Animal housing - Czech Republic,animal housing,Czech Republic,wqwc90ldgrrk,Battery production system for egg production from laying hens,consistent external sources,relative,s1krqknyo6_b,10.3390/agriculture12030355,Environmental Impacts of Egg Production from a Life Cycle Perspective,Assumes endDate is 2 years before publication,,,,,Layer chicken - Czech Republic - 2020,economic,Layer chicken,number,True,True,True,True,False,True,True,True,True,False,False,True,False,False,True,True,False,False,True
5mod6orosn2u,,Animal housing - Denmark,animal housing,Denmark,ctxahojiw72v,Conventional dairy,non-verified survey data,relative,5g13r1d87r8v,10.1016/j.livsci.2011.03.002,Effect of production system and farming strategy on greenhouse gas emissions from commercial dairy farms in a life cycle approach,,,,,,"Milk, cow, raw (FPCM) - Denmark - 2003",economic,"Milk, cow, raw (FPCM)",kg FPCM,True,True,True,False,False,True,True,True,True,False,False,True,False,True,True,True,False,False,False
jpame4xaivxh,French Massif central semi-mountainous area,Permanent pasture - France - French Massif central semi-mou...,permanent pasture,France,hjb2waqt4rwd,Beef production - France - January/February,non-verified survey data,relative,zb47es9se6kw,10.1016/j.agsy.2017.04.005,Environmental footprint of the integrated France–Italy beef production system assessed through a multi-indicator approach,,,,,,"Beef cattle, cow - France - 2014",economic,"Beef cattle, cow",number,True,True,True,True,False,False,False,True,True,False,False,False,False,False,False,False,False,False,False
tx3bli214it4,Site is a combination of both the summer (mountain) and winter (dehesa) grazing sites. Area is cumulative of these sites and the altitude and temperature are assumed to be averaged across them.,Permanent pasture - Spain - Site is a combination of both ...,permanent pasture,Spain,vbf8uunavr45,Annual cycle of transhumant lamb farm in Albarracin (transhumance of herd to summer farm carried out by truck),non-verified survey data,relative,av57dkzgzdv6,10.1007/s11367-023-02135-3,Carbon footprint of transhumant sheep farms: accounting for natural baseline emissions in Mediterranean systems,"Cycles SED2, THT4 and THF4 have much lower DMI values per animal than the other cycles with no clear reason why; they may be errors.",,,,,"Sheep, ewe - Spain - 2009",economic,"Sheep, ewe",number,True,False,True,True,False,True,True,True,False,False,False,True,True,True,True,True,False,False,False
gkzvh5qiabmk,Blue farming system,"Permanent pasture - Rothamsted Research - West Devon, United Kingdom - Blue farming system",permanent pasture,United Kingdom - West Devon,s0c-4lhytwh3,Blue-2022,non-verified survey data,relative,lfvrcxbnt18h,10.1111/ejss.12350,"The North Wyke Farm Platform: effect of temperate grassland farming systems on soil moisture contents, runoff and associated water quality dynamics",The North Wyke Farm Platform is a UK National Bioscience Research Infrastructure (NBRI) supported by the Biotechnology and Biological Sciences Research Council (BBS/E/RH/23NB0008).,,,,,"Beef cattle, heifer - United Kingdom - 2023-01-01",economic,"Beef cattle, heifer",number,True,True,False,True,False,True,False,True,True,False,True,True,True,True,True,True,False,False,False
q38jluynlpvg,12 big corporations that account for more than 90% of the country’s total capacity.,Animal housing - Thailand - 12 big corporations that accou...,animal housing,Thailand,kl6zn5822vo5,CB8-Parent farm 5,non-verified survey data,relative,jwwfj8vmju7j,10.15244/pjoes/68156,Greenhouse gas emissions of one-day-old chick production,,,,,,"Eggs, hen, in shell (number) - Thailand - 2011",none required,"Eggs, hen, in shell (number)",number,True,True,True,True,True,True,True,True,False,False,False,True,False,True,True,True,False,True,True
gkzvh5qiabmk,Blue farming system,"Permanent pasture - Rothamsted Research - West Devon, United Kingdom - Blue farming system",permanent pasture,United Kingdom - West Devon,x_4reiabz9jh,Blue-2019,non-verified survey data,relative,lfvrcxbnt18h,10.1111/ejss.12350,"The North Wyke Farm Platform: effect of temperate grassland farming systems on soil moisture contents, runoff and associated water quality dynamics",The North Wyke Farm Platform is a UK National Bioscience Research Infrastructure (NBRI) supported by the Biotechnology and Biological Sciences Research Council (BBS/E/RH/23NB0008).,,,,,"Beef cattle, heifer - United Kingdom - 2020-01-01",economic,"Beef cattle, heifer",number,True,True,False,True,False,True,False,True,True,False,True,True,True,True,True,True,False,False,False
vdg5bgnd3hl2,Red farming system,"Permanent pasture - Rothamsted Research - West Devon, United Kingdom - Red farming system",permanent pasture,United Kingdom - West Devon,93xkm7xeljf7,Red-2019,non-verified survey data,relative,lfvrcxbnt18h,10.1111/ejss.12350,"The North Wyke Farm Platform: effect of temperate grassland farming systems on soil moisture contents, runoff and associated water quality dynamics",The North Wyke Farm Platform is a UK National Bioscience Research Infrastructure (NBRI) supported by the Biotechnology and Biological Sciences Research Council (BBS/E/RH/23NB0008).,,,,,"Beef cattle, heifer - United Kingdom - 2020-01-01",economic,"Beef cattle, heifer",number,True,True,False,True,False,True,False,True,True,False,True,True,True,True,True,True,False,False,False
spnubbolkokv,Green farming system,"Permanent pasture - Rothamsted Research - West Devon, United Kingdom - Green farming system",permanent pasture,United Kingdom - West Devon,qcf3-xhswwq6,Green-2019,non-verified survey data,relative,lfvrcxbnt18h,10.1111/ejss.12350,"The North Wyke Farm Platform: effect of temperate grassland farming systems on soil moisture contents, runoff and associated water quality dynamics",The North Wyke Farm Platform is a UK National Bioscience Research Infrastructure (NBRI) supported by the Biotechnology and Biological Sciences Research Council (BBS/E/RH/23NB0008).,,,,,"Sheep, lamb (weaned) - United Kingdom - 2020-01-01",economic,"Sheep, lamb (weaned)",number,True,True,False,True,False,True,False,True,True,False,True,True,True,True,True,True,False,False,False
hamgpkm4ehr3,They do not provide much information on site.,Animal housing - Denmark - They do not provide much infor...,animal housing,Denmark,byyg0xrubn8_,Fattening herds-2015,non-verified survey data,relative,wcfuerr47b3k,,LANDSGENNEMSNIT FOR PRODUKTIVITET SVINEPRODUKTIONEN 2016,,,,,,Pig - Denmark - 2015,none required,Pig,number,True,True,True,False,False,True,True,True,True,False,False,True,False,True,True,True,False,False,False
vkmhdberyeln,Site is a combination of both the summer (mountain) and winter (dehesa) grazing sites. Area is cumulative of these sites and the altitude and temperature are assumed to be averaged across them.,Permanent pasture - Spain - Site is a combination of both ...,permanent pasture,Spain,h1a0c0oganot,Annual cycle of transhumant lamb farm in Albarracin (transhumance of herd to summer farm carried out on foot),non-verified survey data,relative,av57dkzgzdv6,10.1007/s11367-023-02135-3,Carbon footprint of transhumant sheep farms: accounting for natural baseline emissions in Mediterranean systems,"Cycles SED2, THT4 and THF4 have much lower DMI values per animal than the other cycles with no clear reason why; they may be errors.",,,,,"Sheep, ewe - Spain - 2009",economic,"Sheep, ewe",number,True,False,True,True,False,True,True,True,False,False,False,True,True,True,True,True,False,False,False
iedczbv1mwc4,,Animal housing - Netherlands,animal housing,Netherlands,jwxc-r6kdjoi,Sow and piglets,non-verified survey data,relative,wrmscfgrhpfy,10.1016/j.livsci.2012.07.008,"Exploring variation in economic, environmental and societal performance among Dutch fattening pig farms",,,,,,Pig - Netherlands - 2009,none required,Pig,number,True,True,True,False,True,True,True,True,False,False,False,True,False,True,True,True,False,False,False
,,,,,mopxkxhytbjl,,consistent external sources,1 ha,a-zra9lig9k4,10.3168/jds.2019-17182,"Temporal, spatial, and management variability in the carbon footprint of New Zealand milk",,,,,,"Milk, cow, raw (FPCM) - New Zealand - 2017",biophysical,"Milk, cow, raw (FPCM)",kg FPCM,True,False,True,False,False,True,True,True,True,False,False,True,False,True,False,True,False,False,False
jpame4xaivxh,French Massif central semi-mountainous area,Permanent pasture - France - French Massif central semi-mou...,permanent pasture,France,hjb2waqt4rwd,Beef production - France - January/February,non-verified survey data,relative,zb47es9se6kw,10.1016/j.agsy.2017.04.005,Environmental footprint of the integrated France–Italy beef production system assessed through a multi-indicator approach,,,,,,"Beef cattle, heifer - France - 2014",economic,"Beef cattle, heifer",number,True,True,True,True,False,False,False,True,True,False,False,False,False,False,False,False,False,False,False
vdg5bgnd3hl2,Red farming system,"Permanent pasture - Rothamsted Research - West Devon, United Kingdom - Red farming system",permanent pasture,United Kingdom - West Devon,jpk1ouydzrlf,Red-2015,non-verified survey data,relative,lfvrcxbnt18h,10.1111/ejss.12350,"The North Wyke Farm Platform: effect of temperate grassland farming systems on soil moisture contents, runoff and associated water quality dynamics",The North Wyke Farm Platform is a UK National Bioscience Research Infrastructure (NBRI) supported by the Biotechnology and Biological Sciences Research Council (BBS/E/RH/23NB0008).,,,,,"Sheep, ewe - United Kingdom - 2016-01-01",economic,"Sheep, ewe",number,True,True,False,True,False,True,False,True,True,False,True,True,True,True,True,True,False,False,False
spnubbolkokv,Green farming system,"Permanent pasture - Rothamsted Research - West Devon, United Kingdom - Green farming system",permanent pasture,United Kingdom - West Devon,xizuvz66doyb,Green-2020,non-verified survey data,relative,lfvrcxbnt18h,10.1111/ejss.12350,"The North Wyke Farm Platform: effect of temperate grassland farming systems on soil moisture contents, runoff and associated water quality dynamics",The North Wyke Farm Platform is a UK National Bioscience Research Infrastructure (NBRI) supported by the Biotechnology and Biological Sciences Research Council (BBS/E/RH/23NB0008).,,,,,"Beef cattle, steer - United Kingdom - 2020-12-31",economic,"Beef cattle, steer",number,True,True,False,True,False,True,False,True,True,False,True,True,True,True,True,True,False,False,False
gkzvh5qiabmk,Blue farming system,"Permanent pasture - Rothamsted Research - West Devon, United Kingdom - Blue farming system",permanent pasture,United Kingdom - West Devon,eqsijon8euqn,Blue-2017,non-verified survey data,relative,lfvrcxbnt18h,10.1111/ejss.12350,"The North Wyke Farm Platform: effect of temperate grassland farming systems on soil moisture contents, runoff and associated water quality dynamics",The North Wyke Farm Platform is a UK National Bioscience Research Infrastructure (NBRI) supported by the Biotechnology and Biological Sciences Research Council (BBS/E/RH/23NB0008).,,,,,"Sheep, ram - United Kingdom - 2018-01-01",economic,"Sheep, ram",number,True,True,False,True,False,True,False,True,True,False,True,True,True,True,True,True,False,False,False
spnubbolkokv,Green farming system,"Permanent pasture - Rothamsted Research - West Devon, United Kingdom - Green farming system",permanent pasture,United Kingdom - West Devon,h_enyug5e8fz,Green-2013,non-verified survey data,relative,lfvrcxbnt18h,10.1111/ejss.12350,"The North Wyke Farm Platform: effect of temperate grassland farming systems on soil moisture contents, runoff and associated water quality dynamics",The North Wyke Farm Platform is a UK National Bioscience Research Infrastructure (NBRI) supported by the Biotechnology and Biological Sciences Research Council (BBS/E/RH/23NB0008).,,,,,"Sheep, lamb - United Kingdom - 2014-01-01",economic,"Sheep, lamb",number,True,True,False,True,False,True,False,True,True,False,True,True,True,True,True,True,False,False,False
spnubbolkokv,Green farming system,"Permanent pasture - Rothamsted Research - West Devon, United Kingdom - Green farming system",permanent pasture,United Kingdom - West Devon,xizuvz66doyb,Green-2020,non-verified survey data,relative,lfvrcxbnt18h,10.1111/ejss.12350,"The North Wyke Farm Platform: effect of temperate grassland farming systems on soil moisture contents, runoff and associated water quality dynamics",The North Wyke Farm Platform is a UK National Bioscience Research Infrastructure (NBRI) supported by the Biotechnology and Biological Sciences Research Council (BBS/E/RH/23NB0008).,,,,,"Sheep, lamb (weaned) - United Kingdom - 2020-12-31",economic,"Sheep, lamb (weaned)",number,True,True,False,True,False,True,False,True,True,False,True,True,True,True,True,True,False,False,False
vdg5bgnd3hl2,Red farming system,"Permanent pasture - Rothamsted Research - West Devon, United Kingdom - Red farming system",permanent pasture,United Kingdom - West Devon,ky_kuf7n9vbf,Red-2014,non-verified survey data,relative,lfvrcxbnt18h,10.1111/ejss.12350,"The North Wyke Farm Platform: effect of temperate grassland farming systems on soil moisture contents, runoff and associated water quality dynamics",The North Wyke Farm Platform is a UK National Bioscience Research Infrastructure (NBRI) supported by the Biotechnology and Biological Sciences Research Council (BBS/E/RH/23NB0008).,,,,,"Sheep, ewe - United Kingdom - 2015-01-01",economic,"Sheep, ewe",number,True,True,False,True,False,True,False,True,True,False,True,True,True,True,True,True,False,False,False
yu5b9ycxqkuk,,,,,s1ce37pmvm22,"Annual cycle of the standard cow-calf production system in the Charolais basin. This consists of four components: 1) Reproduction, output of which = weaned male calves, weaned female calves not used for replacement, cull cows and a breeding bull. 2) Rearing female calves from weaning (9 months) to finishing at 33 months. 3) Finishing of cull cows, i.e. fattened before sending to the slaughterhouse. 4) Pre-fattening of male calves for 2 months after weaning (before being sent to a separate finishing farm). Both St and O3 are classified as extensive systems with 7.5 months grazing from April to November. The grazed area consists of 88% permanent versus 12% temporary grassland - this has been used to calculate the relative time spent on permanent versus temporary grassland during those 7.5 months of grazing.",modelled,relative,2uaxgmjzmtai,10.1016/j.livsci.2012.02.010,Effects of type of ration and allocation methods on the environmental impacts of beef-production systems,"Authors have used daSilva for soybean cultivation data and dalgaard for soybean processing. Given these data are just proxies, we decided to omit them and just specify that the soybean meal is from Brazil.",,,,,"Beef cattle, heifer - France - 2010",economic,"Beef cattle, heifer",number,True,True,True,True,False,True,True,True,True,False,False,True,False,True,True,True,False,False,False
vdg5bgnd3hl2,Red farming system,"Permanent pasture - Rothamsted Research - West Devon, United Kingdom - Red farming system",permanent pasture,United Kingdom - West Devon,vsy0fzis_ywo,Red-2017,non-verified survey data,relative,lfvrcxbnt18h,10.1111/ejss.12350,"The North Wyke Farm Platform: effect of temperate grassland farming systems on soil moisture contents, runoff and associated water quality dynamics",The North Wyke Farm Platform is a UK National Bioscience Research Infrastructure (NBRI) supported by the Biotechnology and Biological Sciences Research Council (BBS/E/RH/23NB0008).,,,,,"Beef cattle, heifer - United Kingdom - 2018-01-01",economic,"Beef cattle, heifer",number,True,True,False,True,False,True,False,True,True,False,True,True,True,True,True,True,False,False,False
vdg5bgnd3hl2,Red farming system,"Permanent pasture - Rothamsted Research - West Devon, United Kingdom - Red farming system",permanent pasture,United Kingdom - West Devon,rc7znaubqmmq,Red-2013,non-verified survey data,relative,lfvrcxbnt18h,10.1111/ejss.12350,"The North Wyke Farm Platform: effect of temperate grassland farming systems on soil moisture contents, runoff and associated water quality dynamics",The North Wyke Farm Platform is a UK National Bioscience Research Infrastructure (NBRI) supported by the Biotechnology and Biological Sciences Research Council (BBS/E/RH/23NB0008).,,,,,"Sheep, ewe - United Kingdom - 2014-01-01",economic,"Sheep, ewe",number,True,True,False,True,False,True,False,True,True,False,True,True,True,True,True,True,False,False,False
spnubbolkokv,Green farming system,"Permanent pasture - Rothamsted Research - West Devon, United Kingdom - Green farming system",permanent pasture,United Kingdom - West Devon,h_enyug5e8fz,Green-2013,non-verified survey data,relative,lfvrcxbnt18h,10.1111/ejss.12350,"The North Wyke Farm Platform: effect of temperate grassland farming systems on soil moisture contents, runoff and associated water quality dynamics",The North Wyke Farm Platform is a UK National Bioscience Research Infrastructure (NBRI) supported by the Biotechnology and Biological Sciences Research Council (BBS/E/RH/23NB0008).,,,,,"Sheep, ewe - United Kingdom - 2014-01-01",economic,"Sheep, ewe",number,True,True,False,True,False,True,False,True,True,False,True,True,True,True,True,True,False,False,False
lkm9w8frxies,DairyNZ/LIC (2018) New Zealand Dairy Statistics 2019,Permanent pasture - Fonterra - New Zealand - DairyNZ/LIC (2018) New Zealand...,permanent pasture,New Zealand,xox8o50xegzd,"On-site, milk production (2017/2018)",non-verified survey data,1 ha,a-zra9lig9k4,10.3168/jds.2019-17182,"Temporal, spatial, and management variability in the carbon footprint of New Zealand milk",,,,,,"Milk, cow, raw (FPCM) - New Zealand - 2018",biophysical,"Milk, cow, raw (FPCM)",kg FPCM,True,False,True,False,False,True,True,True,True,False,False,True,False,True,False,True,False,False,False
32oqdllahjbt,Field trial,"Permanent pasture - Itabela (Município), Bahia, Brazil - Field trial",permanent pasture,"Brazil - Itabela (Município), Bahia, Brazil",z84wlzwf9n7n,T4,non-verified survey data,relative,_hx1rkzual0i,10.21475/ajcs.23.17.04.p3824,"The influence of tropical pasture improvement on animal performance, nitrogen cycling, and greenhouse gas emissions in the Brazilian Atlantic Forest",What about the fertilising data re pasture do we want this or not?,,,,,"Cattle, urine (kg mass) - Brazil - 2017-11",economic,"Cattle, urine (kg mass)",kg,True,True,True,True,True,True,True,True,False,False,False,True,False,True,True,True,False,False,False
gkzvh5qiabmk,Blue farming system,"Permanent pasture - Rothamsted Research - West Devon, United Kingdom - Blue farming system",permanent pasture,United Kingdom - West Devon,uhd_i2x10588,Blue-2021,non-verified survey data,relative,lfvrcxbnt18h,10.1111/ejss.12350,"The North Wyke Farm Platform: effect of temperate grassland farming systems on soil moisture contents, runoff and associated water quality dynamics",The North Wyke Farm Platform is a UK National Bioscience Research Infrastructure (NBRI) supported by the Biotechnology and Biological Sciences Research Council (BBS/E/RH/23NB0008).,,,,,"Beef cattle, calf (male, weaned) - United Kingdom - 2022-01-01",economic,"Beef cattle, calf (male, weaned)",number,True,True,False,True,False,True,False,True,True,False,True,True,True,True,True,True,False,False,False
2cl-y3lskrrk,,Animal housing - Canada,animal housing,Canada,ywuwnq9a6nm2,"A free-range system is defined as either a single- or multi-tier system (hens live either directly on the floor or within an aviary structure, with access to perches, nest and scratch areas, and other enrichments) in which hens are provided with outdoor access.",non-verified survey data,relative,suyept760iy4,10.1016/j.resconrec.2021.105907,Life cycle assessment of contemporary Canadian egg production systems during the transition from conventional cage to alternative housing systems: Update and analysis of trends and conditions,,,,,,"Meat, chicken (liveweight) - Canada - 2019",economic,"Meat, chicken (liveweight)",kg liveweight,True,True,True,True,True,True,True,True,True,False,False,True,False,True,True,True,False,False,True
qdrwq3f4jw6y,Site is a combination of both the summer (mountain) and winter (dehesa) grazing sites. Area is cumulative of these sites and the altitude and temperature are assumed to be averaged across them.,Permanent pasture - Spain - Site is a combination of both ...,permanent pasture,Spain,vhqtl50ivq46,Annual cycle of transhumant lamb farm in Albarracin (transhumance of herd to summer farm carried out by truck),non-verified survey data,relative,av57dkzgzdv6,10.1007/s11367-023-02135-3,Carbon footprint of transhumant sheep farms: accounting for natural baseline emissions in Mediterranean systems,"Cycles SED2, THT4 and THF4 have much lower DMI values per animal than the other cycles with no clear reason why; they may be errors.",,,,,"Wool, sheep (greasy) - Spain - 2009",economic,"Wool, sheep (greasy)",kg,True,False,True,True,False,True,True,True,False,False,False,True,True,True,True,True,False,False,False
24szbjtg7vfg,,"Animal housing - Queensland, Australia",animal housing,Australia - Queensland,7oknubvjsxgt,This cycle represent major input for breeding and hatching phase for Queensland.,verified survey data,relative,7kppxn2pfyux,10.1016/j.jclepro.2016.06.086,Resource use and environmental impacts from Australian chicken meat production,,,,,,"Broiler chicken, chick - Australia - 2010",none required,"Broiler chicken, chick",number,True,True,True,True,False,True,True,True,True,False,False,True,True,True,True,True,True,False,True
rbvtrzxxut3r,,"Animal housing - Schleswig-Holstein, Germany",animal housing,Germany - Schleswig-Holstein,lv58ftpo7epu,Sow and piglet,non-verified survey data,relative,xdxqgtjphrtn,,Schweinereport 2015,A series of pig reports.,,,,,"Pig, piglet - Germany - 2015",economic,"Pig, piglet",number,True,True,True,False,False,True,True,True,True,False,False,True,False,True,True,True,False,False,False
__w7okds1iyg,"Farm in the Western Frontier region of the state of Reio Grande do Sul in the Southern part of Brazil. For each cycle, we use the stocking density and the number of animals to calculate how ma ny hectares are used for each cycle","Permanent pasture - Sao Lucas Farm - Rio Grande do Sul, Brazil - Farm in the Western Frontier r...",permanent pasture,Brazil - Rio Grande do Sul,lcfxn70ezkym,Scenario 1: Natural grass Aberdeen Angus,physical measurement,relative,_gzgjmujsbln,10.1016/j.jclepro.2014.01.037,Carbon footprint in different beef production systems on a southern Brazilian farm: A case study,This paper is also going to require an animal weighting similar to Sequiera & Duru,,,,,"Beef cattle, steer - Brazil - 2007-04-21",none,"Beef cattle, steer",number,False,True,True,False,False,True,False,True,False,False,False,True,False,True,False,False,False,True,False
spnubbolkokv,Green farming system,"Permanent pasture - Rothamsted Research - West Devon, United Kingdom - Green farming system",permanent pasture,United Kingdom - West Devon,xabfy9qyfjme,Green-2018,non-verified survey data,relative,lfvrcxbnt18h,10.1111/ejss.12350,"The North Wyke Farm Platform: effect of temperate grassland farming systems on soil moisture contents, runoff and associated water quality dynamics",The North Wyke Farm Platform is a UK National Bioscience Research Infrastructure (NBRI) supported by the Biotechnology and Biological Sciences Research Council (BBS/E/RH/23NB0008).,,,,,"Sheep, ewe - United Kingdom - 2019-01-01",economic,"Sheep, ewe",number,True,True,False,True,False,True,False,True,True,False,True,True,True,True,True,True,False,False,False
gkzvh5qiabmk,Blue farming system,"Permanent pasture - Rothamsted Research - West Devon, United Kingdom - Blue farming system",permanent pasture,United Kingdom - West Devon,p0ly_vu3zub2,Blue-2015,non-verified survey data,relative,lfvrcxbnt18h,10.1111/ejss.12350,"The North Wyke Farm Platform: effect of temperate grassland farming systems on soil moisture contents, runoff and associated water quality dynamics",The North Wyke Farm Platform is a UK National Bioscience Research Infrastructure (NBRI) supported by the Biotechnology and Biological Sciences Research Council (BBS/E/RH/23NB0008).,,,,,"Sheep, lamb (weaned) - United Kingdom - 2016-01-01",economic,"Sheep, lamb (weaned)",number,True,True,False,True,False,True,False,True,True,False,True,True,True,True,True,True,False,False,False
gkzvh5qiabmk,Blue farming system,"Permanent pasture - Rothamsted Research - West Devon, United Kingdom - Blue farming system",permanent pasture,United Kingdom - West Devon,ndeqoezm5dlt,Blue-2013,non-verified survey data,relative,lfvrcxbnt18h,10.1111/ejss.12350,"The North Wyke Farm Platform: effect of temperate grassland farming systems on soil moisture contents, runoff and associated water quality dynamics",The North Wyke Farm Platform is a UK National Bioscience Research Infrastructure (NBRI) supported by the Biotechnology and Biological Sciences Research Council (BBS/E/RH/23NB0008).,,,,,"Beef cattle, heifer - United Kingdom - 2014-01-01",economic,"Beef cattle, heifer",number,True,True,False,True,False,True,False,True,True,False,True,True,True,True,True,True,False,False,False
gj3dwfvnbsuj,Site is a combination of both the summer (mountain) and winter (dehesa) grazing sites. Area is cumulative of these sites and the altitude and temperature are assumed to be averaged across them.,Permanent pasture - Spain - Site is a combination of both ...,permanent pasture,Spain,sfd4xwqqq2ep,Annual cycle of transhumant lamb farm in Albarracin (transhumance of herd to summer farm carried out by truck),non-verified survey data,relative,av57dkzgzdv6,10.1007/s11367-023-02135-3,Carbon footprint of transhumant sheep farms: accounting for natural baseline emissions in Mediterranean systems,"Cycles SED2, THT4 and THF4 have much lower DMI values per animal than the other cycles with no clear reason why; they may be errors.",,,,,"Sheep, lamb - Spain - 2009",economic,"Sheep, lamb",number,True,False,True,True,False,True,True,True,False,False,False,True,True,True,True,True,False,False,False
aafrdkrgos1o,"Breeder chicken farm, a farm that produces egg that will be incubated in the hatchery to raise chicks as broiler chickens.","Animal housing - Thailand - Breeder chicken farm, a farm t...",animal housing,Thailand,48itlmnkulkg,Pullet (breeder) farm,verified survey data,relative,ukwx4hsnmu5v,,Life Cycle Greenhouse Gases Emissions of Processed Frozen Chicken,,,,,,"Eggs, hen, in shell (number) - Thailand - 2017",none required,"Eggs, hen, in shell (number)",number,True,True,True,True,False,True,True,True,False,False,False,True,False,True,True,True,False,False,True
hhhu9ans5e54,,Animal housing - Canada,animal housing,Canada,4jpquxzvhf__,,non-verified survey data,relative,5wkskew6jvfz,10.1016/j.jclepro.2017.03.050,"Life cycle assessment of Canadian egg products, with differentiation by hen housing system type",,,,,,"Layer chicken, pullet - Canada - 2012",none required,"Layer chicken, pullet",number,True,True,True,True,True,True,True,True,True,False,False,True,False,True,True,True,False,False,True
,,,,,vhkma173j6a2,,consistent external sources,1 ha,a-zra9lig9k4,10.3168/jds.2019-17182,"Temporal, spatial, and management variability in the carbon footprint of New Zealand milk",,,,,,"Milk, cow, raw (FPCM) - New Zealand - 2015",biophysical,"Milk, cow, raw (FPCM)",kg FPCM,True,False,True,False,False,True,True,True,True,False,False,True,False,True,False,True,False,False,False
,,,,,_uuy4uxshvng,,consistent external sources,1 ha,a-zra9lig9k4,10.3168/jds.2019-17182,"Temporal, spatial, and management variability in the carbon footprint of New Zealand milk",,,,,,"Milk, cow, raw (FPCM) - New Zealand - 2014",biophysical,"Milk, cow, raw (FPCM)",kg FPCM,True,False,True,False,False,True,True,True,True,False,False,True,False,True,False,True,False,False,False
kvhpbhdd8d7x,,"Permanent pasture - Teagasc/Irish Farmers Journal: Business, Environment and Technology through Training, Extension and Research (BETTER) beef farm improvement programme. - Ireland",permanent pasture,Ireland,7xqclmel8dxz,Average production data from 19 suckler calf-to-beef finishing farms participating in the Teagasc/Irish Farmers Journal BETTER farm imrovement programme,physical measurement,relative,6i6cxrp72yp8,10.1016/j.agsy.2020.102860,Bioeconomic and greenhouse gas emissions modelling of the factors influencing technical efficiency of temperate grassland-based suckler calf-to-beef production systems,,,,,,"Meat, beef cattle (liveweight) - Ireland - 2017",none required,"Meat, beef cattle (liveweight)",kg liveweight,True,True,True,True,True,True,True,True,True,False,False,True,True,True,True,True,False,False,False
spnubbolkokv,Green farming system,"Permanent pasture - Rothamsted Research - West Devon, United Kingdom - Green farming system",permanent pasture,United Kingdom - West Devon,ycu26sxdzhiv,Green-2022,non-verified survey data,relative,lfvrcxbnt18h,10.1111/ejss.12350,"The North Wyke Farm Platform: effect of temperate grassland farming systems on soil moisture contents, runoff and associated water quality dynamics",The North Wyke Farm Platform is a UK National Bioscience Research Infrastructure (NBRI) supported by the Biotechnology and Biological Sciences Research Council (BBS/E/RH/23NB0008).,,,,,"Beef cattle, steer - United Kingdom - 2023-01-01",economic,"Beef cattle, steer",number,True,True,False,True,False,True,False,True,True,False,True,True,True,True,True,True,False,False,False
vdg5bgnd3hl2,Red farming system,"Permanent pasture - Rothamsted Research - West Devon, United Kingdom - Red farming system",permanent pasture,United Kingdom - West Devon,9qa3pn-kxwxx,Red-2021,non-verified survey data,relative,lfvrcxbnt18h,10.1111/ejss.12350,"The North Wyke Farm Platform: effect of temperate grassland farming systems on soil moisture contents, runoff and associated water quality dynamics",The North Wyke Farm Platform is a UK National Bioscience Research Infrastructure (NBRI) supported by the Biotechnology and Biological Sciences Research Council (BBS/E/RH/23NB0008).,,,,,"Beef cattle, calf (female, weaned) - United Kingdom - 2022-01-01",economic,"Beef cattle, calf (female, weaned)",number,True,True,False,True,False,True,False,True,True,False,True,True,True,True,True,True,False,False,False
qvkpl4ki58oe,"Pasture area containing 8 ponds and a creek for livestock watering along with road acces to the property, corral, administration building and workers housing.","Permanent pasture - Itapetinga (Distrito), Itapetinga, Bahia, Brazil - Pasture area containing 8 pond...",permanent pasture,"Brazil - Itapetinga (Distrito), Itapetinga, Bahia, Brazil",jwqi-m0wfu3i,Bull calves are fattened over a period of 20 months until they are a life weight of around 480 kg and sold to slaughter.,non-verified survey data,relative,xv1onxezajtm,10.1007/s11367-016-1062-4,Environmental Impact assessment of a semi-intensive beef cattle production in Brazil’s Northeast,,,,,,"Beef cattle, bull - Brazil - 2013",mass,"Beef cattle, bull",number,True,True,True,True,False,True,False,True,True,False,False,True,False,True,True,True,False,False,False
,,,,,brti2ptu_7rc,,consistent external sources,1 ha,a-zra9lig9k4,10.3168/jds.2019-17182,"Temporal, spatial, and management variability in the carbon footprint of New Zealand milk",,,,,,"Milk, cow, raw (FPCM) - New Zealand - 2012",biophysical,"Milk, cow, raw (FPCM)",kg FPCM,True,False,True,False,False,True,True,True,True,False,False,True,False,True,False,True,False,False,False
,,,,,6v4uom39jivz,,inconsistent external sources,relative,dr_jmmuqpfzs,10.3168/jds.2016-12325,Grazing intensity affects the environmental impact of dairy systems,,,,,,"Milk, cow, raw (FPCM) - United States - 2016",biophysical,"Milk, cow, raw (FPCM)",kg FPCM,True,True,False,True,False,True,True,True,True,False,False,True,False,True,True,True,False,False,False
djaudnsgowj0,,Permanent pasture - South Australia,permanent pasture,Australia - South Australia,4dciiftjm-4m,"Lamb production cycle averaged over three case study farms in South Australia. 85% of lambs finished are pasture-based, while 15% are finished with supplementary grain diets.",non-verified survey data,relative,c3c-fbwxy2mp,10.1071/AN14647,Resource use and environmental impacts from Australian export lamb production: A life cycle assessment,,,,,,"Sheep, lamb - Australia - 2012",economic,"Sheep, lamb",number,True,True,True,True,False,True,False,True,False,False,False,True,True,True,True,True,False,False,True
mlvkno-8x4sd,"Cerrado (Goiás, Mato Grosso do Sul, Mato Grosso, Tocantins and Minas Gerais states).","Agri-food processor - Brazil - Cerrado (Goiás, Mato Grosso do...",agri-food processor,Brazil,slelblz4gtqf,"Meat, beef (carcass-weight) - Scenario 3",inconsistent external sources,relative,si5hdtbv8hly,10.1016/j.agsy.2015.12.007,Impact of the intensification of beef production in Brazil on greenhouse gas emissions and land use,"No end date for Cycle provided. Assumed to be 2014. Error in electricity unit corrected here (Table 5 reports values in kWh, not MWh). Mineral salts described as 60% CaCO3 and 40% Ca3(PO4)2 in the text. Age at slaughter from supplementary material, sheet ""B1, Herd composition"". Error in carcass weight (Supplementary matrial, sheet B1 ""Herd composition"") corrected here (see Joseph Poore edits). Vaccines used, but data not provided.",,,,,"Meat, beef cattle (cold carcass weight) - Brazil - 2013",economic,"Meat, beef cattle (cold carcass weight)",kg cold carcass weight,True,True,True,False,True,True,True,True,True,False,False,False,True,False,True,True,False,False,False
9-loprmmivnu,They do not provide much information on site.,Animal housing - Denmark - They do not provide much infor...,animal housing,Denmark,llzrqjkjfjvy,Piglet herds-2010,non-verified survey data,relative,wcfuerr47b3k,,LANDSGENNEMSNIT FOR PRODUKTIVITET SVINEPRODUKTIONEN 2016,,,,,,Pig - Denmark - 2010,none required,Pig,number,True,True,True,False,False,True,True,True,True,False,False,True,False,True,True,True,False,False,False
tx_qxfvra6we,12 big corporations that account for more than 90% of the country’s total capacity.,Animal housing - Thailand - 12 big corporations that accou...,animal housing,Thailand,czkkhktjlo-m,CB6-Parent farm 4,non-verified survey data,relative,jwwfj8vmju7j,10.15244/pjoes/68156,Greenhouse gas emissions of one-day-old chick production,,,,,,"Eggs, hen, in shell (number) - Thailand - 2011",none required,"Eggs, hen, in shell (number)",number,True,True,True,True,True,True,True,True,True,False,False,True,False,True,True,True,False,True,True
8eopxo6tdmht,,Animal housing - Denmark,animal housing,Denmark,obhcowpkxeg4,Sows,consistent external sources,relative,hmohcfms011t,,Environmental assessment of Danish pork,"Study is quite unclear as it often states ""per 1000kg pig meat live weight"", but this is unclear whether it is from the sows, piglets, or finishers?",,,,,"Pig, piglet - Denmark - 2010",economic,"Pig, piglet",number,True,True,True,True,False,True,True,True,True,False,False,False,False,True,True,True,False,True,False
ri2v0dkejeol,,Animal housing - United Kingdom,animal housing,United Kingdom,rg_hiodgntdt,Fattening England Organic,consistent external sources,relative,w3hq1dphy7wy,,Carbon footprints of conventional and organic pork,"They have included information from lots of different sources, for this reason I have not inlcuded the information regarding crop production (only feed composition) because some of these products we already have the sources.",,,,,Pig - United Kingdom - 2007,none required,Pig,number,True,True,True,False,False,True,True,True,True,False,False,False,False,True,True,True,False,False,False
4xg1fotwnzby,,"Animal housing - Tepatitlán de Morelos, Mexico",animal housing,Mexico - Tepatitlán de Morelos,ca0rz6dfx8fx,Egg laying phase (60 weeks) and packaging,non-verified survey data,relative,slooumnhc8do,10.3390/app10041352,Decreasing the environmental impact in an egg-producing farm through the application of LCA and lean tools,Have assumed error in the amount of grain specified in the Egg posture phase - assumed this is the given amount (3362.3kg) x100 to be inline with the relative amount of grain consumed during the previous phases,,,,,"Layer chicken, hen - Mexico - 2017-11-17",economic,"Layer chicken, hen",number,True,True,True,True,True,True,True,True,True,False,False,True,False,True,True,True,False,False,True
rbvtrzxxut3r,,"Animal housing - Schleswig-Holstein, Germany",animal housing,Germany - Schleswig-Holstein,lv58ftpo7epu,Sow and piglet,non-verified survey data,relative,xdxqgtjphrtn,,Schweinereport 2015,A series of pig reports.,,,,,"Pig, sow - Germany - 2015",economic,"Pig, sow",number,True,True,True,False,False,True,True,True,True,False,False,True,False,True,True,True,False,False,False
gkzvh5qiabmk,Blue farming system,"Permanent pasture - Rothamsted Research - West Devon, United Kingdom - Blue farming system",permanent pasture,United Kingdom - West Devon,tbwsugf32k4l,Blue-2016,non-verified survey data,relative,lfvrcxbnt18h,10.1111/ejss.12350,"The North Wyke Farm Platform: effect of temperate grassland farming systems on soil moisture contents, runoff and associated water quality dynamics",The North Wyke Farm Platform is a UK National Bioscience Research Infrastructure (NBRI) supported by the Biotechnology and Biological Sciences Research Council (BBS/E/RH/23NB0008).,,,,,"Sheep, ewe - United Kingdom - 2016-12-31",economic,"Sheep, ewe",number,True,True,False,True,False,True,False,True,True,False,True,True,True,True,True,True,False,False,False
tx_qxfvra6we,12 big corporations that account for more than 90% of the country’s total capacity.,Animal housing - Thailand - 12 big corporations that accou...,animal housing,Thailand,z5o6eyzyb5x4,CB3-Parent farm 4,non-verified survey data,relative,jwwfj8vmju7j,10.15244/pjoes/68156,Greenhouse gas emissions of one-day-old chick production,,,,,,"Eggs, hen, in shell (number) - Thailand - 2011",none required,"Eggs, hen, in shell (number)",number,True,True,True,True,True,True,True,True,True,False,False,True,False,True,True,True,False,True,True
gkzvh5qiabmk,Blue farming system,"Permanent pasture - Rothamsted Research - West Devon, United Kingdom - Blue farming system",permanent pasture,United Kingdom - West Devon,9_2i-uijctrd,Blue-2020,non-verified survey data,relative,lfvrcxbnt18h,10.1111/ejss.12350,"The North Wyke Farm Platform: effect of temperate grassland farming systems on soil moisture contents, runoff and associated water quality dynamics",The North Wyke Farm Platform is a UK National Bioscience Research Infrastructure (NBRI) supported by the Biotechnology and Biological Sciences Research Council (BBS/E/RH/23NB0008).,,,,,"Beef cattle, heifer - United Kingdom - 2020-12-31",economic,"Beef cattle, heifer",number,True,True,False,True,False,True,False,True,True,False,True,True,True,True,True,True,False,False,False
pl5kjgatay0v,,Animal housing - Teagasc Johnstown Castle Research Farm - Ireland,animal housing,Ireland,d3fywbxl6uvp,"19AL treatment where Bulls are offered grass silage ad libitum plus 1.5kg dry matter DM per head daily over the Winter period, turned out to pasture for 100 days and finished indoors on a concentrate ad libitum diet for 100 days and slaughtered at 19 months of age (this is the Winter housing phase)",physical measurement,relative,bjlulokiutoa,10.1016/j.agsy.2017.03.007,An economic and greenhouse gas emissions evaluation of pasture-based dairy calf-to-beef production systems,,,,,,"Beef cattle, bull - Ireland - 2013",none required,"Beef cattle, bull",number,False,True,True,False,False,False,False,True,True,False,True,True,False,True,False,False,True,False,False
spnubbolkokv,Green farming system,"Permanent pasture - Rothamsted Research - West Devon, United Kingdom - Green farming system",permanent pasture,United Kingdom - West Devon,okex4zxuxtx8,Green-2021,non-verified survey data,relative,lfvrcxbnt18h,10.1111/ejss.12350,"The North Wyke Farm Platform: effect of temperate grassland farming systems on soil moisture contents, runoff and associated water quality dynamics",The North Wyke Farm Platform is a UK National Bioscience Research Infrastructure (NBRI) supported by the Biotechnology and Biological Sciences Research Council (BBS/E/RH/23NB0008).,,,,,"Sheep, ram - United Kingdom - 2022-01-01",economic,"Sheep, ram",number,True,True,False,True,False,True,False,True,True,False,True,True,True,True,True,True,False,False,False
,,,,,71rqzxkebhkt,Aggregate cycle representing all 75 dairy farms sampled,non-verified survey data,relative,3tmw64utoxmb,10.1016/j.jclepro.2021.127056,Environmental impacts of milk production and processing in the Eastern Alps: A “cradle-to-dairy gate” LCA approach,,,,,,"Milk, cow, raw (FPCM) - Southern Europe - 2019",biophysical,"Milk, cow, raw (FPCM)",kg FPCM,True,True,True,True,False,False,True,True,True,False,False,True,False,True,False,True,False,False,False
,,,,,jsu3p4aw0rrk,"Control merit cows, in high forage system (conventional regime; cows housed in winter, graze rest of year)",physical measurement,relative,bnflkfcuuetx,10.3389/fsufs.2021.588158,Effect of Nutritional Variation and LCA Methodology on the Carbon Footprint of Milk Production From Holstein Friesian Dairy Cows,"Suspect that the diesel, electricity and petrol use recorded is for the full system (i.e. including for growing fodder crops on farm), as opposed to simply the animal rearing cycle (pasture and housing) under which it is currently recorded. Author has been emailed to ask for disaggregated data (incl.  more specific data on crop cultivation), but cannot supply this at this time. Quantity of meat/live animals sold as co-products is also missing. The study states that ""a whole farm approach is taken and emissions are allocated between milk and meat using no allocation to meat and 100% to milk"".",,,,,"Milk, cow, raw - United Kingdom - 2010-12-01",none,"Milk, cow, raw",kg,True,True,True,True,False,True,False,True,True,False,False,True,False,False,True,False,False,False,False
ksfarxjzhrhm,,"Permanent pasture - Meath, Ireland",permanent pasture,Ireland - Meath,h2olx288-0s3,,physical measurement,relative,qprqdskyqqgi,10.1016/j.agsy.2023.103672,"Pasture-finishing of late-maturing bulls or steers in a suckler calf-to-beef system: Animal production, meat quality, economics, greenhouse gas emissions and human-edible food-feed efficiency",,,,,,"Beef cattle, bull - Ireland - 2015",none required,"Beef cattle, bull",number,True,True,True,False,False,True,True,True,True,False,False,True,False,True,True,True,False,False,False
spnubbolkokv,Green farming system,"Permanent pasture - Rothamsted Research - West Devon, United Kingdom - Green farming system",permanent pasture,United Kingdom - West Devon,xabfy9qyfjme,Green-2018,non-verified survey data,relative,lfvrcxbnt18h,10.1111/ejss.12350,"The North Wyke Farm Platform: effect of temperate grassland farming systems on soil moisture contents, runoff and associated water quality dynamics",The North Wyke Farm Platform is a UK National Bioscience Research Infrastructure (NBRI) supported by the Biotechnology and Biological Sciences Research Council (BBS/E/RH/23NB0008).,,,,,"Beef cattle, calf (male, weaned) - United Kingdom - 2019-01-01",economic,"Beef cattle, calf (male, weaned)",number,True,True,False,True,False,True,False,True,True,False,True,True,True,True,True,True,False,False,False
vdg5bgnd3hl2,Red farming system,"Permanent pasture - Rothamsted Research - West Devon, United Kingdom - Red farming system",permanent pasture,United Kingdom - West Devon,93xkm7xeljf7,Red-2019,non-verified survey data,relative,lfvrcxbnt18h,10.1111/ejss.12350,"The North Wyke Farm Platform: effect of temperate grassland farming systems on soil moisture contents, runoff and associated water quality dynamics",The North Wyke Farm Platform is a UK National Bioscience Research Infrastructure (NBRI) supported by the Biotechnology and Biological Sciences Research Council (BBS/E/RH/23NB0008).,,,,,"Sheep, lamb - United Kingdom - 2020-01-01",economic,"Sheep, lamb",number,True,True,False,True,False,True,False,True,True,False,True,True,True,True,True,True,False,False,False
bzjif4ugwdae,,Animal housing - Czech Republic,animal housing,Czech Republic,l7xdqamt_wmk,Barn production system for egg production from laying hens,consistent external sources,relative,s1krqknyo6_b,10.3390/agriculture12030355,Environmental Impacts of Egg Production from a Life Cycle Perspective,Assumes endDate is 2 years before publication,,,,,"Eggs, hen, in shell (number) - Czech Republic - 2020",none,"Eggs, hen, in shell (number)",number,True,True,True,True,False,True,True,True,True,False,False,True,False,False,True,True,False,False,True
gkzvh5qiabmk,Blue farming system,"Permanent pasture - Rothamsted Research - West Devon, United Kingdom - Blue farming system",permanent pasture,United Kingdom - West Devon,q9tv7n_pmiff,Blue-2018,non-verified survey data,relative,lfvrcxbnt18h,10.1111/ejss.12350,"The North Wyke Farm Platform: effect of temperate grassland farming systems on soil moisture contents, runoff and associated water quality dynamics",The North Wyke Farm Platform is a UK National Bioscience Research Infrastructure (NBRI) supported by the Biotechnology and Biological Sciences Research Council (BBS/E/RH/23NB0008).,,,,,"Sheep, ewe - United Kingdom - 2019-01-01",economic,"Sheep, ewe",number,True,True,False,True,False,True,False,True,True,False,True,True,True,True,True,True,False,False,False
ndgz7jct410j,DairyNZ/LIC (2018) New Zealand Dairy Statistics 2019,Permanent pasture - Fonterra - New Zealand - DairyNZ/LIC (2018) New Zealand...,permanent pasture,New Zealand,mopxkxhytbjl,,consistent external sources,1 ha,a-zra9lig9k4,10.3168/jds.2019-17182,"Temporal, spatial, and management variability in the carbon footprint of New Zealand milk",,,,,,"Dairy cattle, cow - New Zealand - 2017",economic,"Dairy cattle, cow",number,True,False,True,False,False,True,True,True,True,False,False,True,False,True,False,True,False,False,False
ah9u95bspjfz,,Agri-food processor - Brazil,agri-food processor,Brazil,a7xbll0qg4om,Meat production,modelled,relative,evw50pucedpe,10.1016/j.jclepro.2019.118362,Multicriteria decision-making and probabilistic weighing applied to sustainable assessment of beef life cycle,,,,,,"Meat, beef cattle (liveweight) - Brazil - 2017",economic,"Meat, beef cattle (liveweight)",kg liveweight,True,True,True,False,True,True,True,True,True,False,False,True,True,True,True,True,False,False,True
gkzvh5qiabmk,Blue farming system,"Permanent pasture - Rothamsted Research - West Devon, United Kingdom - Blue farming system",permanent pasture,United Kingdom - West Devon,p0ly_vu3zub2,Blue-2015,non-verified survey data,relative,lfvrcxbnt18h,10.1111/ejss.12350,"The North Wyke Farm Platform: effect of temperate grassland farming systems on soil moisture contents, runoff and associated water quality dynamics",The North Wyke Farm Platform is a UK National Bioscience Research Infrastructure (NBRI) supported by the Biotechnology and Biological Sciences Research Council (BBS/E/RH/23NB0008).,,,,,"Beef cattle, heifer - United Kingdom - 2016-01-01",economic,"Beef cattle, heifer",number,True,True,False,True,False,True,False,True,True,False,True,True,True,True,True,True,False,False,False
7kcs9n7ki99r,They do not provide much information on site.,Animal housing - Denmark - They do not provide much infor...,animal housing,Denmark,byu7ru2xfgkk,Sow herds-2008,non-verified survey data,relative,wcfuerr47b3k,,LANDSGENNEMSNIT FOR PRODUKTIVITET SVINEPRODUKTIONEN 2016,,,,,,"Pig, piglet - Denmark - 2008",none,"Pig, piglet",number,False,True,True,False,False,True,True,True,True,False,False,True,False,True,True,True,False,False,False
,,,,,3cxtqp_fu5rq,,consistent external sources,1 ha,a-zra9lig9k4,10.3168/jds.2019-17182,"Temporal, spatial, and management variability in the carbon footprint of New Zealand milk",,,,,,"Milk, cow, raw (FPCM) - New Zealand - 2013",biophysical,"Milk, cow, raw (FPCM)",kg FPCM,True,False,True,False,False,True,True,True,True,False,False,True,False,True,False,True,False,False,False
vdg5bgnd3hl2,Red farming system,"Permanent pasture - Rothamsted Research - West Devon, United Kingdom - Red farming system",permanent pasture,United Kingdom - West Devon,rc7znaubqmmq,Red-2013,non-verified survey data,relative,lfvrcxbnt18h,10.1111/ejss.12350,"The North Wyke Farm Platform: effect of temperate grassland farming systems on soil moisture contents, runoff and associated water quality dynamics",The North Wyke Farm Platform is a UK National Bioscience Research Infrastructure (NBRI) supported by the Biotechnology and Biological Sciences Research Council (BBS/E/RH/23NB0008).,,,,,"Sheep, lamb - United Kingdom - 2014-01-01",economic,"Sheep, lamb",number,True,True,False,True,False,True,False,True,True,False,True,True,True,True,True,True,False,False,False
t3rypgie6gl5,Slaughterhouse,Agri-food processor - Denmark - Slaughterhouse,agri-food processor,Denmark,jx5ffanggpja,Slaughter-2016,non-verified survey data,relative,wcfuerr47b3k,,LANDSGENNEMSNIT FOR PRODUKTIVITET SVINEPRODUKTIONEN 2016,,,,,,"Meat, pig (cold dressed carcass weight) - Denmark - 2016",none required,"Meat, pig (cold dressed carcass weight)",kg cold dressed carcass weight,True,True,True,False,False,True,True,True,True,False,False,True,True,True,True,True,False,False,False
spnubbolkokv,Green farming system,"Permanent pasture - Rothamsted Research - West Devon, United Kingdom - Green farming system",permanent pasture,United Kingdom - West Devon,okex4zxuxtx8,Green-2021,non-verified survey data,relative,lfvrcxbnt18h,10.1111/ejss.12350,"The North Wyke Farm Platform: effect of temperate grassland farming systems on soil moisture contents, runoff and associated water quality dynamics",The North Wyke Farm Platform is a UK National Bioscience Research Infrastructure (NBRI) supported by the Biotechnology and Biological Sciences Research Council (BBS/E/RH/23NB0008).,,,,,"Beef cattle, steer - United Kingdom - 2022-01-01",economic,"Beef cattle, steer",number,True,True,False,True,False,True,False,True,True,False,True,True,True,True,True,True,False,False,False
gkzvh5qiabmk,Blue farming system,"Permanent pasture - Rothamsted Research - West Devon, United Kingdom - Blue farming system",permanent pasture,United Kingdom - West Devon,tbwsugf32k4l,Blue-2016,non-verified survey data,relative,lfvrcxbnt18h,10.1111/ejss.12350,"The North Wyke Farm Platform: effect of temperate grassland farming systems on soil moisture contents, runoff and associated water quality dynamics",The North Wyke Farm Platform is a UK National Bioscience Research Infrastructure (NBRI) supported by the Biotechnology and Biological Sciences Research Council (BBS/E/RH/23NB0008).,,,,,"Sheep, lamb (weaned) - United Kingdom - 2016-12-31",economic,"Sheep, lamb (weaned)",number,True,True,False,True,False,True,False,True,True,False,True,True,True,True,True,True,False,False,False
__w7okds1iyg,"Farm in the Western Frontier region of the state of Reio Grande do Sul in the Southern part of Brazil. For each cycle, we use the stocking density and the number of animals to calculate how ma ny hectares are used for each cycle","Permanent pasture - Sao Lucas Farm - Rio Grande do Sul, Brazil - Farm in the Western Frontier r...",permanent pasture,Brazil - Rio Grande do Sul,f_ysfkjrzguf,Scenario 2: Improved Natural Grass Aberdeen Angus,physical measurement,relative,_gzgjmujsbln,10.1016/j.jclepro.2014.01.037,Carbon footprint in different beef production systems on a southern Brazilian farm: A case study,This paper is also going to require an animal weighting similar to Sequiera & Duru,,,,,"Beef cattle, steer - Brazil - 2006-05-26",none,"Beef cattle, steer",number,False,True,True,False,False,True,False,True,False,False,False,True,False,True,False,False,False,True,False
gkzvh5qiabmk,Blue farming system,"Permanent pasture - Rothamsted Research - West Devon, United Kingdom - Blue farming system",permanent pasture,United Kingdom - West Devon,9_2i-uijctrd,Blue-2020,non-verified survey data,relative,lfvrcxbnt18h,10.1111/ejss.12350,"The North Wyke Farm Platform: effect of temperate grassland farming systems on soil moisture contents, runoff and associated water quality dynamics",The North Wyke Farm Platform is a UK National Bioscience Research Infrastructure (NBRI) supported by the Biotechnology and Biological Sciences Research Council (BBS/E/RH/23NB0008).,,,,,"Sheep, lamb (weaned) - United Kingdom - 2020-12-31",economic,"Sheep, lamb (weaned)",number,True,True,False,True,False,True,False,True,True,False,True,True,True,True,True,True,False,False,False
xpbf3bhu3ivp,,"Animal housing - G/HM-Ho - Normandie, France",animal housing,France - Normandie,yezo3xdquhkd,"Grass and high proportion maize silage in forage area, with cattle fed an Omega-3 supplement, Holstein breed. Annual milk production cycle, including all grazing and animal housing components.",modelled,relative,pusvmnivm1zy,10.1016/j.jenvman.2013.01.028,"Effect of dairy production system, breed and co-product handling methods on environmental impacts at farm level","Linseed cultivation taken by authors from Nguyen (2012), original data from France. Linseed processing from Bacenetti (2017), selected by us as a proxy. Authors have used daSilva for soybean cultivation data and dalgaard for soybean processing. Given these data are just proxies, we decided to omit them and just specify that the soybean meal is from Brazil.",,,,,"Dairy cattle, cow - France - 2011",economic,"Dairy cattle, cow",number,True,True,True,True,False,True,True,True,True,False,False,True,True,True,True,True,False,True,False
vdg5bgnd3hl2,Red farming system,"Permanent pasture - Rothamsted Research - West Devon, United Kingdom - Red farming system",permanent pasture,United Kingdom - West Devon,ahqkf7piyoxv,Red-2012,non-verified survey data,relative,lfvrcxbnt18h,10.1111/ejss.12350,"The North Wyke Farm Platform: effect of temperate grassland farming systems on soil moisture contents, runoff and associated water quality dynamics",The North Wyke Farm Platform is a UK National Bioscience Research Infrastructure (NBRI) supported by the Biotechnology and Biological Sciences Research Council (BBS/E/RH/23NB0008).,,,,,"Sheep, lamb (weaned) - United Kingdom - 2013-01-01",economic,"Sheep, lamb (weaned)",number,True,True,False,True,False,True,False,True,True,False,True,True,True,True,True,True,False,False,False
4n5hn325m9tw,Site is a combination of both the summer (mountain) and winter (dehesa) grazing sites. Area is cumulative of these sites and the altitude and temperature are assumed to be averaged across them.,Permanent pasture - Spain - Site is a combination of both ...,permanent pasture,Spain,pxfgddtv5jgv,Annual cycle of transhumant lamb farm in Albarracin (transhumance of herd to summer farm carried out by truck),non-verified survey data,relative,av57dkzgzdv6,10.1007/s11367-023-02135-3,Carbon footprint of transhumant sheep farms: accounting for natural baseline emissions in Mediterranean systems,"Cycles SED2, THT4 and THF4 have much lower DMI values per animal than the other cycles with no clear reason why; they may be errors.",,,,,"Wool, sheep (greasy) - Spain - 2009",economic,"Wool, sheep (greasy)",kg,True,False,True,True,False,True,True,True,False,False,False,True,True,True,True,True,False,False,False
vdg5bgnd3hl2,Red farming system,"Permanent pasture - Rothamsted Research - West Devon, United Kingdom - Red farming system",permanent pasture,United Kingdom - West Devon,5g6htwtfe2y9,Red-2011,non-verified survey data,relative,lfvrcxbnt18h,10.1111/ejss.12350,"The North Wyke Farm Platform: effect of temperate grassland farming systems on soil moisture contents, runoff and associated water quality dynamics",The North Wyke Farm Platform is a UK National Bioscience Research Infrastructure (NBRI) supported by the Biotechnology and Biological Sciences Research Council (BBS/E/RH/23NB0008).,,,,,"Beef cattle, heifer - United Kingdom - 2012-01-01",economic,"Beef cattle, heifer",number,True,True,False,True,False,True,False,True,True,False,True,True,True,True,True,True,False,False,False
0r-o9co2h6jj,,"Agri-food processor - Meath, Ireland",agri-food processor,Ireland - Meath,fubzpmpta6ee,Cycle representing the slaughter of the animals produced during the production cycle,physical measurement,relative,adq-l4cpvkng,10.1016/j.animal.2021.100247,Life cycle assessment of pasture-based suckler steer weanling-to-beef production systems: Effect of breed and slaughter age,,,,,,"Meat, beef cattle (cold carcass weight) - Ireland - 2017",economic,"Meat, beef cattle (cold carcass weight)",kg cold carcass weight,True,True,True,False,True,True,True,True,True,False,False,True,True,True,True,True,False,False,True
spnubbolkokv,Green farming system,"Permanent pasture - Rothamsted Research - West Devon, United Kingdom - Green farming system",permanent pasture,United Kingdom - West Devon,ycu26sxdzhiv,Green-2022,non-verified survey data,relative,lfvrcxbnt18h,10.1111/ejss.12350,"The North Wyke Farm Platform: effect of temperate grassland farming systems on soil moisture contents, runoff and associated water quality dynamics",The North Wyke Farm Platform is a UK National Bioscience Research Infrastructure (NBRI) supported by the Biotechnology and Biological Sciences Research Council (BBS/E/RH/23NB0008).,,,,,"Sheep, ram - United Kingdom - 2023-01-01",economic,"Sheep, ram",number,True,True,False,True,False,True,False,True,True,False,True,True,True,True,True,True,False,False,False
spnubbolkokv,Green farming system,"Permanent pasture - Rothamsted Research - West Devon, United Kingdom - Green farming system",permanent pasture,United Kingdom - West Devon,qcf3-xhswwq6,Green-2019,non-verified survey data,relative,lfvrcxbnt18h,10.1111/ejss.12350,"The North Wyke Farm Platform: effect of temperate grassland farming systems on soil moisture contents, runoff and associated water quality dynamics",The North Wyke Farm Platform is a UK National Bioscience Research Infrastructure (NBRI) supported by the Biotechnology and Biological Sciences Research Council (BBS/E/RH/23NB0008).,,,,,"Sheep, ewe - United Kingdom - 2020-01-01",economic,"Sheep, ewe",number,True,True,False,True,False,True,False,True,True,False,True,True,True,True,True,True,False,False,False
g2dqwp7ho9di,French Massif central semi-mountainous area,Permanent pasture - France - French Massif central semi-mou...,permanent pasture,France,qbnkmbxzz_rz,Beef production - France - November/December,non-verified survey data,relative,zb47es9se6kw,10.1016/j.agsy.2017.04.005,Environmental footprint of the integrated France–Italy beef production system assessed through a multi-indicator approach,,,,,,"Beef cattle, cow - France - 2014",economic,"Beef cattle, cow",number,True,True,True,True,False,False,False,True,True,False,False,False,False,False,False,False,False,False,False
fdqd89sqmc_k,,"Permanent pasture - Albarracín, Spain",permanent pasture,Spain - Albarracín,_sdsdvqoperu,Annual cycle of sedentary lamb farm in Albarracin (no transhumance),non-verified survey data,relative,av57dkzgzdv6,10.1007/s11367-023-02135-3,Carbon footprint of transhumant sheep farms: accounting for natural baseline emissions in Mediterranean systems,"Cycles SED2, THT4 and THF4 have much lower DMI values per animal than the other cycles with no clear reason why; they may be errors.",,,,,"Sheep, ewe - Spain - 2009",economic,"Sheep, ewe",number,True,False,True,True,False,True,True,True,False,False,False,True,True,True,True,True,False,False,False
gkzvh5qiabmk,Blue farming system,"Permanent pasture - Rothamsted Research - West Devon, United Kingdom - Blue farming system",permanent pasture,United Kingdom - West Devon,6yexlxkydtf3,Blue-2014,non-verified survey data,relative,lfvrcxbnt18h,10.1111/ejss.12350,"The North Wyke Farm Platform: effect of temperate grassland farming systems on soil moisture contents, runoff and associated water quality dynamics",The North Wyke Farm Platform is a UK National Bioscience Research Infrastructure (NBRI) supported by the Biotechnology and Biological Sciences Research Council (BBS/E/RH/23NB0008).,,,,,"Beef cattle, calf (male, weaned) - United Kingdom - 2015-01-01",economic,"Beef cattle, calf (male, weaned)",number,True,True,False,True,False,True,False,True,True,False,True,True,True,True,True,True,False,False,False
tx3bli214it4,Site is a combination of both the summer (mountain) and winter (dehesa) grazing sites. Area is cumulative of these sites and the altitude and temperature are assumed to be averaged across them.,Permanent pasture - Spain - Site is a combination of both ...,permanent pasture,Spain,vbf8uunavr45,Annual cycle of transhumant lamb farm in Albarracin (transhumance of herd to summer farm carried out by truck),non-verified survey data,relative,av57dkzgzdv6,10.1007/s11367-023-02135-3,Carbon footprint of transhumant sheep farms: accounting for natural baseline emissions in Mediterranean systems,"Cycles SED2, THT4 and THF4 have much lower DMI values per animal than the other cycles with no clear reason why; they may be errors.",,,,,"Wool, sheep (greasy) - Spain - 2009",economic,"Wool, sheep (greasy)",kg,True,False,True,True,False,True,True,True,False,False,False,True,True,True,True,True,False,False,False
ywatgobjtiad,"To model the systems, the total area of the property was defined as 1000 ha, of which 200 ha were legal reserves (20% of the area) and 20 ha were destined for buildings, roads and improvements.","Permanent pasture - Naviraí, Brazil - To model the systems, the tota...",permanent pasture,Brazil - Naviraí,hdeo5sr-girr,Rerfence system where feeding is performed only by grazing anfd the supply of mineral supplementation.,modelled,relative,evw50pucedpe,10.1016/j.jclepro.2019.118362,Multicriteria decision-making and probabilistic weighing applied to sustainable assessment of beef life cycle,,,,,,Beef cattle - Brazil - 2017,none required,Beef cattle,number,True,True,True,False,False,False,False,True,True,False,False,True,False,True,False,True,True,False,False
tdy160d0rr5-,,Animal housing - Italy,animal housing,Italy,fpqefde7n94s,"Small Plain Farms - representative of farms similar in herd size and milk yield per cow to the Mountain ones but located in the Po plain that produce milk for Grana Padano cheese. The feed management was the same as in NIRF, and the cattle were not allowed to graze.",non-verified survey data,relative,jix42tsxvioy,10.1016/j.spc.2023.02.012,The environmental impact of permanent meadows-based farms: A comparison among different dairy farm management systems of an Italian cheese,,,,,,"Meat, dairy cattle (liveweight) - Italy - 2019",economic,"Meat, dairy cattle (liveweight)",kg liveweight,True,True,True,True,True,True,True,True,True,False,False,True,False,True,True,True,False,False,True
xtl1udsgt58g,,Animal housing - Kenya,animal housing,Kenya,8td870mkxk0q,No cows or heifers obtained feed through grazing in either season,non-verified survey data,relative,4o85q6a1k0ih,10.1016/j.jclepro.2020.121780,Variation in the carbon footprint of milk production on smallholder dairy farms in central Kenya,Data also available in Wilkes et al. (2019). Methods and guidance to support MRV of livestock emissions.,,,,,"Meat, dairy cattle (liveweight) - Kenya - 2018",economic,"Meat, dairy cattle (liveweight)",kg liveweight,True,True,True,False,False,False,True,True,True,False,False,True,False,False,False,False,False,False,False
7kcs9n7ki99r,They do not provide much information on site.,Animal housing - Denmark - They do not provide much infor...,animal housing,Denmark,xskz5516i7lj,Sow herds-2009,non-verified survey data,relative,wcfuerr47b3k,,LANDSGENNEMSNIT FOR PRODUKTIVITET SVINEPRODUKTIONEN 2016,,,,,,"Pig, piglet - Denmark - 2009",none,"Pig, piglet",number,False,True,True,False,False,True,True,True,True,False,False,True,False,True,True,True,False,False,False
gkzvh5qiabmk,Blue farming system,"Permanent pasture - Rothamsted Research - West Devon, United Kingdom - Blue farming system",permanent pasture,United Kingdom - West Devon,xccakim_7aql,Blue-2011,non-verified survey data,relative,lfvrcxbnt18h,10.1111/ejss.12350,"The North Wyke Farm Platform: effect of temperate grassland farming systems on soil moisture contents, runoff and associated water quality dynamics",The North Wyke Farm Platform is a UK National Bioscience Research Infrastructure (NBRI) supported by the Biotechnology and Biological Sciences Research Council (BBS/E/RH/23NB0008).,,,,,"Sheep, lamb - United Kingdom - 2012-01-01",economic,"Sheep, lamb",number,True,True,False,True,False,True,False,True,True,False,True,True,True,True,True,True,False,False,False
ewidixnou6q0,Site is a combination of both the summer (mountain) and winter (dehesa) grazing sites. Area is cumulative of these sites and the altitude and temperature are assumed to be averaged across them.,Permanent pasture - Spain - Site is a combination of both ...,permanent pasture,Spain,vzj3y7owxd8z,Annual cycle of transhumant lamb farm in Albarracin (transhumance of herd to summer farm carried out on foot),non-verified survey data,relative,av57dkzgzdv6,10.1007/s11367-023-02135-3,Carbon footprint of transhumant sheep farms: accounting for natural baseline emissions in Mediterranean systems,"Cycles SED2, THT4 and THF4 have much lower DMI values per animal than the other cycles with no clear reason why; they may be errors.",,,,,"Wool, sheep (greasy) - Spain - 2009",economic,"Wool, sheep (greasy)",kg,True,False,True,True,False,True,True,True,False,False,False,True,True,True,True,True,False,False,False
cn3chbbqleue,,Permanent pasture - Irish lowland sheep farm - Ireland,permanent pasture,Ireland,f9kytrfcbtfw,Production cycle from sheep flock of low genetic merit (ewes in the bottom 20% of animals for the replacement index bred with rams in the bottom 20% of both replacement and terminal indices).,modelled,relative,zbwr_kpj1nsn,10.1016/j.agsy.2022.103467,"Modelling the production, profit, and greenhouse gas emissions of Irish sheep flocks divergent in genetic merit",,,,,,"Sheep, lamb - Ireland - 2020",economic,"Sheep, lamb",number,True,True,True,False,False,True,True,True,False,False,False,True,False,False,False,False,False,False,False
gkzvh5qiabmk,Blue farming system,"Permanent pasture - Rothamsted Research - West Devon, United Kingdom - Blue farming system",permanent pasture,United Kingdom - West Devon,tbwsugf32k4l,Blue-2016,non-verified survey data,relative,lfvrcxbnt18h,10.1111/ejss.12350,"The North Wyke Farm Platform: effect of temperate grassland farming systems on soil moisture contents, runoff and associated water quality dynamics",The North Wyke Farm Platform is a UK National Bioscience Research Infrastructure (NBRI) supported by the Biotechnology and Biological Sciences Research Council (BBS/E/RH/23NB0008).,,,,,"Beef cattle, steer - United Kingdom - 2016-12-31",economic,"Beef cattle, steer",number,True,True,False,True,False,True,False,True,True,False,True,True,True,True,True,True,False,False,False
tyus2js7gexv,,"Animal housing - Nordrhein-Westfalen, Germany",animal housing,Germany - Nordrhein-Westfalen,w1i2fa30vuki,Fattening-SOY,consistent external sources,relative,xbapgf7gu9eu,,"European Grain Legumes - Environment-Friendly Animal Feed? Life Cycle Assessment of Pork, Chicken, Meat, Egg, and Milk Production",,,,,,Pig - Germany - 2005,economic,Pig,number,True,True,True,False,True,True,True,True,True,False,False,True,False,True,True,True,False,False,False
2ojwrmmui3py,,Animal housing - Denmark,animal housing,Denmark,o8j3wj8tqngj,Finishers,consistent external sources,relative,hmohcfms011t,,Environmental assessment of Danish pork,"Study is quite unclear as it often states ""per 1000kg pig meat live weight"", but this is unclear whether it is from the sows, piglets, or finishers?",,,,,"Pig, sow - Denmark - 2010",economic,"Pig, sow",number,True,True,True,True,False,True,True,True,True,False,False,False,False,True,True,True,False,True,False
sjdithvxxk3o,,"Animal housing - New South Wales, Australia",animal housing,Australia - New South Wales,dtuu4ypu6yi8,This cycle represents the inventory for grower/finisher unit prodution in the southern supply chain.,verified survey data,relative,_mtpo6ilytlr,,Environmental Assessment of Two Pork Supply Chains Using Life Cycle Assessment,,,,,,Pig - Australia - 2008,economic,Pig,number,True,True,True,True,True,True,True,True,True,True,False,False,False,True,True,True,False,False,True
jysrdnzjsyr2,Slaughterhouse,Agri-food processor - Netherlands - Slaughterhouse,agri-food processor,Netherlands,_knv7dlutcyg,Slaughter Netherlands Conventional,consistent external sources,relative,w3hq1dphy7wy,,Carbon footprints of conventional and organic pork,"They have included information from lots of different sources, for this reason I have not inlcuded the information regarding crop production (only feed composition) because some of these products we already have the sources.",,,,,"Meat, pig (cold dressed carcass weight) - Netherlands - 2007",none required,"Meat, pig (cold dressed carcass weight)",kg cold dressed carcass weight,True,True,True,False,True,True,True,True,True,False,False,False,True,True,True,True,False,False,False
9-loprmmivnu,They do not provide much information on site.,Animal housing - Denmark - They do not provide much infor...,animal housing,Denmark,wn52rotshnrb,Piglet herds-2016,non-verified survey data,relative,wcfuerr47b3k,,LANDSGENNEMSNIT FOR PRODUKTIVITET SVINEPRODUKTIONEN 2016,,,,,,Pig - Denmark - 2016,none required,Pig,number,True,True,True,False,False,True,True,True,True,False,False,True,False,True,True,True,False,False,False
gk-oblfnkirt,,"Animal housing - Nordrhein-Westfalen, Germany",animal housing,Germany - Nordrhein-Westfalen,3gdbz8upk_uc,Fattening-GLEU,consistent external sources,relative,xbapgf7gu9eu,,"European Grain Legumes - Environment-Friendly Animal Feed? Life Cycle Assessment of Pork, Chicken, Meat, Egg, and Milk Production",,,,,,Pig - Germany - 2005,economic,Pig,number,True,True,True,False,True,True,True,True,True,False,False,True,False,True,True,True,False,False,False
cnpawllgzctf,,Animal housing - Germany,animal housing,Germany,xfytd9vjyhvy,Sow Germany Organic,consistent external sources,relative,w3hq1dphy7wy,,Carbon footprints of conventional and organic pork,"They have included information from lots of different sources, for this reason I have not inlcuded the information regarding crop production (only feed composition) because some of these products we already have the sources.",,,,,"Pig, sow - Germany - 2007",economic,"Pig, sow",number,True,True,True,False,False,True,True,True,True,False,False,False,False,True,True,True,False,False,False
jnukbgqgvu8f,,"Animal housing - G/LM-Ho - Normandie, France",animal housing,France - Normandie,bg6ap4fzyi4_,"Grass and low proportion maize silage in forage area, with cattle fed an Omega-3 supplement, Holstein breed. Annual milk production cycle, including all grazing and animal housing components.",modelled,relative,pusvmnivm1zy,10.1016/j.jenvman.2013.01.028,"Effect of dairy production system, breed and co-product handling methods on environmental impacts at farm level","Linseed cultivation taken by authors from Nguyen (2012), original data from France. Linseed processing from Bacenetti (2017), selected by us as a proxy. Authors have used daSilva for soybean cultivation data and dalgaard for soybean processing. Given these data are just proxies, we decided to omit them and just specify that the soybean meal is from Brazil.",,,,,"Dairy cattle, heifer - France - 2011",economic,"Dairy cattle, heifer",number,True,True,True,True,False,True,True,True,True,False,False,True,True,True,True,True,False,True,False
uhixw-bmlxuv,"Cerrado (Goiás, Mato Grosso do Sul, Mato Grosso, Tocantins and Minas Gerais states)","Permanent pasture - Brazil - Cerrado (Goiás, Mato Grosso do...",permanent pasture,Brazil,ddn4f1-s7683,"Beef, Stylosanthes spp. (cv. Campo Grande) pasture (Scenario 3)",inconsistent external sources,1 ha,si5hdtbv8hly,10.1016/j.agsy.2015.12.007,Impact of the intensification of beef production in Brazil on greenhouse gas emissions and land use,"No end date for Cycle provided. Assumed to be 2014. Error in electricity unit corrected here (Table 5 reports values in kWh, not MWh). Mineral salts described as 60% CaCO3 and 40% Ca3(PO4)2 in the text. Age at slaughter from supplementary material, sheet ""B1, Herd composition"". Error in carcass weight (Supplementary matrial, sheet B1 ""Herd composition"") corrected here (see Joseph Poore edits). Vaccines used, but data not provided.",,,,,"Beef cattle, heifer - Brazil - 2014",none,"Beef cattle, heifer",number,True,True,False,True,True,True,False,True,False,False,False,True,False,True,True,True,False,False,True
gkzvh5qiabmk,Blue farming system,"Permanent pasture - Rothamsted Research - West Devon, United Kingdom - Blue farming system",permanent pasture,United Kingdom - West Devon,q9tv7n_pmiff,Blue-2018,non-verified survey data,relative,lfvrcxbnt18h,10.1111/ejss.12350,"The North Wyke Farm Platform: effect of temperate grassland farming systems on soil moisture contents, runoff and associated water quality dynamics",The North Wyke Farm Platform is a UK National Bioscience Research Infrastructure (NBRI) supported by the Biotechnology and Biological Sciences Research Council (BBS/E/RH/23NB0008).,,,,,"Sheep, ewe - United Kingdom - 2019-01-01",economic,"Sheep, ewe",number,True,True,False,True,False,True,False,True,True,False,True,True,True,True,True,True,False,False,False
j--qoejd_6vm,,Animal housing - Czech Republic,animal housing,Czech Republic,qbav4f3rr0b6,Chicks are reared until young hens (pullets),consistent external sources,relative,s1krqknyo6_b,10.3390/agriculture12030355,Environmental Impacts of Egg Production from a Life Cycle Perspective,Assumes endDate is 2 years before publication,,,,,"Layer chicken, pullet - Czech Republic - 2020",none,"Layer chicken, pullet",number,True,True,True,True,False,True,True,True,True,False,False,True,False,False,True,True,False,False,True
m1sgeuqku4ud,60 ha of grazing area for the herd and 40ha of grass to be cut for making silage,Permanent pasture - United Kingdom - 60 ha of grazing area for the ...,permanent pasture,United Kingdom,7s6dgqb6tpsh,"Annual production cycle of a grass-based UK dairy farm on a high sugar grass (HSG), increasingly used in UK livestock holdings.",consistent external sources,relative,dyejpjpyu9fe,10.1016/j.jclepro.2018.08.206,Effects of high-sugar grasses and improved manure management on the environmental footprint of milk production at the farm level,,,,,,"Milk, cow, raw - United Kingdom - 2016",economic,"Milk, cow, raw",kg,True,True,True,True,False,False,True,True,True,False,False,True,False,True,False,True,False,False,False
juwvncnkm6yq,"To model the systems, the total area of the property was defined as 1000 ha, of which 200 ha were legal reserves (20% of the area) and 20 ha were destined for buildings, roads and improvements.","Permanent pasture - Naviraí, Brazil - To model the systems, the tota...",permanent pasture,Brazil - Naviraí,odlpq1r8v0jo,Protien supplementation system.,modelled,relative,evw50pucedpe,10.1016/j.jclepro.2019.118362,Multicriteria decision-making and probabilistic weighing applied to sustainable assessment of beef life cycle,,,,,,Beef cattle - Brazil - 2017,none required,Beef cattle,number,True,True,False,False,False,False,False,True,True,False,False,True,False,True,False,True,True,False,False
1-ri-v_qqxe_,,"Animal housing - Paraná (Estado), Brazil",animal housing,"Brazil - Paraná (Estado), Brazil",swp9hf4aqen5,"Aggregate cycle representing data from 4 farms in the Central-East mesoregion on Parana in 2019, all producing milk under a full confinement system",verified survey data,relative,v9neu-ph4e_r,10.1016/j.jclepro.2022.133067,An analysis of Brazilian raw cow milk production systems and environmental product declarations of whole milk,Herd composition is missing from this study.,,,,,"Meat, dairy cattle (liveweight) - Brazil - 2019",economic,"Meat, dairy cattle (liveweight)",kg liveweight,True,False,True,True,True,True,True,True,True,False,False,True,False,True,False,True,False,False,True
spnubbolkokv,Green farming system,"Permanent pasture - Rothamsted Research - West Devon, United Kingdom - Green farming system",permanent pasture,United Kingdom - West Devon,44htfoh2ku3e,Green-2017,non-verified survey data,relative,lfvrcxbnt18h,10.1111/ejss.12350,"The North Wyke Farm Platform: effect of temperate grassland farming systems on soil moisture contents, runoff and associated water quality dynamics",The North Wyke Farm Platform is a UK National Bioscience Research Infrastructure (NBRI) supported by the Biotechnology and Biological Sciences Research Council (BBS/E/RH/23NB0008).,,,,,"Sheep, lamb - United Kingdom - 2018-01-01",economic,"Sheep, lamb",number,True,True,False,True,False,True,False,True,True,False,True,True,True,True,True,True,False,False,False
gduydsrrzxka,,"Animal housing - Schleswig-Holstein, Germany",animal housing,Germany - Schleswig-Holstein,hcqh4ktdggaz,Fattening,non-verified survey data,relative,wolkfaakxkn0,,Schweinereport 2022,A series of pig reports.,,,,,Pig - Germany - 2022,none required,Pig,number,True,True,True,False,False,True,True,True,True,False,False,True,False,True,True,True,False,False,False
9agm2hbf_utm,"Permanent pasture fields, North Wyke Farm Platform","Permanent pasture - Rothamsted Research - Devon (Administrative County), England, United Kingdom - Permanent pasture fields, Nort...",permanent pasture,"United Kingdom - Devon (Administrative County), England, United Kingdom",v8dvcxzfthkf,Permanent pasture fields,physical measurement,relative,npl-0ixnthlu,10.1016/j.jclepro.2017.10.113,Distributions of emissions intensity for individual beef cattle reared on pasture-based production systems,"The study mentions that 'sheep also occupy grassland as part of rotational grazing systems, although they do not share the same pasture with cattle at any given time' and therefore their manure also contributes to pasture growth. However, no other information about the length of time the sheep graze, or the number of sheep. Therefore, these have been left out of the upload for now. In addition, the study mentions that animals also feed on ryegrass silage for part of the year. However, no information was given on the quantity. It was removed from the upload to enable animalFeed = TRUE, and allow the grass consumption model to run. The missing energy requirements from ryegrass silage will be substituted as a proxy with extra grass consumption estimated by the model.",,,,,"Beef cattle, heifer and steer - United Kingdom - 2015-12-01",economic,"Beef cattle, heifer and steer",number,True,True,True,True,False,True,False,True,True,False,True,True,True,True,True,True,False,False,False
lrugu8vgzaf1,,Permanent pasture - Kenya,permanent pasture,Kenya,vsdingorvc2p,Cows and heifers obtain some feed through grazing but are also stall-fed at other times,non-verified survey data,relative,4o85q6a1k0ih,10.1016/j.jclepro.2020.121780,Variation in the carbon footprint of milk production on smallholder dairy farms in central Kenya,Data also available in Wilkes et al. (2019). Methods and guidance to support MRV of livestock emissions.,,,,,"Meat, dairy cattle (liveweight) - Kenya - 2018",economic,"Meat, dairy cattle (liveweight)",kg liveweight,True,True,False,False,False,False,True,True,True,False,False,True,False,False,False,False,False,False,False
ndcftdeq0dop,,"Permanent pasture - Victoria (State), Australia",permanent pasture,"Australia - Victoria (State), Australia",qa3lpbqqzkdu,Lamb production cycle for a regional average farm in Victoria,modelled,relative,c3c-fbwxy2mp,10.1071/AN14647,Resource use and environmental impacts from Australian export lamb production: A life cycle assessment,,,,,,"Wool, sheep (greasy) - Australia - 2010",economic,"Wool, sheep (greasy)",kg,True,True,True,True,False,True,False,True,False,False,False,True,True,True,True,True,False,False,True
vdg5bgnd3hl2,Red farming system,"Permanent pasture - Rothamsted Research - West Devon, United Kingdom - Red farming system",permanent pasture,United Kingdom - West Devon,wvzj8wrv6fka,Red-2018,non-verified survey data,relative,lfvrcxbnt18h,10.1111/ejss.12350,"The North Wyke Farm Platform: effect of temperate grassland farming systems on soil moisture contents, runoff and associated water quality dynamics",The North Wyke Farm Platform is a UK National Bioscience Research Infrastructure (NBRI) supported by the Biotechnology and Biological Sciences Research Council (BBS/E/RH/23NB0008).,,,,,"Beef cattle, calf (female, weaned) - United Kingdom - 2019-01-01",economic,"Beef cattle, calf (female, weaned)",number,True,True,False,True,False,True,False,True,True,False,True,True,True,True,True,True,False,False,False
gkzvh5qiabmk,Blue farming system,"Permanent pasture - Rothamsted Research - West Devon, United Kingdom - Blue farming system",permanent pasture,United Kingdom - West Devon,x_4reiabz9jh,Blue-2019,non-verified survey data,relative,lfvrcxbnt18h,10.1111/ejss.12350,"The North Wyke Farm Platform: effect of temperate grassland farming systems on soil moisture contents, runoff and associated water quality dynamics",The North Wyke Farm Platform is a UK National Bioscience Research Infrastructure (NBRI) supported by the Biotechnology and Biological Sciences Research Council (BBS/E/RH/23NB0008).,,,,,"Beef cattle, calf (female, weaned) - United Kingdom - 2020-01-01",economic,"Beef cattle, calf (female, weaned)",number,True,True,False,True,False,True,False,True,True,False,True,True,True,True,True,True,False,False,False
yt7cxd1keknd,,Permanent pasture - Ireland,permanent pasture,Ireland,qzxksubbkk53,A subset of the National Farm Survey data comrpising 100 specialised suckler calf-to-beef systems was used in this scenario.,consistent external sources,relative,892cdffsz7dk,10.1016/j.agee.2011.05.010,Whole-farm systems modelling of greenhouse gas emissions from pastoral suckler beef cow production systems,,,,,,"Meat, beef cattle (cold dressed carcass weight) - Ireland - 2009",none required,"Meat, beef cattle (cold dressed carcass weight)",kg cold dressed carcass weight,True,True,True,False,False,True,True,True,False,False,False,True,False,True,True,True,False,False,False
gkzvh5qiabmk,Blue farming system,"Permanent pasture - Rothamsted Research - West Devon, United Kingdom - Blue farming system",permanent pasture,United Kingdom - West Devon,q9tv7n_pmiff,Blue-2018,non-verified survey data,relative,lfvrcxbnt18h,10.1111/ejss.12350,"The North Wyke Farm Platform: effect of temperate grassland farming systems on soil moisture contents, runoff and associated water quality dynamics",The North Wyke Farm Platform is a UK National Bioscience Research Infrastructure (NBRI) supported by the Biotechnology and Biological Sciences Research Council (BBS/E/RH/23NB0008).,,,,,"Beef cattle, calf (male, weaned) - United Kingdom - 2019-01-01",economic,"Beef cattle, calf (male, weaned)",number,True,True,False,True,False,True,False,True,True,False,True,True,True,True,True,True,False,False,False
kgreq5q2yaoc,,"Permanent pasture - Sardegna, Italy",permanent pasture,Italy - Sardegna,grzvzqtzlo0c,"Pluriparous ewes chosen for assessment, lambing concentrated in mid-November. Traditional system with low supplementation (TS-LS), in which mothers were followed by suckling lambs during the grazing time and they received a low dose of supplement (200 g/d of concentrate).",physical measurement,relative,mmjqpffwvz8g,10.3390/ani11123605,Effect of suckling management and ewe concentrate level on methane-related carbon footprint of lamb meat in sardinian dairy sheep farming,,,,,,"Sheep, lamb (female, unweaned) - Italy - 2017-12-13",economic,"Sheep, lamb (female, unweaned)",number,False,True,True,False,False,True,False,True,True,False,False,True,True,True,True,True,False,False,False
spnubbolkokv,Green farming system,"Permanent pasture - Rothamsted Research - West Devon, United Kingdom - Green farming system",permanent pasture,United Kingdom - West Devon,h_enyug5e8fz,Green-2013,non-verified survey data,relative,lfvrcxbnt18h,10.1111/ejss.12350,"The North Wyke Farm Platform: effect of temperate grassland farming systems on soil moisture contents, runoff and associated water quality dynamics",The North Wyke Farm Platform is a UK National Bioscience Research Infrastructure (NBRI) supported by the Biotechnology and Biological Sciences Research Council (BBS/E/RH/23NB0008).,,,,,"Sheep, ewe - United Kingdom - 2014-01-01",economic,"Sheep, ewe",number,True,True,False,True,False,True,False,True,True,False,True,True,True,True,True,True,False,False,False
kr-sbt8p2upg,DairyNZ/LIC (2018) New Zealand Dairy Statistics 2019,Permanent pasture - Fonterra - New Zealand - DairyNZ/LIC (2018) New Zealand...,permanent pasture,New Zealand,bxdljgpjokln,,consistent external sources,1 ha,a-zra9lig9k4,10.3168/jds.2019-17182,"Temporal, spatial, and management variability in the carbon footprint of New Zealand milk",,,,,,"Dairy cattle, cow - New Zealand - 2011",economic,"Dairy cattle, cow",number,True,False,True,False,False,True,True,True,True,False,False,True,False,True,False,True,False,False,False
bxjimcvxfzu3,12 big corporations that account for more than 90% of the country’s total capacity.,Animal housing - Thailand - 12 big corporations that accou...,animal housing,Thailand,m76jhh1fyven,CB6-Parent farm 3,non-verified survey data,relative,jwwfj8vmju7j,10.15244/pjoes/68156,Greenhouse gas emissions of one-day-old chick production,,,,,,"Broiler chicken, hen - Thailand - 2011",none required,"Broiler chicken, hen",number,True,True,True,True,True,True,True,True,False,False,False,True,False,True,True,True,False,True,True
suiath2bgsqr,,"Permanent pasture - Minas Gerais, Brazil",permanent pasture,Brazil - Minas Gerais,cli0dnmguyif,"Aggregate cycle representing data from 4 farms in Zona da mata, Minas Gerais in 2019, all producing milk under a semi-confinement system, where animals spend part of each day on pasture, and the remainder confined",verified survey data,relative,v9neu-ph4e_r,10.1016/j.jclepro.2022.133067,An analysis of Brazilian raw cow milk production systems and environmental product declarations of whole milk,Herd composition is missing from this study.,,,,,"Meat, dairy cattle (liveweight) - Brazil - 2019",economic,"Meat, dairy cattle (liveweight)",kg liveweight,True,False,True,True,True,True,False,True,True,False,False,True,False,True,False,True,False,False,True
otrdoo430x42,,Animal housing - Italy,animal housing,Italy,jdq168tcu5in,"North Italy Representative Farms - embodying the average dairy farms in Northern Italy present in the Po plain that make milk for Grana Padano cheese production. The cattle feed was based on silage feed (primarily corn silage), forage, protein ingredients (such as soybean meal), corn cereals, alfalfa, and compound feed. In this farm system, cattle were not allowed to graze.",non-verified survey data,relative,jix42tsxvioy,10.1016/j.spc.2023.02.012,The environmental impact of permanent meadows-based farms: A comparison among different dairy farm management systems of an Italian cheese,,,,,,"Milk, cow, raw (FPCM) - Italy - 2019",biophysical,"Milk, cow, raw (FPCM)",kg FPCM,True,True,True,True,True,True,True,True,True,False,False,True,False,True,True,True,False,False,True
q38jluynlpvg,12 big corporations that account for more than 90% of the country’s total capacity.,Animal housing - Thailand - 12 big corporations that accou...,animal housing,Thailand,hlsgwuog2snu,CB7-Parent farm 5,non-verified survey data,relative,jwwfj8vmju7j,10.15244/pjoes/68156,Greenhouse gas emissions of one-day-old chick production,,,,,,"Eggs, hen, in shell (number) - Thailand - 2011",none required,"Eggs, hen, in shell (number)",number,True,True,True,True,True,True,True,True,False,False,False,True,False,True,True,True,False,True,True
ei1rhu-dgtbt,,Animal housing - Netherlands,animal housing,Netherlands,hh766bc9dk7a,Sow Netherlands Organic,consistent external sources,relative,w3hq1dphy7wy,,Carbon footprints of conventional and organic pork,"They have included information from lots of different sources, for this reason I have not inlcuded the information regarding crop production (only feed composition) because some of these products we already have the sources.",,,,,"Pig, piglet - Netherlands - 2007",economic,"Pig, piglet",number,True,True,True,False,False,True,True,True,True,False,False,False,False,True,True,True,False,False,False
zhkupguo6kfy,,Animal housing - United Kingdom,animal housing,United Kingdom,fqfqjbqfxnub,Sow England Organic,consistent external sources,relative,w3hq1dphy7wy,,Carbon footprints of conventional and organic pork,"They have included information from lots of different sources, for this reason I have not inlcuded the information regarding crop production (only feed composition) because some of these products we already have the sources.",,,,,"Pig, sow - United Kingdom - 2007",economic,"Pig, sow",number,True,True,True,False,False,True,True,True,True,False,False,False,False,True,True,True,False,False,False
spnubbolkokv,Green farming system,"Permanent pasture - Rothamsted Research - West Devon, United Kingdom - Green farming system",permanent pasture,United Kingdom - West Devon,kydwtvt3yzob,Green-2011,non-verified survey data,relative,lfvrcxbnt18h,10.1111/ejss.12350,"The North Wyke Farm Platform: effect of temperate grassland farming systems on soil moisture contents, runoff and associated water quality dynamics",The North Wyke Farm Platform is a UK National Bioscience Research Infrastructure (NBRI) supported by the Biotechnology and Biological Sciences Research Council (BBS/E/RH/23NB0008).,,,,,"Sheep, lamb - United Kingdom - 2012-01-01",economic,"Sheep, lamb",number,True,True,False,True,False,True,False,True,True,False,True,True,True,True,True,True,False,False,False
k_kngrcge6jg,,"Permanent pasture - Sardegna, Italy",permanent pasture,Italy - Sardegna,5i9oleqtchra,"Pluriparous ewes chosen for assessment, lambing concentrated in mid-November. Separated system with low supplementation (SS-LS), in which mothers were not followed by suckling lambs during the grazing time (suckling lambs remained indoors) and they received a low dose of supplement (200 g/d of concentrate).",physical measurement,relative,mmjqpffwvz8g,10.3390/ani11123605,Effect of suckling management and ewe concentrate level on methane-related carbon footprint of lamb meat in sardinian dairy sheep farming,,,,,,"Sheep, lamb (female, unweaned) - Italy - 2017-12-13",economic,"Sheep, lamb (female, unweaned)",number,False,True,True,False,False,True,False,True,True,False,False,True,True,True,True,True,False,False,False
spnubbolkokv,Green farming system,"Permanent pasture - Rothamsted Research - West Devon, United Kingdom - Green farming system",permanent pasture,United Kingdom - West Devon,csz4s_jq7j9p,Green-2015,non-verified survey data,relative,lfvrcxbnt18h,10.1111/ejss.12350,"The North Wyke Farm Platform: effect of temperate grassland farming systems on soil moisture contents, runoff and associated water quality dynamics",The North Wyke Farm Platform is a UK National Bioscience Research Infrastructure (NBRI) supported by the Biotechnology and Biological Sciences Research Council (BBS/E/RH/23NB0008).,,,,,"Beef cattle, steer - United Kingdom - 2016-01-01",economic,"Beef cattle, steer",number,True,True,False,True,False,True,False,True,True,False,True,True,True,True,True,True,False,False,False
_me76ahwki3e,,"Animal housing - G-Ho - Normandie, France",animal housing,France - Normandie,vlfn_svtmoxm,"Grass only in forage area, Holstein breed. Annual milk production cycle, including all grazing and animal housing components.",consistent external sources,relative,pusvmnivm1zy,10.1016/j.jenvman.2013.01.028,"Effect of dairy production system, breed and co-product handling methods on environmental impacts at farm level","Linseed cultivation taken by authors from Nguyen (2012), original data from France. Linseed processing from Bacenetti (2017), selected by us as a proxy. Authors have used daSilva for soybean cultivation data and dalgaard for soybean processing. Given these data are just proxies, we decided to omit them and just specify that the soybean meal is from Brazil.",,,,,"Dairy cattle, heifer - France - 2011",economic,"Dairy cattle, heifer",number,True,True,True,True,False,True,True,True,True,False,False,True,True,True,True,True,False,True,False
uhixw-bmlxuv,"Cerrado (Goiás, Mato Grosso do Sul, Mato Grosso, Tocantins and Minas Gerais states)","Permanent pasture - Brazil - Cerrado (Goiás, Mato Grosso do...",permanent pasture,Brazil,ddn4f1-s7683,"Beef, Stylosanthes spp. (cv. Campo Grande) pasture (Scenario 3)",inconsistent external sources,1 ha,si5hdtbv8hly,10.1016/j.agsy.2015.12.007,Impact of the intensification of beef production in Brazil on greenhouse gas emissions and land use,"No end date for Cycle provided. Assumed to be 2014. Error in electricity unit corrected here (Table 5 reports values in kWh, not MWh). Mineral salts described as 60% CaCO3 and 40% Ca3(PO4)2 in the text. Age at slaughter from supplementary material, sheet ""B1, Herd composition"". Error in carcass weight (Supplementary matrial, sheet B1 ""Herd composition"") corrected here (see Joseph Poore edits). Vaccines used, but data not provided.",,,,,"Beef cattle, cow - Brazil - 2014",none,"Beef cattle, cow",number,True,True,False,True,True,True,False,True,False,False,False,True,False,True,True,True,False,False,True
spnubbolkokv,Green farming system,"Permanent pasture - Rothamsted Research - West Devon, United Kingdom - Green farming system",permanent pasture,United Kingdom - West Devon,oewixdlrufdd,Green-2016,non-verified survey data,relative,lfvrcxbnt18h,10.1111/ejss.12350,"The North Wyke Farm Platform: effect of temperate grassland farming systems on soil moisture contents, runoff and associated water quality dynamics",The North Wyke Farm Platform is a UK National Bioscience Research Infrastructure (NBRI) supported by the Biotechnology and Biological Sciences Research Council (BBS/E/RH/23NB0008).,,,,,"Sheep, ram - United Kingdom - 2016-12-31",economic,"Sheep, ram",number,True,True,False,True,False,True,False,True,True,False,True,True,True,True,True,True,False,False,False
spnubbolkokv,Green farming system,"Permanent pasture - Rothamsted Research - West Devon, United Kingdom - Green farming system",permanent pasture,United Kingdom - West Devon,csz4s_jq7j9p,Green-2015,non-verified survey data,relative,lfvrcxbnt18h,10.1111/ejss.12350,"The North Wyke Farm Platform: effect of temperate grassland farming systems on soil moisture contents, runoff and associated water quality dynamics",The North Wyke Farm Platform is a UK National Bioscience Research Infrastructure (NBRI) supported by the Biotechnology and Biological Sciences Research Council (BBS/E/RH/23NB0008).,,,,,"Sheep, ram - United Kingdom - 2016-01-01",economic,"Sheep, ram",number,True,True,False,True,False,True,False,True,True,False,True,True,True,True,True,True,False,False,False
kczoxwh_hkny,,"Animal housing - G-No - Normandie, France",animal housing,France - Normandie,8dtg_nh_hqu7,"Grass only in forage area, Normande breed. Annual milk production cycle, including all grazing and animal housing components.",consistent external sources,relative,pusvmnivm1zy,10.1016/j.jenvman.2013.01.028,"Effect of dairy production system, breed and co-product handling methods on environmental impacts at farm level","Linseed cultivation taken by authors from Nguyen (2012), original data from France. Linseed processing from Bacenetti (2017), selected by us as a proxy. Authors have used daSilva for soybean cultivation data and dalgaard for soybean processing. Given these data are just proxies, we decided to omit them and just specify that the soybean meal is from Brazil.",,,,,"Dairy cattle, heifer - France - 2011",economic,"Dairy cattle, heifer",number,True,True,True,True,False,True,True,True,True,False,False,True,True,True,True,True,False,True,False
adwr0a2eywpf,,Animal housing - Czech Republic,animal housing,Czech Republic,aw5rnedh_odk,Free range production system for egg production from laying hens,consistent external sources,relative,s1krqknyo6_b,10.3390/agriculture12030355,Environmental Impacts of Egg Production from a Life Cycle Perspective,Assumes endDate is 2 years before publication,,,,,Layer chicken - Czech Republic - 2020,economic,Layer chicken,number,True,True,True,True,False,True,True,True,True,False,False,True,False,False,True,True,False,False,True
gkzvh5qiabmk,Blue farming system,"Permanent pasture - Rothamsted Research - West Devon, United Kingdom - Blue farming system",permanent pasture,United Kingdom - West Devon,p0ly_vu3zub2,Blue-2015,non-verified survey data,relative,lfvrcxbnt18h,10.1111/ejss.12350,"The North Wyke Farm Platform: effect of temperate grassland farming systems on soil moisture contents, runoff and associated water quality dynamics",The North Wyke Farm Platform is a UK National Bioscience Research Infrastructure (NBRI) supported by the Biotechnology and Biological Sciences Research Council (BBS/E/RH/23NB0008).,,,,,"Beef cattle, calf (male, weaned) - United Kingdom - 2016-01-01",economic,"Beef cattle, calf (male, weaned)",number,True,True,False,True,False,True,False,True,True,False,True,True,True,True,True,True,False,False,False
gkzvh5qiabmk,Blue farming system,"Permanent pasture - Rothamsted Research - West Devon, United Kingdom - Blue farming system",permanent pasture,United Kingdom - West Devon,p0ly_vu3zub2,Blue-2015,non-verified survey data,relative,lfvrcxbnt18h,10.1111/ejss.12350,"The North Wyke Farm Platform: effect of temperate grassland farming systems on soil moisture contents, runoff and associated water quality dynamics",The North Wyke Farm Platform is a UK National Bioscience Research Infrastructure (NBRI) supported by the Biotechnology and Biological Sciences Research Council (BBS/E/RH/23NB0008).,,,,,"Sheep, lamb - United Kingdom - 2016-01-01",economic,"Sheep, lamb",number,True,True,False,True,False,True,False,True,True,False,True,True,True,True,True,True,False,False,False
clmvhdpxenjk,,Permanent pasture - United Kingdom,permanent pasture,United Kingdom,6thxgdov8dqp,Average annual production cycle of 12 upland sheep farms across England and Wales.,non-verified survey data,relative,mroy2usjfur5,10.1016/j.agsy.2013.09.006,The carbon footprint of lamb: Sources of variation and opportunities for mitigation,The split between pasture and housing (and thus the 2 different excreta mangement practices) in each of the three systems is based on assumption.,,,,,"Sheep, lamb - United Kingdom - 2011",economic,"Sheep, lamb",number,True,True,False,False,False,True,False,True,True,False,False,False,False,True,True,False,False,False,False
spnubbolkokv,Green farming system,"Permanent pasture - Rothamsted Research - West Devon, United Kingdom - Green farming system",permanent pasture,United Kingdom - West Devon,qcf3-xhswwq6,Green-2019,non-verified survey data,relative,lfvrcxbnt18h,10.1111/ejss.12350,"The North Wyke Farm Platform: effect of temperate grassland farming systems on soil moisture contents, runoff and associated water quality dynamics",The North Wyke Farm Platform is a UK National Bioscience Research Infrastructure (NBRI) supported by the Biotechnology and Biological Sciences Research Council (BBS/E/RH/23NB0008).,,,,,"Beef cattle, calf (male, weaned) - United Kingdom - 2020-01-01",economic,"Beef cattle, calf (male, weaned)",number,True,True,False,True,False,True,False,True,True,False,True,True,True,True,True,True,False,False,False
otrdoo430x42,,Animal housing - Italy,animal housing,Italy,w7bff-y5wzbj,"Mountainous Farms - representative of farms located in Alpine mountain areas that produce milk destined for the Trentingrana cheese making. For this farm system, silage feed was not allowed. The cattle were fed without silage feed and protein ingredients, but mainly with forage and compound feed, with small amounts of alfalfa and corn feed. The herd grazed for four months during the summer season, except for the calves.",non-verified survey data,relative,jix42tsxvioy,10.1016/j.spc.2023.02.012,The environmental impact of permanent meadows-based farms: A comparison among different dairy farm management systems of an Italian cheese,,,,,,"Milk, cow, raw (FPCM) - Italy - 2019",biophysical,"Milk, cow, raw (FPCM)",kg FPCM,True,True,True,True,True,True,True,True,True,False,False,True,False,True,True,True,False,False,True
ybs2rwpxp-1y,,Animal housing - Canada,animal housing,Canada,d0d8kg97qfvr,"In single-tier free run systems, hens live either directly on the floor or within an aviary structure, with access to perches, nest and scratch areas, and other enrichments.",non-verified survey data,relative,suyept760iy4,10.1016/j.resconrec.2021.105907,Life cycle assessment of contemporary Canadian egg production systems during the transition from conventional cage to alternative housing systems: Update and analysis of trends and conditions,,,,,,"Meat, chicken (liveweight) - Canada - 2019",economic,"Meat, chicken (liveweight)",kg liveweight,True,True,True,True,True,True,True,True,True,False,False,True,False,True,True,True,False,False,True
8mgylqwuitay,,Animal housing - Canada,animal housing,Canada,k6jykw5e9clk,,non-verified survey data,relative,5wkskew6jvfz,10.1016/j.jclepro.2017.03.050,"Life cycle assessment of Canadian egg products, with differentiation by hen housing system type",,,,,,"Eggs, hen, in shell - Canada - 2012",biophysical,"Eggs, hen, in shell",kg,True,True,True,True,True,True,True,True,True,False,False,True,False,True,True,True,False,False,True
gemjli2gkang,,"Agri-food processor - Bretagne (Région), France",agri-food processor,"France - Bretagne (Région), France",ubijyqazgge9,France - animal to meat slaughter cycle,consistent external sources,relative,d5kbxxbrujd0,10.1016/j.jenvman.2013.12.011,Environmental impacts of French and Brazilian broiler chicken production scenarios: An LCA approach,,,,,,"Meat, chicken (cold carcass weight) - France - 2011",economic,"Meat, chicken (cold carcass weight)",kg cold carcass weight,True,True,True,False,True,True,True,True,True,False,False,True,True,True,True,True,True,False,True
egk-awjso3vi,"Mate Grosso country (Agua Boa, Altra Floresta, Caceres, Castanhiera, Itauba, Juara, Nova Canaa do Norte, Paranatinga, Tangra da Serra, Vila Bela da S.Trindade, Vila Rica)","Agri-food processor - Mato Grosso (Estado), Brazil - Mate Grosso country (Agua Boa,...",agri-food processor,"Brazil - Mato Grosso (Estado), Brazil",6mfwidunumjc,"Meat, beef (carcass-weight) - Mate Grosso country (Agua Boa, Altra Floresta, Caceres, Castanhiera, Itauba, Juara, Nova Canaa do Norte, Paranatinga, Tangra da Serra, Vila Bela da S.Trindade, Vila Rica)",non-verified survey data,relative,vzffcjoouhcg,10.1016/j.jclepro.2015.10.072,Assessing the carbon footprint of beef cattle in Brazil: A case study with 22 farms in the State of Mato Grosso,,,,,,"Meat, beef cattle (cold carcass weight) - Brazil - 2011",none required,"Meat, beef cattle (cold carcass weight)",kg cold carcass weight,True,False,True,True,True,True,True,True,True,True,True,True,True,True,True,True,False,False,True
vdg5bgnd3hl2,Red farming system,"Permanent pasture - Rothamsted Research - West Devon, United Kingdom - Red farming system",permanent pasture,United Kingdom - West Devon,ky_kuf7n9vbf,Red-2014,non-verified survey data,relative,lfvrcxbnt18h,10.1111/ejss.12350,"The North Wyke Farm Platform: effect of temperate grassland farming systems on soil moisture contents, runoff and associated water quality dynamics",The North Wyke Farm Platform is a UK National Bioscience Research Infrastructure (NBRI) supported by the Biotechnology and Biological Sciences Research Council (BBS/E/RH/23NB0008).,,,,,"Sheep, lamb - United Kingdom - 2015-01-01",economic,"Sheep, lamb",number,True,True,False,True,False,True,False,True,True,False,True,True,True,True,True,True,False,False,False
5y9hicsuayer,Site is a combination of both the summer (mountain) and winter (dehesa) grazing sites. Area is cumulative of these sites and the altitude and temperature are assumed to be averaged across them.,Permanent pasture - Spain - Site is a combination of both ...,permanent pasture,Spain,v2d9gviqwkbc,Annual cycle of transhumant lamb farm in Albarracin (transhumance of herd to summer farm carried out on foot),non-verified survey data,relative,av57dkzgzdv6,10.1007/s11367-023-02135-3,Carbon footprint of transhumant sheep farms: accounting for natural baseline emissions in Mediterranean systems,"Cycles SED2, THT4 and THF4 have much lower DMI values per animal than the other cycles with no clear reason why; they may be errors.",,,,,"Sheep, lamb - Spain - 2009",economic,"Sheep, lamb",number,True,False,True,True,False,True,True,True,False,False,False,True,True,True,True,True,False,False,False
spnubbolkokv,Green farming system,"Permanent pasture - Rothamsted Research - West Devon, United Kingdom - Green farming system",permanent pasture,United Kingdom - West Devon,xabfy9qyfjme,Green-2018,non-verified survey data,relative,lfvrcxbnt18h,10.1111/ejss.12350,"The North Wyke Farm Platform: effect of temperate grassland farming systems on soil moisture contents, runoff and associated water quality dynamics",The North Wyke Farm Platform is a UK National Bioscience Research Infrastructure (NBRI) supported by the Biotechnology and Biological Sciences Research Council (BBS/E/RH/23NB0008).,,,,,"Beef cattle, calf (female, weaned) - United Kingdom - 2019-01-01",economic,"Beef cattle, calf (female, weaned)",number,True,True,False,True,False,True,False,True,True,False,True,True,True,True,True,True,False,False,False
otrdoo430x42,,Animal housing - Italy,animal housing,Italy,fpqefde7n94s,"Small Plain Farms - representative of farms similar in herd size and milk yield per cow to the Mountain ones but located in the Po plain that produce milk for Grana Padano cheese. The feed management was the same as in NIRF, and the cattle were not allowed to graze.",non-verified survey data,relative,jix42tsxvioy,10.1016/j.spc.2023.02.012,The environmental impact of permanent meadows-based farms: A comparison among different dairy farm management systems of an Italian cheese,,,,,,"Milk, cow, raw (FPCM) - Italy - 2019",biophysical,"Milk, cow, raw (FPCM)",kg FPCM,True,True,True,True,True,True,True,True,True,False,False,True,False,True,True,True,False,False,True
yd6dxlkx5ocz,,Animal housing - Mixed_farm - Poland,animal housing,Poland,tl391bvonfve,,non-verified survey data,relative,ratfvc5sc2zo,10.35808/ersj/2002,Eco-efficiency of milk production in Poland using the life cycle assessment methodologies,,,,,,"Meat, dairy cattle (liveweight) - Poland - 2018",economic,"Meat, dairy cattle (liveweight)",kg liveweight,True,True,True,True,False,True,True,True,True,True,False,True,False,True,True,True,False,False,True
qdxwubt2gkmu,,Animal housing - Kipster - Netherlands,animal housing,Netherlands,j52mh9lipbzl,Kipster-Laying hens scenario 2,consistent external sources,relative,j2jbf7nfmep-,10.1016/j.jclepro.2019.118241,Accounting for feed-food competition in environmental impact assessment: Towards a resource efficient food-system,,,,,,"Layer chicken, hen - Netherlands - 2017",economic,"Layer chicken, hen",number,True,True,True,True,True,True,True,True,True,False,False,True,False,True,True,True,False,False,False
sso678ua5lwh,,Permanent pasture - Irish lowland sheep farm - Ireland,permanent pasture,Ireland,5kkx3t5hui84,Production cycle from sheep flock of high genetic merit (ewes in the top 20% of animals for the replacement index bred with rams in the top 20% of both replacement and terminal indices).,modelled,relative,zbwr_kpj1nsn,10.1016/j.agsy.2022.103467,"Modelling the production, profit, and greenhouse gas emissions of Irish sheep flocks divergent in genetic merit",,,,,,"Sheep, ewe - Ireland - 2020",economic,"Sheep, ewe",number,True,True,True,False,False,True,True,True,False,False,False,True,False,False,False,False,False,False,False
zoanpgaubg-a,,Animal housing - Netherlands,animal housing,Netherlands,dm3yroz2-eje,Production of pigs for pork,inconsistent external sources,relative,zggopfg9ggrc,10.1080/15693430412331291652,Protein Chains and Environmental Pressures: A Comparison of Pork and Novel Protein Foods,,,,,,Pig - Netherlands - 2008,none required,Pig,number,True,True,True,False,False,True,True,True,True,False,False,False,False,True,True,True,False,False,True
70at1-aougd-,,"Permanent pasture - Animal & Grass-land Research and Innovation Centre -TEAGASC - Meath, Ireland",permanent pasture,Ireland - Meath,kxoi-rhaminc,"Early maturing suckler bred bull weanlings of breeds of Aberdeen Angus and Hereford sired, kept in housing to begin with and then moved to pasture befor being rehoused and then slaughtered at 24 months of age.",physical measurement,relative,adq-l4cpvkng,10.1016/j.animal.2021.100247,Life cycle assessment of pasture-based suckler steer weanling-to-beef production systems: Effect of breed and slaughter age,,,,,,"Beef cattle, steer - United Kingdom - 2017",none,"Beef cattle, steer",number,True,True,False,False,True,True,False,True,True,False,False,True,False,True,True,True,False,True,False
vdg5bgnd3hl2,Red farming system,"Permanent pasture - Rothamsted Research - West Devon, United Kingdom - Red farming system",permanent pasture,United Kingdom - West Devon,tu8q-gl2qh5f,Red-2022,non-verified survey data,relative,lfvrcxbnt18h,10.1111/ejss.12350,"The North Wyke Farm Platform: effect of temperate grassland farming systems on soil moisture contents, runoff and associated water quality dynamics",The North Wyke Farm Platform is a UK National Bioscience Research Infrastructure (NBRI) supported by the Biotechnology and Biological Sciences Research Council (BBS/E/RH/23NB0008).,,,,,"Beef cattle, calf (male, weaned) - United Kingdom - 2023-01-01",economic,"Beef cattle, calf (male, weaned)",number,True,True,False,True,False,True,False,True,True,False,True,True,True,True,True,True,False,False,False
clmvhdpxenjk,,Permanent pasture - United Kingdom,permanent pasture,United Kingdom,6thxgdov8dqp,Average annual production cycle of 12 upland sheep farms across England and Wales.,non-verified survey data,relative,mroy2usjfur5,10.1016/j.agsy.2013.09.006,The carbon footprint of lamb: Sources of variation and opportunities for mitigation,The split between pasture and housing (and thus the 2 different excreta mangement practices) in each of the three systems is based on assumption.,,,,,"Sheep, ewe - United Kingdom - 2011",economic,"Sheep, ewe",number,True,True,False,False,False,True,False,True,True,False,False,False,False,True,True,False,False,False,False
6mhksqasil3_,,"Animal housing - Schleswig-Holstein, Germany",animal housing,Germany - Schleswig-Holstein,943ir1_6zcmf,Sow and piglet,non-verified survey data,relative,4-jkm6jpxppo,,Schweinereport 2014,A series of pig reports.,,,,,"Pig, piglet - Germany - 2014",economic,"Pig, piglet",number,True,True,True,False,False,True,True,True,True,False,False,True,False,True,True,True,False,False,False
jz7lt-giovpn,,,,,lyprmumr2wpt,"Annual cycle of an alternative cow-calf production system in the Charolais basin, in which cattle are fed wrapped grass silage, in order to increase their omega-3 fatty acid intake. This consists of three components: 1) Reproduction, output of which = weaned male calves, weaned female calves not used for replacement cull cows, cull cows and a breeding bull. 2) Rearing female calves from weaning (9 months) to finishing at 33 months. 3) Finishing of cull cows, i.e. fattened before sending to the slaughterhouse. Both St and O3 are classified as extensive systems with 7.5 months grazing from April to November. The grazed area consists of 88% permanent versus 12% temporary grassland - this has been used to calculate the relative time spent on permanent versus temporary grassland during those 7.5 months of grazing.",modelled,relative,2uaxgmjzmtai,10.1016/j.livsci.2012.02.010,Effects of type of ration and allocation methods on the environmental impacts of beef-production systems,"Authors have used daSilva for soybean cultivation data and dalgaard for soybean processing. Given these data are just proxies, we decided to omit them and just specify that the soybean meal is from Brazil.",,,,,"Beef cattle, bull - France - 2010",economic,"Beef cattle, bull",number,True,True,True,True,False,True,True,True,True,False,False,True,False,True,True,True,False,False,False
1-ri-v_qqxe_,,"Animal housing - Paraná (Estado), Brazil",animal housing,"Brazil - Paraná (Estado), Brazil",swp9hf4aqen5,"Aggregate cycle representing data from 4 farms in the Central-East mesoregion on Parana in 2019, all producing milk under a full confinement system",verified survey data,relative,v9neu-ph4e_r,10.1016/j.jclepro.2022.133067,An analysis of Brazilian raw cow milk production systems and environmental product declarations of whole milk,Herd composition is missing from this study.,,,,,"Milk, cow, raw (FPCM) - Brazil - 2019",none,"Milk, cow, raw (FPCM)",kg FPCM,True,False,True,True,True,True,True,True,True,False,False,True,False,True,False,True,False,False,True
8uksf_edehde,,Animal housing - Milk_farm - Poland,animal housing,Poland,5xp8mg03sis_,,non-verified survey data,relative,ratfvc5sc2zo,10.35808/ersj/2002,Eco-efficiency of milk production in Poland using the life cycle assessment methodologies,,,,,,"Milk, cow, raw (FPCM) - Poland - 2018",energy,"Milk, cow, raw (FPCM)",kg FPCM,True,True,True,True,False,True,True,True,True,True,False,True,False,True,True,True,False,False,True
qxfn_m_vbtfo,,Permanent pasture - United Kingdom,permanent pasture,United Kingdom,0gqfb5mia9m7,"Cycle to reflect standard practice of beef production in the UK. It represents a fully integrated system, where production of replacement stock and finishing of production stock takes place on the same enterprise.",consistent external sources,relative,x--pwvqu1uzz,10.1016/j.jclepro.2019.06.171,Understanding uncertainty in the carbon footprint of beef production,"Recorded GWP value - unlear whether the ""per kg LW"" FU quoted for the figure given in the text refers to liveweight of both finished and cull cattle, or just the finished steers. Suckling calves and finishing animals from 13 to 19 months were at pasture and did not require fed rations. All other animal classes spent 5 months housed (and 7 months at pasture).",,,,,"Beef cattle, steer - United Kingdom - 2017",mass,"Beef cattle, steer",number,True,True,True,True,False,False,False,True,True,False,False,True,False,True,False,True,False,False,False
tikpppyuepia,"Slaughterhouse the chicken slaughterhouse starting from receiving broiler for throat slaughtering, plucking, evisceration, cleaning and slaughtering to obtain fresh chicken meat. There are both mechanical and human processes used in chicken slaughter.",Agri-food processor - Thailand - Slaughterhouse the chicken sla...,agri-food processor,Thailand,_eipnjwypu1j,Slaughterhouse,verified survey data,relative,ukwx4hsnmu5v,,Life Cycle Greenhouse Gases Emissions of Processed Frozen Chicken,,,,,,"Meat, chicken (cold carcass weight) - Thailand - 2017",none required,"Meat, chicken (cold carcass weight)",kg cold carcass weight,True,True,True,True,True,True,True,True,True,False,False,True,True,True,True,True,False,False,True
dsaoyy4wy0ab,,Animal housing - Canada,animal housing,Canada,6xojznenwkax,,non-verified survey data,relative,5wkskew6jvfz,10.1016/j.jclepro.2017.03.050,"Life cycle assessment of Canadian egg products, with differentiation by hen housing system type",,,,,,"Meat, chicken (liveweight) - Canada - 2012",economic,"Meat, chicken (liveweight)",kg liveweight,True,True,True,True,True,True,True,True,True,False,False,True,False,True,True,True,False,False,True
kipxplzoax-p,,"Animal housing - Queensland, Australia",animal housing,Australia - Queensland,k640hue4ht4r,This cycle represents the inventory for grower/finisher pig production in the Northern supply chain.,verified survey data,relative,_mtpo6ilytlr,,Environmental Assessment of Two Pork Supply Chains Using Life Cycle Assessment,,,,,,Pig - Australia - 2008,economic,Pig,number,True,True,True,True,True,True,True,True,True,True,False,False,False,True,True,True,False,False,True
t3rypgie6gl5,Slaughterhouse,Agri-food processor - Denmark - Slaughterhouse,agri-food processor,Denmark,_z7ablmjkier,Slaughter-2012,non-verified survey data,relative,wcfuerr47b3k,,LANDSGENNEMSNIT FOR PRODUKTIVITET SVINEPRODUKTIONEN 2016,,,,,,"Meat, pig (cold dressed carcass weight) - Denmark - 2012",none required,"Meat, pig (cold dressed carcass weight)",kg cold dressed carcass weight,True,True,True,False,False,True,True,True,True,False,False,True,True,True,True,True,False,False,False
5rrt-xu5ayne,,"Permanent pasture - Animal & Grass-land Research and Innovation Centre -TEAGASC - Meath, Ireland",permanent pasture,Ireland - Meath,77otz7cjz-or,"Early maturing suckler bred bull weanlings breeds of Aberdeen Angus and Hereford sired, kept in housing to begin with and then moved to pasture before being slaughtered at 20 months of age.",physical measurement,relative,adq-l4cpvkng,10.1016/j.animal.2021.100247,Life cycle assessment of pasture-based suckler steer weanling-to-beef production systems: Effect of breed and slaughter age,,,,,,"Beef cattle, steer - United Kingdom - 2016",none,"Beef cattle, steer",number,True,True,False,False,True,True,False,True,True,False,False,True,False,True,True,True,False,True,False
oxgnhzxfztiw,,"Permanent pasture - Sardegna, Italy",permanent pasture,Italy - Sardegna,gki0rg5htygn,"Pluriparous ewes chosen for assessment, lambing concentrated in mid-November. Separated system with high supplementation (SS-HS), in which mothers were not followed by suckling lambs during the grazing time (suckling lambs remained indoors) and they received a high dose of supplement (600 g/d of concentrate).",physical measurement,relative,mmjqpffwvz8g,10.3390/ani11123605,Effect of suckling management and ewe concentrate level on methane-related carbon footprint of lamb meat in sardinian dairy sheep farming,,,,,,"Sheep, lamb (male, unweaned) - Italy - 2017-12-13",economic,"Sheep, lamb (male, unweaned)",number,False,True,True,False,False,True,False,True,True,False,False,True,True,True,True,True,False,False,False
e75fubylmiau,Field trial,"Permanent pasture - Itabela (Município), Bahia, Brazil - Field trial",permanent pasture,"Brazil - Itabela (Município), Bahia, Brazil",dwijc46l_unv,T1,non-verified survey data,relative,_hx1rkzual0i,10.21475/ajcs.23.17.04.p3824,"The influence of tropical pasture improvement on animal performance, nitrogen cycling, and greenhouse gas emissions in the Brazilian Atlantic Forest",What about the fertilising data re pasture do we want this or not?,,,,,"Beef cattle, heifer - Brazil - 2017-11",economic,"Beef cattle, heifer",number,True,True,True,True,True,True,True,True,False,False,False,True,False,True,True,True,False,False,False
vdg5bgnd3hl2,Red farming system,"Permanent pasture - Rothamsted Research - West Devon, United Kingdom - Red farming system",permanent pasture,United Kingdom - West Devon,d4omhedd1gdc,Red-2016,non-verified survey data,relative,lfvrcxbnt18h,10.1111/ejss.12350,"The North Wyke Farm Platform: effect of temperate grassland farming systems on soil moisture contents, runoff and associated water quality dynamics",The North Wyke Farm Platform is a UK National Bioscience Research Infrastructure (NBRI) supported by the Biotechnology and Biological Sciences Research Council (BBS/E/RH/23NB0008).,,,,,"Sheep, ewe - United Kingdom - 2016-12-31",economic,"Sheep, ewe",number,True,True,False,True,False,True,False,True,True,False,True,True,True,True,True,True,False,False,False
zr7vlxrtgqv2,,"Permanent pasture - Albarracín, Spain",permanent pasture,Spain - Albarracín,b3danvq4g8ec,Annual cycle of sedentary lamb farm in Albarracin (no transhumance),non-verified survey data,relative,av57dkzgzdv6,10.1007/s11367-023-02135-3,Carbon footprint of transhumant sheep farms: accounting for natural baseline emissions in Mediterranean systems,"Cycles SED2, THT4 and THF4 have much lower DMI values per animal than the other cycles with no clear reason why; they may be errors.",,,,,"Wool, sheep (greasy) - Spain - 2009",economic,"Wool, sheep (greasy)",kg,True,False,True,True,False,True,True,True,False,False,False,True,True,True,True,True,False,False,False
xeaoheutivun,Egg incubation.,Animal housing - Thailand - Egg incubation.,animal housing,Thailand,r_t_xqguiqfy,Hatchery farm,verified survey data,relative,ukwx4hsnmu5v,,Life Cycle Greenhouse Gases Emissions of Processed Frozen Chicken,,,,,,"Broiler chicken, chick - Thailand - 2017",none required,"Broiler chicken, chick",number,True,True,True,True,False,True,True,True,True,False,False,True,False,True,True,True,False,False,True
qzff9yt9fzxq,,Permanent pasture - Italy,permanent pasture,Italy,ntv4icbvlye7,Semi-extensive sheep grazing cycle in the Alps.,non-verified survey data,relative,dy6dujvbj6x0,10.3389/fvets.2020.00651,A New Approach to LCA Evaluation of Lamb Meat Production in Two Different Breeding Systems in Northern Italy,,,,,,"Sheep, lamb (weaned) - Italy - 2018",none required,"Sheep, lamb (weaned)",number,True,True,True,False,False,False,False,True,True,False,False,True,False,True,True,True,False,False,False
vdg5bgnd3hl2,Red farming system,"Permanent pasture - Rothamsted Research - West Devon, United Kingdom - Red farming system",permanent pasture,United Kingdom - West Devon,d4omhedd1gdc,Red-2016,non-verified survey data,relative,lfvrcxbnt18h,10.1111/ejss.12350,"The North Wyke Farm Platform: effect of temperate grassland farming systems on soil moisture contents, runoff and associated water quality dynamics",The North Wyke Farm Platform is a UK National Bioscience Research Infrastructure (NBRI) supported by the Biotechnology and Biological Sciences Research Council (BBS/E/RH/23NB0008).,,,,,"Sheep, lamb (weaned) - United Kingdom - 2016-12-31",economic,"Sheep, lamb (weaned)",number,True,True,False,True,False,True,False,True,True,False,True,True,True,True,True,True,False,False,False
xjqjlhniejkw,Site is a combination of both the summer (mountain) and winter (dehesa) grazing sites. Area is cumulative of these sites and the altitude and temperature are assumed to be averaged across them.,Permanent pasture - Spain - Site is a combination of both ...,permanent pasture,Spain,6rrjtlrsa03s,Annual cycle of transhumant lamb farm in Albarracin (transhumance of herd to summer farm carried out by truck),non-verified survey data,relative,av57dkzgzdv6,10.1007/s11367-023-02135-3,Carbon footprint of transhumant sheep farms: accounting for natural baseline emissions in Mediterranean systems,"Cycles SED2, THT4 and THF4 have much lower DMI values per animal than the other cycles with no clear reason why; they may be errors.",,,,,"Wool, sheep (greasy) - Spain - 2009",economic,"Wool, sheep (greasy)",kg,True,False,True,True,False,True,True,True,False,False,False,True,True,True,True,True,False,False,False
uqvegah4bhd6,,Permanent pasture - Ireland,permanent pasture,Ireland,wt3un0qhnddo,Average cycle of 26 hill farms.,consistent external sources,relative,othg_d-xdppv,10.1016/j.agsy.2016.07.004,A life cycle assessment of the effect of intensification on the environmental impacts and resource use of grass-based sheep farming,,,,,,"Wool, sheep (greasy) - Ireland - 2013",economic,"Wool, sheep (greasy)",kg,True,True,True,True,False,True,True,True,True,False,False,True,False,True,True,False,False,False,False
umbyyjm_ka-q,Site is a combination of both the summer (mountain) and winter (dehesa) grazing sites. Area is cumulative of these sites and the altitude and temperature are assumed to be averaged across them.,Permanent pasture - Spain - Site is a combination of both ...,permanent pasture,Spain,nutimaqzsrnj,Annual cycle of transhumant lamb farm in Albarracin (transhumance of herd to summer farm carried out on foot),non-verified survey data,relative,av57dkzgzdv6,10.1007/s11367-023-02135-3,Carbon footprint of transhumant sheep farms: accounting for natural baseline emissions in Mediterranean systems,"Cycles SED2, THT4 and THF4 have much lower DMI values per animal than the other cycles with no clear reason why; they may be errors.",,,,,"Sheep, ewe - Spain - 2009",economic,"Sheep, ewe",number,True,False,True,True,False,True,True,True,False,False,False,True,True,True,True,True,False,False,False
qxnrlu27y2fk,,Animal housing - China,animal housing,China,dvqz7dqmrihh,,non-verified survey data,relative,vxjctf4iuqg3,10.1016/j.scitotenv.2017.12.259,"Environmental impacts and resource use of milk production on the North China Plain, based on life cycle assessment",,,,,,"Dairy cattle, cow - China - 2016",economic,"Dairy cattle, cow",number,True,False,True,True,False,True,True,True,True,False,False,True,False,True,True,True,True,False,True
gkzvh5qiabmk,Blue farming system,"Permanent pasture - Rothamsted Research - West Devon, United Kingdom - Blue farming system",permanent pasture,United Kingdom - West Devon,uhd_i2x10588,Blue-2021,non-verified survey data,relative,lfvrcxbnt18h,10.1111/ejss.12350,"The North Wyke Farm Platform: effect of temperate grassland farming systems on soil moisture contents, runoff and associated water quality dynamics",The North Wyke Farm Platform is a UK National Bioscience Research Infrastructure (NBRI) supported by the Biotechnology and Biological Sciences Research Council (BBS/E/RH/23NB0008).,,,,,"Sheep, lamb (weaned) - United Kingdom - 2022-01-01",economic,"Sheep, lamb (weaned)",number,True,True,False,True,False,True,False,True,True,False,True,True,True,True,True,True,False,False,False
gkzvh5qiabmk,Blue farming system,"Permanent pasture - Rothamsted Research - West Devon, United Kingdom - Blue farming system",permanent pasture,United Kingdom - West Devon,s0c-4lhytwh3,Blue-2022,non-verified survey data,relative,lfvrcxbnt18h,10.1111/ejss.12350,"The North Wyke Farm Platform: effect of temperate grassland farming systems on soil moisture contents, runoff and associated water quality dynamics",The North Wyke Farm Platform is a UK National Bioscience Research Infrastructure (NBRI) supported by the Biotechnology and Biological Sciences Research Council (BBS/E/RH/23NB0008).,,,,,"Beef cattle, calf (male, weaned) - United Kingdom - 2023-01-01",economic,"Beef cattle, calf (male, weaned)",number,True,True,False,True,False,True,False,True,True,False,True,True,True,True,True,True,False,False,False
i1haki7xxz4s,,Animal housing - Czech Republic,animal housing,Czech Republic,szmynfxot2tn,Organic production system for egg production from laying hens,non-verified survey data,relative,s1krqknyo6_b,10.3390/agriculture12030355,Environmental Impacts of Egg Production from a Life Cycle Perspective,Assumes endDate is 2 years before publication,,,,,Layer chicken - Czech Republic - 2020,economic,Layer chicken,number,True,True,True,True,False,True,True,True,True,False,False,True,False,False,True,True,False,False,True
spnubbolkokv,Green farming system,"Permanent pasture - Rothamsted Research - West Devon, United Kingdom - Green farming system",permanent pasture,United Kingdom - West Devon,okex4zxuxtx8,Green-2021,non-verified survey data,relative,lfvrcxbnt18h,10.1111/ejss.12350,"The North Wyke Farm Platform: effect of temperate grassland farming systems on soil moisture contents, runoff and associated water quality dynamics",The North Wyke Farm Platform is a UK National Bioscience Research Infrastructure (NBRI) supported by the Biotechnology and Biological Sciences Research Council (BBS/E/RH/23NB0008).,,,,,"Beef cattle, steer - United Kingdom - 2022-01-01",economic,"Beef cattle, steer",number,True,True,False,True,False,True,False,True,True,False,True,True,True,True,True,True,False,False,False
spnubbolkokv,Green farming system,"Permanent pasture - Rothamsted Research - West Devon, United Kingdom - Green farming system",permanent pasture,United Kingdom - West Devon,xabfy9qyfjme,Green-2018,non-verified survey data,relative,lfvrcxbnt18h,10.1111/ejss.12350,"The North Wyke Farm Platform: effect of temperate grassland farming systems on soil moisture contents, runoff and associated water quality dynamics",The North Wyke Farm Platform is a UK National Bioscience Research Infrastructure (NBRI) supported by the Biotechnology and Biological Sciences Research Council (BBS/E/RH/23NB0008).,,,,,"Sheep, ewe - United Kingdom - 2019-01-01",economic,"Sheep, ewe",number,True,True,False,True,False,True,False,True,True,False,True,True,True,True,True,True,False,False,False
g5jmx4ojah1i,,"Permanent pasture - Teagasc Animal and Grassland Research and Innovation Centre - Cork (Traditional County), Ireland",permanent pasture,"Ireland - Cork (Traditional County), Ireland",fech-ba3-h6y,,verified survey data,relative,w6ztm8yfvjxy,10.3168/jds.2020-19077,The simulated environmental impact of incorporating white clover into pasture-based dairy production systems,Animal Population is an estimate based on livestock units - the exact numbers of different animals in the herd were not given.,,,,,"Meat, dairy cattle (liveweight) - Ireland - 2016",economic,"Meat, dairy cattle (liveweight)",kg liveweight,True,True,True,True,False,True,False,True,True,False,False,True,False,True,False,True,False,False,False
wmubbtsf6vrm,An average UK system,Permanent pasture - United Kingdom - An average UK system,permanent pasture,United Kingdom,ks-0xxorlzjs,based on a stocking density of two 650kg dairy cows per hectare and includes an allowance for followers. inventory is based on cows being housed for 250 days and outdoors for 115 days,consistent external sources,1 ha,u5chsa8hb0xd,10.13140/RG.2.2.19874.89280,Environmental footprint and sustainability of horticulture (including potatoes)–A comparison with other agricultural sectors,"The study is very unclear about what is actually happening in the Lincolnshire farm (page 59 onwards). Given the site area is different and the years of harvest do not match with the given rotation order, we assumed the crops are not actually in a rotation.",,,,,"Hides, dairy cattle, fresh - United Kingdom - 2006",economic,"Hides, dairy cattle, fresh",kg,True,True,False,True,True,True,True,True,True,False,True,True,True,True,True,True,True,True,True
cyghuxk9zbfy,,Animal housing - United Kingdom,animal housing,United Kingdom,0dmazf5pwy_5,"Cycle represents all inputs associated with the rearing of all chicks, pullets and layer hens in order to produce 1000kg of eggs in caged housing systems.",modelled,relative,fwy8ntyofqew,10.3382/ps.2011-01635,Predicting the environmental impacts of chicken systems in the united kingdom through a life cycle assessment: Egg production systems,Assuming Eutrophication potential is calculated with CML2001 Baseline method (although this is not clearly specified in the study).,,,,,"Eggs, hen, in shell - United Kingdom - 2010",economic,"Eggs, hen, in shell",kg,True,True,True,True,False,True,True,True,True,False,False,True,False,True,True,True,False,False,True
3p10nmsbvh1y,Slaughterhouse,Agri-food processor - Germany - Slaughterhouse,agri-food processor,Germany,juxuv7--nt0u,Slaughter Germany Organic,consistent external sources,relative,w3hq1dphy7wy,,Carbon footprints of conventional and organic pork,"They have included information from lots of different sources, for this reason I have not inlcuded the information regarding crop production (only feed composition) because some of these products we already have the sources.",,,,,"Meat, pig (cold dressed carcass weight) - Germany - 2007",none required,"Meat, pig (cold dressed carcass weight)",kg cold dressed carcass weight,True,True,True,False,True,True,True,True,True,False,False,False,True,True,True,True,False,False,False
vdg5bgnd3hl2,Red farming system,"Permanent pasture - Rothamsted Research - West Devon, United Kingdom - Red farming system",permanent pasture,United Kingdom - West Devon,jpk1ouydzrlf,Red-2015,non-verified survey data,relative,lfvrcxbnt18h,10.1111/ejss.12350,"The North Wyke Farm Platform: effect of temperate grassland farming systems on soil moisture contents, runoff and associated water quality dynamics",The North Wyke Farm Platform is a UK National Bioscience Research Infrastructure (NBRI) supported by the Biotechnology and Biological Sciences Research Council (BBS/E/RH/23NB0008).,,,,,"Sheep, ram - United Kingdom - 2016-01-01",economic,"Sheep, ram",number,True,True,False,True,False,True,False,True,True,False,True,True,True,True,True,True,False,False,False
gkzvh5qiabmk,Blue farming system,"Permanent pasture - Rothamsted Research - West Devon, United Kingdom - Blue farming system",permanent pasture,United Kingdom - West Devon,9_2i-uijctrd,Blue-2020,non-verified survey data,relative,lfvrcxbnt18h,10.1111/ejss.12350,"The North Wyke Farm Platform: effect of temperate grassland farming systems on soil moisture contents, runoff and associated water quality dynamics",The North Wyke Farm Platform is a UK National Bioscience Research Infrastructure (NBRI) supported by the Biotechnology and Biological Sciences Research Council (BBS/E/RH/23NB0008).,,,,,"Beef cattle, steer - United Kingdom - 2020-12-31",economic,"Beef cattle, steer",number,True,True,False,True,False,True,False,True,True,False,True,True,True,True,True,True,False,False,False
m5zi1g7qxnqn,Field trial,"Permanent pasture - Itabela (Município), Bahia, Brazil - Field trial",permanent pasture,"Brazil - Itabela (Município), Bahia, Brazil",56uxpifxr_sh,T5,non-verified survey data,relative,_hx1rkzual0i,10.21475/ajcs.23.17.04.p3824,"The influence of tropical pasture improvement on animal performance, nitrogen cycling, and greenhouse gas emissions in the Brazilian Atlantic Forest",What about the fertilising data re pasture do we want this or not?,,,,,"Beef cattle, heifer - Brazil - 2017-11",economic,"Beef cattle, heifer",number,True,True,True,True,True,True,True,True,False,False,False,True,False,True,True,True,False,False,False
xpbf3bhu3ivp,,"Animal housing - G/HM-Ho - Normandie, France",animal housing,France - Normandie,yezo3xdquhkd,"Grass and high proportion maize silage in forage area, with cattle fed an Omega-3 supplement, Holstein breed. Annual milk production cycle, including all grazing and animal housing components.",modelled,relative,pusvmnivm1zy,10.1016/j.jenvman.2013.01.028,"Effect of dairy production system, breed and co-product handling methods on environmental impacts at farm level","Linseed cultivation taken by authors from Nguyen (2012), original data from France. Linseed processing from Bacenetti (2017), selected by us as a proxy. Authors have used daSilva for soybean cultivation data and dalgaard for soybean processing. Given these data are just proxies, we decided to omit them and just specify that the soybean meal is from Brazil.",,,,,"Dairy cattle, calf (weaned) - France - 2011",economic,"Dairy cattle, calf (weaned)",number,True,True,True,True,False,True,True,True,True,False,False,True,True,True,True,True,False,True,False
spnubbolkokv,Green farming system,"Permanent pasture - Rothamsted Research - West Devon, United Kingdom - Green farming system",permanent pasture,United Kingdom - West Devon,hg69ta4xyz-h,Green-2012,non-verified survey data,relative,lfvrcxbnt18h,10.1111/ejss.12350,"The North Wyke Farm Platform: effect of temperate grassland farming systems on soil moisture contents, runoff and associated water quality dynamics",The North Wyke Farm Platform is a UK National Bioscience Research Infrastructure (NBRI) supported by the Biotechnology and Biological Sciences Research Council (BBS/E/RH/23NB0008).,,,,,"Sheep, lamb (weaned) - United Kingdom - 2013-01-01",economic,"Sheep, lamb (weaned)",number,True,True,False,True,False,True,False,True,True,False,True,True,True,True,True,True,False,False,False
ab6ytc20qybj,,"Permanent pasture - New South Wales, Australia",permanent pasture,Australia - New South Wales,wufqv-xjz06m,Lamb production cycle for a regional average farm in New South Wales,modelled,relative,c3c-fbwxy2mp,10.1071/AN14647,Resource use and environmental impacts from Australian export lamb production: A life cycle assessment,,,,,,"Wool, sheep (greasy) - Australia - 2010",economic,"Wool, sheep (greasy)",kg,True,True,True,True,False,True,False,True,False,False,False,True,True,True,True,True,False,False,True
gkzvh5qiabmk,Blue farming system,"Permanent pasture - Rothamsted Research - West Devon, United Kingdom - Blue farming system",permanent pasture,United Kingdom - West Devon,yicqaf6dikra,Blue-2012,non-verified survey data,relative,lfvrcxbnt18h,10.1111/ejss.12350,"The North Wyke Farm Platform: effect of temperate grassland farming systems on soil moisture contents, runoff and associated water quality dynamics",The North Wyke Farm Platform is a UK National Bioscience Research Infrastructure (NBRI) supported by the Biotechnology and Biological Sciences Research Council (BBS/E/RH/23NB0008).,,,,,"Sheep, ewe - United Kingdom - 2013-01-01",economic,"Sheep, ewe",number,True,True,False,True,False,True,False,True,True,False,True,True,True,True,True,True,False,False,False
umbyyjm_ka-q,Site is a combination of both the summer (mountain) and winter (dehesa) grazing sites. Area is cumulative of these sites and the altitude and temperature are assumed to be averaged across them.,Permanent pasture - Spain - Site is a combination of both ...,permanent pasture,Spain,nutimaqzsrnj,Annual cycle of transhumant lamb farm in Albarracin (transhumance of herd to summer farm carried out on foot),non-verified survey data,relative,av57dkzgzdv6,10.1007/s11367-023-02135-3,Carbon footprint of transhumant sheep farms: accounting for natural baseline emissions in Mediterranean systems,"Cycles SED2, THT4 and THF4 have much lower DMI values per animal than the other cycles with no clear reason why; they may be errors.",,,,,"Wool, sheep (greasy) - Spain - 2009",economic,"Wool, sheep (greasy)",kg,True,False,True,True,False,True,True,True,False,False,False,True,True,True,True,True,False,False,False
6azi0wxyas75,Site is a combination of both the summer (mountain) and winter (dehesa) grazing sites. Area is cumulative of these sites and the altitude and temperature are assumed to be averaged across them.,Permanent pasture - Spain - Site is a combination of both ...,permanent pasture,Spain,h1ew7pvp10a_,Annual cycle of transhumant lamb farm in Albarracin (transhumance of herd to summer farm carried out on foot),non-verified survey data,relative,av57dkzgzdv6,10.1007/s11367-023-02135-3,Carbon footprint of transhumant sheep farms: accounting for natural baseline emissions in Mediterranean systems,"Cycles SED2, THT4 and THF4 have much lower DMI values per animal than the other cycles with no clear reason why; they may be errors.",,,,,"Wool, sheep (greasy) - Spain - 2009",economic,"Wool, sheep (greasy)",kg,True,False,True,True,False,True,True,True,False,False,False,True,True,True,True,True,False,False,False
roq8lfrdp7gf,,Animal housing - Italy,animal housing,Italy,qyj33ns5siz6,"Surveyed farms were ranked by the average milk yield per cow, per day. For the high performing herds, this was 25.4-32.6kg/cow/day",non-verified survey data,relative,xmxf7n1ihnuu,,Environmental impacts of cow’s milk in Northern Italy: Effects of farming performance,,,,,,"Meat, dairy cattle (liveweight) - Italy - 2020",economic,"Meat, dairy cattle (liveweight)",kg liveweight,True,True,True,True,True,True,True,True,True,False,False,True,False,True,True,True,False,False,True
spnubbolkokv,Green farming system,"Permanent pasture - Rothamsted Research - West Devon, United Kingdom - Green farming system",permanent pasture,United Kingdom - West Devon,44htfoh2ku3e,Green-2017,non-verified survey data,relative,lfvrcxbnt18h,10.1111/ejss.12350,"The North Wyke Farm Platform: effect of temperate grassland farming systems on soil moisture contents, runoff and associated water quality dynamics",The North Wyke Farm Platform is a UK National Bioscience Research Infrastructure (NBRI) supported by the Biotechnology and Biological Sciences Research Council (BBS/E/RH/23NB0008).,,,,,"Sheep, ewe - United Kingdom - 2018-01-01",economic,"Sheep, ewe",number,True,True,False,True,False,True,False,True,True,False,True,True,True,True,True,True,False,False,False
jdr04c_lowth,"Cerrado (Goiás, Mato Grosso do Sul, Mato Grosso, Tocantins and Minas Gerais states)","Permanent pasture - Brazil - Cerrado (Goiás, Mato Grosso do...",permanent pasture,Brazil,l7jd2kbigezp,"Beef, Brachiaria brizantha pasture (Scenario 2)",inconsistent external sources,1 ha,si5hdtbv8hly,10.1016/j.agsy.2015.12.007,Impact of the intensification of beef production in Brazil on greenhouse gas emissions and land use,"No end date for Cycle provided. Assumed to be 2014. Error in electricity unit corrected here (Table 5 reports values in kWh, not MWh). Mineral salts described as 60% CaCO3 and 40% Ca3(PO4)2 in the text. Age at slaughter from supplementary material, sheet ""B1, Herd composition"". Error in carcass weight (Supplementary matrial, sheet B1 ""Herd composition"") corrected here (see Joseph Poore edits). Vaccines used, but data not provided.",,,,,"Beef cattle, steer - Brazil - 2014",none,"Beef cattle, steer",number,True,True,False,True,True,True,False,True,False,False,False,True,False,True,True,True,False,False,True
tfslp1wpxaw6,,"Permanent pasture - Victoria (State), Australia",permanent pasture,"Australia - Victoria (State), Australia",dd_wobla0rwy,"Clover pasture plot, grazed by 15 lambs",physical measurement,1 ha,qjv9ii1cnmsr,10.1016/j.jclepro.2010.05.003,"Global warming contributions from wheat, sheep meat and wool production in Victoria, Australia-a life cycle assessment",Update with transport node once available,,"The goal was to compare the life cycle global warming performance of wheat, sheep meat and wool, produced in three adjacent plots: mixed pasture, wheat and sub-clover.",,,"Meat, sheep (liveweight) - Australia - 2008-02-01",economic,"Meat, sheep (liveweight)",kg liveweight,True,True,True,True,False,True,False,True,True,False,True,True,False,True,True,True,True,False,True
sllvf4q770dl,12 big corporations that account for more than 90% of the country’s total capacity.,Animal housing - Thailand - 12 big corporations that accou...,animal housing,Thailand,jbgp0jgmqjew,CB1-Parent farm 1,non-verified survey data,relative,jwwfj8vmju7j,10.15244/pjoes/68156,Greenhouse gas emissions of one-day-old chick production,,,,,,"Broiler chicken, hen - Thailand - 2011",none required,"Broiler chicken, hen",number,True,True,True,True,True,True,True,True,False,False,False,True,False,True,True,True,False,True,True
bk6w0j-94frr,"Mate Grosso country (Acroizal, Agua Boa, Brasnorte, Canarana, Chapada dos Guimaraes, Colider, Cuiaba, Gaucha do Norte, Nobres, Pedra Preta, Rondonopolis)","Permanent pasture - Mato Grosso (Estado), Brazil - Mate Grosso country (Acroizal,...",permanent pasture,"Brazil - Mato Grosso (Estado), Brazil",vxiok9abs22q,"Beef production - Mate Grosso country (Acroizal, Agua Boa, Brasnorte, Canarana, Chapada dos Guimaraes, Colider, Cuiaba, Gaucha do Norte, Nobres, Pedra Preta, Rondonopolis)",non-verified survey data,1 ha,vzffcjoouhcg,10.1016/j.jclepro.2015.10.072,Assessing the carbon footprint of beef cattle in Brazil: A case study with 22 farms in the State of Mato Grosso,,,,,,"Meat, beef cattle (liveweight) - Brazil - 2011",none required,"Meat, beef cattle (liveweight)",kg liveweight,False,True,True,True,False,False,False,True,True,False,True,True,True,True,False,False,False,True,True
gkzvh5qiabmk,Blue farming system,"Permanent pasture - Rothamsted Research - West Devon, United Kingdom - Blue farming system",permanent pasture,United Kingdom - West Devon,tbwsugf32k4l,Blue-2016,non-verified survey data,relative,lfvrcxbnt18h,10.1111/ejss.12350,"The North Wyke Farm Platform: effect of temperate grassland farming systems on soil moisture contents, runoff and associated water quality dynamics",The North Wyke Farm Platform is a UK National Bioscience Research Infrastructure (NBRI) supported by the Biotechnology and Biological Sciences Research Council (BBS/E/RH/23NB0008).,,,,,"Sheep, lamb - United Kingdom - 2016-12-31",economic,"Sheep, lamb",number,True,True,False,True,False,True,False,True,True,False,True,True,True,True,True,True,False,False,False
spnubbolkokv,Green farming system,"Permanent pasture - Rothamsted Research - West Devon, United Kingdom - Green farming system",permanent pasture,United Kingdom - West Devon,xabfy9qyfjme,Green-2018,non-verified survey data,relative,lfvrcxbnt18h,10.1111/ejss.12350,"The North Wyke Farm Platform: effect of temperate grassland farming systems on soil moisture contents, runoff and associated water quality dynamics",The North Wyke Farm Platform is a UK National Bioscience Research Infrastructure (NBRI) supported by the Biotechnology and Biological Sciences Research Council (BBS/E/RH/23NB0008).,,,,,"Sheep, lamb - United Kingdom - 2019-01-01",economic,"Sheep, lamb",number,True,True,False,True,False,True,False,True,True,False,True,True,True,True,True,True,False,False,False
gkzvh5qiabmk,Blue farming system,"Permanent pasture - Rothamsted Research - West Devon, United Kingdom - Blue farming system",permanent pasture,United Kingdom - West Devon,9_2i-uijctrd,Blue-2020,non-verified survey data,relative,lfvrcxbnt18h,10.1111/ejss.12350,"The North Wyke Farm Platform: effect of temperate grassland farming systems on soil moisture contents, runoff and associated water quality dynamics",The North Wyke Farm Platform is a UK National Bioscience Research Infrastructure (NBRI) supported by the Biotechnology and Biological Sciences Research Council (BBS/E/RH/23NB0008).,,,,,"Beef cattle, steer - United Kingdom - 2020-12-31",economic,"Beef cattle, steer",number,True,True,False,True,False,True,False,True,True,False,True,True,True,True,True,True,False,False,False
gkzvh5qiabmk,Blue farming system,"Permanent pasture - Rothamsted Research - West Devon, United Kingdom - Blue farming system",permanent pasture,United Kingdom - West Devon,s0c-4lhytwh3,Blue-2022,non-verified survey data,relative,lfvrcxbnt18h,10.1111/ejss.12350,"The North Wyke Farm Platform: effect of temperate grassland farming systems on soil moisture contents, runoff and associated water quality dynamics",The North Wyke Farm Platform is a UK National Bioscience Research Infrastructure (NBRI) supported by the Biotechnology and Biological Sciences Research Council (BBS/E/RH/23NB0008).,,,,,"Sheep, ewe - United Kingdom - 2023-01-01",economic,"Sheep, ewe",number,True,True,False,True,False,True,False,True,True,False,True,True,True,True,True,True,False,False,False
spnubbolkokv,Green farming system,"Permanent pasture - Rothamsted Research - West Devon, United Kingdom - Green farming system",permanent pasture,United Kingdom - West Devon,hg69ta4xyz-h,Green-2012,non-verified survey data,relative,lfvrcxbnt18h,10.1111/ejss.12350,"The North Wyke Farm Platform: effect of temperate grassland farming systems on soil moisture contents, runoff and associated water quality dynamics",The North Wyke Farm Platform is a UK National Bioscience Research Infrastructure (NBRI) supported by the Biotechnology and Biological Sciences Research Council (BBS/E/RH/23NB0008).,,,,,"Sheep, lamb - United Kingdom - 2013-01-01",economic,"Sheep, lamb",number,True,True,False,True,False,True,False,True,True,False,True,True,True,True,True,True,False,False,False
npey6yktxcnd,DairyNZ/LIC (2018) New Zealand Dairy Statistics 2019,Permanent pasture - Fonterra - New Zealand - DairyNZ/LIC (2018) New Zealand...,permanent pasture,New Zealand,brti2ptu_7rc,,consistent external sources,1 ha,a-zra9lig9k4,10.3168/jds.2019-17182,"Temporal, spatial, and management variability in the carbon footprint of New Zealand milk",,,,,,"Dairy cattle, cow - New Zealand - 2012",economic,"Dairy cattle, cow",number,True,False,True,False,False,True,True,True,True,False,False,True,False,True,False,True,False,False,False
ta9kepmsiqqx,,"Agri-food processor - São Carlos (Distrito), São Carlos, São Paulo, Brazil",agri-food processor,"Brazil - São Carlos (Distrito), São Carlos, São Paulo, Brazil",7vdyrhy2ntqc,DMS animal to meat,physical measurement,relative,kv1m1hpv86fl,10.1016/j.meatsci.2018.01.019,The effect of grazing system intensification on the growth and meat quality of beef cattle in the Brazilian Atlantic Forest biome,,,,,,"Meat, beef cattle (cold dressed carcass weight) - Brazil - 2014",economic,"Meat, beef cattle (cold dressed carcass weight)",kg cold dressed carcass weight,True,True,True,False,True,True,True,True,True,False,False,True,True,False,True,True,True,False,False
,,,,,oxxouyujnggf,"Select merit cows (sired by bulls with high predicted transmitting abilities for fat + protein yield), in novel home-grown system (all feed grown on fam using legume protein sources, animals housed for one period each day)",physical measurement,relative,bnflkfcuuetx,10.3389/fsufs.2021.588158,Effect of Nutritional Variation and LCA Methodology on the Carbon Footprint of Milk Production From Holstein Friesian Dairy Cows,"Suspect that the diesel, electricity and petrol use recorded is for the full system (i.e. including for growing fodder crops on farm), as opposed to simply the animal rearing cycle (pasture and housing) under which it is currently recorded. Author has been emailed to ask for disaggregated data (incl.  more specific data on crop cultivation), but cannot supply this at this time. Quantity of meat/live animals sold as co-products is also missing. The study states that ""a whole farm approach is taken and emissions are allocated between milk and meat using no allocation to meat and 100% to milk"".",,,,,"Milk, cow, raw - United Kingdom - 2015-12-01",none,"Milk, cow, raw",kg,True,True,True,True,False,True,False,True,True,False,False,True,False,False,True,False,False,False,False
vdg5bgnd3hl2,Red farming system,"Permanent pasture - Rothamsted Research - West Devon, United Kingdom - Red farming system",permanent pasture,United Kingdom - West Devon,9qa3pn-kxwxx,Red-2021,non-verified survey data,relative,lfvrcxbnt18h,10.1111/ejss.12350,"The North Wyke Farm Platform: effect of temperate grassland farming systems on soil moisture contents, runoff and associated water quality dynamics",The North Wyke Farm Platform is a UK National Bioscience Research Infrastructure (NBRI) supported by the Biotechnology and Biological Sciences Research Council (BBS/E/RH/23NB0008).,,,,,"Beef cattle, calf (male, weaned) - United Kingdom - 2022-01-01",economic,"Beef cattle, calf (male, weaned)",number,True,True,False,True,False,True,False,True,True,False,True,True,True,True,True,True,False,False,False
